41880.6,37552.9,33188.6,34714.4,30832.1,29932.7,33395.2,31941.8,28216,29680.5,28516.2,33334,27812,31288.2,29079.9,33065.1,27560.9,30994.1,33152.8,32428.2,33762.6,32198.3,30001,28316.7,33309.1,33715.2,31936.2,29991.2,31515.9,31498,31019.2,34273.2,29072.9,29123.7,33299.2,30906.9,32167.6,32196.5,30684.7,29986.9,28454.9,32779.5,29852.1,30483.9,32066.5,29930.6,33991.3,31483.5,33291.7,30621.2,31613.2,32121.7,30203.5,33037.9,30500,33721.2,32398.9,33414.1,33450.2,29019.6,29872.6,32694.5,32374.2,30240.3,29152.5,31679.4,32410.2,33446.8,33419.8,29437.3,29836.9,32760.8,29115,29023.7,30583.4,33925.6,33766.7,32276.7,32002.6,29055.9,28902.9,30265.5,32711.1,33676,31984.8,34328.1,34038.5,32567.2,33857.5,30226.6,30708.3,30465.7,33736.9,33812.4,35359.2,32918,35091.8,31184.2,34358.4,30449.6,31951.1,36820.6,31904,32628.1,31606.3,30479.5,35104.1,34635,31097.7,32173.5,31219.4,32847.8,33539.8,37352.8,32854.7,37153.5,36495,34978.7,32009.2,35488.8,32279,34929.4,32058.8,35739.7,37320.1,34166.1,33252.9,36030.8,36906.5,36628,35970.5,34648.7,34469.1,36201,34877.5,31658.8,30781.7,35598.4,31221.2,32270.1,31113.2,29851.9,34532.9,35884.3,31710.7,31238.4,30280.2,32626.9,33269.4,33952.1,31782.9,35908.6,35927.4,31153.7,30902.6,34828.7,33813.5,32824.6,31601.9,36258.2,34097.7,32386.5,35601,36928.1,32504.3,36720.9,33034.1,32883.7,36989.3,33891.2,34474.9,33730.2,34101.8,37645.6,32509.6,36183.1,32750.5,37074.9,34843,33509.1,32132.1,34457.4,31551.9,35366.6,32201.4,33224,36311.7,37115.2,36080.5,31865.9,35264.8,32358.4,32572.2,37031,33197.7,36830.7,34084.2,37946.4,32790.5,33621.6,33691.9,38250.3,35948.1,36364,32791.9,34104.4,35204.8,38303.6,32617.6,36988.6,33071.2,34333.5,38563.2,34008.2,32528.9,33729.7,34654.2,36223.5,37093.7,35940.4,35095.3,34883.6,33700.8,37101.3,34889.2,34683.8,36394.4,33026.9,31759.6,34940.4,36616.7,36694.1,36325,33396.8,33303.9,33774.9,32268.8,31861.7,34416.8,35437.7,35424.8,36499.4,33659.9,36325.1,35754.1,31797.5,34113.8,31806,31381.2,37071.4,34234.8,37357.4,35664.7,35234.7,31270.2,32130.3,32847.4,33133,32511,32858.9,36533.8,34697.8,31256.1,33351.7,35401.8,32951.3,34548.4,33720.4,37026,32415.1,33163,37246.4,34156.3,31392.4,31301.3,36810.5,35861.4,37010,34019.6,35242.2,33204.9,31446.6,32966.3,36174.3,31193.5,30409.9,31897.8,30591.7,31356.6,35410.6,34468.7,36231.9,31477.9,37231.6,32388.7,36569.3,34898.6,32629.6,33020.7,31240.4,35963.8,31405.3,30553.3,31483.8,32151,36623.1,32935,35030.6,35196.5,30799.9,36275.4,35279.7,36901.2,31650.2,31406.8,34866.9,36270.7,37520.8,33696.6,35512.9,36930.7,32945,31612.4,35932.8,31785.6,37395,34272.3,36757.7,34120.4,37408.9,32876.2,35606.8,36222.3,36518.9,32050.7,31674.5,31898.7,34942,34162.9,35007.3,32780.3,34632.5,33343.6,35899.9,36852,31318.2,33917.7,36584.3,31768.3,32230.3,30867.1,33193,35200.2,31588.3,31454.6,31525.4,34338,33190.7,30435.8,28627,31136.6,33543.7,33816.2,32431.9,33998.3,31218,31812.6,34142.7,34103.9,35583.2,31632.7,31517,29053.1,29403.1,32524.1,31875.8,35329.1,34736.1,32099.8,30763.9,35667.7,34871.8,33952.3,38592.6
34149.6,33363.3,31434.8,25317.5,28867.8,27617.7,23632.6,24907.2,25022.3,25849.3,24537.7,24207.9,24312.3,22736.8,27921.3,24430.2,22721.1,23911.1,25585.5,24477.1,26302.1,22961.2,22431.3,22311.5,27262.2,26273.8,27045.4,26893.5,28972.9,28848.5,26622,28960.6,29444.4,29147.4,26369.4,24839.4,26157,29336.1,25914.6,23606.7,23989.2,29113.9,27501,26135.4,25514.7,26895.3,25585.9,26964.3,24253.8,24707.1,27427.9,24423.2,23920.3,23733.2,25920.8,28557.9,25361.2,28883.5,26282.3,22696.6,23164.2,26676.1,25074.5,27052,24940.6,23132.5,24151.2,25983.7,25254.9,28064.8,25723.5,28532.5,23678.1,24389.6,24391.2,28508.1,29013.8,24512.5,26337.7,26517.3,28988.8,23759.3,23691.9,24300.3,24335.3,24624.5,27961,27778.5,24768.9,25691.9,25012.3,29837.6,25919.6,28065.6,27505.6,24619.7,25728.3,29988.5,25430.5,28389.7,31256.3,29488.6,30553.2,27582.9,25628.7,31373.9,25770.8,28762.7,31564.3,29885.9,27908.6,31437.6,30624.2,29440.7,29940.1,28699.4,30344.9,28754.4,27491.9,27108.7,26930.2,31657.2,30525.4,29690,29335.1,29677.2,29206.8,28307.4,30706.6,31801.1,31366,27968,29166.2,28927.7,27947.9,28021.9,29359.4,25783.6,27158.3,25729.9,26237,27012.3,25157,24641.9,25412.4,26831,27787.3,28559.8,29539.6,29265.1,28450.4,30988.8,29641,27249.3,28377.9,29437.5,27699.3,28039.5,29501.3,28387.7,31256.2,28472,26874.6,25550.2,26973.9,29364.9,30753.1,26725.1,30500.6,32512.6,27126.9,26951.5,31090.6,26276.1,29825.4,28027.6,26466.7,32103.6,30264.8,31553.8,30291.1,30208.9,26711.7,32329.6,28605.2,26538.6,31088.5,30310.2,28538.3,31479.3,26209.1,30835.7,32351,27088.7,26615,29525.5,33478.4,31962.8,31370.7,30503,28790.2,27883,31938.1,28193.4,32540.6,30991.8,31840.3,30979,30005.1,32748.4,31198.6,28320.1,28761.7,28655.7,33220.6,28662.5,29849.1,31368.7,29815,26160.7,26494.5,27263,31516.7,30608.3,29314.5,26616.5,31748.7,28683,31750.5,29332.5,26564.3,28462.6,28009.7,28513.8,28274.8,30082.3,31781.8,29749.6,29241.8,26188.3,26279.6,29762.2,32180.6,28435.9,30664.7,30943.3,27856.5,29446.9,29837.9,29612.9,26485.1,29328.6,25780.1,26010.7,30315,29514.8,31542.1,30322.5,26448.8,27142.5,31214.6,32100.1,25715,29996.1,27639.5,27539.2,29624.3,28299,31770.8,31243.8,31740.4,29888.6,29671.7,27623.6,30168.1,29067.1,30760.5,27267.7,31233.7,28907.2,29544.7,26920.1,28097.7,27312.7,26546.5,31433.8,31706.1,28664.8,25510.1,29412.3,30403.8,29009.5,30006.8,25971.2,31351.5,30208.5,31948.9,27600.8,27031.4,29609.1,31698.9,30134.7,31551.9,27720.8,29432.9,30380.1,31503,26485.1,29396.7,31872.2,29568.2,31218.5,32049.3,27121.4,29931.1,28494.3,29894.6,28409.4,27704.5,32274.3,32698.3,29720.6,27071.2,28409.4,28097.8,28293.9,28792.1,31210.3,31968.6,30040.4,26443.6,27144.6,27796.3,30195.8,25834.8,27742.6,29092.8,28557.1,30551.4,29058.1,28197.4,29323.9,26985.4,28772.8,29088.1,27299.6,27700.1,25251.2,24888.3,24964.7,25924.4,28307.2,28571,29569.3,27921.3,25007.5,25005.9,28546.1,22986.1,28185.5,27588.4,24233.4,25089.1,22922.4,22839.7,25946.3,28689.6,27286,25186.5,25217.3,27231.5,24080.1,26325.2,30601.3,29804,30271.4,29362.8,29839,28465.8,26732.4,25794.5,30340.9,30470.3,35546.5
34128.6,29886.9,27169.5,27201.1,24527.2,22978.3,22276.3,23936.5,25572.3,22814.8,24488.7,23331.1,20846.7,21844.7,23196.8,19958.5,22218.7,20500.6,23384.7,25011.7,20120.3,22648.1,23415.6,24808.1,22058.3,24520,21805.6,19523.8,20442.5,20661.7,21130.7,20388.1,20725.2,21877,24820.6,20680.5,23476.9,20770.5,25388.4,20626.1,20143.8,24285,24624.2,25644.2,22128.4,24878,25380,23519.3,25231.5,22274.2,23588.2,19415.7,19699.1,23456.5,23789.4,21055.3,25746.2,22926.6,21038.1,20332.1,23276.2,19449.6,22937,23961.4,25690.5,21281.2,25136.3,19957.3,19537.4,23212.8,19586.7,24094.6,25949.6,24588,24522.3,23710.8,25088.7,20181.8,22040.4,19955.6,25030.8,25908.5,20239.1,20262.1,24440.5,20216,23080.1,21851.3,24382.7,26438.5,25800.4,24052.4,25684.2,25367.9,22990.2,27499.6,21313.3,21999.9,24933.6,26410.3,26848.8,22645,23827.4,22975.6,22813.4,22742.6,23561.4,22507.9,25868.4,26852,23994.6,26871.2,27457.9,23567.9,26078.8,28509.8,28243.1,28579.1,27097.2,26199.9,26524.6,24539.7,25307.4,27029.2,23490.7,22666.9,28534.6,27627.8,28639.1,24388.6,28751.5,27353.7,22874.1,22660.9,27859.2,26525.8,25014.3,25992.7,22896.9,24423,25065.4,22305.1,21797.3,26357.2,26684.6,21745,25432.1,21397.3,24774.9,24350.3,27651.7,24874.5,27226.8,22945.3,20564.4,22190,25332.2,22296,27829.5,22586.9,23499.7,24040.5,27309,27634.5,25001.6,22460,28021.6,28580.3,26824.6,23700.4,27904.5,26701.7,27998.8,26645.2,28409.2,24852.3,28142.7,24841.3,23407.7,24301.4,23421.9,24703.1,26647.7,23301.2,23984.8,25235.9,25116.3,25247.3,22507.7,25263.9,24375.4,28147.9,22680.2,27121.9,27046.6,24364.2,24848.3,25519.5,25923.6,27736.8,29746.3,28517.7,24225.2,26377.8,26003.1,26176.3,26603.5,27660.8,26610.9,25770.8,27371.6,23618.7,27386.5,29277.5,23548.3,27786.9,26219.2,28278.2,28842.4,24014.5,28430.7,24655.2,28825,28381.1,23943,26951.2,27631,28130.7,23858.5,28179.5,23303.9,23049.8,25951.2,25471.8,23501.4,27818.5,28353.3,24620.6,24497.7,23130.1,22662.8,26567.5,25739.3,27244.7,27756.3,22856.4,24007.8,22354.2,26881.3,28823.5,26805.3,22416.9,24021.9,25702,22575.9,28707,25141.4,22596.4,26831,23018.9,23306,23538.3,23048.5,27779.7,24464.8,28044.4,25645,28398.8,26970.8,25087.3,24291.3,29004.6,22284.3,27054.1,24295.5,28024.7,28206.3,22160.6,24277.7,23281.8,23182.6,26374.1,23221.5,24774.5,22461,21580.3,27993.6,25235.8,24206.3,26642.9,22907.2,27348.1,25671.4,26803,27499,24160.3,22557.8,27628.3,28449.5,26727.9,22461.4,27235,22068.8,24624.8,28099.7,26937.3,21629,23596.8,25471.9,27714.3,28068,23181.8,25988.3,23390,28320.3,23131.4,23011.5,29104.2,23213.6,22798.3,26839.8,24662.6,24085.1,26471.4,25159.5,29414.5,25124.3,23834.6,28332.9,23734.7,26623.8,22472.9,22494.7,23561.4,27081,26340.9,23322.6,23986.2,21994.2,22130.7,22857.3,25641.6,25697.1,24276.3,23211.4,23316.4,27497.2,25930.2,25932.4,27356,26154.4,21420.4,22422.1,22828.2,20554.8,21583.1,24929.1,23395.7,24427,22369.3,21334.9,23782.1,23579.8,23909.2,23671.4,21420.9,23997.9,20728.8,20705.1,25172.1,23504,21088.9,24278.7,24873.9,26624.7,25083,23780.7,22889.8,22548.2,24147.9,27033.2,24256.4,26953.8,34985.1
31050.3,30602.5,24441.7,20258.7,21390.7,19438,21715.5,20501.2,21459,22204,21973.8,21212.7,19592.1,18972.7,23255.6,17039.4,16970.7,19450.7,20547.9,17449.3,22024.6,18727.7,19853.8,20023.6,17280.6,22017.4,21847.1,21940,18992.9,20090.7,21412.7,23529.5,19044.4,21748,21731.4,20939.5,20569.2,18389.3,22583,19587.2,22656.2,22325.3,22825,17969.1,19352.9,18864.1,21742.8,19469.3,21932.9,17829.5,17916.5,22871.9,20551.1,18254.4,19148.4,21265.6,19765.4,23174.1,22614.3,19961.2,20952.6,19265.9,17401.5,22447.5,21450.3,22702.6,23574.5,20428.3,18882.7,20018.1,19672.1,19874.3,18916.8,18586.6,18692.1,20229.8,22581.9,21434.2,18186,18292.2,18207,20986.7,20301.8,18588.3,19718.4,18915.7,22357.3,22500.1,21183.6,24063.2,20722.7,18960.9,19874.2,19955.1,18494.9,21914.4,23573.5,21698.3,23041.1,23157.1,24253.2,19532.8,19872.6,19040,25320.7,23363.1,22785.8,19754.7,20485.3,21167.1,21469.3,23405.7,23552.2,25633.9,23944.5,19537.8,25434.8,24856.2,19905.5,25872.8,24038.7,20933.8,19669.9,23602.1,22975.8,25060.8,21257.8,26010.3,25435.8,21775.2,25439.5,22738.2,21910.1,24416.3,24764.4,21135.7,22155.1,24087.5,20233,23560.3,20652.5,22768.6,23952.7,25334.2,23811.6,20479.8,20051.2,21766.1,24645.7,25103.1,23184.1,23004.5,20287.6,22670.5,22103.3,22631.6,23682.5,24481.1,24810.1,22650.1,24073.9,26220,24378.6,22353.6,25248.4,21983.3,24947.3,20433.4,22446.5,22598.2,22716.2,21391.3,23843.3,26233.7,26435.4,21639.9,26237.8,23342.4,23075.1,23283.7,25354.6,20320.6,21044.2,22676,23294.6,24087.8,25496.8,24312.2,24371,26315.4,25186.4,23846.5,22487.2,22511.9,24082,25269.5,25425,27344.9,25046.1,26615.5,24407.4,25095.4,25232.9,26412.2,24517.8,24468.6,26695.5,26101.7,23750.9,21416.6,24257.1,22004,22776.6,23953.5,21080.5,24044.5,21818.4,24605.7,22357.8,23342.7,23323.5,22302.8,25801.5,20683.9,21810.1,22089.8,21646.9,23921.7,21145.8,20703.9,19804.5,24362,25314.1,23153.2,25841.5,23955.4,22204.3,25013,19887.3,24341.6,22684.8,21973.3,26051.9,25791.9,26224.2,25349.1,25655.3,21721.2,25631.6,24206.8,21951.5,22742.2,21700.3,23073.6,22175.7,22081.1,26273.5,25694.7,20424.9,24613.6,22277.8,24885.3,19910.3,21263.5,24600.2,20195.5,22653.5,26675.5,24771,20421.8,21572.1,26307.5,23117.5,20543.2,22269.3,23624.7,22298.6,25151.1,25465.4,25712.1,25065.4,22425.3,20982.7,23658,21370.9,25452.6,22455.4,24791,25108.7,22900.8,23361,21183.8,21015.9,20136.2,23120.1,25760.3,23863.6,22840.4,22532.8,24002.6,22152.7,23955.3,21289.5,20193.8,22322.7,25860.7,23334.5,23783.6,22033.5,21494.9,21086.4,25668.9,20561.7,22076.7,24376.3,22078.9,20913.5,20268.6,23890.7,20831.6,22404.3,21380.3,25087.4,25808.8,21152.2,23078.4,26148.6,24198.4,25036.2,20740.2,20683.5,23661.3,22268,26607.2,24865.8,26351.7,24220.2,25362.7,23108.5,21468.1,19553.4,21628.3,19952.2,23163.6,22056.5,20517.5,23717.3,24596.1,23863.4,23943.6,21246.5,21243.6,18991.5,24397.3,23053.1,23188.6,24242.8,18473.9,20640.6,19038.9,17563.1,22272.1,17365.4,21700.1,20352.5,18919.2,19272.5,20149.1,22010.5,23606.2,20753.4,18812.8,23415.4,24506.6,18094.1,18731,20095.9,22773.8,24215.8,20228.1,21164.8,27809.9,27573.1,32046
33146.9,24824.5,26515.8,19108,18087.3,18370.4,20888.3,18580.5,18767.8,20601.1,16486.1,17365.2,18163,21437,21515.1,17194.4,17116.2,21456.7,20448.6,21165.3,17860.9,19056.4,17908.8,20997.2,21977.8,18434.9,18002.2,19749.3,20211.5,16682.2,21808.6,19087.8,19683.4,18214.6,18171.3,22949.5,18540.9,19943.6,22793.8,17833.2,17731.6,20763.1,16273.1,17019.2,18600.4,18955.5,20740.2,18538,22088.8,18345.3,19350.2,19818.3,16501.5,19243.8,18660.4,17669.6,17509,19779.5,18873.3,22007.8,17929.1,18917.5,21051.3,22090.2,17517.5,21104.1,21543.3,21974.6,19218.4,18809.7,21279.5,17842.7,20195.6,20293.1,17311.6,18066.4,21668.7,22023.8,17237.8,22030.1,19831.9,21815.5,22471.9,20293.5,17514.5,18916.5,20954.1,18378.2,18423.1,18776.1,20391.4,20052,20102.3,21455.8,22512.3,21802,20105.2,20786.5,20572.1,20200.8,23620.2,20704.6,19997.7,23471.3,23165.6,23514.1,20273.8,17696.4,22096,20405.4,18853.9,21845.9,22660.9,24130.1,24275.1,24466,20295.1,19038.2,19445.4,18391,18092,19839.3,18712.4,23897.5,22153.5,21841.3,18258.4,22391.4,21883.2,22281,21610.3,21868.7,23120.1,21082.2,23465.4,22431.3,18218.6,18747.4,21388.1,19140.1,20035.4,18687.2,17853.6,21987.2,21963.4,20870.2,21521.7,23368.9,20461.3,23899.2,23549.2,18051.3,20097.7,21263.7,22057.5,22202.5,20362.1,20539.7,21387.8,20353.5,19613.9,22545.7,19307.2,22248.8,24172,19411.1,22295.7,19699.8,24012.1,21987,24311.3,19859.6,22281.7,23720.9,20916.7,21364.1,19185.1,25266,22095.5,20655,19933.5,21039.7,19740.3,19302.6,25033.8,23593.5,21010.7,21514.9,19714.4,22242.3,23645.2,21413.5,25099,21915.4,22238.8,23783.5,23036.5,25767.8,23757,19816.1,23103.7,23108.2,25032,23592.9,20294.9,22829.2,23018.8,19822.8,22850.1,25752.6,22629.2,22427.6,23371,21055.4,20140.4,25348.8,23496.2,23531.1,24536.6,20985.4,22058.1,24541.7,21226.6,19836.7,19954.1,19177.4,20284.3,24792,19882.6,21939.8,18645.5,21860.3,23442.2,20221.9,22802.8,23676.2,18965.6,18801,24808.3,19457.1,18626.9,18749.1,20546.7,24438.5,23622.7,24995.3,23566.2,22540.7,23044.9,21813.2,23600.1,21908.8,24900.7,18931.4,20297.6,23825.8,22312.5,24396.6,23963.2,21333,22565.3,20938.5,23747,20310.3,23167.8,24955.4,21902,20569,19490.2,20694.6,24214.4,21030.5,22308.7,19775.6,24129.7,22900.5,22269.8,20530,22263.5,20223.6,20006.6,23311.5,20073.1,21507.5,22932.8,22752.7,20434.1,18320.7,21821.5,20595.2,22679.2,18386.2,24502.4,24509.5,20026.9,22208.4,22303.5,24442.6,19590.1,22164.2,21067.3,23542.4,23934.1,19383.8,23925.9,23620.5,21176,19208.1,18684.5,24187.3,22181.1,24017.5,21479,19850.8,24485,22713.3,23026.2,23308.1,19967.1,22554.4,21401.6,20601.7,24522.8,25161,20423.3,24042.8,20290.4,19485.2,25266.9,18986.1,24643.7,18801.2,24807.1,18891.9,22631.4,20755.8,21476,22212.5,20940,24519.7,18578.6,18273.4,24710.3,20966.7,23236,19727,19642.9,23771.8,24081,23729.4,19998.9,21471.5,20479.3,21089.5,20621,22073.5,19840,18199.8,18873.3,16313.5,22079,16313.1,22023.1,19319.7,17113.9,15822.3,18047,16196.8,19712.6,18445.1,17358.8,16621.2,23072.7,17018.1,18279.8,20063,21076.3,21488.8,19903.4,22170.2,25006.8,21329.9,24104.1,32157.5
34212.2,29642.3,21132.9,18845.1,18371.8,18761.4,17815.4,15471,21325.4,17643.9,17042.6,20090,17222.6,15411.7,19486.3,16242.1,17835.5,18644.3,21085.3,20021.9,19527,15962.7,16350.8,20740.6,16273.5,18645.3,19103.6,17004.3,18893.1,17193.4,18878,19379.2,19247.8,16043.4,17052.1,19286.7,15682.7,16418.5,21421.9,15781.6,15589.9,16700.9,19684.2,18266.8,19217.9,19833.4,17728.8,19661.3,18571.8,20200.5,21133.1,19677.6,17459.4,15795.2,20324.3,15496.7,17891.3,19459.1,20011.1,15620.8,21323.6,20552.1,20405.3,18184.6,20032.8,17552.7,15705.1,20583.4,20330.3,17939.2,15113,16462.5,15267,18432.1,18194,18279.6,18498.8,16634.3,15834.1,18125.6,15516.7,20174,21630.5,18650.7,20624.6,16199,18603.9,20583.7,20061.7,15718.6,17458.5,21629,18752.2,22364.6,17477.2,16232.3,18931,19842.7,18487.9,19613.8,17790.6,22788.6,17029.6,19379.2,18049.9,20183.8,18266.3,17472.5,22177.3,17216.7,21963.1,21061.6,22533.7,23043.2,20657.6,20261.3,22688.1,18389.6,23025.3,23280,20776,21359.7,22412.4,20043.5,18568.4,22928.9,18302.6,18774.3,18720.1,22958.5,20682.2,18547.4,20068.7,19339.2,19240,17996.2,19372.1,22220.5,17347.1,20433.9,21371.1,17455.2,18001.5,17916.8,20388.8,20369.1,19394.3,19159.9,21639.4,22598.8,19844.9,19181.8,17756.2,22056.3,20358.8,21537.1,17596.8,19942.8,20063,19709.6,22988.6,18906,20850.3,22119.8,21989.1,22860.2,22027.3,21301.6,19368.7,21581.2,18359.7,23478.4,19612,20000.4,21020.3,21356.7,22982.2,20911,24145.6,21962.9,18106.5,21302.4,19303.4,20129.6,20397.5,24102.4,18650.9,23833.6,21968.4,19991.1,23974.1,20848.8,20919.9,20678.9,19845.2,18756.7,19260.7,23534.8,18386.1,24268.4,19570.5,20768.9,21487,23795.9,21152.2,19046.4,23236.4,24372.2,19644,23203.6,22733.1,18987.5,22071.8,20343.8,22067.7,20481.7,23295,18242.9,19740,23821.4,19621.8,21928.6,21693.6,22626.6,21299.5,22942.4,18982.4,22765.9,21961.8,23410.3,20828,22210,20941.1,20505.7,18140.7,19720.6,22221.8,21291,18285.8,19045.9,22342.3,21454.9,22630.6,24095.9,18042.2,21722.4,23304.2,23012.1,19921.2,23785.5,23318.5,21247,20458,21431.7,21753.5,19447.4,23482.5,21471.9,21419,21332.8,20902.4,21241,19154.3,19580.2,21116,20039.2,23412.6,19921.8,22883.8,21577.3,22789.4,19343.9,18098.3,18517.4,22235.8,20223.8,20416.1,22335.7,22180.2,19090.2,19765.1,22104.5,19886.5,17714,18716.6,19652.8,20648.9,18235.8,20383.9,20241.6,23239,21174.8,19344.5,18606.4,19781.8,17442.4,19436.7,21210.3,22418.1,20040.1,21585.7,23796.6,20180,22144,17620.6,18847,18698.9,22890.9,22072.6,19850.5,18888.3,18882.5,20449.6,17584.7,18724.4,23435.1,21852.2,21736.7,22910.3,23785.1,20944.6,23244.5,24341.1,19109.1,21186.4,21823.3,24263.9,23917.7,18726,17886.1,18674.8,18032.3,23483.5,21598.2,22768.1,23929.2,20912.6,21102.7,21986.8,19014.6,23143.7,20106.8,20221.3,18325.4,21240.7,19031.5,19378.9,23265.7,20915,18313.3,20005.1,20724.5,19089.2,20713.8,18066.5,16720.5,20421.7,15621.8,17731.5,16491.2,18093.8,17704.2,20670.3,18658.2,19954.8,15273.7,17652.7,21894.2,21770.2,19278,20778.1,15430.6,15413.3,17780.1,17967.5,17275.2,22322.6,19485.4,16908.3,18089.3,19031.8,25835.7,23912.2,34402.9
28961.2,26245.6,22086.1,18481.3,21398.4,16299.7,19950.7,18378.2,17479.5,15253.5,18495.6,17885.7,19835.5,15702.8,18380.8,14880.1,17268.2,17869.1,19008.2,20035.6,19763,19967.7,15952.7,17345.7,19597.1,20364.2,20006.1,17974.6,19648.5,19628.1,21244.3,19538.5,18791.8,18030,19670.5,19572.9,17435.1,16213.5,17647.2,17285.5,19373.3,19984.7,20625.7,20684.4,19025.5,17508,15403.5,19472.4,17331.3,16466.2,20077.1,19539.9,18827.3,17413.3,16533.6,15505.7,17923.9,18211.3,19269.6,16050.5,20557.9,19898.1,17160.4,14624.9,16239.2,14979.4,19187.8,17071.7,15271.4,16859.4,19293,17638.1,15025.8,14902,18401.9,16633.3,17054.1,16379.4,18176,15175.9,18003.9,20914.6,18113.5,18859.1,21046,19382.4,20901.2,20035.3,17092.6,17788,20474,16738.6,18067.8,19872,19731.4,18055.9,22143.6,19395.2,20015.4,19951.2,18513.9,20267.7,19438.5,18581.2,17441,20922.8,17125,17915.5,16121.8,22475.2,19163.8,16748,20518.8,22725.1,22644.4,19099,21609.4,16516.5,21643.8,19232,20894.7,21596.7,17297.7,16920.2,18408,16936.7,22009.3,22230.2,18031.1,22544.8,21054.2,22119.7,20122.3,17767.8,20830.7,19543.4,16026.8,21696.5,17249.4,19645.8,21909.1,20161.4,17586.9,17421.1,20607.8,21885.3,22063.7,16107.6,18598.1,21658.4,19890.8,20366.2,17819.1,19288,20960.1,20037.9,19158.3,21653.8,21095.6,18750.9,17321,21459.6,18116.7,22260.1,20853.2,21501.2,20410.9,19289.3,18897.9,22984.7,21123.8,21981.3,19572.9,19659.4,23598.3,22526.7,22185.2,17392.4,23544.6,22680.3,21642.2,22911,19730.9,19479.6,19159.9,21843.2,19297.6,17762.4,22914.8,17906.6,19717.3,19531.3,22719.5,22906.1,22392.8,19644.6,18750.4,23151.9,19977.5,24216.2,22137.9,21828.2,18959.3,22476,19241.9,19889.3,22027.5,19647.1,20316.7,24160.1,19134.1,19745.7,22208.7,18239.1,22591.7,17976.2,22313.4,20886.6,20026.8,23298.4,23031.1,19017.7,18585.5,18722.7,19323.6,19771.1,20800.6,20185.2,18884.9,18778,16717.2,20027.4,21251.9,20476.9,17001.3,17376.9,20627.8,20243.1,21231.6,23343.1,23173.8,20122.1,22225.9,23465.1,22397.8,19475,20321.9,18662.7,19548.2,21537.1,21644.3,17813.8,23132,20047.7,19282.2,17831.9,16878.9,22545.8,22815.5,17383.8,19887.6,20323.9,20302.2,21877.4,20738.3,17424.2,21836.6,22933.2,20757.7,18002.4,18088.5,19187.3,18869.2,17788.7,18457.9,18157.6,21412.7,17817.7,20336,19256.1,20676.1,18619.2,21505,22423.1,18229.7,17972.9,19879.9,21130.4,22482,17987.3,22188.6,19805.1,20272.4,21036.5,19076.2,22946.2,22981.2,19703.3,19788.4,20355.5,16815.6,17947.4,20729.2,17108.1,17803.8,19115.3,18719.9,22695.6,18385.2,18363.6,16515.7,22651,21459,17607.3,18967.7,22337.8,18632.3,18957.6,18362.3,17741.5,23519.3,23566.4,22289.9,20985.2,19365.9,19155.9,23249.7,23778.4,20588.1,18936.8,19597.1,18133.3,19066.9,22110.9,23521.7,23460.4,21507.3,21300.3,17328.4,21350,18122.1,18834,21488.8,19031.6,20520.1,21660.6,21454.2,19004.1,20844.3,19764.9,16233.5,17298.8,20409.1,20424.8,16508.1,20636.4,16830.6,21367.6,20446.8,16928.6,20528.9,18949,17248.4,15812.6,17637.6,18912.8,18401.6,19406.9,20661.6,20693,21693.3,21662.7,19505,21419.5,19173.4,16307.9,17141.6,18729,22123.7,16578.1,18015.2,22036.9,27534.2,34697.9
31252.6,26635.8,24691.4,20898.1,22218.5,20842.7,20938.1,19115.2,14572.4,14525.7,16893.9,16515.7,15291.8,18577.1,19394.6,14407.2,18458.7,16675.8,19995.7,14733.4,14396.3,15199,17014.1,17021.6,17140.3,18341.4,19955.7,19242.3,15949,20625.7,16366.5,20808.7,17932.2,17912.4,16872.9,20780.3,20645.6,16341.4,19284.6,20125.3,15250.5,17252.3,20864.3,17175.5,19327.7,14860.1,20214.3,18117.8,19093.5,19761.2,15542.4,15934.8,19277.5,14624.3,17936.5,14614.2,16282,15998.3,19075.5,14777.2,19263.8,16365.1,18300.8,14211.2,16138.6,19760.8,17849.2,16000.5,16807.4,19429.5,19716.2,14310.3,19585.2,18953.5,17224,15643.4,20531.2,16291,16353.1,17992.6,17824.6,16727.2,14645.2,14429.8,15860,20946.6,14932,14776.5,16664.3,19224.9,21126.8,17693.3,17222.3,18676.8,17982.9,19476.2,20582.7,20822.4,15644.6,20289.8,16665.6,19599.6,21635.6,21199.2,18264.8,18648.3,17530.3,21051.7,21234.5,19006.5,22628.5,17820,22329.3,20623.4,19636.7,19637.2,22409.5,17354.5,18153.7,19407.4,16282,21704.9,18947.4,16110.5,21174,17744.2,21597,21274.2,21805.3,18772.6,22016.8,22923.8,21179,22765.8,20859.4,16996.2,15476.9,21571.3,20567.1,18155,17288.3,18427.2,15924.2,18488.6,16925.8,16074.9,20392.8,18843,17964.5,17340,17985.5,16893.3,16494.5,19894.7,14870.7,21566.8,20963.3,19222.5,18792.5,19931.7,17608.6,17430.1,16288.7,17347.9,20354.1,16231.5,22564.6,17713.4,20839.2,18396.1,22187.1,20362.3,19332.9,17577.3,21810.8,17429.7,17760.4,20810.6,18537.7,20191.2,20007.4,17049.2,22354.8,23138.3,19605.2,18283.8,19070.3,19858.2,21831.8,18283.7,19520.5,20638.3,20756.9,18901.1,23271.2,22299.6,18353.8,22424,20044,18709.5,18466.9,17982.2,20554.1,19174.9,17504.8,23254.6,19404.2,19985.4,21422.3,17921.4,21484,19052.2,19196.2,17295.9,20108.6,23059.4,17206,22471.4,19215,19006.8,17779.6,22186.3,17927.2,22468.9,16914.2,21415.8,20315.2,18636.4,21832.6,20359.7,21966.6,18621.4,21864.7,21811.2,21983.7,22560.7,22584.7,19433.6,21531.7,20500.9,18818,19816.2,22442.2,19058.5,16838.5,18638,19660.1,18876,22641.8,17766.3,19906.3,19919.2,20902.1,21245.3,21249.2,18266.2,22520.8,21293.6,22755.8,20866.4,21569.2,16745.5,18377.3,21286.2,20746.1,20220.4,19420.4,21946.6,22715.4,18436.3,19171,21890.3,21054.1,18632.6,21682.8,22403.1,22752.7,18954.2,18552.3,17774.6,16727.8,22264.7,16575.1,20407.9,19507.9,17430.7,21975.1,19551.7,18243.2,21933.6,19543.1,22020.8,21462.6,17462.9,19685.8,19851.2,22068.3,20839.4,20479.6,18466.8,17429.9,17588.1,19141.3,17036.8,20242,19969.6,16499.9,18022,17579.8,19197.6,19155.6,21701.7,22364,16652.6,16406.5,17674.4,19667.8,17193,18412.6,20047.1,21969,18862.3,21572.7,23437.5,19913.2,18661.9,17813.4,21072.8,22537.2,20243.8,21701.2,17186.7,22906.1,17566.7,21504.6,22870.1,22561.7,22215.9,17069.5,16604.6,19303.2,22570.7,19500.5,20938.9,18361,21562.9,19217,19075.4,17953.2,17266.6,21185.8,17200.5,18228.9,16064.4,16190.3,20897.4,17074.9,16176.9,15497.8,19662.8,20053.8,19569,17481.8,14473.1,16187,15099,16224.8,18943.9,19070.8,20524.4,19954.6,16605.4,15638.9,19804.6,15678.5,21780.9,20725,16305.9,20626.6,19578.3,23358.3,25398.8,26545.7,32249.3
34120.3,26214.4,24364,20800.3,17290.5,16866.3,20680,15771.9,17925.5,19643.5,16985.7,14174,18915.7,20085.7,16770.4,17651.4,16199.1,16978.6,20040.3,17050.3,19309.2,16665.3,18702.5,14266,16074.9,17295,16330.6,16769.4,16011.5,16030.2,20579.4,21057.5,21192.2,15195.8,18078.7,15770.7,20983.6,20133.8,15281.8,20421.1,16905.9,15880.2,17946.7,18555,19515.5,14347.4,18240.3,15655.1,15853.9,20166,17887.1,17505,17723.3,18419.8,17709.5,20331.8,19339,15248.6,17626.9,20004.9,15943.4,19707,14176.5,17701.5,15945.5,20285.4,14800,15896.1,14013,15294.4,14566.3,18435.6,18118.7,19998.7,15673.3,18798,16981.7,18037.3,14959.4,15908.9,14318.6,14856.7,17003.4,15003.2,16796.7,18502,16641.1,15279.5,15933.1,15974.5,19450.9,19099.9,16814.7,16812.7,19824.1,15598.3,17377.7,17567.7,18677.6,18279.1,16064.2,17885.7,21519.2,15910.3,15749.3,15917.9,16757.7,18235.1,18760.8,21679.6,20484.5,18952.6,20837.5,18600.9,17340.1,16198.2,18572.8,20583.7,17692.3,18372.8,21687.7,16592.1,17712,21325.8,20697.4,15918.1,20365.9,19541.7,22065.7,19237.9,17505,19393.6,18083.1,20704.9,20389.1,16831,18344.7,16313.2,18042.3,16327.9,16336.2,19934.9,15782.9,15239.4,21142.8,20201.5,18707.1,15257.4,21681.7,21500,21662.1,17843.1,19892.5,20242.4,19149.8,20382.4,21906.3,16724.4,20659.3,19022.4,17084.1,16840.9,17622.4,18726.5,21354,20471.5,20441.9,16858.4,16167.5,17224.8,21245.2,21664.5,22193.2,22860.2,19964.2,18453,21915,21628.2,17664.6,19430.4,19442.1,21221.9,19153.4,21460.6,22030.9,18781,18911.4,21211,19711.8,16119.8,16205.9,18361.7,20230.7,17444.7,22885.2,17820.8,20859.2,21722.4,18509.4,18347.9,17000.4,22429.8,23386,23165.5,17604.7,21369.5,22822.2,20422.4,23073.9,17902,20587.5,19369.6,19653.5,20822.6,19079.4,18733.1,20972.7,21380.2,17147.1,21207.1,18397.5,20837.8,16711.1,18713.7,21946.4,18764.7,20310.6,18669.1,19164.9,20879.3,19432.9,16987.7,16538.9,18622.9,18324.9,16194.9,16345.7,22430,19689.4,18069.9,18925.4,20907.6,18713.2,18564.5,20783.5,21754.7,20185.1,20444.9,21215.6,16210.8,17040.1,17399.4,21292.6,17598.1,18611.3,20109.7,19158.5,18912.3,22061,18515.3,20960.3,18918.4,17197.8,19813.4,20949,22326.8,21092.2,17331.7,22825.3,20382.2,22004.6,17281.9,22318.8,21247.1,22086.2,19494.9,20553.3,21076,19729.7,22503.4,17504.8,18326.8,21481.9,20165.3,18359.3,16211.3,17323.2,20247.2,19267.1,20495.5,18087.2,20596.1,21777,17195.6,18816,17258.5,17069.6,18008,21963.4,21300.9,18530.7,19097.3,19928.2,20585.6,17232.1,17285.7,21481.1,16132.7,19957,17568.1,21972.9,21778.2,17112.7,16377.5,16388.9,22450,20205.3,16792.9,22041.7,18300.7,17689.7,21501.3,17728.1,18113.5,23254.7,20891.4,20992.9,17054.8,20056.4,20622.2,20061.9,18633,17389.8,19277.6,21485.7,19352.1,19801.3,18317.7,22754.7,19385.8,18361.3,20934.1,20041.1,16879.8,21689,18866.6,20194.2,20332.6,20153.3,17518.2,19238.9,16781.6,17569.5,17515.1,17482.4,18562,16460.2,17468.3,16085.6,19520.3,14784,18325.2,16441.1,16087.4,17670.8,17878.8,14392.4,17686.8,17580.2,15305.8,16184.2,17537.8,20120.5,20275.9,19484.7,18580.7,15162.1,18232,21359.2,16458.9,21763.1,20347.7,24075.7,33987.8
28969.1,25617.8,24023.5,21579.5,22533.6,17922.7,20596.5,14757.2,15352.3,14621.1,15758.9,17521.8,14414.2,17417.5,15556,19862.9,14314.6,20003,16996.3,16886.5,16734.9,15532,20132.7,17869.5,14563.7,14868,19754.2,16198.1,15928.5,20108.2,19399.1,14768.6,20183.2,17467,15772.9,18050.8,16263,16560.4,16035.5,15714.7,15744.7,17212.1,20028.5,19299.9,16422.1,14924.7,18717.8,15242.8,14542.1,14131.4,19639,16350.2,19480.8,17037.7,18502.1,15241.3,17941,18108.4,15750.3,14275.1,15691.6,19238,17958.7,19564.5,15542.3,19415,15450.8,18203.7,18740.3,18161.3,18527.8,14021.8,15890.3,17382.6,14403.3,20193.8,15723.9,20150.5,19082.9,18544.3,18263.9,20383,14248.1,19881.2,18048.2,20374.2,17994.7,20941.1,17570.8,14962.8,14866.1,19732.2,17067.7,16453.9,20141.7,21301.6,18772.9,15499.9,19007,20271.4,16075.1,20026.2,15814.5,15577.3,19713.1,15216.2,17596.2,21506.1,20942.1,16343.8,17559.5,20068.2,18415,19768.3,20722.4,20753.3,22172.5,20121.5,17177.5,20846.2,18407.9,16823.3,22115.9,19242.6,21607.6,20134.2,19426.2,18087,18841,21445.1,20774.1,20504.5,21962.3,17734.7,18835,16815.3,17715.5,15004.2,19952.1,15688.6,16053.6,19182.9,14877.3,19775.8,19032.1,19890.6,16738.2,20533.1,17282.1,15239.8,16651,19559.5,18177.9,17029.4,19368,17281.7,19186.4,17761.7,20456.9,22180.2,17218.5,16331.9,21315.6,19969.4,16869,18955.6,19406.3,16368.9,17087.8,21887.7,18589.4,17792.9,22611.3,18404.3,19179.6,22422.2,17066.8,20305.4,18724.9,19183.3,20126.4,20390,16422.6,21615.3,16535.5,20098.4,19982.8,19338.9,21534.4,21960.2,21439.4,19097.7,21183.5,21058.3,17927.5,19799.6,20548.5,19551.8,22975,22200.2,21729,23138.7,17016.8,21494.9,20557.6,17495.8,19445.4,20687.8,22925.7,22075.6,18542.5,23285.4,17469.6,22426.5,18299.6,19461.7,20532.8,17275,21010.5,18837.9,21510.7,17709.5,21923.2,16983.4,21713.2,17991.1,19774.4,17982.8,18564.3,17675.9,16786.6,18602.8,17605.2,17335.7,17822.3,18511.6,17883,16700.3,20196.1,19728.8,17070.4,17789.6,18088.2,17182.3,17561.7,17894.7,16546,18760.9,19157.6,19109.1,19516.9,17242.2,17067.2,22142,17383.2,19946.1,16542.4,19253.5,19495.2,20893,16336.7,16834.5,17359.4,17026.1,21744.7,16779.5,21251.2,17882.8,18259.1,20118.5,19576.4,22159.9,19468.9,18807.1,19129.3,17273.9,16277.7,20695.7,22205.8,18377,19797.3,21501.1,18271.6,17266.4,20846.5,19312.1,21298.7,19463.4,16199.1,17136.7,18106.6,20779.4,22238,19599.8,17191.7,17532.9,21223.4,16231.8,21049.9,19276.3,19977.6,18795.5,21982.6,17183.5,21940.3,17962.2,16447.3,16936,18113.2,20421.7,21982,19787.4,16827.6,18472.9,18162.4,20509.1,16990.6,17210.7,18234.8,19721.6,21577.3,21566.7,19088,22190.7,16923.3,23169.9,18072.8,17310.6,20888.2,16917.8,16929.7,21810.5,18536.9,18453.8,22355.1,18570.1,16779,21009.4,21081.9,17562.7,22394,19548,17636.3,18424.4,21696.6,20629.2,18963.5,19104.5,21260,20410.7,17730.2,16202.6,20203.2,18092,17188.8,15765.4,14837.4,14832.7,15134.4,20395.1,19841.5,17802,15242,18257.9,15998.8,19293,14684.4,16624.3,17723.5,17873.3,16162.2,21012.3,14764.6,14709.7,20123.4,17786.3,14965.7,17391.7,19699.2,20958.3,23826.5,26104.9,26657,33019.4
29592.2,28737,22938.9,19471.5,18018.7,19517.5,19723.8,17785.4,14620.9,18803.8,16773.3,18446.8,19071.1,19093.4,17648.3,16567.2,19097.3,19328.9,15933.2,14805.5,17529.6,18341.8,19130.8,18892,14821.9,13969.7,15370.8,18243.4,16748,16491.3,19192.7,17412.9,20612.3,18462.2,19499.6,19294.9,17683.3,19003.3,19554.1,15109.4,15049.5,17069.5,17158.3,18488.9,14915.1,18766.3,17984.6,18249.5,20069.3,16756.9,16560.5,15461.8,20139.1,19474.3,18816.3,19286.1,15836,17690.7,18230.5,14620.5,14796.9,19610.6,17860.4,19764.1,16204.7,19741.8,19543.1,20237.9,15806.4,16085.4,14443.1,18212.2,15835,15881.3,16664.9,15899.9,18125.7,17808.9,14456.4,16286.3,16363.8,15940.3,20022.3,17196.3,15950.4,14795.5,20030.3,20689.2,19373.8,16012.4,15467.7,18487.4,17884.2,16737,16280.4,20547.6,19188.7,21100.1,19651.7,21552.4,21395.7,21048.9,15792.2,15312.8,18875.6,16100.3,17090.9,19583,16817.7,19399.9,17643.6,20148.5,20300.4,19724.3,18359.1,19221.8,17100.3,17511.3,21155.9,20483.1,17936.5,15549.3,19119.7,15434.1,17114.3,19248.7,21314.8,16434.9,19714.3,20067.8,20683.4,21848.8,17543.1,21122.4,20521.8,17407.9,17677.4,19740,19262.1,16650.2,16074.8,20861.3,17905.1,17555.1,20332.5,18749.4,21104,15190,16052.1,16319.8,16023.8,20998.5,20701.7,16166.9,19657.7,15594.8,15686.5,20033.1,15972.4,19276,20519.7,20312.4,16977.1,19344.7,17189.4,19610.4,21539.6,19565.9,17486,21952.7,18905.9,22493.6,16450.3,18377.2,20678.5,22050.4,19898.2,21447.1,20689.1,20528.4,18834.4,20168,17355,18194.4,17152.8,20303.5,21772.8,20752.2,20338.9,19718.6,21625,16172.1,22369.8,20971.4,20885.5,19207.4,17046.4,22654.5,21734.8,21847.8,21202.9,21794.7,21702.6,20616.9,17300.9,16723.3,20570.5,22271.1,18756,20423.8,22708.6,23113,19016.6,20648.2,17238.2,22546.3,18760.3,21748.5,20407.3,20068.5,15834.1,17015.2,21677.2,20778.8,21353.6,21481.4,21024.9,16255,16173.7,19853.8,16943.5,15563.1,17426.4,19824.2,17904.2,21803.5,20161.5,18944.6,16968.6,22287.6,21730.5,15993.2,19441.1,20168.9,18336.6,17103.4,17048.8,18046.3,15942,20528.5,16823.9,21725.3,21686.5,20431.5,17522,17406.2,18045.2,20875.5,16287.6,15541.7,15386.7,18422.2,17238.6,20779.2,16901.8,20742.1,22148.7,22006.5,19202.6,21731.8,20073.6,20172,19719.2,16488.8,20012.1,16448.3,21117.6,20406.3,18850.9,19546.8,18009.8,20510.5,19412.2,15886.4,21295.4,16034.5,17045.9,20816.1,18625.4,18093.8,20759.4,18755.1,15721,20221.9,17925.4,20287.8,19537.7,16781.7,18680.5,20861,15908.5,17712.7,18607.3,20673,19421.6,21466.2,19628.8,21574.7,22095.2,19047.6,21980.8,19661.6,15871.9,18549.3,18488.4,16550.4,22144.4,19296.8,21030.7,16722.1,18919.2,21369.3,17764.1,22686.8,20880,19236.6,21929,20609.9,21148.2,20054.9,20771.9,22770.3,18322.6,21279.8,18068.6,17291,16421.9,22041.7,20126.6,21051.4,21698.6,19598.4,20508.6,17683.2,18247.1,19949.8,22177.2,20628.9,17910,21898.6,18850.4,21551.2,18816.7,18656.6,15518.8,15096.9,16603.6,15546.8,14365.1,19981.6,18558.3,20055.9,16347.4,18747.9,18553.9,18778.7,16573.1,19256.3,16299.1,18789.6,19166.7,16875.5,17446.5,16719,15023.9,15665.1,19103.8,21705.3,19597.1,22511.5,19886.8,24133.2,26267.5,33011.2
30650.6,28329.1,21436.6,18696.6,17601.2,15489.4,18387.8,15149.6,16228.8,16858.1,14292.6,17802.6,15657.7,19829.9,18913.9,18982.5,16017.9,18019,19402.3,16908.8,16031.3,16936.9,18806.4,13911.8,19774.6,19365.9,15131.4,14934.1,18424.9,17840.5,17266.4,18842.3,16964.8,16046,20194.5,16650.8,16753.2,20877.1,16916,20064.9,19842.9,14620.1,15529.3,19051.8,16138.6,16587,17578,16810.5,14474.8,17391.7,14071.2,20347.3,17873.8,19729,18804.3,17191.8,17856,14391,19278.3,14775.2,16933.1,17827.7,16797.8,16219.1,17195.1,15133.5,15421.9,15855.1,16960.1,14408.9,14491.1,14000.9,14577.5,16149.8,17456.3,17385.2,16268.6,17891,18857.9,13985.9,17623.8,16909.2,15038.6,17858.6,18973,14223.7,16570.8,17088.3,17800.5,15337.3,19038.7,14974.6,18930.4,15246.3,19152.7,21230,18248.2,15619.4,19986.2,15286.9,19048.2,15988.1,19193.8,15575,20769.8,21238.1,19883.9,16108.4,21297.7,21114.1,20301.6,15525.6,20904.9,18045.3,19253.5,18661.5,19349.1,18732.9,18320.8,19025.9,19899.6,15869,20944.8,17550.3,18517.7,18136.6,19429.5,18079.8,21344.2,16667.6,21044.4,21850.2,20128.5,19133.8,16718.5,21395.5,19758,14861.7,15012,19105.3,15209.7,17192.6,16122.2,19417.7,17705.3,20760.7,20139.4,15134.3,15396.5,17057.6,18565.6,20133.3,20172.9,19618.3,17315.4,16582.3,16458.2,15636.7,20538.6,16779.3,17756.4,19122.3,19470.4,17468.1,21040.8,19309.3,17681,15929.1,17846.2,16806.7,21740.3,16254.9,18612.8,18951.2,18893.9,16410.5,17310.3,19222.6,17869.9,18118.4,19087.2,16766.2,21589.2,20826.3,18702.3,16579.5,15900.4,19280.7,20684.8,19623.6,20520.3,20476.1,18347.9,22201.8,22522.1,21089.4,18666.3,21279.3,21836.7,19916.8,19469.7,17193.1,22331.2,22813.9,20783.5,18466.1,19639.2,19817.5,20945.4,21436.1,17504.1,23071.7,20737.3,19874,22473,17295.2,16088.1,18844.3,20798.6,21935.4,18064.8,19188.8,16025.7,16188.5,19271.5,16546.3,18886.2,17902.4,19895.7,18733.6,16353.9,17087,17005.7,21623.8,16046,19421.5,20305.1,21279.2,21716.7,16169.2,18213.9,17698.3,17601.5,16969.7,18946,16299.3,21132.1,17694.7,21430.6,19939.8,20572.2,16542.2,17318,17264.5,17232.6,17517.7,20036.2,16219.4,16002.7,21160.6,19607.2,19296.8,16420.3,19126.8,17733.3,20579.7,21691.3,20747.9,21848.7,19787.5,21062.5,21605.9,22502.4,19659.8,18021.9,20065.9,17459.1,20714.3,18214.5,19184.8,17711.1,18917.3,21791.6,16097.2,17402.7,20806.3,20014.1,21491,16567.1,21382,16022.7,17868,17151.9,21255.8,20701.3,22164.7,15932.1,21406.9,19758,21839.9,21903.2,18171.4,22236.7,21889.2,20698.4,21643.1,21207.5,18025.6,18991,20536,19542.9,19327.8,16130.1,19290.6,18982.2,20062.4,20933,19503.3,16799.4,21968,21626.3,22466.1,17241.7,22828.1,20552.7,16750.4,18264.3,19449.5,17560.5,22629.3,21347.5,17096.5,20182,19918.7,17536.2,16847.2,16760.6,18131.2,19788,16376.8,21759.7,16418.5,16983.7,17641,16629.2,17026.8,22301.2,20074.6,18971.8,21185.4,15400.8,16375.8,18142.8,17109.5,19146.5,17783.7,16850.4,20172.7,18467.4,18710,17459.8,15286.3,18856.8,18300.3,15636.3,19500,17197.8,19647.6,20123.2,16996.8,18135.5,18131.1,14617.7,21106.3,17288.9,16494.9,17245.2,18037.9,21802,16894.5,20347.8,25475,26726.7,34776.3
29930,28341.7,23222.3,19533.9,20170.4,21136.3,15247.5,17709.1,16960,20677.6,17004.9,17278.2,15724.5,15827.7,16600.6,14007.7,18989.7,19227.8,16006.5,16308.8,15104.5,19067.8,20117,16719.5,15497.2,20100.8,18821.8,15170.4,19258.3,18835.4,17236.1,17490.2,16790.5,15478,19644.5,18505.7,17989.8,19417.1,19754.5,14537.7,20622.4,15247.8,15188.4,19123.8,16832.5,16302.9,20384.3,15762.6,14936.4,19503.6,18176.1,20081.8,18680.4,17254.9,14970.2,14796.4,16766.9,16852.3,15026.2,18896.6,17229.1,14931.4,20266.8,15506.9,16893.6,20160.4,17586.3,16986.9,17588.8,16480.7,19023.3,19829.3,18208.3,16061.6,16617.2,19787.4,20128.7,16595.6,17453.2,19983.8,19478,15600.7,16746.4,20513.6,18423.4,17346.6,16401.1,18730.4,16050.8,15881.4,17412.1,18846.5,20275.2,15442.5,16988.3,15364.1,17435.6,16951.3,19088.5,15163.1,20887.5,16014.7,19095.2,17309,16230,15246.4,19616.2,20280.3,15903.5,17997.9,17998.8,18139,16295.1,15573.1,17472.1,19813.9,17496.9,19808.9,17219.1,19885.4,17361.5,16301.9,15523.9,17616.1,18121.9,18132.3,17281,21380.1,20173.8,16124.8,22060,15947.5,16527.5,17413.3,20246.4,16680.7,17691.1,20509.8,18923.4,18855.8,16134.9,20546.9,16072.8,15916,20866,18013.7,16794.1,21133.8,21360.1,15452.1,17194.4,15639.9,20702.2,16015.1,17640.9,19902.2,19728.9,19612.7,21505.8,15770.9,17215.1,21004.7,19095.8,21633.8,19262.2,19612.1,19247.6,20576.3,22026.2,17446.7,21876.6,18021.4,19289.9,20683.3,17133.3,16897.6,16447.6,19708.9,21044.6,18250.6,16551.3,21755,18493.6,19150.9,19776.9,21158.9,20633.8,15692.8,16200.6,16301.1,15731.5,20270,18902.6,18733.4,18796.6,17896.3,20216.2,18189,19301.1,19292,18386.6,17275.8,22469.1,19883.6,19382.7,18667.1,20741,16550.8,16646.3,21039.5,21070.4,18457.4,21440.1,19052.2,21808.5,20230,17094.4,17799.3,16511.4,18564.4,19586.5,16946.8,18788.3,16715.8,15993.3,17415,15665.9,19522.2,16284.2,18171.7,18925.7,20086.3,21949.9,21170.1,19311.6,17763.1,19798.2,19448.7,18667.2,21165.3,20125.9,19297.8,15886.4,22082.8,15949.5,19578.3,20403.3,15964.2,17538.9,16362.7,19858,16694.3,18250.1,17219.7,18244.4,15608.5,18142.4,15494.7,15850.1,19956.8,18930.6,19910.6,17619.6,16649.3,21041.2,22206.1,22606.8,22238.6,18606.7,20043.2,20790.3,18659.1,20329.4,21456.4,19863.7,19356.2,22334.3,16521.9,17018.1,19813.2,21059.3,21604.5,19478.3,18388.9,18487.1,18308.3,15929.3,21578.3,15880.1,21608.4,18475.4,15663.2,16873.5,21487.1,17509.8,18028.8,20757.8,17743.6,21379.3,21409.3,15702.9,17289.4,22183.8,17878.4,21308.6,21163.7,18009.4,18470.6,17831.4,21583.5,16417.7,16826.7,19166.7,15541.3,20115.5,17781.2,19671.9,22112.1,20818.5,16546.6,17544.2,19444.7,20096,22634.4,18097.5,21845.4,16687.9,20986.7,17511.8,22448.1,19875.9,21228.3,17950.4,17188.3,16548.7,22970.5,18015.9,20829,16658.3,16976.2,16218.6,16444.1,16682.8,21856.7,22147.5,18994.6,20942.7,20240.5,18607.9,18616.9,21022.8,15708.4,19947,16176.9,19611.1,17209.6,18793.1,17071.9,16142.9,17722,18139.3,18788.3,6214.27,17539.8,20218,14318.8,14671.4,20016.4,14875.9,19048.1,17611.8,19016.3,15815.1,15403,14947.5,19834.1,16277.4,19089.2,20361.2,22106.1,21834.3,23637.7,29092,29506
32989.8,24158.9,25125.9,22475.6,19696.2,15974.8,17643.7,17162,16369.8,20132.7,19305.9,16774.8,13925.8,15630,14687,17119.7,15967.1,14291.9,13961.3,16626.8,17837.3,13894.3,19978.1,19383.1,14276.8,14885.5,20274.6,18935.4,19251.7,15024.2,16065.9,19150,18097,20256.3,16942.1,16715.6,17215.8,15651.8,19306,17187.4,17608.9,18273.1,20248.3,14788.1,15020.7,17006.3,19199.3,14866.5,20095.1,19322.1,20412.5,19813.6,14693.6,19383.1,16842.7,16111.9,15636.7,19038.9,19315.5,20359.1,17223.4,19982.7,18672.6,17440.7,15410.9,18097.5,17084.5,17799.4,20147.6,15137.5,17828.1,18769.9,19547,15236.1,14171.4,18763.5,19542.2,18090,16612.3,16719.3,14958.4,14748.6,16402.1,18194.4,18373.9,18175.9,18309.7,20373.2,17468.3,16577.4,16911,14981.3,15244.5,19155.9,15400.4,15155,20662.2,20539.4,17984.8,16702.2,21245.9,16057.7,21577.5,15693.9,14832.1,21421,15871.5,21512.8,20978.8,15534.4,20863.4,19709.3,21290.2,17836.3,18090.5,20386.3,17084,15523.5,15777.7,19008.5,17303.4,19497.1,16925.9,15934.2,16590,15851.5,18088.8,17342.8,19997.7,19798.5,18979.2,17646.6,16693.7,17087.2,20074.5,21111.2,14961.1,16845.9,15521.1,15214.5,15238.5,17937.6,15796.8,18502.5,18155.2,19832.4,17608.1,16202.8,19697.2,19762.8,16028.5,17272.7,18469.8,20186.1,14145.1,18121.2,19808.5,17319.7,17491.3,16923.8,16959.1,19461,21751.8,19008.4,16009.4,16598.1,20192.4,17218.6,18563.9,20258.2,19928.5,20865.8,17478.6,16118.1,20276.2,20674,18733,22187.7,21542.8,16650.1,16705.5,22105.9,16535.3,18978.4,21806.3,16466.2,21217.8,18982.7,20076.2,18546.4,16627.7,20632,21595.3,18675.6,20472.8,20465.9,20994.9,19495.9,17851.4,16880.2,18555.6,20548,18517.9,21135.3,17178.1,18778.4,22440.8,17617.3,17375.5,19910.2,20382.8,17370.1,22247.8,16683.1,17312.2,17145,17363.1,22077.5,21565.2,16583.4,16762.3,21070.1,17800.5,18650.3,20486.9,18215.5,21716.2,20806.1,16412.7,20899.8,19061.9,21802.1,19373,17825.9,19765.2,18536.4,19534.3,18051.7,20393.3,21555.5,17011.1,17305.6,19389.2,16751.9,19025,22085.7,19019.9,20488.2,16029.8,20285.2,16121.6,18792.8,22083.1,16547.9,16332,19776.7,19475.1,16242.5,16767.9,20887.2,19032.6,18350.6,15855.2,21406.4,17289.1,22310.1,18908.8,18536,22057.1,17586,17198.3,17510.5,15863.3,22461.7,22091.7,18257.4,20349.5,20602.2,21929.2,21100.2,18208.1,21637.2,20634.1,16437.6,21170.8,19492.7,17818.1,21751.6,18518,15763.2,17786.7,21172.3,17980,17798.2,17076.6,22215.6,21900.2,20842.3,21351.7,17024.5,16032.3,19503.5,17623.9,21271.6,15685.5,18086.5,17229.8,17668.6,17933.1,17284.7,20255.2,16053,19795.5,18304,19575.4,16717.5,21068.7,20795.7,19903.7,22470.3,19148.7,18956.5,18120.1,19421.6,18419.9,16682.3,18539.3,22170.3,19507.9,18921.9,17028.6,19385,17838.6,16962.5,17784.3,20446.7,18432.2,22172,16557.1,19619.3,16468.4,16816.3,18641.8,18757.4,17472.9,22146.2,16357.9,19380.9,18230.6,21267,15440.5,21524.3,15443.5,21121.4,16639.3,18157.8,15377.6,19610.3,20843.1,18319,20225.9,19274.9,15218.7,19678.9,15416,20746.6,17896.7,17826.3,15424.2,20614.1,20689.4,16197.5,20907.2,21315.1,15078.9,20486.5,21161.5,20104.5,15805,19776.4,18519.9,20647.5,29680,28746.8
31044.1,23287.1,23814.8,19720.2,20338,20060.6,17201.1,17550.8,17675.9,15801.4,20050.1,19762.4,18729.3,17795.6,20058.3,19595.4,14335.6,16661.9,19228.4,14660.8,19329.5,16500.5,16711.3,17971,19428.1,17735.9,18651.7,19629.4,15358.8,14980.5,16890.9,20729.6,18645.9,15562.2,16604.7,15414.3,18702.9,17010.8,16329.7,15831.9,17332.5,14636.6,18619.4,18490.1,14307.2,18024.5,17742.3,20523.3,14752.4,18285.3,15937.9,16771,14148.1,15905,15687.6,15028.1,20266.3,14425.5,16591,18227.4,18592.2,17808.7,14966.9,14190.9,14908.2,15655.8,16762.3,18793.3,20577.1,20579.6,17677.4,15046.4,16705.6,16293.7,16490,14894.8,20193.9,16555.3,16268.1,20382.9,15833.6,20369.2,17386.8,20525.5,15736.4,15709.8,16365.3,20738.2,21142.4,15294.2,14744.5,18665.6,20562.7,21289.7,16848.9,19670.4,20762.1,20510.7,17676.6,15910.8,21055.3,15355.3,21483,15327.1,18015.8,15695.3,18135.2,20495,20826.1,19691.4,19978.7,15653.2,16677.2,20537.5,15793.8,19116.4,20336.6,17500.5,18933.6,20215,21280.6,16446.2,19778,19747.2,16967.3,18308.5,20147.6,16089.3,18612.9,18197.5,21507.4,16331,17227.4,21113.8,15890.1,16826.9,15570.2,20417.7,20869.8,16174.2,20305.1,14666.7,19526.6,18760.7,19308.5,15097.1,18403.1,18553.4,20442.4,19084.6,21358.3,17985,20098.9,15471,16565.7,15140,18925.3,20699.2,18150.8,18891.2,21492.8,16127.1,16801.4,21140.9,20610.4,16452.1,19413.3,16485.9,15836.1,20047.5,20958.9,17598.8,17370.6,18809.1,17049.3,20649,18011.5,21563.1,16305,16279.8,21969.8,19457.4,17577.9,17918.4,16858.3,19317.3,15695.7,20608,19870.3,19769.8,17483.5,16306.9,18069.8,16728.8,16671.4,20184.3,21069,18480.2,20446.5,17623.3,22601.2,17174.5,16475.6,22474.9,19726.1,18417.7,16502.6,17911.4,16471.5,17680.6,18141.9,20842.1,20273.4,21813,17824.5,22174.3,19449.6,20687.5,16976.6,21389.5,18299.3,16541.5,21298.6,16957.7,20600,17620.2,16113.5,18954.2,18077.3,18202.4,16397.4,15543.1,21918.8,20149.1,18257.5,18066.9,20074.5,21868.9,17588.1,18366.1,16392.2,20542.6,21538.5,20543.2,17471.4,16649.5,15698.8,19750.6,17005.3,17559,21266,21166.3,18947.2,18026,18751.5,19534.2,16379.5,20348.3,17081.9,20018.6,17282.4,21394.1,17526.7,19623.5,18966,17127.1,21214.9,21121.1,20508.1,21881.6,21324.6,18727.4,15948,18547.1,18379.5,16086.9,20152.5,18866,17553.2,16998,19827.7,17000,17941.5,15747.2,17082.2,15394.7,16396.3,18235,17783.4,16831.4,21560.7,16165.5,16214.5,17966.4,15597.9,16730.2,18127.9,21212.7,17245.7,19014.3,21908,16260.6,17932.4,19654.5,15927.9,17377.3,19393.1,17403.4,18752.7,16732.2,21602.2,22217.9,18516,17445.6,16588.2,16247.8,18459.2,20767.6,19719.7,19718.5,22165.7,18281,18461.8,20209.6,20318.9,18284.6,17455.3,22868.2,21538.1,17782.1,19043.7,17639.6,20221.8,20520.8,18387.1,22727.5,16655,21986.6,20076.6,22168.9,18682.9,21371.3,20135.5,16543.1,22355.6,18129.3,18918.2,17427.7,20752.4,16035.3,17284.5,18657.6,20297.8,16594.3,15801,18307.3,16302.5,14974.1,15088.9,16389.6,16976.4,17868.4,15540.1,20009.6,20578,15437.7,19542.4,18298.6,17039.1,21296.4,19236.8,17846.1,17462.5,20684.1,18692.9,17506.7,15616.4,15374.5,17616.4,22723.3,20387.9,25530.3,28592.1,34446.7
34326.3,26889.3,24937.3,19588.8,16904,17138.1,20008.2,16178.1,16837.9,17688.8,14519.8,17943.8,15428.7,13944.2,13860,14430.4,17005.1,19589,16754,17690.7,15226.1,17126.9,18373,18752.1,19908.2,16365,18042.5,14939.6,17604.2,18521.5,18130.3,16367.9,16020,17907.9,18203.7,18556.7,18561.6,19683.4,18815.9,20465.7,16452.7,16790.7,18147.6,14639.2,18588,15051.5,17164,19197.8,17590.4,14897.8,17234,19496.6,15340.9,17535.6,18115.5,15493.1,18244.1,18124.4,16628.9,17720.2,14901.2,17438.1,19102.4,19609.6,17993.8,18787.7,19892.6,18223.7,20136.8,19512.4,19388.1,17720.4,19489,16196.3,18563.2,16459.2,20331,16812.4,18198.9,16954,18364.8,16369.3,19887.8,19305.6,20430,15863.2,16320.9,17040.2,20325.4,19960.3,20684.2,20853,20112.4,16757.5,17622.6,20736.3,20849.5,15495.5,18449.9,20648.3,18279.6,15844.9,19855.4,16502.7,19848.4,16854.1,16151.8,17140.4,21065.5,18242.1,16561.4,20539.9,16979.9,19341.2,19612,19250.7,18525.2,15884.8,17678.6,20210.5,18891.6,16936.6,18101.2,19366.2,15637.3,19337,16127.5,20056.3,21183.8,15519.3,17362.5,21010,22338.6,16674.1,20921.2,16559.5,15404.2,15685.5,14938.4,19395.9,15610.9,16018.1,17493.1,18511.1,20730.9,15012.6,20336.4,16801.9,19424.3,21147.2,15592.5,20386.1,21123.5,16707.8,15275.6,15776.1,20916.1,19914.5,20186.3,20563.1,17313.7,19290.3,16943.4,19129.3,16038.4,20591,21444.2,16588.3,17747.4,18596.1,17701.2,18042.7,18270.2,15948.5,18880.7,21599.7,16460,22098.4,16690.2,16393.1,17989.6,18399,22059.2,18713.4,21080.6,18886.4,19909.5,21840.8,15535.8,16868.4,17446.4,20941.7,16688.1,18274.3,22065.3,20715.5,17564.1,20672.1,16273.3,20507.4,21004.8,18161.9,22448.3,17628.7,18611.5,21373.3,21875.6,17208.5,21666.7,17719.6,20750.2,16670.7,21884.8,19134.8,16713.5,18329.6,22234.9,20633.5,19600.2,15754.9,19986.2,16598.6,17634.3,17096.3,17655.9,22027,19918.6,17862.3,19693.8,17626.1,20680.5,20567.6,20547.5,19165,18877.3,18258,16445.6,17382.3,16154,21483.9,16780.8,17988,16075.4,16684.6,20252.7,19846.9,17076.9,16659.7,15654,21369.7,19690.3,16459.4,17741.6,21711.4,19870.2,20094.9,16865.4,21189.6,20263.8,22067.4,19679.8,19090.3,20581.9,22007,20447,19115.6,21457.5,19539.8,20265.8,22295.6,16572,21097,16691.1,18207.9,22105.8,16367.7,19383.2,21613.7,21070.6,21316.8,19424.7,18109.2,18866,18943.2,17043.1,16783.4,21966,17453.4,19953.3,21334.3,20501.1,18176.1,21495.2,19100.7,18306.5,20850.2,16248.7,15858.7,15559.1,17505.5,19332.3,16739.3,21590.5,22283.7,17697.7,21174.7,19961,18428.1,21105.8,18629.6,20582.8,16042.6,17795.2,18451.8,16136.7,18387.2,22491.6,18871.1,16810.7,20428.8,22821,21157.7,17379.6,20381.4,17762.6,21198.5,21133.7,22918.5,17658.6,16445,16362.2,23057.8,20304,16599.6,16422.3,17823.8,19407.5,19200.8,19199.2,22563.4,21590.4,22333.8,16494.5,16459.9,17084.3,20493.1,16866.8,20635.5,22146.1,20236.9,17585.1,19076.5,20653.1,16879.9,19801.2,20591.7,21482.9,16786.9,17423.5,18962,14500.7,19540.3,19188.1,14456.9,18253.2,16284.9,20403.9,18901.3,19433.6,19449.3,20254.6,17233.7,15457.5,17993.4,15441.5,17197.1,21324.1,15639.9,20094.6,17437.4,20632.3,22938,26798.3,30022
29755.2,25168.4,26103,20289.8,17209.3,21113.2,20750.4,18541.5,16789.5,14886.3,16211.3,14947.9,14178.6,14144.1,19987.5,17820.7,16323.2,15537.7,17611.1,17435.2,18392.2,17889.9,19992.2,17196.2,19384.7,15844.7,19009.4,15466.7,16294.9,19869.2,17779.6,19383.4,20842.9,14806.2,15641,16003.5,17020.1,20124.8,18110.4,17854.3,14713.7,18396.7,20590.7,20566.7,19191.5,20337.5,17456.7,17107.7,18500.1,17534.5,20196.5,18900.2,16408.6,20089.6,17164.4,18127.8,20520.7,17155.3,19523.2,17067.7,16260.9,17078.4,17851,20078.8,20099.3,17005.3,20397.4,19595.8,18216.1,20453,19470.2,17296.9,14965.9,16473.7,18465.2,19874.7,16263.2,19433.3,19632.4,14261.7,18541.2,19155.8,15317.9,17741.7,19414.3,17976.4,19498.3,18763.7,19564.5,14607.6,15828.7,15938,20623.3,17961.5,15990,20258,17866.7,20480.7,19436.2,19416.1,14987.1,20108.5,20296.6,18684.3,17966.7,20432,19949.1,21454.3,20427.8,15999.1,20069.5,19022.8,19800,15468,17752.1,21580.3,17447.5,18624.5,15586.1,15928.2,19236.4,21649.2,17920.8,18163.5,16562.5,16065.9,19778.7,16556.9,19516.1,18291.5,16589.7,21141.5,19314,16907.1,16777.5,18185.7,20452.9,19470.8,18499.7,18438.3,20881.1,17318.7,16370.5,17441.7,18711.2,17042.3,14945.3,19972.4,18676.3,16124,16902.2,15473.8,15829.2,16580.6,15510.8,20149.1,18464.3,19354,18209,17025.7,18779.6,17629.8,18183.4,15792,16535.1,19004.4,16725.8,16840.5,17804.1,20085.7,20042.9,15951.9,18235.8,18397.9,17069.5,21441.3,17029.9,22266,18692,20960.5,17181.4,18618.4,20149.2,20416,21583.5,19042.6,17172.5,21047.1,20209.9,16046.5,16736.1,17722.8,21752.8,17938.7,20803.8,19956.7,22609.8,17041.7,16597.2,21911.4,17877.6,21066.3,21698.9,19978.2,18225.7,16644.4,16393.1,17223.6,21311.3,17369.5,18299.2,16928.6,19410.4,21754.4,19642.2,17650.9,21626.1,18822.4,16283,16505.3,20129.3,19207.6,20896.1,16574.4,15573.3,18078.6,17473,17627.4,19085.1,16758.1,20802.7,20438.6,21203.4,15818.3,21685,18834,19584.1,18563.1,17447.2,19388.8,17434.8,17078.7,17194.6,18120.5,21882.9,16574.9,19815.2,15958.5,18634.2,17758.6,21851.5,17408.8,16925.2,18042.7,19130,21191.1,17581.8,22114.8,16827.1,16923.2,18784.8,18763.6,20726.5,17226,17891.2,21270.8,17572.1,17506.5,18415.4,21193.3,21830.1,17072.9,16265.7,16201.3,17184.1,20674,20393.9,17854.3,20562.3,20274.8,20501.2,17971.3,17356.8,16021.7,19269.6,15911.1,16963.8,20181.3,20589.9,17665.8,17939.6,19105.3,20682.5,15737.6,15623.6,20742.5,17258.7,18031.6,20611.8,18838.6,18344.1,20941.2,17226,18379.7,20425.8,16870.9,22091.5,19577.8,19900.9,18405,19145.7,18010.3,20290.9,17762.4,18740.6,16031.5,21773.1,21311.5,19497.8,18036.8,18813.6,19363.9,18522.9,16534.2,22351.6,17989.4,19995.1,16704.9,22646.2,21787.7,21695.2,21098.3,18455.2,21705.5,20304.7,16638,19120.6,16872.3,22824.9,18103.4,18576.1,20356.8,17977,18200.7,16970.5,19788.8,19771.4,16257.3,18507.9,17112.8,21092.3,17849.7,15475,21510.9,17271.3,17889.6,18849.3,16814.3,16055.1,15536.9,20413.3,19131.5,17165.2,18731,15955.1,19235.4,15464.5,15320.2,15667.8,21074.1,21000.9,21251,16529.3,20618.2,17527.4,17638.5,15835.1,17720.3,16507.8,22034.3,21018.9,23972,26524.4,31188.3
31488.2,27059,21624.4,21188.3,20226.6,18912.7,20006.7,16391,19835.3,14291.8,19691.7,16074.4,14738.1,18018.5,15815.1,15717.2,17961.2,14692.3,15158.5,17246,14277.8,15538.5,17287.2,14084.5,20353.4,16489.8,19390.1,18526.6,15760.1,18827,20631.1,19993.3,20894.8,15425.7,18552.8,17126.7,17746.9,20677.7,20118.6,20356.3,17764.1,19438,15087.2,16074.7,19307.6,15906.6,15945.3,19440.7,16323,18506.9,19190.6,17670.6,15178.3,15685.7,20312.7,15220.5,15175.7,19478.3,14725.7,19308.5,16664.4,19358,17359.9,16420.7,16622.9,18953.7,20791.7,15227.8,19271.5,20744.1,16524.4,19101.3,19296.3,18061.6,19015.4,16722.4,15329.5,19696.8,15635.2,14104.8,17450.2,15383.5,15011.3,15623.3,16006.6,17005,18827.8,16997.6,17370.3,20919.6,18192.2,17313.6,15718.7,19879.3,20117.8,18390.3,20651.4,17776.9,19491.6,18882.1,18431.8,19142.9,20003.7,16713.9,15855.5,19014.9,19976.8,17313.5,18449.8,19856.4,17399,21931,18223.6,17294.4,16102.7,18984.4,15861.9,21470.3,20185.4,16195.5,20102.1,20866.8,18051.8,16104.3,18437.2,15722.6,18802.2,16028.4,17048.2,18693.4,20853.9,20266.3,21495.2,19634.3,17716.4,20271.3,16454.9,18851.1,15272.1,18246.5,16993.3,17066,20653.2,17592.9,20798.3,19661.9,18156.5,16999.3,20132.9,18484,21403.8,16188.6,20621.9,20925.4,19052,20418.5,19560.7,16888.5,15818.5,20939,19388.3,19087.4,15627.7,16550,17091.1,15946.7,21360.8,16241,19404.2,17257.7,16341.9,20675,20003.9,20317.9,20468.6,15933.8,16935.5,17670.3,21961.7,19228.9,20099.1,20396,17062.1,17703.4,21037.9,19495.3,17165.3,18800.5,16289.6,19241.2,19264.7,21220,17563,16545,21391.9,20508.2,20287.1,18251.6,17318.2,22656.5,21627.7,19000.7,20485.9,19144.7,16951.4,21648,19835.2,17579.4,16239.2,22174.2,17503.5,19178.1,21021.7,21497.2,16845.1,20079.4,17579.9,20431.7,20342.2,16920,18852.4,19003.7,16596.1,18334.7,18736,16130.4,19723.7,16038.2,19779.9,16577.3,20048.9,19416.2,21325,17707.7,19932.8,19512.5,15967.8,20331.1,20311.9,19982.2,17885.8,19337.3,19441.3,19999.8,16619.1,20931.2,19013.3,16589,17748.5,19631.3,20498.5,20632.5,19839.7,16999.7,21448.6,21946.9,21533.7,19672.5,17111.5,20409.5,21614.8,19170.4,21027.4,21644.6,19535.5,18563.4,17651.2,21523.5,19751.9,18942.2,19288.5,17345.4,16955.4,16584.1,19921,18108,18367,18737,21786.1,19867.5,17731.2,16940.7,19061.9,19938.6,21740.2,15883.9,18428.9,19139.4,21189.4,16062.3,15647.1,17894.9,21058.1,22101.2,18219.5,17774.6,16947.9,22049.3,15967.3,20503.6,15747.1,17612.9,20049,19400.6,22132.2,18772.6,20853.3,20190,20411.6,16683.1,16434.9,16827.4,22421.4,19311.5,16457.9,22083.5,21906,21762.3,22213.8,20964.1,18028.7,20438.3,21029.5,21020.6,19361.6,19079.2,21757.3,21202.6,22100.4,23141,18991.3,18667,21293.5,17893.2,22135.3,16640.2,22751.6,20649.2,18920.2,20357.9,20158.1,17200.6,19433.2,20683.7,20400.9,17557.4,20487.9,17121.1,20665.5,20948.8,17321.7,15543.4,20123.4,16221.3,16677.4,15245,17162,18019.7,14956.9,16898.3,19043.5,15328.4,14848.6,20566.4,15606.8,17993.4,16542.4,18038,17364.5,19788,21138.7,21709,16955.9,21753.2,20331.3,15938.4,16779.5,15718.4,18895.2,17119.8,22142.8,26154.4,26931.4,33122.2
31569.9,26813.7,22364.2,24408.1,20729.9,21399.4,17127.4,18867.3,17634.8,15636.2,17650.3,15791.1,19820,18623.5,14131.7,13957.5,14733.3,15109,15953.3,19046.2,15755.8,18956.1,15525.1,19799.6,17594.1,16972.9,17578.6,20409.9,20448.8,19635.4,19690.9,17680.3,16031.7,21309.4,20650,15344.9,15307.5,17206.4,16829.9,20376.8,16917.4,18639.7,15244.6,17902.9,17537.3,15065.2,19010.1,19493.6,18107.1,18804.4,19970.5,18683.3,14493.9,18797.5,18368.1,19690.4,19784.4,18400.9,16414.8,16941.8,14763.2,15311.4,19922.7,15442,16583.6,20074.2,18222.8,18627.2,15910,16787.8,16318.8,18961.3,19110.3,15216.1,15910.8,19180.7,16432.8,19387,16405.9,14610.8,14223.5,14846.6,15710,14951,14962.4,15964.2,19648.9,16140.7,20313.5,21231.8,18570.1,16072.8,19090,20994.4,17671.6,20282.8,18181.1,18118.9,20502,16273.1,16478.9,16932.8,15708.5,15604.7,19273.8,20474,16755.1,18412.5,18248.1,20812.5,20377.8,16507.3,22188.1,17960.7,18289.1,21751.7,19073.8,20061.9,20320.6,18281.9,19692.1,21352.1,19036.7,15351.2,18538,21069.4,18409.2,18024.4,15957.5,22125,20522.1,22062.1,19398.5,20762.9,21036.4,18772.3,16107.6,17056.8,17447,16937,18181.4,14728.7,15704.3,17729.9,15776.1,19256.3,17827.1,16331,15100.7,19249.9,17536.1,17001.6,17304.8,16982.4,15273.1,18583.7,18713.8,17435.8,16588.1,16880.9,17872.6,15684.2,19446.1,16492.6,17988.5,20659,17042.4,18954.7,18535.6,21512.6,16965.8,15960,18645.7,20674.4,17759.8,19647.7,21952.4,18591.2,16070,17981,17840.1,20795.2,19833.8,21811.8,17069.4,21687,20750.6,20109.9,20029.5,21853.7,19660.4,19317.6,17226.2,18221.4,19725.5,18253.8,19868.9,19289.9,20062.4,17124,21305.6,17277.4,20849.7,20997.5,22641.8,20204.3,20554.1,18347.8,19024.2,21670.1,19785.5,17314.8,19349.7,21559.9,20615.4,20979.9,21201.1,20998.3,16934.7,19691.4,15384.7,19636,20257.7,16116.2,19106.9,16710.6,20525.2,18958.6,16529.5,17125.8,19303.7,15562.1,21793.8,19823,18053.2,21154.1,18331,21364.3,22120,20041.9,16619.8,21021.4,20706.4,16595.7,21577.6,18963.3,21007,19131.6,20385.9,19064.4,19476.4,18989.2,21645.8,21832,18814.4,21923.8,20171.2,20786.3,21867.7,16346.8,15486.2,20175.2,17661.5,16399.2,17403.3,18031,22550.9,17683.1,22646,17482.1,21061.1,19846,17519.1,21699.9,19159.6,18611.8,19032.7,17845.5,20296.9,20634.6,19799.8,16296.7,19582.6,21878.6,21434.1,16635.8,19713.7,17623.9,19706.3,16925,19074.9,16292.7,17092.1,16595.4,19198.8,17044.7,17041,18631.6,21988.9,18666.4,15680.9,22348.2,19876,16489.4,20153.1,17498.2,18031.4,20619.7,16258.3,18635,20741.1,22103.7,19591.8,15978.6,20124.5,16227.1,18222.9,16961.9,17439.4,21207.9,20142.9,17063.7,18789.6,17499.6,21423.1,19428.5,20218.6,23179.1,16914.2,22553.5,20771.4,20785,17725.9,20616,17890.4,18174.6,17158.2,23185.7,22996.5,19689.2,22935.5,18302.1,19583,17648.7,17389.6,20059.6,22545.5,17271.7,18995.2,17721.3,16632.3,19193.6,21509.9,15750.9,18173.7,19022,19579.5,18134.7,17426.9,19682,16832.4,16655.9,14941.1,20571.1,17193.7,19650,18215.4,19605.5,16775,15861.6,17583.2,20317.3,16998,20436.6,18563.8,19987.2,19390.2,16526.3,20944.2,18616.3,18814.7,23661.9,27093.5,31427.2
33937,27452.9,23006.5,20345.5,19818.5,17246.9,19217.2,19352,18266.3,16814.1,17519.5,17202,14592.1,15332.2,19573.9,16705.5,18553.3,17812.7,18389.5,20466,19743.4,18117.6,19242.5,15306.5,14570.2,17911.1,15766.7,15894.9,18848.5,18038.1,18783.8,16153.3,17457.9,17775.5,16659.6,17491.2,20114.1,15910.1,19414.6,20243,18661.1,16384.5,16038.6,19770.8,15753.6,16977.2,20822.3,19759.2,16309.4,18962.9,18295.6,20957,17723.9,14658.3,15557,17347.7,17121,16605.2,18761.6,20171.4,15998.7,14502.6,15385.1,15585.4,18251.8,18124.2,20513.7,18829.8,15072,20197.3,16126.5,14961.8,18737.7,18189,17386.9,20646.2,20713.8,17231,19878.8,14314.2,19385.1,15287.7,17464.8,15625.3,16694.7,19070.9,17078.3,17693,21104.3,14842.6,20250.7,16774.6,16164.2,20530.1,16720.5,17811.3,21320,20618.6,18145.1,17174.4,19799.3,14977.2,17726.8,17262.3,21544.8,21393,21179.6,21632.7,20155.5,20445,21278.8,16160.9,21260.1,17518.7,19716.3,21164.2,16830.7,17173.3,15842.4,15922.3,20736.4,19003.5,18454.7,15788,16785.3,18000,19135.8,19115.8,19907.7,19475.6,16757.2,21079.3,16978.5,19635.3,17678.4,18500.1,16837.2,19200.1,15404.9,18405.1,20135.2,16308,20473.2,19456.2,19191.9,19114.2,20287.8,20978.9,20446.4,19338.9,20165.8,18335.3,21000.6,17827.7,15835.5,19032.1,21786.4,21630.8,20494.1,20701.2,15589.8,16549,17889,17833,21170.7,21568.2,16542.2,16880,20599.1,18415.2,20652.1,21512.5,20712.8,16433.4,17846,16067.4,16954.7,17453.2,21204.9,17251.9,17109.8,15986.7,21358,19665.7,19343.3,18409.1,18824.4,17063.5,17407.6,19444.8,19739,15363.4,15593.5,21555,20383.5,21216.2,20657.2,18175.7,22480.6,17615.6,22008.8,21795.6,22553.9,19936.3,19047.8,19639.6,20719.4,18020.5,17355.5,17793.3,16893.2,17308.4,18977.8,16874.7,18286.5,20208.6,19048.2,21167.5,15979.2,20505.3,21585.9,17920.5,16842.6,20709.2,19504.5,17692.9,18780.6,20793.2,20339.1,21747.6,19824.9,18342.6,19763.4,17954.8,18993.3,16058.7,18361.9,18180.3,21444.1,22003.3,20589.5,21002.7,18982.2,17360.4,18507,21520.7,16315.5,16992.6,21849.4,21086.1,18720.6,20303.5,17547.4,21473.3,16669.9,21121.5,18486,20904,20531.9,21431.9,17626.2,19294.2,18575.4,20194.3,20387.3,20641.6,21418.7,19927.3,22471.3,17308.4,16355.1,22489.2,21536,19687.2,20269.7,16871,20347.2,19856.6,18162.9,20800.1,21855.2,18118.5,16243.2,20006.8,18078.8,16894.2,15621.2,16181.9,18128.9,19793.1,22162.4,17785.1,15953.9,18076.5,16383.4,21381.1,18073.1,22099.6,16466.8,18414.5,22012,18761.9,17673.2,16256.5,21270,19927.7,15957.6,19177.9,16814.1,21981.8,18516.9,17145.3,17653.9,17115,19904.5,21144.5,20554.6,21357.4,16865.3,17948.9,17092.8,22808,21214.5,22322.2,19882.1,19763.6,21100.8,19787,22584.3,17253.4,22427.5,18813.9,16582.1,17669,17825.2,17716.6,22299.5,22892.7,21883.7,17932.7,20435,19929.5,22631.4,21336.2,21545.7,19717.1,22609.3,17730.9,20053.1,16674.3,18367.1,19363.3,21589,18468.4,19782.2,18575.4,21844.2,16678.5,16053.9,16022.5,19532.5,18679.7,18534.4,15614.9,18558.6,18806.1,15825.6,15910.7,19610,16526.6,18600.5,16655.3,16910.6,18330.7,20289.9,15872.9,16832.8,21142.6,17149.4,21119.2,22994,22649.8,23922.8,32242.3
29722.4,26309.3,24250.2,19459.6,18659,21861.3,15710.9,15778.8,20819.4,19646.9,18874.4,16642.9,15812.8,20092,18567.6,16038.5,17307.6,16194.3,14357.5,19411.6,17825.3,17995.2,17813.9,16732.6,14109.6,19195.8,20134,16414.2,15667.4,20782.6,14885,16542.5,20529.1,17939.8,20249.8,17361.5,16113,20916.7,19980.6,21294.4,16792.5,16100.3,18694.3,19312.6,18420.8,17982.5,16170.9,17354.2,16065,15579.3,16398.8,15283.8,17575.2,18361.2,19684.2,18503.4,19019.5,20528.1,19461.9,15259.6,15226,17506,15270.1,17762.8,16264.6,17921.6,20022.1,18667.8,19505.4,19392.5,20123.6,17617.5,15720.4,18360.7,15288.3,20640.7,19720.3,19609.3,19680.5,20535.3,17880.5,16184.1,18664.3,19816.8,15959.3,19143,18604.2,17315.8,20181.5,16158.6,17560.3,19712.2,17824,18446.8,18619.3,18516.4,21464.7,20579.5,17938.4,16437.6,18964.7,18054.7,19481.5,20341.2,17613.9,18239,16502.6,17985,16450.1,21086.1,21729.4,17794.6,16090.1,19254.7,18960.2,17400.2,20526.9,16896.2,18656.5,17253.1,15749.3,22036.3,18703,17972.8,19592.4,18156.6,18609.1,15559,22175.8,19531.1,17210.8,19270.9,20291.1,17749.4,18152.4,17586.6,16164.4,16010.8,16575.6,16975.7,16112.8,20090.9,15151.1,17778.7,19450.3,19436.4,15105.5,17203.3,21211.3,16592.2,18495.5,20049.4,18330.8,15554.8,15450.1,18598.4,17037.5,18417.5,20701.1,19386.3,15907.9,17880.5,20842.6,17942.6,17349.5,19200.5,17989,21440.2,20269.9,19952.6,18761.5,16358.7,20949.9,18668.6,19107.6,16411.5,21200.7,20563.3,20428.6,20059.8,21093.5,17709.6,20239.4,22008.4,20895.3,16347.5,15949.4,18450.1,18426.5,18847.6,18233.1,16779.8,19736.5,19691.4,22108.3,20730.3,19580,18916,16774,16654.3,22002.6,18102,22015,17617.6,17070.8,19917.5,17372.2,20942.9,16064.6,22264,18709.2,16695.1,21246.8,17159.8,16977.3,21145.6,21772.7,21398,19453,19981.8,19911.7,16621.5,18112.3,16290.2,17331.3,21879.1,20019.3,18941.3,19041.1,20249.5,18863.2,19547.1,21220.9,17754.6,21013.4,16576.9,19153.2,20204,20026.2,16796,16263.2,21017.9,15811.5,20583.7,17353.6,21006.7,16413.8,16719.1,18470.3,16341.6,16649.5,17644,20123.9,17150.9,17586.8,17149,18577.1,18534.7,17209.8,18340,15705.7,19522.7,19022.5,16896.9,18843,19179.9,20641.6,20616.9,22753.6,19021.5,18655.8,21305.5,17922.6,16825.6,18172.5,15970.2,17208.7,19115.4,16425.5,21902.6,16627.4,18740.7,16277,19205,19061.4,19145.2,16539.3,17574.5,17984,20646.8,19567.2,19649.5,20412.2,17556.3,16600.3,21499.9,19333.1,17555.4,15885.8,20637.5,18674.4,20940.5,17957.1,18000.1,21877.3,20621.7,20873,19183.9,18771.9,18266.7,15792.7,21529.4,16804.9,5191.47,16397.5,18272.8,18800.4,22547.5,22048.6,22339.6,17211.5,19980.2,21215.5,23240.6,19764.9,19057.9,20691.5,19857.8,17460.3,20108.3,18868.1,23257.9,19107.8,19324.3,18499.3,22241.2,18453.9,18955.4,18658.5,23178.6,22980.1,16902.7,19460.6,17706.6,17338.6,20290.6,19567.6,19191.3,22073.9,19554.5,17442.5,19556.3,21844.1,16343.7,15594.1,15536.8,15909.9,18100.3,21446.1,20282.9,16811.9,18317.3,18248.8,15681.3,16542.6,16357.4,16078,19101.5,15201.1,18841.3,18510.2,21187.6,21758.1,18373.6,17617.8,18103,21911,16599.1,20497.2,19536.1,24849.1,25420.7,29484.8,34909.1
31085.9,27757,22925.6,21725.1,21490.9,16050.7,17311,18444.8,19534,18589.5,14611.1,17201.8,18224.8,15452.8,19406.2,15554.5,14152.8,15730.9,16531,20149.7,19579.5,15145.3,18557.3,16606.3,17821.9,14371.6,17775.8,17859.9,20669.7,19279.6,17451.9,17215.3,15086.9,20102.9,16892.4,18659.6,18141.3,15836.2,20238,16527.7,18981.3,17851.3,20595.8,20846.7,20276.4,15195,20970,17085.8,18644,18423.2,19782.5,20090.3,19643.7,17535.2,19497.2,18246,14981,17264.4,15473.9,15325.8,15293.2,18220.4,14771.5,15718.9,14551.8,16005.7,16857,16158.1,18012.2,15634,18998.1,16182.4,17583.9,19523.2,20229.6,14421.6,15021.6,15415.6,15987.6,16251.6,14734.7,19250.1,19841.3,15980.5,17709,17308.9,19552.4,18609.2,17158.4,18299.9,17707.8,21195.7,19281.6,18129.5,18859.5,20435.3,18015.4,18838.4,16606.9,16892.4,16921.5,14932.3,19689.9,17370,16007.1,19223.8,15593.6,20575.5,17876.3,18734.3,17802.7,17241.7,19701.2,19729.6,18846.8,15751.3,21580.4,16891.3,20528.4,17434,20354.5,21973.2,17114.9,17184.8,19562.6,21675.4,21758.4,20741.8,19552.4,15767.8,19924.2,16663.4,16736.3,17963.5,20331.4,16012.8,17594.5,17170.9,19948.9,18158.4,20173,15934.7,17364.1,20566.2,18654.2,17769,18159,17703.2,18266.5,16440.4,21208.7,16274.9,18708.1,21214.7,15708.5,16626.4,19522.5,21603.9,19873.3,19337,16254,20867.2,20702.8,17147.2,18058.1,21227.4,17864.8,16176.9,17008.1,16727.1,18946.1,19171.7,21948.7,20917.7,16346.8,18072.2,21195.6,21580.7,18655,18124.8,18069.4,16279.7,18590.6,21303.2,21139.5,16103.6,17669.9,19571.7,18601.6,15334.5,17167.8,17989.8,16466.9,19896.3,21316.7,21414.1,21581.1,18549.5,17628.2,21101.8,17427.3,17069,17142.1,18295.1,21883.4,21119.8,17964.8,19640,20997.5,19551.1,20476.2,16114.4,20866.5,21007.3,16276.6,18609.3,21297.5,20379.2,17167.1,19402.7,21399.9,15462,20509.9,19261.7,17382.3,19128.1,18541.8,16041.8,17067,21783,15918.7,21502.6,17376.8,17925.5,18550.1,16315.2,17844.9,21078.9,16691.1,15866.6,16520.4,21854.3,16374.7,20477.1,21196,18149.9,16688.8,22075.3,18178.5,21738.4,19701,21132.9,20184.6,17745.3,15395.8,18914.2,21134.2,21403.8,21273.5,19050.6,16398.2,17898.1,18162.7,17758,18589.9,21636.9,21462.6,18112.5,22162.2,19775.8,16164.7,17036,21726.5,18289.8,21687.3,17942.4,16407.5,15941.8,19708.7,16266.9,21751.3,16260.8,21642.9,18015.7,15745.8,19922.6,21632.4,20000.3,21458.1,21657.6,17685.7,21192.9,19950.8,19544.2,20857.6,18401.2,22206.4,18052.2,19929.7,20513.3,17265.8,21866.5,17231.8,21174,16764.5,19436.5,21287.2,16398.7,21306.6,20576.8,20365.2,21990.4,17279.1,19413.1,19104.3,20328.2,18612.9,20509.7,20210.5,17174.4,17539,18139.5,23084.1,23478.5,20381.8,18654.1,21598.8,20812.1,20342.2,22178.2,20507.4,18492.7,20334.7,21086.9,17192.6,22439.3,18848.4,22191.1,19034,19427.8,17373,19772.3,17757.8,22435.6,21573,17091.7,19735,19316.7,17005.9,17606,18733.1,17189.4,18774.8,15680.4,16364.4,18692.4,21518.8,18234.3,14895.8,16037.9,20905.7,16590.2,19968.2,21092.5,19339.8,14961.7,19785.3,18071.9,21294.5,18820.6,18083.4,21414.7,17936.7,21269.4,21071.2,17247.5,16151.1,19548.3,20595.5,17443.4,22092.4,24544.1,24462.7,33910.4
31124.6,23926.8,22299.7,21225.4,18437.6,16659.4,17530.9,19383,15861.3,20074.8,15840.2,15699.4,15666.5,14893.4,15710.5,15499.2,14535,18532.2,20190.2,18679.4,14596.1,17279.5,14592.4,19927.4,14360,18436.7,19993.2,18070.2,16123.9,20164.5,21079.8,17374,16852.1,14971.1,16320.2,17218.5,20678.6,18341.3,18045.1,14990.9,17127.5,21031.1,16735.4,20236.6,19567.4,19429.1,18624.8,20138,19520.3,19423.2,20928.3,19075.1,16495.2,20071.1,15486.6,19503.2,16197.3,19829,20750.3,20683.8,15122.1,17637,19808.2,15152.4,15200.7,17869.5,17071.2,16133.1,17931,17773.6,16054.9,18878.5,15069.6,15782.1,18857,19200.3,20820.6,19099.3,15811.5,18894.5,18031.6,16107.7,18377.5,15798.4,14591.3,18489.1,19979.6,18891.2,20540.5,16172,15892.2,17119.2,17204.7,19516.1,19433.5,18546.7,15201.3,17423.4,18386.2,19271.3,16522.7,21580.6,18067.3,19687.9,19342,15141,18215.2,18848.8,15618.1,15337.9,21754.6,21228.2,18727.4,17551.9,17216.5,19610.5,21679.8,18039.7,19391.2,17226.4,15715.1,16780.9,19224.8,21212.1,17901.7,17184.5,15834.7,15477.4,16727.3,20980.9,17271.1,17339.1,18397,18993.2,15766.7,17336.8,18417.7,20355,15170.6,15723.6,15428.3,19258.1,20826.2,19832.6,19469.5,20924.8,16198.8,19800.5,16283.8,16490.9,17680.3,18407,17939.5,17034.2,18274.9,14828.3,17778.2,17683,20051.9,20276,20250.4,19033.8,20033.5,21403.2,17766.4,16479.7,16791.9,19545.7,17114.8,21652.7,20643.4,18614.8,20553.6,21131.5,18494.7,17660.8,16353,19489.7,19733.8,18210.6,16337.1,16471.5,15688.9,19849.2,16934.5,16659,20314.6,18789.5,17827.7,18691.5,17170.2,21078,18131.2,19264.4,16477.6,18288,20644.6,17236,17995.6,21771.6,22116.7,19687.9,19833.7,16626.6,16697.5,21307.1,19320.5,22313.3,20295.9,16809.9,20931.8,21924,22274.8,21175.1,21133.6,19711.6,17745.8,18466.2,18195,21768,20691.4,20911.3,20103,19521.4,18182,19873.4,20060.3,19812.3,18367.6,16917.8,17316.5,20955.5,21558.1,17994.3,21128.5,16865.2,17373.7,16941.7,15677.3,19946.6,16353.1,15913.6,16383.1,16086.1,20894.3,21195.1,19603,18208.2,17361.7,19454.6,17542.2,22095.2,19968,15747.8,18851.3,16226.4,19482.4,17827.8,16789.9,20471.1,18919.5,19452.4,20147.6,18544.3,19504.6,20702.5,18527.7,22000.6,22256,22712,18488.1,20096.2,17689.6,20508.9,16255.1,21435.3,17415.8,21670.2,15735.5,16636.7,20750.5,18095.2,21442,16028.2,16898.6,16405.8,19776.8,19161.1,15736.1,17400.6,20518,21365.5,22428.9,17774.8,20556.8,20698.2,20846,21421.1,21516.5,21191.7,22116,18700.4,16199.4,16380.9,21437.2,21980.4,20815.6,19230.8,21697.2,21523.6,17298.1,18880,16617.9,17679.2,20164.5,22233,17800.8,18663.3,22516.4,22850.9,20305.5,20821.6,16689.8,17063.2,20574.8,18804.3,17212.7,20748.5,21904.3,22473.1,16875.6,18681.9,17812.5,21796.3,22524,20360.9,21469.6,23408.9,19437,19778.2,19987.8,23125.8,20143.2,22364.1,20164,17592.7,17948.5,22912.8,19856.5,22042.3,21992,18567.3,18413.6,17181.3,19617.1,15838.8,16672.3,19172.5,17140.1,15305.3,20445.2,17903.9,20007.7,17360.6,19241.8,18958,20926.7,19074.5,17222.6,18680,16075.8,19156.3,20873.1,21291.3,21793.2,19435.1,19827.4,18630.4,18435.6,21421.1,20031.4,20786.3,30584.5,34102.1
30586.5,24286.5,22654.5,18408.4,22630.7,20905,17299.7,15165.1,21137.7,16804.4,15642.8,15863.1,14298.5,16057.7,15775.6,18473.2,16223.9,16453.6,15681.4,15065.2,18362.5,17957.9,18204.4,15409.8,19368.5,16607.3,16374,19833.8,15444.9,17315,17770.2,20668.8,20986.1,20616.3,19510.4,17185.3,19563.6,19218.7,21473.3,18356,16363.4,16158.1,18296.2,20749.8,15813.5,19659.5,19971.2,15587.9,18040.4,18631.9,19420.1,14802.7,17269.6,16272.7,20705.2,15284.5,20584.8,15237.5,14810.2,18631.9,18424.8,16265.4,20359.6,17253.3,15224.8,19243.8,21062.7,18097.9,20816.2,14972.3,14915.8,18739.8,16891.3,19636.8,16823.7,16540,18633,18959,18506.3,15705.9,16393.5,18420.3,15184.7,14789.3,16641.3,15598.9,16971.7,18323.7,19462.5,21197.3,15109.3,15164.3,18919.1,20559.6,19897.6,18548.7,16877.3,19198.3,19214.6,19172.4,16483.4,15922.5,19292.6,20631.5,16353.4,19161.2,18280.3,15273.5,16134.5,17823.4,19501.3,19515.9,21090.5,21366.5,18376.4,15686.4,17495.6,19535.8,16939.1,16480.9,21855.5,16897.5,16501.5,18595.6,18010.6,21865.1,16674,16909.7,19161.2,20238.8,20005.1,17317.4,17495.6,18286.2,16869.3,16076.7,19618.7,19621.5,18247.8,20565.4,17423.4,17943.4,15719.6,17980.9,15384.4,17166.7,18124.8,20692.1,16736,21187.1,17817.8,17013.7,21454.6,17910.2,16129.6,19455.4,18569.2,17776.8,21376.1,19884.8,20964.9,19075.8,21191.1,17256,17903.4,15748.8,18204.5,16145.8,17360.9,16766.2,22086.6,17309.2,21854.8,18763.2,19598.9,21349,20594,19850.2,17376,19629.1,19218,19323,20243.4,18010.4,17058.1,19675.5,17284.8,17580.7,17679.8,17846.4,16816.3,18330.7,21577,16310.9,20654.1,18739.3,22400.2,18918.4,17079.2,19993.3,20114.4,19146.5,21779.9,18925.1,19876.4,21046.2,17140.5,16511.6,16858.3,17576.1,20738.9,20949.8,17359.1,21064.2,17161.2,16231.5,18480.8,19896.8,16208.1,19810.2,15535.3,18960.7,20601.4,16497.6,17220,19868.8,19379.8,17630.2,16247.4,19674.9,18265,21000,20773.1,21069.1,17077.5,18127.4,19349.8,18493.3,16146.4,18850,21580.2,19047.5,19852.3,16550.2,17382,17427.9,18118.4,17311.1,19546.4,18346.7,16222,17321.8,19831.4,16449.3,19853.3,19920.1,18228.8,21936,15630.4,20186.2,20426.9,15888.4,16911.4,16339.2,16633,16389.9,22498.3,20509.9,17770.5,16309,22641.7,19971.9,16905.9,17905,20170.9,19229.3,17943.2,17348.4,15876.8,16382.4,22171.8,16953.8,18442.3,16695.6,16475.8,16760,18609.5,16033.3,17114.3,20343.4,21632.7,20710.3,20228.5,21678.7,20287.7,17875.1,19834.5,16804.4,16999.6,16553.7,16983,20882.4,22559.4,18564.7,20245,20923.1,20816.2,16584.6,19730.4,18932.3,18578.1,22826.4,21176.2,19800.5,16194.6,17257.1,21072.3,20729.5,22793.2,16944.8,21124.4,22220.7,22423.5,19632.1,17158.3,19407.9,21710.3,20790.7,19759.8,17303.4,22277,20716.6,23235.4,23016.5,17620,17202.9,18645.4,20536.8,18027.2,21874.9,22821.4,22130.9,18143.8,21895.7,18488.6,21567.4,21429.2,18945.1,19858.8,20638,17506.5,22256.2,21628.1,16856.8,21306.4,18967.3,21979,19739.9,15332,16416.4,20041.2,17752.7,20174.3,14812.7,16393.5,17957.3,19171,19633.8,15506.2,21867.9,20318.4,19828.3,20165.2,17971.6,21816.6,21038.9,17317.5,18632.5,16986.2,20394.2,18815.9,25223.7,24593.7,30638.4
30341,27097.2,21123,21605.7,21148.5,17892.2,21450.1,15210.2,18844.4,15663.6,19451.6,19842.7,18494.9,20351.5,14262.4,15469.6,16527.2,20324.2,15624.8,14943.6,20010.5,19020.6,19127.7,19262,16791.2,16407.9,17528,16633.1,17607.9,14867.5,18568.2,15398.2,20339.6,19744.6,20489.9,18120.1,18222.5,15783.6,18476.8,20033.4,19733.8,16372.3,17849.9,16326.6,21168.4,17679.1,16183.6,17962.2,19061.8,16076.2,20042.7,17708.2,15595,19030.6,16116.7,20500.3,18196.5,15149.9,17713.3,18214,14887.4,17069.5,16974.6,19337,19043.4,16870.9,16222.6,16058.2,18410.2,17102.1,18163,17524.6,20862.3,15342.7,17981.7,17057.3,15441.6,14739.9,20948.3,20205.5,20751.1,14918.3,15568.8,17042.9,14784.6,15382.6,14858.1,18167.2,18449.6,19881.3,19479.5,15533.2,19216.6,19527.7,21629.7,21438.5,16455.3,17879.3,18466.9,15979.4,16724,18019.8,16260.5,16388.4,15652.2,21221.8,15173,18553.2,18146.4,21021.7,21192.3,18472.8,18220,16469,15908.8,18530.4,17156.8,18251.2,19385.7,17594.2,19305,19095.2,18991.9,21962.7,17953.1,17259.1,20957.6,16252.9,19786.7,18685.8,20819.3,17882.1,19690.3,15860.6,21641.9,15551.1,16851.3,19224.1,16265.9,18386.2,19148.6,15617.7,20587.8,16942,16133.3,17126.1,15570.8,18817.2,18561.3,16547.3,15512.7,19008.9,21479,19293.7,18827.3,16221.1,19967.8,18229.7,15735.7,19167.2,16590.1,15872.3,20934.4,20474.1,20749.3,17412.9,15900.8,21500.4,17901.1,17284.2,21497.1,22142.2,19215.3,20841,18027.7,16923.2,15512.6,16943.3,17116.1,21076.5,19269,21251.3,19109,18349.3,19917.1,19141.9,20675.3,18700.5,17541.1,18923.6,21612.1,19193.3,20884.6,18371.7,15737.3,21083.5,16638.8,17594.1,17844.1,18938.3,20178.6,20571.1,19152.8,16330.5,17915.9,21481.1,17345.9,15943,18823.6,17067,15865.9,19854.3,20081.7,17397.6,22004.5,15990.7,17501.6,18001,21160.8,15860,15414,19765.8,16741.8,17622.1,15374.9,16802.7,20175.2,18070.6,16814.7,21926.1,17461.5,16592.3,20878.3,21566.9,20469.4,17957.1,18979.2,19616.5,16568.8,20897.3,15649.3,20105.3,20303.1,22077.3,20628.3,18386.6,20631,18870.1,18097.7,19743.6,16393.8,18475.4,20465.1,17576.8,15602,17191.3,21760.5,19460.1,16036.5,15609.2,19795,18121,17656.5,17594.9,16960.6,16823.4,21051.6,18009.6,22569.6,22069.2,20908.7,17337.5,19794.5,19625.6,18742.6,19219.4,16746.9,16842.4,17025.4,20690.7,20638.2,16466.4,21132.8,20604.6,21844.2,18822.4,20338.4,15964.9,19647.8,21950.3,22204.7,21500.7,20710.8,21341.3,16358.1,17002.8,16139.6,19453.1,20213.3,20744,18790.9,20895.5,22758.5,21991.8,20993.4,16770.2,20707.6,21806.9,20690.7,18466.4,18327.2,20357.2,22570.6,19128.5,22645.5,19009.2,19564.9,17793.8,22212.4,22199.2,19693,19286.7,23270.2,21364,19237.4,23021.5,18028,17316.8,21377.8,23439.5,22348.1,21127.5,19957.2,18630.9,17054.7,22988.5,22157.2,17153.1,21658.6,19716.7,20504.6,18763.8,22078.8,21455.8,21664.7,22713,19422.8,20180,20149.6,17950,17587.9,16373.5,16726.3,21099.3,21640,15885.7,15548.9,18018.1,18668.3,17940.7,19216.8,18091.8,15662.1,15124.1,20385.7,18872.4,17005.7,15341.8,20284.8,21100.8,21145.2,17850.5,20675,18740.7,19007.9,19137.1,18202.3,19080.7,20288.1,18321.4,19439.5,25636.3,25668,30351.8
32003.2,28999.8,24551.9,23993.5,17414.2,21231,18952.5,19219,17852.3,19181.8,17798.6,18957.4,16584.2,17608.7,19878.5,17293.9,14326.6,15753,16763.1,19743.1,18009.4,16916.1,16804.1,20659.2,19694.3,15903.4,20267.4,19915,20124.1,16933.9,17365.6,15698.4,21280.1,17302,17616.9,18042.9,15637.4,16496.9,19901.8,17374.1,16070.6,17190.1,15701.5,18170.1,20710.5,17837.7,19089.2,14703.7,16264.3,15923.5,18899.7,17651.4,15702.5,16618.4,19124.7,20306.5,18064.1,17481.7,15870.5,14959.2,19290.7,20337.4,15063.2,17714.1,17973.2,18456.4,19522.4,15572.4,17482.4,20811.6,20081.7,15110.7,18854.5,14627,17539.1,20379.2,17236.5,16656.3,21067.4,20525.3,15452.5,17985,17276.1,16911.9,15749.9,19068.7,18553.7,18343,20027.3,20983.7,17594.2,15062.7,17647.4,19797.9,19875,18807.3,19547.9,20505.2,19556.2,17734.2,17886,20625.6,19535.8,19331.8,15345.6,18907.3,19759.2,19630.9,21865.1,20051.1,20778.4,20670.1,19397.3,21904.2,20571.8,20667.2,17701.1,16807.3,19784.4,17520.9,18273.6,22060.1,21056.3,20576.2,19150.5,17020.6,19991.2,20659,18661,16691.6,21792.9,16489.3,16946.2,16986,18553.4,15607,19147,20344.3,19553.3,18953.1,16498.4,16956.8,16417.5,16952.2,15139.9,18267.4,16338,17487.6,17606.3,17137,16600.5,16766.5,20009,15945.5,15006.6,14745.6,15520.2,20187.4,20423.8,21409.9,20398.3,20819.1,20539.9,20231.1,15606.9,19456.7,17747.6,15357.5,20661.5,16301.2,19954.3,17884.6,18930,20974.6,16060.7,16881.7,17472.1,19715,15677.3,15992.5,16375.9,17914.4,18659.3,21071.3,15432.7,15608.3,19642.8,19018.7,18283.5,20680,17511.1,20607.9,18223.4,18674.9,17027.5,19051.8,16249.2,15759.2,16284.8,17400.1,20288.8,19215.7,21243.8,20577.2,21291.6,21239.1,21701.7,19149.2,19058.7,18592.8,21247.1,16327.4,18864.9,21118.5,19430.7,19211.9,21733.7,21794.8,16570.9,21650.7,17271.5,20986.3,19895.3,15957.8,16701.7,15448.2,20476.3,19653.4,17790.3,15780.2,15658.5,16046.2,21552.2,20231.3,17214.4,15818.7,16195.3,17917.9,15762.9,18953,18984,16445.7,16908.3,20990.7,20760.2,20098.9,16735.9,16908.6,21226.4,19390.7,15932.6,18963.1,17735.8,21528.9,20362.8,19170.3,16862.7,20142.6,19894.2,18674.3,16374.9,21236.7,17464.7,21891.2,18161.2,21458.4,20780.6,20246.5,22300,21624.4,18819.1,17110.2,17533.4,19906.6,21916.4,22136.1,18807.4,20176.2,17996.8,18615.2,18519.3,18615.8,18904.2,21515.4,18882.7,16399.2,17101.4,19040.4,17915.8,22238.7,15846,17612.4,21189.4,17602.4,19723.8,16214.1,19074,21488.5,16745.2,17603.5,20538.8,18344.4,20982.1,22608.7,19028.3,18438,19392.8,16881,20584.2,17804.2,16434.8,22337.9,20786.8,19489.2,16418.6,16892.9,20655.2,20873.9,21597.8,17086.7,17369.5,18501.2,18327,22433.5,17971.9,19976.2,21196.8,20437,21319.5,17791.5,20156,21141.6,18623.9,20665.2,19752.1,19433.3,18112.6,21208.5,18873.4,21227,22830.5,18388.9,17009.2,21299.3,21332,20908,22772.5,22442.7,17777.3,17563.6,16779.3,19816.5,21313.7,20891.3,22287.8,18073.4,17177.6,15706,18421.8,15413.5,18987.7,20658.2,19182.4,15835.5,19754.5,20928.5,18535.3,20082.2,21398.4,15899.1,20757.6,21904.1,21903.4,15915.2,16541.1,20478.6,17775.1,21912.2,18376.1,20280.2,19201.2,24006.8,28383.3,32915.1
33972.6,26325.8,23563.9,23537.9,18399.9,20717,18056.3,15890.5,17790.2,19779,16918.2,20488.3,20024,16427.3,19140.1,19933.3,14988.1,17665.2,15830.2,15896.8,16823.7,16687.3,17611.6,15322.2,18864.9,19844.8,18771.9,18484.8,15388.3,20044.6,21054.5,15696.1,20817.8,20369.4,18968.5,17775.6,17217.8,15657.1,16052.5,15228.9,16708.3,17573,16328.7,16253.4,17293,20913.1,20096.3,19604.2,18795.2,18058.9,19351.5,19849.4,19467.6,20988.8,20098.5,20002.6,15658.6,18926,15695.7,19883.7,15488.9,15111.5,19489,16465.4,19400.3,20716.4,19591.3,15033.5,16355.2,16761.9,17501.2,16147,17029.9,18568.1,17383.9,21046.3,16259.3,15254.5,16515.8,18630.6,17392.8,14985.7,20609,18939.2,19094.4,21056.8,19464,15056,18726.6,15446.2,16739.8,20514.9,17066,20801.8,17659.1,18745.5,16064.3,21672.7,17674.2,20889.4,20082.7,15970,21044.9,16426.9,20243.9,18719.5,21348.8,16271,19494.9,21232.2,16286.7,18450.9,19881.1,16960.2,16124.5,17907.9,20217.2,15950.3,19285.1,16905.2,21618.1,16308.3,18931.2,16399.7,18200.4,20128.6,18789.1,18974.8,21915.4,21757.1,16868.3,17040.5,21988.5,16387,19556.9,20075.3,16718.9,16966.2,16153.1,18428,19049.4,19663,18044.7,18479.2,19365.8,20349.5,14890.1,20144,19311.1,15655,19676.7,15239.9,16794.2,19894.5,19563.3,16243.7,20968.3,17632.1,21498.1,18408.1,16924.3,17482.4,15876.2,19304.2,17773.7,19546.4,17535.9,18465.8,19279.8,21608.4,16561.9,16955.1,17128.2,20937.4,20681.5,19089.3,18054.5,18320.8,16858.9,16097.5,19630.1,16934.8,18195.6,18350.1,15784.7,20273.4,17355.6,16238.8,17030.9,16223.4,19831.1,18577.9,15829.2,21684.9,21194.8,17674,20278.4,16101.9,21690.2,17458.3,18075.2,18665,21214.5,20333.6,18527.9,20679.4,17477,21310.4,17862,19670.1,22176.8,21662.9,17513.5,18094.6,19598.8,16765.1,16273.8,16028.4,18096.5,19664.4,15956.3,19143,15268,18434.9,19610.1,20672,21569,17556,18884.2,16021.9,18841.2,19075.3,20580.9,19217.9,19234,16176.6,17632.8,17102.7,21860.5,21437.6,17271.5,20899.2,18901.4,20773.3,21891.2,16420.7,16318.8,16780.6,19298,21643.5,17770,18641.5,17990.2,17529.1,21292.8,17060.5,17642.2,17477.3,15551.8,20018.9,16356.6,18216,20837.9,19691.9,20686.8,18529.9,21228.7,20168.4,17691.4,21122.2,17882.9,22004.8,18368.8,21214,21223.3,19560.4,20043.9,20322.1,22462.9,18331.6,21836.8,19849.2,22008,22238.6,18391.2,21942.8,21598,22132.6,22325.6,19575.6,20849.3,17591.4,21161.1,19897.5,22591,22168.2,18446.1,21214.4,20406.5,21454.1,17577.3,16216.2,19860.3,18581.8,18621.3,18904.1,22547.8,20494.9,21319.8,21352.9,21520.4,18925.2,20901.1,19804.2,22324.3,21986.1,16792.3,19839,17682.4,19779.9,22291.2,21531.8,20718.2,18720.7,20190.9,23132.2,21265.3,22735.6,19180.5,21678.6,22072.6,23490.8,21579.3,22514.9,20914.4,23068.6,21169,23133.2,19858.3,17060.2,20658.1,18719.3,20874.8,20537,23353.3,20091.6,16926.1,23388.2,17029.8,21367,16105.9,22027.3,20353.9,17854.2,20718.9,19568.2,20280.3,21361.7,15806.6,18856.7,20664.3,16016.1,19784.9,17468.6,20050.9,19125.9,17953.6,15738.6,17707.3,20652.5,17829.4,17635.7,16013.2,19153.5,22442.3,19090.1,19284,18648.4,17930.5,22348.2,25055.2,25644.8,25274.6,33379.8
30218.6,26309.3,23432.3,24693.8,18935.3,17544.6,21825.6,19547.6,20894.2,16430.4,19349.9,16260.9,20122.9,14674.9,17410.6,17204.8,15392.9,14441,18513.8,18086,16004.1,18878.7,15930.9,16935.6,20562.7,17970.7,20475.5,18907.6,17932.1,18220.7,19035.3,16758.4,16914.4,20906.9,17110.7,15255.3,17503.7,17945.7,17224.1,21587.6,19928,19772.7,21240.6,16318,16388.6,18080.7,18642.5,15889.9,16428.3,15051.8,16853.3,21336.9,18085,19882.8,20354.1,20372.7,19537.2,19843.8,21099.2,17172.4,18097.8,20614.6,17181.4,20230.2,19504.2,15222.5,17166.8,18591.7,18925,19872.6,17665,17116.3,15591.3,17790.7,15744,15394.1,17072.5,18227.5,17585.2,16000.4,18050.1,19757.6,14890.5,15530.2,20813.8,16763.1,17491.3,15266.6,19086,15641,16997.3,18334.4,18234,15008.6,20369,21166.3,18881.5,21520.5,18285.8,17854.1,20739.2,20456.8,17592.7,17898.1,17206.8,17960.5,20135.3,17225.7,15356.4,19136.1,18614.5,17334,17706.4,16191.1,20710.1,17155.1,20274.5,16502.1,18562,19230,21445.9,21526.6,18460.7,17467,15889.6,21119.6,19223.8,22106.2,16735.5,21700.1,17248.8,16694,20018.7,19001.2,15693.3,16751.4,18499.8,16402.2,17180.9,17601.1,16666.2,17170.9,18324.2,14965.4,18935.1,17662.3,15371.2,17712.9,19596.8,19047.1,15326.4,21060.2,19976.1,20267,15476.8,18571.6,15287,19779.4,16097.8,16656.5,18423.8,18803.3,16489.9,15439.4,18987.8,21074.7,15794.5,19941.4,15422.5,20659.7,20881.6,18191,19498.3,16521.2,15585,21534.4,20269.4,19533.5,17610.9,16277.5,17188.8,18945,20583.3,16821.3,17338.1,20947.3,16315.9,18445.6,15279.3,21164.4,19531.6,21008.5,21824.5,17228.8,21755.7,17646.9,17419.2,17427.6,17612.1,16024.1,21657.9,19903.4,21622.8,22414.2,17373.6,21204.8,22047.2,17951.3,17642.5,21513.7,16089.3,16807.9,17044.7,18152.5,16774.3,19520.1,16734.5,18615.9,21452.7,15707.1,19431.4,18615.7,19090.6,20022,21468.6,16135.9,18667.8,18808.7,16456.2,19284.4,21021.1,21428.4,17474.8,21600.4,16165.1,20828.4,21165.7,19580.4,19317,19740.9,18264.7,20850.2,19655.8,20943.6,18247.4,16378.4,20062.3,22055.3,16420.9,17012.9,15596.9,17681.7,18764.7,21329.6,19376.5,15589.2,19217.6,18895.5,17463.1,15786.6,18260.5,15929.6,19131.5,17505.3,20252.7,16035.8,16799.9,18291.5,18887.5,18824.6,19490.7,16826.7,18095.5,20436.6,21363.1,18498.3,17610.7,18396.7,21856.9,20713.9,19666.8,18731.2,20292.5,17038.7,18277.4,21269.1,18261.7,19881.6,18587.1,19227.9,17041.8,22370.5,22070.8,18091.6,17815.1,21373.9,16974.3,16349.7,19997.4,19066.9,18414,17843.5,17347.8,16749.6,19043,16517.4,22188.2,19538.6,16526.1,20973,20185.8,17210.2,16244.3,16349.1,20512.2,17533.1,18313.5,18890.4,22917.7,20462.3,22628.4,19708.5,18066.5,20976.7,18440.3,18306.1,21204.6,19015.4,18098.1,19441.6,22752.9,20892.1,17322.6,18394.7,22446.2,17122,18104.3,20700.4,18932.1,17347.5,17932.7,20168.7,20912.4,19808.9,20607.9,21372.3,17535.9,18417.3,22681,21306.4,16503.7,16313.9,17628,19563.9,20309.5,19522.2,18984.2,19239.9,19715.3,19283.1,20881.1,21400.5,20100.4,21053.9,19363.4,15877,17566,16888,16903,17915.9,21563.4,17115,19346.5,22087.4,20714.5,16191.7,17636.5,17527.9,17406.3,21520.8,20426.2,25934.6,27389.4,32795.3
31418.5,27239.8,21543.3,21383.6,22779.3,19480.1,19163.2,20374.7,16628,15666.7,15357.4,17085.5,16210.4,20184.7,18398.6,18458.1,18867.6,16040.6,19780,19077.3,16081.2,15709,18744.2,17065.8,18103.2,17381.9,20121,18223.4,14769.6,19881.3,20679.6,19662.8,20381,17156.6,16506,16548,20272.9,19956.9,17585.9,18802.9,17275.2,21326.5,18733.6,18760,19801.3,17883.5,17455,20801.9,21270,16516.8,18649.5,15830.1,17273.5,16825.8,16844.7,20238.3,21284.3,20162.9,15118.7,15321.4,15450.6,19140.3,19192.9,21289.2,16065.8,19490.4,19644.5,20853.5,17429.9,16838.5,15539.4,18055.7,18809.9,15567.6,19902.5,17259.2,15106.4,16040.2,19531.7,17430.8,16190.6,16678.1,20789.2,15742.8,16860.5,15685.5,15347.1,17544.4,18406.5,19329.7,17324.4,20608.2,15468.8,21404,21372.9,20962.2,16298.3,20132.1,18546.7,17293.8,19189.2,21025.2,20942.7,16985.2,18202.5,17759.3,19367.5,20022.3,16260.9,19669.4,16505.7,20928.3,21162.7,15657.9,15788.4,20665.9,21626.2,20657.9,19890.5,21390.7,20255,19299.6,16214,18610.2,20586.2,20007.2,17125.1,16043.9,18326.2,21152.9,20975.6,18734.7,19819.7,16530,21448.8,21233.1,18421.8,20386.2,19276.3,20034.2,18163.7,18854,19280.6,18366.4,19407.4,15487.8,19779,20148,16160.9,18309.8,16502.1,17856,16954,15643.8,16632.7,18778.4,17302.2,15426.2,20744.7,16691.4,18564.5,20439.6,20878.1,15851.9,19903.2,17246.6,20375.6,16849.6,17971.5,20812.7,18310.1,20639.6,20375.5,19811.7,18002.1,19485,18174.4,21570.6,19464,16652,19630.1,17778.4,17316.8,21818.9,16798.8,16244,19954.1,21205.2,20993.1,20065.6,20416.2,18130.7,20244,15844.5,15734.9,21926.2,16889.2,20570.7,19707.6,22219.2,21751.5,20809.4,21194.9,20552.8,16767.5,21103.1,17379.3,18211.1,18342.6,19583.3,21468,16977.9,17868.8,19798.5,16280.1,17211.8,16194,19406.8,21253.8,17242.1,21376.9,20244,19175.7,20534.4,20170.9,21764.8,18891,21767.1,16999.6,16630.7,16897.6,15784.5,19247.6,16312.3,16109.4,16843.5,15717.3,20935.2,17660,22055.2,20513.6,22233.6,18008.9,21897.1,16014,18902.9,18160.7,18728,18000,16491.4,16698.1,19768.7,18677.3,16260.2,16053.7,16533.5,16504.8,19563.8,17212.4,20736,17654.8,16122,17548.7,15717.9,20333.7,22351.3,19612.7,18818.7,19861.2,21788.3,17319.1,17550.1,22263.4,21257.2,16786.5,16575.2,20117.8,20769.2,18120.6,17932.8,22090.3,17694.5,16345.9,22166.1,19259.5,19229.1,15894.1,20677.5,18980.2,17874.3,22000.9,18265,17925.3,21770.5,16430.8,20880.4,21869.5,19761.5,20560.6,19454.3,18267.1,21802.6,21617.5,21062.5,19848.7,21963.1,21267.7,20627.2,18331.8,20227.5,17706.9,22328.5,20984.7,21553.6,19975.5,22240.2,18856.3,22766.2,17591.8,20609.4,21746.2,19289.4,17839.3,21392.8,17696.4,19194.1,21207.2,17605.6,17107.4,20215.5,17868.3,17227,21885.6,17479.7,19119.8,16911.4,17952.9,23125.7,21328.4,18585.4,22318.9,20526,17720.8,22066.7,20454.1,16950.2,21347.1,20056.8,19560.5,22785.6,17038,16415.1,19674.3,16168.4,21715.9,20872.6,17512.6,18710.5,16699.1,18488.9,17468.4,17919.3,20948.6,19446.5,15955.8,21189.2,17117.9,19037.6,20729.7,22166.7,16854.2,22231.4,16780.1,16450.8,18883.2,17822.1,18945,18755.2,17871.1,20834.9,22547.4,25576.1,26502.6,35476
31894.6,28171.2,21001.2,20522,19121.2,17880.1,16079.6,21396.4,15841.4,20240.3,16100.7,17596.6,16690.5,20296.7,19750.1,18100.7,15259.4,15172,16795.9,15913.2,15378.4,20516.3,19734,16514.3,14625.2,18234.4,17311.8,15060.8,17301.2,18703.5,19927.4,19534.9,18650,21077.7,15944.6,15160.8,18959,18196.5,16416.6,18009.6,16128.5,16326,21657.9,21346.7,16529.7,15730.6,20281.2,20981.9,16600,20491.9,9312.62,16680,18041.2,18590.8,18269.1,18484.8,21272,16813.5,15527.7,16385.2,18372.4,17995.1,21269,17985.2,15065.6,18680.1,17353.8,21310.8,15044,19146.8,15608.1,15632.5,15767.6,15409.4,17839.1,16187.8,21182.2,18401.6,17232.8,17810.7,14875.6,15821.1,16287.1,20206.7,16055.8,20001.1,15828,15867.1,17936.6,19279.4,15374.1,21359.2,17359.3,16427.3,21144.2,16738.4,16015.5,20641.1,18881.5,15504.3,17528.6,21579.1,18488.6,21469.2,18013.6,18899.3,18657.6,15986.8,18277.6,19900.2,16834.9,15571,18737.3,19410.4,18797.1,21385.5,17341.7,20802.1,21976.6,18600,21944.5,22255.8,18297.9,16473.3,17742.4,18987.2,16514.7,20673.3,20494.2,19917.1,20221.2,20310.8,22061.8,16376.9,21557.7,21132.5,16220.7,17995.7,15771.7,15163.6,15666.9,14795.8,18001,16267.7,16443,16779,16280.8,16046.6,21192.6,18081.5,20645.9,18197.8,17058.3,20133.6,14324.1,14945.8,15671.5,18936.6,20271.3,19956.5,17580.7,16252.7,19286.1,16195.7,19563,15340.6,21087.9,16568.7,20062.3,15934.7,21365.9,21036.9,16911.7,16640.7,15479.2,17263.9,16822.4,16243.2,18144.8,20044.4,15507.4,16308.6,18076.4,19155,18288.6,18315.7,20271.7,15973.9,16217.3,17457.1,15466.9,15600,17347.3,15897.6,21155.2,18365.1,21447.4,15976.4,16575,17197.9,21909.1,21755.8,17506.7,21406.4,19464.4,16230.4,16637.1,18036.6,18579.1,16801.7,16634.1,17923.6,19795.3,17672.9,19574,18172.9,16700.2,20349.1,15640.4,17161.2,17223.9,20584.1,16173.5,16296.3,17828.8,17556.2,19221.8,19235.3,16667.6,19584.5,16313.1,17723.8,17951.8,18562,18346.1,18537.9,17886.6,21797.4,15655.8,21525.6,21176.7,21857.5,20222,19439.3,19757,18274.7,18569.4,20499.5,16146.4,16095.7,17652,17511,21637.7,18851,17198.2,15707.2,21253.4,15609.5,19510.4,19950,20809.3,20128.5,17682,16897.5,19678.6,20117.8,21175,16873.7,20375.1,19455.5,18633.7,16580.8,22458.5,21368,17345,21469.8,20412.7,19823.4,20828.6,20865.9,17317,16077.7,18239,17622.6,16796.1,17177.7,21165.5,16897.8,20477.6,16667,18951.1,16599.4,16167.3,16605.1,19300.4,20790.8,22194.5,18402.4,19559,18387.2,19505.6,18395.8,19376.4,18693.9,22478.5,22034,18311.5,18509.1,16381,18101.3,19615,17905,16853.8,19529.1,17604.9,18646.8,18429.5,21564.8,22836.4,17665.3,19633.6,19546.2,18798,22973.1,20085.6,19763,22885.3,23792.5,20435,18620.4,17173.7,18161.1,20216.4,18926.2,18622.5,19757.4,21279.7,22661.5,18695.6,23081.2,16849.4,21040.3,21769.2,18544.1,21129.1,21523.7,20042.4,21303.3,19136.8,18782.2,19407.7,17978,17771.4,20367.1,21341.2,17935.5,16706.6,21882,17088.8,18856,16930.8,15734.7,18739.8,16833,18156.7,20637.5,15506.3,16759.2,18742.6,16859.6,16315.6,16610.5,16977.6,21781.8,16815,16134.3,16516.7,20911.5,19112.9,21644.3,19393.3,23117.4,24765.6,29651.4
29233.5,28908.7,23272.1,18950.7,17404.6,19192.3,19660.1,19801.6,16082.4,15767.7,19991.5,17852.1,20135.4,19302.3,17138,19443.4,19971.3,16279.4,14727.4,17541.8,19176.8,16878.3,19713.7,16420,17464.2,15965.8,18808.1,18944.4,21101.7,20212.7,16759.6,17098.2,15623.6,18330.5,17378,19216.6,21137.7,19323.8,16639.3,21491.3,19427.3,19094.5,18568.4,17536.6,17823.6,16520.7,17098.2,18703.2,17318.3,19513.2,18028.1,17810,18806.1,16131.1,19265.3,15362.9,17674.1,18543.5,18629.6,15022.1,19367.2,18461.9,19828,19165.3,15845,18595.3,20436.8,19195.1,17073,17185.2,20648.7,16961.2,17350.5,16401.1,19624,18235.3,19390.9,17997,18709.7,20148,18027.2,15314.7,17388.5,20070.8,16440.3,16383.6,16198.7,15562.2,17635.6,16453.1,19144.9,19003.7,20023.4,15282.2,19074.6,15424.2,19538.2,18586.3,18869.8,18774,16201.5,21426.7,18864.2,15038.8,16231,19316.2,18345.4,17835.6,16598.7,18247.2,16690.3,19589.5,18692.2,15993.1,15951.4,20116.9,16456.9,21805.3,19633.5,20269.3,16150.7,17123.8,17751.4,20906,17538.2,18523.4,20473.4,20301.3,15939.5,19986.9,15577.7,16475,16255.6,16739.6,17146.9,15614.2,16270.9,20641.4,16439.4,15306.9,20552.3,20097.3,16173.4,15188.3,16318.6,15219.4,19933,15844.2,15301.5,16999.6,18288.8,19444.9,16527.3,16379.3,15952.4,14884.1,18132.2,20763.5,18132.5,17128.3,19269.1,18034.6,20525.6,19072.2,19903.8,15536.1,19600.4,16743.1,19658.7,20791,17705.8,19183.5,17572.5,20543.8,15890.2,17100.3,19136.8,18142.8,20808.2,17398,17260.7,16204,18195.6,19248.4,21202.7,17344.2,17816.3,17388,17674.2,20965.5,17104.4,19200.5,16787.7,19155.5,19933.1,19707.4,16492.9,15887.5,17106.1,18693.1,21386.7,21072,18864.8,17356.1,17287.7,19907.6,20401.4,20166,17091.8,17835,16814,20173.1,16831.6,20748.2,21466.9,21944.2,20215.7,18384,17619.1,16267.8,19630.7,20283.8,15537,18154.6,19371.2,15741,20911.2,16501.8,15466.5,16516.5,16096.8,21008,17310.4,21929.8,21727.2,20585.2,17013.5,18116.6,17112,20565.6,16686.9,16252.7,19686.3,20626.6,15810,15808.7,17989.3,16938.2,19335.4,21974.3,17371.3,16078.4,15678,17694.5,16520.3,21629.2,16818.9,21621.7,17316.8,16881.2,21764.5,20672.6,15855.9,20210.4,16572,19477.5,19780,19761.1,18248.1,18818.4,20823.6,22068.5,22014.1,19119.9,19908.9,18721.6,21465,18464.8,17405.7,17986.6,20665.5,17320.4,19777.5,21603.9,19886.8,21605.7,17962.5,22115.7,22546.3,20898.7,20546.2,19151.9,19634.9,17396.4,17098.4,20586.4,16943.5,17101.8,16242.3,16377.1,19564.6,21550.8,21241.7,21693.1,17240.9,20382.4,18115.5,20351.1,15990,19264.4,18120.9,22186.5,17427.6,21763.3,21364.7,17647.5,20415.4,20569.2,17455.2,20686.8,17283.3,21098.5,18010.6,23599.3,19018.9,19391.7,20502.2,17896.2,18314.7,17648.2,20876.1,22392.3,19927.7,20754.4,20929.7,21953,22280.3,18994.2,22530.5,18286,20506.4,20100.4,22630.2,23319.9,19363.1,21189.4,17862.2,19840.6,22476.5,18654.1,18771.8,19972.6,20339.6,16738.1,18147.2,18111.6,20534.3,20766.1,21767.8,20423.8,17937.4,18327.4,16339.3,17479.6,20548.7,18725.1,20021.3,18387.4,21659.4,17468.6,17799.8,16255.9,18948.6,19843.5,21102,22965.3,20914,21044.7,20883.8,23123.6,23353.9,26781.6,27337.2,34361.5
34250,29088.7,26054,21741.3,21220.9,21774.3,18009.8,15862.4,20342.8,15794.6,18405.3,19762.8,16442.5,18196.2,16984.8,17883.8,18469,15554.8,20007.4,15622.3,16085.9,15159.6,19059.4,15959.3,16065.7,16929.1,16527.2,16132.5,19765.6,16805,15150.8,19072,18931.1,21728.5,20537.7,16781.6,17395.8,16672.3,17467.1,17404.9,20400.2,20516,20019.4,21377.5,21137.5,16691.4,16609.3,16861.9,21055.1,20321.4,18999,18617.6,20238.6,19117.5,20220.3,17528.8,20960.1,19992.4,20144.5,17613.5,15240.4,20743.6,16384.2,19662.4,20755.3,19446.2,15851.4,21010.2,15791,19636.1,17632,20039.4,17571.6,21166.7,14998.9,16255.7,18811.6,16653,20478.4,20236.8,16804.4,18912.8,18664.1,15848.5,15608.2,16295.3,17345.7,18213.6,19921.8,19821.7,18288.5,15575.9,20841.6,20961.3,15722.7,17055.2,16380.9,17668,15636.1,18606.8,17784.3,17490.4,15313.4,20508.3,18576.7,20996,18848.5,16820.8,15442.1,15911.2,18275.5,16079.8,18154.8,21116.7,17003.2,21372,17418.4,16779.8,20876.6,15780.9,18085.1,17642.1,17403.5,17743.2,16158.5,18766.9,19983.5,18046.3,15709.4,16637.1,20011.9,22096.8,19087.8,21246.5,17520.9,17669.3,16368.9,18943.7,16985.2,19539.4,20537.2,18129,14515.1,18164.1,20704.6,20698.1,18501.8,18988.8,17928.4,16326.2,16688.6,15673.7,18015.3,19344,18370,15275.9,17417.5,17829.5,20390.7,18977.6,17763.8,17965.5,19691.7,16288.5,21415.2,15939,21235.7,16761.1,18642.2,20733.6,21478.9,16196.1,19681.1,16118.5,16376.9,21739.5,16620,18452.9,18080.7,21940.2,17935.2,18665.6,17156.9,21134.7,17542.8,16343.3,20990.3,17787.6,20987.2,16924.8,19816.5,15922.5,16724.3,21719.9,20371.7,19682.4,20614.2,19675.6,16181.9,17419.7,21273.7,16491,16414.2,17776.5,19317.3,19130.2,18395.6,20438.4,22001.6,17126.4,17841.9,19626.5,19276.3,18063,20422.1,16945.6,20097.4,20472.7,20888.8,15811.5,17767.5,15186.8,15034.8,21218.5,18051,18663.2,18042.6,18312.8,17471.8,19836.1,21068,16397.6,20914.7,21055.4,21826.2,16130.9,20463.3,15676.5,18218.5,19376.7,16537.4,18189.9,21697.1,20441.1,17687.4,17666,20622.9,20516.2,18091.2,17642.5,17756.4,21073.7,19692.8,19671.8,19647.3,21249.9,19663.3,20085.8,20683.7,16512.4,18225.1,16688.2,18526.3,18202.6,17561.9,16486.4,18261.8,19547.9,18234.6,20460.9,19730,21951,20301.6,21055.5,17623.3,22459.6,18838.7,16824.9,16280,16812.9,17131.8,19560.4,20209.1,20757,19385.6,21094.1,16373.6,22406.3,21547.7,20076.2,19884.6,20072.3,21476.3,16543.2,19334,18407.7,21372.8,18094.3,21411,21400.4,20232.5,18442.8,19240.2,17163,22196.3,20390.5,21780.8,22892.8,19569.8,18594.9,17817.7,18172.2,16280.2,16177.7,18701.4,22675.7,20605.1,22643.8,18050.8,17235.3,17224.8,21995.2,18435.5,18745.1,23733.5,22340.3,22840.8,22291.4,18588.3,19257.3,17921,23464.4,21761,19725.2,23197.2,22396.5,20777.9,22352.6,21485.1,20235.9,17856.4,20909.6,18868,20229.3,17502.1,21006.6,20394,17239.2,18993.3,20536.9,20519.5,18433.7,18393.5,20837.8,19715.9,20728.7,21998.2,17795.1,19385.8,17834.3,19617.1,16427.2,17002.8,20897.5,15469.3,21726.1,15889.4,16676.5,20514.9,18479.1,19127.3,16568.5,18155.4,20376.3,21112.7,22329,21280.7,20571,18186.3,21773.6,21913.4,23578.1,28567.2,33738.6
29177.7,24685.2,26928.2,20317.3,21041.5,18993.3,18553.3,20478.6,17180.9,17036.1,18752.7,20359.7,19982.3,16517.6,20185.6,17574.7,20630.5,16736.6,15920.1,20716.8,16828.3,15581.8,17312,19006.3,17575.8,14767.3,19176.8,16034.4,16907.7,18397.3,16995,17131,19940.8,18312.1,20763.4,18258.7,21596.3,15912.6,19699.8,19390.3,16167.7,19362.9,21019.6,16730.2,18224.1,16352.9,19385.7,21053.2,18925.4,15377.9,17516,17960.8,18690.3,19616,18955.4,21013.3,20729.9,19452.1,19428.3,20519.3,17342,21334.4,17143.2,19773.7,16350,18331.6,21159.8,19055.5,19165.7,19203.9,20444.2,19217.3,15299.6,19274.9,18681.3,19579.2,17474.9,20342.8,18287.1,19431.6,19501.6,14634.4,17282.4,15471.5,15259.1,14708.9,17072.8,16664.5,21076.3,18291.1,18911.8,20259.2,17044.4,20577.3,17507.3,20498.2,21507.5,21229.5,21747.1,19370.9,21480.1,15932.7,20329.4,21485.1,15693.2,18036.1,19738.7,21261.7,18705.7,16836.1,21831.2,16166.9,20951.9,17512.1,20484.2,16508.2,16438.6,17042.2,16775.5,21842.2,15891.8,16764.1,21977,16003,21738.6,19268.1,21151.7,20795.2,21447.3,20956.8,22027.4,21929.4,22354.1,20361.9,15724,21203.9,16456.8,17057.8,18058.2,20108.7,16814.3,16915.9,20027.5,17748.6,16796.7,18139.5,17388.3,18492.7,15663.3,18865.9,19136.6,17938,15038.9,17621.7,14084.7,17759.4,15156.8,17032,16168.1,18441.9,18588.2,21321.7,17549.5,20034.4,19862.1,16690.6,20556.8,20839.6,15620.7,15575.9,20048.9,17053.3,19642,16930.9,19220.1,20912.6,20934.3,20942.6,17426.9,17324.8,16345.8,17539.7,19685.7,17800,17145.1,18752,17371.2,19172.8,19493.3,16505.5,21197.4,16456.2,18955.3,22238.1,19571.2,20931.3,22024.7,18237.4,21685.2,16930.7,16617.2,17217.1,20193.9,21249.7,16373.3,22067.8,16873.9,16756.6,18936,21487.5,16146.3,20313.7,20660.8,19795.4,20411.4,16635.5,16017.7,21327.9,18490.5,16371.7,15627.4,17696.2,18432.5,18388.9,17490.4,15388.2,17021.2,17727.1,18899.6,18177.3,16490.3,17758,15332.1,19687.4,17988.1,19393.5,20982.7,21902.8,17902.2,18839.5,18982.1,21197,16235.7,20938.3,18950.6,20760,17768.3,19223,17558.5,17887.3,17241.3,19126.1,20490.1,15733.4,21506.3,18788.3,20133.5,15664.2,15828.9,21857.3,17222.7,19300.5,18106.9,16249,19394.7,19758.7,16677,21648.7,21360.5,22309,16315,21113.9,17593.6,17497.3,19561.2,17528.2,19983.6,16328.6,18933.4,20623.5,21554.3,19140.7,18874.5,21856.6,16274.6,19341.5,19753.7,16073.7,22339.2,17528.4,21947,21299.2,16479.5,16971.4,18022,18051.4,21378.6,16361.4,19060.3,21632.3,21434.5,18899.5,16443.8,16612.8,22808.2,19634.4,19453,19336.3,18169.3,19417.2,20910.2,17983.3,19797.9,17951.5,19593.5,16748,18316.3,21098,18165.4,21300.5,19065,22816.5,17080.9,18475.9,20194,17408.2,18409.1,17917.2,23057.9,18185.9,18081.3,22666.5,20717.7,21152.9,23061.7,19347.6,19215.6,17655.1,22655.4,17692.1,20620.3,20691.4,17728.7,18148.2,23632.6,22758.8,18964,22225.8,19605.5,21452.2,18123.7,17775.7,16248.6,22150.9,19191.2,18666,17317.1,18301.3,22405.1,20647.5,20050.8,18226.6,20914.1,21223,21219.1,19752.5,15218.1,22008,21826.6,20417.5,20475.7,16711.2,21989,16622.3,19169.8,17282.2,20162.1,20879.3,22484.5,22723.8,22775.5,21468.8,24918.1,29984.3
32041.9,26511.6,23034.4,21246,19202.3,20031,19326.6,20121.4,15459.8,16365.7,20632.2,17050.3,20884.9,18940.1,17078.5,15530.2,16402.8,17468,20238.3,19240,19492.6,17811.2,18797.2,19749.7,16038.7,19579.7,18744.2,17846.1,18265.3,18199.6,21465.7,15768.1,16333.3,20489.1,20260.3,21030.1,17299.8,16804.1,17969.5,15922.9,17310.1,17467.3,20178.4,20084.5,20594.4,19741.6,17681.7,20850.7,19904.3,15630.9,19203.1,18178.4,19369.9,19600.4,21062.9,17653.2,18045.1,16111.2,17305.3,17698.2,20004.9,20479.3,19215.7,20673.4,21501.6,19453.3,15955.6,15092.5,19928.9,18638.8,19102.1,16850.6,21283.1,17492.8,20452.5,18622.4,21235.2,16147.1,19516.8,17872.8,20178.7,20262.7,18748.6,20069.6,21516.9,15347.1,16010.2,17726,16492.3,19719.6,20563.4,16552,15162.6,15398.8,19450,19363.7,18311.3,17005,18486,20114.7,18972.4,16083.1,15279.1,16678.5,17933.7,15360.6,19552.1,15156.8,17566.8,19802.8,17586.8,17347.8,19068.2,17582.3,15797.1,20772.6,16212.8,15949.1,18276.7,16423.9,20561.1,17533.3,18746.3,18358.1,16269.1,18551.7,16966.7,16423.2,20483.4,21655.5,21341.7,20704.7,21047.4,20809.1,19677.7,15400.7,19916.4,19836.2,17239.8,17489.1,15119.9,17304.9,15914.4,18938.2,15422.3,19173.5,16805.1,15836,17860.5,14845.7,17304.4,16932.9,20391.4,19341.3,15983.1,17688.2,21402.4,15830.7,17549.6,14977.5,15973.5,19615.1,15068.5,18328.8,16857.8,20335.4,18879.1,17251.5,21529.3,21579.2,20286.3,19654.2,16722.7,17863.3,16916.7,21754.5,17569.6,18902.9,18534.5,16345.9,17275,21782.5,19396.5,20687.5,16709.3,18850.8,15943.1,18036.4,20989.1,16557.8,19469.5,21818.4,21676.1,20801,17159.3,20587.1,21362,17516.2,20036.9,19688.4,20787,18109.6,19351.9,22226.1,16634.9,18978.1,21895.8,17515.4,17715.8,20756,17479.7,20036.4,20359.4,20178,22191.4,18702.5,16423.4,17313.4,18278.5,15423,16116.1,19659.4,20485.6,17886.8,18438.7,16749.8,19164.7,17710.4,16539.9,19569.6,17825.9,19858.3,20788.6,17673.1,21275.9,16443.1,17699.8,16429.9,18044.5,21211.6,20716.7,16285.2,18969.3,15528.3,17062.7,19423.1,20111.9,21391.7,18984.6,21296,16706.3,16319.7,16244.8,19771.6,17842.1,21577.8,19192.8,20555.8,19927.1,17760.1,18147.1,17624.9,17763.3,18176.4,22067.4,21738.3,21855.1,22334.2,17950.2,22264.5,21033.4,18415.3,21686.3,17390.8,20848.3,18888.6,20127.2,17301.3,17050.5,16587.6,21486.7,16984.8,22167.8,17461.7,17249.5,20148.4,16207,20274.8,22314.2,18817.8,19281.7,22416.5,16798.2,21949.3,20765.3,22029.4,21340.7,20049.4,19406.4,20108.6,18370.9,20427.2,20126.3,22366,20298.2,18699.1,16366.8,16932.9,18162,22498.2,18152.7,19175.3,18632.5,21804.9,16585.1,22597.5,18821.9,17256.7,20983.8,20783.5,23216.5,17730.1,19361.4,17529.9,23151.7,23601.9,20460.2,22790.3,22363.3,22282,18259.6,20987.5,20924.6,21202.9,18009.4,19238.6,21624.2,21145.8,20900.9,18789,22239.2,19327.5,19442.2,23909.9,19372.7,19350.5,19022.9,21092.6,21802.6,17801,17964.3,16680.9,19561.3,17361.5,19023.3,19016.8,18806.7,19850.8,19917.6,19199.8,22326.4,16461.9,19075.2,19620.7,19294.3,15709.9,17016.8,17841.3,16727,21464.8,18082.2,18605.2,20284.2,18990.8,19268.6,16893,20290.7,21222.7,18358.1,22524.2,20791.5,24065.7,25935.7,29504.2
34165.2,27658.7,22164.9,21381.4,23228.1,18823.5,17115.7,16795,16275.1,19705.4,20983.8,19758.7,19481.8,19366.8,17993.8,18617.6,20901,20212.1,18423.6,20000.5,20250.8,16752.2,18042.4,16385.5,17569.6,20504.7,20138.6,17564.9,17932.9,19770.4,17119.3,17134.6,18279.9,20991.4,19213.4,21008,17077.4,19735.4,20897.7,17055.9,17731,20464.8,21182.9,16468.2,18580.7,15445.7,19672.6,19834.3,15755.7,18310.6,16591.1,16309.2,18566.4,15870.1,20974.3,16112,19926.4,16636.3,15396.2,20715.4,19267,21500.7,16527.8,19368.5,15623.4,15156.6,16676.4,20787,19818.3,19563.4,18496,17307.9,21508.4,17448.3,15361.2,17090.9,17413.6,16303,20402.7,15773.2,17602.4,18531.1,21356.8,20676.7,18579.2,19843.9,20586.5,17048.9,19765.8,21651.2,16581.8,17195,18261,16250.1,20307.5,16330,17891,16793.8,18227.2,15848.2,15136.6,19735.7,18439.1,19236.3,17782.4,15950.9,18899.3,19005.9,16405.2,21669.6,16777.5,18553.2,17459,17393,21320.9,21193,20243.1,20863.8,21753.8,21546.3,19088.8,15664.3,18368,20791.9,20714.8,16638,17642.9,18997,18186.8,18440.1,16764.3,17311.6,19203.8,19831.5,19155,21416.5,17766.6,18375.9,18574.3,19225.1,19458,19016.4,15097.3,15588.8,14440.9,15281,19246,16766.2,15896.7,14837.8,18424.7,16183.3,15325.5,14661.5,18907.3,20226.1,16152.5,17800.7,16923.8,20839.4,18120.6,16041.1,17762.3,20878.9,18718.3,20125.7,20761.7,17520.7,19642.6,17816.6,16346.7,20660.3,15980.4,18691.9,20709.7,17002.3,20930.4,19922.8,17715.2,18903.1,19832.4,20851,16262.8,17262.2,19533,18358,18356.5,18270.2,20761.3,20071.7,19848.5,21315.7,20092.5,16590.6,21671.6,20174.5,18464.2,16231.4,22086.9,16517.2,21809.4,17155.2,20562.6,20967,16595.6,19397.5,18384.3,20499.4,17593.7,16770.1,17599.3,21759.9,19060.1,19783.2,16852.2,17060.7,16421.3,20798.4,18280.3,16637.6,20668.4,16985,21334.3,17964.5,15492.5,20389.2,18808.2,17616.2,19561.7,20593.3,17065.2,21723.4,19368.1,19807.7,17670.5,19276.9,18259.2,20641.4,20239.9,15858,16091.1,19566.7,21547.8,19046.5,17487.7,20074.6,16730.3,18835.3,17379.4,17765,21445.5,18615.8,21288.1,18904.5,19357.3,20547.8,21194.8,19379.1,19052,19270.3,16723.1,21037,21774.1,16825,21267.8,18687.3,20367.4,20375,21806.8,21297,16518.6,20989,18144.3,16042.2,16951.6,17642.7,20734.9,20918,20201,17626.5,15992.4,16748.3,18281.4,17202.6,20603.2,21343.3,22508.5,16244.4,18325.6,19547.4,16637,17207.1,17731.1,19415.3,16471.2,16298.5,19271.4,17206.8,20577.7,17016.7,19252.8,17218.8,21484.8,21680.7,20389.4,20851.8,16672.1,18846.9,20569.2,22008.9,17476.9,19321.2,16756.2,17535.9,19802.2,19854.9,19917.1,17033.5,18867.2,22582.2,20379.9,18814.1,21527.7,20627,20890.8,23912.4,22078,22457.5,23657.6,21001.9,21922.3,18966.8,23576.6,23977.7,23094.1,21958.7,21841.4,19433.1,20251.5,17866.5,21677.5,18083.9,22760.1,20192.4,21357.1,20912.5,21119.1,23493.3,20564.8,17727.6,16666,21247.1,20681.9,19560.4,19785.5,19662.4,21830.9,20524.8,16151.8,16978.9,16960.3,17275.7,21377,15727.5,21363.3,16464.9,20587.1,19870.8,18780.1,19676,20287.2,18046.6,16560.3,21865.3,20404.3,19952.9,18045.8,19567.6,20570.6,23167.4,23336.4,23477.3,29690,32545.5
29344.8,27854.2,26267.2,23992.1,19601.2,20479.1,21455.7,17779.9,17310.8,15151.1,19107.8,17553.9,19508.3,16987,15838,15337.2,20412,20415.3,20695,16747.7,20527,18130.6,17199.2,15219.4,15559.3,15094.4,20925.2,15943.2,15129.2,19762.2,15236,20797.8,21372.5,21330.3,20946.3,17424.7,19871.3,17100.8,16091.6,16106.9,17955.7,18292.3,17153.7,16924.1,19746.6,17726.6,19832.7,15994.5,17927.2,19770.2,21193.4,15699,17021.8,17880.5,19269.9,18784.2,17005.6,20419.3,16410.9,15313.7,21080.8,19015.8,17147.1,18637.7,19646.7,21312.2,18675.5,19060,20675.8,17275.8,16976.8,20994.8,20877.8,15359.2,17561.8,15956.5,16217.8,15078.2,17195.5,21029.8,15612,19714.8,19726.1,15072.4,16701.3,17413.7,21176,18793.7,17753.7,20241.7,19288.3,18888,17089.2,16188.8,18470.7,15078.6,20722.5,16171.7,17655.9,15195.1,19969.6,20032.7,19751.6,15916.6,21488.5,16836.2,17709.8,20021.4,16013.9,15847.5,16503.9,17934.4,17045.1,21727.1,17854.1,17452.4,18788.6,19690.3,19446.9,16375.6,21551.9,18911.6,16534.5,21322.3,17716.9,20428.5,18433.7,19834.6,17746.3,20377.4,17752.6,16339,16623.9,22021.5,20789.4,15447.4,20361.3,15025.1,20768,14740.1,15230.9,17144.2,19897.3,16962.6,18344.3,15244,19395.1,20187.2,17115,19853.7,21110.7,20018.1,20936.4,16812.2,17394.7,20103.3,17619.7,20932.8,15071.2,21451.9,19614.9,18337,18582.9,15466,16309.1,17922.8,20956.5,15456,20250.3,19023.7,19138.8,18398.5,19582.9,20645.9,16807.5,17701.1,20263.5,18165.2,19630.1,20419,21649.2,17364.5,15386.6,19953.2,15342.8,16964.2,19076.3,16882.7,18823.4,17552.5,19647.8,15710.8,16997.1,16559.2,20760.7,20152.6,20167.5,21475.5,17513.5,21941.7,21142.6,17896.4,19727.4,19258.1,16859.3,21395.4,21798.7,19245.2,20430.2,18142.4,16253.5,20885.5,20896.2,16434.9,17942.6,17892.7,18026.3,19874.4,20828.1,20760,18071.1,18999.5,15677.9,19294,21053.8,18191.3,17815.5,20117,17233.9,15491.9,17135.2,15242.4,18096.9,17352.8,19556,17781,21013.6,15767.9,18057.8,18359.6,15524.4,15860.4,15457.9,21652,17385.8,17351.5,18708.8,19923.2,15522.9,19234.6,17377.9,21010.2,18007.8,21838,18442.5,16401.7,16591.2,15917.5,18007.9,18948.6,20079.3,15824.1,16873.9,19516.2,18856.3,21439.3,21723.7,17213,19503.5,16955.1,16132.4,18754,17383.7,22556.7,22179.8,21052.2,21528.1,19205.6,16435.8,20529.6,19052,19764.8,15858.7,20537.8,19812.5,22377.1,20038.2,18598.1,18652.3,18925.4,21111.1,20259.2,16076.9,16132.4,17321.8,18672.1,21131.6,20196.8,21458.5,22203.3,20035.6,18669.3,18856.4,16939.6,16515.1,16403.2,17077.1,21969.6,16550.7,17393.6,18831.7,17978.8,17908.2,19851.7,19758.8,17486.7,20951.8,17209.6,17826.2,17655.5,20981.7,18326.5,22488.9,17686.5,19896,23212.5,22808,22943.5,22425.1,17659.2,21615.8,21716.3,23169.7,20657.6,23010.4,20028.2,19872.8,22261.8,23291.7,20171.7,21395.5,20870.9,19965.5,20476.2,17941,21137.2,20506,21423.5,21785.8,21236.2,20621.9,20934.8,19441.8,18170.4,22640.1,16664.2,21180.3,21085,17636.6,18857.8,19115.7,22040.2,18396,19462.5,19811.1,21038.2,18687.6,19378.6,22176.5,21290.2,21684.9,19014.2,20435.6,21491,22751.1,18950.1,20472,17251.6,22884.3,18056,23856,21799.2,28018.5,33138.8
34104.7,29541.7,22288.8,24532.7,18717.2,16965.3,16960.4,20548.3,16817.4,21328.6,21197.8,17211.7,21279.9,19569.9,18536.1,20276.6,16514.9,17833.4,16119.5,14744,15494.8,17678.4,15702.6,15403.2,15360.4,17355.4,17963.1,18019.1,16014,18003.1,21154.3,19823.6,21190.2,20898.7,18099.6,16839.7,15876.7,21716,21961,20643.8,18375.1,19386.6,15671.7,18382.4,17219.1,16949.3,17843.7,17077,19571.9,17216.4,19316.6,16398.6,20393.5,15758.6,21068.7,18644.2,18943.1,20499.4,17987,16990.2,16858,17257.7,15207.1,15390.9,21473.1,18512.4,20159.7,21325.7,18907.6,17557.5,19909.7,16463.7,18129.4,20009.3,18105.7,17243.6,16225.3,16923.5,18578,18212.9,16389.3,16840.6,15256.5,20897.4,15619.9,19508,15599.9,15725,15037.5,21044.6,20017,18627,18045.6,17461.6,19308,15293.2,17210.4,18083.9,21340.5,18658.2,17674.2,18105.5,16096.2,15068.3,17101.5,20250.4,19140.9,20324.2,17984.6,15559.5,17145.9,20873,16508.6,21313.9,20450.8,17872.5,18504.1,19791.7,20902.1,20802.6,18146.1,16089.6,18904.8,19961.9,21844,19510.4,20388.5,20612.8,21877.4,16891.5,16255.8,17363.3,22165.9,17277.2,21246.4,16071.5,15821.6,17445.5,16455.9,16863.3,15585.1,19830,16647,15972.2,20264.6,15078.3,19892.7,18504,18260.8,16057.4,15915.9,19586.6,16210.1,19989.5,13905.1,14872.5,16996.6,17235.8,17317.5,16325.8,17604.1,15109.5,20927.7,20358.5,18508,15112.8,20769.2,20178.4,18534.6,17220.9,18305.5,20207.5,19798.7,17043,18459.2,17919.4,20785.8,19649.6,20720.9,21745.4,15628.9,16001.6,19786.4,16595.5,17848.3,19980,19425.9,17911.6,18291,19138.7,20930.3,17017.4,17633.4,21224.8,21769.1,20195.7,18027.6,16473.2,16192.7,22210.6,21775.6,20791,18990.1,19088.2,21124.1,22291.3,19190.5,22269.5,19865,22272.5,17283.7,20910.9,17883.5,19621.4,18906.5,15832.5,18562.5,16867.7,16748.6,18428,17866.9,15989.9,20479.1,16830.7,21527.4,17764.9,17152.9,19127.6,15659.2,18691.5,20002.5,20386,15275.2,17322.5,18155.4,15650.5,20745.8,20968.3,16923.7,19614.3,21784.5,17907.7,15506.6,17227.9,20772.1,20284.7,20808.1,17705.4,16096.3,16318.9,17160.2,18793.9,16200.9,20699.5,19612.1,18327.9,17134.6,17413.9,19718.7,15643.2,21517,17388.1,16179.3,21419.6,17125.4,16567.9,16881.7,16173,18736.4,16992.4,22589.4,17701.8,19106.5,17982.2,19961.2,16425.6,21877.4,20892.8,16898.2,18607.7,18680.8,19649.7,19771.7,16207,17069,20998.1,22152.1,18993.4,18741.3,16050,21909.5,20372.6,21510,17211.4,21727.6,18632.1,17485.9,21387,19421,22647.2,20244.2,16530.4,18639.2,17534.4,22196.8,20028.9,16891.7,20779.7,18857.2,16452.6,22273.9,22314.6,19750.6,22686.4,18034.7,22727.3,19139.1,21624.5,21756.5,21140.5,17383.3,23816.5,19301.2,22746.8,20798.6,17922.9,17427.7,17930.8,23431.3,19612.5,22332.7,21368.7,18117.2,19426.5,20978.8,19779.1,21711.7,21768.3,23282.9,19627.2,20706.1,22414.2,22484.3,20424.9,22072.5,18167.2,22065.7,24040.9,18190.2,19445.5,20541.8,22101,21016.8,16992.8,20880.4,18596.2,21905,19014.5,16712.2,19336.8,16851.6,17833.8,17367.1,18595.5,19888,21468.6,19422,15899.7,17268.8,18089.4,20411.3,19486.6,16447.3,21415.2,21158,22106.1,18521.8,17305.4,22277.5,21188.4,25063.1,24361.2,24542.6,33505.6
31217.2,23935.4,23185.4,22444.7,19723,22837.2,19653.5,16991.3,15820.5,20992.5,20244.4,16410,19941.5,14927.4,16794.5,17871.4,19853.4,18555.9,15422,21098.6,15324.3,15418.1,14691.6,15193,16646,16001.3,15584.8,15458.8,18444.1,16795.2,15372.5,18646.9,21446.5,19130.5,21201.6,16842.1,19212.4,17003.9,15887.4,20621.3,21601.5,17397.2,21811.1,21148.5,21955.8,17960.8,19632.1,16124.7,18574.3,18918.4,19570.1,21403.3,17728.5,18456.6,17284.6,19944.9,17368.1,19789.8,17442.1,16333.5,20772.5,21391.2,19253.8,19104.1,18797.4,17199.3,15291,15230,20579.7,16072.2,16352.4,20907.6,20294.2,15223.5,16663.1,14951.1,16328.1,19771.2,18355,15420.5,20664.4,19175.8,15944.1,17298.1,18785.5,16762.6,20716.6,20992.9,21611.5,15730.2,19852.2,16738.9,15252.4,21594.6,15216.8,14964.7,20939.3,16751.7,20590.7,15654.9,19242,15390.1,15095.1,18665.8,18075.9,17444.2,16125.5,19771.9,20085.8,21390.7,18125.7,19193.1,18379.9,16398.3,20683.4,22194.9,21349.2,17808,16738,21603.7,17653.3,18718.9,17956.4,19085.3,22149.3,20837.1,20028.8,17068.8,16786.3,20872.1,15842.6,15700.9,21571.8,17686.6,16940.2,18115.4,15422.1,20625.5,19563.5,18811.9,19428.3,20121.8,16750.5,14973,17802.2,16568.9,15026.6,17814.2,18805,18507.2,17757.9,19976.5,20725.1,15176.3,14241.6,18633.2,18396.9,18688.7,16322.8,18802.7,15629.6,20746.4,15566.5,18192.9,16013.6,20018,20257,19455,15602.9,20113.8,19391.4,19548.6,16620.7,17033.9,21101.8,15823.9,21467.4,19991.7,21451.6,16400,21297.1,20696.5,17158.9,17656.8,20864.1,16443,20179.7,20309,17840.7,15990.3,20834.5,20538.9,19955.4,16268.2,15997.2,19798,18275.9,16396,21759.2,16964.8,16865,19506,16569.3,18101.7,19873,22625.3,21063.8,19277.1,19475.1,22208.3,17278.2,20944.2,17127,17929.5,20646,21269.1,16923,18831.6,17854,16329.6,18697.5,19747.5,17933.1,20729.1,18597.3,21107.1,15160.2,17216.6,18652.9,20102.6,21538.6,20824,19749.2,21477.5,19644.1,19655.8,20547.2,21356.2,17229.1,16090.2,21016.9,19004.9,21158.4,20759.4,16353.5,20984.3,16037.4,15693.3,20894.9,20517.6,16200.4,17691.8,16050.9,18572.6,20944.1,18735.2,17901,21586,19390.2,19933.4,15451.4,16588.8,16879.9,20616.3,16284.2,19891.9,17464.3,17199,21467.4,19776,19099.4,19420.3,20817.6,19650,19651.5,18447.1,16934.5,20056.1,17658.1,19865.9,22623.3,22437.2,17421.8,20170.3,19549.7,18719.9,19999.6,22414.1,20424.4,18878,20106.7,22409.3,17550.5,16539.9,22385.9,18856.3,18923.5,16677.1,18934.1,19225.7,17600.6,22213.8,18814,18075.9,19260.1,18063,19066.6,17421.4,17011.7,17990.8,20761.8,21463.7,16899,19792.2,19870.6,17764.8,17043.8,19331.5,23459.2,20827.1,20445.6,19592,21510.1,20697.3,18373.1,17712.5,23822.1,23279,23077.4,19664.2,22570.7,20155.7,18041.1,21439.8,22822.7,20914.3,19890.8,19060.2,23770.3,22474.1,18725.6,22830.8,18670.2,18697.2,17985.9,19595.4,21059.9,19544,20490.8,23379.4,22433.7,18818.5,22252,21921.8,21408.7,16802.7,18472.7,22697.9,17841.8,22041.7,20572.7,20878.1,17237.2,17146.8,17535.9,15532.6,15897.1,20649.2,17298.5,20622.7,18960.6,19980.7,18690.4,20259.8,16669,16792.8,21313.2,18558.5,20151.3,21339.7,25195.5,25855.3,27686.8,29586.4
30938.6,26996.5,24701.4,22862.8,22650.7,22073.5,18561.4,21035.9,16862.3,17746.9,20803.5,15807.9,19748.6,17035.2,17938.2,20896.6,16298.4,15679.6,15773.8,14926,15762.8,20483.3,17592,15171.3,15100.9,19585.6,19546.2,18946.9,19384.8,15425.1,19971.3,16014.7,16588,19561.2,17390.1,20385.5,17144.6,19817.5,20461.1,16609.8,20252.8,17064.4,19759.3,18312.1,21042.5,15808.1,16216.6,20250.2,15561.4,16246.9,16922.7,15556,17596.8,17688.3,21654.4,17486.9,20567.2,16757,15517.6,15397.6,16954.1,21306.4,20354.4,20925.9,16259.7,19182.4,19055.7,19436.6,16433.3,15551,20071,19835.4,20063.8,19584.3,18951,17149.2,16809.4,20316.7,19640.5,18239.7,15146.6,16293.5,19856.9,18017.8,19390.2,20508.4,18570.4,20054.5,18333.4,20957.4,16308,17258.4,21283.9,17026.4,19929.3,19253.9,16238.7,15566.4,15654.4,17059.1,16736.7,18222.7,19989.6,15724.3,20017,21096.3,20394.2,15375.4,19146.7,20647.1,21070.4,16050.2,20846.6,17995,21150.7,21724.2,18947,15987.6,21399.5,21424.8,18758.6,21481.9,21945.7,20079.7,21845.4,19607.8,16472,20478.9,18140.5,20510.8,16732.2,17617.3,18096.6,19417.2,21901.9,18301.8,19826.7,20752.4,18812,20367.9,15158.9,19539.7,20741.5,18929.3,18990.8,20208.4,19949.3,20457.6,15992,15675.2,18039.1,16018.5,18619.5,15857.9,18365.1,18041,19823.5,20839.2,19879.3,15718.2,17527.6,21099.9,15568.2,14937.8,20477.4,17217.3,20006.5,21455.2,19246.2,17325.5,20250.7,21718.7,22089.6,16532.2,20628.9,15866.3,16285.7,18255.9,20651.6,16230.1,20460.3,21565.3,16503.4,19357.4,19468,19730.7,17411.4,20665.5,20696.2,19756.7,18172.8,18363,15687,16839.6,17658.1,16387.3,21121.2,18932.9,18722.4,22540.3,18094.7,20170.6,18004,18175.7,18731.4,22262.7,21775.9,16570,17822.9,17034.7,19737.9,19036.7,19373.6,16284.4,18654.9,19549.9,21237.3,18729.8,21498.3,18761.1,17899.3,21379.6,17700.1,15335.8,15827.3,18476.3,17405,15884.2,15012.1,16912.4,19099.6,17964.3,21705.4,20496.2,21537.5,21629.1,15301.3,18761.2,16763.5,16696.2,17228.7,16102.4,18224.9,20970.2,19229.4,18421.2,17694.1,16182.3,17725.3,17251.1,20752.1,19007.3,16259.8,18168.7,19316.7,18609.4,19449.4,20202.2,17023.9,21353.4,20234.6,19723.6,16858.6,16375,18404.3,21945,20879.4,22227.2,18055.4,19798,19447.1,21171.1,16479.8,19104.7,21987.7,19302.1,16929.9,20783.1,17978.1,21360.3,19646.7,18213.2,20456.4,21099,18512.6,18332.4,20764.3,18065.6,17345,20707.2,17870.2,20832,17336.2,17137.6,18311.7,20025.6,22381.4,19416.8,19544.8,18950.5,20151.3,21452.5,16914.8,17658.6,18847.2,19765,20490.4,16483.9,21686,20097,17504.6,20213,22369.5,22463,20571.7,18557.7,17956.3,21390.3,20571.5,23411.5,18775.4,23988.4,17486.3,22605.6,22581.5,18422.7,21844.1,22110.9,20922.5,22178.7,21225.8,17367,19282.7,21158.9,19370.9,23964.9,21602,20330.5,20536.3,21352,20428,21806.4,20891.2,19933.1,21998.2,22819.9,19416.2,23284.7,18624.7,19184.8,19654.9,18041,18531.1,20741.2,18032,21919.9,17313.4,17644.5,17390.5,19588.2,17842.6,18133.6,20427.9,21057.8,19490.6,19492.6,21446.1,20466,20743.9,18214.3,21789.4,20797.6,16207.6,23001.1,21347.3,17017.9,18647.3,20751,21021.5,18034,20421.8,27405.5,26905.2,29379.9
32212.7,26612.9,24096.5,21747.2,23953.7,20727.7,20975.4,20378.8,19638.3,15686.1,20447.2,18669.6,19630.8,19848.1,15127.6,16075.3,19985.3,20512.9,16633.3,18028,18787.5,19852.2,19527.3,19744.2,19652,18857.4,17980.4,20874.7,21110.9,16050.4,21351.2,20562.7,21260.8,21419,17373.6,15488.2,21890.7,21221.3,19363.7,15678.8,17781.1,21570,16650.6,20833.4,20885.8,20365,21766.5,19539,19885.9,16031.6,18301.8,20251,21734.4,16007.9,18817.3,21802.5,17141.4,15804.2,20964.1,19297,21410.2,16488.2,21212,19616.3,17952.2,17730.7,20569.4,19240.8,19946.2,20218.2,19525.3,15835.1,18401,15994.8,16175.7,15565.4,18122.7,18762.8,18500.9,20119.3,17053.2,14813,20950.6,14789.5,17370.6,18488.3,18799.4,16041.8,20328.1,16477.8,16534.8,21341.7,16863.5,18392.4,20581.5,16449.5,15646.8,18739.1,21268.9,15367.1,21244.8,18003.2,15332.9,16410.8,19203.2,21163,17524.4,18339.9,15057.5,18173,18805.7,18313.4,16756,20922.1,20739.9,20249.4,20759,16646.9,21197,19539.3,20764.3,15612,16189.5,19444.7,19380.3,17998.8,17413.2,22026.9,21084.1,22023.2,16612,18830.4,17036.3,19251.6,19777.1,16539.4,20972.4,19424.5,17565.8,15142.2,16829.3,15448.8,20725.2,16515.8,18859.4,16508.6,20379.5,14788.9,19828.5,18849.6,16894.8,18162,14967.8,16970.4,19013,19546.9,15298.7,19956.8,21310.8,18319,20856.4,16064.8,17598.9,18131.2,16013.5,19143.2,17348.6,16191.6,16013.4,17763.9,19222.7,18117.5,17521.5,18600.9,18842.3,21796.6,17242.8,16960.4,19187.6,18505.2,19920.8,19649.4,16836.5,19922.5,21119.2,18547.7,19768,19132.8,21354.9,19375.8,18020,18253.4,20138.8,19687.1,22262.8,19612.5,19343.3,19065,21295.1,22289.3,19118.8,16544.7,16171.2,17767,21193.3,19805.2,21562,21109.5,18862.4,21544.9,19138.2,17656.6,22170.9,19409.2,19342.4,19251.5,18516.4,16275.4,19225.6,19945.5,21873.4,18330,15656.5,19986.2,15562.6,15941.3,15977.7,18459.6,19950.9,21130.9,19765.8,20683.9,21056.6,18178.8,18559.8,16790.6,20545.2,15790.7,16910.5,19539.3,16015.5,17586.2,18496.7,16380.6,17550.6,17312,17977,20838.8,17640.8,15983.9,17494.2,20529.3,21075.6,17165.7,18660,20753.7,15152.8,16316.3,20733,20036.3,19688.2,19939.2,21155,16079,19212.8,18894.3,20448.4,21111.9,19020.4,17792.6,18204.6,22336.1,19953.4,19447.5,21296.9,18459.9,19729,19605.6,20152.5,19300.9,20925.9,17946.1,21931.3,22070.1,16534.3,19602.5,19153.4,15946.8,21263.6,20340.5,21451.4,16337.3,18043,19379.8,17311.7,17395.2,21343.8,17624.2,20315.2,22580.2,16922.7,22211.1,16595.7,21994.9,18396.5,18290.4,21187.5,20717.3,18425.2,18027.2,21104.6,17944.7,17573.9,22530.3,18308.1,18181.3,20005.6,19401.3,17287.2,17060.1,19211.5,19507.1,21698.9,22447.8,21714.7,18861.2,18397,20639.7,22690.5,19048.1,21916.2,18818.3,19866.4,20701.1,18358.8,23399.3,23375.1,23187.1,22583.4,21850.4,22061.5,23744.8,17853.8,18649.8,18160.7,19279.2,18500.6,23751.2,19193.2,19723.4,20012.4,18360.8,17233.5,19764.4,16833.3,22286.8,21018,20621.2,17102.3,16198,17895,20855.4,20754.7,16977.6,20499,20540.2,16560.5,18651.6,21619.5,17633.8,22341.8,16395.6,22518,16809.5,19796.1,18968.3,18095.4,18978.1,17002.3,19917.6,20203.9,22399,26828.3,30767.7
33142,24211.5,23827.7,24391.5,18889.3,17704.6,20386.7,20086.8,21773.5,16848.2,15249,17386.9,15018.9,18127,19141.1,20155.7,16947,20728.8,18304,16911.8,20832.2,16728.8,16250.3,19700.9,15617.5,17688.3,15463.2,17634.7,19358.4,16483,17832.7,18552.6,17466.4,16996,20059.3,21062.9,15607.4,19187.7,20666.7,16557.6,18894.6,19663.6,19310.7,21644.9,17317.4,16766.5,19001,16775.9,16151.4,20668.4,17411.8,17276.8,19030.3,21403.5,19753.8,20534.9,16973.8,20033.8,18779.7,21376.6,20792.3,17512.1,17629.8,21543.6,21720.5,15761.2,16103.4,18567.8,17889.9,20532.5,20206.4,19706.8,15549.6,15957.2,17262.1,15534.1,17888.2,21157,21350.3,17085.8,20772.8,16692.4,17946.6,17901.8,14919.7,18622.7,21165.8,17176.1,17186.4,15505.2,15244.4,16494.9,19192.4,19121.5,20155.1,21461.8,15282.4,19127.4,21210.6,15320.8,18468.2,17523.3,21101.1,16738,17673.2,15732.6,16650.5,20331.7,15980.9,19294.8,16703,17864.2,19725.6,16098.9,16527.8,16381.7,20577.6,16205.5,21707.3,20051.5,18477,20496.3,21528.6,17476.2,17301.4,18351.5,18561.7,20962.3,15758.3,20587.7,17863.6,15395.2,21132.2,21919.6,15771.9,15761.8,20191.3,16110.2,15489.5,16936.6,17366.9,15322.7,18116.1,19909.7,18271.1,15247.8,20681.1,16035.4,20603.8,20041.7,18120.8,18590,15495.6,19037.9,19167.6,19703.7,20056.7,18638.9,20507.9,20254.4,19940.6,19554.7,19964.6,17150.6,20047.4,17028.7,18408.2,18241.3,16249.8,18894.8,20798.9,21081.6,19425.1,18498.7,15937,19197.7,20919.4,21800.8,18099.6,15773.9,17319.2,17655.5,18463.2,16634.5,16200.9,19839,21078.2,17914.7,15691.4,16165.4,17205.2,16484.8,18620.7,16066.7,22173.1,17031.2,20382.5,20544.5,21510.9,17433.9,16838.8,19072.4,18829.6,20554.4,18733.2,16465.7,18596.4,17327.1,19482.9,18167.8,19989.9,20211,21654,17877.5,22112,20127.6,19784.8,15777.4,16647.6,16543.2,21044.9,18285.6,18909.3,17661.3,21132,15582.4,19605.5,18979.5,15771.4,19063,19296.2,20702.4,20599.6,16167,18012.5,20953.4,15396.9,16546.9,20049.9,18463.4,19425.9,16234.5,16534.5,20836.8,18565.5,17001.2,20500.7,15501.3,17489.8,18080.1,16878.8,17804.8,19154.1,18501.6,17065.4,16996.7,18056.1,18764.7,19539.5,16274.2,21211.7,21380.6,19218.6,17686.1,18586.7,20194.7,18779.5,19727.1,21957.3,21008.1,18596.1,16970.4,17151.1,21805.2,20309.2,17684,19208.4,17054.2,15822.8,22221.2,16611.6,18917.6,17981.6,21615.1,17634.6,19726.2,17656.9,22325.7,21824.4,19811.2,20837.9,19880.6,19576.4,19031.1,17052.4,18415.7,21431.9,22387.8,22435,21246.6,19940.7,17367.8,21363.4,20269.3,21116.3,22003,18654.3,16787.8,20567.3,17558.3,21782.2,18000.6,17245.8,22384.1,19206.4,22175.5,20854.2,17409.1,21405.2,17402,17104.9,20225.8,22546.1,23070.8,20120.9,21549.3,21275.8,22076.9,19423.4,18306,22062.8,18946.2,17871.2,19256.2,19742.6,23262.5,20453.1,21935,21704.1,21728,18337.2,21018.1,23749.6,23972.8,22518.4,23535.4,22395.1,18182.2,19788.9,20808.8,20054.5,16975.4,17387.6,20647.1,17946.1,17418.2,19523.3,16583.2,19411,17760.1,18867.1,17628.5,16669.9,16171.9,16125,17549.1,19139.5,18113.9,20267.1,22917.5,18594.3,17710.3,18718,22190.8,22987.7,20891.6,21120.6,21311.5,20841.7,22581.7,20054.7,26022.5,28741.6,33061.4
33749.2,30224.3,24643.4,24416,19901.3,21900,20091.9,21865.8,15723.1,15539.2,15299.4,16925.3,21017.7,18117.4,16324.1,14787.7,14820.5,17852,20385.9,18517.8,18711.4,16219.5,19706.4,18534.9,17773.8,18660.5,15943.3,17567.7,19389.1,16497.1,21298.1,16529.8,20085.1,20725.5,15388.3,16073.6,21795.6,18833,22012.6,19615.2,16457.9,21096,17805.6,20776.2,20054.5,16156,18558.4,20391.5,16900,18262.5,21612.7,21859.9,17064.4,17648.1,21327.2,16416.5,15815.8,17849.4,20433.5,20913.7,20805.5,19524.9,17632.9,16846.6,16337.2,17276.3,16561.3,16828.7,18858.7,20805.2,18833.7,19080.2,20515.5,18416.1,17049.5,21445.2,20281.6,17480.3,20721.5,16672.1,19582.4,16403.7,16536.3,19952.7,17878.9,16792.9,20330.5,16726.1,15987.8,16583.6,18322.1,19828.5,18773.5,17483.5,16402.3,19955.4,15872.4,18882.4,20309.2,21501.7,16613.7,18336.5,20357.2,18764.2,21347.5,17885.5,18112.9,18696.4,15177.4,16331.4,18591.2,19334.1,20098.9,16477.9,18919.5,22123.6,20877.9,18999.5,21118.4,17864,19821.1,16013.6,16762,21499.9,18167.2,18413.6,17688,16780.9,16713.5,20247.9,19270.1,19738.4,20422.4,15897,20099.1,16135.1,15118.6,18979.5,19667.5,18686.9,18459.4,15691.2,15854.7,19807.7,14876.3,18043.8,17964.4,18023.7,17103,18868.2,18102.1,16143.7,16489.6,20766.1,14737.6,17112.3,15768.5,16896,19210.6,15404.1,16933.1,21025.7,15318.3,21362,20149.8,18433.5,20194.9,15899.2,16333.4,18084.8,17594.8,17652.8,17764.8,20418.6,20642.6,18407,18318.9,21024.1,21734.1,16714.3,17900.9,17581.4,18325.1,20897.8,17926.2,20403.2,18907.9,19971.7,17954.6,20080.6,16126.9,20468.4,17676.4,17791.4,20595,18458.9,17952.8,16634.6,18279.4,21467.3,21546.6,21871.2,20250.6,21060.1,22603.6,19584.5,19343.8,18138.3,18088,17699.8,18000.7,21042.2,16849.5,16538.2,20232.5,18076.2,16361.3,19155.7,18689.9,18089.1,16962,18433.7,19896.1,20462.6,20541.6,15391.4,21465.6,19617.1,17586.6,18039.2,16137.9,18204.1,18818.2,20532.9,19952.1,19242.6,16590.6,18905.7,19810,16369.3,21104.3,19702.8,18062.9,18641.3,19173.3,19050.4,15391.5,18319.7,16018.8,21174.3,19962.7,19213.9,17806,20098.6,18443.6,21601.4,17196.3,17362.3,20120,16975.3,19457.3,16663.8,15570.4,18710.7,19477.7,19192.8,19256.8,22323.2,21902.4,19936.3,19724.3,17811.4,21884.7,17006.7,17795.8,20996.5,16645.6,20835.3,17915,16218.3,18271.7,17615.7,16630.9,16347.5,20554.9,19111.5,20164.7,20373.7,22131.5,20429,20820.1,18586.9,21109,22030.1,18166.1,17116.2,17665.2,20807.6,21550.3,19639.9,22041.1,9844.13,21152.7,18385.2,17956.9,21658.6,17552.4,17021,18747.7,20972.9,20563.2,19485.4,19417.8,17410.4,20225.1,17315.4,17050.1,18151.1,19545.3,23567.5,19745.4,22398.9,17791.9,18275.2,22317.9,23962.1,22738.1,21198,20967.8,18629.7,18407.7,19428,19339.9,18554.3,22649.4,21484.1,19063.9,18312.9,19163,17761.6,22201.8,19186.7,23013.3,21212.6,18847.9,24247.5,20732.2,19893.4,21585.8,20402,21759.1,21047.6,20477.2,18269.2,21795.7,18186.7,21120.8,17819.9,19550.1,20074.1,20603.7,16825.5,16617.3,20497.6,17179.9,21611.8,17595.8,21244.7,20702,21853.3,18844.3,20225.2,16452.3,19419.8,22444.9,19143.9,19078.6,16934.8,19419.8,22433.4,25205.3,24943,30426.8,33021.5
31014.3,29590.5,27457.4,25220.3,18179.3,21209.8,20687.3,20456.7,18298.6,15548.3,19050.2,20426.2,21421.1,17185.6,20098.2,18750.5,18553.4,20780.2,19656,15134.2,21016.6,16555.3,16227.9,20820.5,19923.8,21259.3,20242.5,20178.6,18154.2,20715.6,17670.9,19686.2,18533.3,20748.2,15907.5,16484.4,17747.3,17849.2,15839.9,17151.8,16630.2,16551.3,20517.3,16919.8,17417.3,16434,20866.7,21959.2,17457.5,18446.9,17588.2,18912.5,18884.9,16246.4,15509.6,18940.5,20592,20727.7,19874.3,21738.3,17831.2,16639.3,17611.4,17207.1,15921.5,16350.2,19258.1,18410.2,15906.9,21246.5,18277.1,17538.5,20024.8,16510.9,17810,15104.4,17151.4,16453.5,17950.2,17982.8,16707.4,18309.3,20561.9,16710.2,14986.3,17701.7,18540.3,19772.7,20196.2,19277.8,19884.8,17053.8,17538.6,15769,19534.2,17205.4,20968.6,15153.3,21074.4,15793.3,17246.9,15657.5,15083,15874.7,19737.6,15791,19247,20576.6,19135.5,21311.5,19716.4,21770.7,18708.8,16955.2,19838.4,17170.7,20189.8,17532.8,20208.2,18202.8,19918.8,18754.1,21093.1,21129,17503.3,17288.4,17953,20001.6,17100.7,17380.7,19453.9,17432.4,18117.8,19906.6,18326.8,20620.5,20001.3,19641,19824.8,18450,15511.3,14506.5,17591.3,19673,18363.9,18180.5,18872.2,18346.8,19166,19279.6,21062.8,18662.2,19937.8,18574.2,13970.3,16763.5,17735.7,16282.6,17840.7,17121.8,21123.2,19376.1,18810.1,16743.5,17064.6,16573.5,15739.8,17591.5,20669.1,21961,21597.7,18567.9,20271.7,20770.7,19412.9,16896.7,16963.9,18231.6,17818.2,21674.4,20570.5,17954.3,16743.3,18799.9,19508.7,21949.1,17916.4,20868.3,17622.2,21437.4,16561.2,17946.4,17660.8,18481.3,20134.8,19129.4,16194.5,17669.1,19313.1,16555.5,18026.6,16740.7,21652.2,20600.4,18824.4,22383.8,20279.9,16699.5,22351.3,20962.2,16158.5,21482,16407.5,20019.4,19969.8,17269.6,21742.5,19486.5,18931.8,20242.2,19840.3,17957.7,20483.9,17909.9,19216.3,16659,16388.8,21300.6,21006.7,19819.1,19392.4,17366.4,16598.9,20415.9,17059.7,15524.4,20369.3,18083.4,17558.3,18848.9,20820.2,21863.4,22014.6,15917.5,15767.6,20781.4,18582.2,18406.2,20565,21723,21106.7,16349.2,19538.9,17005.1,20907.4,17676,20773,15743.8,18833.5,19891,15812.6,19091.3,17659.1,18930.5,18861.4,21715.5,18177.6,16808.2,16426.1,17396,15818.9,16485.4,19697.8,18369.2,16374.9,18371.1,17870,18556.4,21912.7,20529.7,19320.6,20774.2,21538.4,19241.4,16055.2,21909.8,20705,17519.7,20824.9,17862.9,19451.6,19388.3,16936.2,21934.9,22399.6,22000.3,16528.1,18940.3,16713,17028.5,21734.6,18890.4,17362.6,21310.5,18286.3,17802.4,18156.8,21404.6,20144.7,22377,19605.8,20799.1,22212.3,19943,17753.1,18026.4,21309.3,21424.8,21088.2,23182.9,22037.4,18880.5,22810.5,18530.4,23349,23038,17888.6,17894.6,18707.1,18869.1,20649.5,23851.8,22372.7,18595.8,19713.6,20854.8,17782.9,23547,24014.8,22176.1,18042.8,19060.4,22931.4,18548.4,21838.5,19613.7,19681.6,22659,19076.3,17429.7,19118.8,20001.3,18549.5,19123.3,19372.7,21993.2,22970.8,18416.3,18470.5,17844.1,19989.9,16348.8,16103.9,20473.1,16183,16398.3,18272.5,20965.5,22242.2,22007.1,22122.1,18534.3,19424.7,21007.2,20354.2,19526.8,21655.9,19822.8,16943.1,19585.1,19531.4,27562.9,27374.8,33664.9
34985.3,27300.1,24333.8,24904.8,17823.4,22422.2,17519.9,18480.3,16636.1,18821.4,16973.6,20247.5,16484.8,18212.8,19485.1,18461.1,19709.6,19932.3,15348,20392.4,21311.1,18149.4,19801.9,19792.5,18414.3,18645.4,18771.8,16941.5,20662.1,18128.9,21311.1,15459.4,18087.6,16033.8,20194.5,16398.8,16964,16790.3,19680.5,19327.1,20256.1,21336.3,17899.6,20873.8,18873.2,18438.6,16464.7,18152.2,16929.5,21164.5,15870.9,18460.6,20185.6,16602.6,18200.7,16909,17915.3,15951.5,20501.2,19576.3,18459.7,17833.9,21384.2,17655.6,15602.1,20848.7,18857.1,21634.1,20215.8,15660,20740.2,21811.5,16509.4,19885.9,16090.1,18413.9,17659.5,15562.6,15655.6,18234,20449.4,16539.2,18341.9,18365.9,17496.3,16475.1,16444.8,19501.2,16168.6,15508.1,15605.5,21235.3,20545.9,15539.1,21230.3,16914.3,19262.3,16393.7,20080.9,17807.3,16529.2,19831,20338.2,20569.7,20185.4,19461.1,19895.2,17670.9,20437.9,17888.3,21202,19712,20379.5,15829.6,15746,17558.6,18793.5,20014.1,16947.8,18575.8,20881.7,18311.4,15716.1,17963.1,20503.9,16105.7,19323,18106.3,20003.4,20633,18167.6,18518.4,21650.6,16415.9,15709.8,15238.1,20669.1,15683.8,19878.1,18362.1,20020.3,18961.9,14822.6,15390.5,15432.9,19261.9,20544.9,20354,18940.2,19083,19538.8,19498.8,17412.6,17564.8,15836.8,14358.5,15358.7,19836,19785.1,20608.2,18348.5,16176.7,21440.3,17782,17472.2,17555.7,19443.9,21177.4,18185.9,21062.9,16902.5,21802.5,17171.3,18790.1,21699,16305.7,16887.8,20168.7,18399.8,18737.5,20397.9,19257.7,19829.5,18414,19531.1,18239.1,21250.3,19660.2,18138,16615.1,20228,18711.1,16161.1,18139.4,20360.6,20003.9,19284.7,18032.5,19321,16749,17192.3,17396.4,19923.4,22671.3,20766.6,19385.4,18312.4,21746.9,20484.9,20212.5,20954.7,22008.7,20915,20995.5,16341.6,20599.7,17458.8,18659.6,22070.2,19586.2,21401.9,19139.7,21597,20334.4,16181.2,15878.7,18487,19098.3,19007.8,20943.2,18278.9,19141,18265.7,21852.4,17555.3,19145.4,18300.1,17291.6,15649.9,18722.4,21272.1,21231.4,21390.6,17609.1,18635.8,16887.3,20091.7,18432.3,18735.6,18887.9,18844.6,20913.8,15684.6,18810.3,15629.5,15260.6,18498.5,20385.7,20903.9,16917.6,21511.9,18001,18426.1,18491.8,21674.4,20718,19601.1,18377.1,17826.9,17481,17706.9,20202.6,20435.1,20193.6,22168,17387.9,20757.7,20382.8,15749.3,16511.9,18661.5,16137.7,15711.8,21917.1,15668.9,16041.7,21912,18538.4,22339,22158.4,16118.3,21044.7,20189.7,21416.3,19481.6,20128.1,20307.1,19750.6,21116.7,21918.6,19837.7,16871.3,18698.2,16683.6,16990.6,18010.9,21699.6,18212.8,18844.3,16658,22365.3,20480.8,16720.7,21081.4,21542.3,20073.3,21673.9,20586.1,19645,22942.3,21529.5,21555.4,20461.1,23321.7,17955.1,21906.1,20973.9,21010.7,19096.6,19135.9,19424.7,22634.6,22595.7,18758.4,20657.6,18513.7,18493.4,18997.2,23855.1,21677.6,18592.3,20088.7,20948.5,22022.7,19425.1,22600.7,18753,21693,18047.6,17155.4,17600.4,19090,17162.5,22651.4,22203.9,18430.6,19969.3,19504.4,20569.2,21335.2,21599.9,20833.4,21341.7,22123.5,20016.8,22364.7,16242.9,16659,22163.2,16904.5,17724.3,19646.4,18529.7,20686.6,22310.2,18370.7,22302.4,18448.3,17811,20806.8,20432.3,24238.2,28864.1,30494.9
31020.7,28102.8,22735.8,19226,20300.6,22392.4,17860.6,16106.2,16086,18722.3,21281.1,16540.5,20089.9,18526.4,21150.6,16445.6,19025.2,21191.8,15455.2,19514.6,16228.8,16013.9,19395.2,16393.2,15479.2,19141.7,15722.3,19097.7,18346.9,21032.6,16002.9,18484.4,20123.2,17474.5,19593.3,18521.1,21900,18962.7,20236.3,17252.5,19353.4,16983.9,21204.5,17573.9,16708.7,20004.3,16642.3,20995,16838.3,16619,19012.7,19352.6,15581,21516.2,17852.2,19386.1,16207.3,19239.8,19830.8,17368.1,17543.8,16914.6,15832.5,15796.5,20563.5,21228.6,19627.8,19378,20865.7,18906.4,16239,18589.5,17967.9,20678.6,15333.1,15102.5,21688.4,19086,17856.3,15271.8,17795.1,20843.1,16244.8,20909.8,15106.3,21122.7,18710.8,18586.8,18581,21076.7,18541.1,18075.8,19255.6,15856.8,20599.5,17948.4,18484.6,20117.7,17635.9,17302.2,17855.9,17540.5,17658.4,17258.8,18689.9,16168.4,16578,16755.9,14914.8,19637.5,20708.6,19415.7,15721.3,17019.2,20422.4,20129.5,17723.3,19430,16837.8,21821.5,21060.7,20888.2,20980.9,18345.8,18968,15657.6,20114.4,17708,21006.8,21737.6,21915.8,19923.2,19389.4,16721.5,19842.8,16497.6,16351.3,15585.1,20340.8,20055.1,17909.5,16218.6,17354.6,15333.7,19025.6,19212.3,19465.2,19834.3,20603.1,18767,15388.1,20722.8,20221.5,15454.6,18707.2,16949.3,18060,20728.3,17060,16530.7,20111.6,15819.6,18598.9,15436.1,21244,21171.8,21500.3,17411.7,20034.1,15935,16227.3,20805.6,19381,19834.8,16631.3,17924.6,21071.1,19004.2,20205.4,20828.2,20784.5,19207.5,18793.7,21375.2,17524.9,20785.1,17039.5,17191.5,20681.4,18779.2,18832.1,19651.1,19434.7,21187.9,16789.2,19222.1,19702.3,17077.5,18876.9,18643.8,20884.6,19332.9,18989.4,20253.3,18592.3,19209.3,20376.8,17662.8,21032.7,18950.4,17942,17852.5,22422.8,20051.4,22112.3,17561.9,16566.2,20307.4,17104.7,17959.8,17997.1,19801.3,20666.8,20802.3,18089.6,20514.1,21312,19421.7,18156.3,16898,18176.2,16196.6,19880.3,17242.9,18839,21540.8,20266,22101.4,15525.3,17234.8,18190.2,21931.7,15496.5,16761.2,16185.8,20063,20802.4,19125.9,15762.5,16753.1,18552.8,17679,19900.4,15335.4,20789.4,19766.4,21243.9,19881.9,15018.9,21372.3,21302,19686.2,16136.5,16752.1,19533.7,17276.6,16932.6,17507.3,16911.8,22362.3,20304.8,18490.7,17408.6,16620.5,18669.5,20785.8,18525.2,15995.2,22021,19762.4,19020.7,21438.2,19466.6,17484.1,17227.2,20737.3,17187.3,16137.3,16043.9,18669.2,16053.7,19255.9,16546.6,19145.9,22206.4,18292.3,16837.7,20679.6,19947.7,17023.7,16280.9,19289.5,18355.2,21115.8,18767.5,17879.3,19707.7,17819.1,20850.4,18389.7,19010,21825.7,19680.9,21239.8,21132.1,21298.6,17969.4,19501.8,21936.8,17672.1,21203.6,21003.1,21651,19546.2,22552.5,21787.9,21951.9,21555.4,20963.1,17524.5,21251.1,18222.8,19622.8,18036,21214.5,20653.2,21700.7,20990.6,19345.6,21985.7,19658.9,24041.4,20579.2,24240.7,21964.4,18136.7,19857,18414.1,21142.8,18938.6,17723.5,22016.3,19629,20868,18064.9,23194.7,22879.7,21893.6,17758,20276.5,18529.9,17576,21614,18668.2,19296,21492.2,22104.9,21862.4,20494.9,16502.1,22602.1,17696.1,18749.6,18441.3,22814.6,19672,19872.4,22092.7,23375.1,22457.9,21468.5,25830.7,25628.9,30931.6
33951.8,29770.8,26564.8,19970.2,21248.2,18989.4,21911.4,20950.2,21471.6,17466.3,21658.8,19323.5,18807.8,18412.9,19584.1,19155.7,15085,17266.2,16611.3,17402.6,15604,20110.8,19587.6,18933.8,16297.3,18550.4,19827.1,15438,19484.8,18176,19290.2,20693.8,19693.7,18564.2,19471.2,18456.9,16908.4,21179.6,18013.5,18352.7,20802.2,18193.5,18096.3,15829.4,21677.8,16293.3,21368.7,21895.5,18552.2,18214.3,20047.4,20266,17671.6,18199.5,18060.7,17383.5,15650,17356.7,19109.6,16451.5,17498,21322.9,20256,15589.2,17807.7,16883.6,17718.3,19904.5,21682.3,21379.1,18748.7,15502.1,17351,15947.4,20132.7,17536.2,16359.4,15238,21617.2,17776.3,19078.9,17108.9,17341.4,18842.4,20839.9,18637.8,20274.8,21075.4,21076.7,18791,17915,21211.2,17643.4,20436,20943.6,16251.2,20650.4,16595.4,15610.3,17427.2,21471.2,19444.1,19660.8,17222.9,20791.8,20332.6,17178,20664.2,16127.2,18017,21297.7,16296.1,20584.1,16996,21596.5,21366.2,21377.7,18592.1,19285.7,20799.4,21373.9,18334.3,22002.5,16075.1,22276.9,18914.6,18402.6,17612.8,18082.6,20937.8,19187.4,21158.6,20924.4,17363.2,21026.7,17750.7,15901.8,19415.7,15288,17431.6,20650.4,20151.4,14781,20918.4,19153.8,19027.1,16952.4,16874.9,20876.7,15076,19215.4,15172.8,16559.4,19860.6,17532.6,17957.6,19989.4,20453.4,15265.1,21050.1,17262.3,19441.4,17061.7,18642.7,21784.9,20353.3,17590.1,20708.1,15827.3,20806.1,21559.1,16818.5,20193.6,17885.3,18304.4,16608.3,22038.7,16473.2,20942.6,16864.2,21907.8,21807.1,19975.6,15781.9,16392.9,20506.9,21140.2,17053.3,16771.3,17118.7,21776.7,15974.9,15872.7,18455,16639.9,21773.2,16893.9,20754.1,21681.1,16266,21021.3,16712.7,18464.1,17569.6,19530,17820.5,18558.8,21243.5,19405.4,17592.6,17221.7,19054.1,20030.7,22484.8,18418.2,17479,17281.2,22224.5,17370.8,17391.4,18925.2,16082.9,21129.4,17889.8,21912.2,20310.9,16180.3,16615.3,21008.5,17507,18790.5,19956.7,16772.6,18516.8,18757.3,21513.1,15977.5,20636.3,20471.8,18820.5,18000.1,19151.5,18643.1,20121.6,18590.9,20715,21202.5,20803.4,16857.1,15742.4,15134.2,21200.9,19316,17144.3,17706,16670.5,18161.9,19248.7,17119.9,15456.4,16759.5,18226.1,20571,18423.1,20341.2,19410.3,16064.6,16564.4,16510.9,20017.7,17828.9,18699.6,20275.2,17411.9,18965,16623.4,16559.3,22055.3,20250.6,18086.7,19941.3,19913.9,18126.9,20253.5,19237.5,19448.4,19207.5,17219.9,21239.8,19617.4,21255.7,22435.7,16074.9,19764.4,16832.8,18445.7,16744.9,16644.6,17360,16483.4,18975.9,18148.1,17797.8,18902.9,17079.8,20270.1,22714.1,20550.4,17334,19779.1,22935,22870.7,18905.4,23034.5,21601.6,19799.2,22392.1,20963.3,23521.4,21909.3,21825.3,18673.6,17864,21507.7,18356.9,20974,20268.3,17862.5,17967.9,22734.9,23827.6,18248.9,22006.8,17764.5,19545.8,23908.4,21124.4,20561.1,18682.7,22247.9,18212.6,18582.9,22368.6,19143.4,19670.8,22042.8,23722.4,19024.8,19092.2,20104.2,23295.7,22198,17608.1,20958.4,17727.9,20940.6,22042.3,21412,21447.4,21431.2,21600.8,18982.7,17387.1,17536.9,20573.8,21970.3,18869.5,17393.4,20001.1,16644.2,19254.9,16590.9,17573,16932.2,17349.7,19975.2,22154,20356.6,22037.6,23273.1,25138.6,25996.6,29733.9,32114.3
34182.5,26215.5,26687.5,19645.7,23764.3,17006.2,19238.2,19829,17167,17728.1,15274.2,18347,16095.1,15242.3,16803,15682.9,16535.2,16593.5,16592.8,15376.4,19972.7,20247,17381.9,15529.3,18327.2,19055.5,16380.6,16775.7,18167.6,19149.5,20396.4,15318.8,15649,15682.9,21076.2,21323.2,19788.3,18038.3,18414,19828.4,19897.9,21295.7,20467.8,18168.1,17919,17908.9,21603.3,20679.9,21780.8,20238.1,16465.8,17536.6,18783,19205.8,16411.6,21106.5,18362.8,16486.9,19099,20929.3,21533.7,21323.4,17002.4,21467.4,17633.3,20172,17607.7,15948.7,19003.4,20491.1,16477.6,18557.2,16264,15785.5,16429.4,20643.4,18256.2,21146.8,18366.6,18616.4,16990.5,18958.8,18348.2,14998.5,19176.2,20892,17829.6,16609,17213.2,18356.5,19227.6,19821.4,18081.2,16139,17851.6,20366.7,16587.3,20966.8,17058.5,20413.8,20528.1,19683.9,15174.7,21228,16087,14632.1,16939.9,17229.7,17139.6,21288.3,19080.3,15149.5,16547.2,18150.2,15687.1,16118.7,16964.6,20612.8,19001.9,19573.9,15827.8,18974,16195.3,17707.9,16688.5,19570.8,18932.1,19704.4,18315.6,21381.7,19292.9,19593.6,21141,20181.5,19529.8,18396.8,19111.3,16465.6,17314.9,16651.2,20067.4,19168,20987.2,19866.4,17726.3,16365,19076.7,20711.4,19272.2,19273.3,17998.1,19633.3,18692.2,17753.9,18047.1,16159.4,16351.6,19681.4,19643.4,18994.5,17237.2,18955.5,20929.4,20255.3,15595,19417,17656.3,21580,21725.9,16177.2,21575.2,20810.8,16944.5,17093.6,20722.2,17838.5,22047.2,16363.7,16473.7,20459,19277.4,15725.4,20131,21609.6,22078,16865.4,21849.8,17309.7,18299,19784.6,20101,19105.3,20783.1,17711,16886.8,18913.4,19904,16552.6,17409.8,20408,18209.3,17830.8,18135,20475.9,17965.7,17243.6,20317.2,21976.4,19276.6,19185.9,18723.3,16685,20483.4,16813.8,17850.4,20990.6,18950.5,19057.8,19922.5,20797.5,19394.4,19344.8,16787.9,17119.1,18297.8,18132.7,15641.6,16365.4,17846.3,21291,21505.3,20565.3,17781.8,17746.8,19727.2,20379.5,16055.2,18760,17269.3,16504.3,17735.5,20483.4,19342,19466.6,20971.5,20820.6,19191.7,18788.8,18889.6,15756.4,19635.2,20287.7,16567.4,15388.7,15679.1,17161,16769,18410.7,20178,15824.9,17897.6,20672.4,19566.3,19095.4,19925.5,17259.8,17942.3,21114.5,22536.8,20712.2,16352.9,17062.5,19994.6,18436.3,19601.1,18080.3,21491.4,18816.6,16825.7,20031,16300.5,20706.3,18637,21189.7,17962.5,20786.7,16409.6,18940.4,19671.6,17545.9,21736.4,16347.5,22509.7,19983.4,21705.4,20331.4,16293.5,18394.7,20788.2,16329.7,17290.4,17915.9,22867.4,22856.7,22813.6,20736.5,16866.9,19919.7,18716.9,17718.5,16373.2,19034.3,19149.9,23075,22180.2,17599.3,21935.4,19372,17732.4,18011,18363.9,21026.5,20313.7,18114.2,22495.6,21691.3,22622.6,20226,21792.2,23450.6,21035.6,20082,21459.4,20971.6,18085.6,20899.8,17613,23524.3,22459.6,20588,23883.3,21902.4,21682.6,23867.8,22828.8,22385.4,22850.8,19376.4,21529.9,19950.2,22071.1,17325.7,19712.1,22648.9,16776.3,18528.9,20400.8,19105.5,20567,22061.5,18841.9,22367.1,19817.4,18991,16909.7,19000,17908.7,20557.4,17755.2,22384.1,21002.3,16927.7,20885.9,19482.4,21830.9,19838.7,22106.2,20056.7,22097.4,23576.9,24792.5,26898.9,28020,33061.7
32322.5,26244,24755.8,19168.7,22928.1,21542.5,21884.5,17088,21173,19875.5,15669.4,20419.4,16372.2,15667.4,20580.3,20118.6,19495.7,21433.4,18125.9,16569,19394.6,17206.1,19313.2,17107.4,15293.1,15106.3,18029,20879.9,21526.1,19747.3,19019.7,15924.6,19888,15870.6,16095.9,18297.3,19937,19340.3,20941.1,20326.1,20680.3,17318.4,18763,19159.5,16787.7,19796.8,20570.7,19752.5,21540.5,17310.4,17975.6,15834.2,20963.6,21213.2,18232.3,18357.2,18304.6,19741.5,18332.1,16555.1,15857.7,18266,16515.9,19454,20005.4,20440,21616.2,16482.3,20635.8,18093.5,18084.8,20839.4,20614.5,20770.2,21579.4,20533.7,15472.1,17911.6,20677.9,19206.8,19522.7,18246.2,15511.2,19810.7,15621.6,20579.9,16478.7,17420.9,16661.2,15669.5,15145.9,16717,15245,18458.6,20325.8,16148.9,18439.6,20594,17605.6,16033.8,20948.5,20007.6,20583.5,20062.9,14792,15892.1,15378,18681.5,21388.5,20680.4,16613.6,21393.7,20304.2,19467.1,18577.4,19340.2,21651.3,17401.2,17350.4,18113.4,19506.1,20835.8,18330.2,18712.8,18332.5,21671.7,20218.9,15973.6,17340.9,16083.3,18433.5,18783.1,17856,21725.5,18490.3,21022.2,16462,20120.3,19943.1,19033.7,17402.7,20579.8,15580.8,17446.5,18022.4,18545.2,20525.9,14960.2,20263.2,19917.5,15801.3,19980.1,19332.3,19385,18118.5,19740.4,19548.1,21086.9,21326.3,19257.8,15614.6,15988.3,17423.4,19818.3,18975.7,20258,16662.2,19178,17889.6,16100.8,22168.4,17656.3,19902.6,18724,18971.8,17882.3,17952.3,19824.3,21571.8,19571.3,15962.2,21031.4,20197.2,21740.2,17142,16132,16468.7,15953.1,20149.1,15810,18453.4,16904,16724.4,19551,16964.7,22225.3,16223.3,20842.4,16427.8,16779.2,16966.6,20993.9,17968.5,22832.1,17047.1,20265.2,21800.9,22550.3,20141.2,21765.8,16425,21952.4,19856.4,17261.6,20181.5,19674.4,20747,21362.2,21134.7,18030.8,15752.7,16389.4,19997.8,16474.5,18578.9,17045.3,19702.9,17763.1,20513,17097.5,16876.8,21225.7,20979.8,20722.1,21816.3,17482.3,17708.9,18774.5,18304.2,21309.7,21064.5,20398,20473,15340.5,16719.5,20660.6,20638.5,20020.7,19418.8,21643.1,20722.2,19842.8,16459,16498.4,18866.1,19727.1,18193.7,19020.9,15076,18573.2,18083.5,21124.2,18217.4,16839.4,16483.8,21760.2,17008.5,18101.6,20379.6,18091,20499.6,18593.2,15969,19547,19395.6,20129.6,20398.9,20539.8,15903.1,19683.6,19500.3,22292.5,19192.8,18677.5,21792.5,19597.8,20146.9,22067.2,18887.9,20752.3,20603,21593.2,21337.8,16651.1,18457.5,22520.6,17134.3,17277.9,16523,19240.1,16213.6,17964.2,17654.2,19309,21798.4,19011.8,19131.3,18148.9,17410.9,20848,19849.2,20737.5,21512.1,20942,17297,17771.2,20269.3,22008.3,21561,22452.5,17659,23190.3,20243.6,19814.1,18132,22338.4,19739.1,19689,18808.9,21028.1,22308.2,18818.1,21237.2,23056.9,21687.9,19063.7,23543.9,23050.8,23451.7,19582.7,19598.1,23830,23898.4,21321.8,18526.5,23282.1,18374.6,18206.6,19515.8,23504,22763.8,17072,17424.3,23470.9,16831.9,17813.4,21612.4,18386.3,21283.5,22328.1,20804.5,18202.2,16935,17203.2,22244.3,21476.4,16149.7,18293.7,19579.2,17841.1,23032.8,18765.2,20162.6,17776.3,19297.4,17624.4,22362.1,21045.2,17043.1,23754.3,23985.2,25364.1,29124.6,35736.7
35169,26819.5,22177.6,20448.1,23864.6,22787.9,21044.9,21201.7,18725.5,18833.8,15813.8,18575.9,16822.9,16726.1,18855.7,21354.9,20340.1,15852,18388.2,16187.6,21260.9,15135.4,15503.3,17691.5,16174.3,20706.8,20417.3,15605.9,15932.2,15735.8,18114.6,18544.9,18893.2,20330.7,18898.5,19786.6,20029.1,19294.8,19960.8,21833.7,17066.3,17854.4,17857.4,21155.3,21388.7,20409.8,15940.9,19271.7,21890.2,19227.9,20457.8,17008.9,16904,21076.8,16576.4,19527.5,21222.7,20472.6,15974.8,16539.6,21053.9,15907.2,18297.2,19197.3,18572.7,20438.4,20086.3,20940.3,16556.4,17781.4,15796.7,17388.7,19786,18509,17773.7,15554.1,18084.4,20231.4,18982.2,18481.1,19442.8,16195.9,21252.7,16357.8,15258.1,16976.4,16126.6,19234.9,16948.3,16199.1,17572.1,21469,20918.8,21194.5,19109.2,19947.6,20857.7,14929.3,17495,17308.4,18315.1,19654.1,16250.4,20736.8,19463.3,20709.3,17432.1,19485,21466.2,15238.4,19067.2,18136.4,17429.3,18269.4,18653.8,18030.2,16944.6,16780.8,19429.8,15737.1,17721,16315.6,18165.6,17119.5,18356.6,17513.1,20704.9,20257.2,19176.8,18032.5,16679,18100.3,21821.9,18943.2,18896.7,18335.7,16361,18311.8,17923.2,18401.8,17849,18016.7,20618.9,17974.2,15701.4,20607.2,18918.3,15899,19553,17129.3,15125.7,21157.3,15235.2,17972.5,16242.2,16687.6,21168.3,21719.9,18217.2,19628,20277.1,16689.8,15954,19343.2,16491.4,16785.4,20965.5,18835.2,19202.5,18123.5,17735.3,16835.3,22362.1,17790.7,20674.3,18015.8,18981.5,21745.6,21486.9,18002.3,16790.9,19474.3,21561.9,20046.1,21694.9,18850.5,16876.3,18635.8,17376.6,16417.1,16838.9,16042.7,19976.3,20766.8,16565.7,20743.7,21374.7,21601.6,19797.3,19357.7,16534.8,21788.6,17659.8,21789.5,17160.3,16664.9,18344.7,19920,20534.4,21780.8,22700,22025.4,22383.2,16916.5,20147,16846.5,22129.5,22506.6,22314.3,19973.2,20769.3,17444.8,21550.2,16666.8,16385.8,18036.9,19735,15559.8,19935.8,15523.1,19875.2,17275.8,20324.9,18226.7,19181.2,19629.9,17785.2,20428.8,21297.7,15680.7,16585.7,18607.8,21444.4,21437.9,16095.4,15657.9,15606.1,20599.2,19396.5,18107.4,18871.6,17049.5,21426.9,17255.4,20495.7,21636,20010.9,20349.2,16009,18188.9,20931.4,15736.7,21263.9,17957.2,20335.7,21530.6,20548.1,19255.7,19027.2,19756.8,21372.5,21820.2,21114.4,20626.9,20528.3,21374.2,19281.4,21202.5,19670,16175,16677.2,20627.3,20419.3,16758.6,16943.7,18221.1,21096.1,16413.1,18472.1,21696,17203,16092.2,17444.5,17422.5,21605.1,17647.2,21190.3,16804.9,20205.7,18050.4,18077.9,18647.7,19951.4,23196.9,20847.1,17835.4,18694.1,21993.1,19173.9,16859.2,21242.2,20552.2,20301.9,18201.3,20504.5,22744.7,18287.1,20140.5,21431.4,20412.8,18214,20664.1,19443.3,21938.2,19642.5,22877.6,19590.2,20127.1,20752.7,17808.5,20165,18914.4,23807.1,22862.1,23401,18081.9,22587,18590.1,19330.5,21066.9,21686.1,23979.8,22688,23744.7,23136.8,22713.5,23958.5,20909.9,22112.2,20290.8,17112.5,17475.8,22172,20109,21136.6,18056.6,23030.8,16916,21247.4,22012.4,17050.5,16598.4,22079.4,21367.2,17283.3,19224.6,20077.3,20984,18077.3,17584,16809.5,20191.2,20057.2,19169,21509.5,21415.3,16418.4,17720.8,17248.4,18733.3,20898.6,21553.3,25483,32641.1
32058.2,25628.5,23349,25307.2,21423.1,17297.6,22258.7,20803.3,19097.4,19537.1,20877.1,20693.1,15102.5,18035.7,17066.2,15759.2,20898.3,18098.8,15684.9,19246.9,16419.3,18088.7,16520.4,16825.8,15609.5,18339.1,18709.4,15871.2,17499.5,20139.4,19614,16734.3,20968.3,19339.7,19014.5,18436.6,21183.6,18870.2,21163.9,16658.7,21377.7,19122.3,19161.7,18931.7,21152.4,17292.7,16695.2,16660.3,17750.6,20999.8,19441.4,19278.2,18411.6,17748.8,20165,17440.1,19738.3,18929.4,18481.1,17586.3,19703.7,19932.2,19975.1,19945.2,17275.2,15802.2,20330.4,21127.8,18785.6,16359,16278.1,15290.8,19577.9,21162.8,17972.1,20158.3,20935.3,20631.1,16505.8,15550.1,16328.9,17448.3,21482.5,15799.9,15282.1,18728.9,20444.9,20566.3,20324.3,19900.1,21570.4,15254.1,20407.1,15522.8,21536.5,16496.8,21475.5,17355.4,19962.7,19442.1,21384.3,20157.6,16513,16048.1,20475.1,18075.5,14916.1,18310.5,17075.7,15210.3,20334.7,14876.6,20280.9,18335.4,15477.2,16997.7,16864.1,15601.3,20828.7,17351,19450.5,16369.9,20926.7,19162.5,20002.1,19256.2,21434.5,16539.5,20073.4,17348.4,20242.2,19462.8,15923,21604.4,17348.6,20243.6,16712.6,18803.5,16933.7,16730.7,17866.2,18651.2,18001.2,21026.7,17275.3,15610.6,19213.4,20817.6,20901.1,17872.7,16712.8,18734.2,15664.7,15265.6,13744.1,15868.2,18945.9,18292.7,17347.4,17696,15427.5,20662.8,17640.9,16659.8,21188.6,17206.3,17248.9,15847.9,21446.2,21812,16738.4,22389.6,17960.8,18434.1,20550.8,21375,17580.2,19381.9,16801.3,16509.7,17044.2,19314.4,18749.4,19442.3,21419.5,17237.6,19939.1,15469.2,20054.1,16333.2,17956.7,16908,18882.3,16761.3,19851.3,21861.9,16177.2,16250.4,18527.4,21561.8,22541.2,16302.7,18318.2,20206.6,20774.8,20764.1,19096.4,21129.9,19868.8,20544.3,19144.7,19356.2,16393.7,20952,18350.1,19406,22216.5,17855.4,22447.6,21260.8,21143.7,15762.3,19219.4,21558.3,21510.4,19795.6,16935.7,20690.9,19535.5,16730.3,18942.3,18940.6,19058,21845.2,18551.5,19389,16148.4,21327.1,20515.8,17025.6,21297.6,20664.5,21830.9,15625.3,18488.1,17545.6,21760.3,21832.2,20710.4,16997.5,19791.3,20661.6,17200.2,16227.1,20868.4,16156,18026.2,18835.9,15342.4,18468.7,17545.8,18071.4,16396.5,21600.8,20426.5,21124.6,18756.5,21663.5,20690.2,22503.2,17062.9,17435.9,18386.7,16885.5,18984.6,20419.3,18512.6,20581.7,16706.3,21554.1,19585.4,20835,22003.4,18870.6,19049.2,16870.2,20238.1,20112.8,20703.4,20875,20200.6,18036.4,20390.7,19177.5,21773.1,18834.5,20014.7,21850.7,22364.7,19927.5,16303.9,17850.3,20378.4,17636,21236.6,20457.1,17943.5,20880.6,22807.5,20331.9,20056.6,21552.3,22020.5,22425.5,18512.7,18800,21857.8,20282.3,23480.2,18393.3,21500.6,21815.2,19872.1,18670.9,21705.2,22828.9,18007.5,23740.3,21868.1,18693.9,21272.2,24155.2,23999.3,18128.8,24069,21673.3,19121.9,18105,22311.3,23750.3,19754.5,22150.6,23636,19189.2,20646.7,19358.5,21528.6,20938.4,21889.5,22423.5,23215,19396.7,18383.4,21783.3,17894.6,21110.9,21749,18290.5,18951.1,17395.2,17439.6,17964.1,22516.4,22102.5,18594.5,19882.9,20352.8,21738.3,22764.7,20844.3,18253.5,18508.7,18344.1,20249.4,19068,22585.3,20498.5,18749.9,22333.8,24375.7,23715.3,23876.8,31093.4,31997.3
34039,26170.4,25993,22443.1,19525.6,23044.1,22878.1,21157.8,19913.4,18968.9,20059.4,15585.8,18979.8,17603.2,15265.3,18854.8,15873.3,20346.4,17582.3,17626.2,16379.4,21189.6,20413.3,17202.6,17748.1,15531.7,19096.8,18860.6,16430.2,16800.5,15481,15731.1,17465,20389.1,20760.1,21387.4,21296.5,18630.1,20155,20863.4,21265.3,19502.9,19784.4,19915.3,17915.9,18233.8,17186.6,19147.5,22011.2,18719.2,16169.5,17107.4,17385.5,16201.5,16163.4,20562.9,16167.5,18267.7,18861.4,21159.9,21993.5,18809.6,17926.5,18971.5,18038.7,21598.4,16782.1,21849.6,20011,18132.7,16179.4,17587.7,15437.1,16381.8,19073.5,21777.8,17331.2,16125,19743.7,19733.3,19732.6,20703.1,20151.9,20259.6,18216.6,19549.6,20605.4,20857.3,17144,20744.5,18882.1,18056.7,21605.3,15989.2,16360,20371.7,20093.7,16639.1,17976.5,18989.8,21070.2,17303.5,17766.9,17211.2,17830.5,15602.9,15455.2,15350.7,16223.5,14687.3,19688,15735.2,20408.1,17313.6,19440,17497.2,16352.6,18158.9,20972.7,18758.2,21023.2,20336.5,15977.4,17464.5,19899.7,18550.8,21450.7,16241.4,19396.7,20058.5,16693.7,17627.4,19303.2,19814.5,17337.6,17438.9,15915,20489.1,15261.4,20571.8,16342.2,16029.1,17579.7,18094.2,20778.5,20715.3,20152.4,14703.6,15650.9,20732.8,17298.7,19399.8,19382.1,17462.9,16809.7,20571.8,21176.6,19858.7,15240,20947.4,19222.6,20110.2,15596.7,18836.5,18027.9,19136.3,16845.4,16390.3,19515.5,17825.2,21485.6,18730,19887.2,21756.7,16962.9,18655.6,17115.7,16948.4,19323.7,18300.5,16867.3,15837.3,18711.4,15750,19379.6,16614.8,19458.3,15908.6,17263.1,21048.4,18607.5,21261.7,19282.4,19654.2,20594.4,19717.9,18430.3,18405,20585.5,20930.1,21111.2,17346.9,18056.1,18904.2,20102.5,21625.1,17810.5,19654.4,16443.1,20298.9,19714.8,16913.6,19701.6,20132.6,17503.2,20683.3,17671.7,16578.7,20236.9,21666.7,16102,16634.8,20770.2,17927.7,20453.1,17259.2,15871.6,16787,21866.7,17861.4,18606.8,15988.3,20380.7,17103.6,19510,15652.3,16232.4,17650.2,17015.8,16156.9,21351.9,18491.9,21784.5,20336,19256.6,20201.8,21047.4,18210.5,16146.3,20112.1,20652,18337.2,15525.8,16478.7,16063.1,16358.4,19239.7,19512.1,18211.9,19850,20947.6,17380.3,21657,19072.8,21770.4,19526,16492.6,17572.2,19373.1,16056.2,18964.7,16674.2,16173.3,17694.8,17085,21166,19838,20519.3,18162.8,20596.6,21829.6,21674.7,16897.2,21160.8,16340.3,17629.8,20594.6,17198,16575.6,18363.4,21822.5,19809.6,18232.6,15874.8,17832,19305.8,18100.7,20564.1,21678.2,19858.9,20623.4,21185.1,21428.5,22758.1,19450.7,21930.8,22813.8,22009.7,19859.7,21336.1,23075.1,19226.8,17896.7,18210.5,18678.6,20882.3,22878.8,17834.1,17653.9,21953.2,22166.1,21740.1,19558.1,17623.6,19206.3,19622.8,21218.4,20203.2,21481.8,22538,20779.1,23703.5,23614.8,19867.1,22606,23232,20079.4,20041.7,18181.9,22713.5,19191.5,18116.4,18229.9,20656.2,19506,19872.7,18308.2,17598,20517.4,20480.4,20465.4,17607.2,20484.2,21905.3,20987.9,18761,21036.9,23219.4,22652.9,22161.4,22180.8,22724.5,18973,17377.5,22409.8,21774.7,17096.6,17004.5,20498.3,22673.2,22941.1,19888.5,21488.8,19435.6,18734.9,19264.1,22361.9,23219.9,20120.4,19629.9,25157.3,24988.7,26854,34902.5
31158.6,27671.9,26441.5,23394.9,20191.2,19764.1,19802.3,19557.2,15814.4,19549.7,17176.8,18693.8,21062.6,17919.5,21456.2,16563.4,15448.8,19479.7,18854.9,15579.9,15190.1,19321.1,17069.8,17402.2,18557.6,15167.2,19022.4,15720.4,21561.1,18477.2,20457.7,18472.6,21185.3,20033.8,16650.6,18075.8,16687.4,16747,19547.6,19864.5,20181,16075,17313.2,17141.6,16501.7,18065.8,21934.6,16600.6,20217.7,21216,16837,17073.4,17186.1,19566,21335.6,21461.5,21980.8,20116.7,19706,20885.6,19666.5,17155.5,16655,21592.2,18962.3,18500.6,17781.5,18842.5,19376,16491.5,20222.7,15362.9,21801.2,20801.8,19874.4,19732,16105.3,17647.7,17573,15085.7,14939.1,18364.8,18757.4,17094.5,16617.7,17571.3,15223.9,15187.1,17265.7,16523.3,20702.4,16168.5,20892.3,17231,18601.4,21444.1,15623.4,17995.9,20699.5,16168.2,19706.8,15212.2,14934.5,18537.6,15141.3,17720.9,16637.5,19983.7,18556.8,15727.4,16384.1,19969.4,18935,16347.5,18357.9,19755.1,18404.5,19929.7,21464.2,18989.7,19914.7,15784.4,21182.2,20600.2,18542.8,19537.9,20092,22127.2,20072.1,17898,20593.9,20798.6,20863.4,20268,20262,15826.8,15109.9,20846.2,15733.2,20716.6,18493.6,17344.2,20461.4,20136.1,15032.9,18335.8,19762,19692.9,17304.7,15417.1,19551.6,16065.6,17789.6,20625.1,17660.3,18046.4,15836.7,21045.4,20324.3,17453.8,17419.6,15632.4,15690.7,20642.2,18446.8,17410.8,20111.9,15972.9,15577,16552.9,19878.3,19667.2,21204.9,21882.3,17270.4,18780.8,17854.1,17558.5,20851.4,17365.2,16438.6,20681.8,22290.3,19698.5,17367.6,19901.7,18453.1,19426.4,18797.5,18702.2,17854.7,21332.2,18954,19831.9,18119.4,18573.4,17565.5,16657.5,16106.8,16123.4,20141.1,18720.7,21147.7,22563.2,21760.2,16757,21425.1,20590.4,16815.3,19191.9,21758.2,17309.2,18870.2,20142.7,19561,20033.4,21086.8,17391.8,19555.6,22482.4,16705.4,21627.1,19881.3,19840.5,17810.7,18597,19163.2,21377.3,20799.4,20343.9,20085.7,21605.3,17366.7,17330.3,19936.8,17830.6,20417,17925,21513,20263.6,22178.7,17265.5,19484.9,20241.5,18477.4,19041.8,17484,15531.1,18076.4,18493.7,21913.2,18993.4,17077.6,20907.3,18205.8,19454.9,19481.6,20746,18259.6,20984.4,21002.3,18177.7,20951.4,16578,20661.6,16896.5,19382.2,20888.8,17888.9,18379.3,17927.9,21776.3,17961.5,20521.2,18492.9,16320,18068.6,16770.7,15994.5,21736.5,18035.5,20848.2,22028.1,16993.4,18943.3,21517.4,18806.1,21848.7,21237.3,17919.7,19759,17901.5,17991.5,17978.2,18179.7,17444.9,22117.5,18941.7,17685.7,16141,17453,22722,16933.1,21519.9,21062.7,22586.1,20540.1,19013.3,20710.4,18727.9,21622.3,17898.5,18923.8,21072.2,19107.3,23024.2,21406.4,20757.6,20777.4,18518,22859.9,20259.7,20463.2,19846.4,22781.7,21683.5,19432.7,22789.2,18999.8,20528.9,21214.4,18490.3,24151.6,22315.3,23672.5,22739.6,22039.6,18766.4,22282.2,19544,22020.7,21769.3,24224.1,23078.2,24013.3,24565.5,18336.8,23468.9,18710.9,17866.2,20354.3,21402.8,22173,18691.3,18421.6,21130.4,17321.5,23181.2,19386.1,18177.1,23066.6,17732.8,20213,22977.7,20377.2,20156.8,18613.7,18934.1,17901.6,21560.7,18935.4,20069.6,20709.2,21311.9,18899.9,21320.1,21172.1,20801.6,20912.6,20044.3,22518.2,22718.6,29073.3,35443.2
31164,29816.7,23568.1,20650.6,23379.3,22984,18926,16575.9,18854.4,16458.2,17424.7,18933.6,16610.7,17726.9,17215.5,17751.9,17083.1,17441.4,19965.5,17795.7,16843,20743.5,16705.5,17115.4,17784.9,15675.2,15954.1,16586.8,18722.3,21444.7,21034.3,16532.2,18237.8,18459.2,17918.2,21666,20634.1,21252.3,16808.1,21510.8,21563,16457.4,19990.5,16622.9,16697.4,20264.8,20963.5,16530.4,19372.5,18410.3,16210.8,22079.5,15960.5,16836.2,22071,21699.8,20482.4,19560.5,17889.5,21507.9,19093,16952.5,19204.4,16194.4,18167.7,20454.4,19593.7,15725.4,19001.3,18046.5,18156.5,20435.8,20743.8,16207.2,17585.8,16278,17449.8,19676.1,19192.4,19961.8,15564.3,16139.9,18069.6,16309.3,16941.7,20891.7,16540.6,18691.1,19204.7,15103.1,15860.3,17668.1,15647.6,20013.1,15917.9,18709.9,18071.9,16874.9,17790.4,19182.1,15755.7,20674.8,18333.6,20810,19668,16673.6,20594.3,15198.4,20199,19883.1,18348.8,18162.5,18189.2,16952.7,18332.3,18171.7,20488.1,18841.2,17305.3,16158.9,18101.9,18889.8,18419.7,16871.2,16350.4,21056,15908.4,21204,18377.7,18621.3,19846.9,17644,18583.1,15851.1,19243.4,16775.4,19492,15419.8,18418.9,17241.3,15724.2,19745.7,17543.8,18446.5,20181.5,18409,18355,18663.3,20178.2,17699,19156.9,19046.9,18544.8,20936.5,19564.9,16435.1,15658.2,16532.8,19983.7,16077.6,16522.1,18755.2,19193.1,20601.3,18617.7,15544,18965.4,16772.5,20521.8,17476.7,16707.2,17823.8,22499.1,16245.6,19056.3,17692.3,17401.9,17279.6,17699.5,17798.8,20684,21516.2,18460.9,16097.7,16147.4,20217.2,17990,16921.5,21071.4,21608.4,16271.7,17193.5,21865.3,16481.9,16519.4,17708.5,22147.9,19555.8,19120.8,18614.6,20549.5,20843.4,18619.3,23101.8,18435.3,20311.3,20381.8,20187.7,20183.8,19699.8,16908,22117.1,16830.2,20744.5,17184.8,22023,16910.7,19608.2,20670.4,18070.1,18119.4,19267.7,22228.9,15783,17566.2,16058.4,17197.6,19027.7,21508.6,21150.9,20935.1,21638.4,20882.4,20494.7,16849.4,16664.6,18764.4,19137.5,17989.2,20571.1,22063.7,18817.2,17478.1,19428.1,19736,19498.5,16328.8,21260.9,19205.8,21102.9,16200.7,17224,19316.6,20015.2,21265.7,19625.4,15581.1,18806.6,20081.6,20756.6,17457.3,20911.4,19601.7,20092.9,16242.3,16167.8,17789.4,21611.3,16268.4,19140.4,19603.4,21069.6,19980.5,17273.5,19889.8,20203.3,16315.8,21821.1,15947.8,18794,16107.8,18943.2,17796.9,21812.9,20340.6,17084.2,21177,21421.2,17167.8,21243.6,21781.6,20680,18672.9,16881.5,17103.7,18776.4,21418.8,21765.6,18472,21824.8,21340.1,19558.2,18463.5,21672.7,22241.6,22480.3,22150.9,18781.1,16810.8,20328,21273.8,22856.2,18916.6,22081,20286.5,16990.4,23381.5,18246.1,17355.6,17762,22049.8,19471.3,23153.8,23669.6,22951.7,17809.9,20378.6,23160.5,20841.5,20816.2,23333.1,23977.3,21223.1,22545,19844.1,23207.8,18593.4,21854.1,19896.3,21885.8,23260.7,22113.2,20218.1,18955.8,24013.6,22273.1,22382.7,21006.2,20994.7,23058.2,18599.3,20300.3,19672.3,19191.2,20956.8,21452.1,21598.9,17424,23009.8,16913.9,22727.6,18452.5,19254.5,19075,22541.9,23126.7,19965.4,19732.1,21465.9,17848.1,17373.5,19016,19962.2,21284.5,20748.3,20106.2,18101.7,23779.7,22407,24242.7,22450.8,25354.6,28958.3,33278.3
34267.9,27102.5,27740,21860.4,24031.5,18188.6,20093.7,17910.9,19780.2,16250.2,20867.3,18652,21617,18149.8,18919.6,18733.6,21213.5,16127,20299.4,16063.9,20407.5,15194.8,20762.5,21088.5,18867,15695.3,17740.2,17607.3,20802.6,19385.6,18793.8,19869.2,19367.9,19603.8,15655.8,21558,21328.8,17645.7,22051.8,22000.4,17396,21770.8,18551.6,17783.9,21467.2,21643.6,16493,21455.4,18195.1,15836.9,20898.5,21334.8,16186.1,19246.9,16920.2,20301,20270.7,15873.3,17499.5,19970.5,20041,18406,16663.8,17012.9,19143.8,19882,19487.5,18566.5,18577.5,21590.5,17151.4,17184.5,16315.9,19152.1,21525.3,16497.8,18940.6,21448.8,19567.8,17938.2,16553.7,18615.8,15952.7,15074.5,20734.2,16174.5,21369.2,20316.7,19735.3,20622,20097.7,15332.8,21103.3,17297.3,20962.1,19171.9,18143.1,19387,18264,21155.5,19679.5,14945.2,16322,16015.5,14911.2,17703.6,14643.3,15478.3,15881.6,20350.6,17638,19967.8,17519.3,20764.4,20339.8,15152.7,21239,17764.1,16723.8,19070.9,16476.6,20158,19163.7,18504.2,16303.5,18602.2,19613.6,17064.6,17463.5,21177.2,17325.7,18197.8,16601.9,15892.9,16903.3,15452.6,16075.6,20079.7,16054,19389.6,18208,16849.8,15309,20245.6,19880.3,17542.1,14940.7,18720.5,17249,19560.2,15104.5,16047.6,15344.1,15283.8,15359.8,18002.5,21054.6,16427.9,20707.6,15906.6,20151.9,17242.2,18713.4,20767.5,18038.3,21041.6,17040.9,21190.4,20786.1,17526.8,20696.5,21708.4,20063,17359.7,18665.4,17874.1,19955.5,19111.9,20855.4,18700.9,20356.6,19012.4,20884.1,18792.5,20958.1,21364.8,19111.9,15580.8,20054.3,18144.3,21785.1,18811.1,21525.4,20664.8,21760.7,18866.4,19264.3,18763.6,17294.7,19958.8,20523.7,20747.5,20503.6,22600.9,19988.2,18031.1,21027.6,17140.8,17023.6,16843.2,20834.4,20893.5,17828.1,18230.8,21458.6,21638.6,22099.9,21074.3,20151.5,17133.7,16641.5,19786.3,20781.1,20791.4,18990,20644.8,20523.8,20412.2,18626.7,17702.3,15914.5,18091.4,16599.2,21722,16210.6,21599.1,15638,19181.1,17756.6,20020.2,19066.8,19158.7,16396.2,18794,17952.4,15965.1,19569.3,16446.1,15679.7,18625.3,18719.8,16199.9,17597.5,17567.6,16302.6,17995.2,19228.6,19314.8,20404,17598.1,17047,20883.9,19225,15869.3,19954.1,15663.6,19278,18505.8,22280.5,16835.3,21683.3,18509.7,17472.7,15725.9,16145.9,17846.5,16556.7,21945.7,21202.9,17798.1,20173.7,20273.2,19983.2,16234.5,18031.2,19691,19148.2,16416.2,18898,22102.4,20005.6,21402.4,19969.3,16868.7,17708.2,20332.3,20520.3,19359.5,19128.9,20815.8,21993.2,18808.5,18083.2,22641.9,16494.1,17860.8,18205.1,21352,16965.8,20617.5,20608.6,21450.1,17964.4,21038.2,20636.5,22727.9,20045.5,18067.7,23119.9,23138.9,18304.1,23561.5,17822.3,23238.1,22125.7,24059.3,22978.5,23751.9,20049.7,20717.7,23154.4,19662.8,18130.7,23679.2,24220.6,24190.2,19476.8,22478.7,21204.8,22361.9,23044.5,20397,21507,20551.5,20333.9,23403.3,22471.7,21928.2,21164.6,23070,20165.1,17609.5,21307.6,19708.8,17335.7,23445.7,19275.7,21258,20294,21103.6,18680.9,22892.6,20233,22383.4,18135.9,22857.7,22000.2,19283.6,21051.2,20691.2,17932.9,18355.4,21325.8,17756.2,23213.2,18984.9,18149.5,20544.7,19020.3,24241.7,20831.4,27886.3,28976.6,33849.7
32011.4,27121.1,25245.1,25081.3,19179.3,21544.1,21995.2,17541.2,16558.5,21149.4,20917,19509.8,21565.2,18253.5,16255.7,20903.9,19791.1,17680.2,19391.3,19584.6,21054.3,19647.1,17366.4,18890.4,15532.9,20446.8,16902.9,20596.3,20915.4,18772.8,18042.5,19801.9,17663.3,17340.2,16733.2,16407.4,17857,19459.4,16526.1,16337.6,21154.9,16673,17447.6,22242.2,18595.8,19919.2,20518.9,18670.2,20019.2,18628.2,16114.1,21561.5,19057.7,20756.1,20232.2,20265,18494.7,17589.8,21661.7,18948.7,17872.9,18127.7,20595.6,18004.5,18277.9,17331.9,20478.7,18335.7,21516.3,15828.1,17927,17644,19017.2,16575.6,18271,15729.2,20045.9,20375.9,20608.6,21493.6,20169,19752.4,15343.4,18615.6,21527.8,18752.2,17904.8,19897.1,15931.9,21422.3,16135.8,19235,17565.7,20086.7,18202.3,15262.4,17273.9,17292,16021.6,14999.2,21038.7,20734.7,21088.9,19196.1,18543.2,18557.7,17989.5,14678.9,15173.2,20076.3,19944.7,21213.1,19078,18644.7,20593.9,20026.6,16712.1,16360.2,20672.1,17528.8,15453.5,20410,20479.9,20190.2,21484.7,20953.3,16028.2,15857.8,18264.9,22240.2,22406.3,21476.7,21691.1,16166.2,17226.3,21034.6,19927.5,17678,20972.3,17145.9,16792.7,19877.5,17985.7,18409.2,17505.7,20230.7,17416.5,17596.6,15200.4,18407.7,19449.4,19142.7,18460.6,20250.5,18218.4,20072.2,17195.7,18946.5,17581.1,17179.1,20120.7,16996.9,18557.5,20071.1,21134.1,20698.7,19512.8,19076.4,20723.1,18216.2,18455,16751.2,22333.5,22185,21764.3,19526.5,16843.4,16682,18245.5,17296.5,19869.9,16620.8,20773.8,19004.8,17449.7,20921.3,18953.8,17629.5,16823.2,15997.6,20532.7,21229.2,21386.6,20599.1,21197,19495.1,19241.7,18552,22072.4,17923.5,19338.6,20078.7,20045.7,18281.6,21930.4,20012.4,16691.7,18741.6,19137,22299.6,16516.1,21847.2,21257,17263.7,17981.7,17257.5,16898.8,17615.2,19564.9,16205.4,19144,18296.3,21949.3,18026.7,17048.1,18086.2,20166.3,19894,20459.6,19924.9,18998.9,17293.7,16841.4,20874.6,16333.7,17650,19459.7,21018,16429,21673.5,17739.3,17453.5,20430.3,17547.5,21196.5,16569.6,21580.3,18612.1,18621.6,15787.1,16321.6,17352.3,15501.7,19826.4,19000.4,17604.9,19216.4,15303.4,16602.6,20724.5,20252.5,19751.3,18917.2,21407.9,16811.8,19383.3,21913,16181.8,16891.4,17131.4,16125.5,20485.4,16367.8,16045.3,17740.7,16823,19239.2,17088,21843.4,16641.4,15877.8,20843.9,18168.8,17912.9,17241.8,20708.3,20488.3,19557.3,20390.8,22131.1,17378.2,19025.7,22547.9,22410.3,19270.5,22432.2,20104.8,18209.5,18258.9,20542.2,17566.8,21317.5,16649.6,18067.5,21807.4,19417.4,21852.5,21005.4,20648.6,21671.9,17110.7,16702.2,17318.6,20082.2,19312.7,22441.1,19886,20937.1,23418.4,22170.5,18938.1,23497,18803.5,22565.6,23635.3,21354.6,24250.8,19327.5,18598.1,20661,23458.3,24374.7,19696.8,17971.6,24422.2,24382.7,20568.3,19209.7,20667.6,20003.5,19631.8,20539,20583.1,23798.2,21697.4,22617.1,21798.8,17951.6,24139.5,22685.1,18973.8,20482.6,21758.3,19736.9,23718.2,18865.1,20966.2,21077.6,17728.4,17360.3,19196.4,20210,19994.9,20205.5,16500.6,21977,21485.3,22584.4,21006.4,22067.5,17196.8,19054.2,21262.9,18688.1,18727.3,20824,16843.2,19576.9,18218.1,18258.8,25838.8,26810.7,31486.3,34872.7
33892.1,25144.6,25861.5,20732.8,20500.7,19788.6,17984.3,20355.5,18299.3,21083.1,21807.9,20984.7,16236.4,17590.9,15589.4,17899.6,17485.4,17319.7,18970.3,18034.7,21402.2,17578.5,16233.7,17377.7,17038.6,20937.6,18754.3,15126.1,16437.1,16506.4,18205,16604,17810.2,15612.3,15619.8,21730.4,19136.8,17432.5,17678.5,19648.5,19428.6,18232.7,20528.4,20298.3,20085.5,19367.3,19486.5,21376,21432.1,20550.6,19646,17159.5,21115.5,21213,17057.7,18170.4,22230.1,20404,18335.2,20029.4,17333.9,19940.7,17778.3,16262.1,18969.4,16124,20702.2,21769.6,17004.8,20546.8,21710.4,21376.2,18132.9,19152.2,21207.4,20537.6,18907.5,18597.8,20567.4,15626.3,19483.9,16786.7,15636.3,15173.1,17059.2,19461.2,16649.6,20984.3,19228.9,20623.1,21705.1,20608.4,17328.4,19983,17826.7,20865.2,18533.7,20106,19066.4,20223.6,16159.1,16526.7,20782.8,19028.7,19497.3,15354.5,19889,17699.8,20041.1,20944.3,18828.8,21325.8,15300,20548.8,15080.1,20194.4,17561,18869.6,17122.8,15899.8,15516.4,20486.7,20745.9,19939.7,16446.6,21208.7,19618.8,18315.1,16926.5,18658.9,21988.4,20914.6,21780.1,22000.6,17864.4,21801.8,16737.3,20754,18453.2,19110.7,21006.7,21104.9,19425.9,16268.6,16624,17770.9,18544.8,18494.6,20533.3,15796.5,15967.5,16804.6,20323.6,20044.1,14718.5,17915.8,21248.3,16363,17292.4,20196.3,18524,16342.4,19766.5,21390.3,18965.6,17795.9,20926,17473.7,17556.6,16772.7,21512.3,17240.2,22633,21273.4,19628.4,16056.2,16061.1,21633.6,18987,18517.5,17420.8,19783.8,19213.4,22174.3,16248.2,15642.7,17559.9,20268.6,17818.7,17775.9,17743.4,21424.3,16035.9,20461,18255.9,21263.4,19688.7,20886.9,18624.3,19233.3,16388.4,21262.6,20342.8,16429,18431.2,16993.2,19093.4,17903.6,18816.2,18792.3,19659.9,19913.4,22794.6,21183.5,16618.9,20726.9,17927.2,19396,21906.4,16063.1,19484.4,18019.6,15949.7,19061.7,15776.7,20274.6,15867.5,21829.4,15912,18807.4,19594.7,20543.7,19852.6,17999.8,22102.1,20230.4,19698.6,20851.2,21639.7,17850.2,22160.7,19338.5,21981.6,19467.9,19337.9,16263.6,15872.4,16395.9,21697.3,22088.3,17496.7,19242.6,19576.5,19587.9,16476.8,16783.8,18925.2,17808.5,17063.8,18851.1,18224.8,17881.2,19722,19491.7,18206.7,20431.1,21822.8,20005,16459.7,16210.4,19258.5,16867.8,18951.3,15999.1,21479.9,19654.1,16163.4,21253.7,19332.2,18862.7,16363.4,19066.3,20369.1,17579.5,20660.2,18708.3,17947.6,22081.9,16582.2,19708.6,16970.3,20002.7,21183.3,22337.6,16941.1,22158.1,19109,17563.6,17746.8,19803.1,21160.1,17979.7,16761,17579.9,21933.1,22073.3,16603.4,20513.8,18842.9,20131.1,19661.4,22109.7,17603.5,19825.8,18113.7,23216.4,21263.7,19151.6,19633.3,22849.7,22289.1,17511.1,19448.9,21632.9,20624.7,20019.6,22199.8,18448.6,18395.9,23043.5,19178.8,20602.5,23285,21835.5,19755,19547.2,21722.5,20123.1,22264.3,21840.4,21289.5,22709.7,18608.8,18450.9,22424.5,18293.9,22850.3,18069.7,21935.5,19899.7,20095.9,19507.1,5395.31,19175.3,20264.8,20595.5,23440.9,19167.1,18221.7,18733.9,20640.6,17498.2,19633.2,20132.4,18000.9,21187,22026.1,17308.9,21494.8,19815.8,18039.7,20344.6,20242.4,17095.3,22173.5,20529.5,23287.4,23332.1,17507.6,23926.1,23243.1,25694,24934.2,32385.3
33837.4,27635.4,23775.5,22118.7,20878.1,17564.4,19261,20355.8,20490,21332.8,19857.5,15790.1,17860.6,18753.5,16891.5,17810.2,16507.7,17700.9,15825.1,19588.4,18520.4,17115.2,19472.3,18960,15301.2,21523.1,21634.5,20570.1,18460.4,20630.7,21463.3,19169.2,19587.5,19152.1,16348.3,17881.9,18842.3,19386.3,17905.4,20366.8,18276.4,16740.7,18457.1,18148.9,22206,20160.7,19611.1,17704.2,18696,19795.8,20089.6,18669.9,21309.7,16829.1,20308.4,18144.5,18832.9,21931.2,16236.4,21156.5,19831.9,16648.7,16918.6,17595,18651.6,21335.1,18712.4,18504.2,21271.6,19299.3,21538.3,21605.1,18472,20613.9,16497.1,17083.8,15912.2,16530,20018.5,20671.4,20937.6,16378.9,15999.8,17426.5,16893,20085.8,19648.1,15763.9,20712.7,18294.3,21510.7,18754.5,18215.3,15290.6,19604.1,19591.5,16304.1,21185,20871.6,15897.3,21052.9,21404,16886.3,15988.6,14817.3,14632.1,17255.3,18714.2,20994.9,15682.2,15775,18717.9,15729,17310,17623.6,19507.5,19240.8,21651.8,15826.4,15379,18108.4,19483.7,19323.6,17650.8,19542.5,18643.7,20945.5,20044.9,19495,18786.1,18840,20370.5,20263.4,20841.1,17237.8,19242.7,17660.5,15950.1,16429.3,16798.5,20755,17831.1,15756.1,16326.6,15303.6,17008.7,20689.3,18403.3,18081.9,17283.1,16223.3,18248.4,19432.4,18543.7,14847.6,18098.8,18596.4,16862.1,16290.2,19985.2,19339.3,18140.8,15510.6,21188.4,19546.2,15665.4,21452.6,20683.7,18171.1,16947.9,22498.8,18496,21237.6,19362.6,18376.6,17288.1,22253,16303.1,15782,16838.6,17871.7,21835.5,20153.5,17357.9,18584,16720.5,20957.7,18779.1,17416.1,18209.7,20193.1,17142.5,21592.2,16082.1,19252.2,20463.1,19216.8,16384.7,19440.5,20834,22431.2,22185.3,21198.4,20350.3,18877.7,21150.8,19869.8,17371.4,20389.7,19176.2,21254.7,17416.8,21717.8,16567,21689,22813.1,17540,19919.7,19687.4,21574.2,19705.8,17862,16570.9,21879.9,16341.5,18071.8,21808.8,22177.5,21437.1,21906.2,18710.4,21295.3,15923.8,16430.5,21721.3,17241.5,18372.8,17417.9,17990,18506.6,18566.4,19584.5,17364.1,17519,15634.5,17539.8,16058.5,18797.9,20823.4,20742.4,20633.7,17161.5,18924.9,15643.2,19258.1,20232.1,21602.5,21113,21613.7,18838.5,20361.5,17934.9,16975.6,18192.2,20660.6,18332.9,16678.2,19073.3,17842.7,17456.2,18697.2,21610,16877.9,18035.4,16127.1,18033.2,19090.5,22343.4,16027.6,20776.1,17357.9,16867.5,16500.1,18474.6,19578.9,21757,20480.8,18119.6,19575.5,17903.7,20904.7,20904,16555.3,16884.3,19796,20990.5,17190.2,17673.6,22526.2,16477.5,20937.9,17065,18669.4,17519,20404.5,21019.4,18950,22906.1,19003,21386,21106.6,22101.1,22598.9,16882.1,21749.9,22173.2,19039.9,19762.5,20590.4,22693.1,21933.1,18319.9,18474.1,21518,21228.1,22486.5,17983.5,20078.9,18316.9,21850.2,23548.9,22531.6,20681.7,22426.5,22853.6,18462.8,22672.3,20978.7,21083.3,23317,23184.2,24442.7,20505.2,18633.2,22741.1,20408.7,18164.7,20229.6,18119.5,23834.6,19210.4,19103.6,20248.1,23985.6,23680.1,23299.5,22985.5,20943.3,20291.2,19719,19248.6,19573.1,21652.2,16814.7,20974,23146.3,22608.2,21804.3,21281.9,17202.2,22022.9,20043.5,18556.4,18982.1,23622.2,19051.3,17952.3,21569.3,22633,18358.9,24682.5,22343.4,25513.3,29540.8
30330.4,24962.3,22732.2,20943.5,18912.3,17573.9,16558,19603.2,17072.1,18086.3,21621.1,21529.3,18549.5,21106.5,15672.2,17058.8,15991.3,21059.4,15430.4,15871.3,16174.9,19193.5,18897,16742.3,16159,21234.8,16897.5,17592.5,20103.5,17789.1,17067.6,19267,21130.8,16214.3,18254.3,21104.1,16686.3,18944.4,20773.4,16345.1,18951.4,18284.4,16941,18027.6,17480.8,19885.9,21250.7,21165.2,19835.3,19579,17685.6,18593.1,16306,19116.5,20643,16536.5,21006.1,18233.4,20692.8,21554.7,20858.5,18756.3,21850.1,18672.6,21924.1,19573.2,16278.4,15639.3,19137.2,18228.5,20047.2,17091.5,20924.9,20181,17095.3,21422.9,19146.2,20411,17053.1,15972.3,15535.8,17490.5,16959.5,16900.9,16355.2,19038.3,15236.2,21484.8,18030.1,19728.7,20457.6,16783.4,20889.9,15657.4,20321.8,17532.4,20551.1,20447.3,19222.4,19999.5,20536.6,18204,15457.8,17218,17072.5,19924.2,15969.2,15664.6,19797.9,19937.5,16291.6,20615,18464.1,15058.3,16461.2,16984.3,20047.1,20778.4,18381.7,19143.8,17494.6,21326.1,19659.1,17636.7,17248.3,19681.4,18338.2,19569.2,16432.6,15960.4,19235.9,16108.6,19841.4,21967.1,17677.5,20219,20798.2,17590.4,18754.3,15050.1,19195.4,17175.6,19826.4,19457.6,17744.2,18590.9,17576,16772.1,19156.1,17312.8,17531.4,17111.6,17071.1,15000.8,18956.7,19212.1,18178,19141.3,15549.3,21478.4,20701.4,20403.4,20695.7,17156.5,16006.6,21837,21397.2,16177.8,19682.8,22163.4,16444.6,16437.4,18472.1,20894.6,20557.7,20405,17320.3,16451.7,19757.9,22341.3,19310.1,18766.6,19448,20787.1,21654.1,17149.2,20553.7,19161.8,21484.5,16465.1,18833.5,22258.6,17145.6,18729.2,17539,21355.2,17731.8,17596.4,18556.6,21724.9,17703.1,18330.1,20924.6,17361.6,21843,18677.3,18478.2,18937.1,18054.8,18325,19079.7,20232.2,20789.2,18440.8,22837,19778.2,17592.6,18862.6,21386.9,17102.1,16827.1,20416.4,15950.2,18440,17064.3,16188.4,18921.1,19108.3,20438.1,18681.4,21254,21193.1,16442.5,19576.9,16941.8,18965.2,19193,18512.5,17231,18007.4,16305.8,16874,21202.2,21639.1,18102,19622.9,18282.1,17892.3,18941,16248.5,19461.2,21702.8,20239.9,21253.5,18577.6,15983.6,16143.3,19631.7,19390.4,17368.4,16874.2,18235.1,19529.6,19415.4,15404.5,19273.2,21525.3,15965.7,19017.2,21784.2,17333.9,17605.7,18042.4,16008.4,16987.7,16398.4,21202.1,21234.1,21093.8,17120.4,19640,16947.8,19019.2,19394.5,19135.5,20605.8,17677.9,17181,21583.9,17979.1,20010.9,16739.4,19792.8,20084.7,17917.6,18121,18658.4,17269.9,21427.6,21259.6,19857.9,20422.2,17835.8,22021.8,18647.3,20289.2,21874.1,16580,19350.3,20699.1,16569.6,16968.6,20527.7,21889.3,21792.9,18096.2,17352.8,18160.4,17342,23462.4,19802.6,19900.1,18179.5,19160.5,20451,21753.5,18028,24041.2,23714.5,19731,24131.3,24659.5,24372.4,19674.1,18477.6,23950.2,19306.6,22001.9,19292.4,18974.3,18679.8,23913,19567,19053.2,21477.4,19969.8,20480.1,20298.2,23866.8,19644.3,21034.5,19545.2,18898,20097.2,19045.4,20310,23130.1,23657.3,23123.5,17769.7,21454.7,19766.9,20896.7,20359,18702.1,17220.8,17791.9,17856.9,18000.4,19434.7,18528.2,16784,23635.1,23486.8,19914.8,20401.7,17216.7,19144.9,21218.2,22823.7,19934,25184.8,25874.6,29361.2
32031.5,28788.5,22079.3,21493,23439.1,22332.6,21001.1,21754.2,19746.2,17811.1,19941.8,18827.5,20606.7,18320,16757.1,18231.8,16529.8,17227.2,17322,16998.4,15558.9,19413.9,18163.3,19964.9,18754,19206.6,19793.5,19964.6,19862.7,17183.2,19007.6,15726.2,16799,18445.4,21384.2,20667.8,18534.3,21248.2,19546.5,17138.8,18494.7,16444.7,20031.8,20690.1,21637.5,20879.2,21201.5,17905.9,22020.9,20755.6,19614.3,20196.7,17434.8,16289.2,20208.9,20153.4,19377.8,19178.4,21142.8,19566.1,20844.9,19123.1,17722.5,17512.8,21389.7,21717.2,20104.9,21121.9,16379.2,21211.3,19170.2,17831.3,19814.5,20316.8,17744,21925.6,21638.9,17788.7,18295.3,18651.7,18056.4,15763.2,17293.8,16683.7,20816.1,20429.3,20637.3,15819.5,17558.3,16043,21395.5,20710.3,16116.2,20015.6,16586.3,15930.7,16407.4,15372.6,20069,20204.1,18320.3,16143.2,18440.2,17124.6,17498,20900.1,17853.2,15578.7,16725,20472.1,15054.4,18383.3,19716.8,19622.8,17399,15930.1,21156.4,17184.1,15708.2,15695.7,20447.2,15820.3,19699.1,16297.1,19352.5,16419.5,16853.2,22043.4,20015,19151.7,20971.2,18357.3,16216.5,17865.2,20273,20076.8,15390.2,14875.5,16146.6,17492.1,17533.4,19342.1,15089.2,19607.6,20862.8,18479.3,20931.3,16740.3,21225.1,16138.6,16484.9,18277,19651.7,20057.6,18045.7,19059.9,17080.2,21061.3,17748.5,16342.3,19970,17535.6,17644.7,18812.6,19536.7,17719.9,21459.3,21662,19175.7,19637.6,17657.7,16805,17297,18221.5,17384.7,19432.6,18011.6,20659.9,17023,17202.8,20837.3,18193.9,16538.6,20416.3,20415.2,19415.4,20001.7,20474.7,21625.5,19359.9,18685.8,15923.3,16774.6,19399.5,21371.4,18707.5,17879.3,17413.1,21201.8,20566.3,16149,19346.2,18813.7,16375.5,20154.3,16977.1,20321.5,18122.3,20244.6,22793.2,20619.1,18736.6,18837.4,19053.4,20414.3,19225.5,16542.9,21047,22285.3,21129.4,18639,22512.9,20023.6,15970.2,19176.6,16844.4,16597.5,18419,20200.5,15794.4,15690.7,16872.8,19452.8,18049.6,20794.8,22101.6,21622.1,18489.6,18889.2,17580.2,19239.7,20503.5,18521.7,18460.4,16333.3,15919.8,18886.3,18949.3,18211.1,20091.4,18779.2,20158.4,18249.4,18627.2,16310.2,16195.8,16080.6,16164,16828.5,16520.4,19969.7,21526.3,21281.9,17778.3,19606.9,16337.7,17096.2,16878.4,15910.7,16701.3,20725.4,19252.3,17153.8,17671.7,16947,18804.4,18811.8,17807.5,16439,18808.1,22348,17557.2,21496.1,19053.8,19274.9,21623.3,19256.7,20686.7,19328,18399.8,20584.5,17201,22215.3,19465.8,18279.9,15758.8,21740.8,20602.7,18386.7,22729.3,17772.4,16481.9,17737.6,18391.9,22895.1,21298,16706.3,16766.5,19062.1,18439.1,19519.1,22056.1,17504.8,21349.2,22274.2,22011,22678.4,20068.6,23951.3,23592.4,21203.8,22956.8,17490.7,23372.8,21776.5,20999.3,20619.3,20874.4,23019.6,21108.4,21313,18076,24225.3,20276.1,23109.8,19870.4,23712.4,22455.3,20916.4,19692.2,22425,24623.2,22979.9,23982.8,20609.2,18373.3,22446.9,21257,18460.2,18234.9,22084,21072.4,18577,21552.9,18281,21436.3,23492.8,18553.6,18764.7,20343.5,22733,21419.2,20224.7,20614.8,17976.5,21347.3,18121.3,18931.3,22624.5,17263.2,20028.5,17507.3,21019.4,17704,17857.4,23682.2,18334.3,18029.5,20649.2,24580.7,25200.2,27251,31047.4,31189.2
30369.9,29859.6,27239,22612.1,21812.5,18355.4,18380.8,19874.8,19953.3,19029.7,20384.5,18196.6,16793.9,18685.5,16058.4,17112.5,19789.7,16388,15855,16932.1,20006.5,20720.6,19294.9,21377.7,16863.9,18740.3,18669.7,18168.6,16428.8,16226.7,16244.8,20996.7,18758.8,20601,19961.2,19256.3,16782.9,18385.8,20482.5,15879.7,17812.2,20942.8,16277.2,16848.5,16391.2,16404.1,18278.4,16420.8,16435.6,20701.7,16100.4,16993.6,22462,19854.1,21049.9,21515.5,17284.7,19530.1,18603.4,19635.6,17361,16043.5,19881.2,19004.6,16456,17246.8,20275.5,16534.6,17508.1,18396.2,15600.1,21839.3,19399.7,18940.4,17074.7,20526.4,17928.9,19907.7,21368,18329,17323.7,17519.5,16811.3,19079,20133.5,20572.6,20360.3,20120.1,15251,19590.2,16582.3,17456.5,14937,16116.9,16056.6,16877,21041.2,16284.8,21408.7,20688.7,16174.8,19709.3,18160.7,15389.4,19240.1,20514.9,15164.1,14515.9,15887,21077.8,19659.7,16542.7,18180.8,18748.5,18289.4,19975.8,17371.6,16942.5,17403.5,21335.5,18957.6,17313.3,16636.9,21168.1,20105.3,22221.6,18088,19882.1,17546.5,21851.8,16935.8,21028.7,22456.4,16692.1,17535.7,20173.5,19291.7,18075.7,16227.1,18703.2,15534.9,17910.8,16946.3,16459.2,19607.2,15257.3,18601.4,17773.6,19683.2,19656.7,18809.6,15713,19118.2,15515.6,15279,15794.8,18199.1,18051,21461.4,17875.9,17781.2,19489.2,16567.1,16260.5,21794.5,19361.6,21551.1,21873.7,22216.3,19958.4,21147.7,19031.3,16681.2,20008.2,18500.7,17186.6,17405.6,17121.8,20004.3,22144.2,19650,21550.9,20851.6,21466.2,22433.6,22032.6,20907.1,15829.3,18730.1,18941.1,21305.4,20363.9,16124.2,18250.9,18095.3,20499.1,21879,17785.3,16586.8,20586.6,17128.4,18915.8,21379.1,20835.4,18374.2,16604,21108.1,20434.7,18889.9,18383,18310.2,19332.5,21244.9,16540.6,18672.6,20343.1,17027.7,19846.1,18751.9,17040.5,17972.3,16999.1,17865.2,17380.6,16538.5,17997.7,18184.1,18487.6,16400.5,21011,21865.6,20944.9,20002.6,19424.7,22440.5,22041.1,17004,22087.5,18690.2,21884.7,17763,20045.3,15846.4,18191.8,16307.5,21608.3,17627.5,20830.1,17939.8,18716.4,15777.6,18948.2,17025.5,20062.9,17001.3,16024.7,16502.9,17721.7,20083.5,19774.7,15355.7,21558.3,17587.5,15826.2,20016.1,20682.4,20540.3,21852.1,17932.1,20599.9,16251.6,22178.7,16373.8,16714,19201.1,17269.1,16061.1,20707.9,19132.5,16415.5,19309.2,18649.1,21074,22154.7,17695.9,20467.5,19616.4,16340.8,17101.5,16706.4,17160,22185,20850.9,16935.5,16443.5,18354.6,18852.4,21778.5,21884.4,18899.4,21323,18984.1,18050.1,17543.4,16790.5,20118.6,21168.6,18239.6,16851,22283.9,16981,20071.9,22558.7,18005.6,18036.5,21946.8,22803.7,21604.6,20916.4,24348.5,18211,23303.5,22809,20784.3,23496.2,19331.2,17943.2,24030.5,17823.2,21302.1,17749.4,23836.7,23803.9,18734.2,20249.5,23394.5,18134.4,20338.4,23720.7,22474.4,18124.7,23974.9,19421.4,21309.9,22597,20254.6,22535.3,22739.8,19470.9,24385.5,22090.6,19663.4,18822.9,24131.7,23089,21070.9,18938.3,17219.8,20657.3,20150.7,19807,22762.9,20693.4,16672.9,17497.3,22483.4,17848.1,18284.9,20317.6,18953.2,21738.3,17464.3,19843.7,19243,22606.2,22112,20776.2,21751.4,20960.9,20840.4,23337.7,22861.8,28122.8,31421
33573.5,30902.6,24645,23675.4,22040.7,23394.5,19958.3,18313.9,17356.9,15992.7,16243.4,20596.2,16935.4,19242.3,20312.3,15518.4,17713.7,20005.5,18209.7,21090.8,16469.2,17435.5,15646.6,21253.2,19876.2,15428,19612.3,18696.4,16685.6,17162.6,18927.4,17168.5,17509.2,20751.5,16534.2,17319.2,19641.4,19142.7,20885.8,21515.7,19880.9,20079.3,19848,20345.2,18609.1,19928.3,21362.5,19991,18844,16738,19693.5,19116.6,18714.3,21734.5,20639.4,21991.2,22280.2,20509.9,20748.1,16865.4,21349.5,21927.1,19186.3,18719.5,20229,20522.3,20533.5,18199.9,17919.2,17079.6,20741.7,18507.3,17098.9,17631.3,20871.6,18663.5,20332.2,20291.8,21508.8,20734.6,17028.9,16825.1,17268.5,21243.3,16174.8,19924,18011.7,14859,16475.9,18544.1,21488.3,17698.1,17842.7,20235.8,19626.3,17426,20526.1,16795.4,20887.4,18916.9,17003,19663.8,20255.8,16686,19386.1,16382.2,16515.4,16218.9,15400.8,18275.3,17439.1,17762.3,16846.5,15533,16807.4,18596,21466.2,18520.5,18296.6,15386.1,16623.1,20413.2,19947.9,20600.6,16018.9,20557.2,20294,19766.7,19090.4,18133.3,18399.2,17737.1,21655,20224.7,22223.2,21966.1,20034.4,21184.5,15008.7,18871.2,19488.5,18580.6,16915.9,17215.8,19993.5,16223.6,16584.4,17068.9,15179.5,19244.9,15594.2,17313.1,21097.7,20823.4,14571.8,19161.4,17004.7,17734.9,17013.2,17546.1,21701.5,20272.3,18662.3,19979.3,17706.6,15663.5,17286.8,22010.6,18795.7,22491.2,21455.2,21570,20423.4,20354.5,21205.5,17000.6,22456.4,16397.9,20603,22479.7,20160.4,17585.4,16008.4,21067.1,19334.5,19739,20946.7,19681.5,20946.7,19287.3,21787.2,16023.6,16266.3,18933.8,19699,16380.3,21327,18785.3,16899,16840.4,21607.6,19933.2,17564.5,18816.5,21954.2,17255.9,18165.6,19180.4,21133.9,18384.8,20830.9,19994.7,16821.7,19966.1,17064.5,21060,16756.1,19129.2,19814.5,20615.7,18028.5,16252.7,16127.1,16874,18894.3,21574.3,21506.8,16170.1,17315.5,22029.2,17904.6,20409.3,16270.6,20163.5,21715.7,16279.5,19326.7,16326.5,17520.3,17182.2,17285.8,21673.2,15982.2,17026.7,19787.3,21943.7,21946.6,20152.9,20346.1,16921.6,20773.8,17607.8,19428,15360.3,15303.1,18767.4,17011.5,19062.2,15675,18862.5,17760.9,21685.7,21342.8,21294.3,16975.2,17345,18883.6,18539.3,19536.8,22249.3,19348.7,20214.5,18187.8,17846,21037.1,15495.7,20382.4,17972.5,20939,19102.7,17847,16912.2,16009.7,18154.9,17537.9,4947.1,18967.4,19723.3,20176.1,18498.2,19104.4,18426.6,19232.6,21355.5,21347.9,17445.1,15928.9,20160.8,21238.8,22571.6,16795.4,17905.8,17023.5,19935,16882.8,18230.5,18363,17418.2,17104.3,18124.5,18313.1,16786.8,17431.8,23500.3,22432.6,21786.2,20063.4,21510.9,17987,23532,17817.1,19239,22361.9,19778.4,22466.9,23673,21104.4,19836.7,20276.6,18287.6,21663,22588.8,20774.7,24371.3,18240,21172.4,19793.1,18364.6,22076.9,19216,20976.7,23133.7,23131.3,22579.1,23775.8,22275.9,21334.3,21758.3,21632,24400.1,23432.4,22496.6,18021,20381.5,17689.2,23827,18213,22631.5,21187.3,18169.7,17483.5,19404.4,20427.8,18316,17787.7,18604.9,18623,18549.7,21084.1,19998.1,19988.7,19986.3,19073.5,21740.5,23668.8,23295.4,18458.7,19302,20525.9,21594.5,24852.2,27937.3,29254.2,34740.9
33937.1,24867.9,23420.3,24626.9,22961.5,18043.2,17579.4,19759.5,20855.5,18557.3,20186.3,15966.5,18696.6,20775.5,16994.3,19991.8,18954.9,17529.3,21155.7,15491.7,16086.6,19680.5,20521.1,15554.4,19437.9,19292.1,20569.3,16906.3,20510.3,18245.8,19509.5,18413.8,19228.5,16080.5,15561.3,21330.1,20837.2,21857,22124.7,18884.7,17185.4,15952.3,21833.4,18490.7,17039.2,17894.3,19619.1,18593.3,20604.4,20479.1,20429.1,17418.2,19541.3,18064,18975.8,21162.5,16549.9,21827.1,19978,17727,20010.8,18013,18816.5,21400.6,19562.6,21712.4,22092.2,17036.2,19353.1,20772.5,17605.2,19992,16128,19677.7,16891.8,16075.4,21137.8,16716.7,19211.8,17927.4,16058.2,18236,20102.6,17980,20578.3,19869.7,16560.7,17887.9,19044.8,14967.5,18705.6,17278,15166,18565,21457.5,16654.8,17395.9,16071.7,18947.2,18697.9,16818.4,16736.6,17005.3,17953.4,19123.4,16497.2,18905.3,19659,19696.7,20472.2,15448.8,20208.4,21346.6,19119.8,19080.7,18242.1,16077.3,17850.7,17553.5,15207.1,21553.8,18939.8,22195,19653.4,18940.2,22147.2,17988.4,17454.7,16714.8,18013.2,17303,21174.2,18323.2,17827.5,18542.2,20200.9,21222.2,15097.2,15141.5,16211.9,19347.9,15403,15017.7,21008.7,19309.3,16649.8,18028.1,19511.9,18581,19870,18898.7,16964.1,15916.9,17596.1,18550.7,17064.9,17675,17536.3,20561.7,20769,19393.7,16049.1,18221.1,18462.9,21528.6,19491.7,18691.5,20669.2,19473.3,16658.6,21591.5,21973.4,20390.9,16324.9,19701.4,21520.3,16402.2,21193.2,21349.3,21602.7,17931.3,19141,17252.1,22014.6,22335.5,16025,18678.5,20952.5,20820.4,22159.6,15899.4,21016.4,17392.8,20275,16082.5,17736.9,22542.7,20695.5,19469.3,17661.8,17706.8,21491,18066.3,19804.3,20390,16951.8,21237.9,20435.5,19947.2,19398.6,22154,21286.7,16882.7,21559.5,18534.4,20499.4,20217.5,19593.5,21219.3,21723.6,16558.7,16618.1,16527.3,16358.6,19577.6,21632.7,18754.9,18947.8,18801.9,21818.4,21130.7,22193.1,17578.5,16164.2,20816.5,20471.6,22020.1,20589.6,20847.4,19929.6,16054.6,21072.1,19254.7,15942.4,21277.7,20666.6,18977.6,16162.4,17671.5,19346,20983.9,18901.8,20376,21219.7,16856.7,16091.3,17663.8,20970.6,18860.1,18078.7,17763.8,20350.5,17390.3,17116.2,19577.8,18982.4,16222.7,17995.4,20803.8,19817,20046.8,20570,17791.1,17406.2,17604.3,18036.3,19775.1,17598.8,17150.1,21604.7,20705.1,16694,16342.8,20140.9,19344.8,19521.2,17468.8,19870.6,16362.6,20264,18818.5,20711.8,19346.2,17750.9,20343.9,19776.2,18637.3,22215.5,16481.6,16217.1,18445.5,22750.1,17207.2,21839.2,16541.5,18534.4,16356.4,19513.9,21094.5,22744.4,18370.9,18376.1,21950.4,21188.5,23212.5,17383.1,20919.5,18378.4,21175.6,23749.7,22631,22694.9,21264.6,18983.5,19672.1,23050.2,23655.2,21662.9,18518.9,18587,22404.9,19840.4,24639.5,22524.8,21404.2,20641.1,19059,24011.7,21163.1,20841.2,22554.9,18634.4,23251.3,23753.4,24452.6,19601.9,24709.4,18556.2,20066.3,18541.6,22730.3,22534.8,17674,21820.2,23231.7,23317,17495.9,19678.6,18971.2,23617.9,22060.7,18302,17816.2,20451.6,18609.9,17523.2,17223.1,21874.9,21373.7,17773.8,21640.8,18600.3,22544.5,20951.1,21706.4,17483.7,19809.7,23335.6,18844.6,19918.7,22618.6,28006.2,29954.5,29533.8
33108.6,27975.4,25334.3,24722.5,21791.8,18580.1,19505.6,20386.2,18698.1,19752.2,17715.7,20035,18690.7,16977,18568,20463.3,15542.5,20310.5,19388.2,18846.8,20857.4,16562.9,17598.7,21637.9,17717.1,15430.7,19788,16321.6,16732.5,21482.6,16797.4,16612.4,20659.4,21953,20698,20132.2,20981.1,18064.5,20667,16625.9,16970.9,18350,20912.4,21183.1,17508.3,22008.9,16305.7,21956.7,18481.5,20809,18494,20745.7,21755.7,18127.3,18988.6,18856.7,17135.9,18239.9,16157.6,20369,16665.8,21186.2,18423.3,20403.9,20257,20587.9,18846.4,21179.2,19027,16526.8,15809.2,16384,18831.1,20621.4,20926,17826.3,18289.4,18045.1,21570.8,19180.2,21003.1,16240.4,19483.1,15733.7,20484,18229.6,15996.3,16158.9,21340.5,20327.2,16944.6,17916.1,17052.5,19433.9,19121.3,16658,19091,20429.2,16051.9,19972.1,17048.8,17714.9,16897.8,16648.3,15842.9,19494.9,16770.8,18525.9,20322.8,18531.8,20222.1,19524.3,16451.3,15074.8,17392.2,17269.5,21005.9,18072.6,16391.8,18066.5,21543.4,17264.2,20197.9,17785.2,20851.2,17899.7,19399.6,21163.7,22561,16893.9,16935.1,22594.6,20320.6,16187.9,15867.7,15578.4,17565.7,17248,15321.3,18872.2,17222.2,21238.4,21185.3,20041.8,18378.9,16334,18420,15195.1,15229.6,20681.9,20923.1,18973.4,16559.4,16860.5,17110.2,16186.9,16535.8,17803.2,17233.9,19454.5,19005.8,21886.7,18208.1,16942.2,19338.1,18297.6,15720.4,21158.7,22533.4,19863.5,19246.9,22663.8,21352.5,17152.4,21948.5,18122.3,19441.3,20444.9,22096.6,20539.7,19627.5,21382.7,20159.5,20028.3,18309.6,16689.5,16205.9,17246.4,17152.3,20193.2,19150.1,15807.2,15955.9,18317.5,17709.4,20232.5,19374.6,16308.4,20588.6,22607.6,19273.8,21484.6,20248.8,20198.5,22418,16878.1,19488.3,17601.5,22421.2,21827,19593.7,18365.2,20592,22062.3,17917.4,21020.6,21318.8,20961.4,18411.1,19862.7,22211.3,19392,17379.2,16162.2,20752.2,18610.9,21161.3,18587.5,18959.9,20979.7,22088.3,21040.7,19573.5,20996,17391.1,20661.2,21581.8,22164.1,18658,20807.9,19520.6,16052.9,19042.8,17768.5,21942.8,21284,16035.5,21145.5,20559,16187.1,19962.6,18830,20409.6,20395.4,20754.5,20366.5,16798.6,17781.6,20156.3,16938.6,17474.8,16241,16386.9,17687.3,15522.3,20286.1,17771.2,21940.8,21188.3,17025.3,18745,18311.8,16491,19318.5,19651,21453,19105,16951.4,20441.6,20400.6,17715.2,16726.2,19326.3,16208.4,16121.9,18905.8,19985.4,19400.5,19001.3,22634.6,22946.8,21975.9,17344.4,19500.2,20936,21995.4,16714.6,20480.7,16930.7,18266.8,22646.4,20036.8,22490.5,22542,17293.7,21600.6,22866.7,21944.9,20911.9,17380.6,22295.6,21635.2,21119.4,20185.3,18827,21859.7,19294.2,17592.5,17685.3,22713.7,20092.9,19593.7,17661,23967.9,23314.9,23434.8,22277.2,21675.6,19812.8,18341.4,21727.3,23375.4,21896,21490,20223.5,23434.4,24477,24520.3,20433.3,24343.4,22499.5,21095.4,22474.1,19369.3,19107.9,20736.9,20665.2,21750.5,21293.6,17951.8,20890.9,17614.9,18848.7,19689.8,20893.6,23074.4,20023.5,22701.5,17966.2,17514.9,21681.4,21826.3,22639.3,20201.6,21094.6,17906.3,20675.5,17194.7,22214.1,21054.7,23758.8,18091.2,23611.3,21228.3,19117.7,18426.6,20654.6,21583.3,18712,19347.4,20915.8,22051.5,29733.1,30050.7
35163.4,29647.9,26050.8,24540,19168.6,20573,17833.8,19944.5,18158.9,18474.9,20519.5,21069.7,19386.1,15544.6,20104,20555.2,17130.2,15609.7,20853.5,17702.2,15925.1,19880.6,17538.5,19613.6,17923.4,18182.3,16564.3,21070.2,20121.4,18929.5,18276.5,16782.1,16732,20288.1,20609.1,20198.3,16735.9,21472,16096.7,20737.2,21883.8,17065.7,17064.1,21129.9,19784.6,20950,19209.2,21089.8,21002.1,22184,20012.4,18857.2,19403.8,21223.2,16772.8,21404.7,20390.9,17141.4,16761.9,19384,16206.7,16879.8,17973,16655.2,20687.8,19563.7,20343.6,21781.3,21264.9,21584.2,20102.7,15510.2,21850.9,15914.7,16515.1,21636.9,20242.9,15377.8,21101.7,19916.8,14981.2,19096.3,19023.5,16009.1,15415,21215.7,20003.6,19931.7,19649.7,16497.4,19046.6,18110.9,19745,20461.8,19377.2,17117.5,14905.7,16823.9,16608.8,19804.9,14841.5,17330.4,16798.5,19800.9,20401.8,17661.1,18917.2,21016.4,17481,19507.5,19491,16165.9,20623.2,21441.9,20837.5,18727.7,21359,20507.5,15838.9,19506.8,19195.7,16024.7,17411.3,21207.3,16897.2,21595.2,18019.3,19336.1,17161.1,21193.2,18578.2,20841.9,18343,22225.1,19571.3,18463.4,16952.8,20682.8,16101.9,19770.8,15110.4,15297.8,17722.8,19926.5,18496.3,20277.8,18518.5,18255.6,17831.1,17599.5,17923.3,16639.8,15126,14948.3,17436.6,16835,19537.9,16878.7,19776.4,21672.5,16578.5,18365.6,20285.8,20669.3,15994.3,15890.7,22028.2,18350.2,22214.7,19680,16502.7,16581.2,19120.3,20538.4,18634.8,21872.2,16717,21097.7,22525.7,21553.4,20703.5,19970.5,16776.8,20050.8,20222.8,20588.1,20655.1,20851.7,19617.9,16327.8,16076.5,18509.5,20038.9,21002.9,21287.3,17038.8,17165.8,21852.3,17505,18087.4,21259.4,20410.5,18542.4,19739.7,19516.4,20705.5,18375,21414.6,16786.3,22531.7,20465.2,18395.8,18024.6,19152.7,22261.2,20277.5,16475.2,17064.2,18237.3,20792,20681.2,16116.1,18967.4,21812.3,20726.4,16854.2,19131.4,18350.6,18744.2,21223,19664.1,21403.5,17633.8,21960,19086.9,22357.4,19717.1,19388.8,18918.5,16092.5,20845.1,17238.3,19029,21036.1,21029,22367.7,21004.7,20047.9,19367.1,16945.1,19770.7,16715.7,19917.5,21917.1,15712.9,21090.7,20113.1,15330.7,20486.4,21027.7,21587.2,19339.5,19087.5,16526.8,17648.8,19126.4,18737,20315.7,18416,19961.5,21937.7,17042.7,21721.7,21005.6,17169.1,19062.3,17472.3,16375.1,21935.7,16212.6,19484.8,18393.2,21892.2,16375.8,19069,20897.7,18143.8,16904.8,18120.4,22343.6,16722.9,17451.2,16129.8,20986.2,17931,21047.4,22482.7,20971.1,21097.8,16852.1,20521.3,19880.8,19690.5,21854.4,20512.6,18006.2,20750.2,21081.5,22901.5,20652.3,19512.8,20469.8,17924,21484.7,22336.6,22579.6,23110.4,23599.6,23625.3,20388.1,22452.6,22000.8,23106.2,19027.1,23782.9,23648.3,21808.9,23701.4,19100.4,19686.4,20518.8,23747.7,21451.9,19521.3,20944.5,24866.1,23635,22327.8,19516.7,19978.6,22366.3,20222,18730.8,22423.4,23524.5,21591.5,22103.3,22770.4,23472.7,22470.7,17905.3,20643.6,18282.9,20245.1,19708.4,18401.3,23630.3,17843.3,21472.7,20863.4,19659.2,22120,16863.3,18629.2,19581.4,21908.4,22359.7,20838.1,20156.1,17800.7,23360.2,19024.2,20563.5,20671.7,22190.3,22025.5,20236.8,21206.6,18057.8,23455.3,21905.4,22133.8,26235.7,35094.6
31941,24987.5,25609.4,22917.3,23818.7,19465.6,22706.8,22514.8,18277.5,21382.6,16523.3,17814.1,18245,20305,20911.1,20354.4,17573.5,21028,16249.5,16126,17627.3,17597.6,19392.5,18078.4,18617.5,17452.5,19920.5,15932.6,15798.8,16831.1,18956.8,16503.1,16731.8,18970.7,16782.1,17430,18563.8,18083.3,20020,17878.9,19848.9,18712.4,18966.9,16941.4,15966.1,20739.3,17426.5,19247.3,22399.3,18099.7,18377.7,18903.1,18881.1,20971.9,22064,20912.6,20993.7,16575.9,20130.4,20985.1,17906.4,15815.6,16793.8,16592.4,16403.8,20021.3,17840.5,15823.3,21685.6,19214.9,19378.6,18784.1,20282.3,20300.6,20209.8,17042.6,16461.9,15947.7,19427.7,16482.6,21192.8,18786.3,18609.4,19861.5,15022.9,21299.7,16937.4,17047.4,17188.6,19049.3,15257.5,18275.2,18740.5,20533.1,16308.9,18427.2,16279.5,20501.2,17186.6,20237.4,17960.2,19168.1,15001.5,15799.4,14901.8,17344.7,16996.3,16753.2,20381,16909.8,19016.8,19644.1,20717.8,20854.8,18842.6,17070.2,16822.1,18711.3,17016.6,20161.6,18308.5,20723,17248,21454.7,16039.2,17941.3,17925.5,18842.7,21534.7,17280.9,18048.1,17179.9,16151.1,21288.7,19742.3,20131.7,19036.5,17846.2,16552.3,16566.2,19735.4,19149.4,14832.1,17036.7,15357,16087.5,18619,15932.1,20603.7,17189.3,19388.9,19317.5,19302.3,17040.4,16210,17559.7,18680,19434.7,16297.5,17349.4,20366.7,20377.7,19742.6,18333,21413.9,18837.8,18179,21280.5,16252.5,16391.5,17589.5,20810,23017.1,18743.4,22010.5,18900.6,21805.2,19807.8,18031.2,16540.9,18171.9,20336.8,20304.7,20157.7,22161.1,18374.3,22285.2,21618.6,21537.2,19668.3,17703.2,20770.9,22272.3,21973.2,18303.9,17742.9,18725.9,17540.1,17422.2,16340.8,20902.1,18094.8,21257.4,16253.5,17929.1,18401.5,18187.6,19071.4,20335,23011.1,17336.8,20298.7,21957.4,20939.6,21786.5,16898.4,19992.8,21788.3,21137.3,21511.7,16644.7,20124.6,19788.5,18831.6,20042,19663.9,15798.8,21659.7,20028.5,17057.2,18918.7,16374.3,20809.5,17692.7,21704.5,16089.8,22088.7,16350.6,17660.1,22369.5,21332.3,21343.6,18153.2,16125.5,19155.7,20121.7,15739.5,18785.8,15527.2,16243.5,16251.8,19638.2,17517.4,18164.8,17129.1,21355.2,19765.7,20717.8,21462.3,21283.1,21191.7,21130.8,19448.1,19775.8,20121.8,21608.3,19506.6,20098.6,17399.7,19709.7,21576.3,20040.9,19959.1,18305.5,15494.2,21579.8,17360.8,18986.3,19234.6,18577.8,17687.2,16046.9,16633.1,18150.5,19508,18427.3,21712.2,17464.4,16829.3,16595.9,18924.3,20199.1,16484.2,20673.7,20966.3,16975,17456.6,19494.4,19198.9,18630.6,19711,18730,22445.4,19659.4,22352.5,16800.1,20832.6,18306.7,18818.9,20181.3,21340.3,18502.1,22646.3,20121.6,19709.6,22288.7,21421.9,17684.3,21495.7,21974.9,24059.1,19323.5,20152.4,20349.9,20144.3,24178.7,24162.7,18857,22453.1,24299.6,20457.2,24323.5,24160.8,19713.8,21320.1,18537.8,18189.7,19184.9,20686.7,20369.8,19993.5,20012.4,24707.1,24209.4,18655.5,18257.6,18404.6,24511.8,24454.8,19679.6,23897,18036.6,18357,18509.9,18462.5,20006.9,20978.2,17986.3,22758.8,22901.1,22993.7,18849.1,16842.4,17584.8,18624.4,18191.6,20260.4,21688.9,20037.8,18443.1,20061.1,21681.1,21493.3,22499.9,19864.8,21016.2,17228.9,18694.8,21755.2,24918.6,26194,26383.3,29933,31591.5
35521.8,25667.9,25711.7,24680,20315,21116.2,22337.4,20751.9,18726.4,17081.4,16016.8,17311.2,17973.4,19571,19109.5,21928.8,18150,19737.4,21515.3,21628.2,19325.3,19140.1,18348.7,18483,21564.4,17030.8,20822.9,19729.5,21811.3,15396.9,19288,17933.3,16206.4,21143.2,20937,18517,18237.8,19029.3,21665.3,16850,17828.3,21185.3,17805,19780.4,16327,17511.7,16449.7,17673,21744.8,21454,19694.5,17490.9,19290.3,18258.9,19775.6,18267.5,19855.5,19216.1,21507.3,16552.8,21347.3,18063.8,20664.5,18159.1,17763.2,17890.9,17304.7,20903.2,17059.4,16355.9,20477.5,18573.7,20422,19168.6,21177.9,17349.1,18583.7,15307.5,17226.1,17142.9,15239.7,19736,19772.4,16621.9,19684,17090.3,16930.3,17218.7,20499,19714.8,20983.9,21136.2,19402.6,16113.2,14913.9,17695.7,19409.9,18731.7,17618,17054.3,18101.2,20009,18147.6,21017.5,18475.6,15440.4,20703.6,14722.8,20489.3,18734.7,18789.4,15643.9,20249.2,20351.8,17550,19261,16739.2,18031.4,18993,19776.5,21785.6,15762,19651.5,15972.5,20139,15969.7,18192,19020.1,18825.9,18640.4,20875.6,17741.1,18354.9,22300.9,21378.2,19064.9,17552.6,20259.4,16510.9,17406,18655,18650.4,19991.6,17291.4,16666.5,15097.7,21360.1,20123.7,17746.2,20087.1,18856.5,19824.2,15523.9,16346.5,15966.6,18957.4,19487,20905.2,19099.1,18434.6,18255.5,18012.7,19514.7,20433,17432.8,16561.1,18621.6,17830.8,18995.8,20222.5,21750.9,18161.3,21565.5,17828.6,19195.1,16184.9,20931.2,18195.9,18528.7,19737.4,16098.9,18677.4,22145.1,20835.6,20236.3,20929.3,20520.2,21701.3,21733.6,19524.2,19527.8,21023.7,20496,21566.9,16564.2,22036.2,21525.2,17089.5,22286.5,17551.3,18115.3,19159.8,20197.7,18799.5,18071.7,19605.8,22085.4,19866.8,22184.1,22341.7,21517.6,19539.9,22991,20782.8,21564.5,19109.8,21035,19123.5,17696.6,19024.5,16402.3,18224.5,21789.5,21943.3,19792.6,18767.2,17345.6,21872.6,21265.4,18467.6,16332.8,21133,16865.7,21591.1,22473.5,16272.8,21077.2,18334.1,19104.9,21567.8,20478.7,22344.6,17511,18082.4,19664.9,20172.4,16945,20199.5,16149.2,20977,22012.7,22028.5,21411.4,16285.4,15817.3,15859.8,15479.8,18386.8,21390.3,21458.9,19784.1,18766.8,16194.9,18798.5,16687.2,15725.5,16441,19679.9,18979.4,18166.3,18182.5,20562.4,18044.9,17196.8,18323.5,18992.4,18868.5,20813.1,19695.8,16987.3,18340.4,16177.6,17653.3,18901.1,19703,20268.2,19237.6,18390.1,21258.4,16737.4,19665.9,17378.2,17884.9,21170.1,18247.5,21795,20853.5,20759,22510.6,16273.2,18879.9,16590.6,21626.9,18640,22101.1,21067.2,22379.9,18863.2,17972.1,16949.4,20944.6,23216.4,21196.3,20978,22929.5,19853.1,17576.4,18001.9,19680.8,21682,23639.6,20059.3,22245.9,18426.1,21605.8,22241.8,18510,22993.8,23851.4,24240.7,17952.2,21321.4,20051.3,20205.9,20676,19548.6,21428.9,22881.4,19694.9,21575.7,18847.3,24857.9,24834.4,22269.9,19973.3,19799.8,21593.8,22337.3,19677.2,22017.7,20578.8,21875.5,23048,17761.5,19268.9,18727.9,21187.5,20750.3,17127,17207.2,21292.2,18010,23108,21145.5,21974.7,17549.5,20133.2,22914,20380.2,18248.3,21134.4,21163.8,19874.3,21175.1,23780.7,17836.1,18087,22805.9,18435.6,18819,25957.9,24391,27476.8,31300.8
35426.7,28754.9,25598.3,20709.6,21610.8,18698.9,17476,18079.5,17253.5,19016.3,19931.4,16261.2,20086.9,19954,16257.8,16785.5,18618.4,19019.5,18755.7,20769.2,18972.1,21413.1,20861.3,17161.5,17460.3,15999.4,16319.8,17292.1,16666,17810.3,17029.2,19201.7,17876.2,20557.5,19766.2,16217.8,16928.2,16539.8,16926.4,19694.6,20062.8,19148.6,20677.1,21846.5,19687.8,19797.9,18064,18308.5,18945.9,16801.6,16547,21451.9,18971.5,20551.9,20416.2,19924.4,20852.8,20622.1,17543,15915.5,21559.2,19583.2,16610.8,18724.8,21321.2,21189.5,20551.7,21763.8,16463.5,20185.5,19293.7,17526.7,17670.7,18854,17096.4,18164.3,20656.1,17960.4,18237.8,18182.7,19347.2,18449.1,15665.9,16828.6,17611.4,14801.9,17067.8,19150,20201,15419,20716,14701.5,14831.2,18198.2,17561.1,16016.4,16383.7,19079.6,17298.3,14501.5,19858.5,19020.8,17650.9,17091.5,18018.2,18907.2,15044.7,18102.3,18135.8,16790.3,17124.8,18167.8,18885.7,17809.7,21030.1,16260.7,20577.4,15544,17469.4,16903.1,19511.3,16446.4,19488.1,16202.5,16716,18068.7,22536.1,21414.9,17904.2,20530.8,20955.8,22621,16661.6,16927.3,21448.1,20346.1,16365.8,15657.3,16844.5,15230.1,17863.8,15663.9,15379.3,19192.7,18542.4,17413.3,15672.1,15758.4,17995.9,16784.5,20000.1,19208.7,16996.6,18446.8,19170.7,20132.3,19396.3,20809.1,19146.9,20692.9,21466.8,18132.7,19667.8,15797.6,20204.9,18409,19728.6,21466.2,17072,20404.5,16597.2,22347.2,21382.4,20122.1,17288.2,18389.6,22392.4,17098.1,19576.5,19752.6,20204.8,19732.4,16444.2,16191.6,16042.1,18204.1,16580.7,20101.5,19340.4,21792.8,19842.6,17620.8,20364.4,22075.3,22276.3,16688.5,21465.3,19938.4,19394,16984.4,16599.1,22514.5,20080.5,20461.9,18253,21942,20857.3,18187.7,20320.3,19191.9,16633.1,22843.1,23152,22046.8,21411,17484.9,18606.6,20586.3,21496,20517,20709.2,22406,16422.8,19242.9,21019.4,15881.5,20259,19031.2,15720.8,19417.5,17870.6,17616.9,17353.9,18095.8,20848.3,19746.7,18259.3,16910.7,20070.1,19107.2,18403.2,18071.4,17346.9,21841.2,20330.3,18385.7,18532.4,22201.5,20931,17024.8,19122.6,16307.8,18662,20614.2,19538.7,16237.6,19746.7,18721.2,15604.3,17301.7,16612.3,21209.6,20945.8,18644.6,16402.5,17683.6,16377.9,17983.5,17247,16908.4,21020.6,21390.4,18860.6,20397.5,22010.4,21526,17117.3,17229.3,17796.7,17884.6,20423.4,18576.1,15783.1,20058.2,20149.9,18757,18399.6,17116.8,19342.5,16325.5,15964.6,16605.2,20446.2,17074.2,16329.7,18242.8,19080.6,19666.2,22217,21330.5,17830.8,20036.1,21999,19260.9,20047.6,22215.4,19043.9,21972.3,21867.3,22245.4,22108.4,22383.9,20512.4,21450.4,20739.5,17483.3,21409.9,18150.9,21713.1,22230.2,19309.8,18005.1,21204.8,19752.2,20293.2,22275.9,24100.6,22168.1,22030.7,18738.1,23636.9,20459.3,20084.8,24919.2,20573.9,21155.8,20412.7,23816.2,23763.1,23829,18484.6,22998.2,23051.5,22344.2,19995.2,20373.5,24813.3,21793.1,20880.4,21039.7,22967.2,20870.5,18495.2,20284,19350.4,24032.9,19395.5,20297.6,23611.3,20148.1,21226.8,23358.3,22797.7,17202.4,18585.7,18181,22085.9,23251,22778.5,19166,19012.1,22677.9,22953.8,17289.2,18194.9,17642,17567.5,17624.6,22285.6,21309.5,25586,25643.9,25055.3,34436.1
34995.3,28309.7,28435.1,26242,24922.3,19004.7,17957.8,18505.4,21192.4,22160.1,16351.7,20717,18570.8,20490.5,15577.1,15572.7,21635.5,17458.1,19314.7,16435.9,21440.2,17389,17594.9,17492,16164.1,19485.5,16865.6,18986.2,18464.6,20411.3,20256.3,19254,18220.6,16661.4,20649.1,20735.2,16680.9,16748.1,21681.3,21822.4,16888.2,16775.3,20807,16716.1,18136,18521.8,17770.8,19400.1,19641.6,18997.9,20792.1,17285.6,20413.2,17568.9,16823.3,16843.9,16731.3,18146.9,17815.6,16298.1,16040.8,20383.9,21193.9,21809.7,18275.3,19496.6,19899.9,19170.8,17873.1,20958.8,18238.6,20516.5,16369.7,15683.4,16473.1,19051.2,19725.9,16045.7,16115.8,15666.9,16115,16397,17763.8,18335.7,18039.4,20587.1,18380.7,15367.5,15198,17870.3,17611.2,16990.9,15649.5,19908.8,20402,16976.7,18883.1,21335.2,19045.2,15820.7,20804.3,14757.4,17026.4,16951.7,14503.9,15799.6,17265.2,15427.8,18255.4,18727.1,18828.2,19736.4,18080.3,21464.9,20414.4,18927.8,18061.7,20270.9,19321.6,19708.9,16871.4,16803.9,19478.6,22081.1,17687.7,17823.3,19688.3,22282.2,18410.8,19777.3,17236.9,20448.2,20564.4,21687.4,17908.2,16881.2,19060.5,16305.2,20981,17693.7,18083.6,18767.6,21132.9,20395.6,21327.3,17397.7,16487,17620.8,18867.4,17299.1,15031.5,18693.2,17005.5,14924.4,14052.9,15117.2,20163.5,19130.7,20711,16528.3,19287.9,16814.5,16161.7,17069.8,21253.5,17394.4,21090.5,22209.5,16782,21643.4,21608.6,16456.9,22959.4,20972.5,17245.4,19621.8,18614.6,22558.5,19442.8,17233.4,18686.9,16969.2,16900.3,18134.4,17579.9,21899.1,16918.6,20069.3,21535.6,21591.2,16036.3,18309.9,17168.3,16674.6,16326.9,18442.9,18324.5,20128.1,18647.6,17741,16863.4,19485.1,17913.7,21704,18647.8,20445.6,19649.4,17486.4,22207.9,17204.5,17074,19051.5,23010.4,18300.1,19690.6,22749.7,20822.1,20230.8,16974.9,19485.6,20278.5,17291.4,20412.2,17110.4,16543.3,20334,16753.6,19056.9,16972,17673,19699.3,16578.1,21048.4,17343.9,22290.6,21084.5,15948.6,19448,21198.6,22646.9,17787.3,16925.1,21378.4,21872.6,21416.9,19147.4,20427,17251.1,15912.4,22343.3,20547.8,17380.9,15727.4,20495.9,20880.6,20294.9,21513.9,16845,18696.8,20933.6,17659.2,20873.9,17825.3,20228.2,15959.2,18660.4,22073.4,18583.6,20104.1,20613.4,22077.1,20678.5,19660,18861.6,19788,19117.4,19630.3,17123.3,16400.7,15805.2,19802.8,19028.5,16961.3,16933.3,20285.1,15671.7,21108.5,20007,21519.1,20874.5,18427.2,18187.5,21619.9,21523.9,19449.9,17094.9,16384.1,18475.2,21696.1,19828.2,21895.7,18465,17397.9,20305.8,21351.2,19774.2,19851.3,17332.5,16418.3,19087.4,17406.4,17554.1,17837.2,21805.1,22777.1,23298.7,18471.3,20029,17505.5,23787.5,21758.1,20849.6,22865.9,23201.8,23852,22544.6,19736.8,22228.2,20122.8,20525.7,22606.2,23479.3,19396.8,19071.9,19191.6,18232.5,22824.4,22503.6,20025.9,21632.8,21755,20501,24036.5,22102.8,24543.5,24736.5,24603.1,22026.4,22251.4,24258.2,23023.5,17924.5,21954.9,20840.1,22848.2,18873.3,17425.3,19541.9,21941.5,22515.2,18835.5,19328.6,21092.5,20641.1,17910.6,21543.7,23112.2,19021.9,18790.2,22886.7,19356.1,18654.2,23815,20972.5,18264.2,21028.3,23903.2,21382.7,20016.9,22969.7,20427.7,26825,31262.3,30648
35579.6,30293.2,24864.9,26083,23211.8,19988.9,20014.7,18841.5,21556.7,18952.9,16978.5,20666.8,20092,16038.3,17135.2,16171.4,20910.8,21647.2,15855.9,21628.2,21933,20390.8,21151.3,21172,18310.1,20631,18587.8,17621.3,17534.4,15890.2,20044.8,20996.2,16108.8,16242.3,20030.7,19606,21179.9,20426,19843.9,22334,18699.2,16920.9,16285.2,15972.3,19810.8,18275.4,21778.1,21249.7,17928.1,16419.1,19412.6,19579,21583.3,19803.5,18164.4,19238,22391.9,21905.9,20359.8,21273.6,20791.5,17744.1,16036.2,17463.1,21059.9,19740.9,20302.2,19822.3,17989.7,20618.5,15992.5,17982.4,19687.3,16453.9,17152.6,16803.1,18750.7,16316.3,17809.2,21133.8,18710.8,16364.1,17952.5,20371.1,21493.5,21074.2,16944.7,21159.7,16689.7,20028.4,18478,15552.7,18929,20884.7,14835.6,16155.8,20947.7,14991.6,21375.1,18840.6,19107.1,17595,20350.9,18585.5,14515.4,19592.5,16633.5,19351.3,14778.4,14807.2,19181.7,14790.4,17275.2,14875.9,20122.5,19923.6,15841.5,15787.4,19433.4,21509.3,18293.2,17567.7,17951.6,17263.4,21169.9,17663.4,19574.9,17263,21501.2,19409.7,17767.8,19568,22542.1,22189.9,22420.1,19829.2,16279.9,19331.6,18600.7,15553.9,21038.3,20462.6,19565,18757.7,15869.6,16753.7,21321,18823,18562.5,19316.6,17335.1,16404.3,18192.6,19223.3,18846.5,19319.7,21614,21218.8,20454.8,21117,18456.5,21126,18783.8,15862.7,17216.8,21612.8,21661.4,17415,16903.4,17942,21811.4,21783.3,20569.2,21707.8,20428.3,20045.2,20155.4,18737.8,18002.1,20362.5,17165.6,18998.5,22331.3,18646.7,16396.7,16648.7,16850.8,22309.3,21463.6,19678.4,22174.9,18291.7,21743.9,19698.9,21570.9,20639.2,16731.4,18137.1,17417.8,17765,21994.8,17782.6,18698.8,21148.4,21321.9,17645.8,17880.1,16672.9,21101.4,16871.4,21915.8,23000.7,17954.1,23240.4,22846.3,22300.3,21650,17094.6,22586.2,21061.9,22534.6,18399.8,16256.9,20761.5,19405.7,20456.9,22520,19561.2,20201.4,19276.7,21944.8,16248.8,16919.7,18564,20912,17220.9,18367.3,17699.4,16248,19368.5,21830.9,19074.2,17396.4,17626.4,19759.3,19690.9,21899.2,15764.6,16047.6,16009,15416.1,21750.4,18845.8,17195,19935.8,18055.2,20507.8,15488.8,18584.9,19957,19680.4,18614.8,20638.2,15503.9,20689,18341.3,16116.6,19944.2,16878.9,17834.9,16502.7,20632.8,18672.2,16021.9,18961.2,18347.9,17435.8,18711,16064.4,15759.3,21073.8,19192,17481.9,20373.4,16521.1,18139.6,18494.5,16838.4,20283,19808.7,18308.2,16528.6,19912.4,17010.7,20130,19940.6,18842.9,20583.1,20406.5,17679.9,18959.9,21184.2,23172,22665.9,16526.7,18194.1,20136.1,22241.9,21634.1,18693.2,18493.8,22461.5,19797.6,22802.8,22487.8,23607.8,17423.2,18543.9,23818.9,20844.3,23822.8,19299.8,21155.4,23927,20211.4,21714.1,24281.5,18783.3,23446.2,19422.3,22345.3,18964.4,22113.9,22903.8,18508.5,23460.6,19847.1,22998.7,20051.6,20371.9,22999.9,20467.2,22306.3,21502.5,21705.3,22365.3,23990,24706.3,22649.4,23255.8,19446.7,20998.5,19897.9,21024.5,22445.4,18599.5,19654,19325.8,21185.3,20261.1,21325.6,19713.5,20436.5,18527.5,18462.3,22944.4,18537.6,21285.9,21073.8,19977.6,22682.7,17862.7,17224.6,20289,19987.2,17427.1,17101,18501,20646.5,24010.4,23882.7,22914,25898.5,32129.4
33927.6,30507.8,24378.2,26070.6,23727.5,22924.4,21466.3,19011.5,17655.4,22046.9,17684.9,17056.8,20390.3,19063,19332.6,17794,22006.3,20139,17772.8,17452.4,15781,18025.3,15910.8,19451.3,20782.1,16231.8,16144.8,20465.8,18072,15557.5,19376.2,22050.5,18747.9,21355,17427.7,21543.3,17255.7,19450.7,21363.9,18154.5,18258.3,20304.9,21696.3,19787.9,17372.4,16541.1,22117.7,16175.4,22254.3,21829.2,20991.9,17201.6,20934.3,20197.5,16650.5,19303.8,19369.4,21108.3,19017.5,21678.8,20414.9,21881.3,22124.3,16647.6,18202,16521.1,16986.1,20439.4,21731.2,17428,15558.7,19643.7,15953.8,21474.5,20067.9,18598.1,18496.4,21072.3,17619.2,19485.3,18840.5,15443.4,16027.3,18297.5,16326.7,16372.6,17977.6,20106.6,19533.5,18286.5,20886.3,15504.4,20964.7,19417.4,19259,18740.9,20403.7,18285.1,21185.9,20551,18070.2,18877.3,18002.4,18933.2,17007.2,20716.7,16124.6,19475.3,18596.8,20832.5,15931.4,16975.1,15349.1,14978.8,20692.9,19007.4,21712.8,18852.3,20434.5,18760.2,19779.1,18844.3,20784.7,15746.7,21812.9,16376.7,18217.8,20449.7,17426.2,16130,19045.5,16674.7,18075.5,18900.1,18106.2,17466,16411,15829.9,18438.1,20254.5,20566.7,20354,18294.5,19496.1,16650.1,18708.6,18170.7,16721.1,19908.5,15003.9,19123.4,16487.4,18284.9,16764.3,18385.8,17600.4,18585.7,20507.7,20153,16126.9,16344.1,19363.8,20621,21325.5,19549,17717.1,22001.9,19874.3,21087.7,22099.2,20941.1,21709,22253,19617.2,18455.7,18864.4,19840,20556.7,17398.4,19177.8,21912.7,18998.1,19173.9,21115.6,18053,20344.4,22306.4,22201.8,17792.7,20940.8,19913.5,16238.8,16557.7,16665.8,21409,16551.5,20998.8,19554.6,16704.2,19467.6,16540.9,21159.4,18059.5,19814.2,18144.8,18893.8,18632.4,21742.9,19079.2,20866.5,16881.7,22700.3,17863.1,18722.5,17951,19431,21669.5,17650.8,22629.2,19240.9,17278.5,17858.6,18054.7,18777.1,17254.8,17121,21959.8,18034,17333.4,19136.3,18635.1,17466,20002,22247,19106.3,20359.7,21006.2,22555.8,20415.6,18036.1,17323.5,19644.3,16350.6,20135.9,17287.3,20886,16518.5,21263.3,18570.8,16595.2,18735.3,19695.1,21877.1,21997.8,16539.8,19569.1,18351.6,19284.1,18664.3,18399.4,17481.4,18915.8,17236,20866.9,20458.2,18809.5,16451.9,19977.4,17573.6,15972.5,19828.9,19816.2,17879.5,20609.9,19392.5,16235.2,20625.7,16366.7,21279.6,16629.7,17806.7,15735.9,16218.3,17858.8,20733.6,20275.2,21267.4,19437.2,21771.1,17172,22171.9,19767.5,20568.7,20024,18309.3,17212.2,18962.1,17336.4,22502,16287.7,19009.8,22631.9,22949.8,21326.4,21420.9,19666.1,21390.2,18445.3,18171,18119.2,21836.1,21249.5,19512.3,20804.8,20834,20891.4,19037.6,22024.5,19481.4,21425.1,19001.8,24052.9,18979.1,18129.6,21789,24313.1,23563.6,18819,22595.9,22515,23119.8,24434.4,23921.1,21889.9,23279.9,21288.8,21042.4,24302.2,21654.5,19841.5,23305.7,20806.4,24155.6,23674.1,22896.5,20987.3,24002.2,21813.1,23791.5,22292.6,20877.5,18503.5,23135.2,23236.1,21912.6,17883.8,18506.1,18169.2,20072.3,23105.5,22403.5,19849.3,20082.7,21967,17480.8,21740.6,22080,18943.6,23000.4,21325.5,23115.7,17739.5,18281.7,20609.4,21655.5,21513.4,19690.4,22607.8,22278,24172.1,22573.9,27531.9,28583.9,35590.6
35155.7,27220.4,22048.3,21845.3,22345.5,18100.4,19434,21447.6,18219.8,19298.9,17251.3,18893.1,17180.4,18705.5,21051.5,15958.2,21417.6,22059.5,21922.6,15711.8,18575,16863.5,20973,18049.8,18968.4,19834.3,20336.4,16569.9,18476,17298.3,15833,18524.8,16193.3,19406.4,21013.2,21378.9,21586.6,22086.1,18751.2,20880.9,19644.2,17798.8,21143.6,17819,16465.5,20085.3,16990.2,21746.7,17807.6,18894.9,16280.9,19791,18140.7,18108.5,16697.1,17345,17709,16519.2,17893,17362.1,16825.3,20306.9,18747.8,21904.2,20042,19667.1,19388.5,17872.5,20382.6,21657.2,22047.3,17371.3,17477.3,18609.4,18308.2,16480.5,17342,19764.7,20196.9,19504,16329.4,18136.7,16481.4,20450.9,18153.1,19653.2,19283.1,17420,17475.8,19372,19984.6,15057.4,21262.4,18698.1,15175.3,20505.1,15427.9,17497.6,16188.4,20243.1,17612.1,19891.1,15812.1,16421.4,17582.5,19414.9,19213.8,17591.7,17195.1,15938.7,17463.5,20833,18669.6,21360.3,20044.7,20469.1,17135.9,15470.6,15964.3,20423,17417.5,16446.2,20385.4,17137.9,19532.7,21353.7,20087.4,17762.6,18109.1,20328,18220.4,16378.1,21609.2,22613.1,17158.8,22197.3,20655.4,19390.4,20623.1,19629.9,20856,15619.8,19183,16679,18570,16275.7,16151.5,19145.5,16620.2,20259.8,15003.7,15363.3,19702.2,18376.8,16992.4,17946.1,17186.3,19785.7,19252.1,18035.5,19438.9,20057.5,21995.5,17074.4,19197.3,21666.9,16460.6,17117.3,18150.9,17133.2,22174.4,16501.5,19123.8,19826.2,21637.5,17161.6,20165.3,17836.4,22812.4,16929.7,17162.1,16134.9,22581.5,21491.8,16312.3,18234.8,22053.2,21752.9,18142.1,18115,19597.1,19828.4,21345.1,17921.1,21901.6,16890.6,22544.7,18611.6,17202,20802.7,16614.9,17158.9,18011.1,16792.2,17586.1,22111.5,16675.7,17872.3,17201.2,18923.7,19651.2,21678.4,19007.7,21407.6,17875.7,17050.1,17887.6,17714,20843.1,18166,21164.4,22226.4,17598.5,21171.9,18276.2,16390,16213.9,21637.6,17275.8,17525,17251,20905.6,22391,16812.4,17472.6,16216.1,17409.4,20087.9,19562.1,19208.9,17687.4,16757.9,16820.7,20774.6,18569,19669.9,21768.8,16341.1,20284.2,18189.3,15823.3,19140.2,17232.8,18444.1,18709.7,19916.6,17188.5,16403,17110.2,18210.6,21150.2,16509.9,15987.4,20755.2,18521.3,18473.4,20714.3,18902.7,19975,19508.9,20357.7,22279.7,20486,17719,17469.4,17475.7,15504.9,18428,18159.5,18868.6,18910.2,16584,17032.9,18164.1,16961.3,18986.8,18564.5,17535.6,19681.5,20706,17330.1,17724.5,20245.8,19291.7,21382.7,22195.4,19978.1,22508.9,17946,19613,17602.1,17953.4,20828.3,18211.1,20386.9,18111.4,19176.2,20235.6,22753.4,20265.4,22180.6,18096.1,18995.1,23222.2,18141.1,18058.1,22463.7,17929.2,21251.5,21315.3,21902.8,19457.4,18970.4,23590.6,19246.8,19756.7,19335,23247.6,20676,21149.8,20311,22105.4,23919.2,22555.6,24420.2,24494.1,20282.7,24250.9,23952.6,20531.5,23263,20228.3,23970.4,22737.7,24933.8,23374.6,22930.5,22698.5,24034.1,23016.8,20057.9,20622.5,23999.1,21885.6,19518.5,18858.9,21898,17764.1,23716,22614.3,18445.8,17555.8,17349.3,20236.4,18480.6,20768.8,17961.8,17906.1,20820.4,22442.1,20502.7,19027.4,20607.6,18871.9,24132.7,22754.2,20084.3,17709.2,22155,24398.7,22075.1,28070.5,26491.6,35945.1
34480.6,29597.3,28347.1,26087.6,21281.2,17499.4,21834.2,20169.4,16176.2,17029.7,18104.6,15910.3,20839.7,17101.8,21351.1,17918.6,18348.1,16386.7,16961.4,16929.9,17822.1,19277.5,16528.7,15302.4,17670.8,15518.6,20859.2,16852.2,15935.9,19345,18794.4,16272.4,15875.4,20750.2,16878.1,16455.7,18157.9,19431.8,16141.3,21054.7,17152.8,17184.6,16538.7,17320.2,21739.2,21528.6,19152.1,16789.8,18495,16853.7,17508.1,20301.3,21726.2,19980.4,19708.6,20523,21845.4,16593.5,21780.4,20910.2,18210.3,20927.8,20534.6,17830.9,19301.8,21911.5,17271.4,19443.7,16245.3,18491.9,15739.6,21575.3,20127.4,19072,17762.1,19609.5,20926,19127.9,19030.2,17603.1,20980.6,15300.4,21568.2,19263,20398.3,14895.4,18883,19719.1,19430.7,21375.9,18759.5,15675.1,18867.5,20218.8,18988,18801.2,16011.8,16724.4,20861.8,16974.9,17407.2,19944,15608.2,14631.1,14600,20115.3,19284.8,16583.5,19171.7,19843.4,19563.1,18844.3,18512.7,17599.9,18699.5,17106.1,21380.7,16012.2,16712.5,19401.7,18828.3,17717.7,16870,15969.6,18110.3,19423.9,18560.8,22342.1,20576.4,21595.6,18024.2,19603.8,21507.3,20321.8,19014.8,16102.5,19275.8,15795.4,19808.3,16295.4,20983,18629.1,17819.2,18276.7,18239.1,17530.1,16340.5,20046.8,21318.4,20337,17681.8,20413.3,17392.4,19268.3,15846.6,16126,20164.5,18870.8,17822.4,20996.5,17862.9,18545.2,17519.6,19155.2,20850.8,19136,20134.2,21390.2,20620.3,19150.5,22358.9,20109.1,17214.2,20686.6,21104.5,19376.6,18809.7,19061.9,18948.5,17622.8,19733.7,18403.9,16642.6,19570.4,19981.9,16130.8,19863.5,20229.2,21198.1,18108.7,16433.6,16625.9,20756.9,20152,21987.8,20100.6,18099.2,19031.3,19713.3,16211.1,22440.9,21218.7,21930.2,17403,21096.2,21205,20774.7,18541.2,16900.2,18473.5,20366.4,20496,19577.5,18421.3,19068.9,17628.3,17700.3,21127.5,21404.7,16625.6,19315.2,22399.6,16389.9,22292.1,20878.1,18782.8,17721.2,21278.7,17209.6,16593.4,16695.1,19504.9,17209.5,21576.9,20827.8,19249.4,19731.4,22301.7,20334.7,20222.6,19425.5,21657.3,19962,21558.2,21236.9,21071.3,17716.5,17524,18119.9,17666,16423,19757.1,18404.8,16358.8,20285.3,21931.5,19567.8,16576.1,19154.6,19802.4,20891.1,17134.1,20900.3,16670.5,16401,18772.7,21132.1,19420.3,17588.4,19186.9,17819,21075.5,16384.2,19828.4,18180.3,20137.1,19458.9,17049.9,17692,20535.3,21128.1,18015.7,21652,20234.2,20623,19707.8,21519.3,20285.2,21538.5,20849.2,20564.9,22116.7,19011.5,21957.9,22162,16791.7,16964.4,19278.1,19715,19654.8,17767.8,16925.3,22679.9,20521.7,19225.7,20063.5,21294.9,22139.5,18567.4,23072.9,22103,21708.2,20203.2,19073.1,17833.5,21847.1,22427.8,18773.9,21501.9,19821.3,18503.2,17759,23321.3,24104.2,22886.8,23980.8,18369.6,19536.3,23532.5,18724.5,22301.6,24202.6,19923.5,18452,23225.2,22529.2,22299.9,20289.3,22024.3,19314.1,23913.2,24093,20692.7,21647.4,21729.8,19432.1,19622.8,21525.7,21559.5,21325.6,17616.2,20671.9,21016.7,20412.3,24025.7,23723.6,20031.4,20330.5,20221.1,20094.6,18881,19591,22358,22181.1,19708.4,18706.2,20469.1,23542.9,18464.2,18196.9,22963.5,20077.7,18251.6,24268.1,21614.5,17806.4,23436,20786.9,19054.1,24167,24289.6,24824.1,28238.4,34604.4
36017,25703.8,25294.4,25430.1,22071.4,18172.4,23353.9,18429.5,21984.3,21271.6,17645.1,19245,19043.8,18850.1,19265.5,20401,18335.4,17979.2,21763.2,18550.9,16296.7,19849.3,16972,20962.2,20572.7,18995.2,18872.9,16677.5,18550.8,18039.3,16836.3,17435.7,21958.8,16300.9,19966,20956,16441,20227.3,16497,18762.5,16192.7,19074.5,18829.5,18825.8,20346.9,20431.7,16605.3,18037.8,22347.4,19805.4,21970.6,19981.2,21881.1,20294.9,19340.7,18483.5,19579.7,21465.6,20501.6,19696.8,15926.9,19728.4,19302.1,20360.1,18736.9,18686.3,18568.9,20535,15893.5,21479.9,21069.3,17881.2,18954.4,16321.6,17134.9,20433.4,20458.8,21198.2,16982.6,20431.3,15081.2,14922.7,20877.1,16009.9,19127.5,16502.4,18887,15241,19729.1,15830.8,15999.1,15772.4,19410.1,20108.5,18171.2,17411.4,18926.1,17299.3,20779.7,17610.9,20661,19553.3,19506.9,18269.7,17686.4,19634,15505.4,18170.3,17071.8,18945.5,18601.5,16805.4,17453.1,15709.6,16037.8,20675.5,17790.6,19417.4,20318.8,15727,21775.9,18809.9,16568.8,18142.4,17858.6,20650.8,17110.3,20889.8,21206.7,16629.2,16111.3,21379.7,17137.1,21385.4,22039.4,17342.2,20000.3,19049.3,21155.6,16220.7,20914.4,16218,18570,17814.3,16871,21386.7,20342.7,17788.5,17445.1,20290.8,21279.4,17116.8,15416.9,15932.1,15726.8,16557.5,16188.7,18572.1,17539,21098.4,19660.9,16336.7,15870.7,17223.8,21091.5,17822.8,19852.2,21235.6,20588.4,21801.6,21514.5,18396.8,17320.4,20929.7,19047.2,22831.3,22769.3,18305.4,19927.4,22011.8,22764.4,21139.6,21039.5,16928.5,18438.8,16694.5,18213.7,18884.1,15837.3,15806.2,18191,16941.9,20981.3,19847.3,19226.2,21560.5,17099.9,20870.5,18800.5,21704.7,21366.8,16715.8,19381.8,18330.3,20284.2,21604.5,19834.2,21806.5,22268.9,17930.7,20115.7,21845.8,18757.7,19487.9,17603.9,17124.4,19950.3,18196.7,20738.5,21514.2,19144.2,18508.9,21093.4,17317.8,22406.4,20483.7,16315.3,21788.9,21274.2,19723.6,21744.5,19057.9,22211.9,17265.6,16133.6,20961.7,19691.4,18969.4,20046.3,17824.2,19633.6,21680.5,19737.9,20790.6,18813.5,19791.4,16679.8,17534.6,15513.1,21226.2,16854,19418.1,16273.9,20954.3,17018.7,16103.2,22114,21254.9,18052.5,21093.8,19875.4,17282.4,15792.9,20414.5,21246.1,16914.5,21085.7,16378.5,17654.2,18987.2,19864,19010.1,19960.5,19171.8,20462.9,16391.4,18954.8,20950.7,21390.4,17186.1,17101.7,15606,17964.4,16658,15907.9,17320.4,21984.8,20540.3,16321.8,22016.8,21677.2,18613.9,16499,18246.4,18804.4,21338.4,16401,16159.6,20947.2,22659.9,20393.8,22170.9,18317.2,22728.5,22522.4,22416.3,19790.3,16352,18598.4,16854.4,21114.5,19700.8,22170.7,21998.1,21127.8,22800.4,22563.4,23518,23901.4,23987.2,17821.3,19102.4,17814.7,19111.8,22054.9,21652.9,23679.2,23696.1,20615,22000.8,21008.6,23316.7,21882.6,21849,24695.7,19511.7,20120.7,20693.5,20911.5,19232.1,19486,21922.5,24831.3,21462.6,20305,24134.3,19842.5,22569,20749.1,20422.1,22799.6,20829.8,23135.1,18956.4,23329.9,18893.5,18602.8,18424,21030.1,21819.4,21057.1,21556.1,22669.3,22555.7,22667.9,18291.8,23430.2,23127.5,22480.8,24273.1,20284.4,23135.2,18638.7,20528.3,19705.4,19816.6,18678.2,17908.5,22380.6,21747.9,21559.2,23621.8,30807.2,31687.6
34885.9,25893.7,25197,23749.6,23809.8,19790.8,19663.7,21381.5,20917.9,16535.3,20482.3,17096.6,18208.9,18274.2,21484.3,17628.5,16280.6,19769.7,20910.5,19042.8,17798.5,16350.6,21696.2,18210.8,16938.2,18605.6,17281.7,19172.4,19599.3,21459.6,18023.1,18354.2,18487,21236.3,18411.2,19841.3,17720.1,18239.3,22079,22322.5,22123.1,21922.1,17280.7,17812.3,16781.3,20823.3,16474.9,18317.3,20274.9,20744,21232,18203.3,22154.7,20930.6,19683.4,20331.1,19788.9,21131.5,21695.5,16431.1,18886,17193.6,18504.5,19752.3,21749.2,16912,20663.4,17797.9,17084.6,19164.2,16625.1,21629,16875,20971.7,17587,18554,18116.9,21003.2,16882.5,16189.9,15663.4,15242.1,16379.5,15763.2,17932.3,15182.3,16483.4,17531.1,16370,16270.3,16188.3,14860.8,18800,16582.2,17083.3,18227.1,16361.1,16389.1,18750,16991.2,20282,16353.8,15125.2,15399.3,15242.7,19737.4,16789.1,18428,19332.3,20425.4,17946.3,17776.6,15004.1,16455.8,20753.9,21230.3,20228,16052.6,15326.2,20753.1,20215.6,15692.5,16180.7,21569.9,18889.2,17898.3,17774.4,22131,17010.7,20907.5,20047.5,17261.5,16120.3,20672.1,16477.1,18805.7,19231.8,15633.3,17828.9,21335.1,20605.3,17119.5,15562.3,18671,15863.4,19949.5,15781,20544.2,16099.7,14957.2,17066.4,16337,18473.1,20194.1,14426.7,15577.9,19884.6,18187.3,21951.7,16664.6,16533.1,21041.6,21157.5,21569.2,17298,21635.7,21070.8,18954.4,19678.8,19521.2,17286.9,19174.9,22000.1,21017.9,18964.3,19086.6,20173.1,17893.6,18061.3,20848.8,19022.5,17139.5,20281.3,21002.1,17418.7,19705.3,18825.9,20571.2,19545.2,20511.9,18281.6,15989.5,21617.5,19603.4,17550,17755.4,22230.8,18571,19791.7,16588.4,16424.1,20977.4,17201.9,21264.5,19896.2,20193.2,19247.4,20662.1,16510.1,22675.9,19928.6,21123,16827.5,20168.4,21228.8,19928.4,17436.8,17869.8,18999.2,21240.4,16203.5,19675.4,22463.2,19573.7,20003,20530.5,22228,17273.1,18548.3,17675.6,18721.4,19435.4,16351.5,21567.7,21041.5,20145.9,20452.6,21545.4,21583.6,20429.4,17200.5,21543.9,18332.6,16244.3,20198.4,19765.1,21836.7,17589.8,16188.9,20349.8,18716.1,20886.9,21170,17944,18900.9,18098.4,19469.4,19990.4,16826.5,16059.2,17444.5,17306.8,21835,19801.7,16977,16064.5,21491.6,19772.9,19908.4,18313,19687.5,21552.7,20092.6,21882.2,17176.5,18834.8,19931.9,16288.6,19545,20137.3,16285.3,19098.4,18124.7,19428.8,17424.3,17940.4,21338,20468.8,17652.8,16621.1,20455.1,21983,20978.7,16295.3,18311,22266.7,18717.6,19163.4,21979.2,19586.2,21171.8,18945.3,19160,20579.8,20289.2,18934.5,21702.9,20863.7,17094.6,16553.9,21788.4,17943.2,21856.2,17535.9,20513.7,23127.5,22025.8,23794.1,18534.7,18590,22475.5,21171.7,19800.8,22894.5,20558.9,22530.9,18830.2,23230.8,18341.1,18525.1,21986.8,22806.9,24427.2,20827.8,23441.8,24220.1,23235.7,22144.3,21596.3,23432.9,21389.4,23184.3,24139.3,23101.2,18731.4,21136.5,21195.3,21457.7,20335.5,20593.7,23812.3,19678.7,21694,21407.3,17563.6,22490,18800.9,22523.8,22305.9,23514.5,17673.9,20270.1,19474.6,20873.9,22644,17178.2,20850.6,17227.6,19328.8,24088.5,22050.2,19386.6,18588.7,22443.5,21213.6,22824.7,21676,21719.1,18421.7,21556.5,21047.4,24827.2,29802.3,32477.1
35865.3,25336.1,26375.5,20011.4,22061.5,23119.8,22418,20066.9,18614,18637.2,21215.1,22229.9,19185.3,17551,18301.7,15934.1,17889.7,17091.4,18718.5,19131,18468.5,18452.2,17487.5,21531.1,21224.7,21097.6,16707.1,16019.8,21912.9,20207.7,17655.3,19279.5,16366.2,18565.7,21085.6,17277.8,19429.7,21633.1,17883.2,22246.6,19584,16211.9,20702.6,20646.7,20573.3,16875.5,17568.6,17447.7,20548.7,16126.7,17371.6,20328.4,19238.4,20840.9,17488.7,21947.8,19550.9,19261,21404.5,20703.3,16750,20503.3,16918,17651.7,16256.3,19993.2,15779.9,16155.8,17079.7,18439.7,21246.9,17721.9,21851.1,17098.8,20291.9,21672.6,16758,20760.8,15596.3,16427.7,17244.3,20643.3,15624.8,20924.8,18157.5,19965.8,17458.1,21043.3,17104.3,19797.9,18037.1,17195.9,17709.8,18250.9,18762.7,19294.2,18455.4,18625.4,15760.4,17737,17398.1,16146.1,14659.1,15626.5,19190.1,18785.4,16373.5,17534.9,16660.9,17782.7,18696.4,17319.2,15258,21193,17551.5,15427.8,19098.5,18902.6,16382,15999.9,19420.8,15559.7,19744.8,16665.6,19440.9,20303.1,17017.3,19350.5,16194,18145.8,22341.6,21857.8,22023.1,21469.5,19792,19485.5,20940.2,21643.9,21417.7,18463.5,18882.9,15157,17356.6,20141.2,17494,21181.8,19929.8,20432.8,16409.3,19920.5,19402.3,20399.2,20732.3,16194.7,15494.6,17473.4,16311.9,19187.6,16594.7,21302.2,19243.8,17815.3,20049.4,16033.3,17647.6,16039.8,19223.3,19248.6,20374.5,17565.3,18094.9,18811.7,21856,20135.8,22146.8,19689.4,18737.7,17383.6,21593.3,21840,20526.3,16745.5,20719.1,19692.2,22347.2,19730.1,17822,16886.1,16717.3,22320.7,16810.3,20769.4,19495.3,19883.2,18247.4,22187.9,17956.2,16242.6,22074.9,20987.7,21360.6,16691.1,17449.5,22878.6,20220.2,19072.5,19240.4,20920.7,17371.3,16900.3,21648,17312.2,20197.4,19687.4,22354.3,21545.2,22346.3,19862.7,22501.3,22442.4,16711.8,22013,17710.6,16735.9,18518.3,16233.9,18895.6,21172.1,21467.6,19954.1,20997.7,19205.7,19759.1,16316.1,22206.2,20564.9,20207.4,17131.9,21779,20092.5,17512.9,16406,19562.1,21416.3,17702.8,18052.9,17196.4,16534.8,15514,20745,21821.5,16796.8,19592.7,21974.2,18101.1,20196.1,18879.6,15687.3,19697.7,20827.4,21223.3,15981.3,20369.4,16828.8,17698.7,22014.5,19126.7,20054.6,15985.4,22240.9,20556.4,20813,19764.4,20332.6,20971.3,21135.5,19446.2,19318.2,19306.4,20405.3,17624.5,15875.9,17510.3,20033.2,17470.3,17606,20463.8,21716.9,21273.2,21851,16070.3,18359.6,17485.7,17022.3,17632.3,20793.7,19067.4,17465.4,20877.9,20638.7,22498.2,22319.1,19859.9,17296.5,20356.3,22291.3,18100.8,17836.6,22141.8,18893.6,20157.1,22385.9,22169.6,22658.9,20187.4,23219,17590.2,17998.1,19802.3,22270.7,17807.4,23020.8,24077.2,19910.7,21791.7,24732,18218.6,23991.7,22865.6,19597.5,21745.5,23887.2,18382.7,23711.7,19831,22817.2,20495,20996.4,23736.8,23894.2,21702.5,21940.3,23891.7,19279.1,18878.4,19731.5,22616.5,19227.3,21499.8,23234,22020.7,18728,19209.2,22182.1,21440.3,19594.9,20314,22079.5,20202.1,20625.9,20042.7,18324.1,21777.6,19159.7,21596.8,21524.6,20413.9,17807.2,20406.5,20305.4,23060.3,22668.1,23397.7,22548.8,22376.1,19137.1,19216.4,21593.4,19596.8,22969.1,25666.3,22514.3,31008.1,30475.2
31821,25734.8,27736.4,23403,24778.6,19012.1,18505.3,18133.2,16994.8,21207.8,16595.7,17628.2,19578.5,16272.7,21928.5,18708.8,19655.7,20190.4,21732.3,20692.9,18654.1,17787.9,17250.8,17370.7,20794.2,21115.1,20052.6,21092.1,21503.5,19186.4,21467.7,22062.6,18858.6,16653.4,18816.6,17675.9,20510.8,17289.2,19599.1,16216.6,19452,16051.5,21261.5,21974.6,19881.9,17949.5,21166.7,21120.3,18308.1,21197,21400.5,20629.4,21397.6,16675.3,16852.7,22361.2,16652.6,18470.8,19147,20604.9,16493.1,19661.9,18057.9,20659.5,21070.1,18769.6,21550,17261,19452.6,20154,20313.4,19604.5,21425.5,17327.2,19956.8,18154.6,19908.6,17634.7,19009.5,16695.1,19132.2,15641.2,15150.3,15867.5,19851.7,19687.6,17565,20814.8,17863.1,16262.9,20351.7,18151.6,17617.4,17512.2,16502.1,18234.3,17878.5,16085.8,15917.1,20055.4,18046.9,17247.6,15764.4,17547.5,17197.7,16630.2,17706.3,17297.2,18497.2,20286.6,18511.6,19934.6,15287.5,19702.7,18378.6,17887.3,20272.9,19516.4,21495.5,20232.8,15883.5,18890.1,21039.2,20990.1,18760.7,21911.2,20998.2,16967,17193.5,21904.6,21479.7,21868.4,22416.1,20993,21130.8,21166.2,20519,20347.8,16115.7,15295.9,17971.6,19405.5,16274.4,16661.8,16362.4,17172,19645.1,17970,17646.8,15749.9,19433.4,16386.7,15550.9,19142,14341.1,17264.8,17194.7,17724.4,20705,19543.2,19507.9,16147.6,19740.4,16492.7,17892.8,20610.9,20550.7,18521.7,17759.2,21457.1,22220,20116,18006.3,22046.2,17539.4,16912.5,20074.5,18883.7,20222.2,16476.7,17968,16526.5,17724.2,18735.8,16886.7,22051.8,18933.5,21690.7,18273.4,19668.5,21042.3,21571.7,18106.3,16450.7,20272.2,20675.4,18728,17007,17395.4,18169.5,17922.8,18460.5,21512,16305.7,20675.9,22563,20879.7,18186.8,21701.2,22213.3,16676.2,17769.8,17129.6,20120.8,22484.7,16785.5,17562.5,17605.7,20661.3,16690.1,18304.8,21930.4,17026.1,18321.3,22318.2,22355,17573.5,21353.2,21969.5,21291.5,16913.8,19856.6,21154.6,16839.3,18248.2,19237.2,22349.8,20920.6,20551.2,22624.7,19339,16300.6,18077.2,20072.8,21807.1,21570.2,22059.6,21540.5,20143.4,16441.6,16054.3,18707.9,17000.3,15707.5,19511.5,17865.5,21403.7,18467,18094.3,21658.6,19252.1,17357.8,16937.3,19501.2,19126.3,22102.4,21091.5,16903.4,16478.8,18735.2,16682,21952.7,20210.2,19466.8,20519.3,20758,20966.8,16874.9,18785.7,20725.5,17957.1,16805.9,15756.2,20536.9,16992.8,16545.9,20935.1,21125.2,21337,18336.4,17012.8,18178.6,15746.3,17294.3,16856.8,20305.7,17647.7,21975.2,20439.9,16961.4,19137.9,17171,17905,23022,22205.6,18674.3,16582.8,21888.3,20501,19052.1,17506.9,23059,22379.9,20254,17249.7,21810.9,17172.2,21982.6,22717.6,23948.4,22697.8,21183.8,20837.8,18731.7,24172.2,19311.1,23013.3,20651.6,20729.1,20711.1,19282.7,18479.8,24779.1,18938.4,22440.5,20307.1,19469.5,20541.1,22878.9,23505,23625.5,20633.1,23980.9,24109.5,23368.4,23192.9,22554.6,22022.9,20099.8,23775.2,21532.1,22656.8,20753.3,22467.5,20536,18919.2,23887.8,22576.4,23178.1,20496,17347.3,23489.6,19996.5,19850,20984,22607.3,20428.2,20017.1,17470.2,21242.5,18888.7,23591.9,23670.3,21001.1,21879.8,19976.8,20055.4,21453.8,22412.7,22647.6,23283.9,26143.1,28395.9,30937.3
33400.6,28201.1,27003.9,20881.5,23580.6,21634.7,22993.9,17142.2,18948.4,16877.7,18874.8,20526.9,20752.4,17503.6,16215.8,16040.8,19039.6,17260.9,20780.7,19077.1,20305.2,16431.1,18351.2,19707.4,17667.6,21888.6,20714.4,16737.8,20036.4,18315.8,20129.8,19367.5,17966.2,17299.8,20301.2,16306.5,18569.5,16528.4,17452,16788.9,21298.8,17501.8,18841.1,17453.3,20320.4,18100.8,17063.1,18008.1,21098.4,19189,21755.2,20832,19984.5,18023.8,21909.2,21610.9,21228.5,22220.8,20115.5,20357.8,16479.4,15915.4,19195.6,18105.7,15704.2,20219.3,18864.8,19421.7,21770.4,16086.4,20333.5,19645.1,16374.1,18372.8,19547.9,20015.4,20187.5,16147.9,18205.1,18007.6,15430.1,21050.1,16041.8,16546.5,19651.4,18903,19905.1,16261.5,19294.7,20890.4,16964.5,19635.2,19534.2,14693.9,15237.9,18487.2,17565.8,18302.2,16054.7,15641.3,16777.5,14970.5,14984.4,15838.4,14919.4,18723.8,15628.9,17529,15581.1,18734.5,19324.5,17901.7,20375,16755,15814.5,17846,18301.8,18277.5,18083,19396.6,17935.3,19829.6,16339.1,17031.5,21709.5,20455.1,18587.4,16648.1,18336.1,21972.3,19278.2,22372.2,22443.2,21070.2,20978.4,21529.8,21293.6,17803.4,19877.4,19105.9,17390.2,18087.3,16453.7,17203.2,15666.9,16394.4,19890.9,17530.3,15833.8,21338.7,16155,17252.8,15008.3,18481.3,18742.1,17851.6,15566.7,17983.6,21606.3,18003.4,17883.9,21867.6,20814.3,16875.7,22092.3,20700.3,17305.4,18693.5,16494.7,19997.6,17139.4,16817.2,20736.5,16963.5,18914.9,20321.3,18716.1,17702.2,21235.5,17611.5,21753.1,22637,20227.5,18612.6,21867.2,17335.5,17642.8,19555,16391.3,20726.6,22321.1,20729.3,21411.7,16034.7,17644.6,20682.2,21194.3,20730.9,20093.8,22512.7,20358.7,22517.2,19744.6,19499.2,19600,21939.9,20068.1,16232.5,16140,17368.8,16908.8,22091.3,22513.7,20109.4,16784.8,22782.6,20799,22840.8,20467.5,22144.1,18672,17033.9,20202.9,16287.6,19781.4,22684.3,22502.5,16768,20332.6,20502.7,20773,20810.5,16821.6,18305,18964.4,19668.2,18651.7,20812.9,17386,22530.8,21038.1,20564.3,16467.5,20438.9,18882.1,16709.7,19182.1,22107.9,16925.8,18470.1,18414.1,20813.1,17921.6,16296.3,16206.3,16256,19191.5,21660.4,20274.4,16424.6,17484.7,17286,15795,17042.2,17333.1,15844.1,18123.7,18398,22290.1,16925.8,20960.5,15963.2,20417.7,20220.1,19700.2,21180.7,17833.2,21167.4,20094.3,19818.1,18673.8,21122.4,16394.4,21755.5,19843.9,15330.7,15965.5,17104.9,17426.8,16115.3,16983.5,17717.8,20142.2,16795.5,18907.2,19871.3,17501.4,18375.4,19707.5,18363.9,22319,16877.8,18589.2,20547.5,20561.2,21403.2,20481.4,22509.5,18517.1,20196.8,22384.2,18739.3,21526.2,20816.7,17917.4,18532.5,21712.6,22581.7,21803.2,20758.6,22305.9,24541.6,22714.8,24225.6,19684.4,19844.8,21077.3,19141.3,19094.6,22100.1,23616.6,21852.6,19556.2,19869.8,24179.5,21951.3,20867.6,25149.3,20329.8,21638.3,22305.7,24319.3,20320.8,23516.5,19623,20835.3,20082.2,22251.6,23473.3,23403.1,18115.3,23276.9,21308.9,19672,18908.8,24252.8,19735,20299.1,23129.1,18444,17347.1,17719.4,19533.6,19254.6,21331.9,22485.8,22837.7,17511.9,18303.9,20992.4,20465.8,21666.5,19507.5,22334.3,22758.4,18794,21702.8,19651.8,19615.1,19946.4,22330.7,27177.4,28021.9,34771.7
31527,27083.4,24604,23870.1,21907.6,19818.5,21336.7,17543.8,16940,20851.8,17049.1,16392.6,16944.4,16122,18580.7,20886.2,18378.8,20005.6,18074.1,18494.7,20085.9,15603.1,18680.5,21546.5,17303.5,16649.5,19238,19812.4,20346.3,17800,20458.4,18320.7,17770,16719.5,20195,20499.7,16407.2,18293.6,19218.2,17999.5,22349.3,21291.9,18977.2,16456,20504.3,18792.7,16680.4,18313.5,19514.1,18797,19208.7,19705.4,20690,17559.1,18760.4,18534.9,18296.3,18756.6,16689.3,19989.7,21515.1,16297.3,19009.2,16115.8,16527.6,18470.8,20685.9,18566.7,19411.5,21849.5,16398.1,17308.4,17648.6,17519.8,18191.2,18318.8,15885.7,16697.1,20912.3,17754,15227.2,20026.9,21131.9,18488.5,19835.7,17811.3,17779.7,17736.6,20578.7,18598.6,19641.1,15072.1,14518.1,15668,16828.2,14591,19251.2,15164.2,19753,19532.1,18553.8,17937.9,17673.1,19657.2,19708.7,19921.7,16484.4,16745.5,19228.6,20644.6,17026.7,19276.5,15307.8,15063.5,19031.2,17522.1,15641.3,17544.9,18269.9,20084.5,16798.2,18863,16510.6,21782.4,21700.8,17968.9,20453.2,21066.9,16223.7,19111.1,17893.3,21477.7,21695.1,20721.5,20440.7,21336.4,19819,16624.6,16799.8,19439.3,15391.5,18208.6,17223.6,18285.1,20995.5,19785.8,19062.3,20959.6,17599.2,15274,15875.5,19096.5,20492,19181.5,17683.7,16815.5,17968.6,21403.1,18240.2,18999.6,19915.7,20147.8,21494.4,21103.5,17463.3,20724.2,21085,20225.7,18358.4,20988.2,16702,18601.7,19634,18473.4,21739.7,21666.5,18213.5,18791.5,18874,21262.6,17947.7,20167.1,17929.3,19256.8,17207.7,17354.1,17713.3,17973.3,19378.4,16657.9,18778.4,20773.7,22308.5,19600.3,18845.5,19716.9,21306.8,17555,18683,21611.7,19701.2,20411.1,16222.5,16987.2,18557.6,20952.9,16647.2,18297.4,16342.3,20315.7,18887,17799.7,17890.3,20532.5,17610.7,20478,17170.1,19451.5,17061.5,17652.8,20074,16260.6,21133.4,22157,19059.7,17452.6,21444.9,20660.3,17981.9,21185.2,20770.5,20480.4,20420.5,17944.9,17796.6,19891.8,19396.8,20504.6,17727.3,17452.5,21149.2,18265.8,16271.6,16230.2,15947.4,20992.2,21390.3,16646.9,20341.9,18122.5,19789.9,16871.2,19715.7,19497.4,21314,19009.8,19983,17568.3,15916.8,19263.7,16322.3,18489.5,17752.2,21218.1,15589,16518.7,18869.2,16395.9,22083.3,22362.7,19543,21600.2,15596.5,18914.8,18377.1,15389.7,16623.8,17596.4,17266.7,20784.6,18550.4,17422.1,21579.7,19938.6,21702.9,19074.5,18810.7,19380.5,19028.6,21502.3,19528,16114.5,17490.5,17481.5,17261.8,18578.1,18138.9,19063.6,16251.8,19552.8,17158.1,17447.6,20967.5,18815.9,22719.3,22021.6,16043.6,19408.2,21797.5,20023,22558.5,22701.4,20966.5,23193.2,17965,18815.8,19564,22192.7,21436.2,19925.2,20701.1,22243.6,20877.9,22807,24352.9,23090.5,20368.6,21908,24735.3,21308.1,23398.6,21475.4,20185.4,20567.1,21716.3,18089.6,18267.7,23336.1,19710.1,20924.7,22320.9,23171,22319,20660.8,21286.4,18827.9,21070.3,24493.2,23661.4,24482.5,22483.5,20666.7,20746.6,21475,19536.1,18531.2,18073.9,20728.8,23690.2,18818.3,18787.1,18432.8,19438.5,20441,21655.8,18839.4,20776,22465.5,21034.1,23931.7,19987.3,23118.7,22149.6,20046.5,23997.5,19021,23151.3,20664.5,22707.7,21647.7,24712,23650.3,29107,34036.7
30513,28232.8,26489.8,25895.4,18911.7,21045.2,19335.4,19651.5,19419.9,20254.1,17577.6,21803.5,16801.7,15773.4,16191.5,19525,20408.6,21729.5,17515.9,22048,15648.2,17826.6,16901.3,21025.1,20739.3,16636.6,21840.6,18738.2,16260.2,19291.5,19950.1,21638,19329.5,20290.9,17192.4,16828.4,19229.5,20493.3,22270.2,21020.8,20874.2,19862.3,19924.4,21792.2,21764.7,16380.3,20531.7,20152.9,16699.3,17573.9,18740.7,20773.3,21339,17631.3,20740.9,20464.6,17431.3,16170.3,18698.5,15826,17914,19730,17519.4,20202.5,17509,19151.3,15642.2,15780.9,17761.3,19715.9,17535.4,20611.4,20681.7,19254.6,20572,18975.8,20618.8,19046,16783.6,20125.1,16970.5,19549.1,19327.5,21705.1,21248.4,18397.1,20337,20788.4,15188.3,17425.1,15616.5,15404.1,17810.8,15615.4,18741.1,19617.8,20012.1,16486,16251.4,17655,20520.8,19307.8,17766.1,18371.8,20955.8,20543.5,17060.2,20117.9,19364.2,15332.1,16937.5,19489.5,16820,18284.3,18077.2,16612.2,21132.7,21027.9,16690.7,17101.8,20710.5,19188.4,16847.4,16053.3,19810.4,17784.2,20964.4,18139.2,22456.6,16359.1,19959.4,22748,19008,18877.6,18707.8,18545.4,18082.4,20960.1,18577.9,18869.2,19597.5,18466.3,17689.6,16395.1,15696.3,16143.2,16574.9,20183.2,21402.7,20461.5,19090.5,19041.4,18202.3,14966.9,14285.4,17304.1,20338.8,15727.4,18260.2,16873.7,19057.9,15983.7,19911.1,18444.5,16207.5,21675,18016.1,21305.1,16996.3,18325.9,21976.8,20948.1,21044.3,17621.6,22324,17467.2,18038.2,20253.7,20473.4,18981.1,18016.3,17709,17791.2,16863.2,16408.5,19817.2,17952.3,22245.5,16691.5,16078.7,18076.8,19964.8,17084.1,16588.6,20195.2,18450.5,19502.7,19470.9,16106.5,18250.9,20029.4,18579.8,21054,21808.5,16675.2,18204.2,18706,21653.1,19960.6,20832.7,17097.4,20288.4,22695.5,21482,21711.8,17497.8,20096.2,22694.4,17473.1,18459.9,16937.1,19165,21354.1,16960.8,19564,19491.5,19314.2,19297.1,22204.9,19563.7,18592.7,19668.2,20663,19244.9,18082.7,18303.4,16209.3,16688.4,18662.4,22517.5,21662.2,16322.9,18311.3,17296.2,18497.8,16306.1,18356.9,16435.6,16824.4,18358.9,16677.6,18404.8,19121.8,18888,16271.6,20849,21160.6,21751.8,18705.6,18197.3,21504.6,20870.9,17702.3,16174.8,17231.3,16762.2,16212.9,16350.5,21142.3,20075.7,21620.1,21828.5,18823.1,16851.4,19233.8,18216.3,16220.7,21972.6,16402.5,17113.4,19392.6,21164.8,15792.2,20657.3,15646.1,21879.9,16349.6,18432.2,21157.2,21404.1,16987.8,19941.1,19303.1,15850.4,19571.1,21136.9,17168.4,18152.1,16360,20145.8,22355.3,20247.2,22389.4,18423.7,18234.6,20520.4,19838.3,22522.7,18957.1,17054.2,18564.9,19054.2,17960.1,16916.1,19046.7,22507.4,22629.2,22356.8,21524.8,22915.7,19840.2,17890.7,19971.8,23506,21013.2,24343.6,20919.7,21318.6,19732.5,19173.5,23739.1,23946.7,22189.7,21084.7,22318.7,19077.8,18335.4,18763.1,24003.3,19534.4,22302.3,20599.1,23490.5,21023.9,22824.4,21524.5,24878.9,24643.6,19505.4,20760.5,21761.7,18974.5,22823.2,19146.7,23095.2,23627.2,19197.3,23107.9,17734.4,23247.6,17989,17801.9,18286.1,19940.5,23227.4,17289.5,18186.9,19145.9,18259.8,19523.6,21018.3,22487.8,20822.9,18141,22391.6,22529.4,19767.2,18543,18084.3,24099.4,20543.7,24079.4,27965.5,32780.2
36118.1,26342.2,25903.4,20204.8,21856.2,19260,23015,19170.6,19228.6,16314.8,19827,22185.8,19566.1,19730.1,16840.8,18374.7,21514.2,20647.9,17004.7,20066.5,21057.5,15622.5,19103.7,16910.4,19183.6,17556.6,20652.8,20395.2,19016.2,17776.7,19166.8,22259.7,22270.6,17232.7,17405.5,19748,20890,20524.8,17779.2,17852.7,19043.1,17361.6,17353.2,20073.9,16675.5,19436.5,21134.9,21673.4,17356.5,20061.2,18976.9,17708,20003.9,18741.1,21838,18590.1,19168.8,18458.5,17746.4,15989.6,16395.1,21393.3,17265.7,18147.4,18604.1,16569,20850,21856.8,19025.9,21172.7,19494.8,19275.8,20662.8,21274.1,20355.1,21502.5,16442.1,21589.1,21611.4,19893.4,17750.5,21450.7,21402,19198.8,16954.6,15347,20915.8,19890.8,21395.5,15865.2,20120,16015.2,18206.3,16353.6,18360.6,15633.1,17947.6,17813.1,18015.1,15757.7,15818.4,19639.3,14452.8,16529,15845.8,16862,19639.7,16009.3,18745.7,19216.4,18071.3,19763.9,17187.5,21421.4,18223.8,19617.2,20915.6,19000.4,16970,16439.2,20028.9,17997.7,16591.7,17797.4,18467.2,18343.3,20499.8,16858.8,19459.3,20878.9,20100.9,19208.5,20365.1,18019.4,16979.5,21942.1,16597.1,16465.3,17692.3,15763,20503.6,16189.3,17850.3,18259.7,16090.5,15278.9,16155.5,17104.7,17726.3,20620.9,20772.2,15519.8,21487.3,20192,14124.1,18353.3,16427.3,18211.5,17402.8,18972.9,20708.2,16004,15941.6,21516.5,19581.5,16896.1,22387.7,17296.8,16534.7,20918.1,20429.1,20058.4,16694.4,19367.9,19940.6,18524.8,21294.6,20328.9,16640.2,19710.8,16605.7,18461.8,19293.6,20861.8,21013.6,18828.8,19142.3,20954.4,18790.8,18070.2,21273.6,17143.5,18120.8,16083.1,17508.9,17910,19018.1,21232.5,19914.2,19720.1,18975.5,21448.1,19454.7,18562.7,19272.3,22236.8,17012.8,19639,20429.9,16641,21800.3,19961.4,21654.5,20310.5,18228.1,17130.9,19304.2,16905.3,19781.4,20336.7,18684.5,19453.7,19160.5,21087,21098.1,19299.9,20290.2,19534.6,19797.9,22585.1,21112.9,20842.6,16117.5,20296.9,18571.5,20474.9,16795.7,17161,18637,18788.6,21790.2,16502.6,17991.8,17566.2,17625.9,17215.3,21140.1,20361.1,20227.3,18401.5,19918.8,17984.1,17939.6,18541.4,21099.8,16537.8,20246.2,18166.6,21574.5,20250,20926.1,17356.8,19408,16165.9,19218.7,16528.6,18605.5,17048.5,17512.1,18108.3,19112.7,16396.6,19641.6,20008.3,18337.4,17857.3,21074.2,16662.6,16249,19328.5,20159,17735.7,15889.7,18285.6,17115.3,20882.4,15830.3,17288.3,18366,22060.7,16693.6,18164.2,21932.4,18353.4,16729.9,21543,17037.8,18129.1,16995.8,21907.1,16510.5,19362.5,18501.2,18486.4,16936.1,19436.7,19368,18086.4,18581.7,19829.9,18102.6,20426.6,18573,18461.7,21955.8,17445.2,18914.4,18579.5,19719.8,23540,23963,19828.8,18037.2,22983,20193.5,20169.5,19179.1,23772.2,22184.5,23634,19522.5,24032.9,23927,23383.8,22052.6,24745.8,19613.5,23390.1,19884,24740.7,21000.7,22682.6,23952,18913.3,19423.2,23166.1,24470.1,22190.2,19108.1,22057.4,19582.1,20932.3,22948.2,19456.8,19667.9,24174.9,20417.3,20033.2,20868.7,20780.6,21178.2,17815.6,20864.6,20096.9,20489,23668.7,18906.9,23509.7,23987.5,20019,20267.2,23668,22225.7,18258.6,23533,23237.3,20046,22472.9,18025.2,20512.2,22728.2,25863.8,28203.5,33124.1
30362.6,26911,26846.1,25164.2,21526.5,21019.4,17784.2,21042.3,19110.7,22151.9,18952.5,16158.9,17013.8,19619,20100.3,21202.6,20707.5,18226,19383.7,20686.2,16631.6,16893.4,19686.5,16000.3,17805.8,16507,18663.4,19098.2,16946.3,21590.1,19009,21212,21943.8,22180.5,20090.2,21961.2,18934.8,19307.4,18199.4,17415,20108.7,19736.9,17711.3,17635.5,20166.7,18085.6,20097.5,19939.6,16616.1,16378.4,22076.5,19271.2,16610.4,18308.5,19626,16573.7,20196.4,20117.4,19594.3,19473.5,21552.3,17022.3,20034.5,15908.6,21850.2,17933.1,16081.8,18186,20067.7,15847.3,19910.2,19626.7,22087.3,17545.4,20746.2,20084.6,21764.9,15331.1,17088.6,20533.2,16310.9,20309.8,21499.6,21846.7,20757.3,18847.7,20352.9,18234.3,20458.1,17908.5,18540.9,19572.7,20271.8,20199.8,14764.5,18846.1,18474.8,19949.6,17115,16265.4,20725.2,17768.6,17940.7,20059.2,17859.1,18518.1,16117.4,19496.2,17767.8,15425.5,16204.7,20773.9,19805.4,16406.6,21183.5,18504.8,16755.2,19487.4,20422.1,21837.6,19020.9,17613.3,19552.9,21813.7,17735.8,18829.4,18631.5,20256.9,16963.5,19103.3,19234.3,17155.7,21963.8,21119.4,16190.3,20935.1,21847.1,15896,18574.9,16050.8,21116.3,19119.4,16702.5,17849.4,16567.8,21464.5,20437.2,18754.8,20410.4,20368.4,21261.2,19910.5,16864.3,19085.6,13991,16613.3,19954.2,21538.1,19247.3,20182.4,16368.2,16911.2,18024.3,16877.2,16672.2,16232.6,20072.1,16497.4,16700.3,17617.3,19527,18443.4,17465.4,21988.1,17510.2,20060.6,19851.9,18375.4,21220.4,17248.2,18564,16940.1,16931.8,21013.8,16723.1,16152.9,15878.9,20450.1,21511.4,18014,19484.3,21421.5,19252.6,16918.6,16633.1,21808.8,20954.6,17521.1,16258,19821.1,16870.8,21817.6,16465.5,21346.5,22485.5,22402.4,21810.5,18492.6,19850.4,20640.1,20471.2,22317.3,19271.9,22893.7,20606.6,21897.5,18401.1,16685.8,21787.7,17815.6,21044.7,20415.4,20938.9,16807.6,16118.9,19386.8,17737.4,19938.6,16479.6,17751.6,18383.8,17479.4,19890.8,16733.9,18962.3,17285.2,21853.6,17201.1,16204.9,22482.7,19469.9,17090.8,19439.1,19305.2,17130.8,16354.6,19923.6,17902.6,17842.6,19273.6,17978,20410,19904.4,19755.2,15594.8,15914.8,20920.6,21965.3,17387.6,19312.4,15288.4,21271.6,15649.2,20061.7,16023.9,17799,15678.1,21871.7,20375.6,18119,22021.9,17813.5,18195.1,17094.9,18162.9,18157.7,21777.5,16553.5,15338.9,15647.9,20568.3,20340,16229,15835.1,17590.4,15673.4,21661,16366,21780.7,18005.9,19583.9,21837.8,21371.2,20776.6,16680.5,19282.2,21028,17214.6,17142.1,22471.3,20004.8,20571.1,21285.5,17471.2,17315.1,22240.2,21738.5,22054.8,19341.8,16665.7,21743.4,19899.3,17328.5,18975.7,23091.1,23303.3,21010.7,21293.6,20691.4,22657.6,22450.3,20727.1,17714.4,23737.3,23113.2,21015.9,21332.9,20887.7,24687.2,23420.6,20715.4,21917.9,23753.1,20918.9,19160.5,20117.9,23668.2,18561.8,20728.5,19731.2,19567.8,22957.7,22535.3,20587.3,25030.9,22711.3,19948.8,19446.9,19918.7,20041.8,21003.5,18891.6,21549.9,22368.3,21787.2,21699.1,21770.3,20553.3,21357,20606,19055.8,18702.7,23616.9,19772.2,18042.6,18915.7,17383.4,18559.3,20659.4,18772.2,22954.2,19686.6,20616.9,22336.1,19739.3,24471,18488.5,22484.9,19485.7,23148.3,24958.5,27324.9,25111.5,35300.4
31828.2,30302.5,26138.9,24185,20470.6,22357.3,22205.7,20978.4,19133.9,20202.6,20752.9,16751,19383.3,16398.2,18530.5,20415.4,20381.5,18985.8,16296.9,17102.8,17106.9,21030.1,17207.2,19007.7,20650.1,17946.7,15625.7,16343,19845.2,20901.3,20817.4,18229.1,17894.2,19511.7,16727.3,22047.9,22128,19111.2,22233.7,17241.9,17176.5,17334.8,20646.5,16303.2,20279.3,22318.3,16590.6,16488.7,17052,21797.5,19856.8,22286.8,22314.7,19841.3,22252.6,20932.7,18957.5,20050.4,20127.8,18745.1,16974.6,16694,17655.5,16068.3,18810.6,18488.8,19012.1,19920.7,20171.8,18354,16306,17093.8,16206.2,20649.7,20219.9,16721.9,20822.8,21499.3,15704.4,16958.5,21776.7,15942.3,20857.8,17935.3,15546,19465.1,21388.7,21353,16315,20655,20642.3,18318.2,21046.9,21291.5,21071.2,19134.2,18597.7,17760.2,16803.8,18098.6,20850.9,14958.1,20636.7,14667.6,15365.9,15750,14461.9,20508.1,17692.4,20068.2,21083.5,16548.5,19174.2,15516.2,17126.9,17107.8,21674.9,15608.6,21344.5,18605.8,21721.7,18479.7,20086.1,19261.1,21265.5,21989.1,20462.3,16230.1,17643.5,22650.3,19359.1,18584.1,20830,21407.8,20958.2,20839.8,19773.5,19397.6,17408.6,15270.4,20236.3,17374.5,15462.5,21061.7,18630.2,19376,15633.7,16914.2,21352.9,20337.3,19175.4,15998.4,21057.9,18452.1,16410.9,17738.6,15627.5,17782.3,16836.1,19955.9,21916.3,18345.7,20051.9,19417.8,19120.2,16392.6,19908.8,18657.4,21478,21616,17384.7,22461.3,20042.4,19183.6,18175.7,20010.9,18883.2,21151.3,17271.9,21110.1,22114.5,17836.4,17794.9,21302.2,16791.1,16721.2,21895.3,16574.2,16355.3,19050.4,19035.2,18348.1,17814.8,17846.7,18631.1,20915.5,17671.5,18149.7,17737.8,20480.4,21866.2,20037.3,17615.8,16371.1,21992,17209.1,21089.1,17518.4,20390.8,16791.6,18763.6,21676.2,18129.9,19682.1,20913.8,21908.1,22273.4,20128.4,19927.6,19497.8,20533.3,18470.8,22594.6,18542.8,16938.8,21478,19435.9,21424.1,17162.4,20504.6,21750.9,19524.3,18310.7,19370.5,22327.3,18083.1,21474.4,19069.9,18444.7,17705.4,18802.5,21375,21947.6,17515.5,20420.3,19668.2,19726.2,17374.7,19145.6,21653.2,17355.3,20915.9,16940.5,21070.3,18495,20441.3,20313.2,16176.3,15908.8,16926.6,20064.2,19705,16340.7,20846.1,18212.6,15896.7,19389.5,16700.4,17816.5,22403.1,16524.6,16847.8,15719.5,22268.8,20740.9,21800.6,16629.4,16505.9,18270.4,15961.8,21527,17784.4,16401,17839.3,18406.3,19915.5,18603.6,17302.4,16025.5,17648.3,16519.3,18412.1,16492.2,18855.6,19206.3,16785.8,19976.7,22447.5,18567.7,22865.2,21829.9,19045,21459.1,20674.3,21153.8,17427.6,20032.4,21288.5,18812.3,17103.2,17642.7,21965.1,18089.3,20342,22140.6,17788.1,20966.6,17768.3,18164.1,22581.5,19038.1,21237.2,23692.4,23202.7,22064.4,20838.4,23178.1,18374.8,20170.3,22444.6,21020,23613.8,24726.1,18450.2,24441.2,19880.3,18664.3,18583.7,20731.7,21703.2,23870.1,19885.9,22570.5,22191.8,23055.3,20577.5,18507.7,23720.5,19258.2,19444.6,23232.5,19407.7,24021.1,21313.6,23256.7,24129.6,21593.2,22564,19358.2,18640.9,22230.4,19895,20222.4,17949.2,23308.2,19083.3,21282.9,22797.4,18382.7,23042.9,21907.3,19418,19401.5,23847.2,23592,23639.7,24333.8,19775,22455.3,25043.9,22455.4,25071.4,27365.4,30487.3
30909,25961.3,25826.6,26277.1,20415.8,21416.1,21897.7,20995.1,17000.3,21804.5,19915.2,18859.6,16273.5,21698.6,17750.7,19920.8,19184.1,17833.2,19574.5,21661.8,22015.7,20291.2,19994.4,16641.8,18746,17794.5,16504.9,20075,21246.8,16083,17446.2,19909.3,21031.2,19531.3,22512.7,19435,20384.4,19836.8,22303.1,19471.6,19987,19123.9,17606.9,19808.3,17350.1,18562.1,17393.8,20273.3,18703.3,16491.1,18234.5,22360.4,16944.7,17864.6,22012.2,20085.9,20900.7,16733.8,19650.7,17567.1,16464.8,20454,21089.1,19123.5,17280.7,17441.5,20978.5,18754.9,19466.9,17665.2,17181.6,15953.5,18009.4,21914.6,17007.4,17713.5,18676.3,17719,16125.2,21225.6,18528,16938,17534.7,16334.5,15800.1,17398.9,18240.4,18253.2,20203,15826.2,21011.6,14888.3,19496.7,15106.9,14653.2,18680.3,14894.6,19801.1,21197.3,19803.4,16202.9,17556.5,16071.1,15113.3,15436.9,20153,18294.9,19773.4,15929.5,18951.2,16300.9,16865.2,20388.3,20616.6,18416.8,19196.3,20121,17709.3,19275.1,21874,19835.2,20651.4,18283.4,17187.4,22453.1,21271.2,19132.8,16148.7,16489.4,22267.8,17778.4,17789,17713.2,19811.7,19529.1,18190.2,21172.7,20792.5,18789.1,15966.6,15195.1,18183.9,15888.8,18598,20749.1,17071,20284.2,21071,20158.4,20585.1,18767.6,16990.8,18329.6,19210.7,18570.8,20494.8,17135.5,15542.8,20590.8,16991.1,18431.1,19172.5,16010.3,18337.2,17949,21397.9,21963,18785.4,22252.1,18986,16842.6,17922.7,17246.5,19693.9,17760,20470,20161.5,21016.5,18046.6,18045.5,21827.8,20395.8,22570.5,16927.2,16176.5,18607.2,16311.7,18171.3,19282.9,17140.5,20998.8,21955.7,18231.6,17029,16836.2,21950.1,18981.7,18009.7,17704.9,22183.5,18920.7,18169.7,21609.6,16429.4,22740.3,21199.1,18191.1,21249.3,19884.2,16980.3,20285.5,19034.3,21695,20208,22064.8,17609.4,16956.2,19915.5,16384.6,18684.2,20078.8,22036.3,16216.3,22145.2,16616.3,16921.6,19979.3,17573.2,19965.6,16862.4,21037.8,21185.9,20145.4,17630.1,21061,19017.2,18791.2,16762.3,18433,21671.9,19252.6,22089.9,19392.5,22179.8,18702.5,17154.8,21380.8,18117,17396.1,18345.6,17740,20740.3,16056.7,18367.5,16780.3,19545.4,21551.5,15713.1,18239.1,16134.6,18056.3,21083.5,16267,15484.3,16836.1,19115.5,17016.7,22079.2,18214.1,16808.6,16797.7,17457.8,21383.6,18890.2,19128.7,21361.3,17610.6,15888.3,19863.7,18482.6,17455.4,16381.1,21892.2,21592,17808.2,15956.2,16410.8,20151.4,19340.1,17647.7,15599.6,18823.3,18571.4,21569.1,16297.1,22231.5,18163.7,22430.3,20160.9,18168.9,21464.8,21950.3,21784.3,20962.4,18864.2,18304.5,16692.5,19789.7,17494.9,20180.6,19494.6,18357.1,18157.3,17335.6,21954.8,19372.1,21943.3,23896.4,17462.7,23790.4,21551.2,23200.7,20379.2,22267.3,23914.8,18428.4,22860.3,19642.4,21097.4,22902.5,21622.3,21441.3,22582.3,19971.6,24000.2,19433.4,19317.1,20369,19800.3,20393.1,22635.8,20193.5,23628.7,22528.1,23495.6,19482.2,19583.5,19501.6,19999.3,23344.3,22366.1,22219.9,18286.6,21124.7,21002.1,19926.9,23445.9,22981.3,21104.1,19282.4,23728.8,20361.4,20814.2,20937,20916.6,21889.6,23114.1,23108.9,23818.6,18123.4,20394.8,20643.9,21484.9,22710.4,20733.8,20286.5,19549.7,21249.3,24021,23399.3,23345.9,26285.8,27001.7,30550.2
31943.3,28777,26414.3,25835.2,24129.4,23899.8,19622.3,18380.4,19564.9,16284.9,20650.8,18352.5,16560.4,16178.6,17967.3,22090.2,22014.1,17606.7,18346.2,21255.5,20365.5,18918.7,18213.1,19366.4,20937.5,19170.7,15897.1,19912.2,20698.1,19373.5,21770.2,22494.7,22303.7,16428.1,20945.6,18911.8,17850,19015.1,18273.6,21712.3,18692.2,19596,17838.4,18720.9,20640.2,22680.7,17877.9,21375.9,18386.2,21973.3,21165,18389.5,16112.7,22005.3,21500.6,22468.8,17123.7,20772,16088.5,19155,19873.3,17561.6,18593.2,15811.5,17504.2,18155.7,18311.7,17291.6,15835.1,18278,21082.3,20831.3,19839.8,20607.6,19147.2,18404.1,16456.8,18604.4,16287.6,20932,19474.1,16713.3,20484.7,21589.1,16333.6,18268.4,21371.1,21798.6,17617.6,16736.8,15962.8,19298.4,18682.3,18277.1,18253.4,21186.3,17912.2,20547.2,20279.8,19197,20690.2,17189.1,18272.4,16933.7,14509.7,16740.5,17230.5,16333.4,21035.3,17587.5,17212.6,20367.4,17814.8,17855.7,17067.5,20788.4,16483.7,15537,15823.6,15377.8,17807.1,17122.9,20405.3,17743,16145.4,20411.1,18020.7,21787.7,18739.8,20275.8,17629.5,22527.1,19909,18675.6,17563.3,22163.8,19503.6,15345.8,19536.8,20845.9,19289.9,20987.8,16412,18681.6,15848.9,16900.3,18803.6,20601.4,20500,18054.8,16281.3,19570.3,16788.4,18150.3,19210.8,21088.5,16309.8,17721.5,17794,18150.1,17150.5,19051.9,20820.2,18857.6,16810.3,18623.5,20567.3,16862,21964.6,22651.5,17582.4,18666,20359.7,17123.7,18440.5,20814.5,20685.6,20950.5,16860.7,18217.8,17347.1,19574,22345.8,19629,16306.3,19141.6,19289.2,16698.7,20507.7,20236.8,17281.3,19729.2,15950.3,21004.7,17096.8,17861.7,20418.8,18226.8,22274,20271.6,21892,22220.8,18660.9,17848.2,21592.8,18187.8,21830.9,20322.1,17842.4,18996.4,22338.4,22594.6,23375.5,17572.5,21318.3,20745.5,19012.9,22508.2,20047.9,20837.2,18556.2,16853,19892.5,17745.8,21675.5,18900.6,21834.2,22669.2,21561.7,16644.9,19411.3,17621.5,16177.2,17809.4,20801.3,18298.5,22324.7,19619.8,16344.2,20615.2,20107.6,21905.9,20978.9,18464,18033.8,15949.2,15976.5,18323.8,21781.7,21685.7,19822.5,15977.8,20924,16827.4,21402.4,15837.5,18807.8,21498.9,16921.8,20721.8,19710.7,18878.2,15567.5,21114.2,16005.1,17188.7,20067.9,22404.1,20743.9,16130.7,18729.3,18434.1,20829.3,15896.6,18792.9,21547.2,16210.6,20280.6,15933.8,19393.8,19250.8,21588.5,17297.2,17618.8,16686.3,21876.3,20417.6,17812.3,20699.5,18161,18971.6,17256,17908.2,19094.7,17562.5,18461.7,19841.8,19225,20523.1,19470.2,21742.1,22361.2,20166.8,16478.5,18833.5,17079.4,22570.1,20672.7,16465.2,21257.4,16776.7,22586.7,22371.9,20817.2,22735.4,19501.8,19111.1,22892.5,22398.4,19865.9,19372.9,20589.3,23984,20060.9,22731.5,19080.4,21084.9,18928.2,19531.3,22923.9,19588.4,23544.4,21277.7,18494.8,22979.7,22220.2,20309,21990.1,23979.9,23521.8,22331.6,20577.6,19757.2,21501.2,19187.7,21467.9,21712.6,18990.4,24596.8,23324.8,21931.5,18291.2,19130.4,24073.5,19331.4,19049.3,24339.4,19455,18244.7,22031.9,23704.3,22634.4,18697.8,19792.6,19729,21951.5,17921.9,23545.3,19750.7,18528.4,20029.5,22549.2,23677.3,18296,18206.6,21168.5,20657.6,21973.7,23200.8,23007.7,20417.7,25265.1,28851,36112.8
30869.7,27613.5,24656.8,24282.9,21243.3,23694.9,23444.3,20769,21481.1,16853.8,21935.9,20177.7,16334.2,20580.3,19469.7,21356,17145.9,21631.5,18311.6,18583.1,21082.9,16367.3,18933.1,18778.8,22134.4,20570.7,21123.2,21252.3,18875.8,16616.3,19038.9,18745.5,22001.3,16835.3,19609.4,18661.6,20949,19164.8,17357.3,19045.1,16544,21461,22151.5,21486.9,18715,19330.5,20158.6,17377.2,16408.4,18241.3,20724,21222.5,18024,21881.3,21618.2,19653.3,16499.2,16340,17145,16287.9,19346.5,19563.3,18950.2,18012.5,18930.2,19498.8,16503.7,20515,16318,19031,19831.5,21650.7,21164.6,16510.1,21084.5,16594.4,21781.2,21067.1,21263.8,18307,16580.2,15354.5,21798,20636.1,15903.2,18112.7,20067.2,17503,21137.3,19703.4,16798.4,15039.4,17599.8,17171.9,18086.3,17641.8,20198.9,15571.9,20142.8,17616.8,15465,18548.7,20215.1,15402.9,14688.9,19690,15874.8,14552,19603.4,19610.5,14828.1,17334.6,18891.1,19030.4,19508.5,20886.9,17302.4,16604.7,19444.5,20391.7,16227.7,18131.8,21805.7,20979.7,21475.6,16493.7,16313.9,16468,18993.7,18518.4,17779,18267.1,19725.7,21889.2,22150.4,17597,17172.1,17370.2,20310.4,18862.6,21517.3,15403.8,17157.2,16087.8,19486.8,21362.3,17769.4,18864.6,21159.5,17015.8,18620.1,15742.7,15274.8,18145.4,15696.1,17654.6,21167.6,17932.3,19318.5,21154,17815.1,21893.4,20333.9,21903.6,16989.8,19485.3,17221.1,18749.9,19167.9,20646.5,23117,19136.9,21019.2,21805.3,20347.1,19300.8,20790.8,17847.6,17539,19402.8,18108.1,16992.8,22457.3,19382.8,20447.8,17943.8,20825.5,21922.2,16421.1,21878.5,22203.4,21150.4,19627.9,17452.4,20653.1,16768.6,22671,16454.3,21064.4,19095.5,20711,19495.9,17328,16886.4,20946.8,17401.8,21821.2,19304.2,21827.6,19808.3,19919.5,18481.1,20050.9,21288.1,17298.6,22699.6,18146.8,20266.7,20732.6,20379,19444.5,18178.9,21381.9,18427.5,17723.9,20521.8,19276.3,16424.3,17058.6,21438.4,17742.9,16400.3,19772.5,18421,22832.7,22253.3,17201.4,16899.2,19000.2,18606.5,18987,19592.6,16433,17823.3,20284,16156.8,20666.7,20957,18355.8,16775.2,21696.5,15947.3,19730.3,18598.9,20340.6,15698.1,16445.1,19773.6,18460.9,18121.9,19539.7,18979,18214.6,15886.2,21194.3,15819.1,21661.9,21700.6,17170.8,16992.8,17751.8,17045.4,19821.8,18955,19025,16253.7,18088.7,17739.7,17220.1,20386.4,20449.9,17485.9,16822,17852,17730.7,18378.8,18738.3,21332.3,20432.2,20938.8,20668.6,21541.7,17699.3,19246.5,16483.1,19251,18182.7,18565.8,19242.5,16775.1,20815.9,20678.3,19670.7,20743.7,19845.1,19459.9,20501.8,17982.3,21997.9,22413.5,18647.4,22703.7,17015,22863.9,22594.2,21216.5,23371.5,17324.6,18309.9,18488.7,21016.6,18311.9,23695.1,22740.6,18265,24087.6,24430.5,23509.5,20833.9,22587,21213.4,22925.6,22870.6,24201.5,20688.3,21565.5,22460.9,24810,20601.3,20979.8,24162.5,20085.8,19484.4,22982.4,19924.3,22291.8,20387.8,22505.1,18476.6,23907.9,21605,19879.1,23929,20576.2,18474.5,21643.4,21057.3,20408.9,17572.3,19842.5,20536,20886.2,20166.3,18288,17938.3,18302.7,18344.9,22539.5,18882.8,24782.5,19135.7,18653.8,19305.2,20575.6,22044.6,21083.6,20245.2,19718.5,21378.1,23886.2,21613,25486.4,28898.4,30816.4
32973.3,27549.1,23298.4,24502.7,20400,20484.3,19765.7,20780.2,21972.7,16388.1,18018.3,18137.8,21852.8,17138.6,20551.8,20736.1,18134.3,21327.9,22553,20736.4,21813.2,20564.9,17970.7,17239.1,17204.6,16619.8,19824.7,18283,16199.3,20174.5,18987.6,16983.5,18609.7,21499.9,20877.5,19956.1,22249.3,20429.4,19594.7,19884.8,22025.6,18614.9,19003.7,18133.9,21757.5,16403.6,18420.7,20202,19966.7,21427.5,16658,19375.5,21579.8,17390,22332.3,16550.3,18223.6,19779.2,16754.4,20092.3,18309.8,20118.8,20175,17402.6,18870.1,19245.6,17529.4,21274.4,16550.1,18112,16366.2,16094.7,19311.5,20968.3,18050.5,21551.9,16821.9,16582.9,15839.8,17399.5,18747.8,16018.4,15511.9,20586.1,15800.5,18177.2,16591.7,19076.9,17219.5,20584.3,19177.5,14874.2,19186.9,16902,17612.6,18348.5,15608.3,18728.7,20873.7,15330.4,16644.3,15580.7,18520.1,20573.2,14807.5,17679.6,16603.4,15514.2,20979.9,21239.7,21148.8,17163.3,15741,17819.2,17906.2,19512.4,19495.3,21731.5,15523.2,17743.6,15619.2,17306.8,15582.3,16966.3,20274.1,18988.9,19466.6,16536.6,19453,22555.8,16580,17744.9,22552.5,20380.7,16810.6,17110.2,15715.2,19777.4,20925.9,19625.4,20146.9,19254,17269.4,18148.3,19662,16975.9,20026.1,18537.6,19168,21112.3,16971.9,20897.9,19120,17787.3,14317.3,17757.3,19160.2,16433.7,20289.4,16260.7,20180.1,21288.5,17047.7,22152.5,19905.3,6062.1,18917.8,18543.7,21058.6,22025.9,16950.7,17641.3,17319.2,18419,20915.2,22779.4,17229.1,16858.6,19016.3,19196.7,19452.3,18450.8,21230.4,21246,20444.2,20056.7,20077,21758.9,19221.1,17937.6,21736.8,20322.5,19835.9,16954.5,21125.2,16996.1,18542.4,5540.57,20077.9,16368.3,22025.1,22863.4,16369.2,21672.8,19920,17298.4,21970.8,18285.2,22221.8,17359.6,16804.2,18319.3,23257.9,20012,21343.9,19437.2,18515.5,18328.1,19915.4,18688.7,19989.3,16566.2,18946.5,19204.2,17933.6,18474.6,22554.8,19240,16537.9,20501.8,18309.1,17087,22093.6,21690.3,18323.8,22254.6,16505.5,22531.9,19039.6,20316.9,21776.3,20502.1,19936.1,16602.8,15970.8,16965.1,18001.9,21392.9,17669.7,16396,15958.4,19353.9,17996,17538.7,21260.2,21561.2,17612.3,16840.4,20340.7,17673.7,21214.1,18366.7,16132.1,21550.4,16245.9,16276.7,16389.2,16342.6,17313.2,19555.5,19935.6,17300,17690.6,20224.1,18151,17022.6,16255.5,17334.8,20202.9,19700.5,19652.3,20713,19743.8,20116.7,16484.9,18267.2,20234.5,19547.3,17355.4,20051.9,20957.9,16621.4,18312.2,16674.7,15840.1,20909.1,18650.9,16152,18638.7,18132.9,22578.5,22810.3,19016.2,16829.3,16061.1,16966.3,21155.4,16080.6,18910.2,20938.2,21344.5,20349.4,21743.4,17742.9,21297.3,20345.8,23627.5,23620.7,20269.3,20092,21266.9,24108.2,19373.5,22157.7,24050.7,22603.3,18481.3,18328.4,23104.6,24328.1,21139.1,22755.3,23303.5,18600.3,19893.1,19567.8,20979.8,21978.5,19500.7,24725.9,20142.8,20495.4,20439.3,23464.9,20974.3,22673,21160.1,23085.1,24123,20687.6,20969,24279.5,20864.6,21634.8,20480.4,24010.6,22495.6,18337.8,19890.4,20590,23275.1,23612.7,20566.7,22929.3,19551.6,18814,19058.9,20913.2,24459.1,21225.6,19521.1,18073.5,21708.1,19146.1,22084,23567.7,22711.5,18310.9,21158.5,23966.1,19954.4,25670.1,29428.4,32874.4
35249,26263.9,23659.5,23198.5,24497.5,20836.9,19361.2,21531.6,19331.2,17006,22298.7,20018.3,19582,17554.3,20481.3,19592.9,17833.5,15979.6,17007.4,17210.7,15825.9,16334.8,17725.6,21988.2,19290.3,17161.5,16847.1,21186,17408.5,18132.7,21908.8,19295.8,20912.8,21425.8,19686.4,18679.1,19319.3,18680.5,17295.2,16567.3,16604.9,19244.7,21656.9,20179,19453.8,16707.8,21016,19413.5,21949.1,18301,21412.2,18306.8,17224.1,17682.3,17986,22124.6,20656.2,16396.6,18780.5,17899.8,20609.7,17941.6,20816.6,20935.1,17789,17753,19133.2,20171.9,21583.1,21847.3,17207.7,19716.4,16218.5,16967.3,20467,19609.2,20618.6,15543.4,15899.8,20150.3,15170.9,18998.7,20910.3,21856.2,18586.2,19834.6,21437.5,20255.8,17112.6,16098.2,15266.6,18842.4,19531.3,19732,17434.9,14736.7,18239.6,20147.4,17368.5,19095.7,19027.2,15749.6,17238.4,14465.1,20552.9,16946.6,19063.1,19588,20609.5,20618.6,14985,19750.5,16475.7,16793.5,21202.3,18738.1,16937.6,19467.7,16606,20285.7,16140.4,20974.1,16388.1,17401.9,17493.2,17377.1,17268.2,16653.5,15650.3,20479.3,16842.2,16517.5,20674,22147.3,16785.4,19520.8,20572.6,17922.5,19317.4,18994.1,16455.7,15461.3,19001.5,17245,17215.7,17141.5,15562.8,21412.3,19169.2,19894.6,16901.5,17715.3,18884.6,16794.9,18156.3,20165.4,20697.2,20279.9,21631.9,19803.5,16001.3,18181.4,16174.7,20757.9,22435.5,19678.7,22508.2,20488.8,18338.9,19702.8,17430.9,17225.3,20544.1,21528.4,17552.4,17935,16784.9,19742.8,21558,17037.3,20810,19216.9,20710,22021.5,20343,17941.6,16955.1,16136.9,19483.7,16366.6,20445.8,21357.9,20147.7,16933.1,16986.1,21216.2,20777.5,22503.8,16614.7,19661.5,19541.9,20265.8,19840.7,22720.4,18507.2,19051.5,17613.9,16653.4,22612.8,21758.7,18679.5,18780.3,20048.3,22126.3,19048.4,23074.1,19916.7,22639.1,21597.2,17781.5,17901.5,17883.8,21081.8,22287.4,19967.8,19739,16970.1,17908.4,21911.2,22381.5,16912.2,16926.1,18000.7,21550.2,18541.3,20163.5,18252.5,16789.9,17559,20948.3,21885.1,19790.6,19788.7,17804.5,20432.1,19477.2,19451.6,21242.5,16067.1,16657.4,18684.7,17397.4,16203.3,21869,20188.9,16950.6,21566.8,16721.2,21367.1,15855.4,19338.3,18024.2,15302.6,16644.5,19323.2,15537.5,17064.2,21536.7,19794.2,15847.9,16672.6,18542,21715.1,21910.6,16797.4,18401.5,16501.8,20745.9,17163.3,20722.2,18641.4,15999.8,20245.5,17794.4,18958.2,18644.1,17803.6,16443.1,19575.4,21693.5,19599.9,22176.7,15640.9,18212.2,16587.9,18159.3,20629.5,20301.7,20679.3,18689.3,17279.2,22645.5,21847.9,22082.7,21592.7,22191.3,16614.7,20600.8,17072.8,19506,22252.3,17834.8,18368.7,20095.8,21449.8,18877.3,22290.1,18366.1,21265.6,22871.4,23307.2,20795.9,19918.5,22896.7,20377.5,23512,23993.8,23182.1,24432.2,19526.6,20132.3,23578.5,19941.2,18385.9,22973.5,19252.4,19659,21535.8,23866.4,22821.7,19498.8,24628.9,25049.8,22910,19966.3,23423.2,21415.4,22378.9,19732.5,18639.1,19817.1,20880.3,20733.9,22179.3,24267.7,23830.6,21822.2,20386.6,19585.9,18804.4,22103,23417.7,22736.1,19585.1,23187.4,21649.4,21502.4,20288.3,19722.7,23444.6,24691.6,19015,21191.2,24400,18405.8,23065.6,20618.3,20760.8,19311.8,19712.4,20468,22318.2,27792.8,35126
32899.9,27954.7,28539.8,23956.5,19898.9,22137.9,19423.7,21138.7,20116.8,20902.9,17741.8,20484.6,20857.1,16697.9,21797.5,20897.6,19181.9,22504.1,22240.8,16663,18916.8,16962.8,19716,21524,15956.5,15878.9,19226,16241.2,19557.8,16454.7,17119.4,15895.9,22179.5,22351.6,20825.7,17086.9,17573.6,20117.9,18073.3,17762.2,19607.1,22115.7,22293.7,20366.2,18729.4,17546.7,21946.5,21769.6,20467.1,21299.2,22019.6,17240.5,19656.3,18370.6,21365.3,21523.1,19933.7,16943.3,16680.6,17908.3,18397.2,22274.8,17092.6,19490.1,21746.7,20344.6,20028.8,16451.2,17942.4,16247.3,17723.2,18908.6,18944.7,19831.4,16550.1,18879.9,15519.6,20867.5,20745.8,15875.8,18592.1,18426.7,16278.1,21098.3,19316.2,16939,18805.5,15453.7,17025.2,19789.8,16339.4,19237.4,19799.8,16273.1,15164.3,17010.6,16419.8,15242.1,21169.4,17787,16058.4,19338.8,20216.1,16846.5,14756.4,17806.5,15825.8,15787.4,16469.7,18480,16587.4,19833.4,20154.7,15717,17074.6,15574.2,21652.8,18799.3,19058,21667.3,20025.1,18475.9,17517.4,21851.8,18923.2,21553.6,19540.3,16112.6,18410.6,17836.6,22078.3,19304.8,20303.4,21823.2,16442.9,18922.4,17466.2,17174.9,21396.1,17373,19405.4,19230.6,19602.8,19324.2,17082.9,17591.8,18622.4,20092.1,20596.2,17521.4,20739.4,20787.9,15252.6,17967.2,16593.2,18457.4,17898.7,15565,20870.7,16837.1,20720.6,19573.6,18583.5,20745.7,20706.7,22383.1,22340.4,19019,19711.4,22300,18316.2,20231.1,23225.4,18114.1,23221.2,22502.8,19224,21634.9,19049.3,22654.2,18243.6,18897.6,22514.9,21813.2,21700.4,20724.3,19862.9,19764.8,19998.8,17810.1,18401.9,16768,20589.3,18850.8,17676.5,20837.4,22603.9,21687.1,22149.1,21129.2,22441.2,22297.9,21208.6,19153.6,19831,18743.2,18957.7,21139.8,20174.8,22597.4,17383.6,20498.2,20707.6,20804.8,21213,18063.3,17349.8,17519.7,21231.2,16898.8,17305.5,20507.7,19656.8,18982.4,16989.4,18642.3,22352,21487.6,20726.6,20500.7,19614.6,17727.2,19418.9,17622.1,20469.5,17156.9,21075,18306.4,17610.2,21442.3,16848.6,17178.6,16539.3,21127.4,19334.7,15850.6,18327.8,18935.4,18667,17880.9,19409.9,17579.5,18028.1,18484,21205.6,16326.2,21293.1,19837.8,17591.5,16884.1,16410.7,20350.1,15335.1,17313.4,21556.7,19093.6,18425.6,20749.4,20523.7,19797.1,21375.3,19305.3,22164.7,19046,19093.8,15839.9,16730.4,16467.9,15813.3,18094.2,17034.3,20339.6,21089.5,15548.6,16677.6,18802.1,21578.3,18420.7,17692.9,22002.2,20612.7,21040.8,18141.5,19291.9,22036.8,17183.4,19062.2,19637.7,22576.3,22225.9,21238.8,17945.4,16494.9,22368.8,20523.7,21712.2,19580,16582.8,16387.1,22684.4,22401.2,16980.6,21355.7,19116.7,22210.1,21409.4,17280.2,22834.9,18552.7,18020,18531.6,23498,23754.8,21814.9,19125.5,20878.2,21265.6,18599.7,20910.1,23309.5,20474.1,23845.2,24675.2,23193,23110,23594.8,24502.3,21034.2,24010.2,20179.1,21194.2,22761,24505,19816.2,22486.2,18922.4,24940.4,22965.7,18440.7,22495.4,24031.2,21778,22142.9,24331.1,18005.6,18313.2,22073,24199.4,18393.7,22213.5,18955.9,18125,19661.4,19518,20032,20827.2,22045.7,18115.5,18183.9,19410.8,18527.5,21611.9,23439.6,22511.3,18222,19590.9,22467.4,21403.7,19982.4,21898.8,25254.4,25353.9,27989.7,34568.7
36327.9,26068.1,24516,21015.7,20418.9,21301.9,19584.5,21443.1,16750.6,16517.5,19978.5,17516.8,17708.3,22167.9,21867.7,18194.7,20768.2,21534.6,18133.9,16859,20446.8,21381.8,18551.6,20164.1,18859.6,16664.1,19963.5,20821.3,20129.6,21118.1,18485,18303.7,22323.8,19013.1,20946.2,16718.2,21000.4,18158.4,17281.9,18067.2,19689.7,16019,19468.6,21012.2,17854.5,19861.9,20883.9,19549,20081.3,17021.8,16545.5,20608,17743.2,19407.7,22018.3,20228.4,18882.7,20735,20184,18802.6,21805.6,17116.6,20055.2,18938.3,21866,18434.4,21664.1,20602.7,18103,21349.6,17480.1,17174.6,16140.8,21169.3,16063.8,17699.5,17568.9,16310.4,20744.6,17020.8,17068.7,21287.1,15417.1,17725.2,18037.9,21574.2,17653,20828.9,16642.9,20274.8,17357.2,19386.7,19123.8,19810.8,16264.9,15372,19007.8,21193.9,18206.8,15765.2,16981.9,20723.8,20363.9,20521.8,19577.1,17798.6,16510.4,19093.7,21219.7,20984.1,16994.7,16449.9,20638.1,19330.3,16003.9,16082.1,17952.3,21191.7,16672.9,19839.3,20730.1,19785,17419,15914.5,20932.6,21764.3,19168.5,20697.7,17877.4,21275.3,22982,20970.3,18971.8,17889.2,20800.8,20266,16979.9,17816.7,20465.9,18353.7,18671.8,21093.1,17901.5,17523.6,18150.8,20180.8,19060.3,20959.6,18050.7,16308.5,19774.4,16724.3,18443.4,18681.9,19217.3,20091.7,20725.1,19336.9,20014.9,17669.5,21952.7,19698,16829.6,16823.6,20024.9,20243.8,17130.7,20172.6,17475.6,19005.2,17093.2,20473.8,18281.9,21555.5,20377.6,20797.3,22495.9,18800.8,19150.5,20371.4,22536.9,18963.1,18951.7,17975.4,16324.9,19149.8,17485.3,21390.4,20047.2,18498.5,20002.2,20771.2,19599.7,21426.9,16581.5,19523.2,21051.1,20851.8,17373.1,21676.7,20309.1,20111.2,16976.7,18002.1,21802.7,19213.5,18018.6,21304.1,16463.2,21239.2,22701.2,18048.6,18526.6,16773.3,21231.2,18130.4,16860.7,18615.7,17474.9,22076.4,16865.3,17498.4,21690.1,21628.3,19494.1,18170.1,20525.1,22670.1,18293.6,19572.8,18148.4,18450.9,22057.7,20008.6,16520.9,19602.4,17546.7,19464.5,20235.2,17530.6,21611,19842.6,19268.4,20620.8,18297.3,16498.7,19075.3,16097,19857.8,21620,17753.4,16226.4,19938.7,21467.1,21163.3,17483.3,21623.1,21452.2,17419.6,21534.3,18566.4,17615.5,18471.6,18552,20394,16696.3,21569,20743.4,16529,18761.3,18789.4,16431.8,17949.3,21125.5,19258.8,16330.7,17482.6,16454.8,18968,16032.3,21411.1,19985.8,19350.7,20823.2,17173.5,19841.2,19080.2,18057.5,15823.7,21520.6,16111.9,20579.7,19322.6,17846.7,22238,16514,20456.6,19924.7,18288.9,19387.6,17956.5,17412.4,19032.4,17444.5,16437.7,18288.9,19753.8,16136.3,20930.4,20146.9,18605.7,20538.5,20656.8,17028.9,23291.6,21958,22677.3,17969.9,18207.7,20203.6,20370,20254.8,21266.4,23736.8,19117.4,23842,18242.6,22003.6,24025,24166.2,18136.3,23831.3,20819.6,24506.7,18909,23797.6,18651.6,21670.6,18694.8,21831.2,22537.6,23939,18936.7,22457.5,20151.3,20177.3,19372.5,19433.1,22858,21844.8,20892.3,22153.6,22175.2,22354.2,24591.5,21633.5,20753.3,21828.1,22086.3,19122.8,19999.2,21779.2,20566,17394.1,18722.2,23583.4,20943,22858.5,22183,21914.8,23893.3,21735,18450.8,23895.8,22746.4,21121.8,23487.1,23599.4,21806,23764.3,21091.7,24044,26784.2,35905.2
32752.4,29065.6,27657.9,25848.4,21282.7,20372.4,18264.1,19298.5,17191.8,20713.1,17041.7,16955.2,16484.2,20747,20849,21987.5,16910.7,18471.7,20789.5,17754.9,18122.5,22127.7,18431.4,20861,21486.1,18301,17417.8,19139.7,21554.2,16605.9,21054.1,16546.8,21480.7,19266.2,17033.1,22306,17422.1,19942.6,20286.7,17091.9,16868.8,19263.1,19584.3,20591.8,22547.1,20866.5,20560.9,22576,16747.2,20732.7,19931.5,22180.7,17648.6,22537.8,22765.5,22117.7,19047.1,17712.1,20428.9,17126.8,19816.1,22250.3,17039.5,20256.7,16130.9,16955.9,17326.5,20670.1,18706.8,18901.2,19792.2,21112,20854.5,16126.4,16220.8,16093.4,15714.9,17715.8,19719.4,17771,18189.3,18208.3,21264.6,21542.4,17119.1,15453.2,19506.5,20178.9,19055.1,18446.6,19256,18577.9,15883.5,15280.7,15665.8,19155.4,17124.6,17790.1,17120.5,18868.9,20707.5,21042.6,16266.2,18316.5,19232.9,20087.1,20640.4,14668.5,16244.8,16026.5,18377.3,21026.4,18437.5,18617.1,16096.4,15024.5,17657.1,15920.7,15759.4,16689,19632.8,21977.7,20768.5,18256,22137.2,16230.8,16692.2,20351.4,18685.2,16901.4,16968.3,20710.7,17484.5,19564.5,18226.7,21413.8,21655.6,20971.6,18117.9,16299.6,16150.6,17865,19724.5,15604.3,17784.3,21370.6,19165,19598,20222,17280.3,20948.4,17736.9,21598.1,18311.5,19134.6,19983.2,21125.7,16963.6,15907.7,18384.8,19614.8,22039.3,22224.1,20415.6,18626,20402.2,19417.5,16397.3,20854.4,21432.5,22592.7,19127.7,22359.9,22735.4,17469.4,19551.7,19463.8,22294.8,16971.5,17515,21920.1,20035.6,20107.1,16464.4,16238.7,18684.3,17726.5,16436.9,16675.8,21609.8,20523.2,18272.7,16041.6,17603.8,22379.7,18045.7,18334.3,21117.4,19249.5,21311.8,17790.2,20143.3,16572.4,17238.5,20228.8,18174.4,21542.6,17705.5,20881,22083.9,20459.2,18781.9,20941.8,16962.4,19166.3,18871.2,21323.7,22025.4,17034.9,16792.5,21386.5,22337.9,17114.7,19060,20124.1,20172.7,21125.1,22123.1,22753.1,21884,18894.5,18937.3,20305.6,17906,16486.8,17737.4,22014.8,17832.3,17577.6,22239.2,19664.4,19197.8,19151.9,18025.3,17167.1,19875.1,15553,19076.4,15860.9,21150.9,16330,19531.2,16952.6,21492.1,15809,21837.8,16820,22076.2,19183.4,21768.9,18313.8,21260.8,15526.3,16763.6,18930.1,21238,19527.4,19207.8,21468.4,21499.9,16922.4,17027.7,20686.5,17718.8,20595.9,20362.1,18518.3,21757.8,17879.4,20213.2,17033.1,15811,16443.5,16241.7,19525,17264.5,18387.6,22017.4,21879.7,17469.8,15988.9,17939.7,18887,19924.3,19143.8,20486.3,19164.8,17770.6,19903.3,17260.3,17924.9,21190.2,22542.8,19729.6,20474.6,17402.7,17299.4,17391,16327,19975,18576.2,20203.4,17766,23032.5,19105.5,17212.8,20522.8,22274.9,21129.5,21408.1,24026.2,23969.5,22877.3,21802.8,22681.7,19541.3,23865.1,19418.7,22659.3,20609.3,19842.7,21277.2,24918.5,23744.6,21526.3,20223.3,24824.8,18411.8,20148.5,23779,20911.2,22374.5,23710.9,23950.6,21787.8,21474.4,22214,19716.4,23013.1,22786.2,23869.2,22669.1,22150,23901.1,19649.6,21506.3,19457.2,18483,23310.8,21335.4,18913.1,19129.6,22990,17629.8,20166.5,22660.8,19701.2,22969.7,23465.2,22713.8,19891.8,19456,22435,20938.7,18268.3,22786.5,18057.4,19624.2,22687.1,25028.9,23418.8,25607.4,28117.7,33798.3
34900.6,26701.3,22240.8,20496.8,20419.3,18991.5,21993.1,17256.3,18345.1,19516.8,21653.9,16447,16794.8,18270.5,18404.6,20926.8,16807.9,21817.4,18531.1,21228.9,19964.9,19458,18254.2,16717.1,16660.5,22197.9,19497.9,19365.3,16747.9,17622.4,19051.8,22218.6,20229.5,19435.9,18340.7,21888.6,20051.5,20139.1,17375.7,19530.3,18341.5,16745.3,18718.1,16947.1,19545.8,17921,21322.3,17602.3,22592.1,16567.3,17358,21386.3,20316.3,19014.3,21257.4,22098.8,18886.3,20908.3,19489,18514.1,18184,16295.1,18366.2,16267.5,17547.4,21333.6,18451.1,18539.5,15839.2,21224.5,17267.9,19750.6,17619.7,20169,19888.7,16875.6,21026.5,17585.2,16500.5,17605.9,16268.9,20017.7,16707.9,18573.8,18818.2,16099.5,18155.4,16617.3,15426.7,16290.4,16066.8,19439.2,16681.6,18062.9,20750.6,20242.8,17581.3,19037.5,15895,15276.8,17536.9,17644.3,18077.3,20309.6,18648.6,16400.1,21315.3,20780.7,16649.2,14709.1,15898.5,18028,20726.8,20410.7,19410.1,15483.3,15260,20367.7,16786.1,16089.8,20629.5,22082.8,16476.4,22071.1,16998.9,21338.2,21054.5,21759.1,17904.2,20624.8,22478.2,21305,21562.3,19620,18378.9,17222.3,18461.5,20066.6,18736.9,19486.7,16575.7,19996.7,19230.6,15364.4,16924.8,15476.3,15449.1,18526.9,18104.1,15738.2,16127.9,18303.1,20634.9,19702.8,14070.9,16332.8,20795.5,18067.3,20771.7,20517.6,20826.3,19563.4,16274.2,21649.3,22338.1,21814.9,18218.5,20193.4,22516.7,23187.4,19141.6,18989,18798.4,20799.6,23163.4,20030.2,17233.7,18236.8,16862.6,20241.3,20682.9,20473,20019.5,17160.3,16543.6,22156.6,21563.6,22470.7,20353.8,20680.3,19754.7,20017.7,22429.7,19753.4,18607.5,19635.1,21097.6,18077.8,18112.8,22277.2,20125.7,22158.8,17871.4,21003.5,22702.9,16526.9,21117.2,18092.5,19088.8,19628.6,19515.2,22875.7,19092.9,18416.9,22074.4,19559.2,18548.8,17325,19577.2,18059.5,21530.9,22546.7,21970,21948.6,18143.3,16660.3,20901.3,21960,16605.3,22096.1,17802,18502.1,17017.9,19775.7,16839.7,18784.4,18936.2,20028.7,17994.9,21029.2,16985.5,19937.2,20876.9,17304.8,18361.1,16124.9,15688.1,21773.4,16489.6,18921.5,17321.3,19292.9,16812.3,20212.8,20563.2,19859.7,18824.4,22227.3,20919.9,16000.4,18481.5,20647.7,19584.3,19788.2,17066.2,21983.2,17980.8,19464.7,17919.4,17427.4,18507.2,20763.8,16437.9,19213.5,16208.5,22053.5,20805.1,21256.1,18830.5,19153.8,19523,16331.4,20000.5,16445.2,20116.1,20478.2,16439.1,21204.8,21916.3,15661.7,18512.3,16431.1,16172.8,21585.5,19237.8,15912,18589.1,21215.3,21761.8,20341,16829,22410.9,17989.7,20669.3,18560.8,19072,17187.1,17297.5,18105.4,18514.1,16758.6,19666.1,23118.5,17024.1,20317.7,20933.9,17272.1,23743.2,19618.6,18745.5,23014.4,22701.5,18502.4,19390.6,19098.9,21731.8,24305.3,22342.7,23534.2,18835.2,23101.2,22036.1,20166.2,19089.8,20904.1,20353.3,19654.5,21321.2,23281.8,22418.4,20334.5,21973.2,20724.1,24270.8,24486.4,25147.7,25068.3,24053.1,24295,19599.1,23499.8,20075.1,24499.1,24054.1,19515.9,21906.9,22025.4,21096,23050.2,22840,20562.8,20767.8,18426,23600.2,20810,20010.5,23102.1,19219.6,19229.7,21778,18858.8,20118.7,19560.1,23392.2,24156.5,20518.3,19644.1,21722.1,18655.7,20396.8,22261.3,26836.9,28275.1,30103.1
35564.1,29066.6,28534.5,23823.1,20808.7,20060.3,20324.6,23025.8,23125,16709.4,22734.5,21917.6,21354,17169.7,21927.2,17941.4,16566,21841.8,20255.1,21848.9,19274,16537.3,22387.6,17857,21036.4,22107.1,22255.5,21344.7,16773.7,16799.8,21418.6,16015.6,19166.9,18584.1,17442.5,17808.1,19051.5,18829.6,22445.7,19140.2,17417.9,19087.8,17071.3,19912.8,19075.9,16488.5,22070,20748.5,18084.2,16532.5,22386.9,19050.5,17831.1,21975.2,20519.1,20589.1,20371.7,17336.1,22439.2,19613.1,18141.7,19967.8,17657.5,17349.3,17712.8,17600.1,17731.9,20882.3,22120.2,18330.2,19754.6,19958.6,16399.6,21215.4,16062.5,16034.9,17679.9,17588.8,22029.9,18192,21628.3,19286.7,15692.8,21716.9,19078.7,17843.8,17845.8,18955.1,18802.4,19918.9,20043.3,18072.2,18324.1,16386.9,18327.4,20969.9,15098.4,18737.2,17039.7,15146.4,17664.2,14922,19739.1,21214.5,17199.2,19975.4,18716.8,17169.8,20628.4,19234.6,16138.9,18989.5,16549.8,16471.9,15359.3,17072.8,16463.7,17593.9,20466.5,19485.1,19379.3,15670.7,16460.2,18263.2,22128.8,16376.1,17305.5,22141.8,18599.7,17172.9,17454.5,20755.2,22675.8,17564,22507.6,20861,18794.9,17368.1,18887.6,20213.7,15862.2,18575.7,16236.3,19652.2,18830.4,21202,18536.8,15791.4,20238,19699.3,18371.5,15963.5,19288.8,18529,16441.5,18092.7,16545.3,21491.4,19041.6,19639.9,15835.3,18976.6,16834.3,20123.7,21412.4,22201.9,18661.3,16788.6,20639.5,17512.5,20667.5,20009.2,17093.7,22205.7,20970.4,20276.2,21102.4,20348.5,22674,22179.3,18867.5,17748.9,21432.2,18565.3,20562,22408,21783,20887.6,17802.5,21698.9,21287.9,22456.5,16768.3,20894.7,16463.5,17422.8,22501,17809.9,17404.7,20374.5,18913.9,21153.9,22651.1,21564.1,18131.5,21738.1,16697.2,18281.4,19275.8,19233.2,17060.4,20078.1,21750.3,18853,22041.6,21707.6,22341.8,21703.9,22357.8,21959.7,18462.8,22514.7,16356.4,22179.2,20767.8,17337.4,21574.7,21964.6,20561.9,22232.6,22546.1,19489.3,19228.6,21214.9,21836.8,21352.5,21800.2,18102.3,19757.8,16616.6,15999.9,19485.8,17938.6,18094.1,20105.3,17290.8,19382.1,20591.9,21297.2,21045.3,15702.3,20438.4,22004.2,18371.9,21410,21042.1,21182.8,21360.5,20362.4,22041,17303.7,17876,15501.7,16923.5,16779.7,21044.8,17354.8,20158.3,19910.4,20416.3,20425.5,18559.8,18909.8,18213.3,19858,20120.6,19396.1,21665.3,19730.8,21018.5,20755.8,16446.6,18547.3,19622.3,19653,15801.2,21344.2,20977.2,18121.2,15670.1,19280.3,19867.7,21923.5,18847.1,16980.1,19198.3,19150.2,19536.2,19203.2,20366.6,19282.9,16430.6,16372.6,22351.8,17213.2,20023.2,16494,22158.2,17597.8,17688.4,18097.4,21557,21199.1,21194.7,21151.3,18401.1,17880,19312.8,21967.4,23791.6,22164.2,18890.5,21170.6,20238.7,20596.1,23939.6,21221.4,18440.1,24142.2,18378.8,23565.7,19012,22137.6,21918.8,20228.1,23046.9,21304.7,23179.7,18790.1,22344.4,21327.7,24554.5,19577.6,22171.5,20859.8,18761.4,18853.9,19951,23431.2,22618.5,18652.7,19469.9,22716.1,23435.1,18027.7,19044.9,20392.5,18484.5,18790.4,23150.5,21216.5,19552.3,23549.9,23830.9,20696.6,20356.2,24255.5,21679.8,23132.9,24112.2,22404.5,22473.6,24905.8,20245.5,21052.3,23266.4,18555.7,20089.8,18254.6,22790.4,21957.2,26387.5,25326,30718.2
34236.2,26879,25948,24939.4,19499.2,18243.1,20178.5,20429.8,18716.7,21610.5,17928.1,18909.1,17216.2,18558.1,17718.3,21945.2,21187.1,17943.1,18941.1,18744.8,16272,20129.3,19235.1,16509.8,16798.4,20932.3,18789,18829.5,20621.1,19103.2,16286.2,18016.2,20024.2,17092.4,20595.1,18206.2,17728.1,20763.7,20363.5,20888.5,16449.1,19393.1,21749.8,17597,18224.7,20469.2,20295,16171.8,21623.8,17630,17084.5,16246.9,18891.7,21843.8,17126.2,18522.5,22623.1,19927.8,21942.7,16073.1,17447.4,17111.4,19765.2,18401.3,19920.2,21795.8,17392.9,21006,17562.6,19868.3,16041.6,16466.1,17730.1,16741.9,17274,21144.1,19532.2,16391.8,19667,16288,17124,20848.8,19700.3,16926.7,21639.4,16510.1,15559.8,15964.3,16488.8,21410.7,20876.6,15255.5,16151,19653.7,21047.3,15268,21188.3,17978.9,20184.2,17905.4,15724.5,15028.5,18762.1,17512.4,15833.2,15286.1,19296.3,18702.5,21389.8,21243.9,19524.9,17013.8,21471.9,17220.6,20894.4,21407.9,15519.2,17680.6,19691.6,16700.8,17057.3,19921.8,17429.9,19615.3,21805.8,18920.5,20956.4,16708.3,18079.8,21086.8,19090.5,22551.6,21751.4,18340.2,19211,20150.6,19455.8,16629.4,20773,19817.7,16359.4,21384.3,16638.5,19143.6,19583.2,20891.3,21391.7,17584.5,18871.3,19438.2,18939.9,20379.6,20334.3,19230,15669.2,15872.1,15889,21476,19033.9,20163.2,19430.8,20732.2,16960.2,19921.3,22417,18185.1,21826.6,19591.3,17859.6,17344.2,20314.6,19925.3,22291,20081.3,20359.1,18563.9,23234.2,19260.9,22847.5,17998.5,21982.5,18779.8,20307.9,20192.6,16299.8,20334,19711.8,22313.1,21161.8,21289.3,16827.3,16410.4,21211.2,16762.3,17411.9,19402.1,22239.6,16871.7,17618.9,20404,17115.3,20141,20556.5,16867.3,16527.3,20062.2,18085.5,21060.9,22409.6,17002.6,18182,18187.1,19735.7,21939.8,17559.5,22305.4,18429,18755.4,21319,22385.3,18743.1,19176.7,20452.5,18595.4,19060.7,17144.1,20134.5,19804.2,18341.6,19872.3,18117.6,17164.5,16120,16344.6,21801.8,20820.5,18204.2,18077.3,19488.6,19977.1,19992.7,17764.2,16397.4,18989.4,19290.3,20809.5,19653,20018.5,21553,17122.4,21454.4,18851.3,17766.3,19168.7,18720,20793.9,21944.6,17518.2,17557.8,19067.7,21169,19663.2,17340.4,20725.9,21596.4,22240.8,20783.1,18193.5,19727.7,21403,20091.7,20983.9,16468.7,16425.4,17175.2,16772.2,17998.2,18190.4,19348.5,21084.9,22038.4,19048,22035.8,22182,17268.2,17455.1,22157.1,16467.2,16779,17327.6,21259.3,17348.9,17475.7,16471.1,21402.4,17228.7,19484,20721.8,18970.2,17600.5,20414.7,20445.8,19423,17078.9,19514.8,15956.1,20377.9,19170,20921.3,20056.3,18915.5,22228.7,20647,20147.9,19469.5,19333.1,19547.1,22065.3,19263.6,19638.8,19201.1,20665.9,19443.3,22513.8,20967,20788,18330,18570.5,19186.7,23012.3,24215.5,18305.5,21227.3,18856.4,23171.7,21234.6,20872.7,22293.2,23362.5,20843.4,24414.5,20665.9,21182.4,22133.1,21882.3,20552.2,21822.5,23877.2,24828,24043.2,20202.1,22615.5,19407.4,20280.4,19719.3,20449.3,23690,24295,23810.1,23276.7,24254.5,22382.8,18339.9,19216.4,20070.9,21882.5,22697,22729,23962.4,19817.7,19337.3,18378.1,18832.3,23148.1,24708.6,24894.3,22462.7,22223.6,24712.8,20381.9,25430.2,27411.8,28712.2,32822.5
36459.5,28845.4,27893.5,21544.5,22964.1,24119.7,17912.1,20993.8,18162.5,19348.4,18462.2,18813.3,19703,21394.1,21640.8,16416.7,20610.6,19719,19227.1,17847.5,22407.4,19873,17293,18871.4,20717.1,19117.3,22076.4,20583.6,17170.8,21040.7,19452.9,17150.7,17068.8,22228.8,19781.6,21543.2,20193.4,18230.2,20063.2,16486.8,21961.8,16695.1,17767.2,19654.1,20270.9,21189.7,19689.4,16527.4,16392.5,18407.5,21025.7,19493.4,22092.1,19188.4,22593.9,19858.4,20170,20194.5,17819.4,20465,19549,17696.1,18311.5,16991.9,19963.8,20641.1,16228,19014.1,20261.4,19386.6,19314.4,21748.2,20318.4,20415.2,17000.4,19237.5,22260.6,20764.3,15972,21543.3,19929.5,17198.9,21479.9,17717,16605,17740.5,17776.9,15455,20383.5,21396,20513.9,15751.8,15854,19317.1,19684.5,20594.3,21090.9,17068.8,16634.2,15544,17021.2,15424.5,16105.2,20665.8,18940.8,18197.4,18459.6,18899.7,20509.8,16464.1,19002.9,16061.1,20983.2,16382.6,20609.2,18729.9,16182.1,18941.1,22166.9,17517,20704.1,20386.5,17151.5,19169.4,19427.5,18857.1,18671.3,21311.3,21402.4,19405.1,21866.2,19245.5,20061.1,18053.5,22105.6,22572.4,18282.9,19011.8,16412.1,16608.6,19057.9,19990.8,16428,18707.4,20055.7,20403.3,21830.5,18744.5,17687.2,21919.4,17749.4,20019,16030.6,19335.9,17554.2,20997.6,20366.7,21560.6,16817.6,15868.2,20608.4,17765.8,16105.6,18795.1,16087.9,16248.6,20319.6,21908,20366.5,22793.5,19407.2,17088.6,23247.7,19880.9,19325,18960.1,20649.8,19675.7,17599.7,20614,16678.9,17306.6,22123,20288,20267.4,20532.7,16762.5,17212,19299.4,19151.8,20347,21769.8,21408,22494.7,19770.6,21086.5,17257.5,19855.1,20229.5,19582.9,21358.3,20334.6,18787.8,19098.4,22413.5,22885.8,22131.8,21809.9,20356.6,22541.2,20072.1,18344.4,17416.9,20454.8,20564.9,21481.4,23109.1,22905.8,18243.6,20320.2,18947.2,18113.1,22770.3,19647.5,17521.2,18504,17246.3,21445.9,20640.3,18669.6,17213.2,22369.4,17106.2,21980.3,17731.3,18275.1,22750.3,21079.3,18617.9,17715.4,17580.1,20196.3,19497.9,19308,19674.5,17000.8,19697.3,19655,18415.1,17176.1,19185.6,18017.5,21188.1,16967.9,20402.3,19073.9,21118,22454.3,19235.7,21035.6,19925.5,17903.6,16016.3,21828.8,20862.4,19702,21216.3,18239.2,16361.6,19280,19518,16348.2,17886.2,19475.9,17657.4,22072.7,21983.5,18605.5,21540,16154.4,22342.3,20063.9,21904.5,16464.2,19314.7,16826,18551.9,18640.9,20025.2,15553,15808.7,17936.1,19966.3,18798.4,18661.2,21210.8,19064.7,20641.9,22293.5,16339.9,20559.8,21887.6,21238.5,22360.9,18993.8,19143.7,16227,20646.8,21866.9,23144.7,20855.1,19611.6,21164.7,20670.6,22465.1,19275.3,19914.4,21701.6,18858.7,22367.9,22958.9,23001.5,21615.2,24177.3,21097.2,19641.1,22193.6,23090.5,19037.9,18610.8,24331.3,24855.6,20373,20241.2,22394.4,21911,22463.3,21424.7,22757.7,19613.8,22783.5,19559.8,20823.2,22496.8,18729.8,20044.7,23740.5,24620.4,23898.2,22916.4,24226.7,22686.7,24228.3,19782.8,20943.2,18899.5,22954.9,21929.5,19093.6,18008.4,19546.7,23040.4,19974.2,23396,21168.1,22993.1,22831.1,19937.2,19501.2,21824.3,18601.5,23934.3,22521.1,21830.8,23172.4,24902,23920.7,23868,21924.2,25201.4,20237.5,27113.8,31011,34410.5
31160.4,28601.3,25495.5,22547.7,24211.8,22963.8,19679.1,18956.2,20168.5,20947.1,21676.9,17338.9,18405.8,16603.9,16469,17834.9,18940.4,17996.1,21875.9,16740.5,19970.6,16873.2,19084.3,20548.3,17276.7,19553.4,19211.2,21944.9,21703.6,21439.6,22237.3,18961.5,19337.4,21992.3,22279.9,16779.9,16317.3,22503,16842.3,16353.3,20170.2,20411.7,18407.6,19750.1,20153.4,17081.3,21533.5,17975.1,16018.7,19891.2,19986.8,17456.7,19231,18695.2,21962.7,21255.7,17005,22377.6,21429.4,17825.7,17195.4,18247.6,20492.4,17910,21585.2,17973.1,17009.7,18916,17246.7,19228.1,20308.3,17806.4,19014.3,20165.1,16924.9,20337.3,21005.6,16665.3,20291.8,20658.3,15549.3,19380.7,17919.1,19438.2,21887.1,21714,17272.8,17885.2,18521.9,17355.4,18062.5,17722.6,17575.6,17992.5,21162.9,17494.2,15355.3,17301.4,16363.3,20967,18626.6,19447.8,17129.2,21193.2,15089.8,16316.9,17826.8,15839.9,18152.7,16025.3,15888.6,17860.9,17940.7,16534,19150,15572.1,21187.3,18075.2,17972.7,17401.3,19945.5,20018,20038.2,19642.5,17041.4,21344.5,19872.8,22001.5,18013.1,18577.1,21509.5,20989.1,20623.5,17491.3,21810.3,21043.2,20989.9,21179.1,18542.5,19977.3,18601.6,19835.2,20905.9,16253.6,15811.7,21508.9,18233.7,17431.7,19728.2,20241.7,17889.8,19722.6,16534.1,17066.4,15646.8,16985.5,18019.2,20533.8,20735.3,16951.7,19040.8,17334.5,20945,18619.1,21138.4,17268.3,19305.6,18985.7,17026.2,22383.2,18339.1,19186,17720.7,19918.4,19421.4,22261.6,21767.5,20139.9,23061,17708.4,22924.8,17025.2,17445,19448,16770.6,22432.3,20463.4,17023.9,22069.2,17324.7,21393.7,20069.1,22413.6,18978.8,19890.9,20288.8,20939.1,19864.5,17730.1,17023.6,20196,16609.1,16893.7,18452.5,22797.1,22729.9,18186.2,16919.9,17406.2,18307.8,16454.4,20179.8,17058.3,19338.7,17040.1,19989.4,21980.6,22229.8,22936.4,19379.4,18876.1,18202.9,21239.3,17758.7,20338.1,17355,20865.8,21304.4,21900.9,17413.2,21836.8,19612.1,19744,22438,22413.4,18567.5,18908.3,22433.1,22190.8,19219.3,19950.3,16519.4,18832.1,20420.2,17167.3,17590.8,21311.9,17121.9,17804.1,20882.5,15953.7,18030.3,16179.9,21025,18653.6,22015.7,16678.6,16736,17851,20162.9,18685.3,20957.9,20988.3,17848.4,19396.8,18735.3,22376.2,18628.9,20677.7,21406.9,19598,18861.8,19245.3,21842.4,19090.8,17000.1,21103.5,18692.9,19271.2,19804.1,20315.3,18407,19081.4,19557.9,15906.9,18054.8,19002,16918.1,20201.1,19135.6,15522.8,21393.9,20177.7,22185.7,16397.8,21488.5,18542.2,20540,21160.9,21900.5,20306.6,21822.4,16669.6,22320.2,17550.8,19964.7,20449.2,22667.6,21516.9,19914,17098.6,20684.1,20304.7,19736.5,18894.5,23186.5,23148.2,19319.4,22964.7,23681.6,18599.8,19041.3,22015.9,20254.5,19966.9,20362,20213.4,21375.6,21767.8,22623.2,22357.7,23188.6,20418.4,23015,21106.1,24106.7,18640.6,18954.7,18881,18367.3,19757.4,20656.2,23408.9,22326.1,23317.5,19144.9,20990.2,23727.3,19189.1,22130,18234.3,18867.7,18830.2,23430,19721.5,24196.9,23487.8,23202,19927.7,23926.6,21977.8,24159.3,22680.4,20321.6,20105.4,19138.2,23937.5,23066.2,23788.9,23206.9,19056.6,19992.3,20502.1,24278.7,19833.8,22377.6,21970.4,20872.8,22656.4,20509.2,21269.8,22409.3,31740.2,33961.1
34522.5,31403.1,28258.7,24917.4,22356,20807.3,17691,20747.5,19900.2,18744,17985.4,19836.8,21529.4,22683,18770.2,21412.7,18385.9,18154.7,20004.5,22155,21537.5,16866.8,21945.1,18742.3,19962.2,21213,18622.3,19231.9,20471.1,21721.9,18289.9,17856.6,17797.1,19947.4,18796.9,17124.5,18762.7,21384.4,18023.2,21493.7,21318.7,18360.2,17265.9,22216.7,18670.6,17971,21494.9,17924.5,20215.1,18362.1,20429.5,16715.4,21699.3,18236.5,16923.3,20066.2,19238.9,16719.9,16236.2,21639.4,16594.4,20235.1,21717.7,18860.3,21478.9,18249,16870.8,21231.9,19470,19854,22350.7,20933,18334.4,21362.3,21845.7,17069.6,16281.1,20456.6,21551.2,21491.8,15829.5,18592.1,19534.6,19377.8,20296.8,16531.6,16931.6,18498.2,21277,19613,20435.2,20181,18797.5,16054.8,15897.3,16697.5,16989.7,20194.5,21476.9,16739.3,17828,16124.4,18114.3,14921.2,20020.1,16388.5,16968.4,18153.9,18940.8,19765.6,16887.1,19163.3,21107.3,17889.8,19073.6,18009.1,19272.4,19849.6,21625.1,20089.9,20991.8,19819.3,20761,19641.8,20202.3,17990.9,19276.8,19871.5,21978.1,16608.3,21670.3,23041.4,18829.6,21140.1,18580.6,19043,17735.7,16278.8,16000.6,15392.5,18542,20920.5,16315.3,21172.2,20821.1,17498,19015.1,18899,21545,18953.7,17323,16732.2,20155.1,17217.3,19385.5,15325,20955.4,17623,21110.6,21444.2,21108.3,19539.3,16270.5,17690.3,18271,22159.9,16598.5,20321.5,20647.8,21552,19078.5,18111.3,23159.4,17198.3,21425.6,22521.7,16968.3,20675.6,17564.4,21019,18298.5,17504.4,22460.3,21977.1,22727,22025.6,16132.8,17874.2,19446.3,22480.5,17536.6,17840.4,20107.9,21127.9,19513.6,20934.5,20239.8,16917,19156.5,17132.5,19761,19278.1,22043.4,20092.8,18352.4,20221.7,21273.8,17111.7,18293.7,16787,18244.1,16665.5,22143.5,18352.5,18928,19762.8,23021.5,17331.5,18106.6,20466.9,20297.9,18044.4,22215.1,21080.6,19544.3,22819.4,18395.9,19149.3,16400.9,21498.3,16931.3,16770,21735.4,20203.3,17319,17017.1,21171.7,17309.7,18371.3,22332.1,17285.6,22139.5,17192.6,17477.5,16002.7,20592.5,22412.6,22179.8,21884.7,17247.6,22099.7,19292.4,20965.3,16643.2,20273.4,17978.2,18157.9,17184.7,20157.5,21312.7,19893.2,18516.2,17344.4,15713.7,16012.9,15995.6,18883.4,21984.3,16502.9,17469.8,16953.7,18412.6,21680.2,22404.8,19433.2,15777.8,18143.1,18801.9,17780.8,17568.5,18516.8,18744,22157.7,16654.9,21408.1,21237.9,20594.5,20921.8,21013.9,20769.5,21339.3,17424.2,18065.5,17865.7,20511.5,17037.1,17463.6,21733.2,21772.4,20543.2,20014.5,22335.8,20354.6,19688.4,21363.9,17453.5,21306.7,20143.3,18740.6,18110.7,18062.1,17666.6,18976.7,21439.5,21068.8,17892.2,22011.3,18154.3,20258.3,21481.7,20462.7,18931.8,20221.7,20029.1,18637.9,19497.5,21140.4,22066.4,22017.3,18438.4,19444.5,23280.7,20879.5,22031.6,21851.9,21346.4,21988.8,21491.1,19988.5,24602.6,24239.8,20870.5,23791.3,25120.8,18889.6,22720.7,21940.9,19462.1,19871.1,23237.8,21345.2,18421,21363.1,18450.4,18484,20158.6,21649.9,18318.8,20499,17990,23431,20363.3,18353.9,22631.9,21576.6,22140.7,21733.3,24230.4,23444.9,18624.1,22940.3,22746.7,21746,24719.4,21453.9,24697.2,18524.4,20363.2,23543.4,25032.6,26230.5,25747.4,30215.5,35927.1
33850.6,31140.6,27888.8,22337.8,19214.5,18526,19400.1,22519.1,21770.7,21910.8,22794.4,19448.1,19322.8,17822,17006.6,17862.4,22040.4,20329.4,19820.9,18027.5,20541.3,21957.7,21199,21062.4,20142.7,20417.8,19967,18677,16942.7,22159.2,18993.1,17807.1,20101.2,21862.4,18672.9,16634.8,16381.6,21947.2,16824.1,19904.2,21557.9,19269,16938.9,17166,20730.6,22129.1,18432.4,16117.4,18770.7,21391.1,16647,17832.9,16532.1,19367.4,18336.6,21962.1,21183.7,22521.4,16709,17335.9,18009.3,18591.1,18573.7,18160.2,16099.9,19736.9,17120.2,16909.5,17300.8,20176.2,16027.8,18655.6,17496.3,19154,16540.6,15842.6,15751.1,16656.4,19889.1,16187.5,16665.7,21190.7,17622.7,16834.6,21237.1,15770.1,20018.3,18654.7,17678.3,18073.5,16251,19204.8,16654.9,20219.1,16744.5,14969.7,14945.8,15526,21445,17588.5,18151.9,15564.5,15451,17648.5,17045.6,16195.9,17789.5,17299.2,17789.3,16628.5,17651,17277,19942.5,18170.7,21389.5,20425.9,16388.6,19052.3,22259,19760.8,21561.4,21036.6,22137.8,17681.3,20884,18932.9,17822.4,22340,16682.2,20471.9,16615.2,19209.5,19906.3,17046,18319,20059.3,17976.1,19927.1,21203.7,16248.2,17640.7,16791.9,19234.5,15950.3,21578.1,16635.4,20177.8,21804,21046,16842.5,16978,16299.2,16173.2,18590.2,18743.3,20018.5,17567.7,21430.6,17912.2,21831.5,16523.3,19576.9,16008.4,15984.1,17152.5,18440.8,20279.3,21448.1,18710.2,21268,18536.7,18291.5,23355.2,19344.8,18016,21481,19518.2,21062.8,18481.1,20162.8,17547.9,22338.4,19794.7,17278.8,16498.2,16829.4,21614,16456.9,21098.8,18689.9,18920.8,20779.4,21563.8,16165.3,22525.4,22352.5,21781.5,20930.1,19744.7,21898.4,22563,21009.5,19955.2,17736.5,18814.4,18065.4,18542.2,19100.5,17359.5,19029.4,21707,18253.9,17311.6,17747.2,20337.2,22334.6,21837.1,18604.3,17763.7,17317.7,20118.9,20638.8,16547.9,21406.2,21205.3,16835.9,19975.2,20603.7,20018.5,16835,17189.5,16381.3,19299.4,18447.3,22253.6,19034.4,20733.8,19323.9,20250.9,21738.2,17727.7,16612,21623.2,17550.3,20907.4,17378.2,17360.3,15938.4,19780.1,20737.4,19306.3,17834.3,20233.6,19078.9,20700.6,19302.5,20626,22388.2,18924.7,20650.4,18341.1,18778.5,18031.7,18494.1,21496.1,19271.1,18081.9,18315.4,20634.2,21735.2,19431.7,16928.8,22386.4,20514.7,17076.9,20159.6,21701.1,21166.7,20153.5,19612.3,17755.3,16398.7,21671.7,18628.2,17914.5,22177.8,19323.7,21052.1,17925.1,20687.4,21553.5,16437.3,17864.1,18823.7,16902.9,17022.5,16611.5,22472,17252.1,19014.8,20367,20696.8,16828.9,18516.3,21088.1,18640.2,21752.6,20490.1,17380.7,22773.1,21064.8,19433.7,20088.6,21922.7,21174,23318.1,21822.3,17397.9,19958.5,21959.2,17604,22950.9,21987,22655.4,24383.5,22669.5,19403.1,24892.8,23862.6,22062.8,23246.1,21222.7,23740.4,20107.1,21992.1,20823.7,22481.7,22650.8,20481.1,23528,24422.2,20738.7,19245,24394.3,22366.7,19809.3,23623.8,20055,23957.1,19162,21457.4,21129.4,18321.3,18861.6,22039.4,19232.5,23704.8,18419.3,23220.5,24589.3,18155.1,18750.3,17982.9,18680.1,18445.2,19042.4,19527.2,23368.9,19840.4,20343.4,22268.6,19260.7,18489.2,23317.6,19847.5,20491.7,19517.6,19941.9,21615.3,21120.9,21381.5,27465.1,29129.8,35088.7
36010,31659.5,23221.4,22643.3,22530.3,24235.8,17868.2,17149.1,20101.8,18835.6,16512.6,18328.9,20641.7,19402.7,23008.2,20407.8,20879.8,22269.9,20218.4,22397.1,17796.6,19078.1,21471.9,17625.7,16411.9,18931.2,17082.5,20833.4,22469.1,18016.3,22330.5,19921.8,19073.2,16541.2,21228.7,22098.3,22089.3,18165,22051.5,21808.3,21392.4,16330.2,20703.2,19107.4,22376,21010.7,19423.7,19585,19978.9,22148.1,17042.1,16671,21814.3,16283.9,20158.6,22255,16321.1,17437.7,16514.1,17202,20676.1,18179.5,18685.3,22103,21159.6,19280.8,19191.7,16831.6,20921.2,19355.2,17589,16365.5,18601.2,20888.9,20133.1,15744,20800.2,16669.3,20006.2,20259.6,20199.1,15837.4,21168.8,19093,22159.1,21952.1,17976.9,15722.7,17705.7,15657,20570.2,20952.3,15854.3,17498.2,20741.7,18044,15010.7,15854.6,15539,19648,20513,17938.1,16830.2,21097.7,17826.5,19514.7,17836.2,19263.9,17721.2,21348.3,21371.2,20207,19170.1,19120.9,21305,19441.1,17985,22131.4,20031,15831,17547.6,18251.4,21776.7,20486.1,15829.8,16738.4,16472.9,17687.5,18525.7,21715.5,18021.3,19000.6,21478.1,17619.2,21172.8,21278.6,17929.8,20260.2,19026,17106.7,16895.1,18492.8,15451.5,15612.6,18311.4,19753.8,19630.2,21454.6,21503,17818.6,21711.2,15916.7,18067.5,17556.6,18140.3,20264.4,17201.8,19993.6,16515,21089.6,21938.3,16497.6,18510.4,16694.5,19830.2,17926.2,21713,16767.1,20965.8,20617,18579.4,17370,21903.8,17316.5,19373.5,17465.7,18840.9,21873.3,22053.7,19877.6,20587.6,19504.7,22296,18158.4,22751.9,19237.6,18019.3,20118.9,19269.5,20499.5,18800.8,17369.7,17203.6,19276.8,21196.8,20151.5,21562.7,20319,20371.3,20331.8,22069.1,16805.3,21481.2,18557.9,17632.3,22046.8,20703.1,20367.1,18274.7,20440.9,19332.6,17791.6,19191.5,19134.5,17415.5,19135.8,17914.9,17415.6,22044.6,19018.6,22809.9,20392.4,17195.9,20188.2,16910.8,22133.2,21887.3,21882.9,22326.4,22685.9,21726.7,21172,18643.5,22179.4,19494.6,16552.5,21887,17522.5,21267.7,19249.5,18744.7,20388.9,21618.9,18607.6,17552.4,17738.9,21047,5579.04,17848.4,22369.9,15947.9,17782.3,21545.6,17996.1,22425.3,19432.4,21675.9,21761.4,22119,21267.6,20304.4,17441.7,19054.4,19862.6,17884.2,19075.7,22251.9,17768.2,19469.2,17143.5,17217.2,20125.4,16525.4,20526.9,21977,19582.6,16949.9,21323.7,17157.5,20907.6,18382.1,19221.1,17934.3,20431.8,18673.9,17449.3,19956.4,21589.1,19765.4,16145.7,21527.5,16200.6,21923.7,19341.2,17895.9,16524.9,22042.7,21736.6,16124.5,21816.9,17262.2,19039.8,19262.3,20563.1,20124.1,21050.1,20990.6,21615.6,18091.2,17933.5,17750.8,17770.4,20684.7,21776.8,20411,20193.9,23741.9,18151.9,23654.7,20821.3,23206.4,22448.2,21279.3,22400.8,19358.5,20596.4,20118.8,20350.2,21509.8,21658.8,19875.9,19658.5,23720.6,22668.3,19698.2,20036.3,20514.9,22308.8,18479,19952.8,22817.9,19651.5,22440.7,20512,24097.7,19268.1,21080.7,22724.8,19682.6,19019.6,22830.2,18408.4,22022,18995.4,20788.7,23017.3,21349.3,22542.1,22597.1,18667.2,20825.1,21587.8,20753.6,18654.1,22262.6,24122.9,20658.3,22162.1,20623,25137.8,21355,21269.3,20271,18583.2,18495.1,20696.8,20142.3,18385.7,23309.5,23500.7,23527.4,28347.4,31239.8,34858.6
31583.1,29834.1,23374,21214.1,24667.7,19826.4,17781.9,17621.1,22565.1,18530.3,17985.1,21000.1,19056.1,16942.2,18364.9,18345.1,20544.1,18174.6,16528.4,19342.2,20143.5,16593.1,18382.3,19116.8,21096.6,21665.1,19140.9,22437.6,18484.1,18942.8,19733.4,18020.7,22615.3,21046.9,22483.7,19182.8,17673.9,20394.7,21176.5,21035.1,18221.2,16723,22378.2,21203.9,21581.8,16769.9,18679.7,21768.7,17720.2,16034.2,21169.9,16325.4,16910.8,17452.2,17002.5,19897.2,18844,18127.4,17273.3,20870.9,18824.3,21441.8,18738.3,21261.2,17237.7,16845.9,17275.3,19767.4,17912.4,18587.4,17539.4,20482.3,16839.7,19011.6,21111.2,16842.6,19782.5,18021.7,15895.2,17020.8,20134,17409.4,20518,18951.6,15921.4,17800.6,20823.7,21294.2,19491.8,17862,22344.3,21738.4,17519.2,19950,15638.3,21315.2,18618.4,17380.5,18385.4,15812,16748.9,15280.3,20504.9,16516.7,15661.4,20839.6,15619.2,18999.3,18667.5,18611.5,19863.8,19429.9,17434.9,17740.4,20237.4,18411.5,16443.6,18908.7,21327.3,18872.1,17241.7,16962.7,19514.3,22302.2,19850.6,16809.5,19362.2,21966,17663.9,16868.3,22069.4,18387.3,18707.7,22149.2,20691.4,20201.5,17592.7,17315.1,17922.3,19750.4,17188.1,18923.1,15437.1,16069,19916.7,16268.1,20361.5,19387.9,16673,20078.5,19044.8,19839.4,16458.5,19872.6,17356.9,20320.5,17695.4,18051,18348,15855.2,16092.5,19200.1,19203.2,18642.8,17272.5,19388.1,21692.7,20461.4,19556.1,20008.4,17667.4,17255.2,17226.3,17835.7,21473.7,17005.6,21711.2,21873,20760.1,18736,19414.9,20815.5,22087.6,21433.4,20193.7,22591.6,20781.4,21177.5,18577.7,19592.3,22422.5,21119.3,20463.7,22313.5,22421.9,17589.7,20556.1,16464.6,18130.2,16520.1,19980.4,19563.4,17270.4,18465,18525.5,17987,22063.3,20366.3,21028.4,22483.1,22858.8,22330.4,19774.8,18756.1,21473.5,18196.5,20441,17118.5,22990.5,19949.3,21746.3,21430.1,22024.5,20637.6,20092.3,19439.4,20260,17007.1,22725.3,21308.2,17417.9,19236.5,18931.9,18923.4,16559.4,16641.2,16381.9,16651.7,18102.3,18291,18261.1,21086.7,18203.6,21158.3,18242.6,18557.9,21063.8,17873.3,19250.9,18290.5,21323.6,20803.3,19957.1,16180.8,17508,21888.9,18232.1,21696.4,20032.1,19833.6,21735.1,21929.2,19714,16624.1,18735.5,20283.7,21318.8,20324.1,21236.1,19861.8,20848.7,20358.2,19250.4,17169.7,17073.2,19809.7,17921.5,19940.7,22068.6,20805.4,18401.3,22062.8,19789.4,21752.6,21902.6,18089.3,21840,20004.2,21894.1,18797.2,16701.1,21107.1,20656.3,21482.4,16847.7,21999.4,16306.7,17146.6,19673,19196.7,20534.3,16203.1,22556.2,21708.4,16374.9,18246.3,18405.6,21907.2,21378.7,20325.1,18927.9,21283.6,20252.1,23184.9,20795,23686.4,19352.4,19016.3,20789.1,19721.1,19858.3,17926.4,23753.6,22956.1,20787.8,23978.5,21648.6,20034.6,24391.9,19679.9,22717.4,24142.9,24057.4,18403.9,20073.3,19621.5,22791.3,19937.1,19680.8,24029.7,20704.5,23019.1,24091.2,24708.8,21792.2,23036.2,25008.5,21515.4,23891.5,20540.8,23525.5,24108.7,24130.1,23462.2,22439.8,19728,18635.5,23304.7,23906.9,24593.7,23527.4,23536,21322.7,18430.5,17919.1,19852.8,18628.6,21873.5,21968.3,20404.4,20439.8,20639.8,23113.9,24942.7,22094,20636.2,23022.8,19404,22789.7,20838.5,25090.7,23139.5,27286.2,31550.7
36166,30371.7,25778.2,26535.5,19909.6,18777.3,22139.9,18967.6,17984.1,20119.9,20136,17888,19581.7,17679.4,22674.4,19955.8,17924.8,20155.8,20801.8,21058.3,20704.5,19453.9,19272.1,16437.5,19278.6,17753.3,18663.4,17994,19741.6,22510,21257.8,22597.5,20148.6,17228.7,19640.6,21650.8,19534.2,16384.9,19949.7,20077.9,20844.2,15994.9,19396.2,21362,18718.7,21350.8,16629.6,16834,17336.4,18708.7,20227.3,17858.4,18493.3,21018.5,20625.8,19559.9,20390.4,21946.6,20325.3,19946.6,19156,18030.9,18079.4,18847.2,19569.7,19116.5,22164.6,20173.8,17097.9,22393.2,19625.1,17733.3,19091.6,19119.8,17826.3,16725.5,17336.7,16493.9,20328.7,20475.1,16584.1,18691.6,20651.5,16985.4,21986.1,20856.1,19314.9,17202.8,19461,18831.5,16282.6,17452.1,19479.3,17562.5,16068.6,17480.9,19256.8,20240.1,17035.5,20731.5,19743.6,18459,18755.9,21051.4,19723.5,18824.8,20030,17880.8,15714.3,17838.7,20509.7,17963.5,18168.7,15363.5,18845.8,19842.1,19245.6,18641.3,19845.9,20398.5,19476.4,18543.5,20905.4,16674.5,20541.5,17386.8,16282.6,22284.9,16755.5,20039.7,19435.3,18424.8,20354.7,18975.8,16445.2,22523,16162.2,16696.7,17351.1,19097,16128.1,16576.5,17600.9,16279.7,21164.7,19613.1,19034.5,20388.8,20013.3,19700.8,17824.5,21265.9,21384.4,17580,19086.3,19277.2,17729.9,17637.4,15840.3,16569.1,16983.2,21071,18851.4,20010.6,17973.8,21705,18238.7,20502.7,19557.1,20181.5,19287.4,19289.8,17885.9,22346.9,18782.8,17731.7,17273.3,22208.9,21673.8,19851.1,20832.3,22506.4,22610.6,21142.8,20599.7,16703.5,21290.8,17946,21338.6,17550.3,18976.9,19436,19716.7,17249,18099,19168.5,19490.9,21038.2,19351.2,22462.8,22951.1,19746,17899.8,5318.23,22601.8,22835.5,20731.2,21369.6,18401.7,16527.8,16589.9,17781.8,17611.3,17371.3,20283.6,17238.4,21784.2,18860.7,22862.7,17828.1,19703.6,20704.2,16707.7,19206.3,20544.2,22913.2,22497.7,19488.8,22474.4,19272.6,17601.3,18010,18792.3,19573.3,19153.7,21247.9,22536.3,16718.1,20239.6,16905.1,20816.2,20785.2,21284.5,21738,19149.5,19530.7,16196.1,17129.9,19448.8,21997.8,18178.4,18028.8,19803.1,17151.5,17360.8,16596.5,16182.1,20978.6,16195.8,20255.6,21457,21926.8,19473.9,17560.1,20749.4,18804.5,19719.9,20924.4,16233.3,16803.2,18443,22185.7,21187.2,17844.3,20304.6,20075.4,20196.7,21688.4,16136.1,18422.7,16940,21675.4,18481.1,15834.3,19464.5,19282.8,17390.4,20847.7,18993.4,18013.6,17788.7,18117.8,18856.6,22019.3,22552.1,17966.1,19152.8,18780.7,17708.2,20252.3,22012.4,19563.6,18057.4,22564.6,22417.8,21748.8,19834.5,20819.4,17508.3,20542.6,17055.9,22351.5,20876.8,22056.3,18554.4,19716.4,23171.3,19658.6,19091.9,19819.6,20744.5,19316.7,23836.9,21974.2,18168.9,20856,20567.4,19098.5,19078.8,21164.1,24282.8,18283.7,21181.7,23980.6,19926.4,24573.8,18688.4,19261.5,22886.9,24205.6,22494.1,18649.5,24159.7,21028.6,21403.9,21852.6,24255.3,23850.2,21935,23712.7,19280,23127.3,21592.7,23109.7,23826.8,21053.2,20989.8,22367,24002,20560.8,19413.3,18961,19166.1,24288.3,18391.1,17943.6,24457.4,24377,21919.6,22016.9,23670.9,20445.6,22889.5,19139.3,20254.5,18453.4,20044.8,21046.2,25016.2,24162.3,20689.6,24653,30281.1,35168.4
35471.6,29615.5,22702.9,22563,25610.4,21114,22983.2,22722,17740.5,23252.7,17172.7,19321.4,17928.3,18461,22355.8,16835.2,21761.6,16935.7,17963.5,17365.9,18426.8,20166.7,17433.9,17831.3,20199,18774.8,16318,20676,16936.6,16967.4,16667.3,18324.5,22297,20068.2,17229.2,22437.3,19419,21730.5,18627.4,21456.7,20289.6,15965.5,19807.5,17766.8,16997.2,18708.5,18978.1,22038.2,18985.2,18477.3,16686.3,18010.5,22456.5,16254,17164,16868.7,21320.1,20823,20605.6,17245.7,19197.7,19986.2,21818.4,17716.8,20978.6,20074.9,18303.5,21871.5,17030.1,17936.2,18467.5,19573.2,21406,21077.7,21490.6,18747.2,16800,18105.7,19235,18727.3,17786.6,21774.6,21922.5,21017.1,18272.7,16062.6,20038,19606.8,20873.2,16774.8,16863.1,18896.9,21772.2,15246.1,16065.8,15497.2,15278.3,15664.4,20866.2,15442.2,21609.1,21131.3,16953.9,15528.4,16951.3,17899.3,21304.8,15319,17242,18832.6,19657.5,18771.8,18053.2,16010.8,16018.2,20860.6,19672.5,16573.2,20082.5,18417.5,17074.3,18278.2,16797.5,17336.3,22418.4,22401.7,18065.3,17339.2,23111.6,18441.1,18415.1,18407.2,22596.5,23118.6,20888,16604.5,18563.7,18929.6,20358.8,20787.2,20323.8,20477.3,17750.9,16860.7,17216.6,20492.4,20192.7,15857.2,18255.8,18206.7,15814.8,18955.3,21947.9,18606.4,19189.7,20610.9,16715.4,19202.8,15731.4,18627.3,17664.2,18400.3,20200.6,20290.3,19439.7,20054.2,15953.1,20163.9,16995.2,17443.2,16669.7,18359.8,19865.9,19044,18767.7,23039.7,18186.7,20462.7,19513.4,19732.2,19273.8,21369.4,17177.5,22692.8,21779.9,20449.5,18702.5,21841,21703.2,17210.1,21691.2,18851.1,16601.8,18570.9,16627.6,21469,21005,20758,17928,20684.7,16464.7,19321.8,18934.1,17814.1,19558.1,19012.3,17726.1,21144.7,17246.7,20911.6,16531.3,20648.2,21883.1,22739.7,18805.1,22636.1,20763.8,17142.3,20882.9,22217.2,22312.7,22252.2,17767.1,20740.7,21787.4,21708.1,20136.1,20371.7,16699.6,18084.9,18801,16847,22760.6,18951.3,20312.5,19266.8,17906.1,19783.6,21773.6,17402.2,17061.2,18575.7,17152.3,17939.3,20133.7,17843.5,18928.7,19264.4,20921.3,21237.5,19129,22164.5,17568.1,20337.2,21724.2,17383.7,16718.1,22135.4,20393.3,17466.5,20168.6,21806.7,18989.8,16174.2,16758.8,19439.6,21350.6,20970.7,16309.2,21335.2,20387.3,22495.6,18454.3,19704.9,16967.5,22218.8,20123.4,16416.8,20076.3,18800.2,18813.6,19616.6,21946,19178.5,19739.9,21161.3,22032.2,15938.3,20585.5,19192.6,15938.9,22347,22622.7,19815.6,19307.6,20356.7,17411.1,17077.4,17025,20073.7,22257.9,16561.5,18040.5,18292.2,21437,21155.1,21556.5,22458,18903.7,22393.7,16458.1,22854,23485.8,18772.8,19160.7,23460.8,19322.6,17940.6,23813.4,22285.2,23641.1,19323.4,21568.8,23867.2,24165.8,18359.1,20227,19144.3,22004.4,18982.7,18741.7,19177,18361.4,20234.6,20230,20512.6,20470.1,20314.6,22889.1,20325.4,18593.5,22720.4,21377.2,24410.5,22212.3,23909,25015.9,20116.5,21411.9,22702.1,23757.8,22733.9,18928.6,24855.4,23975.6,24482,20768,20953.6,19144.2,20379.3,17831.7,24114.7,18364.1,23748.1,19323.1,18790.2,24020.6,22404,20783.4,24671,24258.9,18836.9,24432.8,21743.4,22363,22523.5,18931.9,23659.2,19225.7,22244,27129.4,23189,26498.3,36254.4
36694.3,28316.6,27071.8,26015.3,22080.6,22989.7,17990,22522.1,21366.7,21338,17679,18742.3,20142.5,19752.4,18959.8,22751.1,19185.2,20022.7,20502.4,21928.5,18038,22217.2,19080.6,19297.4,20799.2,21959.7,19233.1,22410.1,21984.6,22177.8,17175,20718.6,19885.2,20633.7,17654.4,16849.5,16926.8,16656.8,21725.6,21235,16843.3,20995.2,16945.2,19107.7,18359.6,20446.8,16568.4,21942.7,17493.4,19587.1,19858.1,20288.5,17211.3,18685.1,18019.1,17281,20289,20780.1,17337.3,20726,20366.9,16999.4,20913.2,16228.4,19491.1,17976.8,18084.9,17406.3,21977.3,20983.2,19388.7,16819.9,17875.4,21415.3,20380.1,17031.5,21553.1,16433.9,21640.4,20797.2,17735.3,18468.9,17378.5,18055.8,19943.9,18403.3,20831.2,19748.2,18206.9,19895.7,17580.5,18351.6,19065,15820.6,21135.1,20709.3,21509.1,21510.1,18787.6,19495.9,21454.6,16228,20579.6,19816.7,18977.3,18809.1,19778.3,18876.5,19696.6,20720,19802.2,15610.3,17424.8,18240.5,15980.6,17413.3,19939.4,19702.1,17692,18155.5,18104.2,17756.9,16773.8,21238.1,19934.3,19703.3,20699.7,20095.5,17815.4,19440.2,21951.5,16966.3,22150.2,22642.4,19803.3,19893.7,18829.4,17499.2,21717.9,15513,16618.2,16007.8,17566.3,21064.9,15690.3,15925.8,16397.7,18088.6,15925.3,18196.8,16883,17349.5,18544.1,20249,15371.3,18247.9,16461.5,21284.8,16006.7,19659.7,21747.6,19345.5,18837.8,16318.4,17522.4,21265.6,17405.3,20104.3,20770.7,21915.3,17265.7,20602,22968.5,19542.2,17053.3,22708.1,17315.9,22341.8,22892.7,21171.2,22706.1,21951.8,17256.7,19329.4,17920.9,19423.3,21008,17724.4,16045.9,19073.4,22361.1,19886.9,19560.2,17329.1,22398.5,22155,19271.1,22272,19308.6,19392.6,20270,19709.4,21799.5,18718.4,22460.2,17390.6,18078.7,17891.7,17395.9,17012.5,18423.8,22943.3,20360.6,17818.9,22063.3,17342.3,19114.9,21429.2,20733.3,21692.3,17767.7,21208.2,17790.7,22379,17273,16504.5,22530.4,18157.4,20764.6,23096.7,19546.1,18139.3,20164,19654.9,18210.9,21074.1,20424.5,22035.9,16804.1,18146,16583.6,18675,21770.2,20153.9,20444.1,21829.8,21558.7,20094,21703.4,22523,20625,18031.6,18285.2,15882.7,18567.1,19126.7,16240.1,18298,19670.8,19604.1,18812.3,16109.3,17307,16291.3,16506.8,18147.3,16954.1,21508.6,18591.6,21572.4,17021.1,22616.8,18874.6,19961.2,19500.6,19644.7,19886.7,22540.3,18789.3,16342.8,19167.9,20601.7,21685.3,21244.1,19811.6,18909.8,18317.7,18283.5,17394.8,16067.2,17757.6,20955.3,19395.2,19819.4,18937,17776.2,17179,19347.9,21167.5,16767.4,21311.9,20605.6,19978,21505.5,20521.8,21608.3,22176.1,21404.8,18934.3,17448,22679.4,20608.2,21897.5,23574.3,18856.3,22613.2,21963.1,19875.2,22069.5,22974,17590.5,18625.5,19567.3,21379.5,21784.7,19579.4,23109.3,20327.2,19616.8,22601.7,22054.1,22157.5,23408.3,21135.9,21050.3,23408.7,23248.2,18784.3,23759.7,19849.5,19106.5,23294.6,22514,20393.8,22958.3,22180.9,23645.8,23899.7,20946.9,21417.5,24835,20342.1,20669.2,22300.6,22393.4,23036,21611.5,21582.4,24512.3,21590.9,22065.3,19474.2,19802.8,21119.1,22052.7,21902.3,23684,18265,20432.7,21415.5,25013.9,19557.8,22201.3,19006.3,18861.8,18550.7,21690.8,24207.4,24627.6,21570.8,20561.2,23888.1,29524.5,31554.6
36548.9,31306.2,26329.6,24407.8,23943.9,19468.5,20210.3,20637.9,18257.7,20781.1,18491.2,17344.7,21120.8,22017.1,21596.5,17134.6,18402.9,21711.2,22712.7,20426.5,17516.6,20078.5,18329.2,21074.7,17182.2,22403.1,19601.8,21390.6,17437,21847.8,18261.9,21981.1,18790.4,19189.2,22519.7,19475.4,19126.5,16832.4,19746.3,21322.5,19117.9,18777,20071.4,18805.6,19784,21098.5,20878.1,21021.3,19229.3,20690.2,21418,21666.1,21237.1,19706.2,19178,17702.7,21148.8,21952.6,21396.2,20690.8,22027.1,18113.2,19113.4,18349.3,22356.6,17705.2,22364.9,22172.8,19476,19561.7,19587.1,18690.7,21951.7,16662.2,21996.3,17622,18487.3,20421.1,21233.4,16424.4,21474,17562.5,16757.7,20485.6,16551.1,18836.6,20218.6,20570.3,20520.3,22077.3,22272.8,20326.4,21630.1,18258.8,20592.9,20087.3,18526,17618.6,18171.9,16110,19304.5,21609.1,19201.7,16575.6,18674.6,5639.98,15575.9,18467.6,19510.5,18657.7,18387.6,21163,15612.5,15450,15984,19661.6,20441.2,19930,20538.8,16323.3,20444.3,19061.9,16603,22219.6,18031.4,17325.4,22568.7,21382.4,18900.5,20180.3,22458.8,22859.4,22705,20460.9,18670.8,16258.3,20958.5,21280.1,18519.8,15943.1,16438.6,21168.7,18874.8,21525.9,20750.7,20678.8,19472.4,17866.1,17975.8,17014.8,18806.1,17174.3,16079,16646,19204.7,21414,19174.3,17534.9,16719.1,21968.7,16739.8,16578.8,15630.1,19807.7,20541.7,17611.7,21396.8,19180.1,20292,22046.2,23015.4,19601.7,22127,21868.7,17687.9,21569.6,17211.3,22241.5,18090.3,20871.4,16573.8,22918.3,21694.2,19161.4,21927.8,17754.1,20282.8,21521.3,16616.7,17046.7,19322.9,16541.6,17928.9,19107.4,16943.1,20989.9,20997.5,22577.4,20452.5,17047.1,16323.9,19788.7,18319.3,22302.2,18938.4,16928.4,16814.3,22696.2,17616.2,21618.7,20906.1,19167.4,19817.6,17112.3,20735.9,21096.3,18407.1,20745.1,16921,18385.3,18687,21498.5,16624.8,20285.9,20443,18857.7,16546.5,19404.9,20858.9,21932.7,22376.4,22714.5,17753.3,17016.1,21784.5,16807.3,19606.4,17825.3,19273.1,17473.6,17838.7,18399,16506.2,19857,19250.5,19969.2,20805.1,16465.8,17316.7,16894.3,18330.5,17487.7,21769.7,17860.8,16167.8,15977.4,16673.8,16827.1,18075.8,21862.2,17991.1,17512.8,19710,20919.6,18077.6,21580.6,21136.2,20444.8,22166.9,21690.8,22338.7,19567.4,16958.1,16221.9,18681.5,19837.9,22142.4,20580,20368.7,17087.6,20772.6,20433,17548.5,18734.8,19110.1,17190.7,21435,17850.1,17753.4,20917.7,21321,18085.6,20639.5,21301.6,19033,20998.1,16739.5,17826,15930.2,18686.8,17935.3,16375.9,16820.4,16330.1,19671,16532.9,16059.9,20572.2,17854.3,17572.1,18180.2,23149.1,18543.4,19243,19923.1,23124.8,17406,22093.3,19165.7,21719.6,19866.9,22361.5,23500.6,24265.6,23213.5,22932.6,19502.6,23257,20940.7,22996.8,19635.1,24060.2,24456.3,23603.2,20321.3,22635.2,23046.4,20906.8,20293,22966.4,21721.4,18843.8,21331.3,23571,19220.9,21785.5,24662.9,21126.2,23383.5,21874.7,24189.5,21576.7,22471,24411.2,21223.7,24485.5,18454.2,21353.6,19466.2,19794.5,18428.7,21312.3,18759.9,19045.5,21994.5,23696.9,19667.4,21544.1,19845.8,19872.4,23358,19829,19165.2,24033.4,24180,22800.5,19126.8,19017.9,19848.6,21817.7,25490.8,25172.5,25500,32259.6
35569.8,30793.9,28986.6,23987.7,19433.2,20693.3,19371.6,19879.3,22042.7,23208,20636.4,19153.2,21406.9,20186.9,19439,21762.6,20365,18018.4,22696.5,18508,21982.8,21021.8,20040.3,18177.5,17042.5,18585.2,19720.1,19950.5,21756.7,22340.2,19236.9,20456.2,18355.4,16562.9,20355.8,21566.4,16684.1,17224.4,22470,16832.3,16774.3,16412.5,20922,20193.7,20912.2,18898.4,17022.9,20225.6,21453.1,16702.2,17312.3,20595.7,18100.8,20955.7,20800.9,16825.5,16144.8,19025.4,17830.3,20173.1,17439,16187.7,19356.7,16645.7,21670.9,22414.1,21171.9,16034.1,19921.1,21978.6,19330.5,20169.5,16844.2,20763.4,20500.2,20873.6,16669.4,18468.6,17058.2,20812.8,16179.1,21369.7,21119.9,15910.1,21713.7,18731,18944.8,21192.6,22417.8,22081.8,15899.1,21128.5,16502.4,15907.7,15786.2,18766.8,16520.3,20075.3,21359.3,20994.2,17983.4,18872.7,15825.2,19544,18748.6,18571.4,17450.8,17275.1,19736.3,17604.7,17319.4,19201.6,17205,20299.5,16563.9,15959.8,21068.6,20994.6,16946.2,17907.4,18651.9,20521.1,17494.7,20685,21828.6,21193.9,16366.5,16575.4,20775,17929.3,18957.4,20568.1,17865,21696.1,17165.2,17461.3,17623.7,20021,15335,17812,17454.6,18090.6,15386,16840.7,20705.6,21362,21211.4,17838.5,19918.1,20095.2,21436.6,17552.7,20534.1,21496.9,14841.8,16066.8,19550.7,18517.9,16277.9,17281.4,21895.8,16584.1,16162.2,20733.2,17159,16019,21300.3,17907.7,18504.7,21278.5,20500.9,18110.8,18054.4,21848.5,19754.3,20433.7,21168.6,23335.3,21277.9,22177.9,22542.8,17172,21374.2,22042.9,19590,18224.6,18262.5,18432.2,21894.3,22170.9,18487.3,19998.8,22386.9,18514.1,21192.5,16548.9,19295.3,21589.2,20333.1,22227.4,19517.2,16903.1,22675.3,22595.1,20037.3,19579.8,22787.3,22091.1,21817.2,22700.5,20705.8,21000.9,19495.5,21480.4,18633.4,21806.1,19549.3,20003.6,19496.1,21762.2,17838.1,18318.7,17917.5,19765.1,22316.7,18134.3,19913.5,20950.7,20680.1,18447.7,16677.3,18639.8,17022.6,22524.3,17936.7,16722,21678,19922.2,20136.6,17080.5,18579.2,18340.8,17630.5,19464,20679.9,16556.5,19381.1,18392.6,18706.8,20091.9,19470.1,22106.9,16277.8,21366.9,18200.7,20208.2,21080.1,18494.3,21047.4,22035.9,22055.4,21652.5,21237.3,16896.1,20657.3,18514.1,19315.1,17806,21533.3,20764.9,17692.3,18372.5,19497.2,20817.5,16292,16226.3,20934.8,19203.7,19498.1,20096.1,16081.3,20238.5,22380.1,19422.3,19607.2,19773.7,20019.3,15999.7,21455,21043.3,17175.5,21136.5,19749.4,18703.7,17927.8,17501.4,22159.7,19541.2,22405.1,22703.6,19057.3,18165.9,21052.4,21686,16559.9,20316,20136.2,20238.7,16226.4,18223.3,16252.7,18914.4,17153.5,18438.4,18779.5,23038.4,22595.9,20064.1,21129.2,20748.7,19928.9,19229.1,19845.8,23173.2,23012.6,22699.3,20981.4,23912.1,24396.9,18739.8,19179.2,22655.4,20534.7,24425,23054.3,23570.1,19866.5,24347.1,20269.4,21171.2,18570.8,18260.3,22533,21271.8,24785.8,22100,23137.4,19170.1,22127.6,24429.3,19534.9,21945.5,22793.4,20441,23048,22875.9,19986.1,20383.6,20531,19908.9,21947.2,23387.6,23261.2,24321.1,24367.2,21596.8,22251.2,24131.9,22401.9,21461.9,24914.8,22313,22687.2,20802.3,22374.4,22032.1,19034.3,21521.9,23615.2,21289.8,25861.6,27764.6,26281.4,34866.8
36671.3,30065.4,27307.2,22610.6,22451.3,19766.6,21901.6,21710.9,19078.7,21623.9,22106.1,20721.2,17920.9,21730.5,22798.8,22397.6,17016,17506.2,22800.7,19469.4,22683.4,17455.3,20372.5,17555.3,21191.9,18979.2,19017.7,18206.2,21387.3,17888.8,19237.6,20915.1,20991.5,16721.5,22142,18891.8,17264.5,20237.5,18004.3,17484.1,20913.6,20372.9,18562.9,16017.8,19211.7,20416.8,22349.1,15967.6,21641.7,18279.7,17065.7,17556,19391.3,20294.3,16720.4,22488.7,22283.1,17490.7,16317.1,22027.8,20290.9,21531.5,19836.1,22034.6,19109.7,16819.4,20299.6,21852.7,20668,16397.6,21033.8,16230.5,17723.5,17914.2,17732.1,16970.1,16248.9,16120.7,22432.6,18729.3,17029.2,21119.3,17763.5,18658.7,19210.6,19344.3,16623.7,19744.7,21295.9,15696.4,19124.3,18534.8,18422.7,15730.2,19033.5,19750.9,15618.3,17005.8,20246.7,19420.2,16253.9,17278.7,20702.1,15875,16800.3,17915.3,16275.4,21750.9,18911.3,16238.4,15257.9,21053.6,17541.2,18717,21621.3,22108,18313.5,17268.4,20552.7,20277.3,21911.2,19228.4,22199.8,19116.7,19825.7,20893.8,16329,16693.9,19404.6,22501.4,21787.4,19582,18447,22621.2,22149.3,19767.7,17261.6,18851,19444.3,19122.8,16195.2,17553.9,17116.7,20399.2,16772,16683.6,18932.8,19117.3,20683.9,20559.9,19234.7,18583.8,15990.7,21392.4,18020.4,16310.5,17355.5,17854,17113.2,17964.2,17764.8,16212.4,18174.4,19320.5,17766.6,16694.6,22137.1,16792.2,19656.1,22436.8,18480.8,18605.3,22130.6,18466.4,20630.4,21437.9,22856.9,21846.9,18053.3,16902.8,17309.4,22640.1,17027,22703.7,22699.2,19727.6,22594.2,18108.3,17823.2,21310,21872.4,22696.9,16881.4,20658.1,22809.4,18148.2,21943.3,18689.1,18560.6,18568.8,19147.4,16807.3,22906.7,21460.2,23031.7,17534.9,22970.7,16815,21158.7,17672.4,21448.9,22801.9,20534.9,18584.4,17427,19307.7,22137.3,21523.5,20876.6,18097.2,19024.9,20651.5,17383.5,22727.1,17724.8,18190.1,20644,18554.2,19146.2,18480,21179.7,19701.9,16642.4,17303.5,19892,18635.1,16878.6,21561.8,19025.8,18060.3,21573.1,16699.1,19080.9,19352.8,17465.1,16420.7,20880.9,20507,17830,20131.9,19221.7,18006.6,17389.5,17037,16928.3,19752.1,21712.8,17341.5,16908.9,22168,21565.2,16844,22002.4,16413.3,15892.6,18376.7,20768.7,21731.1,19995.4,16727.7,18476.3,19188,17111,16316.5,22351.9,21876.2,16238.4,18239.4,16840,21022.4,18189.3,21646.1,22217.4,21962.8,17449.2,15622.2,16170.8,20954.3,18887.3,21636,17993.1,18602,21821,20497.5,20904.9,21452.8,17839.8,21945.8,16363.4,22027.5,18682.9,18538.6,22383,20145,20310.4,18041,19715.5,16376.3,19712.3,21016,16512.7,22511.5,22659.2,16940.3,20397.9,21161.4,22562.8,23408.9,22485.6,22449.5,17521.5,22826.9,22993.9,21807.3,21496.6,18431.1,18855.5,21880.2,20313.7,18642.8,21809.9,23864.8,19875.3,20272,22423.7,20031.8,22940,20629.3,23379.7,22049.6,21308.1,23604.8,19013.4,24667.1,25236.4,19214.5,19354.8,18831.2,22837.8,19970.6,22889.5,18228.4,18333.5,24615.5,21514.9,18488.9,22655.3,24351.9,20064.3,23195.6,22539.6,18261.8,24258,21986.5,22292.3,21278.9,19508.1,18463.5,24556,19625.9,19118.8,21949.6,21614.1,20806.3,21507.2,21565.9,24094.4,20970.2,24833.8,25217.2,22454.8,23916.5,29146.6,32422.9
34289.5,28379.7,23932,23152.2,19993,22696.8,20907.7,22546.8,17863.8,21400.6,18132.7,17218.1,20231.7,20415.3,16959.5,21145.2,18494.6,18058,18254.6,21861,16568.6,21201.1,20623.3,22219.4,18995,19374.7,21472.9,18210.3,21638.3,21775.9,20948.6,18076.6,18501.1,22528.9,21761.7,21896.1,19417.2,17411.7,21457.9,17507.3,18737.7,21408.7,19203.3,19439.2,20020.2,22032.5,21533.4,17822.3,18225.7,21460.8,20958.9,18501.6,21387.1,20867.5,18430.4,22465,21740.9,17856.7,20365.3,20947.4,21750.2,17690.3,21325.7,19439.9,21457.9,16745.2,21471.1,16147,20332.4,17553.8,22481,17760.4,18138.1,19775.9,19462.7,22313.3,17477.9,19073,21544.5,20859.2,19009.5,16460.2,22396.1,21982.1,17096.5,21144.1,16284.6,17931.7,20335.1,21027.7,19098.1,19276.8,19215.5,21875.6,16924.8,21700.8,17414.2,15085.9,20311.2,20689.5,17573.1,19430,19552.1,16375.8,17548.5,16824.7,16374.7,21128.2,18788.5,17400.5,20507.7,18560.6,20543.9,17115,21224.9,16468.1,22198.1,20503.7,18761.3,22061.6,22147.3,19812.6,21018.7,19284.7,19838.5,17543.4,19686.8,21126.4,19102.8,21174.4,22285.6,19758.9,16650.2,21245.4,20889.3,18401,19371.7,21810.5,20350.8,15919.8,17247,20573.6,17462.8,19575.3,21320.2,19969.1,21800.6,18749,21429.8,17340.7,20694,16974.7,19229.7,16740.6,17512.3,21545,19464.9,20862.4,16117.5,16349.6,21635,18401.1,20133.6,19039.4,18078.3,18091.7,20589.7,16785,21581.8,22053.8,17427.7,22489.9,17049.8,19205.1,19424.8,23084.4,20816.7,22466,19622.3,18142.5,16785.6,21778.4,17215.3,21118.1,21243.8,22436.5,17494,18183.3,21247.9,18316.4,20556.6,22261.2,22425.3,18772.1,16390.7,20029.7,21432.4,18172.7,17590.4,20849.2,21742.5,22009.5,20023.9,20098.1,20114.3,18646.2,21194.2,23136.8,20728.9,22337.9,17649.8,18738.9,17590.8,17257.7,23207.9,18586.3,23448,22554.3,22940,21208.2,22847.6,21070.4,21938.7,20952.8,16753,20535.2,20515.7,16762.9,17521.3,18158,18529.4,18334.7,17176.8,18067.3,17119.3,16496.5,18221.5,18320.1,17440.7,22131.9,19870.1,17623.1,16926.4,22380,19318.6,18940.2,20759.1,22049.7,19572.7,16720.7,20420,21577.8,17747.2,17570.7,16461.9,16425.4,19620.6,17419.7,18536.3,19537.1,22062.9,17938.9,21269.6,18606.1,19362.6,21156.9,16850.2,18144.1,19599.7,19433.6,16440.5,16815.9,18533.1,15998,16285.8,20632.9,17214,19328,21315.8,21582.7,22443.7,21755.2,22634.5,21172,19029.7,19459.6,20979.6,19494.1,16518.2,17427.7,17229.6,19874.8,21801,22700.9,22123.3,19336,18022.8,19625.6,16391.1,22303.3,19349.2,19171.7,21460.6,17289.6,17029.5,19120.1,18010.7,19371,19469.3,17100,22156.9,21498.6,22237.8,20950.7,20018.9,17365,18903.3,22644.7,23398.8,19963.9,19663.4,21774,19430.6,22238.6,23045,20983,21411.9,20513.2,19071.3,22397.2,20469,19695.8,19043.2,23415.9,24818.6,23514.9,24293.7,22847.7,20346.3,18306.2,24607.5,21395.9,22485.2,23094,22118.6,21885.5,24517.4,24294,23692.4,21370.5,18142.5,18775.2,19112.2,21518,22039.9,21212.8,23721.2,18723.7,24246.1,19417.5,24381.1,24173.8,23271.9,21725.9,22364.7,23705.2,18597.8,25023.1,24330.1,23095.2,20553.9,25382,22967.5,19969.7,18899.2,22898.7,22149.8,19037.7,20229.1,23919.8,26915.9,25095.9,27177.5,36739.5
34296.9,25986.8,23088.1,24505.4,19673.9,21041.3,19659,17701.4,18979.2,21027.6,20140.3,20504.5,20378.7,18394.5,16811.8,17293.9,21786,17411.8,19852.1,19268.7,17472.2,19557.5,21734.1,18319.2,16653.4,20058.3,20509.5,16540.5,18414.5,20808.7,20545.9,22210.7,19708.6,19852.4,21830.1,22072.8,16895.1,17372.9,16915.2,20461.6,21583.7,21637.1,16783.5,18397.8,18045.8,18099.6,17252.1,16273.9,20051.3,17470.1,18583.2,18463,21408.5,21279.5,19197.9,17724.8,22350.2,19138.1,20221.5,21621.3,22281.3,22014.2,20389,21396.4,18636,19897,16546.9,20293.6,16702.8,16989.8,17928.2,18754.1,16779.4,20927.9,22512.1,21011.1,21412.1,16605.2,16865.9,19790.7,21298.1,17495,22066.2,17054.2,21954.9,16770.5,21759.3,21416.8,18168.4,17925.6,21678.2,20510.8,20830.8,16175.8,18308.3,20547.3,19568.4,16758.1,19306.7,18316.2,18192.7,17588.1,16111,19141,16187.2,16320.8,17188.7,17392.9,21803,16782.4,20783,20031.1,19809.9,20791.6,17839.6,15522.5,15898.1,20525.6,20713.8,17314.6,18561.8,21759.1,15992.2,18263.4,16331,20002.2,17285.8,21918.8,17075.3,22165,23050.7,23028.5,16626.6,18751.4,22624.5,16396.3,20598.7,21440.3,18296.4,16720.6,20067.5,16644.7,21710.9,16682,19787.5,19582.6,17896.1,19326.7,21521.3,21840.7,20249,21125.1,21072.5,18522.2,15708.5,17611.5,17648.7,18820.9,16330,21498.2,19481.1,20174.3,15971.1,18842.1,20337.5,20507.8,20420.4,17189.6,22703.3,21197.4,23139.2,20577.5,22426.4,19996.2,19188,22575.5,22737.2,21670.4,17150,22727.1,16880.7,22599.3,20318.9,22892.1,21641.9,18391.1,18073.9,17564.8,19446.3,21867.8,20006.3,19932.9,22503.3,21937.5,22729.2,16908.2,17905.5,20277.6,18605,21061.7,17819.9,17109.9,18571.4,22289.4,20674.5,22179,17736.6,18386,21278.9,19846.8,21829.9,20669.7,22957.9,19213,16964,19709.3,22646.3,22035.4,19748.2,17811.7,18207.7,20111.6,22294.4,17698.4,17651.4,17134,22744.7,19801.2,20427.2,19023.4,20321.6,22044.3,21310,20761.4,17569.5,19663,21397,21904,20451.4,16763.4,21786.7,19808.5,19586.7,19912.1,20015.4,17413.2,17169.7,16717.6,18943,21454.9,16640.2,19230.9,21075.9,16077.7,19112.2,18376,18363.4,21799.2,16015.9,17080,15917.4,18880.1,21697.3,20719,16945.8,20382.5,18857.7,17030.5,19715.3,16343.3,22557.8,19769.8,21929.8,18239.3,17777.6,18605.1,17385.7,19204.2,22304.1,18983.8,20245.2,18582.2,22236.4,17064.5,21971.3,18964.1,19488.8,22137.4,21134.5,16600,21903.8,17451.4,19383.6,20097.7,19542.5,21165.1,18865.9,18286.4,17875.8,19751.7,18844.8,20016.4,19642,22358.5,22309.4,17491.8,17694,19841.3,20992.3,20467.8,18737.2,22769.2,20630.9,18596,19623.9,23133,20069.6,21213.7,17954.4,23416.4,20553.1,22171.3,19711.3,17849.3,21949.4,21062,18074.3,19424.4,21560.1,19805.8,21305.6,19782.6,22986.3,20354.7,23100.2,19110.8,24313.4,19410.1,23945.3,22673.5,19413.2,18406.7,24947.6,19038.5,21962.1,20545.2,20949.6,21413.1,24226.9,19468.7,23352.5,19985.8,23023.5,22130.9,19944.1,23284.8,18684.2,24278.6,19956.5,20409.3,17847.9,24064.7,23541.3,24143.5,20122.6,18871.3,20158.6,21566.8,22754.2,22832.7,20542.1,23545.6,21771.2,24631.1,20258.8,24285.7,22686.5,21715.4,23250.1,25520.6,23050,25929.8,27947,34301.1
36602,30990.1,28546.8,25206.5,20597.1,23763.3,22655.2,22402.4,22048.7,17325,19963,19979.7,17921.2,21322.9,22819.4,17899,20880.2,17659.2,21819.1,22318.1,18455.6,22352.5,22595.3,19434.7,20450.2,17198.8,21200.1,17008.5,17221,17249.3,17757.9,19477.2,22611.8,17862.7,20684.5,17783.4,18227,19995.7,16865,16124.7,19100.4,19323.1,20572.2,21974.4,21445,18192,18235.3,17443.8,18602.6,17339.8,19136.9,18367.7,21652.6,21595.6,17169.3,16420.4,20312.7,22216.6,21302.4,21466.1,18369.9,19405.7,21983.3,22056.7,16875.5,16479.2,16740.8,19287.3,16978.1,20236.4,17123.7,20401.6,17676.8,17184,17443.8,18708.3,16930.6,18657.9,17185.2,20886.2,18970.5,16386.1,18372.4,20647.5,16124.3,18748.9,18898.7,16498.4,22264.4,22333.4,16209.7,18052,18914.5,20693.5,16105.4,20266.7,20398.2,20296.2,21559.5,20127.4,15918.4,18418.2,19866.8,20157.3,21593.2,20709.5,20966.5,17580.1,21358.6,21120.2,19261.2,18275.3,18293.3,21094.5,20260.4,19238.4,20723.8,20766.2,16047.4,16754.7,21424.9,17664.6,19874.7,22178,19145.5,17210.3,21365.8,21865.3,19562,17625.8,18886.2,18753.8,17905.8,17123,16957,21273.5,16267.6,15997.3,20278.3,20842.8,17741.5,21224.6,19656.7,20800.4,18076.7,15564,16905.7,20676.1,20222,16426.2,21670.9,21749.3,21205.2,19130.2,16539.1,18208,16220.5,17024.9,18696,16811.5,20856.5,21316.9,18729.2,19157.5,21537.6,21585.4,21341.6,20355.2,20170.6,22880,21061.5,20873.4,17800.1,18253.5,19037.7,19938,19657,22779.2,19434.3,18194.2,16994.8,20906.3,21507.6,16993.9,22034.6,20917.1,17476.1,18390.2,22155.4,17662.9,19542.4,20884.5,16513.2,22650.3,18267.9,16808.2,22379.6,21240.9,18726.5,18715.8,20416.3,21462.2,16538.5,21015.4,20838.8,20801.6,17638.2,21064.8,19191,22502.3,20538.2,20450,21456.9,20041.7,21724.6,22744,17482.7,23164.5,19789.9,21313.9,20621.7,18183,18237.4,17963.6,21924.5,22587.4,22694,22623.5,18023.3,17173.8,18065.1,17585.8,17365.7,17109.2,22117.7,21672.2,16712,17889.1,16732.7,18754.2,17951.2,22251.2,17831.9,17674.7,16108.9,17045.8,22440.4,18919.4,22349.9,16665.5,18122.3,17777.2,19402.5,16892.5,18777,21534.7,18426.4,20007.6,22446.9,16554.8,21006,19961.5,21280.2,22468.3,20846.8,20266.2,22665.5,20924.1,22595,18663.6,21069.3,22812.5,16983.4,17545.7,16577.5,15966.9,16322.1,20104.1,16115.1,17561.5,17480.7,19923.5,17147.6,19770.6,20010.7,17901.7,16952,21993.3,19463.3,21063.5,22517.8,18199.1,20664.9,21110.7,16592.6,16075.7,16695.3,18229.4,19916,17227.5,19775.1,20496.3,21634.7,22164.7,21370.5,17983.1,21558.1,18370.7,22553.4,19061.1,21897.7,22552.3,21036,22896.4,17065.2,17905.9,22212.5,18316.1,20634.9,22994.2,19279.9,17683.3,19754.9,21721.3,21151,17945.2,17838.4,23270.1,23211,21336.8,19845.3,24273.4,18608.2,19248.4,21292.8,22169.9,18136.2,18813.6,24655.2,24432.3,20085.6,21619.6,19179.1,22792.3,24238.3,24075.9,20486.7,22246.8,24530.8,21722.5,23065.9,21795.2,23933.1,21216.1,23605.1,21343.2,19430.7,18611.5,22027.4,22075.5,22593.2,22608.9,17693.2,19195.1,22337.7,24584.7,23171.9,22973.3,23783.4,24596,23431.5,20056,22763.7,21236.7,18893.3,21114.4,21726.4,22121.8,21472,23745.8,21773.7,27501.5,27845.8,36253.2
36178.1,26417.2,26691.5,23293.5,19503.1,24208.5,24247,21497.5,20239.4,19965.9,19002.6,23256.7,18801.3,17145.5,22198.3,17131.8,18877.2,16758.8,21693.9,21685.5,21144.6,16867.2,22579.1,21743.4,16638.5,19465.5,18427.2,21475.2,16888.2,20081.9,22314.2,19436.3,18791.2,17814.6,20733.2,21081.1,17394,21405.8,20177.3,19341.7,19201.5,19011,21351.1,17705,21051.7,16874.9,17269.9,21122.3,16242.9,17737.2,18327.6,18348.3,21795,17093.8,16895.4,19935.8,18739.8,16582.1,18522.8,20264.1,18979,20292.9,21534.6,22237.4,20111.2,19283.2,16907.7,21761.2,21868.2,19117.1,17891.6,16856.9,16365.6,18178.3,17916.7,17482.8,16741.7,19898.4,16944.5,17630.5,16246.8,18928.5,17215.8,17819.1,16962.9,20842.3,17487.3,18592.9,19307.8,15934.9,22268.1,19613.8,17969.8,20257.9,15581.2,20413.4,21251.9,17685,18425.8,18200.8,15053.6,19732.6,19619.7,15611.7,20602.3,17236.4,19965.3,16431.8,20462.2,19118.6,16218.3,14992.6,18414,21029.4,20356.9,21652.3,18086.3,21417.2,19505.8,19095.4,18404.3,21897.3,19766,18315.8,19019.8,17192.9,19998.9,17185.4,16891.9,19845.5,20563.3,17333.6,20788.7,22515.1,22908.6,22070.6,19001.6,19971.7,18679.5,19016.3,18937.7,20322,19874.8,18675,21147.9,18141,17823,18422.7,17845.7,22063.1,18875.5,16950.4,21009.5,16052.3,19931.5,20802,21807.4,19629.1,16246.6,20945.8,21792.3,21144.2,18430.2,21399.7,20972.2,16189.3,17953,19653.5,18159.3,19995.6,21188.5,21252.6,21498.2,22785.3,20550.7,19948.1,22882.1,20164.9,17189.3,20816.9,22236.4,19766.4,19271.8,23107.4,19002.9,20653.5,18495.9,18513,20668.1,22181.3,21769.4,22664.8,17060.2,19925.9,16999,17126.2,19639.2,21014.9,21778.2,18241.1,21141.5,19015.1,17988.8,21291,17255.3,18801,16705.2,22040.7,17632.3,19512.6,24276.7,19641.6,19020.1,18619.8,22305.8,20105.3,21555.1,18571.6,17078.7,22344.2,22650,17204.3,16850.9,19775.8,22178,20921.4,18789.5,18151.7,17612.3,18641.7,21592.8,19421.7,22905.9,22566.8,20219.4,21175.3,19028.6,19465.9,20309.1,17986.3,18662.4,22667.3,19290.9,17660.4,21690.5,16575.6,19419.4,21805.5,18724.5,20953.3,17049.1,21843.6,19516.9,16766.1,19420.1,17021.5,16134.9,21193.7,18273,21799,21316.6,18163.3,18061,16925,22299.9,21142.6,22367.2,21670.3,20307.2,22776.8,19608.9,18752.3,18135.3,20179.6,21934.9,19215.8,17755.1,19997.4,19154.2,19781.7,20018,18109,18835.3,16346.7,21537.2,19652.1,21867,19223.4,19670.4,19828.1,18756.4,17016.4,22039,20522.6,19996.4,16951.6,20961.4,17398,22256.8,21629.9,22269.7,16544.2,16730.2,20513.8,21808.9,18083.8,22022.3,19749.2,17696.5,18950,22204.4,21287.4,18050,23177.9,22613.4,21853.4,23101.9,19933.3,22130.3,20875.3,20482.6,18956.7,21983,19881.7,23355.5,23991,21036.1,20393,19308,23549.4,20679.3,18273.9,24340.9,24274.4,18524,22939.6,19397.2,23353.1,18604.7,24484.4,24659.4,18811.8,19899.7,23207.3,21010,24880.7,24755.8,19998.5,24665.7,21575.9,24413.6,24451.1,19285,22967.1,23464.7,20930.2,24584.6,18521.6,23414.9,18528.9,24428.8,21609.3,23990.6,20500.6,20967.4,21416.5,18909.6,18389.7,22163.6,24065.6,24859.8,23962.6,19235.7,24645,21781.3,21549.8,22789.4,23910.7,24520.1,20076.7,22043.7,24831.9,28003.7,30515.4
30906.6,31272.1,25604.3,27173.9,22325.2,19436.8,22456,21538.2,20334.5,18195.1,16990.6,17395.4,17649.7,21597.8,21898.6,17765,19432.1,19921,18437.8,23143.2,19751,19713.6,20411.9,19661.3,22433.6,21228.9,18696,21503.4,22865.7,17097.4,18206.4,17103.9,20200.4,22409.5,20515.6,21102.5,19747.6,21363.8,21699.6,21790.4,18241.4,16509.9,16287.5,16263,22127.1,18975,18374.6,16783.8,20393.1,22376,17187.3,17712.2,20553.4,18336.8,16355.9,17411.5,19506.3,20670.9,16398.9,21109.1,16118.2,21837,19790.8,16915.6,18336.7,18472.4,20640.2,18634.6,19835.9,21937.8,17762.5,19259.2,16066.8,22038.1,19348.7,16647.5,18793.6,17129.5,16427.9,18669,17583.5,19842.5,18905.9,21857.2,21007.1,22213.4,18556.4,16388.4,16075.9,17860.8,16470.8,19462.5,16160,19964.2,20840.9,16476.4,16286,17240.4,20261.4,20436.3,16823.3,17820.9,17891.6,15869.1,15040.2,20895.9,15309,16822.4,21552.2,19135.4,21211.6,15674.5,16725.1,16790.5,15570.2,15911.3,21161.8,18524.4,20185.7,19014.6,18163.8,19625.8,17672.5,20247.1,20369.2,19254.7,19492.1,20419.2,16252.9,18642.4,22164.9,21108.9,22511.4,18067.5,18634.4,19136.2,18740.8,20079.6,16865.4,16122.9,17581.1,16983.5,19787.8,21120.6,16873.4,20461.6,15945.1,16924.8,21251.2,21349.2,16413.7,21950.5,19975.9,21387.1,20082,16238.3,21668,21558.6,18549.4,20306.8,19323.4,19238.5,20342,21843.2,16206.3,16464.2,15916.7,16938.4,17389.2,19233.9,20437.6,22644.5,22350.4,20159.4,17127.6,19184.2,18829.3,21555.1,22543.7,21746.9,16872.5,17691.7,16696.2,22932.4,23026.3,21804.4,18543.3,22196.2,22466.4,19999.7,18983.7,22529.6,21632.7,19117.8,21096.2,18029.2,18038.9,17214,17895,21899,18602.3,17883.8,19351.8,19075.3,20372.3,18936.2,17458.5,22372.2,18656.9,18402.5,20639.1,22736,23661.9,22793.2,20344.1,19634.4,17512,18895.1,20448.4,18399.5,17781.6,22945.9,17234.8,17418.5,20805.6,16703,17577.6,20007.5,19786.4,18844.8,22183.6,23121.3,17046.7,22537.3,21161.7,21173.6,18703.7,21349.2,16455.9,22475.4,20108.1,21063.7,16988.2,16487.8,18667.2,22285.5,18738.6,18469.1,21001.6,22186.2,19871.3,18492.3,20234.1,20991.4,21162.8,16297.7,19423,17715,20835.5,16960.2,15647.3,19902.3,20659.6,18084.7,20304.1,20815.1,20925.2,17786.6,17384.2,16841.8,17967.3,22272.2,18158.8,19073,19005.2,19019.8,22062.8,16863.4,15848.1,18114.1,20877.3,18819.9,19306.2,21575.2,22372.1,22317.2,16335.3,18755,21130.3,18054.8,18449,16841.2,16532.7,16494.7,17794.9,21170.1,22532,21977.4,16328.2,19564.7,17109.1,21155.8,20275.2,18521.4,19440.4,16859.8,19832.6,17440.2,17465.9,18277.2,19285.5,17911.1,18912.4,16706.7,22570.9,21262.3,17186.9,19738.9,19539,17482.6,21622.9,18207.9,18083.6,18753.9,19783.9,17818.7,20148,20987.9,23817.3,18739.7,21545.9,24312.9,18491.9,19020.8,18627.9,24920,25083.4,21736.3,24413.3,18972.1,19139.9,22914.8,19013.8,21799.6,25045.3,20130.4,20583.8,24403.1,23484.8,22895,22198.2,23260.3,21210.2,21183.9,23172.6,22418.9,24739.5,23808.8,19474.7,18244.9,20840.6,23266.9,22915.2,21812.6,17946.2,18700.4,21860.5,21806.7,19212.7,23476.8,21126.9,19767.9,18591,20920.5,22831.9,20289.1,21905.6,21283.6,19850.7,23309.9,27365,27850.9,26926.5,34166.9
36528.8,31724.9,24045.7,21090.5,25492.9,19595.8,20303.7,18078.3,23336.3,23318.3,22472.7,20848.5,22200.5,22407,21483.2,20697.9,19400.4,21430.7,18127.5,18442.8,16873.7,16794.8,21119.7,17334.7,17863.8,20490.2,19799.9,19999,20940,21614.3,22934.8,19579.6,22606,19716.9,21755.2,18973.9,22812.5,22583.1,18111.5,21819.8,17900.9,17833,16795.8,18441.6,17480.1,16123.5,16610.7,16370.8,20059.7,21135.6,20557.5,21074.3,17151,18000.7,21021.7,17063.3,18232.9,18716.3,22029.4,21075.8,21789.4,19986.8,22344.6,21113,18546.3,20170.2,18702.2,17744.6,16339.6,20513.8,21678.4,17033,18284.8,22092.3,19569.6,20210.4,21552.2,21628.7,18892.4,21683.3,22231.9,21086.9,17324.2,18177.8,18242.5,16671.2,16817.1,19328.6,18712.2,21716.9,18696.9,20434.4,20383.2,16267.5,20083.4,19244.5,21586.2,21702.9,17428.7,18378.3,20949.2,20161.7,17212.6,20740.3,17035.1,19239.7,18490.5,18228.3,21526.3,18267.4,15049.4,18496.1,18945,16139.7,21791.2,17452.1,19619.6,19906.3,18546.5,19609.3,21988.3,17438.1,21491.6,17205.3,19443.1,20129.1,16214,18596.6,20025.8,16505.3,20353.3,17979.1,19919.9,20440,18536.9,20298.2,21861.7,21033.6,20934.8,20411.4,16281.9,16915.1,21692.9,16499.6,19561.5,19852.9,19406.3,17428,19004.1,17290.9,16035.5,17227.6,20452.2,18577.9,17211.2,21711.7,20866.6,16035.8,21519.7,16201.9,16097.2,19778.5,21537.9,19329.8,21035.2,17271.5,21030.1,22111.7,17610.2,21752,22055.9,21376.4,19298,16918.1,20561.4,21563.3,22332.7,20313.9,21276.8,22638.8,19231.3,22656.9,20490.9,17229.4,18798.9,18091.4,18066.4,17869.5,18782.7,22190.5,17654.4,20036.8,19121,16542.1,17085.1,21382.5,22575.6,16587.1,22157.1,17663.8,17637.3,22390.9,17875.7,22210.2,20880.2,21332.7,19012.4,22467.3,23574.7,20815.3,20244.9,21174.6,20736.4,17938,19237.1,18570.1,18952.7,21893.7,17413.3,18898.6,18459.9,19902.5,20192.5,20468,22151.9,19993,18190.9,22582.8,18271.4,16764,20139.8,22405.3,16651.1,22462.6,19197.8,19651.8,22549.3,21078.6,20204.2,20011.2,20284.8,20945.9,22256.6,21621.7,16673.8,22594.9,21350.5,18582.6,22338.1,22677.8,22093.5,18191.8,18499,21989.1,22659.3,17031.7,16706.2,21947.6,18791.2,18176,16513.7,18738.1,18266.9,21707,21731.6,16454,22896.3,21037.4,18500.5,22092.9,16774.3,21011.5,17685.4,22026.3,18498.2,18893,16768.3,22567.3,18873.9,22629.9,16879.1,16320.4,18274.2,19502.4,16491.9,15966.8,17441.3,22316.2,20838.7,18859.6,16737.7,18883.6,20833.8,20687.1,20649.8,17451.6,20270.7,16501.2,16237.4,20206.6,20278.5,17427.5,22501.7,21108.7,17960.5,20077.9,19741,21983.7,18587.3,21277.5,17317.7,20926.8,20235.4,19506.5,19905.2,18997.4,18197.3,22875.4,23523.3,20131.7,22866.7,23895.2,22762.3,23617.3,19843.6,24205.8,23114.2,18576.3,24192,21705.1,21530.9,18335.6,19930.1,23905.9,21090.5,25068.8,21844.4,21496.4,20249,21004.3,23842.8,23662.3,24130.6,22888.2,23791.5,19078.6,18636.7,19316,24848.4,21441.4,23452.2,19286.3,20570.3,19986.8,18645.9,21363.9,20761.2,19796.3,22569.3,20831.6,21514.4,22684.7,22087.8,18093.8,22914.4,22856.1,24213.1,24217.3,22289.8,22890.7,24086.6,19942.3,20855.8,22786.9,23422.2,21458.4,20520.6,23106.1,24436.8,22807.3,22247.5,23950.7,28096.4,33473.2
36959.9,31527.7,25453.1,25043.5,22995.5,21833,23460.5,23714.7,18002,17633.5,23569.9,18815.7,19301.3,19450.4,21220.9,21572.9,18378.7,18831.8,21037.9,17158.6,22136.8,18607,20606,17508.3,18694.4,20160.5,22689.3,17526.7,20278.5,17753.1,20502.3,19250.8,21011.4,18849.5,22290.9,17405.3,20742.3,18686.6,20081.8,20146.3,18079.5,20249.9,22352.7,16397,16548.9,18214,19850,17975.9,19092.6,19551.9,18124.5,16940.5,18764.8,16211.1,21776.8,17075.4,18217.7,19681.2,21253.3,16169.5,21146.8,20187.8,17582.8,22289,20614.8,16280.3,18741.2,18001.6,18979.8,20339.7,19080,17572,19087,18764.9,16291.5,19119.8,19776.8,19108.5,16658.4,18284.4,19245.6,16784,19971.3,21129.4,17393.1,18571,18505.9,18590.2,21545.4,21952.4,20087.5,18276.1,17136,16972.3,17253.9,15978.3,16800.2,17420.6,15173.2,20000.2,17960.3,20496.7,16942.6,16247,18893.1,15809.5,21086.9,19637.2,16507.3,19909.5,17550.2,15434.8,20620.3,19585.5,18185.7,20394.6,15586.4,20450.7,19465.9,20712.6,22191.7,15930.4,17856.4,20441.1,18194,17447.8,20040.8,16431.3,22556.7,22878.5,21484.2,23075.1,17263.3,20051,18918.8,22237,16946.4,20970.6,16179.6,21040.9,17392,16621.8,18003.4,19391.2,19825.8,15623.3,17858.8,20258.7,17969.2,17171.3,17586.8,19238.4,20306.5,19479.1,17931.2,20405.1,16651.9,19747.9,19537.2,19227.6,22071.6,16538.6,16446,17769.4,17005,16032,15898.2,18909.1,21586.9,21888.2,18140.9,17027.8,18899.6,18025.3,19201.9,18908.4,20942.4,19552.2,23251.8,23241.7,21419.7,18501.5,21371.7,17017.1,18632.7,21255.1,17415.1,20813.5,20185.3,20018.8,17658,18905.3,19953.2,19130.1,19061.9,17295.1,17853.5,22132.7,20881.7,16844,17421.7,19187.8,20616.5,17837.8,16889.5,20522.8,17114.4,20710.5,21081.2,21818.6,22656.2,19809.2,19346,22388,19711.7,21721.4,22991.7,19897.4,23437.9,17154.5,20815.8,19927.5,19480,19373.4,22187.9,18039.1,21594.9,17584.7,23031.7,17815.1,22458.5,18907.7,22017.7,20715.4,19306.9,20848.7,16500.8,16391.5,21005.8,18805,19121.6,19509.7,21664.3,22647,22178.7,22694.8,21981.2,21791.5,22736.7,18094.8,19997.5,22622.1,19418.5,17262.6,19659.3,21565.9,21896.7,16997.3,17109.7,20885.3,20677.7,20273.7,15797,16319.4,22346.7,22291.2,21453.6,17899.9,17560.8,20536,16941.6,16857,21230.8,17245.4,18986.6,22186.6,20234.8,19262.6,20620,19875.8,20439,18722.1,21884.2,16346,19050.6,21374.9,17534,15963.9,21136.8,19655.8,16339,20281.7,19629.7,20407.3,16246.2,21703.4,17808.1,17690.2,16560.5,22096.8,20636.3,19792.2,17108.9,22614.8,22630.5,18518.1,17672.6,20587.9,20237.9,21622.7,17508.2,22201.8,20212.3,20247.4,20508.4,19151.2,22803.3,20870.5,22515.9,21343.5,19770.8,20256.3,19692,18997.6,21139.8,18598,17902.8,19774.7,20222.6,18832.6,19239.7,19132.9,23499.5,21801.2,18063.6,22252.8,24733.7,23247.2,21952.9,21446,23880.1,25047.3,19545.1,23585.1,22997.5,24533.6,20659,24098.3,22965.5,19651,19914.5,19249.8,24188.1,24556.7,22865.8,20564.7,20608.4,19519.1,23921.4,24574.7,20120.4,21070.8,24412.7,22260.1,21052.5,22349.6,20665.1,23190.2,20575.7,23139,21268.5,20178.8,24909.3,24524.6,19537.2,21533.9,23354.1,21033.9,20061.1,21178.4,20991.2,28204.3,31975.5,35564.1
35370.9,27631.1,28184.8,25409.9,23050,19475.3,22000.6,18517.2,17471.7,19993.4,17572.1,17046.1,20772.1,20275.1,18223.9,18466,17099.1,20229,17762.6,21335.1,18517,20344.4,21047,18084.5,22459.4,19715.7,21118.6,20903.4,18136.3,20717.8,16958,22994.5,18211.5,18863.1,19192.4,17458.7,20203.1,22650.9,21570.9,20246.2,16342.8,21680,18745.5,17585.8,21483.2,19825.8,18628.5,18854.6,21306.1,16221.6,21477.4,20339,20120.6,22529.5,20824.6,19097.7,16998.3,19966.1,19852.1,16251.3,17447.5,20131.3,19137.6,17018.7,17998.9,18296,18866.9,19812.6,20551.5,19693.9,20548.8,16949.8,17245.5,22529.5,17614.9,20594.4,22086.8,18132.2,20182.3,19025.9,17803.2,17784.3,17679.3,21216.1,19650.3,17337.9,16049.2,18471.6,21358.1,19165.7,18000.8,17142.4,22235.1,19367.6,21141,22284.5,22318.7,16584.8,17802.3,18159.8,16787.3,15376,21069.9,17557.2,15258.7,21315.3,18334.2,17579,18324.7,20130.6,19827.9,16225.6,16851,20204,16056.3,21249,18594.1,17093,19978.5,21351.9,20331.1,17791.4,19431.1,22447.1,17451.4,19975.1,21947.9,17131.4,21696.5,21936.3,19703.5,17452.7,22790,18294.3,20147.3,17922.4,19993.6,18302.5,17991.1,19725.7,16887.4,21291.2,21167,22043.4,19850.5,18232.2,18013.9,21298.4,19274.9,17196.5,16436.8,17000.1,20973.9,22170.4,15701.5,18355.5,21630.9,18169.1,18257.8,18017.3,16181.3,18425,21136.6,19689.9,22100.5,17155.7,16599.8,21628.5,18930.6,19937.9,17200.3,19886.2,17763.5,21625.2,23225.6,22605.8,19058.8,22989.3,18063.8,20515.1,17953.1,21567.5,19188,17346.7,17635.7,17536.5,19987.1,19034.8,19715.8,22356.5,21682.4,18464.9,18987,22074.8,19403.5,22586.9,21392.4,19456.5,21306.9,22057.9,22406.7,22401.8,19254.8,22543,21986.1,21788,22387.1,16713.8,17861.4,20863.3,22786.6,20555.3,23216.3,20627,20886.7,22586.2,17960,18245.4,17532.1,17561.2,17578.9,19740.6,16915.4,22059.6,17337.2,20788.6,21781.6,17531.9,19700.7,22443.6,18136.2,21217.1,17992.8,17147.2,19865.5,16559,18743,22575.3,21319.9,16693.5,17815.9,22077.3,17659.2,21722.6,21682.2,17170,20685.3,19653.6,17664.5,18136.3,21490.5,18188.2,21027.5,17766.1,20238.7,19100.8,17565,19329.5,17856.4,16261.1,21716.5,17268.7,18443.7,20678.5,20782.9,20884.5,19397.5,17242.2,16834.5,23117.9,22294,21723,17179.2,17260.8,21393.1,21407.5,19128.2,19566,22014,16162.2,20213.3,19026.7,22061.7,19681.1,16587,20942.2,20155.1,20745.7,17874.2,16993.4,21272.3,16854.7,21042.1,22734,21508.5,16970.2,20155.2,21664.9,18804.3,16325.8,15893.4,21879.9,19352.4,18084.5,16612.1,18760.2,21538.8,19074.7,20257.6,20048.6,20670.4,22880.8,20647.1,17160.3,20097.3,22891.6,22914.6,20709.7,19869.5,20419.1,20256.9,17970.5,23387.2,20380.2,24152.1,23475.1,18975.4,22656.5,19171.4,24464.5,24124.1,22649.1,18191.8,20906,24248.3,22928.5,20720.7,24784.9,21393.6,21922.8,24380.5,23140.7,19856.9,19476.5,23376,23137.9,22672.8,22354.3,20049.4,22638.9,24923.1,21625.6,19428,19714.3,21446.2,21767.4,22161.1,20831.6,23907.1,21677.2,21553.1,20866,23954.7,19030.8,19891.4,19822.5,21101.8,21004,18908.5,24728,20279.8,19197.1,19140.2,21701.3,22233,20508.4,20683.5,21327.9,19995.2,24193.1,23060,27831.5,32105,36217.2
31407.3,28007.9,23989.2,24299.2,25370,19070,21800.9,21968.2,20692.4,22994.6,19000.2,20634.6,18758.9,20398.6,20580.6,18051,22983.9,21179.3,19766.2,19725.9,16905.5,19801.9,18903.8,20809.9,17844.9,19747,17122.9,17312.7,18716.2,19880.8,19149.8,22696.2,20802.2,20390.7,20057.6,20054.6,20022.2,21676.6,17953.4,21302.7,22303.7,19188.3,19764.2,20433.3,16353.7,17066.9,18522.9,18442.1,18791.1,19236,20925.1,20891.2,18736.1,21884.6,17209,16204.8,17136.9,22247.4,17453.3,19426.8,22199,22168.6,21399.3,19896.2,20420.5,21414.4,17257.7,21456.9,19475.7,16711.8,20080,17110.8,20361.8,21995.7,18769.5,16687.7,16257.1,22569.9,19918.9,20122.5,20468.5,21394.6,16526.3,22556.5,18438.6,17244.9,20996,21941.2,19888,16635.3,19726.4,16110.8,19269.2,18007.7,21192.4,20406.5,22307.5,15784.1,21906.2,15375.3,17069.5,21789.1,21675.2,18991.5,15427.4,21135.5,20375.2,15975.4,20250.8,15712.3,21014.1,21251.8,20626.3,16961.3,19865.1,20357.6,18652.2,21792.5,16295.6,18671.3,19040,20358.4,16970.3,17523.8,19573.9,20290.1,18684.4,18407,22964.6,19989,17214.9,17270.9,20824.1,22759.9,20242.2,22556.3,20309.3,21690.8,15871.7,17655.2,16021.3,18307.4,21941.9,20718.4,17157.5,18491.9,18539.2,21931.2,19080.9,22129.9,21461.8,19694.3,17148.9,22004.8,18259.2,18279.7,17672.8,18835.2,18642.2,16270,19809.5,16743.8,18585.9,16919.2,19859.6,20680.9,16907.8,21724.3,19528.7,19662.3,19114.8,17391.2,22005.7,22371.3,20799.9,20972.9,22787.1,20397.4,19684,17636.1,21198.3,20043.4,16815.8,19055.5,22937.1,17152.7,19380.2,18383.7,22630.6,21933.5,21208.1,20643.1,21710.9,16698.6,18701.6,22260.8,21144.4,17198,19273,18230.4,18521.9,18534.6,18308.1,19785.7,22769.2,21275.7,17204.3,21416.8,19959.8,18828.1,21468.2,23030.2,22886.8,18873.6,19411.9,20809.7,17865.6,19502,20649.2,17531.2,18611.7,21241.8,22667.2,18043.3,18912.8,21186.4,18676.9,21815.1,22252,23000.4,20566.5,21570.9,19725.4,22346.8,20755.7,18609.1,21975.4,19620.4,18577.4,19482.9,21196,20961.3,22896.7,19709.9,19083.6,16770.1,17421.2,16962.9,19504.2,17477.9,21534.1,22942,18654.6,17750.5,18381.5,18678.8,22503.9,20640.6,21291.5,20853.3,19834.9,19106.3,18999.6,20403.4,20686.3,21455,18109,20102.1,20114.6,22440,19612.3,20197.6,17109.5,22046.2,21594.8,17414.9,18699.5,20898.1,19272.1,22623.8,20241.7,16690.7,22194.3,16594.6,17864.4,20761.1,18449.6,21353.1,16536.5,17180.9,16339.4,18000.5,17478.4,17541.5,21742.5,19011.4,20888,17495.8,17628.5,21800.4,16576.1,18686.9,17951.9,18598.5,16222.7,17112.5,16131.1,16902.1,20902.2,22540.4,21872.3,19472.2,16515.3,17333.6,18448.2,19953.5,19282.7,19121.2,21967.3,21144.2,18172.6,19808.8,17308.6,21868.4,23831.4,19224.7,21634.5,24485.9,20986.9,24219.6,24054.2,19107.7,23046.4,22058.3,22199.5,22815.1,23516.1,19443.9,18506.9,19373,22525.1,24985.8,24254.5,24778.1,19882.5,23053.2,22852.4,21053.8,18924.6,23256.8,24525.7,18894.1,24526.2,23627,22551.8,21230.7,21027.7,21935.3,21124.1,20619.1,18442,22301,18222.6,18833,19691.3,18951.9,22658,21483.9,21838.6,25080.5,23467.5,22301.8,24881.6,24418.1,24508.4,21038.9,21260.1,20884.7,20440.1,23199.9,24792.8,27058,31977,32110
37242.9,28907.6,24800.4,25949.2,24736.3,18588,23574.1,22998.3,18963.1,21718.1,21723.2,21966.1,19390.9,19894.5,22927.8,17346.5,21256.8,17677.7,17052.2,19633.7,21886.1,20663.3,21826.9,20727.9,22115.1,16932.3,19192.3,18867.8,17781.9,17158,21973.6,16954.3,21212.7,22396.8,21155.3,18279.1,16904.9,18002.6,19408.9,18239.8,21800.6,17587.9,17048,17906.6,16960.6,20688.9,18286.9,20796.3,19964.4,18714.9,20550,21441.8,21103.8,22029.1,20130.9,19287.9,16334.1,18217.3,17277.1,19222.5,16476.5,20744.6,19834.3,16564.8,16697.9,15913.9,21929.9,19573.1,17727.1,18662,19714.2,16172.5,22620.2,18440.1,20955.8,16937.4,19218.6,19049.1,20886.6,16515.2,16697.2,20051.9,17811,16677.6,17897.9,17293.4,21179.5,21039.7,17910.2,22718.8,22277.1,21672.8,20436.8,17107.8,16310.9,21631.7,19255.3,16239.1,21437.4,18346.8,21279.2,17481.9,19528.2,18474.1,20166.4,19529.9,20103.9,20045,18829.2,18529.8,19049,18514.8,15893.9,17646.2,17840.2,20535.6,16140.6,17950.8,16796.4,19115.1,18017.9,20714.6,20782.7,22249,16636.2,18885.3,22560.8,22834,22344.2,18650.7,20769.1,18448.4,23107.3,21678.1,20216.7,20691.9,20641.5,16314,16271.9,20346.2,21267.6,18766.2,20219.2,17654.9,19326.2,21533.3,20490,21070,19326.5,15729,21484.5,19560.3,21431.9,20435.7,20156.2,17966.8,20918.8,20757.4,18535.1,16464.6,18941.2,17809.1,18552.2,17846,15828.8,22214.9,17307.2,17869.9,19663.3,21346,20681.8,18043.5,21443.1,22170.6,17607.5,23412.7,18272.5,18798.6,18969,18741.7,21820.1,18762.4,21207.2,21624.6,19722.1,17192.7,17040.9,22681.3,19010.7,20841.4,22235.2,20089.6,20743.2,21403.1,16727.8,21555.7,20573,16835.8,16646,18141.5,20931,16663.7,18588.8,19400.3,21444.2,21609.2,22636.5,20384.7,21822.8,20713.8,17983.9,20659.5,21595.3,22762.6,17753.8,23246.7,19260.6,20492.8,20101.8,19068.4,17280.7,22769.6,22092.7,21591,18044.6,17389.7,19347.6,20630.4,22749.2,23317.4,16476.7,17962.1,21109.7,17925.4,18992.1,18319,17194.9,21001.1,17140.5,21008.1,21269,22898.7,22078.7,16509.5,18878.5,16556.4,17146.7,16510.8,22568.4,19313.9,22706,20587.7,22426.5,18946.8,19287.7,17189.2,17066.3,18969.6,21092.6,21140,17541.8,21544.5,21899.6,16828.4,20613.1,20289.6,21775.5,19289.9,21521,21728.5,16459.4,16423.4,22866.7,19494,19407.7,18448.1,18516.9,19238.5,20966.7,22145.9,17064.5,21982.5,21374.3,16655.7,21668,17762,16066.3,21113.1,22425.8,21832.3,17001.7,18470.4,18488.4,20709.7,19517.5,18842.2,21500.3,21773.4,18088.2,19570.7,17739.6,20465.3,21308.3,17267.7,22188,19763.7,16470.9,22470.2,17134.1,22204.1,19106.1,22082.6,19481.6,20223.4,23243.7,23314.5,22894.3,17497.7,23242.5,19797.6,21894.4,19126.2,19802.5,18862.9,17799.6,20593.6,21649.9,20675.1,18867.3,22895.3,22117.5,19977,23242,20175.3,19798.2,20798.6,22857.3,21161.3,22780,20596.8,20619,22980.7,22691.4,24978.9,21747.6,24701,20395.6,23585.6,23802.2,23637.3,20411.4,21865.7,24059.2,23667.6,20081.2,19980.4,24488.2,19842.3,23041.7,18417.1,20353.7,24399.4,22402.7,18500.7,19984.4,19123.9,20204.5,20214.1,19799.8,22435,20023.6,23848.9,23612,21967.2,19630.2,19522,23969.3,21063,24232.7,25834,22461.1,28298.6,29569.6,35254.2
31531.1,28463.9,25865.4,24078.3,24238.2,23942.8,23597.9,19435.2,17815.6,17498.1,19091.1,22401.4,20384.1,20017.4,17905.5,20194,19167,21765.9,20258.9,23642.2,20867.8,21968.9,23116.7,19316,20018.3,20212,22064,21704.2,22668.1,21435.8,19731.8,21908.3,21873.1,16945,20590.4,22565.7,19376.3,18934.6,21085.2,18139.2,21873.5,18473.2,20777.8,22438.1,19522.1,21549.4,17448.6,16164.6,18383.7,16712.5,18174.2,20098.9,17937.5,16364.1,22028.1,18336.5,21272,17138.1,15975,18451.5,18142.4,20415.8,17233.1,21616.9,16445.4,18735,20712,19532.3,16664.9,18985,18994.1,18021.3,19007.6,20744.1,19337.2,22417.5,21411.1,17437.9,20670.1,17325.5,19807.6,16763.2,19860.1,21118.4,21066.7,19562.4,20672.6,17302,20693.3,16085.9,18163,16097.4,20313.3,20296.5,21434,20436.8,16490.7,20803.1,19225.5,17381.4,18121.2,21722.8,15408.5,17005.2,20280.3,21334.6,19969.4,16716.6,21126,17653.1,15894.7,17624.3,15521.5,19727.1,17342.3,19359.9,21181.7,18314.7,17535.2,20775.1,15970,20240.4,21633.8,16214.8,21011,20195.1,20027.9,20677.4,20441.6,21865.7,20874.5,22183.5,17959.7,18343.6,18982.1,18226.7,17820.5,20933.7,18405.6,16350.1,16580.7,15951.1,17896.4,17987.9,18959.7,20920.9,19452.8,16807.9,16349.6,20254.2,21814.1,22203.8,17365.2,21853.9,18118.3,16246.7,17732.1,20469.8,19082.2,18087,19038.6,16678.9,18178.4,17286.5,17533.4,21177.8,19694.4,20217.8,21606.2,19786.4,20976.9,19066.1,20052.6,20508.4,21112.1,19444.4,17517.7,18543.6,22767.9,17511.5,17642.4,21604.8,19604.8,22401.7,21388.9,21964.1,22286.5,18163.5,18618.5,18138.1,16943.7,17033.8,19961.4,20571.7,19480.1,18367.2,22983,18008.7,17538.9,18121.6,19094.9,20146.5,21763.3,19319.5,21225.8,18536.5,21713.2,19325.7,21020.8,18911.5,17045.7,21899.1,17095.1,17233.3,22748.6,20746.3,22748.8,23053.1,18265.7,20421.7,17642.7,21572.4,17805.7,19639.3,20385.1,20589.9,20851.5,21038.8,21119.4,17754.3,18767.7,20663.7,17484.8,19543.1,19377.7,21588.2,16645.1,21947.8,20576.6,19264.3,16242.3,21008.1,20472.2,20601.8,19068,17487.9,21960,21463.9,22335.2,20627.2,22924.5,22431.1,22198.5,17753.4,21370.2,16838.1,18720.5,21605.2,18084.7,17972.4,16839.1,16399,18076.8,19397.4,21627,21599.7,18622.8,20728.8,21623.2,20220.2,21582.8,19235,21880.6,20556,17486.7,18910.1,16677.2,21814.6,16735.7,18503,20147.6,22048.1,18429.2,20237.2,16868.9,16154.5,17557.5,18115.6,16533.5,21255.1,22007.2,19012.5,20877.5,18951.7,16391,21047.3,20907.5,18744.3,20478.8,20451,18161.7,20794.8,22679.3,22314.4,17473.6,17090,20778.8,20568.6,17600.2,21690.9,18226.2,18669.4,17652.6,17059.2,18534.5,18700,21706.9,23326.2,22038.1,17613.3,21994,17876.8,23101.4,18510.5,22755.9,22137.6,24328.6,19186.4,18416.7,21284.6,20888.5,24413.3,21659.7,20808.4,24314.3,21341.9,18580.1,21279.2,18829.1,24610.9,18737.9,21877.2,23410.3,24070.8,22185.3,20702.7,20093.3,18751.3,24921.1,24877.5,21776.2,23986.2,25171.1,19777.8,23330,24799.7,20058.5,20336.4,18922.2,23123.9,21791.2,23464.1,20247.4,22174.2,22172.5,22673.2,23986,24855.3,22350.8,20015.6,23591.4,22924.7,23276.5,18878.6,20115.1,21947.7,18849.1,23114.1,21637.7,23149.7,25221.9,26397.9,28586.2,35178
31397.9,26332.4,28136.6,24850.2,21149.2,22163.8,20802.2,19971.6,18877.9,17982.4,19895.6,17500.7,18340.2,18902,20649,20173.3,18859.6,18469.1,19944.9,20815.9,22115.3,22584.9,17680.6,22112.9,18664.9,21420.8,21143.4,21072.9,19205.5,22847.1,21441,17482.2,22857.2,22332.8,22620.8,22748.8,22643.4,21808.4,19575,22429.7,21204,16048.5,19015.4,21963.5,22003.5,17124.3,21739.5,16955,18501.8,18979,22169.6,18002.7,19944.2,17401.4,20000.4,18778,21851.5,20836.1,20519.2,16721.9,21565.5,21202.6,19392.4,22114,17565.3,20446.2,21095.3,20121.8,22295.8,16159.7,18346.3,16510.5,18921.4,19396.2,19567.3,18611,21655.2,20913.3,18535.4,20449.6,17793,22375.9,16395.4,22476.4,19069.9,22621.7,16911.1,21845.6,18576.6,21733.4,19736.3,20428.9,18195.3,21803.7,16919.1,22263.4,20725.7,18951.5,20755.4,21426.9,16154.4,21174.6,19589,18952.6,19806.7,16171,17526.9,17170.3,19799,21323.4,20880.7,19674.4,19540.4,21568.1,19460.7,16467.6,17265,16211.3,21691.4,20913,20462.6,19519,17903,17594.5,21476,16465.9,18708.2,21302.7,17343,22109.9,20388.9,17840.6,18524.9,17682.8,22653.2,22474.3,16085,21820.4,20179.1,16449.9,19150.2,18977,20392.4,17378.9,20357.1,16522.3,18087.8,18902.9,16045.3,18393.8,17003.1,18705.3,17711.7,18469.2,20081.2,16197,21670.1,22307.2,16775.5,18720.1,22053.2,17600.5,20304,21065.3,22374.9,18693.2,16820.4,19130.5,18914.4,22609.3,17817.2,22896.6,20048.6,17562.3,17974.9,19726.3,22331.6,17642.1,20468.3,17412.6,20768.9,17380.9,22906,23186.4,20781.9,18466.9,22746.4,20416.6,21963.5,21854.5,17631.2,20916.2,19651.6,16583.3,17281,19075.7,17625.1,21247.9,21646.4,21240,19693.5,21979.3,18631.9,20523.9,16801,18294,17622.3,16345.6,20119.1,17991.6,19262.7,20325.3,22685.5,18785.2,22249.9,22352.4,18579.7,18274.4,21716,22636.1,19623.9,16917.7,17237,22876.2,18050.2,20951.8,20659.7,19956.2,22900.8,19326.6,19578.5,18491.3,17391.7,21913.9,21609.8,21512.8,17294.3,22021.4,21421.3,21591.3,21282.2,21535.5,20355.2,22364.8,16239.1,18224.9,18346.8,20895.8,16481.7,21636.9,17335.9,22164.1,21200.2,22363.7,17088.7,22639.6,16716.3,16939.4,16461.7,20032.3,20595.2,18814.7,19405,16528,18452.3,22316.2,18344.9,17195.4,20625.4,22326.7,20571.9,22637.1,17490.5,17115.2,21542.7,20117.1,21054.7,20816.6,21291.3,19334.1,17431,22690.7,17995.6,20174,22005.6,17739.9,21110,22019.9,17600.4,19709.4,17514.3,20820.2,19317,20513.8,16189.1,17125.9,17887.9,16627.2,20584.7,20279.8,18390.7,19386.8,19481.8,17340.3,19316.6,21389.3,18103.1,18392.7,21846.4,19037.7,20401.4,17661.5,22416.3,22558.1,22653.2,21321.4,21111.3,20637.9,21046.7,19637.7,20776.4,22490.5,18501.3,19673,24052.3,18960.9,20221.5,23834.5,18798.7,23447.7,21825.5,18834.4,19745.3,22591.2,24481.5,21152.1,21468.9,23438.7,19449.6,24832.8,20607.7,23858,18622.6,21567.5,25361.2,22326.6,18899.6,22086.6,20467,21142.5,21566.4,23990.2,21659.2,22160.2,19823.4,19850.2,18571.2,19800.4,23453.8,22988.5,21254.2,22047.5,19612.3,22427.3,22446,23898.7,22576.2,21566.9,19509.2,20098,20474.4,22702.7,22687.2,18990.8,23507.4,23401.9,24462.9,22021,23319.7,25861,25883.3,24479.8,27529.4,31946.2
31696,30792.3,28575.9,23281.9,21587.3,20276.7,21364,19236.7,23802.9,18135,19686.4,17720.1,22207,21385.1,17765.1,17996.7,19883.5,23470.3,18153.3,17536.2,19020,17197.3,21059.8,19030.2,17474.6,16829.7,21508.3,22800.5,20056.8,21682.6,17046.9,18415.6,18659.5,21909.7,19904.7,19916.8,21617.7,22708,22025.2,21867.1,17907.5,20678.1,21648.6,19354.3,18025.8,21566.8,21191.3,21153.2,21908.4,20052.4,16479.4,20080,17136.5,19433.6,16657.6,22037.8,18143.3,19278.7,19207.6,19243.2,21922.6,21067.3,17679.9,16305.2,17543.6,17046.9,21879.3,18621.7,20053.6,21983.3,19139.1,16342.4,19146.9,17112.1,18819.3,16688.4,21287.1,21840.7,16841,16560.5,18482.1,17047.8,19254,22392.6,22039.7,19510,21216.5,20805.2,20807.9,21802.5,22158.3,20652,19364.2,17968.7,20709.4,16843.5,18235.7,19544.2,17602,19817.3,19122.9,20906.5,16180.3,18919,15158.1,16587,21063.6,16536.4,15553.4,16466.9,20221.3,18969.3,19612.8,18805.6,21976.8,20822.2,16357.7,21161.4,17301.6,17291.1,21503.4,22099.6,16462,18394.9,18683.6,18151.3,19387.8,20091.9,18072.7,20997.2,19219,19871.3,18322.8,22919.7,17494.3,16853.5,19745.4,16433.5,16577.4,15815.3,21148.6,19624.4,19633.1,17468.8,20248.8,19950.9,19166.9,18681.2,21932.3,16956.5,21607.5,17094.2,17156,19085.5,15640.3,19053.1,22310.2,16669.1,20047,21166.6,19499,22371.7,21726.5,21455.9,17905.4,17879.4,18617,16323.4,21073.3,18277.4,21372.2,21984.5,19315.6,20987.2,23269.5,20514.5,19333.6,19262.7,21820.6,20752.3,23296.8,19255.2,21839.6,22513.9,17387.3,18909.7,17972.9,17290.4,21917.5,22020.8,21322.2,20156.5,22354.5,21237.8,22429,22289.2,20103.4,19608.2,18710.8,17879.5,21548.1,18497.4,18798,21626.1,22878.1,17794.2,19345.7,19736.8,18175,19888.4,21691,22516.1,19978.4,17906.3,22577.6,20071.5,18053,22070.2,19732.5,19915,17234.3,22839.2,22210.8,22874.5,22609.1,20138.9,18351.5,22769.3,22679.2,22413.4,18766.2,19370.7,22232.3,22031,19097.2,18883.2,17198.7,22095.9,21393.8,18927.5,18027.8,20284.3,19152.8,18069.2,16662.4,16862.5,20268.7,17647.7,16814.1,21397.6,16816.7,20892.1,22560.2,20098.2,17774.1,22090.7,22761.8,22059.9,20425.3,16749.6,19237.6,18252.1,19037.8,22551.3,21139.1,18976,17069.7,21978.1,18390.6,20043.8,17783.2,20382.7,19627.6,21614.1,16599.9,20613.4,16961.1,21133.3,21343.1,21978.9,17882.5,16839.4,18200,21161.7,21174.8,18169.3,20623.3,18652.9,20198.3,18049.4,21073.2,21195,22219.3,18517.8,22290.3,21831.8,21071.5,21740.8,21015.3,16662.9,18149.1,16747.2,19335,18496.3,20662.6,16060,16790,16982.7,22139.9,20684.5,21787.6,20469,18747.1,17128.1,21678.4,23016.1,20973.8,22085.1,21905.1,23830.8,22141.5,21095.2,19895.1,18131.5,21531.9,22191.3,23875.7,22840.7,22955.6,18435.6,19625.4,20902.6,24153.2,18804.4,23111.5,23261.3,20740.6,19974.7,22367.3,20387,23278.4,19580.3,20665.1,22793.1,23491,23565.6,19622.4,24227.6,20424.5,19592,24416.8,21206.1,21770.7,21816.5,23329.2,21219.4,23880.2,21311.8,23185.2,24229.7,24028.4,21257.1,20294,20807.5,18683.5,18452.7,23393.5,19708.3,22755.7,22293.7,20826.4,20298.7,24368.3,20817.4,22411.2,19849.7,24378.8,22148.3,21367.3,22342.4,23084.9,26114.5,29693.7,37211
32743.2,30083.5,26618.3,26808.8,23106.4,23336,24088.3,22815.5,19345.5,20478.4,19588.9,22235.7,17481.7,22241.2,18152.6,19293.6,18042.7,20652.6,18757.2,16998.6,17274.3,22466.1,18767.7,19696.8,23126,17732.9,19788.6,22474.9,22925.6,21613.2,20947.1,19198.8,19710.2,18974.6,21087.5,17982.9,20370.2,21894.1,21346.9,18708.3,18215.7,19765.1,20157.7,20462.4,18747.3,19561.6,21546.3,18500.2,16978,16275.3,21117.5,22250.8,17846.4,17450.1,16418.2,21845.9,21040.2,17305.6,21220.8,19084.4,19794.5,17421.5,21061.5,21479.4,21620.9,17534.7,21301.8,20752.2,16779.4,20689,16413.9,19057.7,20594.5,20188.8,22181.1,17303.7,18999.7,20705.1,16559,22690.5,16318.3,16191.8,20834,20163.4,19303.2,18292.4,21974.4,21315.8,16751.6,17558.5,22302.9,16606.6,16763,22456.6,18742.3,17460,16425.9,21513.7,17912.1,17762.5,21067.6,21237.2,21740.2,19016.5,17593,17571,20561.8,21440.5,16211.1,17565.2,16205.8,16577.5,15469,17955.1,18015.1,15704,22263.3,20927.6,21954.3,16607.4,21607.6,16643.7,17758.6,16177.5,18063.8,19492.4,21974.5,19431.8,19016.5,16857.9,19777,21568.4,20789.3,20863.5,20274.7,19321.9,18146.4,19218.4,21112.6,18511.5,17622.6,21013.5,21852,20999.9,15929.7,18608.3,20232.2,16199.8,21900.1,22175.4,17033.2,20938.9,18039.5,21510.8,18017.7,16685.8,20165.1,19813.4,17937.1,16666.6,19147.2,17658.2,17262.2,16136.5,22164,16386.3,22168.8,17405.7,22589.9,21946.7,21448.6,18623.9,21900.5,17843.8,19194.5,22069.3,22928.6,20799.5,17170.2,18083.8,23066.4,17992,20208.2,21548,22170.3,20595.2,21083.1,19448,22722.1,21792,18117,22398.3,18270.4,22478.5,17792,19455.9,20199.6,20337.8,22232.6,21595.8,18061.9,20756.1,22240.8,22227,17903.1,21898.9,16822,21697.1,21634,20385.8,20696.9,20041.7,20570.8,19278.7,17292.9,22122.5,18490.6,22766.1,20147,18435.5,19054.6,19607,17380,17553.4,20493.8,16890.2,19065.7,22639.2,17783.9,19675.2,21609.2,22154.9,18918.4,21571.1,19324.9,20512.1,17815.6,20641.7,18576.8,22240.5,19451.6,21766.9,19345.9,20686,20409.5,20970.9,18347.4,18340.8,20078.8,21778.7,16988.8,19428,17193.6,22809.9,21322.9,20492.1,22098.3,16824.3,19089,22239,17386.5,21279.2,19254.4,19951.1,21920,20122.8,19618,17630.6,20274.7,17754.5,20199.8,22550.5,18840.5,19366.7,18647.4,22320,19147.6,22105.1,16080.5,22430.6,16443.6,18050.9,19764.6,19122,22325,21772,22569.2,19637.4,17497.7,21610.4,16617.1,22451.6,21139.5,22347.3,16988.4,22288.1,21611.4,22727.2,21182.1,20585.4,18979.3,16197.2,22360,19894,17051.8,20648.8,20081.3,17287.7,20698.2,22477.4,19598.5,22397.8,20851.7,21439.1,21834.2,18296.6,20196.1,22238.2,18388.2,23924.3,22810.8,21791.7,19744.2,19986.8,20860.8,19437.7,18229.5,23590.7,22411.4,20201.6,18830.6,24202.2,20388.1,19884.8,22923.1,19425.9,18802.1,18822.3,24502.5,22808.1,18631.4,19244.4,24211.2,19169.2,22538,19388.8,20926.5,19048.5,19353.9,24815.1,21362.1,20178.7,24555.8,20572.9,19361.5,24727.9,20693.6,22234.5,18644.2,24444.8,23877.4,19666.4,17994.8,22269.7,23254.3,22323.9,23126.6,21444.3,21919.4,22387.4,21691.5,21004.7,24504.8,22271.4,25736.3,25663,20360.5,23446.3,19939,21168,21999.1,25848.2,28084.2,33321
32080.4,31689.8,29216.1,25627.3,19629.2,21354.2,20444.7,23715.1,20059,21145.5,22160.3,18642.4,18970.8,20966.8,22499.7,19541.1,22599,17371.4,22019.5,21870.7,21531.4,20970.2,23154.8,19067.2,19867.4,18140.5,19741.1,17436.7,21392.1,18105.4,21182.6,17921.8,17886.2,20099.8,19971,17489.3,16738,17156.2,19880.1,18091.2,21026.6,16538.5,18097.2,16274.2,20974.4,19719.5,22096.8,19063.8,19714.8,19343,20012.1,18443.7,16766.7,18377.1,20582,18295.5,19726.1,20143.8,18619.3,20716.5,19498.4,18817.7,19669.8,17296.8,19594.4,22165.8,21348.7,17006,19681.8,17944.8,18199.9,19278.3,22049.1,16760,19507.9,18434.6,18016.9,21463.4,20372,20573.1,21983.3,18015.9,20721.3,17300.9,19358.8,22460.2,21152.4,17057,22074.9,21003.4,22152.1,20056.3,16610.9,22340,20500.1,21455.7,20443.9,18802.2,16741,21204.9,20112.5,21758.1,15232.4,18135.4,20905.3,16192.5,18897.2,16595.5,19648.8,16311,18579.1,19161.5,18450.5,17196.3,15641.2,16194.4,15566.8,17339.4,19533.7,16430.1,21675.3,18937.6,16577.1,22504.3,22221,21478.7,18724.2,22108.4,16668.6,17091.4,18514.7,20962.8,20850.9,21657.4,17588.9,18128.8,17625.2,18016.6,16999.5,18900.3,20388.9,15772.4,19503.7,18915.3,16719.2,17136.2,21162.7,19597.1,17336.3,18667.4,18708.3,21545.2,20859,17942.2,16771.4,17127.5,16331.9,16138.7,17922.6,20864,18779.2,16651.6,17042,15834.5,18771.4,19776.9,16007.5,17369.3,21376.8,22939.4,22976.5,17372.5,18924.5,23375.9,20656.7,21432.3,17941.3,22797.6,19058.4,19356,22352.6,19176.4,18713.2,23356.5,19898.7,19574.9,18232.6,22288,21918.6,22929.3,17212.9,17420.2,17534.7,17310.6,21785.5,19709.2,17762,19669.8,22806.8,17236.2,17308.2,19297.5,18424.2,21585,18298.3,21955.1,16345.5,19065.4,22425,17589.6,17683.2,22302.7,18943.6,17743.8,17558.1,22517.1,21911.2,20988.6,18543.3,20813.4,19659.7,20175.3,21688.7,19718.5,22115.9,18539.8,20343.4,23139.5,21758,17825.7,17429.6,20703.9,22258.4,21248.1,20085.1,20444.1,21853.9,18120.7,20277.9,20567.8,21067.1,18009.6,17634,22432.1,20286.9,16769,16868.4,21361.9,20537.2,22315.5,18826.2,17405.7,22889.6,19469.4,22015.4,20398.7,19530.6,17642.4,18726.5,17755.6,22262.5,21208.2,17024.5,21415.7,21197.2,21752.6,16621.1,17889,19262.9,23010.1,18267.6,21545,18629.7,19392,17655.2,22413.6,17079.8,19412.4,19910.8,18243.2,20333.7,16455.5,22049.4,20247.3,20100.4,21001.2,21094.8,20631.2,19848.6,21780.9,21238.4,20908.1,21180.5,21469,18159.1,18317.1,18953.2,21065,21982.3,16478.3,16269.3,22719.5,22229.2,21338.9,21059.6,21081.8,22621.4,19638.1,18121.5,22063.5,18839.2,21583,22905.2,16663.3,22101,22495.9,19119.5,23115.3,19147.8,17905.1,20754.7,23006.5,23487.3,18081.7,20607.4,19995.6,19042.9,18697.1,19211.2,18934.7,19263,21034.6,21359.3,19539.5,22719.5,19663.3,20142.9,24687.6,21661.8,21927,18993.4,20260.4,21840.7,23102.3,19592,22149.3,20539.4,21467.1,24338.4,19638.2,24261.3,19981,19751.7,20463,20481.4,23394.7,21708,22050.3,24288.3,24156.9,20632.2,19423.3,19716.6,20113.8,18188,18670,19697.1,23151.4,19842.5,22777,22684.5,19581.2,21001.6,23132.8,21493.7,19245,24988.7,21426.2,20060.1,19932.4,21465,26082.3,28657.9,35343.3
36610.8,26843.4,26563.9,22701.1,24854.9,22591.2,24765.5,20750.2,18659.3,22286.6,23334.6,17636,20840.6,18870.2,22274.3,18953.6,22742.4,18689.3,20961.2,19622.8,21075.8,20385.3,19025,22011.3,17641.7,19756.5,17553.7,17769.3,17105.4,17494.9,21137,22817.4,20111.6,21423.6,17120.9,19515.6,22857.2,17497.5,18928.6,21892.9,19839.7,19526,20718.5,20678.4,19367.8,19144.2,21117.1,20096,18000.2,17691.4,18351.8,21786.8,17457.8,16600.7,19590,21342.8,19469.1,18884.4,18118.8,20510.7,19583,21407.7,21194.2,16648.7,18285.6,19670.8,20049.1,21194.2,20190.3,18369,18903.3,21228.9,22195.2,19277.8,18552.4,21644.6,20328.2,19954.2,19463.6,20248.5,22675.5,16898.8,17090.1,17987.1,20497.1,17382.2,21690.1,22864.6,19739.2,17914,18171.5,18152.3,16855.9,20716.3,22311.8,22699.9,21364,16835.3,20786.4,18097.8,18956.6,21285.3,15606.1,18718.6,18507.9,18449,20813.5,18390.4,21272.3,17579,16915.1,19023.9,16889.4,20353.5,21657.8,17609.7,21466.4,18797.2,16478.3,20183.1,19484.2,18828.1,16323.9,20434.4,22360.1,20405,21023.5,20388.2,22817.8,21331.3,22982,20770,17292.1,17016.9,18217.7,20524.7,16531.5,19496.5,21763.9,21753.4,20888.9,16753.5,21395,19028.9,19935.3,16580.5,16234,19509.4,17758.2,17359.2,20492.7,21812.6,20619.6,21789.5,14548.6,19412.9,20653,16703.8,16486.6,19642.5,21406.5,17555.3,19636.8,20089.5,20698.2,17149.4,16541.2,18290.9,17184.3,22830,21587.8,23537.3,22240.2,20945.9,21121.3,17533.4,19251.7,18454.2,20376.8,17281.5,19201.8,21227,22426,18223.8,22203.8,22301.8,18684.3,17906.1,19520.8,20594.6,18730.8,21814.2,21098.6,18398.4,18910.1,16924.3,16536.5,17814.8,18658.5,19499.8,19339.1,20140.8,22847.8,21088.8,17723.9,19236.3,19537,17715.5,16870.4,19987.6,22811.4,20635,18530,22761.8,22517.7,21861.1,18072.3,19086.2,22617.4,20148.6,18574.6,17188.3,18590.6,21490.4,17783.4,18768.3,23171.5,21270.6,19747.2,17266.9,16817.5,18159.2,21100,22248,18440.9,18736,17406.7,21080.4,18708,22058.9,20785.9,20207.6,16785.9,22198.6,18844.3,20051,16559,17797.7,20369.9,18364.5,19053.5,16375.6,19621,17204.3,21453.9,17536.8,18845,18579.9,21908.3,16310.4,18510.4,20762.9,22170.8,19180.7,16349.2,21220.2,17045.8,16684.5,21797.9,22138.4,17955.4,22194.1,22797.4,22730.9,16382.3,18586.3,16983.8,17786.6,18070.4,16378.4,20683.4,20641,20468.6,17183.9,17927.4,19137.2,18204,22857.3,21890.2,17077.6,18652.3,19791.2,16727.1,21851.2,20041.4,20592.9,17657.2,16676.1,18263.4,20079,16023.3,16737.9,16580.8,17978.7,16654.9,21051.1,21264.3,21678.2,16063.8,20423.9,19743.7,17813.9,22342.5,22522.4,19034.2,22604.4,20147.8,17571.6,17606.7,18020.9,21971.4,23741,21942.8,20149.4,23573.6,24530.1,18523.3,24303.9,24000.1,23837.9,19596.6,21622.7,21343.4,19851.5,23773.6,23152.7,20255.1,22911.7,21243,19158.5,22123.6,23563.6,19238.2,21413.3,22562,20235.5,22375.3,25186.1,23626.9,20518.1,21942.9,21269.3,23366.9,20563.3,22753.9,23253.9,21416.6,19348.2,19417,21613,19186.5,23393.5,18561.2,21660.3,19079.7,18370.2,21026.1,23705.5,21322.9,19880.6,19139.6,19278.5,21039.7,22631.5,19284.6,24072.4,24625.8,20469,19642.3,20160.6,25792.9,26574.3,32081.2,34034.9
36167.9,26923.5,29012.3,26510.8,21619.8,21105.2,24317.1,21757,20673.8,17603.3,21149.3,22930.3,18217.3,21531.6,20848,22287.7,22852.8,18894,22113.2,19043.6,21265.4,21253.2,20090.2,22368.6,20939.1,22179.7,23012.5,22075.5,18254.5,20359.1,19951.5,17023.9,21364.4,18173.5,23126.2,22963.4,17938.6,19930.8,22214.5,19724.4,20878.5,22442.3,19982.5,16294.8,17765.2,16998.8,21315.4,17985.2,16940.9,18872.4,17353.8,17640.5,19045.5,17485,22517.5,16827.3,19579.8,19381.9,21331.1,20099.8,21012.9,22042.9,20261.2,18282.4,21755.8,19016.6,18227.3,20168.7,18691.2,16397.3,16324.4,19922.6,22805.8,18457.3,22145.6,16713.5,20628.8,17584.5,22176.8,16645.8,16200.2,18795.9,18491.2,21329.3,17600.5,19758.3,21090.3,17492.1,22222.3,18193,22023.9,20657.9,18739.4,21471.2,22040.6,16680.7,18690.7,16681,21388,20650.2,17798,21064.2,15916.1,17719.7,18039.8,21608.7,20326.7,17451,20788.8,15605.6,17835.6,18916.7,21985.5,21476.8,21006.4,20290.2,17285.1,16493.2,21852,21386.8,17900.5,19545.6,20192.3,20345.2,20150.8,22015.7,19948.2,20227.7,21153.4,20436.8,19463.2,16527.5,23146,17113.8,21455.3,19691.3,18260.3,20025.8,16070.9,19310.2,17784.4,20250.9,18131.4,17121.7,19272.1,18507,19562.7,19684.1,21985.2,18115.1,22202.8,20442.6,17917.5,21345.2,20133.3,16851.9,17848.2,19958.7,22127.4,17838.8,17792.1,18681.6,22329.2,20915.9,21890.5,17482.5,19756.6,21739.4,20038,22285,20724.8,21328.8,19417.5,17685.5,17414.8,20043.4,21624.9,18453.6,18447.9,18704.9,17757.1,19439.9,18659.4,18411.9,18516.1,18373.4,21521.8,20988.4,21288.7,18387.6,21455.6,21485.8,18447.8,17555.3,20149.7,20629.6,17371.2,16511.1,20656,18044.8,17145.8,19965.8,19135.9,21162.2,19815.3,22731.1,22765,18839.7,19575.1,18742.3,17677.5,19597,19450.6,20030.5,22711.2,17793.5,18598.1,20957.2,18966.8,19003.3,18423.5,21324.1,18149.8,22725,21656.7,22575,20852.1,23538.9,22828,21915.5,21518.9,21406.3,17769.4,21460.8,17787.1,16925.9,21863.5,17842.7,19962.3,16670.8,18677.2,19721.1,22585.8,20228.1,18603.3,19224.5,21765.2,22437.5,20022.7,18883.2,20001.4,21477.3,18156.5,21423.7,19706.6,17805,19402.1,21521.2,16291.9,19617.8,16306.9,19280.3,20039.1,21476.1,22708.8,22576.8,22296.4,22224.7,18577.6,21206.7,22778.9,19770.5,17666.8,16948.5,19802.2,18848.3,19149.3,20942.7,16724.2,19914.6,22682.4,21232.6,21764.5,20072.8,17524.7,17462.3,17130.4,19068.3,20463.1,19576.5,18824.6,17101.4,22172.9,20398.1,17200.5,18691.4,22112.1,17983.8,18068,17021.6,19817.1,19184.7,21301.8,19498.9,20194.7,19303.4,22165.1,19633.6,21218.5,22454.9,19912.5,17430.5,19065.7,20573.1,16630.4,19657.1,22238.5,20519.4,21603.2,20603.9,19260.5,22349.4,20719.9,22446.4,23479.2,20742.7,21770.7,24360.1,19136.7,24229.5,22979.7,19088.7,17977.3,21551.8,21790.9,22568.8,18538.2,18503.6,19808.8,20618.4,21684.5,18426.8,24609.1,19919.7,19568.9,24588.9,23533.6,20621,19715.8,23863.8,23491,20306.7,21690.7,22083.8,19888.7,21601.5,21168.3,24548.7,19902.5,23377.4,19589.7,19937.4,19163.9,22734.3,22398.2,24623.2,24114.9,19168.8,23530,22772.2,25284.1,20667,22509.8,20965,19488.3,23629.9,21256.5,20130.4,20246.8,21257.6,24427.1,29016.4,31107.3,31960.3
34675.7,29950.5,29378.4,21631.2,21000,21007.5,21369.4,19533.7,23137.6,22941.7,21332.9,20904.7,19972.7,21433,22591.8,17839.9,20889.7,23011.1,22694.6,21974.8,18393.5,19321.4,21123.1,18484.1,22977.1,19443.1,22338.6,17054.8,21617.2,20127.6,19739.4,22950.6,19584.7,21360.5,19159.7,17320.2,19995.8,22595.3,19774.4,20460.5,20164.4,20363,19826.2,16320.5,17220.9,22316.6,22163.9,17490.5,18229.2,20620.8,19777.4,22198.6,16856.5,19676.6,17206.4,21940.8,18962.2,19826.6,20696.5,16778.8,16530.1,16625.2,19301,18781.6,22091.4,18415.3,16873.8,19364.9,16772.9,16137.1,19352.2,22603.9,19143.9,19772,21878,22048.1,19208.6,18208.3,23086.6,21492.5,16711.8,20590.9,21515.8,18232.1,21142.7,18332,21005.7,20619.4,21021.7,22045.1,16670.1,21785.5,16669.2,17523.8,18112.8,16250.6,18501.3,20941.6,16093,21515.1,18268.2,17259,18485.9,15341.7,16173.7,19708.2,15618,18219.5,20378.2,19654.1,21291.5,19660.9,21324.7,19235.9,17391.7,20089.8,16232.6,20078.3,18034.7,16399.4,18216.9,17935.7,16295,17753,19548.3,18648.9,21496.6,20793.4,18357.3,16600.2,21900.3,19858.2,19119.6,16978.3,20573,22520.3,18599.4,16467.5,20769.6,21184.9,16412.9,19270.1,18133.3,20734.1,16983.5,17276.6,17909.5,17401.9,20430.4,17055.4,21048.9,16326.9,19257.5,21364.9,14397.3,19156.3,20136.3,21974.8,17065.7,18495,18909.4,20619.9,20590.9,21201.6,18125.3,16092.7,20845.4,16430.7,19690.5,18045.4,18532.7,19971.5,21738.4,20114.7,19926.9,21453.3,22079.4,20596.9,18151.2,21226.6,20615.5,21804,22450.4,23226.3,21110.8,23012.2,16999.5,20789.7,21871,20613.6,19175,20463.2,20232.3,21257.9,20499.2,17063.2,17756.5,17870.4,20270.1,19346.8,18005.9,21977.1,21591.3,17486.8,20704.7,16801.2,18148.3,21069,20725.7,21415.6,18220.2,22328.2,20446.9,18816.7,21507.3,23155.4,19874.3,17370,17258.4,17636,20716.9,22231.2,17339.2,21525.6,21848.4,17969.4,17909.2,19941,23098.1,17862.3,17365.6,18605.6,22332.9,23094.4,18890.7,18609.9,19302.2,16950.3,20244.6,17067.3,18256.1,16575.4,21662.4,17524.1,16755.6,18584.4,20466.2,20373.7,21616.5,18352.2,18134.1,17324,20704.7,19163.1,19186.4,20147.6,22255.7,22613.2,18757.8,19715.6,21455,19875.9,20535.9,21371.8,19750.7,19783.9,18365.3,22260.9,20115.7,17235.3,17683.6,19299.3,20147.9,22321,22232.6,21638.1,20364.5,18614.2,20018.7,21541.9,21349.9,17775,22392.4,21939.5,16786.8,18017.1,21482.3,22650,17309.9,20392.4,16777.9,20305.2,18852,17022.1,16865.6,20326.8,19536.1,18098.8,18781.4,21963.3,18136.1,21338.7,17897.8,17680.5,18517.5,17283.3,20093,16636.9,16639.7,20027.7,17665,21997.1,22102.6,20579.9,19863.3,20880.6,18034.4,20326.1,19290.7,17545.9,23424.9,24126.4,23894.6,24492.7,21706.5,18171.2,23376.5,22662.1,20543,18679.2,24307.2,18751.2,19596.2,18087.7,23218.2,20150.4,23965.7,21790,22959.9,20281,19784.3,19807.9,19111.9,24335.2,24344.7,19267.7,21701.1,20240.7,23968.4,23945.7,20809.5,24536.4,21827.4,23760.7,19756.6,21768.8,19301,22046,23861.7,18602.7,18690.3,24448,22303.9,21821.4,23123.3,21169.2,19676.7,19771.9,23081.3,25766.8,23956.2,23526.7,20512,20578.4,22211.7,22211.5,24488,20977.9,21517.5,21648.7,27354.5,29272.8,29386.7,37135.8
35271.3,30154.5,28846.4,23190.8,20181.5,18705.5,21197.1,19649.5,21662,22595.8,20006.6,22991,23710.2,18265.9,18701.6,23237.9,18649.7,21386.6,21752.7,20132,21005.6,19789,18545.4,19941.4,23357.2,22303.4,21372.7,20916.1,20168.5,21056.6,21500.4,20211.1,20501,18712.9,19392.2,20745.7,18578.7,20029.8,18438.9,21596,17179.3,20115.2,22490.7,20055.2,17588.7,16907.9,22116.2,17824,16380.8,16597,19200,21752.7,20563.3,20728.7,17058.6,22311.6,20978.4,16536.2,18232.1,16899.1,21692,21810.6,21224,18947.8,19599.5,16507.7,20178.5,17580,22351,21622.1,17572,17056.1,17456.2,21916.9,23039.8,17070.2,18551.2,19351.5,19323.2,19314.1,19423.4,17987.5,17709,18582,18843.7,20187.2,20902.3,22907.5,22414.4,17584.2,21249.7,19684.1,22743,19556.3,17407.2,21615.4,18672.4,22075.4,16393.5,21134.3,18961.2,20654.9,19315,19389.9,17222.6,15267.9,17018.6,15335.9,16153.9,17198.3,17640.9,21248,20298.9,20178,15445.5,15578.8,19539.7,20336.4,20844.8,21835.6,20407,21903.8,18574.5,21755.3,19135.3,19065.1,18915.1,22433,22805.6,19633.8,20309.5,22515.1,18088.5,21043.6,16740.7,16291,19777.9,17672.8,18050.6,19573.3,16818.5,15697.6,20447.2,20946.5,16156.6,21977.7,17364.8,20569,20099.7,21424.4,19388.5,21153,16379.6,21403.1,17449.2,20843.4,16726.8,17091.1,20552,21406.3,18201.3,20445.1,18218.5,19944.1,16608.9,17624.2,19275,20618.8,19970.2,17385,18035.7,17513,17640.5,21392.1,23270.3,19817.8,22877.2,17412.5,17210.6,20143.9,22294.2,19379.5,19914.6,17000.4,18361.4,20754.2,21033.2,21485.5,18507.1,19532.5,22022.9,21678.3,18610.1,17070.2,22120.6,22388.8,20343.3,19990,16501.5,16379.5,21446.9,18358,20780.1,19218.2,19290.6,21439.2,18443.7,20367.8,17968.8,20926.6,22594,22060.6,21799.6,19856.2,17879.7,17099,17512.5,23073.9,18373,23554,18760.9,21972.6,18314.1,18028,18624.6,21483.7,19331.2,22396.1,23457.5,21583.7,21820.2,21129.3,21004.7,17520.9,19598.3,18424.8,17473.2,17127.7,18863.3,20563.6,22019.9,18651.3,22630.4,19601.7,17190.9,20687.9,17162.3,18466.6,22479,17245.1,21285.6,20587.4,18765.9,19767,20899,21812.4,22771.5,16525.3,20413.4,21123.1,16464.9,17404.8,18856.7,22163.4,21087.6,16623.5,16512.8,20816.1,19347.8,23161.6,20557.9,22696.6,19864.7,19022.1,19587,21626.8,18337.2,19764.5,17859.7,19891.8,16731.7,16963.1,19659.9,20621.3,17984.1,16180.9,20688.9,20202.1,22131.6,16264.1,16239,16125.2,21127.3,18113.2,18359.9,21040.5,19559.3,21502.4,17034.8,19361.8,21165.3,17813.4,17121.8,22688.2,17739.8,19384.6,21452.5,20827.8,16467.1,20903.5,19565.8,20961,19254.5,22825.1,17875.6,22018.3,22320.8,20286.8,21943.4,23497.9,19857.5,18469.4,18794.5,22343.2,23973.4,19424.8,18736.9,20519.3,17824.5,24529.5,21812.7,19681.7,22482.5,19671,24712.4,20447.7,24024.1,20641.2,22052.8,24311.8,23324.2,24786.7,20431.5,20336.8,21504.5,20506.9,19329.2,19849.7,18784.6,23925.4,18908,19505.8,21059.6,20001.1,23327.5,22249.6,24937.3,24985,18677.6,19258.3,24090.1,22745.6,22134.4,19912.8,18769.5,20001.4,24537.1,25231.9,24333.7,24277.9,23855.6,23110.4,24698.9,22874.2,24907.6,19866.7,24904.1,19175.8,25111.2,23286.9,22442.8,25090.2,30040.9,34380.3
34154.4,27807.8,27727.8,24061.2,22812.3,19000.5,24607.2,19383.2,22545,23080.5,19717.2,22888.9,20826,19255.9,19959.9,21565.1,19384.6,20041.7,22150.5,21312.3,22163.4,18835.5,23081,22541.3,19263.3,22432.4,21513.5,22869,18918.2,19503.2,18586.1,17884.8,21659.3,18570.2,21781.1,17600.8,22037,19990.7,20734.5,18138.9,17860.5,20193.8,18255.8,17640.1,20241.9,22366.5,20129.7,16260,17124,19258.9,22262.4,21690.2,18802.3,18085.1,16113.3,16927.7,21576.5,19589.3,20270.6,18957.8,21957.6,20725.4,20185.9,19275.3,18900.2,18864.8,16747.7,19571.1,18126.4,19417.1,16520.4,19629.2,20488.8,21264,19498.8,21578.6,21841.5,18450.5,19634.4,17511.8,20155.9,18402,22608,18970.3,19065.5,21459.7,18152.5,16995.7,21407.7,20315.6,20203.4,18971.9,20217.4,17462.6,21470.1,19897.9,22372.4,19104.2,19015.4,22150.8,18855.7,17832.9,20317.7,21636.1,16605,15858.5,16830.3,18625.2,18667.5,19254.7,17023.5,18738.2,19487.5,16536.6,17618.2,21316.5,21950.3,19955.8,20347.2,19560.8,19842.4,18882.4,19811.8,17997.5,16901.9,16804.1,19098.8,21953.7,21932.1,22655.7,19538.6,22441.9,18281.9,19413.3,21391.4,20510.3,20343.1,20766.9,18104,21208.2,21518.4,19477,18819,21032.9,21818.3,18217.3,16458.8,22034.3,16223.8,18446.3,17098.8,15878.5,17604.3,21494.2,16737.7,17747.7,17825.3,19793.6,18176.6,18231.2,16106.3,18425.4,18134.5,18547.8,19677.7,18565.9,16911.4,19574.7,17052.3,20981.3,18328.7,17431.7,19962.9,20626,17429.1,20203.7,17858.6,19337.7,18497.4,17362.5,22070.5,20466.2,23334.2,18582.7,22995.9,22512.8,22273.7,20021.6,17535.8,19568.4,20364.7,16825.7,20548.6,20679.1,21161.9,20853,22107.8,19984.7,18960.3,18446,19765.6,19732.7,17349.6,18246,19666.3,21518.2,19678.1,18275.4,17545.6,20188.7,19286.8,18994.6,19192.9,21860.2,17327.5,19133.2,21313.1,19560.8,22889.9,20951.2,18533.9,22950.8,18951.3,18410,20651.7,23081.8,21801.8,17992.8,22766.4,21513.5,22838,16755.8,22894.4,18876.4,22814.5,17294.1,22858.7,20058.6,16771.5,19597.8,20258,20054.6,18940.6,17769.9,16563.3,18675.4,18240.1,22923.5,20292.2,22074.7,21999.5,19236.4,17005.5,18456.6,18629.5,18654,21818.5,18731.4,20194.9,16131.4,19231.7,17971.2,17403.3,21328.5,20572.7,22435.2,17208.5,17385.1,19647.7,19177.8,21759.5,17904.8,21799.9,20145.8,22334.8,20013,22286.7,18831.2,22656.9,21938.6,21897.3,18460.6,17473.3,21214.1,16222.3,18694.5,19665.4,18995.9,18294.6,17372.8,21046,20273.2,16386.2,20882.7,20246.8,16036.9,20489.1,21515.2,17729.4,16652.6,20201.8,18828,20988.4,20258.4,22349.6,18605.6,16876.9,19823.4,16893,20298.9,21138.1,19665.8,20016.3,23453.3,22192.7,20442.8,23486.1,19286.1,18281.5,19305.7,22103.4,22974.3,19681.4,18946.3,19410,18937.6,23673.2,20852.4,18998.4,21375.4,20578.1,20408.6,23852.9,23784.5,19476.1,21011.5,23750,21723.9,21610.1,23136.7,20021,24402.7,19014.8,23734.7,20575.3,19201,22572.1,20242.3,23097.5,24917.4,23012.1,20674,23714.6,19437.9,22692,22277,23280.8,24824.7,19211.2,19811.7,19717.6,23136.7,18934.6,22630.5,23715,19817.6,24333.4,23602,22590.9,23548.6,19175.5,22799.4,22575.3,20053.2,22157,23057.2,21757.1,23150.8,24213.2,25095.3,27292.3,26383.5,28945.7,37490.2
31685.8,29374.5,27585.9,25065.5,23616.6,22903.1,20063.5,19450.3,18629.7,21328.8,23793.4,23641.5,17451.4,22446.9,19161.8,21185.7,23354.8,23146.4,22990.5,22117.9,20616.1,18565.9,19406,21878.5,22915.9,18361.7,20040.2,23377.1,22913.7,21209.7,20811.4,22221.6,18065.6,20772.8,21085.8,18152.9,16831.7,19933.3,20859.2,20627.8,20455,18450.8,18432,16832.4,16693.1,18142.4,22585.5,19304.8,22381.9,22325.9,20387.9,17736.6,17783.5,19220.7,18103.7,19672.3,21504,16866.5,22064.3,18016.9,21109.8,20365,18571,17596.7,17998.5,16557.8,18738.1,18121.5,20246.5,20646.1,22175.1,21009.7,22234.7,20095.7,18887.5,17785.2,18788.7,19599.7,17668.8,22686.1,16557.3,19023.4,17171.7,20429.4,21796.5,16596.2,17659.4,21037,22263.4,23126.8,21131.5,17053.5,21243.2,21995.7,18307.1,20189.6,22322.5,21089.1,15889.1,17392,19308.7,15611.5,17539.1,20308.8,22040.2,20395.1,20597,19895.5,17513.8,17322.5,16933,17279.2,20284.6,15476.7,18642.2,19882.9,17868.5,20445.4,18895.2,20718,17589.5,19727.8,20625.1,21870.5,21324.1,20941.9,17074.4,17670.2,22942.4,20299.6,19312.2,22582,18998.3,18577.7,16994.5,18276.9,18586.5,18621.2,21114.1,20027,17463.5,19189.8,17992.6,16597.7,20939.2,18299,21862.9,20102.6,15957.1,19276.3,21037.4,16697.3,19205.9,19161.8,17061.5,19105.1,17741.8,22407.5,20687.8,17225.4,19692.7,17007.9,18433.6,20403.8,17123.3,17844.2,17048.9,17691.4,20318.9,22942,19089.4,20293,17851,20024,19630.1,18371,17821.2,21144,19323.7,19909.1,17956.8,19427.6,23001.8,23115.6,22808.5,16790.4,17265.3,18967.5,17259.3,20477,20605,21705.3,21843.9,16869.4,16712.3,17388.7,21923.4,19971.5,20097,21830.2,18389.9,23082.9,21245.9,16943.8,17020.1,20864.3,20406.4,19248,23029.2,21380.3,17821.6,19103.6,20437.4,17594.3,20981.7,18870,19628,18931,18836.3,20669.9,19504.3,18095.6,21052.7,19303.6,20876.1,19321.4,19818.9,19013.4,18382.6,22883.9,17004.1,21738,18398.2,20355.5,22448.6,21199.7,5865,23514.5,22754.8,18582.2,18943.2,21741.8,20350.8,18703.4,18617.8,22367.3,16891.8,22297.3,22034.6,17975.9,21765.7,17533.4,16628.1,18996.6,18336.7,21828.6,19073.9,21444.8,20690.7,20783.3,16452,16856.3,18224.5,21506.1,20615.6,17233.5,19673.7,20988.9,21497.4,19277.3,17303.2,19082.7,22611.8,19394.6,22744.2,17167.2,17515.5,16882.3,19256.7,18218.8,21682,17292.1,16950.6,16923.1,18469.6,20550.1,21758.4,19308.7,19394.4,17732.7,21961.1,22820.1,18385.5,18385.1,18235.2,21797.7,17293.6,20506.4,18835.9,21489.6,19696.5,19747.5,21296.3,16950.7,16777.8,20623.6,21239.6,21409.2,22230.3,21110,18175.3,16717.9,22717.4,17824.7,21013.3,19633.8,23042,22121.8,20287.4,20838.7,20267,18393.2,18495.8,21086.6,20594.2,24113.3,21778.2,19404.1,24236,24308.3,24237.3,21659.7,24136.1,20740.8,19002,22972.4,21948.2,20487.4,23889.3,18632.2,19783.4,18657.4,20048.3,22766.5,22329.2,23827.3,22479,21510.2,22718.6,18953.7,21540.6,20792.9,21278.3,20921.9,21709,24834.1,24221.2,24805.1,20621.4,19099.6,21862.6,24046.4,19059,21019.7,22639,23320.1,24070.4,22851,18791.8,20894.6,24968.4,24151,19258.7,20991.5,21498.2,20528.4,23198.2,23989.1,24981.4,22998.7,24819.6,24796.1,31855.3,36575.6
33003.6,30853.1,26509,21829.3,24134.2,23800.5,22225.4,19197.5,18781.7,20018.9,19781,18885.2,22363.1,18763,22071.6,20809.6,23794.5,20126.8,21926.8,18003.2,20488.8,17723.1,22058,22279.5,18050.5,20385.6,22609.7,20550.4,17404.3,18590.5,20736.4,22890.8,22054.2,23276.2,22815.4,21465.2,19652.7,20747.8,19466.8,17597.3,18613.2,19084.4,21750.4,18452.3,19094.9,22553,22181.4,20233.5,18879.9,18428.3,20720.1,16349.3,16930.3,17626.4,20016.6,18177,21784.8,17424.2,22133.5,16463.3,17879.1,19787.1,20150.3,21087.1,17097.9,17935.1,18840.1,22175.9,21613,17995.9,20313.1,21123.8,21765.8,21003.4,20644,18266.3,18600.2,17452.2,19868.1,16744.7,19080.3,18042.5,17652,17346.3,19575.7,20313.6,18926.5,18569.6,21669.2,17922.3,20364.5,19026.6,21192.9,17364.7,17789.1,18124.5,18164.6,20872,21930.3,15628.3,15920.2,21814,20542,15284.5,21661.5,19242.2,18718.9,20584,16899,20380.2,17583,19439.9,17277.1,15899.5,16564.5,21634.4,21518.5,17772.2,20021.8,17805,16754.6,16491.7,19606.3,18611.3,19779.9,20822.3,20902.2,20409.6,20901,17152.1,21703.2,20256.2,22691.8,18706.4,21283.7,18091.1,22288,19516,17040,20524.6,16416.2,19326,15663.8,20084.2,16493.4,17817.6,18889.5,18358.1,21521,19085.4,22203.2,20355.8,20872.7,19336.7,18317.6,20506.6,20426.9,16942.2,16650.7,19854.8,16123.5,16425.8,20016.6,17094.6,18435.6,20898.7,19690.5,16340,16682,22928.6,19010.5,22128.5,19276,18422.3,17970.5,21954.1,22019,18245.1,20445.4,20432.7,22911.3,18230.9,18131.5,22930.3,22759.6,17135.2,16626.3,19930.3,20557,20816.4,22885.9,17712.6,18560.1,19518.7,22790.6,16975,22712.7,17194.3,19110.4,18397.9,20569.3,18320.3,19139,16889,17198.4,18277.5,16399.2,16378.7,20530.7,19821.4,20091.7,19239.6,20542.2,16949.5,20737.7,19591.4,19061.2,17959.1,22532.2,22779.7,18600.8,17142.8,21504.4,18517.3,20710.7,19607.3,17118.7,20161.4,18031.9,22580,20626,22435,20379.6,17714.2,18765.9,22180.5,20351,18698.8,21814.6,18245.3,18279.4,17083.3,17327.9,17050.2,22129.7,19145.8,20752.6,21119.3,18833.7,21650.4,21610.8,17927,20721.7,17591.9,19077.9,16534.8,17645.3,18963.9,17559.6,17380.7,20569.7,17279.2,16662,22743.7,18732.3,18420.7,19261.7,18695.1,17791.2,21580.9,21123.8,18409.2,20655,19937.9,16661.9,21226,16552.5,20962.3,18856,22225.1,21323.8,18888.9,20628.2,18032.2,17168.2,18750.7,22143.2,19565.6,19225.4,18458.4,20635.3,17974.3,20835.7,18199.6,16216.2,19345.7,18029.8,17625.8,21739.5,19703.1,16481.7,18675.8,19219.7,18531.9,21361.6,15906,20793.7,18294.2,22439.4,19121.9,21560.1,21518,19974.2,21115,16927.5,18231.7,18316.9,19779.8,18662.7,21115,21610.5,23912.7,22852.3,22777.8,23981.8,21606,20416.9,21885.3,21422.8,23538.1,23386.1,21094.9,22472.8,20100.8,24739.8,20776.4,22893.8,25093.6,23730.6,20969.7,19237.8,22496.7,20918.6,25336.8,21804.4,21438.1,24364,22261,20274.4,19901.7,23827,23860.1,20364.5,25006.2,25123.2,21707,24319.5,20814.2,21751.8,20361,18208.9,23417.7,23614.7,20715.1,18567.3,21586,23567.5,24400.1,20094.9,24535.1,25718.2,20868.4,19689.2,23211.6,25057.6,21134.8,23769.5,20467.5,24445.5,25240.7,25589.8,26264.2,29150.1,34966.7
33203.3,27784.6,27061.7,25110.1,23880.8,21844.6,24287.8,20462.4,21506.8,17500.1,18776.6,21007,23094.9,23652.9,18423.5,23103.3,18721.7,21590.8,19192.5,20443.3,20219.7,17798.8,20921.5,22177.2,18630,17803.5,18264.5,17183.7,20571.6,17166.6,22307.8,21851.1,22765.8,17304.8,18113.1,17973.9,22265.6,20394.4,20415.3,21751.1,16664.5,20427.7,19688.7,20745.6,21185.4,18519.8,17666.2,17719.2,17579.1,21919.7,21429.1,18704.1,18678.8,18245.5,22376.1,18586.2,17701.8,16271,18277.4,16308,20471.3,21748.1,19789.1,16213.3,20517.7,18105.6,20382.8,21950.5,18363.7,20816.2,16588.1,22592.7,18314.9,17787.3,22122.9,22849.9,20562,18202.6,19159.7,20063.6,17154,17541.8,22984.8,20623,21174.8,18677.9,20413.8,17029.2,21192.7,16744,22607.8,22140.6,19178.7,18747.8,20278.5,22122.2,20031.4,18555.1,17372.9,16815.1,18128.3,21924.3,16280.9,21264.2,21802,15495.1,20710.4,19076,19946.7,15962,20849.7,16762.8,21732.1,19165.3,18664.6,20738.2,17543.6,18791.4,20809.2,22517.3,16926.9,22212.2,17315,17826.5,22124.7,16880.3,17139.1,22346.1,20791.4,20225.8,20949.1,18430.4,20978.1,17836.8,16529.6,17276.4,19064.6,18476.3,20451.3,20707.7,18189.9,15767.9,21569.2,16163.3,21278.4,17985.9,19486.4,21760.9,17001.8,21146.8,20104.3,19334.6,20895,20530,15818.5,21254,16885.4,18743.3,17735.7,17784.9,16253.7,18933,21229.7,19531.7,19688.2,19067.7,16770.1,16987.2,19053.2,21437.3,19498.2,22840,22595.8,23280.4,20225.8,20074.3,17615.8,21919.7,23396,17824.7,17588.8,23274.9,21310,17830.9,19845,22305.1,16935.1,19641.3,20987.7,21905,21292.9,16852.1,18823.7,18905.2,17619.4,21849,17322.9,19071.2,17696.2,22981.9,19553.2,17104.5,19812.2,20196,20309.1,22228.7,17525.7,21251.3,19976.1,16699.8,18566.3,17114.9,19356.9,21587.5,18219.5,20402.4,19426.3,19331.8,18575.4,22363.9,18421.1,19212.5,19701.6,18227.7,17420.6,19423.1,23251.4,19662.3,18095.6,21236.7,21820.2,17870.3,23087.2,23178.1,23194,18594.6,20805.5,19101.9,22556.5,20902.1,19051.4,16824.4,16847.3,21060.4,22163.5,19938,17787.2,22639.8,18472.3,17054.2,16837.3,21375,21857.8,17518.8,20544.3,22398.3,16927.2,20020.6,18227.9,21838.4,19398.6,20119.5,22319.9,21510.7,20339.7,21374.4,19183.7,17206.2,18424.8,21546.2,20002.4,16986.4,21985.2,23173.3,18251.4,17524.7,21117.6,20201.4,19510.4,22640.8,22852.5,18320.3,16992.2,19346.6,18327.8,22328,21690.2,17402,18215.9,21855.8,16405.4,16888,16219.4,20805.1,20303.4,20921.2,18496.5,20197.4,16251.8,16588.5,15892.1,21639,17856.8,21276.1,22502.5,21665.6,18773.1,18208.4,16327.5,17791.2,18696.2,19116.3,18914.3,17219.3,22376.8,23570.8,19759.6,18372.8,22458.4,23581,22262.1,17832.7,18733.3,20414,24106.3,21226.2,22905,22587,22781,20787.9,22903.7,21416.4,22940.8,22970.7,19289.7,20603.7,20472.8,22707.4,20943.3,21778.8,19476.4,19996,23982.6,24346.8,22198.5,23394.1,25186.9,22319.8,24884.3,21731.5,20169.2,18814.8,24709.8,18690,21707.2,22769,19422.7,19502.7,22350.9,20838.6,21996.6,24078.6,23753.6,22568.5,24055.1,20360.5,18607.8,24145.5,20476.2,20064.9,25846.1,23379,19902.8,23057.1,20294.4,22174.2,23821.5,19470.2,19464.6,25230.4,26854.9,23467,29312.2,36102.2
35852.4,26733.1,28805.5,26949,26261.7,19197.3,24273.5,21051.6,21624.5,21307.7,20395.9,22099.5,23543.9,17535.8,22430.6,19615.7,20241.4,17428.8,23908.5,23182,19080.6,21189.5,22820.5,23181.6,22498.1,20449.9,23295.2,18513,23076.5,21970.6,22532.2,20042.3,20130.6,19307.8,19225.2,17103,17585.6,18539.5,18438.1,17759.4,22341.1,22065.4,17616.1,22011.9,20096.4,21183.9,18145.4,17388.7,22150.5,18627.1,20138.1,20493.1,20853.2,17092.2,18483.2,20101.1,22168,19796.4,15772.1,17241.2,19406.1,20211.9,19641.7,16338,19790.9,21446.9,15793.6,17288.7,18332.1,20749.5,22686.4,19352.9,19378.5,16429.9,21892.1,19436.5,20777.9,20157.3,17122.7,17771.1,16603.2,20142.8,21058.5,19817.4,21514.9,18600.9,21270.1,21595.2,19825.8,22027.1,18875.7,19523.2,20373.3,21303.3,18924.1,16646.6,22848.6,22063.4,22370.7,19321.9,18682.4,20895.3,21398.4,22023.3,21017.2,18815.5,17197,20619.7,21702.9,16504.5,15893,15286.3,15910.5,19686.8,16667.2,16618.8,19713.8,18719.1,20097.6,17700.8,18430.1,22446.2,17401.9,20818.6,17689.9,21286.4,20360,21496.5,22453.8,20412.1,17502.9,17895.4,21333,17048,18851.8,17347.4,21534,20940.9,19255.2,18836.6,18671.4,16901.2,19105.1,16553.4,18533.4,19684.4,18232.9,19492.4,17082,18331.3,19350.1,17390.2,21053.2,17793.4,15496.3,18105.3,22157.7,16516.9,20180.6,17875.6,20306.1,19482.4,22315.3,18789,22521.2,18206.9,16858.7,20828.1,22418,21314.5,20401.8,19446.8,22203.4,23087.7,19378.6,19914.8,23466.8,23606.9,21792,19289.4,23651.5,22379.8,17212.9,20004.3,22060.5,17007.7,19780.3,19418.7,22751.6,21723.5,19996,18254.1,22566.1,20182.4,17406.7,20335,19504.6,20744,17036.9,18434.8,22054.4,22180,21162.1,22014.9,22114.2,19126.3,16312.7,17511.3,20854.8,18034.7,19429.8,18143.3,21825.9,18190.8,19963.7,21560.8,20573.8,18261.6,19118.1,19924.2,19187.9,19426.3,20832.5,19256.5,20106.4,19359.6,23096.8,21477.8,19347.6,20185.4,19932.8,19154.4,20092,21192.2,22933.9,20237.7,16775.9,22926.4,18294.6,17680,17997.1,20585.6,19450.6,17720.8,22812.2,20221.9,19693.6,21774.1,18496.5,23276,19288.9,20740.1,17450.3,20404.2,17997.1,20830.8,22268.1,22469.9,21314.1,19696.7,19614.9,21045,18536.6,22859.2,18662.9,22839.8,23048.8,18928.1,18664.8,19129.7,22077.5,22047.5,18185,18151.3,18383.7,20090.9,16689.2,20803.9,22416.2,19751.1,22049.3,17848.2,16911.9,19305.3,21122.1,20457.7,17165.7,21595.4,16940.2,16985,21543.7,18869.2,22241.6,20488,17262.7,21106.2,16340.6,16142.4,16095.8,20338.8,20092.2,18448,18032.3,20869.9,17888.5,16365.3,19595.3,20821.7,21204.1,17224.9,20840.2,22694.9,22506.7,19422,20506.4,21551.9,21360.4,20175.2,20363.5,21266.6,17584.1,22702.6,19836.1,20244.9,21515.1,19317.5,24325.6,22650.5,23765.7,19541.2,18563.2,22941.1,23618,24249.4,19968.2,21750.6,18914.8,23734.9,24946.8,19344.9,20518.3,22741.3,19043.4,19440.3,22165.9,22911.6,19659.7,19384.3,24737.5,19129.8,20215.4,23042.4,23806.4,21404.7,23074.9,25042.2,20771.4,23633.1,23168.7,21722.8,20618.4,19196.1,19172.7,23138.6,24124.5,22266.8,22435.3,24547.9,25982.2,25305.8,25329.3,25140.1,20912.1,25588.1,25672.1,20597.1,21177.7,23113,22321.2,22935.2,24131,27233.2,27184.6,35750.3
33568.8,28536,24851,23483.5,20949.2,25313.7,21693.1,20682.1,23588.4,23588.6,22427.3,20520.5,17885,20386.8,23239.5,23852.4,18703.9,19748.1,23808.1,23535.1,21879.9,21159.9,22022.9,22737.7,21035.4,19492.2,19726.3,20000.5,20545.5,18640.1,21996.7,22158.4,22115.9,20506.8,21458.4,17890.6,22229,19538.8,21182.7,22727.7,20119.2,22571,16546.9,18467.3,22008.3,17667.2,17706,16995.7,17988.9,20853.5,19257.6,18381.6,17392.9,18214.4,17315,19067.7,19864,18780.7,19434.3,17024.6,19109.4,20480.2,18117.4,19626.6,19820.1,17271.9,15925.2,17551.4,19947.2,21161.9,18355,20325.2,16488.4,22834.2,18407.6,18670.2,22898.8,19099.7,20317.9,21665.6,19450.3,18380.5,17331.1,20396.6,19810,19805.8,16707.6,22964.3,20111.1,18349.4,22630.4,17102.3,17579.9,21973.3,18618.8,18905.9,21372,20747.4,18092.7,22371.2,16140.6,18308.6,21845.7,18434.2,20825,17956.3,19141.3,17230.4,18662.3,19759.2,21312.4,21160.2,16237.4,21587.3,15957.5,22008.2,17031,21384.9,19337.5,18853.4,19350.3,19528.1,20192.1,18129.2,22011.4,18206.7,16322.9,18915.7,20436.7,17240,19055.7,20838,20085.3,19765.2,17130.2,22372,16403,18830.2,16351.2,20832.4,17588.2,21442.2,16553.1,16582.9,18868.9,21502.9,20954.9,19010.6,20129.2,16055.4,20199.9,19503.7,22223.5,19010,18802.6,17992.9,16468.2,20395,20763.4,22422,21783,20001.4,17213.2,21879.3,21952.4,22115,17781.7,22551.8,18438.5,23266.6,22016.5,17212.5,22187.4,17502.1,18425.3,17763.9,20955.7,19098.3,23602.6,23726.8,23553.4,23514.1,19310.7,21495.5,18204.1,16919.2,22488.8,19489.7,23039.7,21723.9,22461.2,19269.7,18490.9,20669.9,19270.4,17702.5,20989.5,20781,18956.4,21882,20698,20476.4,22698.5,21072.1,22727.9,20331.4,17474.7,22191.4,19278.6,22630.3,20792.7,20178.8,19832.2,22352.3,18557.5,21522.9,22105.9,21345.5,18227.1,20822.4,21793.9,21318.7,17597.4,20183.9,22607,21824.9,21987.1,23425.3,20343.8,22266.7,22819.2,19982,18327.5,20621.5,16766.6,19545.1,20483,21354.1,16951,17226.8,20647.2,20563.2,17938.4,18760,21562.4,20528,16971.5,22874.8,21771.7,21937.4,16779.6,19551.4,23114.6,19302.4,19561.1,18582.3,18516,22104,20580.6,21353.5,19580.7,16727.3,19695.1,16857.9,22745.8,16713.4,16586.9,23495.3,20777.2,22949,18794.7,18538.6,20279,20783.5,22743.6,17462.2,20695.7,17215.3,18322.2,20025.8,20944.7,18071,18078,17357.5,20030.4,19058.1,20740.7,20738.6,18232.6,19797.7,16566,21106.2,17553,17291.6,19719.7,16777.3,17922.8,21715,18170.5,22491.7,16817.8,19478.9,21113.6,19635.1,19681.1,22355.7,20885.3,19307.3,21205.3,19636.3,17541.2,20644.3,21286.9,22984.2,22663.9,20259.2,22389.7,19575.7,17852.5,19990.6,20335.3,17659,20012.7,22437.6,20293.9,20785.4,21215.2,23282.4,18337.5,18795.6,22446.3,18301.2,21641.7,22450.9,23465.3,21139.6,20079.1,19911.8,20562.3,21033.3,22553.5,20664.6,19165.5,20355.6,18855.2,23990.2,20545.4,23413.7,18805,19397.9,23314.5,23309,22654.8,21588.7,21123.6,22842.2,21678.3,21285.9,21537.1,22180.4,21263.7,18275.5,21265.2,23612.2,22900.6,24587.7,20824.4,24456,25307.5,21721,24927.2,22776.8,21191.2,19336.8,25381.6,22612,25207.3,21632,21592.2,25978,26325.7,27315.7,26872.8,34507.1
32013.6,29625.7,28960.8,26424.2,20968.1,25322.1,20137.1,21365.5,19851.7,17904.2,20723.8,19862.5,20000.2,22062,21305,19813.6,23754.7,18270.9,22317.8,19974.4,22048.8,19230.7,21444.5,19725.3,22105.2,19842.5,17829.6,20898.6,21649.2,17788.6,21003.7,21251.5,21834.2,19941.6,20024.1,21798.1,22567.4,20078,16874,19692.9,20149.2,20816.2,16893.5,21074.4,16544.1,18322.7,19224.1,21928.6,21919.4,22166.6,20192.5,18637.1,16295.9,18398.4,22322.7,16785.1,21528.7,21497.8,19749.8,17127.8,17653.4,20614,17848.7,17922.6,19425,16692.4,16278.1,16296.8,18535.3,17262,21979,20557.1,19264.6,18288.3,19105.6,20647.5,22641.8,19949.3,20598.7,19018.6,19089.2,22821.4,18377,19544.9,20543.9,20388.7,20564.5,22902.9,21816.7,20391.2,18020.6,21722,18723.8,23009.7,17561.6,17002,22414.4,16335.9,20966.4,21156.4,16524.9,17119.5,20612.9,19798.4,16242.6,18174.1,18593.2,19238.7,20089.2,16265.1,18649.2,16762.6,20881.5,20354,19079.6,21306.8,17113.7,20583.6,20598.8,20926.8,19211.7,17825.9,20923,22375.6,21078.8,16270.7,20196.1,20685.4,19844.4,17107.6,21682.3,20244.4,17870.1,22898.8,21450.9,16430.1,18700.8,19315.9,16698.5,20481,18535.5,18565.1,15789.2,18462,17307.5,15939.4,20076.9,19748.3,16026.1,20103.2,20605.4,17499.8,18021.8,17044.1,15157.5,18727,22150.9,22047.1,17712.7,21922.2,16431.7,20705.5,21935.2,19716.3,21640.1,22207,16566.8,18412.2,21690.2,19997.1,20336,17410.2,19312.7,20100.8,23451.1,23521.6,18508.2,20274.5,17630.1,18557.1,21871,22581.9,22809.5,22731.2,19027.1,22267.1,16895.6,19368.1,21347.9,17800.8,21068,17729.3,22358.5,23390.5,19905.4,22238.8,19329.8,18050,21923,19141.8,20242.6,23034.3,19820,19459,18279.6,19086.8,19727.7,19032.3,16901.1,19607.3,18154.3,19693.6,16974.1,22714.9,21761.3,22005.9,20619.4,22493.9,22192,20834.7,20267.8,20760.7,22472.1,17930.9,22091.3,19187.1,22068,22070.8,21183.7,21642.6,20966.9,18576.5,21943.1,19490,18393.4,19167.5,18849.7,22588.7,17209.1,21334.3,22167.5,19257.7,18889.3,20477.6,18920.6,20835.6,22876.1,20604.5,19339.5,19011.3,22486.2,16989.4,23091.7,19215.2,20414.6,19154.5,19818.1,21747.9,20044,20277.1,19800.3,17512.4,18471.5,20711.6,18636.9,22967.4,22694.3,23513.6,21181.6,20326.6,18533.2,18223.8,17952,17866.4,18534.2,16480.6,21003,21653.6,21733.6,21784.1,21452.8,19280.8,21774.2,17920.4,20885.3,16835.5,22423.7,18876,18319.3,21952.5,22065.8,17940.9,19827.7,18293,16326.2,18593.8,20892.6,18646.4,21020.8,21478.6,18543.7,21546.5,19427,19587.5,16589.7,18029.7,20053.7,16348.7,19981.2,19465.7,21641.8,21865.5,17321.6,22104.6,20079.2,22399.7,20171.3,19144.2,20604.2,23718.2,23040.2,21054.2,20921.2,23875.8,17925.4,18952.2,21742.2,22203.7,19684.2,19181.4,23647.6,21274.9,22471.4,20248.1,24378.9,21464.4,22285.2,23899.9,24960.4,22784.2,19544.2,23761.6,19372.5,20975.9,19844.3,24703.4,21887.5,22336.9,24821.2,24276,22163,19151.3,19110.8,22652.8,23884.3,18915.3,23081.1,19967.5,18203.3,20372.5,19861,22295.3,23201.4,20935.5,22089.9,21360.9,22850.2,24560.2,25770.3,20269.8,21490.2,19395.2,21572.4,19409,24322.9,21321.9,25718.9,25726.1,22911.5,24463.2,26409.9,29707.9,30842.3,36377.3
32008.7,30527.3,24522.6,23148.9,22695.1,24799,23495.1,19405,18693.9,22660,23668.9,18592.7,23687.2,21727.8,17945.3,23332.4,18508.3,19018.9,23820,19041.1,23071.1,18929,18208,18698.2,18682,17240.9,17807.3,19760.5,20444.6,16947.2,17264.6,20362.3,17116.1,21021.3,18901.4,19933.9,21256.1,18546.1,16782.1,22360.1,21294.6,19014.7,18590.8,16414,18832.5,20807.5,21498.9,21878.6,18582.9,17170.9,18982.2,17787,20343.6,16464,21834.2,18109.1,17647.3,17959.8,15761.3,15872.7,15965,21042.6,17099.2,18757.5,18077.7,18420.4,17511.8,21248.8,18107,21954,16948.7,17182.3,18093.5,19748.4,17154.6,17975.6,20594.3,20208.6,18430.2,21385.5,19048,20158.7,18282.9,18157.2,17717.9,17120.2,21888,20273.7,20635.9,22358,18589.7,21502.6,22988.3,21960.9,22835.4,18178.5,22513.4,17972,22190.2,18002,22026.8,17874.8,16506,21562,19124.6,17298.1,18264.2,19630.8,18529.9,20976.7,16297.4,18743,17837.2,15957.5,21011.9,15648.1,19189.2,19826,17136.2,21493.7,17077.7,22230.9,19158.3,17915.7,17323.7,19503.5,22887.9,21077.9,17022,19883.3,21431.2,19419.9,17665.5,17904.9,22480.9,16130,17605.2,16478.7,21119,19182.6,19512.2,19567,21467.9,16291.7,15791,16251.2,21498.4,17778.8,20790.1,18548.8,16966.3,16460.1,19489,20120.4,19358.4,18453.8,17847.1,18781.6,18145.4,17007.2,18748.1,21056.5,16014.6,18013.4,18371.4,18042.8,22323.9,16597.3,21218.6,18357.2,21844.3,22739,22314.4,17311.6,20648.5,23791.2,19160.4,21770.6,18623.5,22074.9,19769.6,21273.3,17698.2,23753.1,22739.6,20516.7,17889,19215.3,22048.5,22822.9,19730.2,20530.7,18940.3,21616.9,17793.7,18559.8,19351.6,18322.5,16908.1,18085,20788,21675.5,20311.6,22936.5,18609.9,22712.1,16544.6,18491,18959.1,19132,17338.1,21460.6,22980.5,19629.5,17963.2,17056.2,22615.5,20070.8,20441.9,23355.1,17603.3,18116.8,17492,18806.9,18608.8,17063.3,16941.8,18074.3,20600.2,23505.2,19577.3,19488.7,20720.1,22577.5,21196.6,17236.8,19522.3,18164.9,20185.9,17134.4,19173.3,17964.1,19363.5,17750.3,19975,19819.4,18244.1,18060.1,16652.7,16862.5,21840.7,20427.2,21238.1,22752.4,20526,21791,21627.3,19851,20269,19014.7,17795.1,21915.1,18311.9,18843.7,19595.7,17366.1,19308.8,18099.2,17982.6,18944.9,19347.4,21392.2,18063.5,19362.9,17894.8,20971.8,22810.6,17105.4,19677.8,22053.5,22381.3,22563.4,19061.9,21546.3,19496,18648.9,22802.6,21586.9,22036.7,16792.2,16354.5,18182.5,17515.7,22438.1,18096.4,21707.6,17882.2,21708,21028.8,21947.5,21799.7,18579.5,16764.1,18280.4,16237.4,20210.7,19267.7,19567,20934.1,21344,20035,23190.5,17321.6,23382.1,17237.9,20158,21414,19002.1,18425.4,18215.6,19316.9,23460.7,19372.5,18747.8,23406.6,24354.3,21287.7,20615.9,18754.7,20497.4,24248.3,19542.9,23769.7,20048.3,24828,23640.3,19993.9,23848.1,20144.3,19804.5,22216.9,20474.5,21189.6,20753.3,18893.5,25169,23317.1,23786.6,20026.5,25226,20267.4,23578,23709.4,22244.1,19511.7,18820.6,23565.2,22717.1,20428.4,24715.5,21278.1,19721.6,19570.8,22979.9,19723.2,22480.3,21992.5,20384.6,24951.8,22057.1,19856.8,20281,20991.7,23964.6,21279,21795.5,22797.1,25502,20821.3,24466,26493.8,25021.4,29750.8,37328.5
32333.7,30567.7,28893.3,23048.7,21598.1,20830,19426.1,19333.4,21502.2,19391.3,22293.4,18642.1,21404.4,18634.1,23381.9,22738.8,18672.8,19208.7,18104.5,19182,22751.8,21734.6,21424.3,18114,17533.5,22941.1,17544,22329.4,21545.5,20524.7,21570.4,20384.9,17522.4,21475.6,19667.6,19551.3,22490.1,17676.3,17163.5,21180,21059.3,19447,22627.2,17911.6,21787.7,18148.7,20598,19075.8,20197.9,18619.8,19375.6,17056,18232.8,20374.6,22457.4,18130.6,20822.8,16387.7,20904.3,19778.3,17011.2,20931.3,19380.2,19779.4,16587.2,18436.8,17493.8,16870.8,21830.3,19701.9,17783.7,16819.2,21598.8,17632.7,18121.8,19808.8,17037.7,22022.9,20947.3,17089.1,22905.4,22812.9,19169.8,17166.1,17085.5,19091.7,23137.6,22155.4,6732.47,22958.1,22522.2,22142,22420.6,20326.4,17444.5,19214.9,22110.5,17530.8,17183.4,20040.3,21635.1,17798,16397.9,21621.3,17747.7,17579.9,17290.7,17749.8,16764,18898.5,18985,18397.5,20820,17600.9,18898.7,21816.6,18733.7,17378,22074.4,18431.3,16990.8,17734.9,19057.7,21861.5,17411.2,18520.4,21233.3,17499.3,17838.3,17782.8,21030.9,19137.3,20706.6,16625.2,17049.6,21067.9,20732.8,21180.3,15571.1,20706.8,19394.7,15950.2,18782.4,19382.5,16381.9,17067.5,22095.6,20373.6,22053.8,16891.8,16527.8,20823.2,22265.7,19985.6,17890,16728,19260.6,20168.7,20149.2,19986.8,20788.5,21619.4,18422,16211.6,18859.1,21645.8,17951.5,21172.2,23145.9,18884.8,21916.6,21883.1,22790.4,17693,21011.5,20964.7,20041.1,18624.2,19026.1,23516.2,17826.2,22405.4,20573.4,19811.8,21557.9,21348.2,16919,21236.3,20379.2,19649.4,22148.7,22096.5,17503.7,22543.2,20256.3,21833.4,16951.6,18684.4,17303.4,16901.1,18675.7,20717.7,19826.3,19428,19809.3,18711.2,22388.8,21781.4,18866.1,20731.4,17142.7,17008.1,17282.6,17711.8,21211.3,18664.2,22977.5,17182.4,21357.3,19982.9,18088.6,16878.8,20938.7,19947.6,21231.2,21587,21029.6,23378.4,17272,17337.5,20684.5,19616.7,19138.6,21339.9,17191,19122.8,18391.7,21161.5,22195.2,20542.3,21652.9,21466.1,16656.7,21667.4,23002.2,17121.9,20235.4,21122.5,17601.4,22299.8,16636.5,20744.3,22283.1,22432.4,17160.2,22994.6,20624.3,18782,18791.7,16955.1,19192.3,18076.3,17812.5,17970.4,17605.9,17558.6,20660.2,21491.3,17380.3,22635.9,19959.9,19813,19244.3,18957,19539.1,19344.7,22310.2,21006.1,19125.4,21048.1,16645.1,20898.2,22533.5,21567.8,20556.8,19734.1,16323.3,16570.9,19576.7,21549.1,20462.7,18837.8,19214.1,16307.2,16275.6,19761.4,19152.5,20050.9,20535.5,20372.2,17033.2,20391.2,21395.8,17685.2,22122.3,17437.1,21687,16252.4,17817.2,21060.7,16936.7,23213.8,18989.5,22331.3,18206.1,17582.2,21649.3,23752.4,19166.4,18092.9,23098.9,18574.1,17732.3,20201.7,23073.8,18248,22388.1,22351.5,20994.3,21217.1,21989.4,18565.8,18551,21029.9,24399.8,20391.5,23552.7,23094.1,21347.6,24711.1,24667.5,24904.7,22191.6,22827.5,19319.2,22627.8,23530.3,25272,23800.9,20486.8,24428.9,23462.9,19090,19077.6,22446.1,23184.4,20193.2,20621.4,20647.2,22419.2,24476,18254.9,22089.6,18524.8,18857.9,19934,21911.2,22054.9,25044.8,22922.9,20865.5,19279.8,22827.3,20163.8,20176.2,23545.4,24488.4,22450.9,23753,20273.1,21684,28284.9,30214.9,31989.5
32837.1,32407,24021.5,22164.2,19835,23265.9,22474,22827.6,19141.4,20440.5,18324,22766.2,23535.4,20732.3,20026.3,23357.9,18515.2,22633.4,21373.6,20086.4,22395.8,22146.9,18750.9,21502.2,17617.5,21774.4,18453.5,21835.3,18334.6,19776.5,17993.3,20330.1,20441.6,19243,22369.2,21966.8,16989.3,19746.1,19002.2,22486,18359.6,19402,18092.3,16997,18691.7,21493.5,17771.1,18232.3,22295.2,20844.3,17866,19968.6,20368.5,22418.1,19582.1,18870.2,19204,16672.4,19933.1,20376.1,20576.7,16175.2,16515.6,22000.2,19663.9,16134.9,21224.8,17330.6,22030.3,21585,21629,19734.9,17472.1,20872.2,18243.6,19020.8,20493.5,17055.9,20905.5,20321.7,22619.6,21340,19840.5,17406.6,19736.6,23102,19640.8,18683.2,21532.2,18109.8,22579.3,17192.4,19264.4,18511.2,17980.9,19342.3,17749.1,21265.5,17230.6,20276.5,21013.4,18124.6,17898.1,16178.4,20525.9,21833.6,15378,15936.8,18846.5,18777.7,16251.2,19095.9,21368.1,21162.8,17767,16294.6,17262.9,18738.9,19579.9,17044,17670.9,21782.4,22232.5,22022,18978.7,19021.4,18486.8,21460.1,18929.8,20004.9,21522.6,21932.3,22921.2,23132.8,20644.5,19209.1,20875.3,17955,21281.8,21502.4,18715.7,17499.5,16928.5,17457.3,21085.8,16749.1,20007.1,20934.5,16358.7,19181.7,18527.3,17780.5,16858.2,19436.3,17666.7,18231.7,17579.9,20590.5,17373.7,17329.8,19706.4,19955.3,20025.7,19236.4,17223.6,19338.6,16185.1,19441,19608.6,17872.4,20951.2,18756.7,18333.7,23614.4,22171.5,19195.7,23521.5,19521.5,17827.1,21215.4,18517.6,22421.3,20651.7,17562.5,20424.7,18854.9,23105.5,19545.8,17745.8,18359.8,22703.8,16982.9,23090.7,17184.4,20349,20857,20603.2,21305.3,19671.2,21783.2,20968,19697.4,19162.6,21479.9,18580.6,17038.9,17623,20643.2,16868.9,19556.5,17272.2,17842.3,22094.4,18815,22612.4,19041.2,19192.6,18622.3,21200.5,22005.2,17543.3,22623.4,19270.9,18775.7,17382.5,22702.8,18111.1,20356.6,23392,17771.5,17460.2,19066.9,22137,21476.6,20521.6,18607.8,19820.9,20243.2,22661.2,21306.2,21296.9,17385.9,19187.4,21209.3,17863.4,20944.5,22501.3,21105.1,22350.1,18611.4,20423,17168.5,22281.3,19066.7,20659.6,19175,20129.5,20645.9,20887.9,18801.4,19112.6,16315.3,19367.7,22633.1,20410.6,21025.9,16940.7,18637.8,19505.9,19867,16824.9,21404.2,17601.6,19639.3,22731.6,20377.6,17615.7,18928,21636.8,20245.7,20791.3,21002.4,17957.2,18221.6,21561.3,21051.9,20333,17567.5,21017.7,22376.1,22653.5,19978.8,21905.6,19853.1,21598.2,17494.8,21823.8,17032.9,18250.7,18237.4,22173.8,22709.4,20607.2,18763.3,17911.1,19372,18974.8,16233.3,17554.5,21597.6,19177.7,23193.4,22901,16973.3,21919.9,23307.2,18053.1,18510.4,18157.9,22504.9,20495.3,22797.8,21775.6,20302.7,23021.3,17876,19067.2,23232.4,23371.3,17797.5,19692.3,22718.6,21219,24943.8,24819.2,20910.4,19093.7,19970,20083.4,24165.7,24886.1,24038.8,18916,22712.9,20890.5,20175,23435.3,20495.8,24773.2,22169.5,21635.8,23994.7,23253.8,23218.8,18995.1,23753.8,24748.5,20554.7,19785.1,20222.4,19631.5,22888.4,20916.9,19489.1,23270.1,21977.4,24337.1,19978.6,19510,19749.1,19501.2,21004.7,19182.9,24435,25588.7,22316.4,21399.7,26107.3,24221.6,22567.7,26951.3,28743.8,31315.9,35953.1
34696.5,28100.8,24597.1,22838.7,20731.7,19124.9,19719,23456.4,24065.8,21023.6,22467.2,19794.2,20033.9,22426.5,23524.7,23436.5,22569.7,19097.6,21899.1,17610.6,17970.5,21195.7,21747.8,23330,20345.7,18020.3,17879.8,23012.3,19317.3,17976.2,17770.5,19639.6,20332.2,17844.6,20575.7,18218,17999.8,18223,21009.1,19772.9,21417.1,18565.2,16301.2,22272,18713.1,18619.8,18820.5,18360.2,20832.7,20708.3,18057.9,17030,17246.4,21217.6,18003.7,19965.3,20045.2,17599.2,21684.1,16018.5,18935.5,21831.9,19321.8,17744.1,19565,21775.3,17811.4,18110.2,19689.7,18169.4,19505.2,21212.3,17892.6,18112.9,19135.5,17701.4,18224.8,21770,18786.8,22163.1,20987.6,20686.7,19088.7,22417.5,18788.4,22943.9,23234.6,18368.9,21453.9,18768.7,21155.9,17427.9,17063.9,22709.4,19383.9,21209.1,17445.3,21645.1,18716.4,17520.5,17798.6,16706.1,17750.6,16816.2,20803,20665.1,16070.5,18785.5,19811.4,16599.5,19338.1,18979.4,18222.7,20674.7,17268.3,16563,19171.9,21043.1,18092.5,21270.6,21321.4,22417.7,20783.3,17359.2,21494,16513,18383.5,18296.8,22032.1,20242.7,20816,20391,21368.7,20238.5,20554.1,16447.9,20769.6,17047.7,16810.6,20932.3,17775.8,20005.3,21915.9,18067.7,21442.9,16953.9,20091.1,17599.3,20288.4,20872.7,21048,19145.1,17597.4,21338.8,17303.4,20783.1,18146.1,20417.6,16935.7,17396.9,22239.5,21533.2,19916.2,19684.2,18385.8,19565.9,19075.8,21034.9,20101.2,19094.7,20643,22099.9,19386,20513.9,21587,21767.9,23629,22702.7,7446.98,19065.1,18917.2,18647.2,19527.4,17615.2,22233.5,19906.8,18316,21109.6,17686.6,19067.5,20957.7,21022,21570.5,19683.1,17710.3,18745.4,18433.7,21057.8,20004.8,21621,20345.7,16674.5,22759.7,18918.4,18789.6,22637.8,21231.4,17287.2,16434.1,17627.8,20675.7,22385.6,18254.2,18638.2,22289.3,18997.8,21794.6,20409.1,18160.7,18304.2,17763.3,19800.3,19696.2,23086.2,19607,18686.8,18493.2,22683.2,19319.9,22387.9,22858.6,17712.9,21843.4,19406.7,17550.6,17472.2,17512.7,18760.3,19556.3,22869.9,17688.6,22378.2,17464,20179,17453,17165.2,21339.6,20937.4,20231.4,21616.9,20978,22034.7,21291,20823,22187.5,22914.8,18207.1,20126.4,16500.9,17814.2,18973.9,18766.8,20085.7,20596.7,20587.7,21025.5,18705.8,22310.4,22538.2,19045.8,22660.7,19917.8,22969.4,16769.9,17122.6,19855.3,16884.8,18573.3,18599.1,17289.4,21687.4,19853.5,17740.4,16288.4,16352.8,20724.9,20886.3,20088.4,21926.4,20402.6,21166.2,17212.7,21365,16355.3,20883.8,20473.9,21614.2,16197,18139.9,21123,22652.1,22103.8,20009.2,16700.4,22366.7,17688,19584.8,22741.7,18071.8,23302.5,19098.5,21187.8,19461,20852,19075.7,22198.7,22814.2,21395.7,18815.4,23082.3,23536.6,20484.6,20647.3,17684.6,19055.5,24208.7,18718.6,23417.7,23843.3,22220.6,23310.3,23730.3,23334.3,24995,21844.6,25262.2,21620.4,21855.1,23076.3,20919.2,23271.3,23456,19230.2,21923.6,20483.3,24122.3,21042.5,20721.7,20128.6,20003.5,20562.8,20983.2,18784.3,23053.1,21532.8,23719.5,19138.6,21876.7,22512.3,18912.9,19681.1,19594.4,22503.3,24700.3,22287.2,24334.7,20536.5,19025,23891.6,25014.4,25172.6,25431.5,24041.7,21125.4,25051.3,22574.2,22584,24864.7,21465.3,23330.8,22312.7,28148.5,28993.4,37774.8
34072.4,31728.6,23811.1,23202.8,24052,19277,23854.7,20193.3,23255.4,21135.3,19482.1,18415.1,18436.9,21001,23119,20935.6,18249.3,20015.9,22374.2,23189.3,18415.7,20152.6,21748.1,20689.1,21544.7,18353.4,22489.6,23408.7,21607.6,18137.5,19108.1,21989.5,17784.9,18589.4,17427,20516.9,19163.4,17687.5,20088.8,18292.6,21238.4,22608.6,19873.3,17400.2,21454.1,18359.1,19192.4,18707.5,18588.6,16889.4,18529.5,21959.3,21655.9,16038.7,18607.4,16908.3,15986.8,19887.1,18324.4,21613.9,19058.6,18447.8,16997.2,15739.7,19297.5,20198.7,17474,20474.4,19484.7,17857.1,20442.1,19582.7,17844.9,21477.9,21616.1,22521,18014,16808.5,18682.4,19279.6,21129.1,17910.6,20686.7,17371.7,19123.2,20202.9,17685.4,19173.8,20175,17099.4,18553.3,19030.2,20195.9,17385.4,17002.5,21184.9,18252.4,21079.5,21884.9,21048.5,20128.1,18324.9,21459.3,16110.3,16324.2,20105.5,21080.2,20597.8,18103.5,17161.2,16877.7,16942.4,16347.6,18916.4,17427.5,21528.5,15894.3,20861.9,17251.1,18688.3,16634,17174.8,16743.4,20588.5,17622.6,17180.2,19591.5,16295.9,21866.6,19268.9,23038.7,17524.6,16417.2,17595.4,18219,17316.9,22112,21730.1,17094.8,19476.4,18005.1,18865.5,16711,21282.4,16207.7,18944.6,16044.2,18122.8,19212.8,19579,20824.8,22022.7,17299.7,16719.9,17955.9,20615,18520.9,20712,19702.7,18848.3,19238.6,20430.7,17646.9,19282,18340.1,19799.2,17710.5,17261.9,21284.1,21939,20847.6,21008.7,17938.9,23681.1,23365.7,17786.7,19944.1,18820.6,20147.7,19646,20919.3,19132.7,23371.7,18698.5,18493.7,18414.9,20639.6,19290.6,18283.6,21104.3,17828.6,20293.5,18372.7,17826.9,22875.8,17081.4,22338.9,18021.5,19045.6,21707.1,19977.5,19220.8,19166.8,18180.3,17995.4,18354.2,22512.2,20063.6,21543.5,22688,20312.1,18943.6,16783.7,22707.4,22702.4,20664.6,21150.2,18422.6,18059,21092.1,22922.8,21138,22696.1,19836,19336.1,21218.7,18872.4,20135.1,21693.8,19941.4,21735.7,18373.1,20270.6,20551.7,20037.1,16698.4,19319.3,18966.7,19390.2,22954.7,20342.3,19732.5,22596.2,20437.8,19669.5,16624.1,21495.7,22065.4,21630.3,17955.7,22823.5,23106.3,22865.6,19679.1,21783.1,20118.3,22534.1,21869.2,17489.5,21023.1,19961.9,19361.9,22125.9,21449.6,19888,22936.8,23343.8,19833.5,20622,19479.2,18191.6,17982.5,22594.6,18956.6,18410.5,16991.9,20814.2,18773.4,17818.9,16486.4,19980.1,22420.7,20012.6,19170.9,19793.2,16467.2,21895.7,19186.4,19107.2,21711.1,21882.8,20762.2,20763.4,19001.5,18725.9,19251.4,20317.1,22392.3,20213,18800.8,16400.8,19292.7,16837.8,20607,19083.6,15925.6,17824.4,22836.7,20495.8,21531.6,21138.5,18349,18690,20710.1,21537.3,18242.6,17830.9,18461.3,22614.7,18600.2,19461.5,18183.1,19893.8,22944.2,22113.9,22943.1,23559.8,24228.3,23083.9,22980.5,22421.6,23872.9,18224.7,22143.2,22242.2,23734.7,20643.4,20423.8,23069,22536.1,22659.4,20362.4,22515.4,25197.8,20316.7,23486.2,21207.1,24337.9,21376.9,23671.6,23382.9,21770.7,22627.3,22140.4,23932.4,19471.9,24379.5,21204.2,19972.1,24143.4,23455,21032.5,22269.4,23458.9,23380,19782.4,18756.8,21185.6,20190.4,22938,25225.1,23599.6,19766.8,22867.5,20833.9,25716,21466.8,22323.9,23170.7,22038,25832.8,24828.4,29638.1,37664.4
34117,27839.9,28427.3,21967.5,20948.2,20072.1,24496.9,20883.8,18983.3,19252.1,22007.8,19288.4,20455.5,23086.7,21188.1,21251.8,19141.9,19604.1,17633.9,22586,20323.3,17118.6,17515.2,17749.2,21154.1,20963.4,17745.7,22301.1,22884.6,17660.6,21568.7,23604.7,18911.4,19839.7,22712.8,22438.8,17831.7,22168.7,20909.1,19951.1,20560.3,22532.7,19261.8,17408.2,22707.5,16523.1,20797.6,18727.5,18274,18242.5,21579.6,20637,17194.4,18351,20247.6,21983.7,20092.3,20398.3,21237.7,20110.3,21846,19002.7,21385.8,16942.6,17594.3,20761.5,16600.2,15839.2,18796,17575.5,20892.9,20794.7,22883.9,21500.6,21581.7,20171.3,21927.2,17312.8,17899.6,16979.1,19629,18020.1,21399.2,19786.3,17635.7,20217.4,20088.3,20357.8,19094.7,20802.6,21133.4,21741,22633.9,17197.1,21398.3,21245.3,19041.6,21128.8,21288.7,17438.6,16905.5,16239.4,16106,20477.2,16107.3,17662.4,16181.7,17984.7,16949.6,20843.9,21868,16867.8,21558.9,19262.5,16897.9,20086.2,17453.8,17720.1,20427.4,20965,18414.8,21995.5,19408.7,22786.5,21313.4,21254.2,19346.5,17264.4,20935.6,18212.1,18509.8,17882.2,17669.7,20795.5,21469.7,19096.6,20533.6,20385.2,17050.2,19535.1,18242.8,20532.5,19452,18122,20558,16992.9,20271.3,19560.3,18672.3,16496.9,17372.7,20849,18684.1,18741.8,19339.1,21718.6,22370,21124,16653.2,20474.3,17572.3,17800.2,18019.7,16211.4,21520.7,22603.8,18508.5,18617.5,19031.1,21777.3,21508.5,19397.2,17679.8,17990.9,18774.6,19237.1,17941.6,19416.4,19477.4,20629.1,19624.7,20316.6,17628.3,17727.2,19361.1,22961.9,18369.8,19023,17689.5,17150.5,17093.5,23099.7,20554.2,18826.7,17705.7,22004.1,22069.3,17437.1,22402.7,17688.3,19321.4,21701.7,19528.7,20041.7,19228.3,19106.8,19184.5,21752.3,21592,22494.4,20540,19886.3,21552.3,22659.1,18316.6,17336.5,22075.5,21473.9,17151,22214,21760.3,22667.8,19396.5,18197.1,19566.6,18228.7,19863.7,20655.5,18380.3,19437.8,20779.3,18391.7,21652.2,23136.9,22319.7,17752.1,22831.2,18726,19707.3,23002.5,19145.7,17189,20399.6,20170.2,19993.7,20875.3,18709.1,17273.8,21904.3,18088.8,19846.8,20619.9,18416.3,17583.6,21109.1,22884.3,20835,17482.3,19396.8,18887.6,16630.5,20946.7,17221.5,19523.3,21886.8,23133.9,23275.7,23652.5,19925.8,22119.4,22775.4,20324.5,20493,20718.6,18148.3,22623.3,20045.2,22306.4,20896.5,20341.6,18855.6,22583.5,20787.4,16677.7,17472.9,18239.3,19283.2,22348.7,17978,17399.7,16363.5,18163.8,16801.4,20155.3,21997.7,20766.1,19280,19777.9,21278.5,19174.6,16665.9,21039.7,21076.3,20529.4,18667.2,17610.8,20836.5,17329.3,20335.3,17545.9,21202.8,22260.1,23256.1,23464.7,17089.1,23344.2,21427,18729.4,22391.8,22502.5,23274,19590.9,23269,24235.9,22190.6,24050.6,24355.9,19552.2,18247.4,23568.5,23031.9,20320.5,20078.4,23612.8,24868.6,19053.7,22938.1,23752.4,24393.6,21370.7,18528.3,22568,20942.2,19791.8,21262.2,24045.3,25269.2,23685.8,21640.1,20406.4,20635.7,25401.8,21956.7,25105.1,25186.1,22217.6,22427.3,22539.6,24201.5,21047,24036.7,21206.9,22010,23359.7,20305.3,18717,19477.4,22977.5,25155.8,21608.5,20628.6,19568,24368.1,21653,24578.8,22519.9,21788.4,20426.3,23292.5,23022.3,21507.1,26306,28612.6,35753.3
35306.7,31516.9,29585.5,27405.5,22811.9,19289.2,19984.6,20754.5,23457.3,19111.9,22712.5,18698.4,22894.7,21681,21979.3,20756.6,22919.4,20672,17823.2,22146.8,21905.3,19513.4,18838.8,18523,23683.5,19391.1,20431.4,21700.2,20838.4,18668,22743,21957.9,18329.5,20521.7,22072.7,19486.3,18749.3,22019.7,19449,20419.2,20340.9,18697.4,19138.9,18904.1,19036.5,20554.8,17241.8,16963.6,21971.6,21668.3,20002.1,21427.6,18903.5,19238.6,19777.8,17414.4,21595.4,16936.3,20688.1,20119.9,19206,18663.8,19224,21108.9,17134.5,21106.5,19461,21445.1,17117.2,18393.4,16779.7,21930.7,17387.2,18272.3,20425.3,21725.3,19493.1,19110.7,20751.6,19055,16966.9,22238.9,17396.8,21120.1,20567.4,21188.6,20015,19570.2,21694,17891.8,21820.8,18539.7,21487.4,19856.3,19475.9,17855.8,17785.4,21790.1,21840.8,19041.7,22525.4,20653.8,21133.1,19195.9,18931.2,21485,18957.2,19845.1,15925.8,18097.6,20150.4,16876,21516.9,15744.5,18779.5,20881.3,16140.8,16316.8,17963.2,20549.7,21650,19520.3,18272.4,16443.2,22160,19317.7,16773.9,21818.5,20120.7,17034.5,21932.1,19628.4,21157.9,19680.6,21543.1,17274.2,18389.4,21153.1,20534.9,18107.9,17839.2,16612.6,21204.5,18002.5,16661.1,19360.1,18242,21459.3,17417.6,19510.6,18741.5,19138.9,17459,21616.6,19893.8,16791.3,19610,19962.2,20903.8,20273.9,21581.1,16191.3,16418.6,17714.1,18710.2,18401.1,20960.7,21329.8,20457.3,20132.1,17360.3,22119.7,19902.2,22732.5,18729.3,21221.1,17619,17987.7,20821.8,18495.8,20654.5,22490.3,23188.5,20942,23373.1,21595.5,20548.3,22646.7,19760.6,20556.7,17047.9,23028,22960.8,21489.2,23160.9,18788.6,19381.8,19224.6,22366.6,19398.6,20534,17608.7,21049.6,16766.6,21890.3,21172.3,19047,21200.7,19951.3,22964,20113.4,22868.6,20808.5,19763.2,17347.5,23192,17821.2,21146.1,17751.2,21616.1,22572,19569.2,20349.7,19097.2,17698.9,22883.9,22682.9,20755.5,18405,17261.1,18773.3,21346.1,16818.1,19082.4,19122.5,21227.5,20461.1,20575,18991.5,19407.4,23196.6,17742,20019.5,19967,19483.3,18903,21513.3,20403,20688.6,22695.5,20340.1,22457.9,22553.7,18016.7,17097.8,20657.3,20567,22616.9,20736.7,16670.7,20904.5,21141.3,19276.2,20703.8,18024.7,18414.6,17730.1,17237.8,18661.4,17175.6,22032.4,20973.7,23102.8,22392.4,21562.4,18416.6,21099.8,21167.8,21522.2,22653.7,23208.4,17953.9,21344.3,22168.6,19696.4,20944.1,20777.9,19514.5,19467,21123.4,22006,22769.8,18656.8,22563.1,17237.1,22465.3,17059.6,19439.5,18030.8,21520.7,19921.3,22564.5,18002.2,17222.3,16572.8,22108.9,18843.9,20134.2,19429.5,21521.6,22695.4,16795.3,21100.9,21996.3,20316.9,20872.7,20547.3,20088.2,23104.8,19925.2,20172.9,22101.4,23015.8,19292.7,19944,18580.6,21855,24637.4,23596.9,19455.4,22550.7,18206.5,23873.4,19861.6,24647.3,21293.2,24105.5,24505.9,23851.5,21949.5,24371.2,20120.7,23223.8,22286.5,23273.6,24370.1,20714.7,20003,24755.9,24805.7,21691.9,21194.1,23984.3,23906.6,19516.4,24487.6,19078.2,19953.3,19391.3,21374.3,20960.9,24382.9,22111,19146.9,24108.3,20668.4,20966,22481,20417.1,22495.4,22987.9,20803.5,20200.9,25197,20425.4,23789.6,23854.9,20518.2,20194,25956.4,27140.7,26191.4,31675.8,37403.8
36517.5,29813.5,23929.9,24137,20258.1,22480.7,22506.4,19647.5,20275.4,20902.9,21112.1,18895.6,21592.4,20643.7,20286.9,19996,24009.3,20328.9,23681.2,22095.7,19264.6,21850.9,21014.8,22772.7,17148.6,18513.7,23001.4,17516.8,23142.4,23671.3,23415.4,23028.9,22070.4,21264.5,22098.9,21056.4,19304.8,18342.9,22817.8,18536.5,20301.4,17999.9,19486.3,16323.2,21135.8,18732.8,17313.4,21078,19277.4,16730.1,20560.1,21929.1,18072.3,20653.6,19344.8,15938.4,20892.6,19691.9,17933.2,16067.9,19870.2,20445,16927,21957.3,16505.3,19249,17195.6,21490.9,17026.3,16152.4,21212.3,17409.6,17600.6,18313.7,17821.4,22704.2,22369.9,18577.4,17891.4,21006.7,18588.8,19846.8,17117.5,21745.4,19266.4,20758.3,21683.5,20906.2,18378.9,17520.7,19195.8,19412.9,21365.3,19505.5,21103.8,16636.5,23206.4,22707,22783.6,20789.7,19370.5,17063.7,20921.9,16460.5,19917.5,18944.5,21465.5,19786.5,19733.1,20658.5,21850.9,20032.7,19066.3,18922.5,19273.8,16043.9,15795.4,21508.5,18659.6,18470.1,21419.8,18367.8,20670.5,18046.1,20500.2,19338.1,16550,21920.6,18839.4,19167.9,20454,21684.7,18121.5,22600.8,20294.3,19260.7,20611.6,16955.6,18701.7,16286.2,16702.7,19086.9,18923.5,21172.7,20731.7,21330.3,21674.3,21381.7,17025.2,19623.2,17517.3,20297,20760.1,17497,17183.4,20092.3,21109.3,20848.5,21239.8,18573.6,21167.8,17202.8,20603.8,16815,17128.6,18335.2,17896.2,21762.7,22775.6,18073.2,5631.05,23327.1,20867.1,19202.5,23206.9,20150.8,21909.9,18298.2,20794.3,22910.8,19244.4,20482.1,21183.2,19051.1,18443,23168.2,19738.7,18664.2,22192.2,19197.1,21126,17365,19941.8,19293.7,19161.5,20914.9,21943.6,21322.8,21877.4,20269.4,20721,21305.5,22113.6,18673,18156.7,22333.6,17578.1,18884.6,16494.2,22669.8,17109.2,19767.8,22381.4,19286.2,17087.6,20400.3,22042.7,21900.2,18156.9,19110.3,18783.9,18756.8,19923.2,23530.8,22173.3,19886.5,23530.1,20093,23305.9,19614.2,16704.2,21484.8,21987.6,21687,21373.4,19976.8,20261.3,17122.4,17356.7,18208.3,20086.8,18542.2,20643.9,17686.9,17204.1,22792.9,17930,16971,20445.6,18931.7,22242.7,21201.2,20305.1,20832,18734.4,19722.4,16567.9,19271,20067.8,19404.7,21163.4,18130.8,19013,20296.5,18575.1,21895.5,16841.5,19914.9,18808.5,22265.3,20156.2,20761.3,19034.7,17848.7,17867.1,17614.3,17144.4,18209.4,19976,20787.8,22906.1,22412.2,17099.8,20095.5,21639.5,22963,22728.6,17252.1,17812.4,16288.6,20005.3,20344.4,17045.7,17238.8,22025.6,21122.8,16871.6,21461.2,21164.4,20169.3,17497.5,22731.4,18312.1,18146.6,19194.4,20366.2,17502.2,22202.8,22880.5,21384.7,20152.2,20535.2,22758.1,17389.7,21895.7,22689.9,17081.5,20368,18758.2,19501.6,18790.6,22842.1,18529.9,23803.6,19759.3,21716.6,23685.8,19594.2,21398.8,20922.6,19224.5,18288.3,24652.4,19208.2,21651.7,19263.5,19352.4,23146.7,21214.2,22817.4,24216.1,21822.7,18861.8,23623.5,23321.5,22516.9,22434.1,24521.3,23288.6,21089.9,25178.2,22484.9,21351.3,19467.6,20214.9,25429,24163.1,18763,21402.4,21236.5,23873.7,18787.6,21376.2,18892.4,19260.7,21268.1,24161.4,19502.2,21400.2,20891.1,19992,23237.8,23093.9,19374.5,25978.9,20693.3,23911.8,21329.6,22866.2,25104.8,22925.3,28007.4,30657.2,35312.7
36483.2,29124.2,26822.9,27577,24571.6,23012.6,18993.9,23989.8,21142.8,18461.9,21490.9,21453.3,23238.1,21957.6,22824.2,23361.7,20338.6,18846.8,19246.6,23131.1,23084.8,20524.8,21044.2,21472.5,17771.7,21736,22864.2,22591.9,18885.4,22328.6,21531,22886.6,21897.3,19038.2,23192.8,21548.3,21618.8,18160,20016.9,18500.6,21386.1,22169.7,18678.3,19338.8,19535.6,20969.8,22084.7,21970.4,21207.3,22088.2,18635.8,20933.9,19378.3,22129,17781.2,20500.2,18429.7,16300.9,18529.5,19201.8,18549.5,18273.6,17975.6,16368.3,18337.2,21790.1,20380.3,19947.7,17934.6,16617.6,17219.2,20186,17679.9,16778.8,18604.1,20117.7,17350,22582.2,21878.7,17425.8,20572.2,21828,18541.7,18015.1,20414.4,22888.3,18547.4,20637.7,19842,18724.4,22167.8,20450.1,19605.5,19857.5,22081.5,18473.5,23119.6,18192.6,21793.2,18538.8,22170.4,21190.3,19187.8,18657.2,18442.7,21043,18438.7,19622,21091.9,21959.6,20125.6,17752.1,15908.7,21892.5,16810.7,17692.9,17417.1,18124.8,20155.9,21593.4,19713.1,19999.6,19590.3,19462.5,16908.9,17018.2,20026.9,21215,16628,20163.4,22260.3,22431.5,19104.1,19816.9,18045,16260.7,16645.7,21333.1,20976.5,21454.3,20043.7,15788.6,20187.4,21920.3,19633.5,21192.2,21633,16829.2,21496.1,19421.7,19718.8,18546,18483.5,22144.5,20296.7,15714.5,19035.6,19665.6,16679.2,20204.8,21832.3,17421.8,19864.7,21716.2,22003.9,22523,18279.6,22624.8,19352,23095.4,17857.2,23075.8,23837.9,22330.7,19625.4,22454.7,19785.8,18285,23237.3,20435.4,21062.7,24015.5,18372.5,19380.8,20701.1,23114.1,21744.6,23056.5,20175.8,18780.8,17487.3,16759.5,20979.7,18570.8,22055.3,19708.9,23095.2,22249.4,17032,22793.7,20821.7,19730.1,22720,20479,21281.2,22428.8,19463.5,19442,19356.1,19866.2,19004.1,22112.9,18446.1,18995.1,16781.1,23232.1,19133.8,17924.3,20987,22947.1,18494.1,18746.6,21372.9,18937.5,22010.4,20857.9,20192.5,19746.3,22656.2,17005.7,20221,19876.9,20030.6,18372.7,22312.6,22845.1,22428.2,18689.1,20849.5,20733.2,18266.1,18418.6,20244.3,22059.1,22082.2,23077.9,17488.6,18842.7,22655.5,22130.1,22084.8,18133.1,22763.6,17212.7,22364.5,17731.3,16985.1,21417.6,20575.1,18401.4,16263.5,17460.9,16984.8,17652,19808,16718.3,18547.7,22239.4,19705.2,22922.2,22630.8,20807.6,22028.4,17958.8,17529.2,18486.6,21042.7,19799,22685.8,18171.9,19640.7,17857.4,19425.2,21080.6,18629.9,17090.3,21679.1,21682.8,16327.1,22469.3,16569.4,19708.5,18882.3,16979.5,20015.4,20314.3,18668.5,22296.6,16833.9,19252.8,19689.9,17003.9,19697.1,17102.5,20115.5,21404,21447.5,20134.2,17326.8,22693.1,18514,20346.6,19324.6,22791.4,22286.1,21898.5,22270.7,23135.6,22192.8,17560.1,19552.8,18304.8,22845.4,18517.9,22262.8,21155.3,18900.6,21650.5,21550.5,22289.9,19056.4,18665.6,20677.4,20104.8,24737.3,22024.2,23183.9,24337.5,22027.1,19258.5,23167.2,20905.8,22718.7,20300.8,24703.6,20228.2,24720.9,23910.9,23146.2,23191.5,23809,19972.7,19193,22291.8,18919.6,19792.2,23769,23397.6,20542.6,18861.3,23909.7,23963.5,21188,18806.4,20148,22066,19545.5,22956.1,21476.5,23569.9,20368.2,20979.8,23586,25665.5,23683.1,20672.1,25900.8,23203.7,23673.7,22951.3,25743.7,26436.9,32688,31579.9
32794.1,31604.5,29586,23164.1,24615.5,20667,24382.6,20726.9,22947.1,21833,21105.4,22838,18720.3,21156.5,22658.4,19205.2,21103.2,23944.9,18095.5,18068.3,21309.7,22066.9,18789,21943.3,20341.4,17223.4,21380.7,22092.5,20502.8,20200.4,23283.1,23344.6,18797.9,23298.1,19909.3,21755.6,20305,20857.1,16941.2,18812.4,21490.4,21539.8,22328.6,18140.4,20875.1,19573.3,21224.1,19097.3,18956.8,20921,19377.1,21976,17931.6,21079.3,21209.1,20114.3,16495.7,20443,16796.2,19392.1,17106.6,21320.8,19600.5,20608.6,16929.2,17716.9,19250.2,17677.8,20286.5,18963.8,17227.5,18424.9,16671.7,22092.6,20268.5,20978.4,22949.5,20331.9,20631.2,20148.2,20995.6,22279.1,19259.3,23261.2,17840.1,19012.5,19646.8,23253.7,20620.5,17143.3,19770.1,17505.4,20374.2,21381.5,16703.6,21648.3,22552.9,19722.4,21661.5,19451.2,16688.3,21294.3,17058.4,17998.5,18294.3,16094.8,20761.6,19065.8,15738.1,21010.1,18879.1,22239.6,21408.6,20412.4,15562.2,16650.4,15752.7,19766.8,19267.1,20124.4,17975.4,19175.5,21914.1,17793.6,20058.8,21195.3,22353,18168.1,21684.2,20570.1,20333.2,17123.9,18086.1,17520,17020.5,17911.3,15903.5,18320.6,16224.6,18322.3,17157.6,19118.3,18425,16678.5,17163.8,20602.5,17557.7,20859.3,22206.6,19303.6,18396.7,20267.5,19362.5,21899.6,17978.1,17529.1,21440,22119.4,22064.1,22722,20278,22230.9,19411.9,21774.2,21745.8,19795.5,21900.7,19375.5,20148.9,21717.7,23655,19567.8,22154.6,19868.5,22989.3,19135.2,18560.3,23001,21889.8,18838.4,21830,23573.3,18954.8,18262.2,20315.2,19702.4,19453.5,19475.6,21840.1,18906.4,19163.7,21420.6,22313.9,19417.7,17483.5,18973.4,23248.7,19476.7,22944.2,21152.2,19174,17002.6,18151.2,19842.5,22679.4,17829.4,21842.7,21053.1,17457.9,20697,18566.4,21235.2,22002,19784.5,23137.6,20410,17734,21069.9,19477.9,20919.5,17896.9,16920.6,22973,21485.2,21120.6,20547.7,20825.3,20880.4,17965.6,18496.9,22808.5,16811,20879.1,16822.4,18294.6,20398.3,22679.6,19389.7,20226.7,19842,21161.3,22255,22718.8,21470.7,18545.1,21087.9,20000.8,20140.5,22362.6,21902,19533,19053,20142.3,18019.7,18282.5,22665.2,19277.2,17114.7,22644.4,21187.1,17368.6,17596.4,18530.7,19912.4,19348.9,16932,19156.7,22801.4,18387.5,23126.2,23445.1,23379.1,22467.5,19711.8,23029.3,17300.9,19586.4,22226.6,22054.8,17731.9,19423.2,21997.7,21974.1,17123.2,18373.8,17443.8,17386.5,18629.5,22766.3,21392.9,19234.7,20844.5,22932.8,19364.6,18892.5,18258.4,21055.5,20440.1,21385.1,19309.4,17037.6,16530.3,20039.9,21149.8,19563,20257.5,18217.7,20480.9,18798.7,22272.7,16798.2,21853.5,18957.5,19202.6,19546.5,21907.2,19089.6,20880.1,18235.4,17681,23435,20146.1,19713.8,19590.5,23861.9,19699.3,18209.1,20170,23919.9,20287.5,19087.4,19550.6,20963.3,24671.7,22607,21069.4,18429.7,23481.5,22395.1,24247.2,21475.1,21192.2,23018.3,24432.4,20221.8,20413.4,23186.9,20790.3,19937.6,20434.3,22534.8,22405.5,24944,21153.5,25277.9,24152.8,20996.2,21478.4,20385.8,19250.9,24539.6,23659.7,20832.8,22812.4,23017.1,24109.1,18532.8,22561.6,22820.4,25954.3,23269,23050.1,24377.7,23053.8,24587.3,25447.5,25860.5,23784.4,21554.2,25273.4,27956.1,29322.7,29863.8,31780.4
36834.2,27442.7,27392.8,22424.6,21643.2,25181.4,21672.9,22149.9,19450.2,22834.2,18563,21604.6,19310.9,23879.8,18074.5,17740.9,23537.1,20033.5,22831.6,17802.9,22333.1,23452.1,18599.5,18373.6,20407.1,19837.8,22653.8,22264,17568.9,23216.2,20963.5,20805.4,19775.9,20333.8,18238.1,20230,22133.4,21211.8,17225.9,20987,19754.5,17001.6,17693.7,21893.4,20867.4,19047.7,19023.9,21047.3,20894.4,19956,18739.2,21023.4,19489.4,20633.3,18181,18177.2,16162.7,21981.5,17247.1,17363.7,21648.8,19906.4,18719.1,16186.9,16104.9,20206.9,19803.1,21883.6,20135.3,22241.8,18682.1,16053.1,16687.2,17001,23148.6,21582.5,22337.7,21561.8,21845.7,19810.7,18438.8,19308.3,19325.8,20957.5,21740.9,21855.4,18616.4,17218.8,19530,20469,21368.2,19267.1,23087.2,21375.3,17663.2,18461.7,19975.1,16699.3,21582.1,17551.3,22138,21009.3,19821.9,19799.3,22000,18177.7,19474.2,18289.2,19762.4,20333.3,17901.6,20390.4,18576.7,18893.1,19165.2,18548.4,20562.3,18914.4,21917,21363.8,17392,21755.5,20880.4,21887.1,21870.9,20867.9,16518.4,17795.4,21170.2,18264.4,20399.8,20999,22503.7,18437.8,19524.1,21981.1,17183,16033.1,21281.4,18046.1,18228.8,16597.6,15942.6,22230.6,20702.7,17978.9,18611.7,16204.5,16250.3,20967.1,19269.8,19591.3,16544.4,20062.1,17199.2,19774.3,22283.2,17073,18195.4,17965.3,22096.8,16883.4,21510.8,18461.2,17954.9,16368.8,16617.9,22107.7,19736,21806,17726.1,22051.7,19066.3,22528.2,18381.6,20870.6,18416.9,20707.6,22052.5,18619.7,21667.8,23223.8,5894.78,24208.6,21391.1,22639.3,19358.4,20525.8,21199.7,23050.4,22542.6,20134.8,19496.2,19025.2,18431.1,22172.3,20883.8,21347.4,22412,21978,21273.6,17255.2,18237.7,17446.8,20493.4,22328,17983.9,20439.2,18677.9,18248.2,17630.8,16638.3,16737.4,18156.5,17467.6,20317,22241,21635.4,18390.8,22949.3,22178.1,22006.3,18007.7,18001.9,19710.6,22596.8,19422.3,21263.9,22686.3,18889.7,20765.6,21070.2,21357.8,19342.3,19582.3,22182,18108.6,18270,19116,17260.9,17858.3,17021.1,19705.6,23025.3,20306,19016,19377.8,17895.5,18360.5,19180.8,20282.9,22172.6,16751.9,20974.8,17132,20879.8,23030.8,21697.3,18886.6,22100.4,20645.4,20478.4,16544.3,18672.6,18407.7,20445.9,20801.8,19451.7,19046.4,17844,17683.8,17017.6,23365.5,21031.6,19748.3,18589.5,20794.2,21848.2,18922.7,23128,22064.9,16925.7,19727.9,19664.5,20864.9,16508.2,19700.1,19572.6,17321.7,17503.6,17883.3,17685.3,19736.3,22022.2,19188.6,16422.4,16748.1,21548.7,19646.5,20916.9,16636.2,21512.2,21078.4,17152.3,16827.8,17158.9,17819,21978.5,18683.5,20849.3,18595.9,20415.9,23258.3,21770.7,20311.6,18760.8,21020.9,19995.1,22011.2,22210.6,20083.4,21776.3,20546.6,18313.5,20465.3,18841.5,19715.7,21693.6,22496.6,22642.3,19742.7,22273.8,22404,18830,20587.3,22084.2,22829.9,20550,20467.5,21276,23789.3,23596.2,20541.3,24770.5,20442.9,22858.1,19748.7,21286.4,20341.2,21666.1,21845.6,22680.3,23976.1,24382.3,22232.6,25365.9,21978.2,22971.1,24498.4,20747.5,24198,22076.1,21258.1,22200.6,18538.6,20355.9,20010.2,23441.8,23077,21330.5,23210.1,22440,21733.2,20068.5,23695.3,23894.5,25606.2,22757.1,26128.4,25973,23984.7,25202.2,31344,32913.7
32551.3,28868.6,24561.3,25891.5,21060.5,23551.1,21081.8,22525.1,21437.4,22161,20795.8,20027.4,21893.8,22648.8,23907.3,21494,17738.4,22091.1,23347.7,20318.8,17853.4,23219.8,17498,20937.4,22099.8,20886.3,19837.1,17904.6,21086.4,18429.7,21024.1,23388.6,21559.2,22009.7,20447.4,20486.9,22024,19268.6,18494.5,17843.1,22001,19015,19156.5,18603,21616.8,16845.4,20097.8,21440.7,18289.5,18514.5,21934.1,19930.3,21106.2,20339.3,17794.1,20961.7,19464.5,19447.2,17594.5,22095.7,16950.2,21031.8,16722.9,20999.1,21053.1,16109.3,20802.5,20440.2,20784.8,16991.5,17227.3,21390.4,20178.5,20648.5,21655.8,17312.2,17593.8,21418.3,18689.1,18683.2,19877.5,22560.1,21103.3,19717.4,17150.5,17459.3,21630.4,19268.7,21330.7,22234.9,17513.9,19746.2,16918,21142,19068.9,22178.3,22366.1,19569.1,17645.3,16507.8,18999.2,22181.7,21086.6,20664.2,18165.9,21386.9,21464.1,17440,16693.4,19780.7,17965,18639.5,22093.5,20997.6,16690.9,15602.9,17726.4,16511.7,17647,17829.4,20565.5,21429.6,19798.1,16677.2,21021.7,21884.7,22590.4,20847,20567.2,18934.2,19802.1,21253.2,18841.9,21852,20315,17698.1,20551.9,17579.2,16217.5,18492.8,19242,20898.9,18434.6,20479.9,18193.6,18395.2,19694.6,19275.7,17013.5,19071.8,18439.8,16676,18767.2,21915.6,20086.1,17069.3,19395.2,18494.2,20922.7,16947.2,18213.7,21349.1,22430.7,18790,16509.5,21227.5,17944.5,18338.5,19255.8,23244.3,17646.5,19312.3,21404.8,22299.8,21790.6,23141.5,20133.7,19592.6,19253.1,20418.1,20929.1,23209.6,20914.3,23159,22631.7,20699.2,17214.8,18985.8,19586.2,22523.1,19390.2,17980.8,19227.3,18582,17822.1,17027.9,22472.3,19560.3,19461,22443.4,20860.9,21148,18744.7,20248.3,22521.4,17079.1,20846,20368.9,18947.6,22409.6,19096.3,22552.9,22486.1,21218,20220.4,17986.8,22455.9,21873,23509.6,20362.4,17754.8,19509.7,19572.9,17379.5,18297.3,22953.3,17762.4,19102.6,19720.7,19836.3,22682.9,18782.1,18587.7,20820.6,18669.9,22452.1,22072.7,18253.2,19049.7,17862.3,23116,21016.5,23178.1,19627.3,22011.7,19805.7,21806.5,22208.9,17532.5,17853.1,17879,21575.1,23189.8,19039.8,20282.8,22132.4,21345.1,19301.4,22557.8,17234.5,19692.4,21762.5,19736.9,17253,16449.1,19377.3,22579.9,23162.1,21783.4,22225.2,17613,19787.4,18305.2,22374,20352.5,17541.8,19087.9,16888.5,18208.5,20102.6,21307.3,17518.6,19078.7,16961.2,19666.6,16991.7,18391.4,17085.9,18882.6,17451.7,17886.8,16561.6,19987.2,19472,21052.1,16916.8,20910.8,20242,19776.5,18845.4,17789.6,21474,19101,22736.1,17196.2,21923.1,19162.2,20479,17266.1,17061.1,19419.8,23103.9,21523.5,20768.8,22672.2,17049.2,17736.8,23667.3,18106.7,21970.4,19340,19463.8,19246,21439.3,23010.6,24463,20268,22337.6,20954.3,23921.7,20922.3,19983.8,24582.7,24959.8,21494.8,22066.6,24400.3,22864.4,24687.1,19487.2,19814.2,19859.7,20568.6,25516.8,21732.4,24918,21984.2,22967.2,20465.3,20110.8,19377,23997.6,24139.6,18893.5,19397.8,22451.8,22824.6,24781.1,22832,19910.5,21143.6,20022.3,19352.4,24598.1,22971.7,23027.1,19266.4,23190.3,23229.9,22064,24587.7,22066.1,23755.1,25924.4,26236.2,23086.1,22978.1,23309.7,22682.8,21596.5,25333.5,25789.1,29209.5,37607.5
31789.5,26580.2,26669.2,27655.7,21807.2,21459.8,19299,21072.9,20109.8,19892,22160.9,22535.2,21397.8,18850.9,19622.1,23537.1,23589.8,23786.7,21021.3,22512.1,18411.4,18035.2,19082.7,20031.4,21779.8,23599.7,22616.2,22702.4,22075.6,21560.6,22735.6,21677.8,23084.7,21060,23068,21648.7,21523.7,18310.3,22878.2,19593.4,20261.2,21715.9,18297.1,22157.7,19822.4,17535.9,18206.4,18941.2,17154.8,21340.3,18487.1,16160.8,19734.6,18817.1,18216.9,19524.9,20881.2,17009.7,19239.1,19353.9,17546.2,19205.9,20184.6,19088.5,21946.1,19216.3,21141.9,21166.2,17749.9,21555.4,17224.7,21396,17704.5,18511.6,20983,21312.3,18967.5,17603.9,20452.7,21825.7,19917.9,21260.6,21130.6,21399.1,18959.8,21136.4,22057.5,19558.7,20992.9,22632.7,20778.5,18918.9,17426,16820.9,21544.2,18942.3,21909,21904.5,16531.1,21447.4,19497,22012.2,20236.7,16947.4,20599,17720.6,21710.2,20707.1,16359.7,18701.5,18454.6,21418.3,21337.7,20568.9,19166.5,18303.2,18031.1,20784.9,18277.6,19537.8,21051.1,16501.8,20135.8,17601.7,20437.1,17175.1,22552.4,19324.4,20939.2,16993.2,17773.9,23057.8,22442.3,21774.9,18401.2,22409.8,16659.5,21294.2,21405.4,21340.6,18410.6,20151.7,16141.7,15952.5,15958.6,18907.1,20666.2,21620.9,18292,17948.5,17337,20404.3,16949.7,19142.3,16072.4,17381,21800.8,19611.3,21407.1,17663.9,20862.8,21426.3,17693.4,20733.2,20107.5,17030.3,18819.6,21137.8,21211.5,18643.5,22640.6,22399,23185,19391.8,22867.8,17747.6,19432.7,17794.9,23609.7,20880,22305.4,23525.9,22172.5,21564.1,18931.2,19260.4,23440.4,17201.1,17237.4,22344.4,18060.4,22073.2,16784.3,16949.6,18909.2,20979.2,19424,22695.1,21526.3,20023.4,20469,17839.2,21697.5,22183.9,20096.2,19506.3,20741,17370,17127.3,16433.9,19845.1,18311.1,21805.8,19549.2,18238.1,19575.2,20150.7,17316.6,22298,20971.5,18739.2,20544,23078.8,20542.2,23146.1,17582.6,19172.8,17985.6,22185.6,18858.7,19036.3,18723.7,22392.7,21419.3,22530.2,20275.9,20960.7,17007,18213.5,21462.4,22014.5,23391.5,21409,17640.4,18113.9,19509.6,19548,21236.2,22555.9,20996.3,23008.3,17829.8,20374.8,17897.2,20131.2,22549.2,23146.7,17533.2,19764.3,19118.7,18486.7,17391.4,22461.3,18429.6,21870.3,20749.5,20526.6,18361.4,18835.2,23376.6,21392.3,21711.9,19388.6,21505.9,21938.7,20259.3,19923.6,21692.8,17192.5,23213.1,23304.2,21550.4,18712.5,16604.1,17889.8,19924.3,17001.3,19190.2,21680,16474.3,19970,18343.1,19736.1,17828.3,16997.2,22365.1,16241.7,19417.6,21000.1,18742.3,17314.2,21795.6,23009.5,21477.6,16984.1,21196,20171.2,21957.9,21798.7,20769.3,21244.9,17157.1,18611.1,18449.7,20810.4,17928.2,20270.3,19510.6,23435.3,19618.4,22176.2,23731.7,22563.8,23708.4,19286.6,22464.3,19124.7,22375.1,18380.6,21344.7,21096.8,23830.3,24242.2,24150.9,21865.4,20425.8,24433.5,24426.1,22398.2,21227.7,23697.8,21262.5,18767,24266.5,21909.7,21998.2,20509.3,22306,18888.9,19417.5,22883.9,23010,21038.7,23863.7,21453.9,23286.9,24175.4,20175.2,23793.2,23282,21313,18555.7,18288,19897.9,20403,20898.4,24620.7,20362.5,22347.5,22214.7,20799.1,23955.2,23543.7,19987.1,23231,25642.5,22785,23842.7,20762.5,23829.3,22627.7,29311.6,31138.5,37151.1
34706.1,28491.8,27816.8,25142.3,22158.7,22632.5,24029.5,22841,22670.8,19911.2,23811.4,21655.9,21187.7,22050.1,19744.1,20087.8,21784.4,19874.6,22600.2,17745.8,18982.7,18694.8,23135.2,21056.6,19845.2,21549,23141.8,19098.6,23426.2,21233,19468.7,21091.2,22333.1,19316.1,23663.1,23321.1,17761.3,20796.6,17820.8,22627.5,17120.1,21356.7,18883.1,19520.7,22373,17526.9,20348.4,21797.7,18404.1,18138.4,19016.9,19386,17295.6,19580.9,22348.3,16142.8,18098.4,20304.8,19814,19392.8,19834.5,16324.5,16797,20823.7,20191.2,18953.9,19209.9,18613.2,16953,20813.7,16607.6,21967.7,17476,21507.7,20742.6,21130.2,17159.9,21870.9,21218.3,21291.3,20027.9,22262.1,18160.9,19469.8,21523.6,22811.1,19654.9,17364,19777.2,18968.4,20336.9,22591.8,20893.6,20013,18530.1,21157.2,23351.9,21668.3,21478.8,20399.1,20679.8,17859.2,15927.3,19803.6,21889.3,19179.6,21373.7,18671.9,18764.2,16074.1,19251.9,18873.3,17304.3,20269.8,19975,21393.7,17778.7,20460.8,19271.6,18030.7,19186.3,18404.4,16971.4,20080.6,21137.9,19785.2,16429.7,21614.2,22553.2,20202.9,20464.3,17460.5,17260,20024.9,17971.2,18968.7,17448.6,18624.8,20467.8,18240.8,18906,20152.8,21573.7,21148.5,20329.7,16053.5,17001.4,22123.2,18560.5,20853.2,20380.6,19059.3,22407.6,22240.7,15718.8,19945.7,21579.2,17693.2,17895.2,20123.6,19006.1,17544.5,19446.7,22145.6,19382.3,21467.1,20928.5,16702.4,23112,18494.4,19903.8,23069.9,18816.3,19932.6,17393.9,20851.9,21024.8,23509.5,20970.6,22488.3,23201.7,19104.7,22684.7,22022.7,17672,21238.3,23252.3,22863.2,18736.1,18273.2,19115.4,19060.6,20637.4,22515.8,16945.1,18272.7,20311.5,18265,22492.9,21475.4,22419.1,18115.8,17679.4,20419.5,17697.3,20334.1,18116.4,17080.5,18724.5,17654.4,20584.1,17317,19223.7,20676.8,17892.4,20002,19427.2,17908.9,18965.4,22582.5,23072,19003,20024.1,18057.6,22338.5,18072.7,19921.1,18352.5,23076.7,20443.8,20108.1,18116.5,20907.8,23194.4,19206.6,22905.7,19797.9,20252.2,19190.8,17000.2,18103.8,19335.1,22504,21928.4,22317.7,21451,17063.7,20089.4,20670.2,20422.1,19695.1,20560.7,20738.4,22713.6,18496,20270.7,22017.9,17521.2,20652,19362.3,17259.1,20891.5,19852.2,22154.6,20866.8,23434.6,21850.9,18653.6,22834.3,19444.8,20892.5,21137.9,16804.3,19926.5,22657.7,19901.1,22669.3,17504,17674.7,17110.6,20882,21814.3,22147.2,20211.6,20014.6,20147.9,20523.5,21443,21570.7,22050.8,19670.6,18401.6,18071.9,22069.7,21605,19348.5,16774.2,20411.5,20644.4,16970.2,21501.3,19819.1,22851,21006,17684.5,19145.4,21177.9,19877.3,19213.3,18507.2,20249,17338.6,22271.3,20361.6,19483.5,19132.5,18902.9,17563.3,21976.8,22869.5,21329.8,21247.1,21497.4,22600.7,23376.7,21438.1,24162.4,22937.7,19864.7,18221.2,21533.8,23781.5,18676.5,19348.3,19733.7,23028.3,23706.5,20749.1,22029,20207.9,21858,22375.3,22309.2,21924,22991.1,22439.6,20867.3,24932,20564.1,20780,22261.5,23261.6,22741.5,23405.9,23377.3,20591.5,23408.9,20637.3,24463,22023.4,22780.9,23994.5,23571.3,21308.2,22911.3,18889.2,21585.8,22605.1,24082.3,20927,22416.5,22511.2,25282.7,22551.7,24139.1,25104.4,23784.2,19549.8,20868.9,22627.8,27110.6,25581.6,29840.3,33783.3
32867.8,28619.1,26989.5,23916.7,24498,21811.2,23952.7,18581.1,24094.3,20118.4,22526.5,19497.3,22939.9,24183.2,20455.3,21917.9,23718.3,23579.3,22823,20231.6,17779.7,20009.4,20584.9,22297.3,20425.7,18733.8,18574.6,22471.5,23491.3,21945.1,17432.4,20264.8,19392.3,17786.9,19691,23283.4,19595.8,20805.7,21731.6,22637.5,17565.5,19219.3,21505.3,17462.7,16705.4,16982.9,19449.9,18012.8,19671.9,21728,22411.8,21402.2,16558.3,19982,19515.4,16469.6,18345.3,20634,18520.2,19153.5,16480.5,18232.6,16399.6,18060.2,17581.1,20253.3,16272,19142.8,19492.4,16172.1,16445.1,16521,18855.6,17524.8,17252.3,20661.8,18217.6,19218.7,20521.9,23104.6,20021.5,20357.5,23279.2,23173.9,21818.5,17947.7,18127.1,20736.5,19431.5,17682.3,22825.6,20256.4,21598.5,21243.7,21693.9,19558.3,19771.6,16542.8,16493.4,18566.1,20618.4,16560.7,21179.3,20030.3,20204.4,19799.7,20154.4,16908.8,20138.6,20111.9,21910.4,16053.8,16687.2,21180.2,16701.8,21820.2,19411.4,21372.4,20526.1,18329.5,20907.5,21868.6,17150.6,17628.2,23000.7,20973.1,17485.3,19429.1,21372.1,17364.1,18619.3,23337.7,23157,22967.2,17065.3,22177,20807.2,19410.3,21881,20296.5,21981.9,15999.1,16464.7,20096.5,20451.1,20089.9,20493.8,18937.4,19093.3,20876.8,19347.2,22369.3,18795,19215,20472.1,20410.3,17734.3,17527.5,17081.8,20804.8,22692.3,17213.6,21662.8,16855.8,20478.2,16868.7,16266.5,17930.9,16939,17847,18420.2,17462.7,20992.8,18359.7,19257.7,23197.4,20513.6,22557.5,19299.9,22853.4,21554.4,19550.1,23428.8,20843.3,22582.6,22834.6,23596,20101.9,18756.2,17145.4,20098.9,17506.4,17098.7,19450.4,21342.4,20876.1,23003.3,19392.2,17191.4,20053.6,19576.4,20148.6,18679.8,21063.8,17089.6,19358,19820.3,18867.7,21538.1,16763.9,17122.2,21962.2,17998.6,19870.5,20586,19660.1,18112.8,22163.5,18257.7,18251.2,19353.1,16922.8,16938.4,19046.4,17316.7,20692.4,20578.7,22300.8,21367.7,22852.6,19774.6,18879.9,19722,16854.3,23253.4,18951.7,19478.3,20225.2,20036.1,22015.4,20385.9,21456.2,18890.9,20562.6,18453.8,22541.2,20029.2,17218.2,19248.4,17586.3,21287.3,19729.8,23184.1,21730.8,20048.1,18566.8,22614.1,19548.8,22306.3,20290.2,21021.4,20276.1,17058.2,18849.1,21425.5,18841.2,20419.2,17024,17314.8,17874.6,20678.3,21020.6,21369.4,23376.4,19619.8,22674.9,19681.8,21906.8,19931.4,19001,20305.9,18333.9,17174.1,19732.7,17828.3,20329.7,21913.2,20340.8,18472.9,18484.7,21361,21137.7,17948.8,17822,19649.8,22079.8,21715.7,16987.3,17974.1,20381.5,17401.4,19612.7,17116.4,20752.7,21247.9,19549.6,17981.3,17637.9,22749.3,22782.5,18912.1,21351.1,20231.6,22155.9,22283.4,17289.9,20806.6,20061.6,17705,20814.7,22961.7,24233.4,22099.8,19461.9,22951.6,23859.7,19117.8,21819.9,24203.1,24496.4,21013.4,24639.9,23928.8,20509,21996.5,24523.4,20860.2,19110.7,21755.6,21667.7,19717.2,22520.1,20027.1,19915.2,25047.4,24972.2,24622.7,22110.4,21096,24069.8,20701.1,24128.4,22902,24890.8,22368.8,24350.2,24260,22441.6,20927.4,18755.3,23596.1,22810.5,19791.7,22934.1,20456.8,20347.8,23765.3,19081.7,24968.6,21419,22859.3,25768.6,22747.7,24509,23510.6,21552.8,22838.6,24833.8,25016.9,25182.2,26418.9,24905,32963.2,36197.6
35237.5,28740.6,25123.9,22934.2,22868.9,25305.6,24988.4,22871.8,23608.6,18864.5,23822,19259.5,23570.4,20402.9,19553.9,22385.3,21581.5,23692.4,20555.6,19474.2,17637.2,20164.4,18406.7,23406.9,21097.6,19236.9,18951.8,23289,20430.9,19382.6,17838.5,23447.1,22936.4,22738,20022.5,18744.7,20597.5,22614.4,18835.8,22180.9,18302.4,18836.4,20721.1,19881.3,20040.9,18517.2,20168.2,16955.4,17044,22272.5,19798.3,16565.3,17683.9,18547,19049.5,20896.1,17731.6,17106.6,16480,17215.7,19446.5,21610.1,20738.8,18769,17483,21035.7,21526.2,16423.6,17921.5,20367.7,21962.6,22057.9,18028.5,17582.6,17952.1,19477.3,22856,18541.4,22168.1,19997.7,19076.8,21425.4,22270.3,19295.1,22958.2,23384.2,19625.4,23320.3,19570.7,22599.5,19406.9,22947.7,21940,19943.4,19254,17040.4,22819,22235.9,19036.9,17667.5,18557.7,17296.8,19028.7,16485.3,19392.9,20427.5,17879.2,17838.7,17872.5,20244,16786.8,18649.8,20271.2,17477.6,20690.4,20180.9,21526.1,20306.3,22231,16774,22105.4,22389.6,16402.5,16291.7,19054.1,22230.4,16690.3,19491.2,22855.5,17530.9,20905,20987.6,18364.2,19853.1,22751.8,18403.1,19267.5,21008.9,18138.1,19836.4,20226.3,16403.5,17614.4,19387.7,17966.4,17410.9,22368.5,20463.1,21415.6,20438.7,19612.5,17835.3,17460.4,18095.4,19870.4,20973.5,20203.2,19681.5,20090.5,20025.6,21797.1,18534.1,21141,18681.4,20924.3,18910.5,21657.2,22240.3,20513.2,20942.6,22539.1,23830.7,22657.1,22283.1,23029.6,22066.2,18144.5,18948.1,20601.9,21138.7,22846.7,17751.2,19484.8,19223.9,19919.7,23662,21043.9,19239.4,22626.4,20491.7,18164.1,22342.8,19777.1,19366.7,18508.4,22795.5,17346.6,17784.2,18614.3,22379.2,18768.3,22029.8,18080.5,19196.5,19775.3,19798.3,19111,18453.5,18666.9,18007.7,21048.5,21552.7,17342.4,21469.3,17933.3,21664.9,17064.7,19983.7,19230.4,20382.5,19417.4,22122.2,19432,21104.9,22839.3,18305.7,18962.5,19645.8,19932.1,20811.7,18593.4,18289.4,18353.7,17428.1,21910,22922.3,20985.7,19399.3,20363.8,22070.7,21019.9,17516.3,17596.1,21668.9,16595.7,20194.6,17526.7,21690.2,22561.6,19008.3,22809.3,19660.2,17415.9,22513,19137.3,21406.7,17775.7,18635.9,20462.3,17064.3,19409.7,21092.4,22433.4,17629.2,18107.4,23033.1,20287.3,18289.7,21075,23465.7,17733.9,18441.4,22433.4,20571.7,17047.9,17880.2,22388.7,17689.5,22736.5,21235.1,21077.8,19732.8,21488.2,17040.7,17507.5,20517,20761,20056.9,22453.7,16643,21038.2,18444.8,20537.6,16895.9,18795.1,22504.7,17753.5,18403.3,18702.3,20581.9,20862.9,20162.9,17329.4,18847.2,17526,19592.5,17780.7,18320.4,17681.4,21521.5,20701.2,17338.6,18633.5,18225.9,21776.8,20534.9,18184.2,19300.4,18720.4,20529.2,20592.8,18523.2,17704.3,21705.5,24639.4,23994.6,19679.9,20648.9,22026.3,22840.4,23158.5,20553.4,20892,18983.8,22417.3,20781.9,19034.2,21619.9,22455.7,19286.6,21113.4,22633.4,22790.5,21053.5,19390.6,25793.5,23159.8,21542,19904.9,23525.4,24413.3,20872,19615.8,20543.5,19055.9,20737.6,19702.2,24236.2,21712.9,20612.8,22929.9,22790.9,20739.5,18307.1,20766.7,20110.6,21669.1,23800.8,23118.8,21166.2,25015.6,23391.8,23786.7,25829,24377.5,21951.9,25054.5,22789.7,25612.1,23794.8,26134.4,24236.6,28361.7,31814.3
33622.4,29059.2,28060.5,21910.8,25993.9,24913.2,21955.3,20881.6,18713.4,18171,23866.3,22781.4,20601.4,21039.7,21298.7,20697.2,22675,22844.1,21072.3,20274.2,22235.9,23029.6,19763.2,21768.9,20075.4,19671.2,18012.3,22388.8,21694.3,20426.8,21122.8,23707.8,18999,23395.2,21782.7,18048.1,20649.4,19528.8,22176.8,21543.1,19672.9,18695,21138.6,16596.8,22757,17697.8,22393.5,18433.3,21456.2,19393.1,17561.9,17924.9,17976.6,16560.1,16718.2,20021.7,16001.5,19370.6,17695.5,21251.1,17660.6,21357.3,21523.8,17788.9,18354.3,21697.8,16646.1,20743.5,22199.1,17283.1,16559.9,19324.1,16753.2,16295.8,21382.7,18983.1,17130.3,16975.2,21974.7,22301.8,20100.8,18547,18615.5,22080.9,20405.9,21465,23159.4,20976.2,20592.5,19586.4,16998.3,17057.2,20382.8,20108.4,19158.6,18814.6,17934,22246,21649.1,21233.4,22441.6,16296.6,19727.6,20485.2,17210.1,21199.2,17634.6,18860.1,16320.8,20808.4,17671.7,16778.9,15634,18547.6,19644.1,19943.4,21754.7,20673.8,18013.2,18193,22192.6,19638.1,22078.2,16858.1,20554.4,21431.9,21183.2,22701.3,22344.9,18404.4,18764.1,18233.1,20185.8,18113.3,20267.4,19081.6,20495.3,19441.2,17025.9,15654.1,17855.9,16982.6,18462.5,21247.8,20499.4,21904.9,17886,16601.4,20571.7,16749,19128.3,18887.2,20450.5,22599.7,16441.1,18000.9,22955,19171.5,21610.3,21293.6,19855.8,19476.5,18652.5,17855,19800.2,20686.2,17888.2,19724.7,20161.4,23088.7,18226.5,21532.7,18336.1,20451.1,23509.5,20530,18824,23772.3,17298.8,21282.3,17638.2,21099.7,17626.1,23549.5,22050.1,19411.7,21080.8,19417.2,20165.9,21374.2,20664.5,19961.9,20271.3,22363.3,18364,17861.4,17139.5,17774,18453.1,16958.3,22573.2,21922.2,17101.7,21040,18114.3,22632.3,18521.6,17942.7,21136.8,18032.9,17022.6,20258.1,18031.7,22797,21565.2,19549,18362.3,17356.7,17893.9,19788,17225.6,23031.1,22209.2,19076.7,21542.9,18385.8,18214.9,21433.7,21736.7,17778.4,21633.8,17282.4,18528,22990.2,20259.2,22455.9,20387.3,17875.8,22761.8,21571.7,19268.7,23144,17721.5,22415.5,19030.4,22489,22873.2,19449.2,17244,23092,22561.7,21789.1,22507,19679.3,16907,18648.2,17394.1,17924.2,22829.3,21514.6,22730.3,20042,16769.1,18601.5,22507.7,22900.4,23340.4,21002.7,20754.8,20396.7,21863.4,22828.9,20775.3,18421.9,18068.5,20792.4,19263.6,20753.6,22050.8,17629,23585,20791.9,19223.3,18621.1,21079.5,17646,20399.9,17798.8,22128.9,22780.5,19804.8,18714.5,19724.2,18846,19067.2,21103.6,21749.8,18652.9,20216.8,16487.8,21498.4,17035.2,16473.5,22747.5,20238.7,18811,17033,17715.6,18498.1,21108.1,18434.1,21117.5,19538.8,21484.9,19649.7,19088.4,21278.9,21942.6,22485.5,17729.2,19291,18487,22207.8,19132.7,23343,21884,22791.3,24322,24629.5,22822.8,18377,24679.3,18616.6,21504.1,19639.8,22446.7,19127.9,23049,18555.2,18594.2,22722.3,22023,21125.9,23647.5,25196.1,22963,22164,25739.7,21186,19301.1,19091.9,18924.8,19532.3,22450.9,24957.5,20397.7,21087.1,23623,20139.1,21168.1,20138.6,18602.7,18529.6,18943,22173.4,24281.2,19070.6,23483.6,23330.2,20569.6,21060.8,22801.2,19378.1,24307.4,20204.2,20396.6,20858.2,23678.4,23959.2,21550.9,22008.4,24312.4,28777.4,36728.4
32532.4,26486.2,26057,24284.3,20894.3,22489.8,22818.9,23575.4,19912.1,20241,19522.7,21727.9,23997.6,23663,23859,20961.7,18601.4,20467,21736.3,19631.8,22188.9,22836.8,20042.2,19752.3,20568.6,21998.9,18479.6,21390.1,18792.9,20014.5,18344.2,19860.7,23029,22798.9,17324.3,17909.8,21629.4,22406.8,21893.1,22542.8,21439.5,20419.2,18354.9,17015.6,21398.1,18648.5,17341.3,18943.9,20028,21401.8,20978.2,19690.5,18229.4,20207.7,17712.6,19289.6,20350.9,20578.4,16195.7,17585.8,15774.5,19569.5,18712.3,20342.9,19057.2,20418.4,18289.9,22190.8,19139.7,18135,18538.1,17538.7,22484.6,19116.6,22821.9,19192.6,16807,17431.6,19250.5,20505.5,20854.6,19480.3,21598.9,23080.6,17456,20667.8,23169.7,17431.4,17637.7,19222.5,22883.6,16927.3,23331.6,23223.3,19801.7,22270.3,19730,20654.2,19154.5,19829.4,20254,19511.6,15773,17204.3,20492.2,18191.6,16051.7,19484.2,19184.6,21425.7,16061.2,17980.8,18926.6,17729.8,19279.6,19421.2,19905,18414.4,20388.3,17788.8,22033.6,18370.4,16473.7,16443.1,23039.3,17192.8,22353.6,17636.5,21055.7,18630,17046.1,16671.2,18155.2,18421.5,17779.2,17398.3,21210.6,20275.9,17057.5,20265,16458.6,17069.3,17484.5,20871.1,18005.2,16541.7,21208.4,16162.4,17340.5,17483.8,19853.6,16745,18327.7,19221.8,18587.5,19821.1,21881.5,17541.4,20085.4,17907.9,16801.2,16613.2,21547.5,19732.7,19612.7,19050.2,19291.2,18473.9,22214.1,17850,22847.3,18570,21473.2,19463.9,23633.5,18502.1,22416.6,19663.3,19701.1,17512.7,20938.8,21755.7,20210.5,19491.3,22607.8,20924,18175.1,17160.8,21401.4,18876.8,21420,21601.4,16933.5,18826.7,23009.4,18982.3,20978.1,17317.8,17858.8,21037.6,18121.2,21432.6,17528.6,22362.8,19939.8,19552.3,16726.2,18969.4,22102.5,18836.6,22277.3,18114.1,17184.5,18011.3,18797.7,21978.1,20985.8,22748.8,17261.3,18070.1,22020.5,19246.1,18888.9,19392.4,20502.4,23537.8,17648.4,22792.5,21309.4,21087.7,20608.6,22035.1,19692.1,21756.9,19773.8,22724.5,20576,19139.4,20558,17610.6,20452.1,20982.5,22705,18524.7,17510.7,19879.6,20761,17945,19089.6,21860.3,21807.7,21963.7,18052.3,21688.4,17443.2,20615.5,19567.1,17876.4,17817.7,22619,21726.6,21096.8,21747.4,22530.2,23213.7,22523.3,17751.6,19671.6,22291.4,18328.6,22538.4,23459.3,21576.4,23590.3,22300.1,21019,23139,22660.1,22475.5,20036.7,23086.2,23110.7,17628.3,18409.5,18575.5,22501.2,22720.4,18737,22075.7,16688.4,19433.7,21106.1,19594.8,18484.5,17081.5,22544.4,18429.6,17493.3,20728.7,18890.8,20482.7,20632,18553.7,22254.6,17276.9,17760.9,19162.4,18255.6,21113.4,19153.3,20780.6,18742.9,22265.3,18122,21644.8,21327.8,19994.2,20359.7,18486.6,23552.1,21435.6,22343.3,22901.1,21426.4,21017.7,19651.3,23555.9,19308.3,24551.9,20231.1,19458.9,23662.1,18563.9,23330.8,22792,21553.9,24410.1,20435.8,19965.6,18472.6,19477.3,24579.5,23244.4,24987.9,21167,23444.8,23004.4,20240.8,24630.3,23689.3,18929.4,21619.8,18897.5,20591.4,22755.1,22948.1,19552.8,21743.9,21896.4,20682.4,22079.8,24408,24225.1,21430.4,23973.6,24682.6,20221.8,19309.6,24753.2,21096.8,19781.3,25025.9,21555.5,25163.4,19367.5,23717.5,19595.9,23441.7,24652.8,21171.9,23581.7,24878.3,29581.1,36669.4
35047.4,30961.2,24763.3,23639.2,21133.7,19689.3,20645.7,20059.7,21810.8,19858.3,19575.9,23688.1,19323.7,20551.3,18133.3,22183.3,18475.1,17885.6,18785.8,19975.8,21366.9,18111.9,23731.3,17813.4,21014,19682.9,19462.5,20217.4,22830.7,19277.9,21968.2,18755.5,20743.9,20694.3,23254.6,22325.9,23009.3,20046.2,21273.6,20282.6,18118.8,22773.9,21265.3,19582.2,19498.1,19891.6,19830,18891.1,20742.8,18809.2,19012.2,16464.1,16232.4,20189.9,18664.7,16075.2,18751.8,19792.8,15946.5,16412.7,19422.7,20338,17133.5,20130.3,17905.1,18511,21519.3,21472.8,22053,22017.6,20015.9,21072.1,22563.8,19948.3,19203.5,20301.5,18617.5,19255.6,21627.3,18230.1,17971.7,18772.3,20802.6,20942.4,22028.7,23031.8,22699.6,18451.1,22856.9,17663.4,22866.5,22093.3,21397.3,20682.9,21376.3,17951.2,21160.1,19642.1,22447.9,16158.4,16908.9,16533.4,15931.5,17673.6,17848,21570.2,19627.5,15754.2,19106.9,18315.5,20919.8,18938.1,16880.6,19591.4,18047.2,16046.7,19012,17966.7,17647.5,16328.5,18575.5,20661.7,21226.3,18619.5,19571.4,16378.1,18249.9,19585.8,20615,16880.8,17509.7,18728.2,19868.4,22784.5,20279.6,18949.3,17398.8,17963.3,21364.9,20902.8,20421.3,16664.9,21276.3,17911.5,16884.9,15919.4,18430.5,19034.9,20367.6,21433.4,22092.7,17370.2,18522.1,21282.4,17646.1,17382.8,20276.8,19002,17859.9,17477.1,17232.2,21482.1,19378.6,18937.1,16725.2,21506.5,18804.6,19798.4,16490.2,19822.2,22344.2,21630,21841.4,20799.1,19492.6,17630,20027.2,18854,20249.7,19435.7,22178.1,19903.8,18796.5,23305.2,22111.6,18601.5,19796.4,17796.5,21439.9,18953.9,18643.6,20869.1,19545.7,20701.1,19951,21595.4,20254,20932.9,17729,22345,20726.6,19744.3,22979.6,17419.6,21428.8,17813.2,21692.7,21618.2,17455.3,18646.6,21670.8,18492.2,17835.9,17844,20894.3,21310.4,19705.3,19520.7,21472.1,17882.7,19382.6,21219.1,19844.2,21473,18441.7,17666.5,18337.7,21615.4,23260.7,20893.6,20634.4,16835.2,20023.9,22328.4,18204.3,22130.3,16887.2,20620.9,18619,18285,20261.3,22216.7,21189.9,18295.5,17956.9,21159,19593.6,17524.7,17593,22174,22798.9,20583.6,20540.6,18430.5,23277.9,18935.4,18128.4,20716.9,17528.4,19394.6,19363,20338.4,19403.9,19193.7,16831.6,21431.8,22004.2,19011,20448.5,17742.3,19954.8,22154.8,21756.7,20051.4,21339.4,20608.5,17253.1,17847.7,23040.7,22578.2,22065.4,20948.8,20345.5,21341.6,19064.7,19145.6,20250.4,17719.8,19592.6,20263,18184.4,20592.2,18769.1,22641.9,20763.1,21856.2,18267.7,17932.8,18115.4,17392.1,19269,17706.2,19652.7,21223,22291.5,17507.5,23165.2,18231.8,22093.3,22484.1,20305.1,19094.9,18106.2,21038.8,23235.2,22067.7,18831.8,17583.8,17526.7,22365.1,22897.7,20057.6,24218.3,21147.6,18081.7,23778.3,23939.7,20097.3,24373.7,23471.6,23295.8,25036,23228.2,22654.7,20676.3,23021.2,19700.1,20538.7,22424.5,24958.5,22076.3,22228.2,21084.8,24559.1,20036.9,21676.2,20355.7,19392.6,20029.5,24052.3,19098.7,22859.6,19300.9,20574,21511.5,23795.1,24392.5,23555.7,21375.8,19198.1,18807.2,20347.6,23639.3,19613.4,21902.1,23560.5,21725.4,25000.4,24706.3,20816.4,23078.8,25796,25844.2,22576.8,19316.1,22796.7,23570.5,21115.7,25315.5,25049.2,25229.3,23790,29374.7,32016.8
35482,33035.2,26101.1,23640.6,24511.1,24343.1,19312.6,19559.1,22897.6,21817.5,23436.3,18952.7,23559.3,18358.8,20540.3,19665.8,22809.5,21592.7,22531.9,23493.4,18602.4,19701.2,19566.2,20398.5,21032.5,18463.4,22235.5,20067.3,20952.1,21076.1,23304.3,19553.3,23994.8,23190,21326.4,17154.7,18717.9,21952.5,20964.7,17402.2,20723.2,17743.4,20438.7,16420.3,19400.8,17857.1,18075.5,21615.1,22513.5,16354.1,19398.9,16988.4,18348.9,18166.4,18739.6,19986.8,21927.9,21892.9,16415.4,17950.2,17467.4,18721.5,22018.1,21007.6,17744.3,19436.3,17918.1,15971.4,17961.2,19585.8,18779.3,16227.4,20034.3,19431.9,17418.9,21019.3,20632.9,21453.5,20193.8,17705.5,20285.1,17764.9,22699.6,19023.9,22570.1,18703.1,21675.1,20335,19999.6,20262.7,20355.2,18538.9,17761.8,23039.2,21659.1,17742.4,20561.8,17380.8,16881.5,20366.9,22240.7,18120.3,20284.9,22318.2,22141.2,17478,20993.1,15933.7,19870.9,20373.7,15640.5,21098.9,20372.8,19398.3,20298.4,18966.3,17729.9,22263.8,19649.2,20728.1,17733.8,18196.3,18837.7,19417.6,23056.3,19192.8,20653.1,19765.9,21454.4,17083.3,22361.3,19103.4,19205.6,21938.5,21646.8,19748.8,16869.2,21486,21890.3,19124.2,17449.8,21043.5,18760.3,20597.4,19763.7,17496.4,22107.5,21795.3,21334.7,19179.2,17852.4,16584.9,22340.1,19448.9,19215.5,16190.1,22140.1,18536,17943.6,19427.7,16865.8,17670.1,20592.2,22362.1,18388.1,22335.8,16648.8,20923.6,22739,19976,20352.5,21792.1,19002.2,22420.1,18545.7,22389.5,22890.1,19861.6,21843.8,22852,17513,18433.8,22885.6,21240.3,22779,21878.6,20463.2,20160.5,22857.7,21927.9,22949.4,22610.4,19296,18269.2,19848.4,17937.7,22525.8,20611.3,17951.2,22279.6,17858.2,17493.3,22936.9,20037.2,21595.8,17577.5,20115.2,20082.8,21659.3,20682.2,19260.2,19758,20330,17430.4,21476.2,17889.8,21236.8,20913.7,20747.2,21797.7,18651.8,19929.7,18649.5,21077,21893.5,21134.5,18780.7,18684.1,22642.2,21601.4,17122.4,18780,22253.9,22189.2,17913.8,21733.6,18273.8,21216.4,21433.8,21796.3,17563.3,18663.7,18649.4,18219.3,17224.4,18268.7,22729.2,22468.1,20996.3,22381.7,17415.1,21316.5,19031.3,20091,21989.3,22854.8,17411,22336,16465.8,16597.5,21635.1,20771,22136.2,17065.9,18201.3,23037.5,17255.2,19511,21347,23788.3,21933.4,20441.1,23155.9,19333.6,19292.4,18056.3,18773,20188.2,21922.5,23352.4,20872.8,23276.4,20318,19900.8,21975.2,18883.6,21810.4,19440,19101.9,18665.9,18075.8,17127.6,18864.3,22235.1,19374,21368.4,19171.1,17537.5,16436.8,20208.8,20500.6,20228.8,17348.7,18680,18130.6,19669.3,16975,17076.5,22536.4,23136.9,21317.5,21566.7,19055.9,22963.3,20841,20044.7,22982.8,23300.5,19829.6,22576.9,21421.7,21504.5,18964.7,22354.1,23750,18208.8,21699.7,21561.7,23287.6,20392.8,19520.5,24676.1,18780.5,22383.9,20477.7,19046.3,19823.9,19677.8,18846.7,24534.2,22037.3,24289.3,22961.5,24562.5,19819,24518.4,21424.2,23912.8,21016.4,19212.5,22837.8,22602.3,19781.3,23628.2,20844.6,22470,25011.7,19495.2,20054.9,19270.3,23137,21240.7,21210.2,21410.4,19368.6,23467.2,18457,24652.1,22524.6,21039.9,20046.4,22817,20969.5,25743.5,20355,24039.9,23964.5,26050.7,24480.1,20892.3,21558.4,28107.8,30347.3,33075.4
33366.9,29476.3,28321.3,27885.4,24165.5,24962.1,23007.5,22773.7,20032.8,24483.5,19897.8,20069.5,23342.2,19355.1,21730.3,22549.3,22795.7,21683.4,23964,20147.4,22580.6,18394,22056.2,17772.1,22529.5,23488.2,20569.7,19272.3,17868.6,17838,23348,19607.9,22621.3,18601.2,22004,20061.2,18389,22902.6,23423.7,20492.1,22833.4,20564.6,18986.7,20523.8,19827.1,19511.5,21328,18891.8,18048.7,17610.9,16211.6,21409.3,20621.2,18626.5,19150.5,17741.7,19240.1,16025.2,17632,17055.9,20932.7,19673.9,18713.8,21908.3,16895.8,19831.5,19970.6,17544.5,19320.9,16316,18048.1,18365.4,22703.8,22094.3,17557.5,18107.2,19883.9,22958.1,22640.5,17338.6,22866.4,21680.8,21912.2,22281.3,18369.3,22480.9,17731.3,18834.8,22713.8,17393.6,20115.7,20246.5,18514.2,17081.3,19655.2,22935.3,16985.5,18429.6,20038,21342.5,22335.4,18024.4,21135.7,20009.4,18664.3,16191.1,21805.5,20374.7,19918,20743.2,15637.7,21999.9,20444.2,20170.9,17930.3,18867.8,19443.3,18170.8,16284.6,19331,22575.7,16935.5,16652.3,22187.8,16816.1,19006.7,20567.7,17682.8,22757.4,23253.7,18244.9,20000.7,17913.7,20989.9,21091.1,20311.5,16433.8,17434.6,18201.9,16087.2,17377.9,16622.6,21422.5,16367.4,21562.7,20946.3,21349.7,16974.7,18627.2,21287.8,18485.6,19110.8,19463.6,17808.9,14570.4,18722.4,20831.5,17297,17448.4,19098.4,21704.5,17687,21507.9,16947.2,20233.6,17751.7,18784.2,21810.4,22666.2,19413.5,19462.5,18117.7,17950.1,18548.3,20178.2,18875.1,18609.1,20937,20206.6,18633.8,23435.2,21264.3,19244,23446.7,21823.9,20263.7,18719.5,17467.7,21371,20439.1,20539.6,20616.4,19232.2,22589.3,18707.7,21875.7,22817.4,21284,20743,20053.7,20701.9,19382.6,23155.1,18083.8,17568.9,21125.4,22082.2,17304.7,21061.3,17245.4,19879.1,22796.7,21122.4,17139.2,17455,16891.6,18778,18089.4,16999,17572.3,18702.7,18594.7,21979.7,20691.8,20147.8,23426.1,19093.2,22170.6,23231.5,18559.4,18416.4,19280.9,20358.6,18740.7,20444.8,16713.1,17459.7,22926.7,18501.9,18329.3,19823.7,20316.3,21923.7,22056.4,18773.2,18840.8,19752.1,20029.1,23255.4,23607,22444.4,18094,20906.6,17810.2,22409,17176.2,18127,16919,20445.4,17229.2,17754,21122.2,20938.8,17508.8,21600.9,19535.3,20508.9,23547.2,19538,20602,21438,22141.7,22351,20180.8,19187.9,18845.4,23569.6,20720.4,21555.2,20460.8,19856.6,17982.8,18765.2,22531.2,18623.4,20027.5,17140.8,20273.9,21393.4,20150.6,17490.3,18082.6,21631.4,20685.6,16958.3,22610.3,17525.5,17882.7,18277.5,17243.3,20242.3,16827.4,18202.7,18299.3,17723.2,22675.7,21897.8,21212.8,19883.4,20667.1,20766.3,22749.3,17464.5,21555.6,18679.1,22664.9,17515.9,23022.9,20124.4,18069.1,18970.1,21201.3,23881.3,21128.1,21052.8,20267.8,21917.4,24330.9,24259.9,20363.9,20680.2,21072.5,21128.1,24912.3,23319.9,18793,20227.5,21083.3,24000.5,19082,19891.1,25077.9,22070.5,18976.6,20827.6,20341.4,25132.4,23851,18911.2,20842.2,23495.8,20547.4,19082,23472.9,20036.1,20611.7,19186.8,18923.7,23397.6,19837,22920.8,21206.2,23713.4,18861.4,19311.6,23664.9,21972.8,20631.1,21866.9,21833.1,25777.1,20356.6,23661.5,23498.5,20825.5,22811.8,21264.4,23960.4,24658,26701.1,22381.8,29574.9,30193.3,35262.1
36210.9,27384.5,27295.4,27362.6,25762.1,25451.9,22580,22967.9,23975.7,22085.4,20536.9,19459.3,20606.9,22130.9,21265.3,22053.6,19422.8,22931.7,22422.9,20853.9,18411,20188.3,18187.5,21615.7,18485,19340.9,18890.7,17749,18807.9,18326.1,19438.9,22194.3,22080.9,20227.4,19426.8,17103.5,22583.5,23496.2,22707.5,21447.4,21592.2,17559.1,17924.5,20608.5,21190,16683.8,19345.1,16830.1,20504.5,21732.2,18759.4,21734,22321.7,20559.1,18315.3,22440.3,18643.7,19613.7,16012.4,18111,20179.5,17445.3,17220.2,18434.7,17833.2,18617.1,17076.4,15978.9,21164.9,20365.5,19541.4,16735.5,18144.5,21192.6,20841.7,20244.6,21174.8,17236.3,20894.7,21621.8,20608,18152,18218.9,18000,18269.6,20447.2,21708.5,19102.3,23077.3,19661.3,17751.8,17007.9,17991.5,20360,18497.9,16866.2,17926.8,20484.2,21785.2,22268.3,17061.4,21714.2,17567,19383.8,16282.4,18952.2,16142.2,16567.9,18988.7,17587.1,17560,16136.4,20909.4,20811,21992.8,20476.5,22101.3,17469,16328.6,17283,19663,22155.7,19123.3,21368.8,21802.6,19642.5,16930.9,17922.5,18041.8,21285,19841.5,21532.7,21091.2,21356.2,18983.4,16990,17995.2,18605.8,21965.3,20120.7,16461.8,19604.6,20230.5,21138.4,21812.3,18688.3,20577.1,16366.8,18498.6,20017.9,18480.4,18686.2,19905.1,20098.6,14707.7,19016.9,17985.5,20411.8,21892.7,20147.8,22779.1,17668.6,18057.3,20355.8,20590.3,22469.3,22035.3,19004.2,18242.7,22665.3,20956.2,18914,23616.6,21080.3,20389.9,21375.7,18336.3,23457.4,18933.1,20898.3,17494.4,18118.9,17478.1,19567,23605.8,22869.6,18125.1,18260.3,22124.7,17838.1,19324.6,20795.9,17874.1,19863.2,22054.2,22694.8,22875.4,17735.9,21213.8,18482.1,19435,22166.2,20452.2,19018.7,19972.1,17805.3,21438.6,22052.7,17982.9,17846.3,20555.3,19265.9,16767.5,17203.6,19225,21698.3,20449.5,20342.4,18898.6,20104.3,22564.8,20213,19424.5,18336.1,19763,23441.7,19131.5,19142.9,22994.4,21995,18147,23037.1,18557.8,20942.1,19628.9,16775.4,17297.8,20002.3,20645.8,18945.5,20206.8,19387.3,21222.1,19642.5,17413.3,22295.4,17432,20836.8,17593.6,21562.4,18648.1,22280.3,21082,17943,22334.6,22646.9,21126.7,19667.9,20361.1,19541.3,20312.4,21785.6,17920.5,16811.8,23216.2,19694.7,20350.1,18228.2,20907.7,19146.8,22701.8,18183.9,20718.8,23983.1,21419.6,19426.5,17885.9,23712.5,20988.8,22876.8,18774.1,20163.2,22763.8,17073,21814.8,20847.9,18249.5,22170.9,18888.2,19608,21357.8,22017.3,22404.9,20266.6,19011.7,16995.8,17080.3,18872.9,17975.8,17939,16481.8,20161.3,19769,17200.5,16972.2,21244.4,20255.2,21065.8,19226.8,21065.7,16957.6,18499.6,22082.4,18021.3,23024.9,20522.2,18915.4,19374.1,17874.9,19168.3,19202.5,19305.2,20953.7,20489.2,24185.8,19409,22628.8,23162.1,19745.9,21743.9,21314.5,20664.7,24448.7,24997.7,23639.4,23066,20417.6,20283.7,19269.8,22503.2,21217.7,24851.1,22845.2,24043.3,25719,24275.2,25239.4,19467.5,20666.6,22839.8,20496.8,21734.1,20759.8,19435.3,20757.1,21757.2,20180.8,18738.1,20299.9,19093.2,20809.5,20413.9,19992.4,20412,23677.1,22867.5,22153.2,21019.6,19366.7,20019.1,25558.7,23550.2,19787.2,24162.5,20672.7,24794.2,23983.3,23324.9,24371.4,24787.9,22408.9,28492.5,26868.3,31720
36038.5,31395,24883.2,25139,20924.9,24586.3,19699.1,18961.1,22201.8,24231.5,24601.9,22922.9,21801.8,18519.1,23172,23036.6,23355.3,20388,24537.8,23705.9,21499.4,22322.9,19796.4,22128.1,21693,23468,20156.7,21386.1,21987,21679.6,22460.5,23559.5,20764.2,21919.6,18699.6,18896.3,22303,23395.3,20956.9,16998.1,16846.9,20137,21917.6,21468.9,17929.7,16974.9,19500.1,20927.4,21992.7,20479.3,20781.5,21808.5,20811.4,18931.4,19028.6,20665.4,18125.1,16371.6,17486.7,21685.8,18684.8,16551.3,20164.7,20557.9,21072,17824.6,16186.4,19607.3,18674.8,20854.3,21081.6,16522.8,18883.5,17829.1,18251.8,21787.8,18640.1,20652,18140,19093.4,19940.4,17039.4,20958.3,18850.5,19707,21562.6,21357.7,23562.8,18509.5,23238.3,22085.1,22771.6,17276.8,20644.4,22821.2,20591.4,22558.2,21437.1,19842.6,21234.9,18856.4,16542.4,21699.8,18706.2,20622.1,18219.7,21124.4,16692.2,18962.1,19922.9,21372.3,16400.5,19684.5,20284.8,21247,18996.7,20718.4,17112.5,22484.6,20696,18773.9,18829.8,19543.5,20256.2,18190.3,23082.5,18218.9,23122.8,21786.8,22995.7,17059,21465.9,22402.5,21609,19551.9,17723.4,22166.4,19137.5,20217.3,18446.7,17846.9,19828.7,16111.3,16145.3,20748.6,19320.4,21705.3,21299.2,17803.9,17300.8,17918.9,17767.1,21770.7,22002.3,19184.8,19894.8,17025.8,21262.4,16641.3,18268.5,22318.6,20852.6,19595,20055.2,18272.3,18982.2,21125.1,21847.4,16493.4,18421.4,18675.3,18544.6,21266.3,18316.3,20011.8,19430.6,21756,17481.6,21276,17823.2,20173.1,23074,23256.9,23955.8,20995.1,23970.7,23085.9,17661.4,21166.3,23243.7,20571.7,21345.2,20509.5,18737.8,21330.7,22282.2,16863.7,17552.6,19324.7,21055.9,21288,22715.1,20100,20381.1,19535.3,17954.1,22349.4,16583.4,20353.6,20669.8,20989.7,18118.8,17173.1,16961.7,19323.7,20914,22720.9,18404,19065.1,19310.5,23361.5,22771.8,23300,17566.5,20815.8,18821.3,19047,21599.8,21955.8,18922.3,20540,16919.9,18256.3,20155.2,20827.4,17676.1,20561.5,16816.6,21229.1,18257,21469.1,19711.8,17232.9,18634.7,18786.3,22501.2,17299.8,17472.5,19499.6,18982,21478.1,16974.6,17555.9,18120.4,20849.4,23237.7,17225.1,17654.9,22185.2,17404.4,17862.2,22860.6,16884.7,22385.4,19663.4,17091.8,17015.6,17563.9,19115,22911.9,17196.9,21933.2,22737.3,19478.2,19817.6,17766.8,20135.3,20345.7,23395.8,19603,18187.5,19996.3,22111,21861.7,18416,18175.2,19905.7,18038.6,17599.8,18866.2,17901.9,19832.9,20939.4,23064.1,19273.1,16901,17217.8,19951.6,17508.5,21373.1,21145,19195.6,17220.7,18522,22346,23284.6,19750.4,22049.7,23068.1,18808.4,17277.4,20924,19370.2,17882.1,20966.8,19502.9,20541.9,23487.5,17697,21478.9,21621.9,24378,22011,21805.6,19455.8,18774.2,18771.7,20606.9,24202.8,21448.1,21241.6,19630.5,21741.1,20350.1,24238.2,21094.8,23002,24092.7,19374.3,24666.4,18377.3,22837.3,19307.2,24660.6,23978,23636.1,20290.4,22734.4,21084.1,20265.6,20329.2,23694.6,19647.4,21190.8,22115.1,20838.4,23140,19331.8,23281.7,22990.8,21047.2,24494.4,18335.8,24299.2,19113.4,24775.6,23368,18940,24207.6,19924.2,21422.2,22612.9,24761.9,22067.3,21618.4,25505.7,24666.8,26271.8,20996.1,21252.2,23568.4,24528.2,26579.6,37571.3
33381.7,29994.4,27659.3,26258.8,23253.5,22138,22308.6,21936.3,23633.7,23951.1,21917.8,23489.2,21154.4,20717.7,23396.7,20182,19319.9,20951.9,19525.4,18552.5,18642.4,23842.5,19472,19715.2,19179.2,21970.9,24059,18827.7,21574.4,23300.3,21015.6,19961.2,20160.8,17865.6,22358.6,17445.9,21756.2,18290.2,20398,17029.7,22661.8,20044.3,22763.3,21488.8,21473.3,20393.8,19320.1,16893.5,22469.1,17062.2,20644.9,19773.9,19717.2,21490.2,18144.2,20132,16305.1,21077.4,16927.5,19736.3,17421.6,16238,21564.6,21477.8,17574.1,17524.7,20355.4,16549,19115.2,21446.1,17954.4,16981.8,17033,16893.5,17063.4,19412.3,21582,18012.2,21876,16819,19052.6,22134.1,19313,22039.4,21982.3,22597.4,17841.8,21204.3,22645.6,20410.2,23283,21454.5,20598.6,20224,22199,19637.4,19445.3,20538.9,16288.6,21793.4,16387.8,21777.1,16500.5,22266.6,17968.4,20376.4,19232.7,18323.2,21556.6,19977.5,21336.3,21695,18413.3,20514.4,21988.5,20547.1,21591.3,21273,17026.7,16757.5,17655.3,18134.8,18095,17965.6,18531.5,19365.7,18214.8,18100.2,19148.7,22479.7,20733.3,22697.3,23346.8,17647.3,18458.3,21307.9,19999.5,16144.2,20445.3,16309.9,16592.2,20063.2,21311.4,21840.8,16069.2,19918.6,17252.8,18276.4,19586.5,18579.4,18632.1,16623.4,19585.9,22387.6,15684.7,15931.7,20865.5,21051.4,21101.8,17050.3,22556.4,20640.4,21246.5,21443.6,20878.7,16679.8,16782.8,22378.5,22445.8,17123.2,17097.8,17968.5,21658.9,20537.5,17197.8,21105,21501.3,23600.6,18343.2,20089.8,21962.5,22117.8,23838,20675.7,18896.5,19388.9,21064.2,20484.4,17142,17430.1,19470.1,19319.4,22851.2,21688.3,20105.7,22179.8,23471.3,17636.4,17795.3,19671.9,21563.7,18437,20118.6,20255.4,20445.8,22054.8,18137.5,21650.7,22535,17284.5,20435.4,20608.7,19448.4,20166,17339.3,21663.3,17435.4,17763.3,22341,18994.1,21161.9,22003.6,21996.4,19369.4,23568.9,21929.4,18600.7,23011.8,17106,22572.3,22058.9,16798.2,22718.7,23173.2,22548.6,19414.2,20883,23187,22517.6,17792.7,22453.5,19666.9,21182.5,19874.9,17040,17778.9,20789.7,21423.1,21771.2,18135.7,23148.4,19159.8,20258.8,18919.1,20950.2,20319.5,20713.4,20011.9,17813.4,20316.3,22455.4,20314,17963.4,21073.9,18062.5,23417.9,22864.1,20680.1,19506.9,22698.6,22890,23494.2,21692.3,24184.4,19613.3,17673.3,23716.5,19812.4,18573,18946.2,23354.9,23669,19604,20820.4,21242.5,21767,16967.5,20804.4,19882.4,21183.2,19998.3,20648.9,17273.2,21550.7,22179.7,18101,18860.1,20995.6,20852.1,18492.7,18389.5,19616.4,19680.7,19302.4,18174.5,20639.6,17900.9,20740.5,17262.7,19652.7,18389.3,21060.3,21516.4,21186,22254.3,22657.9,20442.5,21545.5,23557.3,20159.2,20548,18423.7,21482.6,22253.6,20599.8,21404.9,22477.2,21698.7,22905.7,21722.9,19934.8,18761.5,19304.4,23626.2,20431,20259.3,18395.7,21407.2,24015.5,24705.1,21051.6,25050.3,24894.4,23027,21138.5,20037.7,24576.4,24202.4,24124.3,22940.4,19386.7,18992.4,19591.2,23710.7,21974.3,19238.8,21757.2,19028.2,20331.2,24298.2,23348.4,20064.5,20317.2,21931.9,22616.5,22738.7,21382.4,21672.1,23344.5,22233.1,22701.9,21889.6,22390,19576.8,22880.7,19902.6,24412.2,23704.2,25355.9,24332.1,25508.4,27550.6,26434.8,36802.6
31653.5,29170.1,29571.8,27635.8,20664.3,23910,21081.7,23794.3,23089,23624.3,18899.7,22778.5,20320.7,23475.7,22688.6,23575.3,19475.5,23671.1,20792.7,22032.5,19336.2,22546.5,22301.8,20119.6,21310.9,21478.4,22748.2,20345.9,24191.6,19661.2,20269.4,18650,23311.4,19251.7,17487.6,19800.3,21755.6,21063.9,17570.6,16938.6,23149.9,20408.8,19424.4,19256.6,16902,20392.4,21557.6,18258.3,20406.6,19329.6,18158.5,17003.8,16359.1,21433.8,17583.3,19959.5,16964.8,21160,21906.8,16923.1,20109.7,19498.4,16574.5,19989.7,18331.1,19272.5,21442.7,16345.5,21835.1,21388.8,19849,19539.6,16862.5,18747.9,16282.3,17509.8,22294.8,17796.3,21531.3,19903.8,20312,17938.6,17510.4,19923.7,19762.4,23118.8,18186.3,21559.1,19277.1,19802,22559.7,22266.5,21429.2,22588.3,22975.7,22939.7,18448.6,22740.3,17317.2,20790.7,21618.8,16822.9,19325.6,17674.2,18624.6,15717.5,20607.2,21040.3,21191.3,16353.7,17020.8,22186,16758.8,21695.6,19564.8,22409.8,19725.7,18373.8,21704.6,22560.6,18464.9,19734.4,17501.5,22571,17895.7,17020.7,22187.4,22956.6,17649.8,17108.1,17238.1,20241,17237.4,22066.3,19072.5,18989.9,20750.3,17493.9,21861.2,18590.5,21232.3,16638.2,21954.8,17311.7,19912.3,21529.6,20810.3,18896.8,19465.7,17943.1,18975.8,16732.3,19424.9,19988.8,20017.6,21245.5,17543.8,16658,22867,23007.4,20557.9,20365.1,17384.4,19771.5,18979.1,17934.4,17606.8,19672.6,17198.4,19924.8,21160.7,19591.5,23119.5,18328.5,18155.9,21936.7,22749,19451.3,20043.3,20907.4,22979.5,20299.7,19201.8,19885.9,19268.6,18755.2,22718.6,21725.9,20598,22216.7,20467.7,21045.7,18444,19224.1,17548.4,17614.7,19025.9,17874.8,18509.3,17716.2,16731.1,22311.8,18264.5,23109.1,17334.6,19421.3,20749.5,19062.5,17232.3,18203,19095.8,22551.6,22999.1,20321.3,17069.8,22988.9,21676.7,23330.6,18329.6,18532,20191.9,22558.1,22272.6,18739.2,21234.6,18441.5,21594.5,17550.2,17797,20342.1,22788,20981.4,18732.9,21890.9,21722.5,17583.1,18173.6,22323.4,22242.7,18345.8,17018.6,23105.1,20421.9,17811.6,21283.9,22571.7,19954.6,17296.4,22519.3,20779.9,18828.3,23548.9,23143.9,21952.4,21620.8,21944.5,16816.2,21353.9,22951.1,23114,18616.4,22013.6,19446.1,17240.6,16622.1,20019,20301,18819.9,23315.1,21788.2,19501.6,19152.8,18344.1,19328.5,20859.4,22352.2,21710.1,19146.4,21864.3,20600.2,20218.2,20519.4,22435.4,21636,23349.1,21061.3,19220,21326.3,19303.7,21852,20784.6,21505.7,17355.4,19266.6,19812.7,18507.9,23123.6,23048.7,20054.3,16992.2,19716,18712.1,20492.9,20075.8,18575.6,17132.3,20597.6,17656,18413.9,20689.6,18340.8,23793.2,23456.9,20545.8,23556,17994.1,20893.4,20927.3,23073.4,23158.9,20090,20583.5,21649.4,22755.2,20475.9,21247.7,20941.2,20953.3,20547.3,23906.3,22420.8,22753.6,21972,22945.3,20462.2,18847.7,22703,22353.4,20266.8,21069.7,24531.6,23481.5,19665.1,20309.4,24768.1,20982,22997.5,25034,24688.7,21571.7,20816.5,22039.9,19856.6,23990.4,19724.1,23261.6,20856.6,20130.5,18809.1,21248.1,20051.8,20853,21719.3,20164.4,22984.9,23272.4,21962.8,19431.6,20612.5,22609.5,20405.9,21991.1,20634.7,19544.2,20302.2,25020.3,21942.3,21470.8,20382.3,20222.2,25031.3,29242.2,31971,31090
34199.6,27146.2,27228.7,21814.5,20496.2,24968.3,25660.7,23400.8,24490.7,22438.7,22663,19346.5,22794.4,22468.4,18844.1,22577.4,22030.7,19463.1,22647.1,18101.7,19519.6,22413.7,20602.9,17843.5,22603.4,18881.6,22732.3,22314.6,24183.1,23590.3,19806.8,18912.2,17766.2,17786.7,23594.9,21616.9,18383.7,23049.5,20230.9,21377.1,17383.2,21992.8,19630.1,21787.3,20128.8,21632.7,19724.3,19797.9,17980.6,18164.6,18153.5,17579.4,16452,16268.9,17093.5,20491.6,17691.7,18588.8,22188.4,19548,17442.7,20162.8,17294.9,22034,21464.6,21290.8,16679.4,21582.3,22248.9,20982.8,20453.1,20677.1,17065.1,22500.9,17223.2,19784.1,17910.8,20736.2,20112.2,19102.1,17073.4,18181.4,18791.6,18061.2,22384,17451,18180.7,19771.2,22162.6,18006,21542.1,21251.1,19183.3,16746.1,17248.9,22253.8,19413.5,20949.1,18577.8,19163.8,17638.7,19752.4,20041.4,17972.2,16996.9,21497,20718.4,21735.7,21388.9,19823.3,18733.6,19892.5,18093.6,19137.9,15862.5,16889.9,21327,19257.2,22382,19318.2,20522.8,21613.3,16600.5,21844.6,20099.1,21009.2,23006.7,19402.4,22728,22524.5,20756.4,18774.5,20317.6,19599.6,17946.6,20338,20864.9,22337.9,18557.1,18892,17467.1,21027.2,18759.3,20781.4,18927.6,21750.8,17026.4,18246.2,20319.5,18178.2,19493.4,16928.4,19494.2,20649.6,19497.2,16502.4,21686.6,20544.2,20200.4,20806.1,17121.6,23049.7,19477,18442.6,19262.6,17162.6,19512.3,20420,22155.4,23325.7,19989.6,21939.6,20685,21668.4,18249.5,20938.8,19258.3,19571.1,18185,20839.2,19790.4,20404.6,21348.6,22053.9,18274.5,23799.5,21606.8,22661.9,18785.9,18295.6,23147.4,18144.7,20712.8,21074.8,17377.8,23225.3,17812,20080,20627.8,20825.3,17001,20121.1,17237.1,18653.8,18269.6,21242.5,22359.8,21458.2,17888.5,16706.3,19335.6,18479.7,17345.9,18535.6,20778,19871.8,18292,18805.8,19731.9,19622.9,21326,17886.3,20603.9,20190,22396.7,18174.9,21354.8,18589,22232.8,21244.7,23230.6,21628.4,17908.3,22821.5,19749.6,18319.2,17199.6,20272.4,17553.6,19803.6,20269.4,18336.6,23144.5,23029.7,21790.8,17920,18473.7,21736.9,22869.3,19382.5,17070.8,21352,21765.3,21062,20606,19722.1,17693.1,23031,19410.4,19585.7,16606.2,20732.4,17533.2,23249.8,21290.2,20030.6,21388,17447.8,18738.2,23772.7,18214.4,19152,20273.3,23356.5,20696.1,21925.4,20446.9,23452.2,20098.2,20365.2,19371.6,21081.3,23238.6,20902.6,17206.4,23091,20149.8,21502.1,20748.2,17411.4,18788.1,16764.3,20538.1,16930.7,19443.7,23025.1,19013.9,20038.8,18592.6,18748.7,21594.1,18890.1,21670.6,21975,23390.9,22656.2,23570.7,20018.3,22403.8,21597,22175.4,18723.4,20842.5,19457.1,20387.9,22604.7,19997.5,21625.5,22821,19085.8,20280.5,23993.5,23193.5,22626.8,19337.8,18678.5,22190.1,18316.1,21538.4,18959,22788.7,23179.2,19730.6,24431,23611.4,21931.5,19960.4,18584.5,18735.1,24932.8,18565,21303.7,24843.8,20285.7,19471.9,21252.2,21107.6,20511.1,24213.7,23172.2,19296.4,20938.8,21219.9,22610,23539.6,19804,24197.5,19106.2,24592.2,20408.5,24646.5,20521.8,18322.8,22511.4,19602.8,20758.4,23091.6,22084.5,23512.6,22805.4,24520.2,22600,19551.6,23718,24991.5,24803.4,23567.5,22438.6,20307.7,23095.8,26064.7,24771,29980.8,32567.9
32961.3,28180.5,23701.8,27759.5,26471.3,25704.7,24425.7,19319.3,22367,21391.1,23319.8,24044.6,22192.8,24674,21066.5,22319.2,24497.5,18831.8,24452.3,18341.4,23658.7,21090,20534.2,20037.4,22169.2,19886.6,18040.1,18182.6,22533.3,19854.4,20787.8,18243.6,18085.9,19773.2,21670.5,22712.9,18817.5,19174.2,17605.4,17735,23052.5,17291.2,22191.4,20453.1,18471.9,18056.4,21757.9,21272,20128.2,19120.1,20174,20238.4,21712.8,16481.9,19020.6,21318.9,17243.8,17538.8,17635,20994.2,17050.4,22359.6,21956.8,16205.8,20002.5,22248.1,20923.3,19710,21630.1,20844.5,17866.2,16831.7,17436.5,20827.8,18386.6,18809.4,17285.3,22833,21699.5,21237,22265.9,17483.3,21353.1,17484.9,16979.4,17499.8,16987.1,18636.5,19922.9,16891.3,18542.6,22940.3,21049.6,18329.9,21966.3,20697.8,16598.4,19789.9,19891.2,19329.5,21840.5,22407.9,22653.6,19143.6,16320.1,18829.3,19524.6,22437.1,21872,20082.5,16260.1,19987.2,20720.4,20149.7,17624,16045.5,20782.9,21368.3,21649.6,21866.9,22120.6,18830.2,18839.6,18861.1,20040,17207.1,23208.5,18689.3,22776.7,19218.1,23465,23329.2,17582.8,20806,17041.1,21799.3,16698.7,22055.4,16068.5,22134.6,18288.6,19955.2,16477.1,17797,18983.4,19688.7,16960.8,21692.6,17500.7,18676.9,20604.7,21228.8,20023.5,18651.5,14990.8,20623.9,20280.2,18673.5,20094.6,17116.9,20392.1,19789.6,17189.6,16934.4,21661.2,22050.1,19920.1,22339.8,20565.2,21894.8,22196.1,23417.6,22278.8,21587.3,19738.5,22750.6,19217.6,23601.1,22170.4,21816.6,21205.6,20225.7,20919.6,20811.7,23924.7,23096,23377.9,20703.5,23246.7,19076.3,21240.2,21949.1,22194.4,21788.6,20666.6,21939.9,21606.1,19795.8,23126.5,19582.2,17568,21652.6,18001.9,19757.3,17121.1,22038.2,21834.1,22086.9,19080.5,17166.2,20831.4,17210.3,21581.1,20202,17865.8,20897.9,19449.6,22206.7,18052.7,22240.9,19660.1,22127.5,22211.6,20530.2,20934,18449.8,23524.1,18408.1,20220.2,20177.5,18976.5,19046.4,17395.5,19672.9,19619.8,18980.3,22927.2,19542.4,20220.2,17105.3,20830.4,20612.3,17440.9,19425.5,20500.1,19071.4,22311.7,20493.5,17962.8,19130.9,19718.9,19921,21282,20796.5,17255.5,17323.4,19392,17357.2,19644.2,18905.5,21554.4,20887.1,17622,22730.5,21604.4,18630.3,18398.8,21151.1,19260.9,19336.7,17782.1,19338.5,21591.2,20782.4,22085.4,20500.3,22893.6,22958.4,21865.2,22320.1,19678.1,21691.3,17148.3,22899.2,17742.2,20763.2,21525.1,21894.3,22006.4,16902.1,20477.2,19413.9,22557.1,18189.4,20385.1,17030.7,19468.6,19014.6,18967.1,16833.4,21263.7,17304.5,23440.3,22481.9,21593.7,6248.83,20146,17930.9,22229.2,23981.3,19096.9,22223.9,20682.4,23452.9,18070.6,20230.9,19693.7,19812.7,23618.7,21403.4,22455.1,20293.2,22772.1,21780.1,23845.4,23359.6,24323.9,23635.9,22848.9,23878.2,18808.6,22585.4,22597,18601.9,18525.1,24462.5,18733.2,21228.7,20308.6,22438.7,19898.1,22422,25144.7,23683.9,24556.7,25308.8,23034.5,22443.9,22106.5,20494.7,21844.9,24538.3,21798.7,23811.4,21621.3,20773.2,23527.2,24204.4,18972.6,22478.9,20401.1,18819.3,22362.9,20921.8,24453,22060.3,20389.8,22462.7,25712.6,22557.4,23458.4,20172.5,24272.7,21476.5,19625.6,23438.9,22198.5,23599.6,24343.6,24196.7,23172.7,29481.8,26370.2,33840.2
37681.5,30489.2,29022.2,22016.5,24929,19652.6,20683.3,19618.8,21560.2,23660.8,19234.3,19033.7,24227.2,21543.3,23292.7,21942.4,21846.2,19793.4,19235.4,23612.5,21529.8,18164.5,23933.9,22662.8,24054.6,19869.5,22349.1,23783.1,23920.1,18175,19546.1,21317.6,19225.4,22907.4,19640.7,21540.9,17578.8,20184.5,18190.6,18897.2,16944.3,20127.7,19652.1,17297.3,23124.3,21230.6,19639.2,19781.4,17348.1,17796.3,20155.7,20527.3,20466.5,20828.4,17406.4,20180.3,18154.1,16813.9,21455.3,16557,16956.5,20815.7,17096.5,18213.1,19568.9,17946.4,16102.7,19593.1,21755.6,16056.1,22289.2,17655.5,18671.6,22578.9,17662.8,21655.5,21787.7,18145.2,17857.2,20057.4,22063.8,20268.4,17975,18201.8,22056.2,19132.4,16738,20100.5,19984.1,22581.8,17053.7,20220.1,21879,20549.8,17228.8,18594.8,16993,20300.6,17520.6,18670.6,21439.6,17814.5,19602.3,18211.4,21807.4,20088.7,18483.4,21622.5,17516.2,20323.8,20872.9,20264.8,22052.5,19546,18432,18765.4,17007,16611.5,16751.4,17937,16539.3,17844.2,17752.3,19248.1,22625.4,18668.6,17836.1,22877.9,17711.8,21850.5,20508.4,21210.6,23458.3,21159.7,19319.7,19772.7,22305.8,22090.2,20745,17659.7,21390.1,17967,20928.4,22008.8,20254,18633.6,20594.8,17912.1,19097.2,21714.4,18019.1,19690.9,20090.2,22116.4,20051.7,19784.4,21611.1,23124.7,19643.2,21346.9,19839.9,17400,18094.6,18258.8,21409.9,19574.3,22514.1,18573.7,22849,17800.3,19705.1,21201.9,20650.6,20131.9,19002.6,23309.3,19816.3,23410.2,17979.3,21609,18557.8,22940.3,18478.2,18682.6,23322.9,19975,19731,20959.4,18272.4,23156,22978.2,17456.4,17114.6,20974.3,22022.7,17770.9,19470.8,19745.5,17324.2,21573,22122.8,22288.1,21840.2,17030.4,21788,21813.8,22092.6,21371.1,18021.4,16938.2,21824.1,17493.8,21335.5,18457.1,19093.4,18350,21933.8,19852.5,19939.8,16687.4,16766,18467.5,16900.3,23422.8,17444.4,18334.9,18958.5,18372.2,20735.8,21963.6,19243.7,22338,17791.3,22922.3,21204.2,19159.7,21269.5,19535.5,17495.9,20750.3,18405.8,22997.9,21145.5,22937.1,21867.3,18633.6,20726.5,19849,17902.3,20174.5,22897.7,22038.4,19358.1,18502.7,23226.9,19366.6,17483.9,18686.5,20105.9,20042.6,21740.5,21306.6,21546,17675.5,18152.5,20618.5,20129.4,21446.4,21584.8,18423.7,19878.6,17758,20000.2,22952.1,20800.8,20129.1,20556.7,20712.4,20143.9,18514.4,22442.5,18663.6,19954.9,23516.7,20009.2,21996.5,18382.4,19638,21556.5,17191.7,22451.1,18396.4,19100.1,17147.2,21888.1,18429.4,19953.7,21062.5,18672.9,22001.2,20914.2,23450.2,23661.4,20412.1,20007.8,17193.1,23395.1,18683.5,19331.1,23573.7,19567.9,20169.5,17830.5,21964.4,19265.4,21674.2,22840,19816.8,20425.6,24510.6,22828.4,24117.7,21702,24294.6,19717.6,20069.3,18793.1,18946.1,22089.4,22759.1,22518.2,19259.6,21514.3,20458.4,21421.9,19603.3,19137.8,19409.2,19631.9,20016.8,18396.9,22245.7,19499.4,19649.6,20944.6,21991.6,21305.9,21328.3,20929.8,24111,22722,24443.5,23767.1,19090.6,25457.3,24606.7,23974.7,19942.3,19559.5,22465.3,22046.2,21988.4,20787.5,23718.3,19938,22237.3,21173,22743.8,20093.5,25219.5,24958.8,19659.4,22631,21573.6,21936.1,23559.9,20422.4,23811.7,24855.4,22766.6,26742.5,28248.8,27559.5,31403.2
32850.6,30912.5,28177.4,26632.7,23636.9,20624.2,21690.9,21122,21035.4,23954.3,20799.5,21075.5,21820.5,24485.4,19873,24004.3,21759,21770.5,19722.6,18523.5,20327.4,19690.8,19447.9,20330.5,18680.1,18504.8,21345.3,19675.8,18568,21437.8,23927.5,21380.3,19381,22883,18993.8,19690,22018.2,19784.7,20473.1,19938.2,19922.4,19428.2,16927.4,17790.3,22546.3,21340.7,19708.2,19223.7,19966.6,18411.8,19651,16749,18012.1,18262.1,18869,17457,18975.9,19877.6,19484.1,18787.8,18282,16770.7,18127.3,16273,19302.4,20896.4,21721.7,19596.2,16183.2,19696,17481.2,20376.1,21862,20337.8,17657.7,18798.4,20623.5,17661.3,20811.3,22824.6,19760.3,20668.4,19974.5,19029.3,21463.9,20495.7,20017.1,21513.1,22342.2,20088,20071.2,17350.4,18176.7,20300.5,20759.1,19485.5,7065.18,18958.6,17590.5,20208.3,17287.8,21596.1,17075.2,18866.9,16279.7,17862.4,21486.2,18562.3,16246.6,17012.3,19079.8,19528,18897.3,21136.1,20798.4,20591.5,22014.4,20409.2,22738.8,17866.7,19909.9,17831.4,23122,18168.1,20343,17485.6,21170.5,19156.5,17935.7,18582.9,18007.5,20457.5,21690.5,17293.9,18487.6,16457.1,19785.8,22174.4,22061.6,18573.2,16824,16290.7,16920.9,16678.3,20035.4,22253.1,22237.6,18756.1,18010.5,17590.8,16146.4,21618.3,17948.4,17778.9,15185.4,17791.3,17347.2,21466.1,20206.5,22097.7,17896.1,22097.3,19359.7,20023,23157.8,18240.9,23052.6,23037.2,19561.8,17465.1,17474.3,17434.4,18034.1,23067.9,21971.7,23406.9,18444.8,23657,21327.2,22130.1,17900.5,18905.2,19618.9,17719.3,20655.3,19228.6,18413.5,22154.7,20821.5,22348.7,22043.4,21975.2,21728.9,23407,18594.7,17269.9,19286.4,18669.6,17804.2,21249.4,22199.9,20059.9,18060.7,23119.6,21969.3,19737.9,22190.8,16815,19520.7,21876.3,17798.5,19353.6,17167.8,20154.5,21339.3,22679.7,23177.9,18427.8,20497.5,17568.7,21110.2,18730.6,22871.4,18512.9,22280.6,19534.2,20271.7,19233.3,20651.7,19361,20504.7,19003.8,17573.6,20311.8,23195.9,17167.9,21055.6,21951.6,20084,21635.4,19817.5,22469.3,17486.6,20407.7,19357.4,21487.1,18271.9,17976.3,22448.7,18331.3,19180.6,20734.6,18910.4,23552.9,22618.4,20439.2,19879.5,20886.5,23043.3,19323.4,19053.5,21773,20149.5,18260.8,23151.1,20157.2,22317,21414.6,19913.3,21519.4,23013.1,22237.5,22470.1,23713.1,23922.9,20654.2,19654.1,21202.1,17353.7,20455.8,20924.7,19172.8,21269,17943.7,18838.6,21946.1,21819.3,21910.8,17096.5,22665.4,19438,22741.4,23016.6,16741.1,17452.9,18524.4,22991.8,21537.4,18529.3,18293.4,18539.6,18090.9,19166.1,20103.2,18487.4,20010.4,20602.5,18609.1,18330.8,19983.6,22973,19797.9,22135.4,19742.1,21946,22293.1,18858.2,20608.7,20778.4,20911.9,21848,19717,23957.7,18914.4,21937.6,23328.7,19880.5,23416,21390.7,21131.3,18498.9,24820.8,23562.5,20244.8,21523.8,20612.4,24317.4,18470.2,21434.4,23619.7,19790.9,20684.5,19595.2,23370.2,23770.6,21617.4,25055.5,21600.8,22258.2,20797.9,20703.3,19706.6,21974.6,22812,25474.2,21116.2,24228.6,23809.2,19078.8,20829.7,20618.5,21086.1,22792.6,22159.6,18720.2,23296.5,23991.7,21664,19128.9,23456.4,22185.9,22885.7,21423.6,21099.2,23706.1,23220.2,19960.9,24329.6,21930.6,26552.7,25825,25931.6,30171.8,31291.8
34557.7,28435.8,27984.5,26739.2,26467.2,24344.1,22439.1,25223.6,21305.2,21167.5,21866.6,22739,18281.4,23059.6,20453.2,20068,18386.3,20645.9,22091.1,20644.9,24180.8,22083.8,20446.2,20949.8,21002,18765.4,23954.5,19582.6,19451,23009.8,21069.5,24252.4,21635.2,20226.7,19006.3,22007.4,20316.5,20569.1,20678.5,18042,20501.6,18398.6,20296.6,20073.6,21808.8,22920.2,22005.3,20756.6,18224.5,18589.2,17752.3,20841.4,21858.5,17493.6,21572.2,18724.7,17287.3,20339.4,18952,16224.9,21438.8,18705.6,20654.6,17529,16959.7,18712.1,19526.9,21032.7,20357.8,21005.9,19231.9,16773.2,21981.5,19896.1,17777.9,22502.3,19652.7,18565.1,18170.8,16702.1,19173.2,16612.2,19301.3,22856.8,22485.7,22842.7,19599.9,19971.9,17470.2,18211.7,17313.6,22246.4,18103.2,19863.4,21025.7,21649.5,22033.3,19912.6,17872.8,18391.2,21851,17149.8,20874,20439.6,18913.2,21104.9,17736.6,19213.9,18778.7,22455,21715.5,20589.8,18628.2,17532.7,19564,20253,21868.2,21771.2,22538.2,18007.8,22600.6,18418.8,20297.3,19959.8,20638.4,17520.9,17830,21246.3,19175.5,22643.6,20203.1,18868.4,20672.4,18434,23092.9,19610.4,20893.7,21223.8,20445.1,20552.2,21344.1,18023.9,19932.5,19809.5,19203.9,16596.3,20177.6,18925.1,16493.8,20086.7,18063,18555.8,18479.6,17073.1,15014.1,16757.6,20672.2,22390.4,19821,21613.8,17794.8,20042.1,18093.8,21731.5,16939.6,21004.9,22033,17592.7,20326.3,22883.5,21415.5,23530.4,18686.2,22295.8,19017.7,21595.6,19140.2,23567.9,19121.4,23171.7,18938,17495.8,17816.4,20446.6,20916.1,17830.9,23771.1,21832.6,23553.6,23852.9,23194.3,22071.4,20438.1,19579.2,19360.9,20698,23764.5,20134.2,19511.9,18191.6,18201,21794.8,17377.3,17332.6,22166.5,18541.9,17184.4,16634.4,16341.8,19111.6,21987.5,20761.3,17403.8,21459.9,18078.8,22240,16855.8,20174.1,17058.9,18746.6,20951.4,18072.9,20189.3,18313.7,20418.2,23320.4,22206.2,23112.2,20015.9,21522.6,20554.7,17217.9,18819.7,17853.3,16989.3,21470.9,19434.4,17416.8,19078.3,22041.4,17872.7,20954.6,23558.3,22724.3,21052,18784.3,19596.9,20868.4,23138.7,19608.1,19360.7,19556.5,19914.6,18869.7,18762.8,20402.6,20213,22763.4,19464.2,17935,21950.1,19689.6,22318,20243.8,19879.2,20991.5,22041.4,24031.3,18518.6,22670.8,21938.3,22919.4,18818,19395.3,21618.6,18499.9,22728.8,23594.3,17385.5,19504.3,21074,20320.3,20188.1,22738.1,22804.7,21312,20727.9,21715.7,19218.7,22423.1,20117.8,16825.6,21050.1,21229.2,19936.1,17823.6,21731.9,20097.6,16629.6,16621.6,22830.4,17660.9,19487.5,21886.9,20986.1,21730.3,17653.3,21340,18243.2,22519.2,23124.3,21075.4,20629.2,18460.2,22398.8,18554.5,23347.3,19772,23769.3,18820.1,18234.6,19901.4,19033,23876.3,18553.3,19414,21659.4,24714,18445.9,23986.1,18686.5,20053,24544.5,23575.5,22013.8,24083.8,21858.7,25172.9,23685.5,25088.8,24412.6,19359.5,23157.5,20831.6,25713.8,19545.5,20748,20374.5,24791.8,25262.9,25238.1,21995.8,23193.9,25116.4,22612.1,19440.9,22767,21254.3,22173.7,24698.7,24377.4,22953.6,18803.6,23036.8,20151.3,20832.7,18826.3,19933.7,22508,20083.2,19776.8,21742.3,21154.3,20110.2,25218.4,23506.1,23843.7,20590.5,20708.5,22058.8,24643.9,26260.8,31524,31456.7
33419.5,28396.4,24869.9,24575.6,21095.7,23979.3,19324,19440.5,23801.4,22140.2,18313,19690.5,24570.4,19132.1,22276.7,19027.7,22246.3,18061.1,21287.9,20937.3,18873.8,18065.1,20893.3,20882.8,23879,19673.3,18102.7,22658.4,23282.7,23455.5,22747.9,19935.9,22801.2,23026.1,19862.1,22183.5,21759.9,22366.8,19192.9,22045.7,20081.3,22580.1,21951,19600.3,22246.3,21600.9,19331.3,18728.5,17746.8,19236.2,18823.4,20697.1,21351.1,21506.4,16876.2,16714.1,19271.4,21961.1,17980,18161.6,16766.7,20253.6,16301.5,16256.5,21196,16790.3,16092.8,18896.6,21536.8,20877.3,22424.3,17276.9,18866.7,22106.5,18422.5,22171.1,20745.3,19170.1,21601.8,19456.4,17459.4,21143.3,19682,22762.5,19062,20116.1,18806.3,22887.7,23139.6,17711.6,22152.3,16972,20318.4,22625.1,20414.2,20192,17152.6,16562.6,16918.9,22325,17950.5,21964.7,22414.7,18636.4,20605.2,17172.5,19745.1,18259.1,18182.7,18428.8,18042.2,18945.2,21141.3,18509.8,22514.8,21704.7,18700.5,21812.7,22081.8,19908.2,18409.2,17730.5,20687.2,19641.7,22676.4,23311.7,19656.5,23102.3,21930.2,19754.4,17606.4,17114.3,20184.3,21856.4,17276,19865.9,20184.4,20503.7,21497.8,20705.5,17297,16133.6,16466.2,20830.8,16393.9,17568.6,17324.4,19514.8,16810.2,19048,19258.9,19810.8,19108.4,21331.9,17663.2,20550.4,17311.7,20034.2,20054.1,21553.3,21755.8,19039.6,22143.5,20695.6,22071.1,22361.2,21353.9,22849.7,18809.4,21107.5,22939.7,18411,18751.5,17366.9,22342.9,19929.8,18425.1,22396.2,21031.3,20707.5,20055.2,19513.3,20717.5,18127.4,23850.1,22716.1,19302.6,21928.3,22957.8,18948.9,23533.2,20180.2,22045.3,19074.3,18363.4,21961,19620.6,16965.9,19678.8,22905,17682.5,21275.9,22804.9,19696.5,21618.9,20026.1,19243.8,22300.7,21129.7,23175.4,22880.1,17973.6,21071.4,20477.5,19611.9,19470.2,21661.6,20897.2,19712.7,22142.7,18990.6,22393.5,21685,18744.5,22558.5,22370.5,22282.6,17189.7,23268.9,19520.6,21280.4,19631.1,20544.4,17093.5,18357.1,17223.7,17497.4,23546.5,5795.01,21344.8,18503.5,17365.6,23095.9,20716.2,20383.9,18378.9,18893.9,18098.7,17565.3,17179.3,22574.3,19129.1,20833.4,18246.4,22018.9,17304.9,19735,23225.4,16783.8,21656.3,22895.3,18269.2,21334.7,17389.9,17978.4,19638.9,21446.3,17605.4,18200.5,19925,22486.5,22437.5,21635.7,18248.9,18389.9,18115.2,22896.1,20034,17043.9,18322.8,18050.8,18594.9,18141.1,22324.5,20474.5,21614.2,17843.2,22381.9,21302.6,22917.3,23146.2,19257.9,19184.2,18194.8,22481,18996.3,22029.2,22477.8,21203.2,19941.7,18159.7,18302.4,19791.8,21495.1,16999,18943.6,23347.4,20233.3,20269.3,19733.2,18085.1,23713.4,18083.6,19603.7,19450.6,20490.9,21823.7,22339.5,19346.8,22228.5,18416.5,21584.4,21349.9,22576.6,19812.4,20555.1,24044.4,19682.8,18383.4,20759.7,21162.2,19457.9,20111.5,19813.7,22343.8,24374.2,24459.6,20588.3,18813.9,20406.5,23205.7,21191.2,18996.5,23222.2,20549,24201.5,20960,19508.6,22356.3,20460.5,25230.8,25034.6,24207.6,21635.5,21283.4,25023.9,22175.2,20386.5,20155.8,22677.9,24402,23837.2,22536.9,20814.5,24472.9,21279,23401.6,21346.5,22654.7,19624.9,20437.7,20876.9,19700.1,19571.5,25654.1,22320.3,23461.1,23731,20210.1,20653.5,24894.5,26029.1,30514.1,35725.9
34756,33026.2,26043.1,26484.4,25436.8,21373.5,20146.5,25067.9,22445.3,21874.1,22140.2,22758.3,19678.7,21156.5,19945.9,24108,20776.8,18902.8,18968.6,23922.1,21054.4,18878,20532.7,19917.4,18493.7,23665.6,22484.3,18874.8,23593.8,18168.9,21937.4,23591.6,23457.9,19848.8,20178.6,19441.2,21720.2,21344.2,18238.4,22392.3,19727.8,18042.4,17381.7,21532,19292,18373.9,18741.5,18244.5,22885.2,20655.8,17059.1,16949,21225.5,22210.8,22841.5,20807.9,19835.2,22300,17581.9,17499.5,19315.7,19512.9,19662,17451,22276.8,19692.6,17296.5,20513,19897.9,21657.5,16683.3,18196.2,17032.2,17600.7,20723.7,20168.2,17873.7,21385.5,22135.9,21571.2,17390.8,19820.5,18272.2,16788.4,19084.7,20040.3,17754,16900.9,18168.7,18756.5,20339.2,22791.4,17000.9,23187.4,21789.6,20489.4,17726.8,19199.9,18321.1,19892,17507.7,22594.6,19289.4,21894.3,21900.6,19886.2,21554.3,18134.1,21451.8,17210.3,19435.3,17282.7,19164.9,20873.8,18188.8,17352.2,22365.4,22851.4,22891.9,19993,17941.5,20405.3,21149.1,16724.6,20282,19373.9,20152.8,19747.5,18815.4,22930.1,21761,20218.9,18165.4,17339.7,21388.9,18427.1,17034.2,19134.4,19145.4,18675.1,19962.4,16630.1,19056.6,18214.7,17262,19480.3,17442.5,19939.1,16962.2,16896.7,20432.1,22136.9,18046.8,20627.5,15419.3,21977.7,20389.2,22830.8,18402.3,22766.9,18754.7,20961.4,17167.3,16786.4,21474.3,17569.3,19822.1,21859.8,20420.7,22878.2,19683,21482.1,22253,18304.7,17816.7,22180.3,19258.6,17520.6,21942.2,21632.1,18043.3,20395.6,22287.7,23144.8,20349.8,22217.3,20539.8,23461.4,22278.2,22851.5,17358,17090.3,22937.1,23495.1,20675.4,21857.4,18442.4,22195.6,19545.1,23125.2,17246.8,20703.5,17199.1,19537.5,19608.9,16825,19795.2,20411.1,19660.3,19831.5,21144.7,22268.9,19848.5,21575.9,21947.2,19611.3,17273.9,21545.1,17638.2,18769.3,18141.6,20713.6,20144.8,21202.5,23345,20114.2,23008.4,19765.8,20268.7,21158.2,18603.1,18533.9,21124.6,21105.6,18342.3,20134.7,21708.9,19778.5,18593.3,19064.9,21512,19489.2,18791.1,23479.9,19549.7,23436.5,18496.8,17981.5,21108.4,20962.2,21104.9,21766.4,20302.8,21899.3,21918.9,17543.9,23222.6,21290.5,16964.5,20145.7,21860.3,16801.5,20308.5,21629.1,20086.2,17216.6,18175,20108.1,19056.8,23220,23772.3,22716.5,22587,22877.5,22190.3,23222.4,21367.1,19600.5,20547.1,22651.3,20316.3,19598.9,19278.3,22284.6,21778.6,17027.9,17566.7,20992,19184.4,21129.2,17620.3,21501.4,16668.3,22998.4,22814.3,22303.6,17795.7,22487.6,23268.5,18608.9,17411.2,22706.8,22491.9,18860.6,18905,18983.1,19525.8,21467.2,23607,18886,21462.4,18724,23664.7,19832.1,20431.5,21053.8,20853.3,22593,22101.3,21621.4,22572.8,24678.5,23022.4,20776.1,24064.5,22663.7,21927.6,23442.4,18746.4,21342.1,24601.7,18623.5,19835.8,23721.2,19762.4,24006.5,24001.1,22117.7,19158.8,20627.8,21011.2,21814.6,24067,23897.6,24679.6,21515,25531.3,20167.3,21010.6,21522.8,25057.1,19294.8,19722.9,21718.3,24314.4,21485.6,21976.8,23440.9,24018.6,21726.2,22504.3,20395.8,21100.3,24542.7,21988.2,19235.7,24338.7,24353.5,21454.8,25567.7,22946.3,23021.5,20391.4,23953.7,25202.4,23706.8,20333.7,24259.1,20536.1,21912.9,21427.8,25528.6,31827.3,35580.2
34470.4,28614.8,26949.6,26972.7,20783.5,21202.8,23854.5,21696.4,21477.6,19722.4,19091.7,23540.3,24625.1,21357.1,22279.5,24222.2,21324.5,21805,23588.3,19127.2,22729.7,20431,21766.1,18206.9,22114.5,21537.3,21650.4,18977.7,19269.2,22134.7,22683.3,24378.1,21572.3,22901.6,18566.4,23334,19873.3,18048.6,18661.4,18308.8,22673.6,20301.1,20063.9,20302.3,20915.8,21408.6,18489.5,20597.2,22972.8,20806.9,21485.9,22683.2,22346.6,18649.4,19631.3,20170,17438.3,20585,16697.7,19975.9,17062.4,21623.1,21000.6,21955,22234.2,20684.4,21688.7,19552.7,16920.9,16098.9,17071.5,21522.4,20260.4,18389.2,18457.7,17894.2,20581.2,20704.2,19745.9,18471.8,17929.2,17769.1,18638.8,18348.2,22620.2,20704.6,22703,19681,17033,17152,20573.7,18296.2,22805.2,20508.7,16950.5,16731.1,20554.9,19202.7,19654.6,20579.6,21803.6,18658,16458.1,18475.8,17201.4,20555.5,19862,19203.3,16686,17200.9,21070.3,19649.6,22109.7,22189,21869.6,20141.5,17961.8,16600.7,22705.3,22604.4,22740.3,21762.9,17990.9,19948.3,18503,21927,23151.9,18010.2,22033.8,23353.1,17586.1,21275.5,21156.2,19615.3,19479.6,21383.8,20944.5,16039.6,17691.5,15860.2,18103.1,18488.3,20726.8,17513.2,19767.8,18670.8,17159,22310.6,19753.3,16263.4,19862.1,18702.6,19268.2,16997.7,18730.8,17177.3,19119.6,19406.5,16854,19194.5,20478.6,17892.5,21228.3,22130.6,21840.1,21469.9,18194.7,22629.7,22168.6,21860.9,22688.6,18942.9,22193.5,18888.4,19934.3,20490,23259.8,18013.7,21050.4,18476.4,21832.2,23721.3,21828,22044.3,21774.9,21753.5,20448.8,22003.7,22600,22969.8,18260.1,19806.6,18862.8,19659.8,18692.7,20108.2,23008.8,19554.6,20208,17604.3,18469.9,22432,17269.7,22103.7,20485.2,19545,20781.8,18427.2,19944.9,19545.3,18075.1,18455.6,19607.7,21120.5,17548,20772.7,18412,19090.8,20519.1,20133.6,17134.7,23092.2,21819.3,18188.1,18686.3,19322.2,19069.9,19348.4,19629.9,18480.3,19576.5,22758.6,22701.2,22074.2,19462.8,19377.3,21965.1,19554.7,17026,22604.1,17727.5,17776.8,21130.3,21966.6,18877.5,18795,23097,22415.8,20098.9,21250.1,22942.3,20673.9,19243,22028.4,19987.8,17205.6,20163.8,23102.9,20953.9,19642.4,17034.8,22377.4,17761.6,22613.1,22331.5,18247.4,20153.3,17783.4,19629.8,21609.2,24419.1,20427.1,21060.3,22500.9,19165.4,17914.8,19488.8,20078.1,23637,17640,17292.3,18612.9,23324.9,22632.1,21535.8,19596,20310.8,18627.9,22349.2,22675.2,17385.9,17224.5,18738.5,16748.4,22970.3,19312.7,17286.5,17711.4,22364.2,22997.6,18047.5,22149.6,22267.6,18312,22729,21965.8,21693.2,20912.7,22427.3,21362.8,19661.4,21711,18542.1,23071.9,23423.4,18947.6,23154,19417.6,19786.7,23421.9,19448.6,23719.8,18985.9,19552.8,24289.6,23247.5,22971.7,18578.9,19864.8,24457.5,19342,21587.6,19191.8,18423.4,22315.7,23454.9,23948,20458.8,22649.5,19011.6,20197.5,25094.9,23278,25834.7,19836.2,22182.2,22699,21873.6,19076.7,19592.5,23673.2,18968.7,23657.9,20310.2,19915.2,25280.4,23121.9,20547.1,22532.1,18983.2,19849.3,22130.4,18342.1,22809.2,22821.6,22319.4,23271.6,22870,24060.7,20713.7,24377.7,19868.1,21649,24877.6,20620.1,20480.6,20344.6,21393.6,21999.7,25353.9,23443.9,26192.9,31544.8,34342.7
37796.5,27423,29954.9,22953.2,23741.1,22277,21203.8,20169.2,20663,22228.5,20849.5,22800,23866.1,19294.7,21767.5,18182.5,22149.5,18216.8,18510.8,20503.5,19614.3,18084.5,23751.1,20749.4,23698.8,20386.5,23073.6,19539,21216.3,21829.2,20712.8,18283,20524.9,23690.9,21761.5,21592.4,23766.9,17686.9,18487.4,19880.1,21196.8,19689.3,23014.5,19908.1,18982.2,17819,20377.2,16734.7,21858.8,17029.9,21107.6,18667,17778.6,20556.2,17801.3,17888.8,19708.5,18755.2,17516.2,18432.6,20858.6,21064,19156.8,17804.4,21466.6,21197.9,20500.3,17736.7,22325.9,17053.8,20327,20761.9,19429.7,21423.4,22324.5,17841.6,19660.5,21810.7,16930,22616.3,17892.3,22062.5,18947.7,16978,18715.3,21457.8,23175.3,18589.6,16655.1,20816,20579.1,21755.2,20489.8,20948.2,21509.4,23002.1,21820.4,22101.8,19821.6,19505.4,19320.7,21952.1,16219,19111.8,20354.2,21389.8,22017.5,21414.2,19156.2,20925.5,16149.9,21870.9,22502.1,16152.2,21859.7,17237.1,17192.9,20520.2,19286.6,20863,17309.1,18339.2,17082,18332.7,22243.5,20650.2,19338.8,16932.8,20982.1,20845.8,18655.7,18151,16947,17308.1,17209,18846.3,19056.9,22185.7,16545.9,17682,20868.5,16779.4,19247.7,16564.3,21499.6,18512.5,20483.6,17031.9,17731.9,21199.8,17290.2,21513.6,17616.3,17365.9,15782.8,19556.9,20523.2,22663.5,22334.2,17287.6,22313.4,21268.4,22257.5,20453.1,19190.2,22563.5,18263.9,17307.8,20851.2,19058,19999.6,21424,22728.2,21322.5,19096.4,18675.4,17484.9,22841.2,19037.4,23336.2,22501.3,19974.9,23380.8,19166.7,21368.1,20106.7,23359.1,21424,20538.2,20304.5,22257.1,18565,23171.4,20574.2,17140.3,18500.1,19338.6,19750.7,17820.4,20849.2,18236.3,18479.4,18173.2,21972.4,22769.7,20659.5,21724,21936,20369.2,21820.2,23071.7,19836.7,22943.4,20275.7,17296.5,18149.9,22228.2,22897.6,17118.6,20662.2,17532.5,20907.9,17705.4,21434.7,18115.5,21709.7,22259.8,18680.5,21034.3,20363.1,19099.2,19036.1,22894.3,20744,17019,17373.4,19070.5,22697.4,22327.5,23849,18486.4,18874.3,22275.3,22723.8,18101.9,21581.7,20717.6,22150.3,17496.2,23396.1,22671.2,21524.4,21518.3,22103.2,21880.5,17371.6,21085.7,18070.1,18919.4,19634.1,19358,17054.1,16834.8,22195.7,22600.6,23544.4,23992.7,22627.8,22281.5,19072.8,20155.7,19174.4,23328.7,22197,23883.6,19782.4,20964.5,19263.8,22557.6,19646.6,22962.7,19317,19062.6,17107.4,23029.6,21586.6,21798.6,21147.6,21643,20351.4,17031.8,19205.6,18519.6,22195.2,22418.3,21020.3,20449,21354.9,19209.1,17661.4,20118.2,18780.8,20333.8,18551.8,18495.9,21289.6,23550.8,17214,19544.7,18888.4,23158.9,21155.7,23444.2,20699.5,20039.9,21190.2,23417.3,20494.8,23866,21935.5,18361,21672.4,20286.9,23488,22506.6,24033.3,20159.9,20976.9,20339.1,20475.9,19236.8,23682.9,19981.1,22530.2,22546,19500.7,23807.5,24113.9,20605.9,20808.3,23722.4,22452.7,25505.8,24516.4,20078,21158.2,19457.9,19256,20305.4,23322.1,21962.9,23272.4,24514.3,19514.7,21716.8,25313.3,23067.7,22699.3,18690.7,20949.7,19607.6,19735.1,21889.3,24821.9,18574.3,22649,23026.6,19945.1,23794.6,22239.5,25186.4,23622.5,26023.1,25113.9,20394.7,19995.6,21927.8,20953.9,20383.7,20833.2,21891.6,27085.1,30931.8,37061.9
32772.9,30132,27296,23570.6,25635.8,22072.7,21811,24876.1,24505.6,22108.7,21436.4,20533.7,18273.5,18688.1,19663.2,18956.7,22210.3,21546.5,23287.6,21001.5,21765.5,21565.9,18459.7,23563.4,18838.8,19482.6,23703.3,23563.5,20690.4,18122.3,21739.7,19357.5,20979.3,18968,21810.4,20799.3,19627,17779.3,17799.2,21624.8,19078.9,19164.3,20063.9,17249,18983.4,17839.6,19547.3,21917.9,18092.1,19320.4,17549.7,18697.5,21853.7,22450.6,16891.3,16898.9,18299.4,22434,16430.8,16668.9,16533.5,20509.1,19453.1,22488,20225.8,20156.2,17412.9,16620.3,20697.1,21588.2,16491.4,20875.6,18885.7,17116.9,21787.7,19449.7,21199.6,17318.5,17453.5,21245.5,17889.9,18398.4,18814.8,18594.4,22360.6,20994.5,18831.1,20516.5,17228.2,22153.1,19763.3,18764,22200.3,18018.7,20173.6,18827,17727.4,21721.8,22640.8,22713.8,20338.1,17383,16512,21149,22231.2,17847.3,16633,18050.9,21085.6,17876.3,19712.6,20471.3,16515.4,17062.8,17038.6,17834.8,22154.6,17335.8,20759.6,17092.6,16858.4,19702.9,22284.6,17670.4,21858.4,23160.3,22265.2,19628.4,19024.8,17064.4,18446.2,20913.6,20873.1,20862.9,19182.5,18158.8,18239.6,18284.9,20573.5,21096.5,21161.2,20903.9,17904.5,18026.7,19252.8,21693.8,19263.2,16268.2,18271.4,20697.8,20516.6,22028.8,20470.1,19969.2,19786.4,16697.5,21833.6,18465,20456.2,22997.1,23027.5,19105.1,21056.2,23076.4,18024.1,17722.4,19316.6,20200.9,18960.8,18272.9,20764.1,19041,19925.3,18019.3,19581.6,21841.3,19351.5,17583.1,19781.1,21804.1,23102.5,23330,17541.5,19673.2,22233.3,18851.4,20761,22693.7,17814.8,22715,17836.2,20831.7,17685,23235.2,18869.3,23587.5,23648.5,18480.3,20245.1,23327.4,17877.6,21051.8,19737.9,22029.6,23034.8,21057,20257.4,18528.2,19612.7,22857.5,20427.2,21486.1,22074.3,19193,19902.2,20430.7,23212.5,18420.2,16910.5,19177.5,20185.1,21949.1,21117.2,20507.7,17391,17574,19382.8,19410.7,17902.3,20845.6,17853.5,21500.9,22375.5,20932.2,22388.5,17752.7,18176.5,21157.4,21181.8,20872.7,17695.1,21297.6,19976.2,19709.9,20971.4,18968,20435.2,21485.8,23726.7,18767.6,17437.7,19697.8,21311.7,19782.2,19471,19707.1,19379.4,19229.8,20402.1,17981.3,18466.2,16832.2,18422.8,18597.9,18598.4,19559,22414.6,21556.8,21331.7,22950.5,23738.4,17949.2,18184.9,18588.7,18291.4,22303.2,20957.2,21680.4,22809.6,22501.6,22069.7,17942.4,19608.6,21303.3,19480.5,20334.3,22361.2,18222.4,17903.8,16887.3,19762.4,22425.8,22694.9,22298.2,19910.8,22198.6,19182.1,21150.5,17492.6,22090.6,22532.6,21101.5,18307.9,22991.4,17340.2,17362.4,17568.9,17525.3,17029.9,21641,22329.9,17755.1,21341.1,21456.7,23601.6,23220.8,23349.3,23512.9,23983,22511.6,19455.9,18249.6,18532.1,22249.6,22887.8,19532.5,18352.7,18995.2,18192.5,20656,21035,21568.3,22400.3,24057.2,18783.5,23931.8,18483.9,21015.4,19591.7,22138.7,20786.7,20763.8,23028.2,24114,24697.8,22905.9,23862.8,21188.7,21506.3,21619.7,19552.3,22789.9,21943.9,24623.4,22693.8,22668.4,25026.7,22980.6,21402.7,19030.6,23374.5,19200.3,20944.9,20969.1,24364.7,24034.3,18766.6,20934.8,22571.7,22133.9,22197,21521.3,21833.4,23151.1,20638.6,24310.8,25559.5,20750.2,25829.1,26583.4,22287.9,25673.9,29516.8,33557.5
34279.1,32791.2,24327.3,22997.5,24023.4,23285.2,20491.6,22078,20165.3,23160.8,19957.3,21113.6,22371.6,23675.3,23158.7,23272.8,24420.8,18695.2,21904.3,21242.5,21708.3,23975.6,18665.3,20580.5,19500.2,22039.4,19241.8,19687.5,19023,20257,20588.6,22226.8,18681.7,24436.1,24398.4,24075.9,19003,18401.8,22388.1,17551.5,18131.2,21598,20444.7,18672.2,21553.1,23017.8,19338.3,20290.5,17528.7,19075.7,20941,19164.9,21399.9,17335,22529.5,20060.5,18664.2,18256.4,21716.1,18351.4,19493.9,17611.6,16629.4,16444.2,16550.7,21056.8,20173.3,17953.7,20870.9,19187.9,22046.8,21723.5,16658,20858.8,20393.1,16383.5,18553.6,17046.9,18079,17909.3,20054.8,22573.7,22304.1,21012.9,20678.2,22272.2,18223.7,17905.5,17765.7,17295.6,16648,21927.3,21962.1,17170.9,20332.9,21332.2,18172.6,21724.8,19380.7,20083.4,18689.6,17511.7,21027.4,17089.1,17769.5,15879,17510.9,18286.1,21636.6,18492.6,18827.1,21588.9,20161,21915.6,16853.3,18959.3,17229.4,20918.2,21969.2,18659.9,20023.6,20487.1,20721.5,19735.8,19262.5,18659,21612.2,17367.5,19997.3,21535.8,23204.7,17811.5,19033.4,18449.1,17360.1,18114.4,21380.4,18550.4,16196.5,17446.1,17642.1,22029,20539.1,20608.7,17684,18721.2,17066.1,22105.7,17026.7,21370.8,21144.5,21128.1,19888.3,16418,17807.1,19633.8,20736.3,17099.3,17783.9,17953.3,23117.6,17400.8,20876.3,19585.4,22658.3,19319.5,21482.6,21822.2,20670.5,19207.7,18664,19069.9,20632.4,21941.1,20002.2,20109.6,21218,23169,21048.4,21135.7,19234.9,23139.4,23439.4,20426.8,22940.5,23998.2,21173,19510.1,22391.9,19514.6,19662.7,17551.5,22394.7,19061.5,17637.9,21087.6,23594.7,18300,18377.8,23375.9,17369,19367,22628.4,22965.5,18905.4,21941.5,18304.5,16885.9,16709.9,22390.5,18401.6,20988.4,19242.2,22053.5,20985.2,22721.1,19811.2,21861.3,19828.5,17612,18529.7,16965.6,20539.1,18972.9,21018.8,17344.5,18806.7,23692.9,22129.3,23228.3,18347.2,22454.3,18828,18605.8,17951.5,23436.6,22398.3,22503,23196.7,19944.1,18362.9,18530,19740,21210.6,18789.1,19852.6,20565.2,18467.3,21121.2,21980.4,18697.2,21380.2,19633.9,18851.8,23459.6,17120.2,17572,19862.1,22254.5,21711,17686.6,21109.9,22263.4,21537.4,21681,23206.4,21041.5,19719.7,23767.2,18083.2,19417.7,23809,21317.3,21511.2,19096.6,18284.8,18418.8,22827.5,17725.9,21889.6,20064,20203.5,17667.7,17278.9,22499.7,18513.1,17997,22505.9,22576.8,20220.4,18242.8,22843.5,20297.7,17640.5,17946.1,22899.1,19806.7,18699.4,22866.7,21299,17892.3,22793.2,19361.4,20471.8,23376.2,23325.6,19956.5,19258.7,19300.8,18460.9,18088.4,18004.4,20817.1,21551.3,22010.7,23820.9,23157.7,20344.2,22777.8,18342.2,18267,19685.9,22158.4,21272.5,22032,19237.9,23773.6,18325.6,18750.9,19614.8,20884.5,23235,18395.4,19711.8,20215.2,24792.5,23816,21518.9,18891.5,20679,25118,24744.9,19347.9,22019.9,24546.1,26107.6,21792.9,24928.3,20469.2,20101.2,20351.4,23986.5,19579.5,19009.5,24208.1,19778,21533.8,22938.8,22515.9,22077.5,18740.8,24792.8,19044.2,20360.8,18650.2,21431.2,23453.8,20298.9,19972.1,24133.8,21517.2,25758.4,21633,25360.5,21662.8,22866.3,19935.8,22639.9,24720.6,26842.7,23226.2,27732,31564.1,33716.4
35663,28131.4,25663.3,22930.2,25950.9,21037,21223.2,21801.2,24450.9,24008.1,18749.2,19009.4,23326.2,20701.6,18064.5,17800.3,18165.3,19520.5,22102.9,20074.7,20571.8,22505.5,21382.9,22884.5,18858.3,19866.3,17994.6,22725.8,21081.2,23445.3,21452,22252.3,20090.3,18690.4,19611.8,23262.5,19468.8,23602.4,22469.9,20282.6,23043.9,19107.3,18415.9,21241.1,21522.7,19696,17169.5,21332.2,17291.1,17223.8,16939,18536.7,22339.5,20045.2,20827.6,21707,17818.5,21970.4,20860.1,22308.8,18717.9,20936.8,21621.2,18870.2,18004.6,18297.5,19842.3,15979,16438.1,18893.2,17351.8,18245.8,16738,21736.6,22221.8,17081.7,20372.1,22606.5,16554.4,21624.6,18148.2,18666.5,16972,19894.3,18445.3,23128.3,16895.1,17913.2,23181.6,16718.7,17717.6,23094,19728.5,19348.9,20452.2,16316.1,22082.2,19315.2,22853.3,19324.6,22248.3,22524.8,22611.6,18244.3,20289,19945.1,21987.1,17831,18947.1,20270.9,18079.1,18876.6,21711.8,15993.4,20625.2,17583.5,20285.3,21987.1,18516.6,19966.3,21115,17750,21748.8,18418.3,18886.5,18743.8,20660.7,18367.6,20029,22413.9,21522.4,19047.7,23263.6,17370.6,20056.5,17757.3,22295.6,16780.8,22164.1,21978.6,21119.7,21604.1,21109.5,20150.5,18691.3,18295.1,21689.5,19903.3,16865.4,20659.9,17417,21593.4,19121.1,18448.5,15541.2,19238.1,22809.9,18738.6,22568.3,21913.5,23390.6,21085.7,22163.4,20196.3,20850.3,20063.7,22298,20080.9,19482.5,17754.9,21818.2,22240,24062.9,20772.7,17726.8,18332.8,20833.7,23318.9,23831.2,20888,21001.1,20968.7,20506.2,23955.1,20451.9,20405.9,20951.6,24128,18367.7,17908.3,23487.9,17685.2,17818.2,21370.6,18117,17332.9,22572.4,17175,19702.2,21446.9,20287,18642.8,19304.7,20730,18177.3,18011.9,22871.1,19126.6,18485.9,22933.3,20398.2,23004.1,17694.7,21257.1,19857.6,21313.2,21406.4,17238,19032.5,18344.3,16699.6,17825.5,18116.8,21684.4,20883.2,19438.9,18450,21337.6,23188.3,22152.2,16943.5,21025.9,21151.8,17922.9,17127.9,23439.6,18729.7,20939.5,21732.4,20797.5,21708.3,18454.6,18183.3,20589.6,17543.7,22925.8,19793.9,18867.5,18544.6,22680.6,22510.3,18068.1,19106.9,17856.7,22538.1,18633.3,21091,22287.4,18363,18955.2,22888.7,22706.4,17137.9,23229,19883,20680.1,19904.4,18250.6,19638.8,22420.1,24222.3,18815.3,22187.5,21137.4,18810.5,23931,19729.6,17882.9,22894.8,22177.8,19656.7,19951.4,20742.3,20413.7,20862.5,23047.7,18226.5,21655.1,19115.3,17653.9,21174.5,19500.8,21072,21053.4,22332,22350.7,19525,17965.1,21892.7,22074.9,18950.7,18050.1,19646.6,17531.8,21831.7,17112.8,17701.7,20793.3,21925.3,22821,19842.6,19608.3,20595.3,20616.2,17540.9,22851.4,21749.1,19406.7,18506.9,21511.1,23216.9,21169.4,24716,23055.1,20003,19500.2,20010.6,24699.2,19818.9,20513.7,21539,22518.7,23777.7,19809.1,24636,24074.3,19929,24882.7,24353.2,22400.9,23525.1,22400.9,21366.3,21705.5,19565.8,24858.6,22227.7,22363.3,20235.5,24494.6,24344.8,21990.4,19129.6,23678,25363.7,25179.5,21717.3,22156.8,21348.6,24242.7,24935,23412.8,21100.6,23732,25101.5,19465.5,20749,25295.5,24543,23084.2,19457.5,20886.8,20060.3,19789.6,21129.7,20701.8,21736.3,20132.7,25743.6,26575,24012.6,24299.7,30842.8,35413.3
34178.3,28650.1,30137.8,22648.5,27008.8,21605.5,21660.4,21077.7,24689.5,21297.8,19152.1,20560,21738.8,21416.8,22816.5,20716.6,18107.8,20482.7,21821.7,21601.3,18567.7,17879.9,21576,21255,22608.1,23131.7,22623.8,19128,22411.9,18730.9,23219.7,23809.2,18606.2,19087.7,22972,23113.9,20242.4,18493.4,20546,20582.8,21086,17467.2,21352,20783.9,19213.9,19275.1,19328.9,21676.9,22011.9,22715.4,22724.5,18831.3,16678.5,16627.5,22565.9,22769.2,22277.8,21673.4,17290.1,20970.6,22405.5,22081.4,20988.6,17828.3,21518.8,18997.8,20683,20220.5,19497.9,20546.5,20423.4,20925.3,19559.9,20451.9,16858.4,18566.5,19429.6,20485.5,21206.8,21830.3,22071.5,21536,20393,22818.2,17642.2,16656,17508.7,20920.9,22164.8,17502.7,22436.8,22800.4,19992.6,16839.6,20139.7,20898.9,19438.3,22646.7,20214.4,17772.4,19985.2,17978.4,21929.8,19825.1,22311,22222.2,19006.7,16472.2,16860.2,17052.5,18777.4,21325,17508.2,22478.9,18803.9,19552.7,19240.4,18423.5,18278.5,18866.4,22276.5,20651.2,19383.6,16995.3,17106.1,19148.1,20401.5,18479.4,21648.7,21199.9,22352.6,22247.8,17889.2,17719,21246.4,18384.1,19266.1,19922.6,19126.3,21997.3,18967.2,18737.9,17115.8,18196.4,20110.8,20309.1,21870.2,22129.7,21444.6,17888.2,22290.6,21315.4,17557.4,19460.6,16807.8,20592.2,18404.6,22694.6,18316.9,21136,20373.7,17732.6,22839.3,17689.6,22198.8,20452.5,17507.1,18444.3,19228.1,20784,21520.3,22284.5,19278.4,17660.4,23655.9,18046.2,19744.4,23115.1,21308.8,18072.8,19836.7,18601.2,23083.1,23785.1,23876,23044.5,21170.8,18135.6,18573.4,19169,23644.3,24039.6,21446.2,22144.5,17810,22737.1,22366,20888.9,22973.7,19008.7,20438.4,21323.5,20865.2,19740.8,22928,21574.3,21301.5,20395.8,19750.5,19621.6,23190.7,20905.3,17345.6,16935.3,18520.1,22642.7,21148.6,18893.8,17539.6,17269.5,19223.5,17530.6,23134,21938.4,18585.4,18618.5,23351.6,17444.2,19627.8,17824.4,17552.3,22738.6,18981.3,20033,21360.1,18718,21435.5,20567.1,18046.6,18353.4,23317.7,22111.3,17672.5,18368.6,21010.4,20422,20187.4,21990.4,19296.3,22509.1,21166.5,20115.8,19814.9,21072,22444.8,17257.4,20068.5,18451.7,16941.6,20321.9,19560.6,21992.1,21897.7,18000.9,17709.2,23461,20524.1,23154.6,22213,22418,6429.46,23867.2,21585.5,17811.8,17771.4,21179.8,23315.2,20123.2,20146.8,20599.6,23574.5,17677.1,23381.9,17175.7,20658.8,20953.4,21522.7,19994,20646.9,20915.4,19747.2,17312.7,19480.6,17595.4,17033.1,19854.1,17957.5,22939.1,17824.9,22401.5,16883.4,20787.8,21408.1,18960.2,21091.1,20482.7,22124.9,16963.1,18442.3,21166.6,20225.7,17909.3,21799.2,20424.6,18712.8,18041.6,21708.4,21735.6,23927,20525.9,18878.4,20340.9,18262.8,24142.2,22373.8,20526.3,21363.1,20323.8,18285,21897.1,22678.9,21366.6,20909.7,22088.8,22022.7,19351.5,24739.4,25100,24593.6,19213.8,22153.8,21846.5,22774,23656.4,25332.8,24524.8,23586.1,21186.6,23415.3,24803,20380.6,21630,20595.3,20026.6,19503.8,18948.5,19165.3,24999.1,22003.8,24764.1,21090.8,20340,22584.4,23169.8,21475.9,21266.4,23463.7,21273.8,21698.3,19673.4,20705.3,21010.8,24445.3,22304.1,19519.8,19999.2,20011.8,21443.5,19840.8,21662.2,25162,30184.6,31353.1,33894.9
37141.4,30526.2,24852.6,27384.1,23250.9,20031.8,24144.1,24064.4,24053.9,20271.1,18836.5,18388,22512.7,21976.8,22879.8,23836.4,19710.9,22430.6,22752.3,24145.3,21325,19106.8,23819.9,18282.5,23224.2,18003.1,24036.8,18274.4,21831.4,22194.1,20609.5,24386.5,23230.7,21203.3,23691.9,19130.1,19926,24054.9,22914.2,20469.6,19803.9,21915.7,21686.8,21605.8,21575,18959.1,21451.9,21156.9,22056.4,19439,22580.6,22938.2,18912.2,20763.1,19520.7,17159.6,20048.8,16735.4,18272.2,22178.2,21275.9,19270.6,21857.9,20615.8,18455.1,22219.3,18442,21649.7,21807.8,22456.2,21106.8,17039,22705,17067.1,22702.2,17603.3,18789.2,19822.7,22608.1,20366.8,17522.8,17661,22415.6,19799.8,20192.3,16583.9,21423.1,20896.9,21727.8,19623.7,22500.5,21831.9,21361.1,21407.1,18707.4,18765,19421.1,20463,20913.2,20051.9,21659.8,17429.5,18042.3,20484.4,17797.3,19837.9,17831.6,17833.8,16992.8,20761.5,22587.7,21547.3,20645.2,18684.7,21778.4,20246.2,16148.4,21367.3,20610.2,16614.3,19356.9,21790.7,20261.7,20916.1,23502.4,17166.2,22188.5,22097.1,18411.3,20851.1,22364,19997.8,20680,22439.4,19709.9,22136.3,19539.6,21458.1,18580.4,17516.2,20741.1,21842,18820.9,17995.5,21490.7,17182.3,22361.3,22306.4,19807.7,21538.1,21023.5,21671.8,18813.1,22185.5,20616.5,18010.5,20655,17477.2,22877,21936.3,20310.8,19953.6,21373.3,22910.2,21179.1,22579.2,23356.5,20821.9,19270.7,21673.3,20760.2,20760,21228.3,20984.1,22025,18103,19808.9,24063.1,18396.4,18514.8,19005.4,23628.7,22422.5,23375.8,19124.6,20760.2,20006.2,19765.9,20664.8,22610.6,23753.9,22388.4,23056,19577,21624,20232.6,19314.2,20493.4,22037.3,19253.2,17713.4,19077,17570.9,22662,22502.5,17239.6,19723.5,17663.4,18590.7,22124.2,18392.2,19022,23176.7,22073.5,22871.7,23053.7,17270,18503.4,18797.8,22246.6,23308.2,20669.4,20947.2,23011.7,19174.9,19925.3,17535.1,22975,18358.3,23221.5,20649.3,22860.4,23303.3,21162.2,20223.9,19825.3,21538.2,22862.8,19050.5,23344.2,19785.9,19339.1,17596.2,19952,21930.1,22091.4,21388.2,17758,21267.8,23124.9,21753.2,22184.3,18037.1,20248.9,23445.4,21576.2,22216.5,19912.6,21090.5,19410.5,21901.5,23126,22134.3,20339.7,22215.7,19921.9,18354.9,21416.7,20460.5,21706.9,21452,21659.9,23211.9,22503.2,19578.2,20560.9,22035.8,18548.6,20483.4,20432.1,23428.4,17367.4,21280.1,21099,16964.3,22132.1,21521.5,17250.7,16940.3,17319.5,18815,23429.4,19544,21921.5,18473.6,22079.1,20403.1,18195.9,18474.6,21375.4,19885,18095,19299.8,21320.8,20332.8,23262,20008,23159.5,19776.3,22099.9,22935.2,23952,20228.1,22113.8,21365.1,22459.5,18181.6,23297.1,22034.1,20177.6,18869.2,23146.6,21533.3,24999.2,24864.2,21601.6,23244.8,20761.4,21258.8,23002.1,22788.5,24995.3,20090.1,20556,19108.8,19131.6,23195.1,24707.6,19118.8,23065,24260.9,21593.3,20618.3,25155,22623.4,22412.1,23441.2,25162,19439.7,19988.3,23948.2,21708.3,24112.9,21764.3,20021.2,21930.8,23909,23148.7,20912.4,24034,23892.3,22634.6,20205.4,20302.6,23787.6,24561.3,21407.9,21422,21041.4,19896.7,24940,19505.8,20015.2,22626.5,20905.1,23971,24854.1,21460.3,22077.6,23404.3,21565.3,29453.2,32098,37223.3
36917.7,27180.2,29739.3,26966.9,22850.9,24494.4,21203.7,21019.7,24000.8,19552.1,22357.6,20516.5,18496,24357.7,23529.2,18671.5,19532.2,24048,18563.1,23796.2,19306.3,17925.4,18766.1,19178.3,23392.5,23817.7,20267.4,20978.5,18050.4,24029.5,19710.4,24028.2,24230.2,24187.1,18107.4,22182.6,20551.6,23982.8,18657.7,18038.4,19645.2,16977.4,18406.4,20387.5,23113.4,22064.9,21388.9,17128.9,19240.2,20725,16627.6,18723.8,20541.1,22791.7,22494.9,19946.8,20027.3,17042,17338.3,20003,17590,18150,16917.3,19497.2,22264.8,16633.6,20811.8,18584.2,17559.6,21208.9,21556.4,20440,19551.8,16946.6,21568.7,16933.9,19246.3,21283.2,20356.6,17439.1,20129.9,17824.9,21107.4,19467.1,21083,20948.1,18187.5,19774.6,21220.3,22847.8,19046.3,16386.3,18202.3,23314.5,18026.6,17572.7,19018.5,19621.1,21626.9,18101.8,18694.5,17381.8,18949.9,18975.4,19154.6,21925.8,20651.2,21068.3,17994.4,21873.3,17291.9,22459.1,21490.2,17097.5,16959,17941.5,16979.5,16304,19427.6,18062.6,21893.5,20815.2,16801.6,17316.2,21342.6,22437.4,18548,22826.4,21015.7,23338,21092.8,22615.1,17410.4,20892.9,17804.7,23086.9,17092.9,22087.5,16696.6,21642.2,17275.8,17465,19247.2,18001.5,20137.4,19052,20008.8,18105.5,19048.3,21159.8,19274.6,22779.7,19006,17983.1,15873.2,18651.5,18967.3,23066.9,19317.1,17999.6,19518.6,22379.1,18906.3,22916.3,18056.5,17568.7,22264.3,20698.4,21023.5,22500.5,21488.7,21425.4,20822.1,21891.8,21742.6,19183.6,23866.7,22271.1,18581.6,23508.4,24749.7,22218.2,20067.9,22216.6,21356.9,21429.3,22047.6,18350.9,23543.4,21255.4,19822.7,19063.8,19200.9,21912,21333.4,23402.1,19309.7,20871.3,18071.3,18074.4,17589.7,23211.5,22712.1,21553.4,18264.6,17687.6,20234.9,19740.8,20350.8,19695.2,22471.3,20256.7,18642.4,17443,22830.6,17542,23148.9,19231,19427.4,16450.8,20874,16567.9,19415.6,21729.8,20602.7,21756.5,20255.4,18720.1,20002.4,21999.5,23282.2,20693.1,18569.4,19785.6,22547.3,23187.3,19093,23550.8,18779.2,19292.2,21339.5,23484.9,18465.9,19589.1,20517,19280.5,20440.1,18326.6,18679.6,19224.3,19757.4,22017,21783.6,19675.7,17257.7,22168.7,19962.5,22027.9,22406,21171.3,18251.6,18472,17842.1,20537.3,22061.3,17517,23829.8,21206.8,18402.7,19315.1,24140.5,23361.2,19898.4,17788.1,18951.2,24070.6,21065.5,18598,21894.2,19312.8,17668,20534,20984.9,19182.9,21530.4,23031.4,18995.8,19419.6,22764.2,18361.8,20332.2,19687.1,22561.8,21427.8,19761.4,22089.4,18972.3,17274.6,20094,17468.4,23042.4,21025.1,18991.1,17132.3,19087.5,22336.7,20583.8,17460,18930.5,22028.2,21378.6,22548,18515,22485.3,21168,20737.7,19669.1,22728.2,22541.8,20818.3,21515.7,20070.4,18625,24556.8,25036.3,22800.2,21496,22511.5,22561,20804.7,21392.1,18635.9,20512.9,22384.6,22224.3,20842.7,20990.1,21271.8,20932.6,21604.1,19586.5,22644.1,19764.9,24764.8,23046,22597.5,21852.5,20339.4,22423.5,20746.5,22446.6,20512.3,24739.7,23222.2,21838.3,25349,24313.9,22849,24448.7,25022.5,24296.6,23932.6,22884.7,23107.1,23111.5,19187.9,23044.5,25667.3,24815.7,25197.1,25491.9,21639.7,21268.7,24654.7,20912.7,21174.2,24939.1,26038.1,24278.3,21848.4,24610.9,27211.7,31696.5,36517
33966.9,32169.5,29023.6,25425.9,23998.5,22601.7,19457.4,19375,20123.3,23511.8,23104.4,19100.8,19871,21236.5,23073.7,20927.1,18261.9,18393.9,21437.7,20584.1,23566.5,22155.9,21784.8,19225.9,18497,20595.9,19926.1,21303.7,21364.8,21699.4,23002.6,21661.6,21944.9,20717.5,23701.7,19087.9,19570.4,19818.3,23434.8,18981.4,22841.3,20861.7,18889.3,19888.2,18552.5,19327.3,17372.6,18610.9,18249.1,21858,17392.9,19882.1,18998.7,17532.3,22075.6,21298.9,22760.9,17144,20788.2,22104.7,22291.5,20702.7,21978.1,21911.3,19529.4,22077.2,22117.1,17264.2,22269.4,19430.9,19253.7,17067.5,20973.5,16508.5,19683.1,18151.7,22886.2,17348.6,22794.1,21078.7,20553.1,18953,21490.6,20287.2,17214.4,17196,19144.4,19985,21161.4,17954.5,17364.6,20319,20905.4,22477,22367.2,23152.3,22397.9,18527,21781.6,21017.7,21079.9,23020,17403.9,21618.2,17818.1,20749.5,20011.2,22355.4,18782.5,18821.9,20306.9,20703.9,18670.8,16136.9,21182.6,20882.5,21521.7,19108.5,16407.5,22881.2,20214.7,22396.9,21071.1,21549.5,22324.7,18089.1,22525.8,22676.3,17955,21675.8,17490.5,18811.8,17549.6,23341,21221.5,19709.9,18580.2,22443.7,16833.6,16918.7,18458.4,19988.4,20909.2,17218.2,18580.3,21189.8,17249.4,19840,17173.4,17316.3,19314.8,19632.1,22218.7,18776.2,17871.1,20940.7,17904.7,17902.7,22111.5,19638.6,17526.2,20099.9,23199.5,19322.7,19387.9,21756.2,22239.8,21502,21364.6,20863.7,23718.5,22512.4,24048.8,20070.5,21966.1,23417.4,23656.1,22679.7,21650.5,21279.4,18534.1,20548.3,24247.8,19939.5,20081.7,19439.8,24215.5,21079.3,19276.8,21457.9,23453.5,21228.9,22996.1,20981.2,21618.2,21053.3,20861.3,22827.6,21733.4,18367.8,22859,18484.8,18333.6,22062.5,20593.8,21396.9,23191.4,19684.5,20049.1,18013.7,20654.7,20193,20032.8,18957.5,22025.4,21859.6,19040.7,19930.3,18377,17023.9,17505.7,18768.8,17938,19259.9,20146.5,18721.5,22783.6,19922.7,22966.6,21655.5,20196.6,19862.3,20037.4,21094.5,17742.1,20889.1,18558.7,21680.2,20739.2,22343,19707.7,22645.4,20371.4,20371.5,17606.3,18785,23533.3,21589.6,20535,20368.4,23638.2,18506.9,22649.1,22412.9,22485.8,20840.4,23315.8,19593.7,18209,20649.2,18841.7,23205.1,18180.5,20997.3,23642.7,23870.9,18946.9,20018.3,18006.9,20313.9,23831,22168.9,24135.3,17787.3,21794.9,23947.1,18424.4,19527,17522.1,19474.7,20659.1,18967.8,19563.3,17651.8,23366.8,18667.7,18619.8,19240.7,17880.7,16886.5,17353.1,17365.3,17394.3,23094.6,22743.4,20020.2,18475.4,19189.2,18122.5,19226.2,22738.2,21217.7,20343.5,23026.8,17069.1,19910.8,18358,20247.6,23162.3,17527.5,21002,22055.5,20698.4,23983.6,22974.2,23725.5,18357.5,20604.3,24248.2,20092.9,24110.1,19496.9,20281.2,24911,20296.7,24745.7,19400.5,19458.2,23497.4,19422.2,21883.6,22147,23027.4,19026.3,19922.9,22753.3,24116.9,23507.3,25397.1,24402.2,24695.8,23595.7,24157.3,21649.7,19939.9,22360.9,19578.8,22811.1,21933.7,23340.4,23941.8,22061.7,21306.5,23987.2,20669.9,23054.5,18810.1,22846.5,20264.5,21862.1,24101,22628.7,21775.8,19729.5,24078.8,22541.7,21323.6,24580.2,23096.8,24337.7,24386.8,21138.4,19661.6,23425.7,24509,23728.4,21155.5,22307.9,21790.9,22522,26231.3,29315.3,27345.2,35277.1
34533.4,30642,28097.4,24258.8,23188.4,25141.4,25061.5,24668.4,20400,22098.3,21336,19200.7,18861.4,19381.1,18637.9,23896.6,22581.7,21311.9,23201.7,23528.1,23532.7,22178.2,22272.7,18096.2,20683.1,20283.6,20091.9,21681.3,24270.1,20290.3,19177,23816.3,18918.5,23108.4,18515.2,24108.4,24236,24105.3,22768.4,18956.7,18415.9,19115.1,23188,18976.5,19514.6,21355.9,20381.4,21338.6,22437.9,17826.2,21783.3,18397.5,17547,22788.9,18746.5,18957.2,21342.5,18094.8,17354.6,18399.1,18969.7,16114,16191.2,20807,22122.6,19154.9,22416.1,19406.4,18109.6,18651.2,19988.5,21146.7,16709.1,19090.3,21981,16903.3,17917.1,21136.5,22293.4,20987.8,18653,22334.1,17209.5,21544,17761.5,22106.7,19527.4,17033.9,17249,21311.5,16712.2,21897.7,21323.7,22033.9,19520.8,22778.1,16650.3,18473.2,17865.3,22775.5,22999.3,21653.1,17256.4,16808.6,20341.9,21668.9,20555.3,21502.8,22574.1,22815.9,22731,16972.1,19602.1,16608.2,22317.7,17903.3,22345.2,20175.5,20851.8,16753.5,18329.7,16694,21568.1,17946.3,21889.2,21093,22779.2,17298.9,20679.2,21072.3,19950.5,23137.7,23691.6,23569,20334.8,19885,20154.1,21350.6,18756.9,18444.5,20299.8,19051.2,20618.2,17698.3,19659.9,16121.3,18883,19838.3,17379.2,21434.7,22643.7,16885.5,22961.1,18754.9,18904.8,19481.8,19008.4,17307.6,19358.3,17288.5,18225.5,19715.3,19093.7,17759.9,18369.1,21580.2,21294.6,22321.2,20310.6,22275.6,21140.9,18915.2,19953.9,18740.6,24318.7,20269.1,20890.8,20633.2,19377.9,18616,22504.4,22275.2,5835.2,21631.4,22635.2,18745.3,22901,20278.2,17990.3,18207,22454.4,21743.9,22319.3,19779,23123.6,19156.5,19716.7,21704,18349.1,21590.6,17426.3,22406.9,18148.5,19881.2,19556,17455.4,21115.1,19010.7,21049.5,21580.2,18315.5,22043.3,18280,23270.1,19117.4,22188.2,17764.2,18240.3,19329.2,20395,17959.2,20019.2,18457.8,17427.7,20247.1,20616.2,18031.9,18977.6,20396.3,21269.2,18406.9,19777.1,17466.7,18688.6,22873.3,20177.9,20249.7,22166.9,19692,23686.2,19440.5,18109.5,19087.4,17180,19492,19324.9,23173.9,21142.5,18599.4,19830.6,18283.8,23424.6,21725.9,19643.4,18377.6,23155.1,20493.7,20103.3,21832.8,20591.4,20091.1,20739.5,22067.2,21128.5,17503.7,19698,18753.5,19849.6,19330.6,21981,17939.5,17934.5,23353.5,23292.3,18247,18776,18898.9,18488.9,20391.7,24017.9,22069.8,19403.6,21094.6,21438.4,17787.9,17123.6,17390.2,22105.8,18379.3,21812,19707.8,17323.5,17087.2,16967.4,21963.2,16982.4,18877.8,17804.2,21356.8,22119.4,18290.5,21132.6,21426.7,17934.4,22939.2,23028.9,21551.7,21051.3,18725.1,21873.7,21462.5,21602.1,20272.4,22362.9,20835,23215.9,22628.1,19309.8,21329.2,20172.4,18963.6,23195.9,21652.6,23539.1,18588.9,20429.6,21597.3,22493.1,24658.6,23505.2,18607.4,20093,21511.7,19093.5,22838.4,23566.2,25130.4,21637.7,19801.6,22895.4,21222.4,24381.3,24295.5,20298.5,25423.9,22656.9,24490.9,25629.4,22986.3,24742.1,20493.1,19128.5,19902.2,24668.8,25206.4,23876.2,25000.6,20621.6,18708.8,21069.1,19342.3,23250,19011.3,20032.8,20402.6,22016.7,19655.4,24298.1,25433.3,23843.5,25571.7,20267.3,24064.2,24800.5,20165.3,24568.9,22140.4,24086.6,22477.7,25025.5,23856.1,30256.5,31095.8,34248.5
37694.1,29434.9,26377.6,26578.1,24006,21861.7,20814.3,25236.9,20789.5,22211.3,24392.1,18809.5,22874.8,20769.6,23024.2,22010.1,18530.5,22481.9,19792.1,20865.3,23305.8,19371.3,19324,23752,18694.9,24242.2,19173.6,18404.5,22665.1,21849.3,20797.8,21704.1,24080.1,18296.4,20961.4,22767.9,22305.5,19099.5,19871.7,22100.3,21018.1,18763.6,20097.4,22125.8,20013.6,23197.4,19422.5,17476.6,19253,18038.1,18579.9,19978.8,16681.6,19872.8,21611.4,20844.2,22380.5,21626,21065.8,18492,17889.8,17398.9,21053.8,20397.9,17964.5,21904.8,18355.8,19370.1,17654.9,19368.6,19808.9,18004.5,16515.2,18681,21994.4,17336.9,20231.6,16722.2,22288.1,17445.5,19776.5,22639.3,18685.8,20046.6,17513.6,17300.1,17777.3,17068.7,18343.9,18047.9,21718.3,20549.1,18121.8,16768.2,21399.4,21839.6,19494,16805.3,19263.9,19571.7,23210,22961.3,21685.6,20719.1,19410.6,17976.8,18519.9,17681.1,20091.3,20431.6,17299.6,22452,16763.9,21739.7,21790.3,19685.5,18535.3,16748.4,21605.5,21560.9,18755.9,18768.2,22263.4,19372,18293.5,20430.1,22603.4,19613.8,20864.4,19056.9,18819.6,21174.2,20147.8,20268.2,22245,19290.2,19005.6,21371,17361.1,18720.5,18990.6,16793.1,20020.9,19255,20491.5,22072.2,18905.1,19931.2,21154.4,18820.4,16428.6,20395.5,16903,19775.2,18026.7,20569.7,17529.5,17692.7,16904,21262.7,17832.1,20137.9,21848,22746.2,19268,18560,17396,17970.6,17363.1,22990,22785.2,22016,20956.5,24211.6,21093.4,20421,20788.6,23359.5,21595.9,20562.4,24437.9,23840.7,22603.2,23112.9,19111.1,23501.4,22986.6,21107.5,17865.6,22329.5,18756.5,19200.7,23162.9,21494.7,21781.7,19405.7,22435.9,16865.2,17485.6,18599.8,18954.4,21625.2,22644,18668.6,23421.1,20907.5,19017.8,19135.4,17685.7,21450.5,18293.7,20075.9,21410,20258.8,21120,19305.9,20387.8,19693.2,23349.9,22831.8,19569.5,19223.6,19710.9,22140.8,20421.8,18478.4,20771.9,21586.5,22999.1,20056.9,20699.5,22003.9,21662.5,19516.5,17688.8,22196.9,20842.1,20907.6,19500.3,20255.6,21425.3,19931.1,22208.4,23348.5,18094.4,18612.4,21168.3,17341.2,20004.8,19703.7,20581.7,21760.2,18211.7,21906.1,23412.5,21642.6,19024.3,19005.3,22436.7,20043.1,20756.1,17943.9,17414.8,19481.3,20720.7,22552,21596.2,22958.3,23898.1,20153.1,22374.9,22521.1,21495.3,23307.1,22758.5,20099.2,19494.4,18823.4,23562.3,23720.2,20457,18300.9,20819.3,20386.1,23231.5,20340.6,23286.6,19059.9,21051.9,18745.2,18570.7,22296.2,17836.5,18325.5,20770.8,18105,21160.2,17202.8,20648,19483.6,17820.2,19996.6,23472.7,17557.8,17246.9,18901.1,20171,22919.5,20939.6,21600.7,19661.2,20235.6,19972.5,18251.8,17942.1,23974.1,18817.6,20936.8,18478.6,19501.9,21200.9,23928.5,20260.1,24432,20790.3,21273.8,18431.6,18955.2,20557.9,24669.5,22594.8,22192,23333.3,24859.7,24017.8,25482.5,20307.6,23522.2,24504.5,25541.7,22444.4,23704.4,23076.6,21522,21201.2,21057.3,24291.4,23903,24193.8,22387.8,22706.7,24002.2,21903.7,19772.1,23503.2,25573.5,22990.5,21961.4,23820.9,22257.5,24552.5,23006.1,24198.6,19282.3,19434.9,22366.8,20262.8,25655.3,21293,25212,24187,24587.9,19642.2,19956.7,22722.3,21881.9,22017.4,22945.5,21309.3,21188.6,23752.2,27852.4,31243.5,32729.6
36330,32957.1,24146.2,22605.8,20828.2,21525.1,22942.6,23532.9,23620.2,19161.3,19940.4,23686.9,21231.7,18245.5,20492.6,21241.4,23354.6,22387.3,18656.2,21502.4,23834.6,23999.4,21601.3,18960.6,19141.2,23763.1,21815.9,20104.5,22196.2,18498.2,23906.8,21766.4,18986.6,21746.7,19607.4,19633.4,23340,20472.1,20441.9,20449.5,22104.4,23139.6,20004.2,20501.1,20606.9,20422.8,21063.5,16928.6,22740.2,20413.1,19887,20987.3,18297.1,17878.1,19143.2,16947.9,19912,19914.7,17559.6,22427.8,21488.8,21199.7,20199.3,20491.3,22032.8,20738.3,17698.5,22201.2,17591.9,16329.3,19316.7,17237.2,18950.5,21387.2,19603.5,22999.3,21036.3,19097.4,22388.1,21833.9,20880.4,18427.4,22413.8,18642.6,18140.1,17166.7,20772,19642.7,17608.1,22284.9,17547.6,19507.4,20662.8,21133.4,18153.8,20269.8,18715.7,18417.3,19099.5,21555.4,19656.6,17298.5,22926.5,18555,20034.2,19218.3,21750.5,17608.1,17754.5,22432.2,19872.4,20683.6,19933.1,21260,21324.4,20778.4,19046.2,21648.9,19082.3,19937.6,21598.3,17749.3,20194.2,18567.5,22549.7,21614.6,21320.4,21683.2,23805.4,23118.5,21646.2,21433.9,17806.5,22925,18776.8,19787.3,20378.9,16890.4,17733.6,22428.5,17071.8,20380.3,18335.7,17368.4,17357.2,21667.5,20319.5,20427.1,16457.8,21656.6,19989.2,21880.9,18394.9,23101.7,19501.6,18799.4,17547.1,22558.1,22552.6,18429.9,18954.2,22478.8,18178.9,17033.5,20607.1,20938.5,19503.3,18601.8,22314,24096.2,18992.1,21686,20358.4,18810.7,22039.5,22818.8,22782.1,19723.5,23168.9,19767.2,20176.8,24396.6,22403.2,22007.4,19428.4,22693.6,21468.3,23176.6,18850.3,23803.9,20109,22018.4,18533.3,20547.8,21786.4,19131.6,20542.8,18337.1,21648.8,19760.3,21234.4,17539.1,22303.5,20068.2,19815.5,23056.9,22652.6,21104.3,19605.2,17772,18277.2,17463.1,21060,22673.8,18261.1,19203.2,23176.2,19778.5,20632.7,19742.7,20518,22114.4,23115.9,18649.3,21460.1,21490.7,20690.3,18454.9,22743,17157.7,17806.2,23340.9,19857.6,20692.2,17274.9,19885.8,21299.6,18770,23027,20136,23413.6,23090.3,20597.3,17190.7,20306.3,19802.5,19176.8,18491,20556,19446.7,21556.2,20022.2,23463.2,20641.7,19751.1,21637.4,20499.5,20808.3,21157,21073.9,21311.7,17959.7,17254.2,22152.4,18118,18834.9,22763.1,23280.6,22129.2,23167.1,18284.2,19208.7,18765.9,21867.9,21006.2,21846.4,20498.7,21809.8,21957,19931.2,20441.2,21004.4,19539.6,23532.1,22491.4,21362.3,23071.9,22611.1,20038.1,20105.7,19493.8,23606.3,19995.7,21925.3,17601.1,20572.6,17636.4,20741,17680,22271.8,16959.2,18611,22322.8,19665.7,21846.3,20210.7,22535.1,19882.9,17922.1,20246,22187,24087.1,18691.2,19101.7,22508.5,24365,19693.5,22846.4,22584.9,19585.6,23802.3,23606.6,20672.3,23890.3,24347.4,23514.3,23327.9,22741.1,22874.3,20026.9,24456.2,20864.6,23606.5,23792.3,19498.6,23305.2,19460.7,23445.8,19317.7,25169.1,20730.8,25950.5,24146.9,23382,22302.3,20760,24077.6,25994.4,22275.9,24831.3,23466.7,24151.1,24710.1,21110.6,19110.2,23811.7,19937,22906.2,19466.1,21175.2,20433,23142.8,23342.2,23242,19307.1,20140.1,24228.1,22620.9,21690.3,24334.2,25234.9,22160.3,21669.1,23918.2,24336.5,25398.6,20515.5,20234.2,23644.6,22584.8,24089.1,23919.9,29742.9,36033.2
33465.4,33328.2,29699.7,26007.6,20942.8,19675.2,21692.5,21215.5,18850,24528.2,21092,20219.8,21601.4,18709.7,18781.9,21070.9,22569.5,20181.1,24143.2,21350.1,23499.1,22268.1,20694.4,21758,24059.6,20786.6,19676.6,20324.7,23288.2,18256.5,23470.7,23849.7,18474.9,23852,21027.3,21196.7,21642.1,19372.9,22929.7,20476.2,22996.8,17550.7,18037,22103.3,19373.5,19058.8,19462.4,19510.7,21735.9,22128,21079.8,20987.1,20479.8,19886.7,20686.7,21225.8,17509.5,21602.6,21542.7,20765.7,18687.4,19993.7,19400.6,19113.6,18623.4,17544.8,16309.7,17050.2,20396.2,18102.5,17005.1,22163.3,17422.5,21300.9,22552.5,19492.6,22387.5,23137.4,21519.6,19318.1,17231.9,18670.8,18773.3,17456.7,22220.3,19148.6,20241.9,17372.2,21757.5,21924.5,18983.3,21613,17240.5,20466.2,20564,17329.5,21672.5,18518.2,20982.2,18256.8,18008.9,18670.8,18428.2,22518.2,21441,19204.2,21064.5,21456.7,19641,19114.3,22799.4,21895,21967,16278.5,20598,17254.5,16849.6,17254.6,20308.9,19437.4,23002.5,22906.1,21182.1,17316.8,18862.1,19280.4,17127.2,19741.3,22472.4,20138.2,18783.6,17512.1,22359.7,20323.8,19676.3,20247.1,21088.6,21415.5,17602.1,20893.3,18258.2,22139.4,21219.2,19377.2,20952.1,21633.8,22824.8,18182.9,16729.1,16337.6,22844.3,21629.3,21600,19957.7,16657.3,16446.4,16947.3,17588.8,22191.9,23201.6,19437.3,19969.6,17928.6,20078.8,18531,20961.8,20367.9,21640.6,17685.1,18371.2,22045.7,19450.8,21548.1,18840,23728.8,22653.4,17798.4,23332.8,21556.2,21268.1,21923.8,20839.2,20004,18394.1,24013.6,19280.1,20788,19192.1,23199.2,21454,19733.1,23636.4,19580.4,19278.2,18767.1,21874.5,24151.8,23210.8,23187.7,22031,21134.5,23350.8,22055.7,21139.6,17287.8,22456,18707,20826,19655.9,18070.4,22781.2,18255.5,22368.9,18370.7,21127.1,20017.4,18494.5,22879.2,21198.4,20833.2,19650.6,18152.6,17335.3,20019.4,20391.3,21293.5,20875.1,21330.6,21918.8,19455.8,22384.7,18836.5,22118.4,22753.8,19672,21884.8,23233.3,23014.5,21940.9,23201.6,19901,18128.5,17999.2,21222.3,20005.5,19806,20146,20893.2,22621.6,23434,22694.9,23139.1,21357.8,20139.4,21192,21961.3,21380.2,17658.6,21130.3,22695.4,18448.7,21208,21997.5,21471.4,17814.5,23291.4,20731.6,23818.2,19046.6,23340.5,22814.2,23730.3,23142.7,23935.6,22529.1,17807.8,18689.7,22984.4,19038.7,20040.4,18157.2,4759.37,18695.6,20937.1,21784.5,20701.6,23352,23196.8,20731.7,23432.8,19939.7,18332.2,21208.8,21733.8,20085.9,19993.7,21270.8,20214.7,21892.5,18822.8,16961.8,19771.9,23576.7,19682.9,23677.2,17464.7,19431.3,20775.7,23665.5,22767.9,21985.8,18701.3,20831.2,18864.3,22746.8,23668.2,21744.5,22716.1,22239.6,19208.9,19311.9,18912.1,22793.5,22503.6,20448.5,24794.6,22556.9,18610.1,22167.2,20737.1,22411.3,25187.7,24080.4,21288.3,24163.8,19557.7,25160.6,23590.1,24598.2,23256.3,22161.5,23388,26032.4,21972.4,20304.2,19721.7,23033.4,24350.9,21590.4,23762.7,19275.4,25472.5,20786.8,21644,19831.6,23837.6,23117,25139.7,22130,21604.5,21856.7,22663.3,21313,22830.2,21782.2,21862.1,22036.3,23656.2,22776.7,20857.7,22678.5,25006,21524.1,20670.6,26047.7,25438.1,22476.6,25831.9,23665,26924.8,24803,30115.4,31314.7,31728.7
32867.3,29474.5,29372.9,23428.1,25813.1,22538.5,24097.8,23633.4,21679.8,20194.3,23375.9,21739.7,24674.9,23745,22435.4,24832,23311.1,22339.4,21155.4,21893.4,20451.6,20700.6,21169.5,20896.5,18937.4,19663,22449.4,19115.1,20307.1,21971.4,24375.5,20486,21962.2,22275.9,18852,22578.4,22468.7,18080.5,19748.6,20888.3,23518.8,17290.7,20315.4,17031.2,21576.4,17413.7,20376.2,20937.7,18923,22318.2,20612.7,19664.6,20937.4,18442.1,17986.5,21871.8,18658.6,17217.6,22116.4,19288.3,21470.7,20954.2,18787,21847.6,18545.4,22256.2,19031.5,16926.5,17828.8,20897.2,18322.2,18102.8,18610.6,19288.8,16776.2,22354.6,21310.6,17628,21145.1,20500.3,19583,21416.8,20848,17491.8,21642.4,17806.8,18268.8,22032.4,17350.2,19696.3,17161.4,19135.7,21292.2,18925.9,20391.7,17957,22474.4,22195.9,22241.2,19149.2,18871.3,22153.6,19363.7,17157.6,17783.3,22503.8,22591.7,22643.7,20938.4,17236.4,22563.2,17621.4,18096.2,19288.2,20852.7,19443.3,22225.9,18524.7,18313.4,22802.2,16762.6,20014.1,20991.3,20022.1,22993.1,18691.2,21886.8,20079.3,21692.3,23980,18886.3,21231.8,21766.6,20067.8,23014.6,19063.8,20140.7,21033.5,21048.1,18239.8,17440,21873.6,20115.1,19634,20371,17473.5,16537.4,18174.2,20975.7,20024.9,19328.7,19229.4,19763.4,19469.8,19056.5,18303.7,21410.1,22239.4,20877.9,19844.6,21057.2,21897,18567.6,17105.9,19042.3,19121.2,20901.7,18306.8,19197.7,23921.8,24073.9,24208.5,18969.4,20139.7,23890.5,21926.7,24061.5,24691,18576.5,24869.7,22261.7,22669.1,24903.1,22854.1,24122.1,24658.7,21302.5,23458.6,24447.1,19540.9,18502.9,23636.2,23989.8,22867.6,22694.8,22090.6,18145.8,20674.3,21970.6,18463.9,19685.6,18069.2,19224.1,23745.1,22880.9,18299.3,22942.8,19352.4,20489.4,19163.5,20571.9,20058,18150.8,23286.5,22881.2,22766.5,23053.3,21415.4,17470.8,23485.6,19428.5,22450.2,17408.5,18994,22292.9,22956.8,17540.8,18483.5,23251.7,21322.1,18231.3,22524.6,18473.1,23572.3,21178,21048.4,23346.4,17466.1,18185.7,22273,20605.6,22005.8,18632.2,18636,17252.7,21377.8,21654.4,18378.3,22633.6,22126,18262.4,23893.4,18704.7,18863.1,19303.9,19477.3,23075.7,17700,19236.6,19607.7,17078.5,18679.1,21655.1,19987.9,20111.2,21537.4,22280.1,22545.8,19035.8,23652.3,19401.8,19799.9,20575.7,21326.8,23874.5,21403.5,22840.7,21572.6,22736.8,18474.1,19392.8,23333.2,18589.6,18224.3,19645.4,23228,17877.4,17532.9,20304.2,22533.1,21033,19713.4,22228.1,20234,20513.2,21491.5,19265.7,21092.6,19654.2,18112.8,17805.6,17305.7,18515.1,21815.6,17347.5,17404.4,22358.4,18073.2,22892.6,22680.2,18828.8,19456.3,19152.4,19916.2,22691.5,20893.1,20456.6,22442.2,20858.9,24544,22962.6,22653,24065.5,23210.9,20197.7,24505.7,24650.1,18549.4,19701,19044.5,22910.6,23198.4,23555,21704.2,22813,20351.7,24700,23658.7,25368.2,25573.2,24384.1,24906.1,24712.6,23244.6,20870.3,24907,22458.1,24670.7,20696,20112.1,23105,21587.7,21688.2,22028,18903.8,21909,23483.5,22830.8,19327.4,25256.1,22033.1,22877.9,20268.7,21254.4,22812.3,24368.1,22272.5,23214.6,19902,20849.4,20866.8,22411.3,20766.2,24284.2,20711.7,25531.6,20312.5,24803.7,24473,25564.7,25660.8,25973.2,28647,33258.1
35336.7,31863.9,29607.7,28191,21149.1,25045.5,21763.1,20120.1,22081.4,24376.5,19031.9,20127.5,23809.4,22290.1,20517.9,24224.9,23945.2,23616.9,20032.6,23165.5,20059,21880.8,23255.5,21222.6,23736.8,21916.4,23844.5,19881.2,20445.8,19668.3,21358.1,23812,18731.2,23960.8,19245,20094.9,20926.6,23205.5,22510.1,18377.3,22842.1,18717.1,21652.1,19391.7,21461.6,20070.9,21206.1,18922.1,19297.5,19732.4,20740.1,19980.8,21362.5,18344.2,21907.4,18430.4,21095.5,20766.6,18480.5,20871.9,18680,18857.2,18418.2,21357.1,20366.1,19486.8,20416.7,18226.8,16764.2,17971.3,16533.6,22437.3,19263.2,21247.8,17268.2,18513,18487.6,20071.2,22130.1,18927.5,20315.6,19361.1,18846.4,23217.1,19020.8,17865.7,21729.1,16823.8,23003.5,22224.2,20582.8,19802.6,16975.3,20747.8,23205.5,20918.6,22210.8,22266.2,20105,22426.8,17522.5,19878.5,19222.3,18663.8,22970.7,21089.2,17434,20613.9,22357.9,17092.9,16417.9,17363.4,20564.8,21636.4,16772.1,22479.8,17153.1,20389.6,20691.1,17244.2,19350.3,18153.2,17825.5,20203,19459.4,20382.8,22554.3,18445.4,17728.2,17716.1,22931.5,21194.2,22376.3,19765.5,22312.9,23414.9,18055.6,21333.5,18909.4,21811.3,19363.5,21702.7,20109.6,17214.7,16402.9,18308,20201.4,22231.1,17647.1,16690.5,22607.7,22335.7,16952.6,21563.5,18130.9,21505.3,22379,22221.8,21582.2,22847.4,20108.2,19518.9,19229.7,19962.1,20283.6,20025.8,19681.6,21548,20238.5,18435.8,21375.8,23364.3,22362.8,18999.6,22291.5,24018.8,23688.6,21001.8,19625.8,24581.7,22729.1,22513,19977.2,24564.7,20774.6,18231.9,21032.1,18699.5,22417.3,23765.4,23799.3,19342.2,18532.1,20189.3,24224.9,19104.1,18069.2,18985.4,17925.4,19237.2,23762.8,18643.6,17461.5,18753.7,21482.3,19774.1,19355.2,17087.7,19601.2,20578.7,18057.8,23218,21800,17875.8,19997.4,20843.9,22672.3,22376,21470,19503.8,19944.5,21756.6,21296.8,19761.8,22598.6,21842.1,20708.7,23403.3,22496.6,18156.9,23017,23268.8,20887.4,18656.7,18883.2,21234.9,17506.2,19804.7,18721,18379.9,19566.2,20203.3,23578.9,20483.2,19047.7,22240.7,19721.4,23647.4,20679.9,22739.6,18832.4,21494.4,21609.2,21006.4,18551.1,21750.8,17291.2,17473,21625.1,19376.6,5063.57,22910.5,21308.4,20663.6,19670.9,20052,21923.2,22911.6,23620.8,21717.2,23929.1,23249.3,22587.2,19692.9,19549.9,18589.3,23353.9,19499.1,19216.8,22421,17919.5,22164.6,22645.8,23086.9,19087.5,17772.4,21431.2,19502.4,19824.2,21771,19122,17188.2,23447,18551.4,19687.6,20679.3,19475,18584.3,19979.2,18620.9,17441.6,21411.4,21122.3,21227.5,17634.4,22167,20920.4,22079.1,19270.2,20346.3,19001.5,24053.7,17841.8,22565.2,18510.6,21441.6,20588.1,23318.2,23327.7,19932.4,21403.6,24371.7,19752.7,18800.8,22728.7,19959.7,19252.3,23397.7,24926.5,24938.4,23707.9,23258.4,19427,23209.7,20949.4,21498.7,21513.4,21736.7,20701.9,23721.3,23285.6,21984.3,25641.5,25113.3,24468.1,22923.1,26040.3,22180.8,19265.5,20723.6,24331.5,24900.2,23080.9,22999.4,24362.7,20788.1,23225.3,20989.6,22416.8,23814.2,24948.5,22439.4,19906.5,21356.2,23355.4,22575.2,20507.4,21903.1,23063.9,24184.9,21008,20547.8,24148.3,21081.7,24932.3,22503.7,21080.7,19551.9,24033.7,23966.2,22911.8,29161.3,32871.7,31479.2
37823.5,26950.5,26519.7,23327.7,23442,19939.7,20258.5,20977.6,21950.3,22069,20079.4,21507.2,20037.7,23764.5,6087.99,21653.5,23366.9,21664,19031.1,21187.4,19195.9,22809.1,19433,21347.8,18953.1,22432,18266.9,19795.7,19374.4,18813.2,18651.1,22983.3,21835.2,18978.5,23273.8,23343.7,23782.4,18675.3,22161.6,21080.6,21061.7,19093.3,18369.9,22114.5,19865.3,20090.9,21014.8,21536.8,20579.3,20352.6,18891.7,17571.9,19741.4,21851.8,18685.7,17854.6,18605.5,19789.1,18489.5,16683.9,16445.7,22671.2,22434,19126.2,20295.8,20539,20370.8,20560,18627,17429.1,19728.4,21396.7,22867.1,18062.2,18069,18831,21068.6,20845.2,22897.7,19641.9,22533.4,20539.7,17704.7,19533.8,23388.5,17978.5,18652.8,16729.8,17739.1,20600.5,20816.4,20139,20606.9,16805.8,18789.8,22397,19488.3,21254.9,21485.7,21246.1,22799.9,17011.9,19135.6,18466.2,18395.8,21965,20979,22053.7,17751.5,21749.1,17145.7,21462.8,19540.8,20170.1,17568,19301.7,17802.2,17209.6,18351.2,20471.2,17344.2,17968.9,23054,21464.1,21583,18476.4,17566.6,18123.8,19378.5,21903,18919.4,22509.1,22919.4,23918.9,20378,20504.4,18703.2,16542.8,17885.7,20606.8,19108.1,17382.4,16392.1,18059.5,19584.4,21350.8,21088.8,22232.1,18575.2,21607.2,20149.6,19141.9,21594.4,18170.1,18811.6,18484.4,18321.7,23293.1,18443.1,20542.2,21233.6,19266.8,17690.4,23417.9,19593,17380,23186,20999,20192.2,18276.7,17867.6,23827.6,23690.3,18658.4,20756.7,19041,22446.4,21575.6,22413.2,18483.8,21070.3,20008.6,18997.4,22070.2,20854.3,18709.1,24301.1,21257.9,24168.4,19133.6,23557.3,18617.5,18052,18521,19474.5,17805.3,23170.7,19374.6,23901.5,23822.3,19830.1,22399.4,22180.4,19185.7,19865,21415.8,20790.1,17930.7,22115.5,20164.2,21980.2,23709.7,22320.4,23673.4,21330.8,22686.2,19939,22475.6,20940.9,18149.7,21075.1,20058.3,21640.9,23712.9,20732.6,19582.9,18781.3,17845.5,23266.5,18309.9,21859,18320.9,19776.1,17749.6,22058.8,21918.6,18450.8,21023.5,18627.4,20416.9,21769.3,18736.9,23780.5,17676.2,19442.8,21899.7,18265.2,19990.7,19162,19987.9,19535.3,18066.7,22754.2,23475.3,22306,23520.5,20272.9,19260.5,19975.4,17967,20107.3,23718.5,20070.8,18475.7,17329.8,18521.6,18736.6,19772.8,20583.6,17930,20507.8,21409,23345.9,17732.5,23112.6,22402.3,22217.5,18340.1,20172.3,20855.1,23585.5,18489.9,19135.6,20623.9,23175,17328.2,22843.8,22679.9,18029.7,19258.5,18589.5,22738.2,21755.6,18530.2,20322.1,20517,22390.4,18385.1,21506.7,21394.8,19720.5,23184.4,21673.3,22925.8,18911.5,22655.9,23422.8,22028.1,20188.4,22423.3,17530.9,19290.8,18917.3,24237.6,23098.5,19506.5,17879,19313.8,19683,23219,20650.6,22678.3,19377.4,23006,18583.3,18799.5,24735.2,19963.9,20734.5,24003.7,20722.5,18870.3,24628.9,22758.2,19231.8,25222.4,24403.1,20136.9,20519.9,22831,22496.5,25675.1,21751.3,21059.7,24592.6,25542.8,21392.1,19442.7,20647,21075.6,21443.5,20034.2,24358,21375.2,21792.4,20142.2,19429.8,20304.1,19017.1,21784.7,23064.2,19842.3,20052.8,25126.1,23270.6,22138.7,21406.3,20636.3,19288.9,24144.9,20924,22465.8,22310.5,25775.7,22432,23419.6,25666.1,21390.6,24211.3,21678.8,22601.1,25346.6,31854.6,32847
36158.9,27408.6,25144.1,26859.2,23297.9,24017.5,22942.6,18950.6,19193.9,18847.7,22795,20241.7,23411.6,23633.3,19662.8,23729.1,21969.5,19881.2,23629,19513.5,22655.6,19877,23545.9,22727.6,23063.7,19452.7,18195.4,22846.5,20016.1,19364.4,19291.9,22950.9,19805.8,23484.8,22453.8,21618.7,22123,22691.6,19082.6,20700.1,21433.7,22143.4,18130,23115.8,21975.1,22043.5,22617.5,22959.8,17637.2,21566.1,19380.6,17804.4,20527.9,18505.4,20499.7,21396.3,20732.6,20265.5,17927.7,18642.8,17607.2,16830.9,22363,18855.8,18278.6,22418.9,17765.9,19538,16861.1,20189.6,20984.8,22039,19873.2,19553.1,21276.1,17331.8,19876.4,19385.9,21820.3,18601.6,18580.4,18170.2,18294,19011.3,19476.3,20981.1,19883.2,22449.8,18412.2,19980.1,21666.8,21652.7,17551.6,22320.7,16867.4,20145.6,21874.9,18050.1,19885.1,23042,17201.1,17151.1,17779.7,18771.6,22365.7,20965.3,18349.6,16570.8,18832.9,17225.6,20928.4,21778.4,17175,16675.7,18084.2,16775.9,22721.3,20971.1,19722,20360.8,18192.8,23012.3,17113,22650.4,23927.4,21949,23655.9,22060.3,23116.7,21319.1,18091.2,21191.2,22145.7,24360.4,21651.8,17593.8,19175.7,18190.3,19472,19274.3,21221.1,21732.4,22402.7,18181.6,20394.3,16824,19646.4,18388.8,19231.1,22929.5,22890.1,19328.5,21774.7,21170.3,20304.4,17891.8,19552.2,21539.4,19212.6,23324.6,21936,23050.8,21271.2,20225.4,22186.1,18416.2,21310.7,20880.7,20985.3,22371.5,22122.4,20684.7,23058.4,22648.1,21561.3,23722.1,18791.5,19234.4,22926.8,23247.6,20461.5,19434.3,19547.1,19136.2,22478.2,24109.8,22215.9,20345.1,20154.6,19228.2,19563.3,23941.9,19005.3,24124.3,22178.5,22273.9,22388.7,21482.7,22896.9,22966.3,18909.6,17956.1,19220.9,18228.4,23469.5,19006.9,17971.7,23131.1,21436.9,19609.4,17229.4,17586.6,23441.6,23461.9,17832,21822.4,23124.6,20930.3,21490.7,18213.1,20574.7,18232.7,18708.8,21748.1,19550.4,19238.8,22638.3,19991.9,20931.7,21569.5,19184,19960.1,22224.5,20814.2,22740.9,22110.3,19714.9,18425.3,21646.9,22860.7,17941,23365.1,21269.6,21262.7,23191.5,20515.7,22887.9,20439.9,24057.2,18369.3,18736.2,22997.4,23181.9,21711.7,18615.9,21135.8,21352.7,17628,23024.1,23069.5,21760.1,22630.9,17859.3,22541.5,22599.5,23884.3,22186.6,19577.6,20725.8,19398.8,23298.7,21875.6,23404.6,23945.4,23316.6,17561.3,22527.6,22131.9,23776.5,23639.9,20349.4,23816.3,18136,18831.2,20276.2,21910.9,18982.5,19693.2,20716.9,17101.4,19737.9,23491.7,17328.7,17128.1,23001.5,17740,17494.9,18115.4,17818.3,19982.8,18910.8,18647.7,21277.7,22868.2,18180.7,22425.9,20316,19451.4,18791.1,20919.1,20188.3,17493.6,23576.6,24300.9,21870.3,22844.3,18801.3,23779.6,21735.9,21534,22179.9,23720.1,22191.7,23418.7,21908.4,22894.5,21725.7,21961.8,22521.2,24389.7,19296.9,22713.4,24184.9,22061.2,20567.3,19250.1,23769.7,22508.6,19814.3,24993,25212.5,26267.8,20725.5,24464.6,22218.2,24342.8,22441.2,21925,25403.2,21290.3,23771,21281.8,21918.8,23239.6,21752.7,25392,21449.1,20130.7,22308.1,24903.8,21524,19704.5,24632.7,20766.8,19505.8,21095,24968.7,21099,23402.8,20573.6,23573.3,22525,23808.3,22127.3,21698.8,26015.2,20558.8,18541.3,21882.1,25158.1,21673,30289.5,33103.2,33715.8
37900.8,27375.1,28616.9,22746.4,22490.6,20831.8,19599.1,21878.4,22523,19230.4,24062,23267.4,19939.6,22172.6,21311.6,21116.1,18935.5,22200,19660.6,18953.5,22678.8,24151,23766.6,18426.3,18853.7,21326.8,23102.8,22717.6,19490.7,20717.1,18516.6,17978.3,22463,18528.9,21071.5,23780,23627.9,21790.8,21285.4,23269.9,19418.5,18148,21525.5,23162.5,17129.5,21755.1,17112.3,17807.7,18823.7,22048.7,22410.6,22578.7,19711.9,22268.7,19451.9,19550.9,18280.2,19104.8,19919,18233.9,20841.1,19249.3,16796,21434,19734.2,22691.7,17647,17844.3,18103.2,21842.5,19869,17025.4,17871.9,20602.5,18675,21734.6,20519.6,23052.4,18689.2,19700.5,20382.6,22954.5,18351.9,20375,17172,21259.6,17185.5,20617,17803.3,17122.5,22528.9,23197.7,21622.5,22110.3,17862.6,19645.8,22503.3,22957.8,22524.1,17311.4,20754.5,21181.6,19320,19748.7,22330.3,18849.6,21857.2,22101,20861.6,18878.8,16364.7,20599.8,21536.9,16599,21189.6,19390.5,23307.1,20096.9,21527.7,20458.4,20670.2,21042.2,20939.2,21054.8,19565.2,17358.9,23902.4,24060.2,21569.1,17739.1,19871.5,18515.3,21683.6,22867.5,22920.6,20258.8,22072,21633.3,20204.3,20539.9,21351.9,21736.8,18475.8,18074.8,20387.2,18697.9,19965.3,18685.7,21858.1,20337.3,21200.5,23027.7,21031.4,22283.9,16959.3,22086.9,23385.2,17172.7,17784.1,17737.1,17906.7,18970.4,21180.4,23123.8,18848.8,20294,23507.8,21921.4,20545.7,20538.3,22245.5,21278.8,23174.6,23799.6,24697.6,21489.9,21536.7,20695.3,21777.8,22435.8,24907.1,24274.2,22676.5,20059.5,24736.9,23762.1,23316.9,23881.9,19195.4,20756.5,21187.5,23180.6,21489.4,20148.2,22780.3,23002.9,20259.9,18027,20276.5,20705.8,21154.1,18470.4,17269.2,22317.8,21529.6,18251,20165.1,20283.4,21409,19774,19760,21934.7,21620.1,23227.9,19411,22293.1,23097.4,20699.2,18201.6,18880.4,19690.6,23386,21601.7,19734.2,20749.3,21621.9,20077.6,23055.5,19498.5,18322.5,20107.8,17772.8,17636.4,21705.8,23457.1,17784.7,23174.7,21463.4,21602.6,24049.1,18140.8,21445.2,24300.6,19832.1,21895.7,19146,20117.3,21489.7,20857,20079.6,18893.4,22198.1,20827.9,22527.1,19897.7,20607.1,21423.4,18224.6,21507.1,22103.6,19453.1,19818.9,22347.5,18775.1,19117.6,18202.2,17556.3,18105.2,22721.9,22161.7,18553.6,21377.6,17506.3,22790.4,23040.9,17931.5,21307.2,21249.7,21261.3,23497.3,23931.7,18773.2,19747.9,20937.2,19123.9,20858.3,17108.8,19854.7,18136.5,19360.4,21722.9,17367.6,19633.9,18815.3,19223.8,21956.7,23340,19074.7,19956.4,20460,22893.1,17609.7,23009.3,17954.6,19523,22811.8,19044.2,21179.2,22502.5,22578.1,22966.4,21274.9,22692.7,22152.4,22972.1,24417.1,21577.3,20566,19613.4,21246.8,22795.7,19947.9,22617.6,20787.9,19307,21966.6,22825.9,19137.8,23971.8,22860.8,20086.7,19725.4,21701.8,24453.9,20980.6,25086.6,19623.8,24487,23091.2,20859.4,20016.7,19816.3,25419,24385.2,26166.2,20608.4,23909.9,20061.5,20537.9,23339.9,19334.9,23790,23317.9,24379.1,23137.4,23343.5,23703.7,23438.1,19097.8,25392.5,19862.6,23656.6,23039.5,22035.6,19392.6,19648.7,25220.5,22245.5,21473.6,26042.4,25010.7,24929.1,20877.5,22951.2,20870.9,20088.6,22781.6,20883.8,23163.9,20440.4,24101.3,30208.2,29791,35745
34547,29536.3,26008.8,23638.8,24707.6,24788.3,24741.2,21355.8,23137.8,18644.6,22517.6,21432.7,22128.5,23773.2,20398.7,22416.4,18736.4,22440.7,19870.1,23000.3,20205.8,18660.8,18472.3,21780.2,20131.4,20874.4,22318.4,22641,22156.1,18656,22495.9,19594.9,20473.2,20128.1,23903.5,24181.8,18622.3,21773,18409.4,23350.6,19290.3,18432.1,20124,18887.5,21404.9,18964.2,17154,18993.5,18149,19191,17384.5,22576,22002.5,22889.1,22889.7,21931,19444.2,19660,17297.1,17818.3,21538.2,17017.5,19176.8,20922,18862.7,21322.5,18053.3,18113.4,17481.9,19169.6,20156.1,17642.1,19647,17180.2,22946.4,16758.4,19235.6,17139.6,22048.8,17831,16997,21264.1,21169.6,17286.9,18453.9,17722.6,20524,21957.3,22344.1,20267.2,22958.5,20521.9,22170.6,21127,17842.9,23261.9,22675.1,17626.6,18198.3,19024,22663.4,23104.7,18230.1,21982.3,21582.1,19477.6,22284,17881.7,19119.3,21193.2,17622.3,22035.2,17791.4,22412.6,19540,19179.4,20665.2,21501.2,20622.3,21715.8,17070.7,20933.8,20631.7,21855.5,21346.9,22924.7,23836.6,21257.7,23830.8,20616.8,20532.8,20272.9,18575.7,21338.8,22144.3,20564.1,17275.9,17671.5,20417,22405.8,22227.5,17065.8,19213.6,20113.7,21974.5,18333.2,18416.2,18096.6,17009.6,21204.3,21292.6,17108.9,22429.6,20853.3,19631.9,19399.3,18299.3,21208.7,19263.4,17564.9,21787.7,22236.9,23400.7,18569.4,22696,19527,18023,19935.5,19802.7,17823.7,19012.5,19452,22728.6,23064.3,19982.2,21332.4,21406.3,20758.7,23232,24554.5,21346.9,22823.9,19931.9,22240.9,23193.9,23377.3,20363.2,23710.6,18233.5,19504.4,20940.4,22527,19643.2,23584.6,22606.3,23118,20261.7,23821.5,21121.3,21779.2,17597.3,21559.7,23564.8,23592.3,18484.8,18405.7,18131.5,20434,19920,18745.5,23543,17960.2,17413.7,23657.3,21001.7,20707.7,19734.3,22620.6,20437.4,20060.4,22184.5,21907.3,20841.8,21194.2,17574.9,19169.9,18297.6,22794.8,17102.2,19051.1,21689.1,17354.7,17090.3,20946,21431.9,20214.4,18985.9,22615,20523.8,23096.4,21648.2,20817.8,21449.2,20388,20738.7,22860.6,23234.2,19245.9,21404.6,20402.5,23392.3,23358.5,19235.1,23809.7,23061.9,23743.6,23698.2,21671.7,20727.8,19853.6,20962.1,21747.4,18472.3,22621.4,20703.3,23003.1,19598.2,22358.2,18635.3,21948.9,18353.4,23784.4,18508.2,18145.9,22593.8,21909.1,22777.9,20149,23133.5,17505.8,17589,20709.3,20435.8,17253.9,21388.6,19126.8,23042.2,20833.5,23419.8,22580,22295.4,20090.8,21624.1,20465.1,17787.3,20270.8,17610.2,18425.3,22274.8,20767.9,22732.2,19255,17357.1,23482,20765.2,21476,23420.1,19045.3,18534.3,23195.2,21873.1,21263.1,17523,19325.4,18962.6,20946.3,23914.4,24108.9,23378.7,21555.9,22964.8,21568.6,18449.3,18330.6,23715.8,19750.4,21907.1,21923.3,23617.6,24708.8,18962.8,22602.4,22762.4,21478.7,20211.1,19815.5,22941.1,21021.5,23697.1,20673.9,20712.3,20948.6,21921,26099.8,23829.8,22492.3,26016.6,23084,24891.8,19775.8,19348.1,24889.4,20211.6,22208.1,20236.5,22307.8,25311.9,22614.6,20076.8,19750.1,21534.7,22486.7,25187.6,21170.3,25310,25312.2,21496.5,22124.1,19696.5,26011.9,25947.7,25743.6,19925.9,21039.9,25952.7,22785.4,19707,19576.2,24371,25938.4,22711.5,26192.3,31739.7,35968.5
35107.1,27892.8,26575.7,24660.3,20933.9,22239.9,22043.7,20742.7,24662.5,19802.3,18817.3,24607.3,19544.5,24037.2,19202.3,23256.9,19611.9,21271.9,20620.7,24452.6,22431.6,21352.4,19653.2,23162.2,23066.2,18985.1,24086,23361.8,21073.4,20265.9,18098,23547.3,21314.2,18116.3,22957.8,21013.1,23962.8,18728.4,19239.4,18650.8,21050.8,23254.5,18848.7,18099.7,22841.5,19869.5,23125.4,23261.7,22918.3,18895.5,17950.1,22673.7,19311.8,18990.7,21986.9,17725.9,22854.7,21612.2,19278.7,17831.8,17939.3,16803.6,17744.3,22792.7,21538.9,20776.8,20715.1,19987.3,18965.5,20581.2,20458.1,20414.9,17519.2,16561.3,19772.3,18143.5,17542,19882.8,22234.9,20348.8,19036.8,22037.1,16961.2,18398.7,21868.8,18107.2,19133.7,20566.5,19902.9,16861.9,17627,21113.7,17963.4,20730.4,20033.1,18625.8,17253.1,22048.5,18703.6,19799.4,21874.2,17427.2,22225.7,18058.7,18568.9,22942.7,18158.4,18631,19477.2,20333,20665.7,22166.3,16588,22918.3,22624.2,19164.6,19174.6,22367.6,20857.4,18229.9,19021.6,21704.9,19944.8,18841.6,22596.2,23156.8,19306.2,22074.2,23049.2,20156,19387.9,21228.8,22312.1,23761.8,22764.1,20817.5,17076.7,21148.9,22714.8,21170.7,17168.9,20533.1,16767.8,22657.5,20068.1,21652.8,20154,17698,22310.2,19200.8,18624.8,22348.7,18329.8,22432.9,15148.3,21279.7,21894.1,18973.2,23366.1,20678.2,22756.5,18689.6,23621.6,18695,18090.7,19252.6,22650,20257.1,19286.2,23954.2,24093.5,19129.1,19160.3,18585.2,19403,23823,23915.6,24097.2,18679.9,23526.2,21335.2,19962.9,21913.2,19893.6,22800,23746.2,21822,21688.2,23913.6,24253.2,24570.7,22751.2,23121.8,21494.2,23887.2,23670,19084.7,20994.2,23926.8,20390.5,20527.1,22041.6,23065,22508.1,20355.1,20068.2,19566.3,19675.3,17257.6,18344.4,19749.8,21526.7,19765.3,22837.7,20063.8,22594.9,19695.8,21424.9,21088.4,18063.1,21677.5,17153.4,19418.4,22759.8,23287.9,17929.5,22287.3,21851.8,22974.4,21740,21957.3,18790,23258.2,18769,23473.1,21650.9,21808.2,19106.8,19739,17759.8,22461,17975.2,20516.6,23105.7,20677.2,22954,22492.6,20778.6,18545,18848.1,23438.9,18975.5,18277.1,22878.9,22885.4,18769,22752.9,20476.9,20365.3,18592.4,18917,22601.4,20660.3,22376,22319.6,21762,21645.5,17598.3,17961.8,24207.5,19446.8,19419.8,23035.2,20668.4,21686.9,22719.3,21846.7,22008.8,20935.8,23285.5,20934.1,21055.9,17869.7,19371.7,18747.5,21843.5,23589.4,17366.1,22766.7,17975.4,22772,19260.7,22333.9,17365.5,22511.1,21335.3,20055.5,17467.5,18239.9,22371.3,22217.5,23017.7,18317.6,21354.6,17892.1,17729.7,21568.7,22301.4,22635.4,19778.4,19190.9,17929.3,20047.5,18990,21053.8,21345.8,21288.7,24451,22685,22099.3,22832.4,24252,23991.2,20455,23677,23397.8,20703,23341.2,22319.2,25074.1,21456.4,20461.7,21527.4,25246.6,22346.4,21140.8,24461.1,20308.5,21624.9,25006.3,22635.1,19711,23214.2,23367.2,21477.2,20681.1,21448.1,19946.8,25287.2,22099.3,22908.1,24247.9,20309.1,20818.5,20632.7,23206.6,21981.2,22403.4,20869.3,22375.5,20567.8,18950.5,21291.3,19589.4,20521.6,24103.2,23886.4,21367.8,26108.3,20531.8,22051.2,22651.3,26250.3,20572.3,21814.9,23731.7,21161.4,22624.1,20027,25850,24899.8,23989.9,32572.5,35392.4
34001.2,32507.4,28832.4,22656.4,22965.2,26347.9,26215,24041.6,19094.1,23814.9,20951.4,23099.6,21666.8,22759.3,22830.7,23924.7,23818.6,20911,24599.4,18422.8,19741.3,18124.4,18962.2,18399,20914.6,18590.1,20729.6,22306.1,22581.9,20559.1,18047.8,17984,20678.5,21819.3,19666.7,19791.7,23133.3,20484.8,18680.1,19076.5,20514,22987.6,21030.3,19432.9,21423.2,22563.1,20879.3,20821.8,18410.9,22845.8,21623.2,18259.6,21115.5,21794.2,16933.3,17920,18433.7,22213.4,17530.7,18558.2,22623.3,21012.6,21161.4,18637.8,19291.4,20084.3,17876.6,20773.2,21609.6,21442.5,18186.5,23026.6,20783.4,19464.5,22307.2,21088.5,17916.4,20387.5,23158.3,16786.8,19244,18889.3,19403.8,22527,18945,18984.6,17954.4,22510,20827.1,18872,17047.2,22280.6,17897.9,20746.7,21496.7,21279.7,22425,20395.1,23391,17181.2,22404.5,20233.4,21666.4,22617.2,18722.3,20866.6,21425,20778.5,21302,21166.8,17949.8,21094.4,16845.4,19602.1,20572.2,18751.9,20289.5,20416.9,21658.9,17036.9,19646.7,21822.7,23597.3,21096.8,22144.7,22558.8,17759.4,23577.8,18565.9,20717,22035.7,18531.8,20637.6,22808.5,20877.6,21451.9,20207.2,16568,20697.4,18937.2,18660.8,20563.8,21660.4,16481.1,16765.4,22273.1,22092.5,20626.5,17566.8,21895.1,21988.3,18775,20729.1,21323.7,19521,17482.7,19621.7,18161,19715.7,17654.6,22214.9,20205.9,18075.1,21902.3,22283.4,20617.6,23239,19473,23270.2,18414.6,21315.8,20276.5,24412.3,22280.1,22806.1,20364.6,20787.9,20522,19096.7,19109.5,23691.4,21261.6,20516.1,24226.8,19804.2,24462.6,24627.4,20481.8,21159.1,21027.2,23280.8,22201.9,19092.6,22548.9,20626.6,19359.6,22184.4,18438.5,19066,18034.3,21028,19532.4,21492.2,21826.7,18920.5,22802.3,20282.6,19543.2,22833.1,17745.8,18455,20319,19866.3,20476.7,18609.1,20635.7,22815.4,19430,20654.6,23647.2,19128.8,17463.5,22867.4,18188.5,21718.5,18224.2,22619.2,19964.4,22100.2,23510.6,20954.4,18351.4,23400.2,20539.4,20793.9,21797.9,23796.9,20372.2,24096.6,23228.7,23476.1,18765.8,19183.4,5938.68,23117.4,22267.5,23193.4,19242.9,22960.9,20735.4,23626.5,22052,17762,19721.3,19292.8,20454.4,17377,17340.8,19431.3,20895.6,22197.5,20007.7,20985.7,21214.1,21215.9,17218.7,19927.8,17767.8,20584.4,20493,21457.2,22759.3,23518.8,18160.6,22173.8,22327.5,22879.3,20975.8,21870.2,23794.5,23213.2,20073,20518.7,23332.9,20471.8,20590.7,22687.2,21267,19930.8,17070.8,21644.4,21052.5,22527.2,23094.1,17305.7,22381.4,18708.2,21210.5,22743.9,22558.6,21509.5,23306.8,17655.5,17083.4,19124.8,19177.8,17668.5,22075.6,20234,21312.4,19437,21876.6,23694.9,24115.4,24067.5,18799.1,23107.8,19368.5,21453.3,25126.5,20856.8,23345.2,19118.3,18660.2,24617.7,21961.5,20650,22954.5,24123.6,21705.4,24475,25599.5,22438.6,20255.9,25160.3,21198.6,24412.4,20325.5,20008.7,22806.9,25269.8,21784.8,25231.8,19930.3,19994,20789.4,20705.1,22004.5,20051.5,23064,21086,23421.6,24548.8,24366.9,19537.3,23694.8,18994.6,19828.2,20821.3,20713.3,24028.6,20364.8,21563.2,20587.4,20430.8,21227.8,23288.2,23982.4,24773.1,24888.5,22227,20617.6,26163,24122.5,21411,20180.3,26158.2,24328.1,21363.6,24565.3,24202.5,28089.2,31391.1,35472.2
37021.8,27675.1,24293.7,23947.3,23878.4,23296.9,21099,25394.2,19880.1,20026,20248,23537.2,21910.7,22510.5,20090.1,23639.7,20223.8,20489.8,21785.6,22697,21968.5,19037.3,19624.3,23589.2,21374.5,23668.4,24283.8,20252.5,20179.4,18456.6,22828.5,20913.7,23096.3,21615.5,18293.1,23251.7,19871.5,19108.4,21084.8,21987,21652.7,17129.2,20233.6,20407.8,21362.8,22972.4,19106.3,17430.8,18328.8,17261,18028.6,20356.6,20183.5,19160.9,18761,17545.5,20118,21788.5,18201.9,21592.6,19954.9,17989.9,21016.3,17204.1,21642.1,20868.2,21680.1,19396.8,19038.8,18647.2,22779.6,17707.7,18891.7,17801.3,22542.7,20822.6,21313.9,18737.3,18640.3,16833.5,19546,19469.2,20148.6,17900,23432.4,20886.2,22755,21178.5,20524.9,18554.1,18914,22188.8,19635.6,19804.2,23494.7,22896.3,18466.9,17196.9,19354.4,16763.8,23112.4,18242.4,18055.4,20923.9,22571.1,22958.4,16933.1,18740.1,20617.2,19452.1,18208.2,22657.9,17373.9,18063.1,18540.4,19705,17780.6,16976.1,20088.2,17377.2,18741.9,22922.4,17288.7,18693.3,19746.5,23655.6,23873.7,22295.7,19224.8,21903.9,18186.1,17887.6,19663.9,23024.6,20718.8,21077,23224.7,18114.3,22653.3,19616.1,20103.3,20307.8,17365.2,18566.3,19527.4,16981.6,20347.2,17375,16677.3,20613.7,22588.4,22211.5,19133.9,20017.8,14948.3,18975.1,18985.1,20063,20380.4,21183.5,21367.2,23106.6,23567.7,21917.5,17847.5,19168.5,17386.5,18660.3,20158.6,22134.2,23555.5,19017.9,21944.6,20362.4,20884.8,22426,20882.5,22955.4,22321.5,21690.9,20818.2,23866.1,19079.4,23413.7,24303.9,23233.6,23202,24408.7,23768.2,19737.5,19307.2,22652.9,19968.9,23720.4,19717.6,22713,21702.8,17977.2,19501.7,18440.1,17649.3,20509.9,20985.6,18549.8,23595.1,19878.7,20040.6,20588,22024.8,18637.8,20559.7,22627.5,19972.1,22841.8,17794,23302.8,21848.8,18924.6,22547,18038.2,23169.4,19071.2,21045.3,19881.4,18640.4,21684.2,17609.4,21810.7,21361.5,20597.2,19117.6,21845,19333.3,21337,19464.1,17769.7,21213.1,18585.8,19014.6,23121.2,21328.2,23408.7,23917,22498.1,22206.9,22626,20955.8,23541.7,23586.4,22706.8,23704.7,21315.5,18683,17455.6,21381,22110.6,19859,23248.1,20860.4,22903.7,21870.4,17441.3,21332.1,22272.4,21991.6,20595.1,21432.1,21670.9,16532.3,18555.7,21555.6,21621.4,18125.8,22855.4,23193.4,21315.9,19649,18538.2,18665.5,18805.7,23207.9,21257.4,21030.3,19041.8,22328.3,22384.2,22735.8,20973.5,18616.2,20745.6,20547,17884.9,20792.7,20151.4,21641.8,20855.6,17719.6,18814,21561.8,20981,17579.5,19822.7,18727.8,21217,19597.7,18350.1,19220.9,22904.8,22403.3,21635.8,21117,18501.7,23574.8,20182.6,21919.2,24140,23871.6,18646.8,23955.6,20757.7,20883.2,25172.5,24854.4,19474,18640.6,20028.8,23951.1,18930.1,24669.5,21642.8,21606.3,19374,24207.2,19213.1,20602.5,20495.2,25196.8,23034,21859.5,20370.8,22875.4,25818.9,19880.5,24897.9,19850.1,19913.7,19765.7,21105.4,20662,24710.2,22486.4,23057.9,24477.1,24008.4,20827.5,24855.1,23845.4,21511.7,22423.1,21846.4,25168.5,21279,25514.9,20463.4,21382,20212.1,23003.7,20916.2,24546.6,21650.2,23438.5,21485.8,26311.8,21746.2,24760.8,26313.2,22175.6,25430.8,24940.1,24856.5,27144.2,28260.6,28162.1,37118.8
33876.4,29147.1,25500.7,28399.8,24255.9,20347.1,25138.7,21287.5,20410.5,23318.8,24091.2,24363.7,24707,23730.5,19066.7,23017.6,19579,20410.1,21599.2,20283.3,24434.9,21099.1,24058.4,20651.8,19870,23322.4,18150.9,19162.7,19992.4,18451.1,21019.8,23939.8,23874.6,24271,23926.7,18560.6,18272.7,18979.8,18758.3,17722,21440.8,17188.4,18632.5,21287.4,23490.1,21632.9,23134,20781.2,20445.2,18951.7,19419.7,20311.6,17605.4,20595.7,17359.3,21392.9,23034.1,19772.9,17757.4,19397.7,16924,19184,17523.2,22633.9,19073,22597,20573.9,21986,17321.4,17631.8,21216.4,18872.4,17180,17848.8,20745.5,18344.8,20585,19065.1,20493.9,18708.5,17427.7,17588.3,18768.3,18598.8,21078.4,23207.5,18114.5,21532.7,20973.4,19035.9,20419.4,20753.8,19681.3,18706.8,18907,20524,19075.3,17418.9,17362.7,22190.7,21449,21705.2,19858.8,23196.5,17823.2,23183.1,22613.1,16758.3,21716.3,18247,17342.8,17848.3,18688,22749.5,21383.8,19854.2,22658.9,23281,23837.7,21627.3,20990.7,19068.4,19754.3,21334.6,21820.9,17648.5,21868.3,24096.8,19761.1,18498.6,18516.1,23832.4,19813.6,18426.1,23388.8,21176.4,18463.4,18329.1,20018.2,19825,22547.3,17513.9,22188,21808,22133.7,21552,20912.1,19643.3,19688.2,23141.9,20617.1,19637.5,17640.6,19152.9,18454.9,19394.4,18489.6,17585.9,20837.9,22720.1,19171.1,20915.7,23076.8,17902.2,22689.6,20291.5,23616.8,23713.5,19361.3,19544,22103.6,23007.5,23052.6,24411.4,22550.2,20898.2,22770.3,19601.2,21522,19076.5,21492.7,19499,20537.5,22002.7,21045.9,22910.8,20511.9,23732.2,23393.7,20385.2,20110.6,19286.4,22954.4,18494.7,23470.2,20347.4,19431.7,22184.4,21620.6,17924.1,19665.3,23620.3,21009.4,21876.3,21953.3,22611.9,21389.3,23919.1,23264.7,23209.7,18131.2,17591.7,20190.3,18116.3,18563.2,18984.9,18803.6,23729.5,20028.8,23492.3,20417.8,17492,23351.2,19292,23490.3,19576.4,21470.2,18046.5,22522,19907.2,18768.4,21462.6,20447.3,17363.6,20236.4,19356,23246.4,21244.5,20868.8,23716.2,21446.2,19910.9,24154.8,22522.1,18114.4,20298.3,20621.2,17478,22647.5,22079.6,17622.2,22148.8,23602.1,20228.9,22709.7,22940,22745.8,19416.3,18854.6,22627.9,17366.9,21963.9,22633.2,20444.8,19261.5,21382.7,20820.9,18330.7,22379.9,19369.5,19026.1,19982.5,21207.5,20229.2,24061,22954.9,21598.4,19584,21717,23727.4,18786.3,20110.7,23447.6,20763.5,17495.6,23126.2,22332.6,20030.4,19944.2,20319.8,21049.5,23507.9,22593.2,17306.9,23446.2,19171.2,23325.8,18089.7,19202.2,22118.1,19160.7,21033.5,24027,23112.6,19842.9,20748.5,23083.7,19994.9,17997.6,20656.3,17394.4,21646.6,23060.5,18679.5,23693.8,18359.8,19326.3,19484.5,19925.9,21780.5,23794.1,20739.3,21057.9,21730.8,19024.8,21487.5,18899.9,22602.4,24998.1,22464,22251.3,23468.8,22579.6,24930,19460.1,23821.9,21280.5,25328.4,25814.1,25375.3,25362,21315.1,20176.3,24290.1,19676.1,19724.7,24301,21451.8,26008.3,24609.1,19552.3,24154.2,21348.5,25310.3,23550.3,22633.5,24285.6,25150.2,23510,20568.3,24068.1,20876.2,20495.1,21702.6,19711.8,20557.2,20750.2,26043.4,25742,20378.8,20879.2,24292.1,24879.9,20409.1,22368.5,23684.7,26170.3,25236.6,22308.9,23461.3,26971,26915.5,31018.1,37057.2
32480,29215.7,27434.2,23610.8,21146.4,20653.8,24832.8,25325.3,24195.1,20332.6,21059.5,22874.8,23528.8,22023.2,21128.9,22110,21084.8,19832.2,19412.7,19450.6,18096.3,18321.5,19445.8,19366.3,22698.9,20553.4,19196.6,18591,22763.3,18392.8,20753,18135.8,22530.7,23103.2,21716.6,22413,19403.9,21363.6,24054.8,21233.2,22907.4,21035.1,23364,19767.1,23279.1,21673.9,20404.2,19860.9,20951.2,21798.2,21562.6,21668.8,17316.3,18071.3,23188.7,17398.1,20526.1,22607.4,17586,19996.8,21910.5,22543.4,16652.5,19515.2,21219.6,17714.9,18200.3,20369.9,19664.5,17399.3,18740.8,18517.3,23033.5,18284.6,18650,18921.6,17832.6,18840.6,17582.3,23001.9,16774.6,16934.5,23103.1,22589.3,17000.2,23294.7,22352.8,17853,20589.8,19146.2,18002.6,23276.1,18074.3,21130.2,21440.4,17390.3,18144.8,20774.4,17789.3,23033.8,22041.4,18485.7,21024.1,20257,22101,16928.3,22014.9,18272.5,19274.8,22585.3,22264.7,22621.9,21654,17265,21894.2,23242.4,17489.4,21891.7,22389.7,17813.2,22459.4,23468.6,22304.6,19786.6,18328.2,23683.3,22254.9,22730.2,19270.9,22982.3,21364.6,24173.4,20031.9,23827.8,22982.3,18349.6,19239,18589.8,20438.4,20649.5,22699,18113.9,19094.7,16633.5,22389.8,19510.3,17367.4,16886.2,20157.9,21164.5,22562.9,21050.6,20540.9,19720.9,20952.6,20862.5,19262,17960.2,22094.4,19447,22584.4,21317.3,17865.6,23919,20736.1,22419.1,19099.4,21388.1,23884.9,21479.1,24084.2,21371.2,23405.4,23516.8,20031.7,24554,24566.3,24143.2,24568.1,21015.6,22887.8,21024.4,18959.2,21047.7,21028.1,21295.4,24782.9,24454.3,20003.3,24120.7,23318.1,17939.9,19444.4,20611.5,18795.7,20390.9,19599.8,22400.5,21139.5,18996.9,17915.4,19136.2,19857.6,18139.6,20600.3,17985.3,18184.9,21351.9,23720,19291,22590,23760.3,20466.9,20573.8,19405.2,20168.1,20427.6,23008,22963.5,19503.4,23530.8,19873.1,17789.7,20412.9,22301.9,18952.2,20577.9,18863.8,22634.6,21363.9,18085.7,18227.6,17509.5,17545.6,17146.6,18383.8,18408.7,18291.5,19261.5,18773,19928.6,22573.4,18189.7,17804.5,22903.4,21336.1,22184.9,20275.8,23463.8,17684.8,22601.8,20445.2,24007.6,23570.7,20586.1,17713.6,21164.2,23255.9,21030.8,19587.1,20896.3,19671.9,19602.5,20912.7,20110.1,22336.7,20847.8,20136,22903,17953.4,23938.1,21651.4,18891.9,20403.9,18981.4,21840.4,24110.7,18274.1,18932.3,22975,22052.9,18533.2,18454.7,18366.9,17813.7,19601.8,22275.2,18947.2,19726.6,20328.5,21292.1,23686.8,21088.9,21109.8,19722.2,19883.4,20299,19694.2,22447.9,19825,17834.5,18128.6,23909.8,23551.4,23369.4,20903.1,20256.6,22606.8,20891.9,18215,21010.8,18508.1,21280.3,18101.8,23732.7,19922.3,18797.9,18805,20811.5,20784.5,22688.4,22031,20327.2,21158.1,24428.4,18912.6,21897,24715.4,19562,24631.7,21471.4,22442,23634.4,20576.1,22937,25401,21457.1,23008.7,25611.1,22329.7,24724.4,20495.8,25471.5,25976.8,24265.6,20770.2,22104.8,21858.8,22574.2,25494.9,23123.2,20577.1,19228.8,24426.9,19450.6,20527.3,22284.8,20286.2,21127.9,25136.5,19324.2,24356.7,19544,23329.9,22070.3,19609.1,20738,23491.9,21332.6,23912.1,25195.4,22052.1,22568.5,22388,21766.8,21509.8,22784.4,25669.7,21856.6,26652.7,24668.5,24917,27205.7,37564.8
34364.2,28850.2,24639.3,23291.8,6548.2,22292.9,25917.8,23853.6,21302,19298.5,24854.5,19453.1,23775.3,23200,20114.3,24389.6,18431.6,22054,24100.4,21715.6,19949.6,23735.6,20208.8,23553.9,24338.5,19439,19195.3,19641.1,19182.2,20062.8,22974.2,20950.8,22526,19230.4,19806.2,18775,18580.8,22246.3,19061.8,19066.8,20309.9,20969.9,19983.5,18729.5,19111.2,17560.1,18197,22115,21552.1,22837.7,17472.3,22223.5,20439.2,20091.1,22703.8,22377.7,18828.6,20047.9,17689.1,22067.3,16783.8,19664.2,21187.7,22986.3,18349.7,20546.8,22086.1,17371,17748,22164.5,17558.1,20388.6,17315.4,20829.5,23289.2,20006,18020.9,22506.9,22901.3,21033.5,17594.9,22416.4,22713.6,21656.5,20777.2,18552.3,18164.8,22196.1,23104.3,21319.6,19515.1,22470.8,22257.6,20258,17528.1,22662.1,20939.6,20066.9,19900.4,22081.4,22929.1,18032.9,21513,22933.6,19473.5,18169,16611.6,20709.5,20545.1,19396.8,19876.4,20243.6,21758.4,20470.9,22851,21274.5,17141.7,22795.3,18940.2,18220.6,20950.5,21608.1,22532.1,23197.9,20788.8,20032.8,20463.8,20955,22250.2,19527.6,24124.9,20116,18386.2,19784.8,18894.6,17805.3,22915.6,16643.3,19512.2,22266.8,17104,18432.9,20099.4,21611.2,22407.5,22449.7,19751.3,22391.4,21082.9,18878.8,17866.3,18523.5,23374.8,19192.8,16879,20776.6,21600.6,21678,23213,18952.2,19345.3,18097.1,21198.2,21140.5,22470.3,23801.7,21472.3,21368.1,22147.6,23328.9,19926.8,18305.8,24130.7,20924.5,20519.3,18279.1,19175.5,21327.1,19848.7,22615.9,21816.5,24301.4,24574.6,22467.2,24280,20580.5,19442.8,18969.3,20526.1,24408.1,24546.8,20280.6,18291.1,20369.4,22967,20866.8,23915.3,22651.7,19165.5,21563.1,19820.1,18078.6,22462.8,19274.8,20179,21906.1,19187.2,22235.7,21957.1,23344.4,19423.4,18354.3,18524.2,22784,18848.8,23336.8,23659.9,21886.9,22633,22809.2,19958.9,22801,22154.8,19126,18587.1,22070.3,22840.6,23171.7,19889.3,23294.4,21208.5,22577,20762.6,18481.3,23195.7,22536.2,18000.5,23747.1,18516.3,22774.7,21177.5,20023.8,19528.6,24031,23846.6,23725.6,20835.1,22905.4,24133.1,20950.1,18660.6,18340.2,22667.6,18491.6,23589.2,23705.8,21399.9,20003.8,20611.9,19076.9,18850.4,21951.3,20058.9,22341,19420.7,22610.5,22131.8,19300.9,19396,20581.5,23812.6,18190.6,23532.5,18133,23039.2,21115.3,22747.6,18654.4,19083.1,21167.1,22738.3,23285.9,18328.4,17790.8,22887.2,17485.8,20889.3,23125.4,18483,19211.8,21319.7,20092.5,19953.3,23252.8,22724.5,18494.6,18758.6,18806.5,20982.4,18494.9,18887.8,22913.6,20787.9,21176.9,23493.7,22336.3,20851.2,23195.1,21252.7,21556.3,23823.5,22485.1,23458.6,18134.5,23667,19914.9,18553,22990.7,21686.9,20878.1,19965.6,20340.8,22330,19813.9,21636.5,25168.6,25121.4,21009.6,20602.4,21162.6,22221.6,21800.9,22077.1,20152.4,20251.6,23844.2,25644.2,26072.2,22275.1,21473.1,25065.1,24607.4,25832.1,26441.3,25868.5,26175.4,25799.3,20445,20401.5,22917.9,20151.2,22168.1,25614.6,21180,24842.7,20017.1,24088,21084.3,24598.5,24297.3,20513.8,21114.8,19035.7,19876.6,20880.4,22824.8,20941.8,22948.7,25441.3,25140.2,25207.1,20849.4,25391.6,20560.6,22505.7,20178.5,22955.4,22280.6,23231.7,25466.5,25503.9,26201.5,31037.3,34120.8
35295.1,31045.3,27812.3,28692,23314.2,25042.8,23037.2,21775.9,21403.2,19003.9,20343.2,24164.1,19302.5,22901.8,22933.2,21424.5,22023.6,19312.9,22279.3,18760.1,19214.7,22407.7,18219.7,23429,21370,18919.1,22702.6,23908.5,20066.3,19247.6,20321.4,23161.7,22383.4,23816.6,22270.6,20302,21738.6,20400.2,18421.6,19495.4,23232.7,21148.2,20493,17237.7,20318.7,18075.6,22414.9,20290.8,19368.4,18610.2,21196.5,18426.2,19772.4,18092.8,21893.2,17522.5,19075.7,22135.3,18779.7,21262.6,18269.8,22026.9,18074.8,17267.9,21244,22236.6,22396.8,19441.2,19232.7,20727.1,18160.5,20695,19068.4,21324,19797.4,16777,20598.9,17600.7,23074.4,22860.2,22942.4,21519.8,18514.9,17530.9,22841.5,22535.3,20793,19721.1,18735,23460.4,17795.4,23201.4,18360.8,17186.6,23371.7,21569,23744.1,21981,22419.1,23279.4,22171.9,21227.7,22582.9,20828,22296,20869.7,19780.3,20294.8,19277.3,22287.2,18717.6,19241.5,21134,20439.3,18083.2,21898,21191.3,18711.4,21557.1,18362.1,18554.4,21977.7,19099,21208.6,22536.4,19060.9,20097.6,19772.7,21783.3,18451.6,22793.3,18052.2,19245.9,22102.8,18393.7,19334.4,20682.5,20169.9,19530.6,18793.2,22363.7,17098.7,18405,19614.7,16690.5,20187.4,21413.5,22982.4,20671.5,21644.5,21264.4,20878.7,20482.5,18206.5,20320.1,17917.8,17392.1,19619.9,19979.2,22215.3,18267.5,22918.7,18610.9,19766.1,22180.8,20636.2,21719.9,20154.3,23442.3,22833.9,22550.4,23730.7,24684.7,21053,23771.6,18740.7,19533.5,18573.4,18779,20563.5,23208.8,21083.9,20426.2,23931,23003.6,19983.6,22222.7,19257.6,19154,20120.3,22718.9,20439.7,21497.7,19529,23735.4,23618.9,22705.1,22776.9,18697.3,22688.6,22506.8,23338.7,23775.9,20822.9,20555.2,22312.4,21843.1,21518.3,23895.7,20600.5,20517,20754.8,23075.2,20116.4,19082.9,23850.2,19189.1,22848.7,22235.4,18621.1,20481.2,19354.6,23216.8,18790.6,19940.1,22994.8,19329.6,20514.8,19882.2,19990.6,20690.3,20869.4,19541.2,17674.8,19903.2,21003.3,22997.2,22208.2,20198.4,22169.4,22723.2,21532.4,23564.9,20722.1,21187.6,21985.6,18473.4,18948.5,17639.6,22515.3,19442.2,19564.6,21627.4,21885.8,18931.5,19548.1,17853.3,17760.5,19561,19648.8,18414.5,17293,20253.5,18090.6,19249.5,22674.4,20061.9,17578.3,18738.8,22432.6,21952.2,24187.9,18496.4,18802.2,23312.3,18507.6,22685.3,17747.2,20914.5,19830.2,17785.1,20424,23193.8,20338.2,22544.5,20119.8,18586.3,23194.8,21913.4,17125.1,20822.3,19748.5,19202.6,19751.6,22003.7,21185.8,22166.9,21733.4,23562.6,19739.2,16852.9,18134.8,18473.7,20175.1,23420.5,19219.5,18704.2,19158.7,17766.8,23353.2,23569.6,23445.7,23462.1,23713.6,19642.7,22360.1,18906.1,20197.8,23012.6,21001.8,21774.1,24432.9,21760.7,20378.4,20909.6,18898.4,20585.1,23112.5,19010.2,19935.4,22499.1,19248.6,25339.9,20553.6,21822.5,23369.3,21175.4,26217.9,25493.4,26299,22653,25510.7,21308.4,20155.1,21588.6,19993.4,19866.6,23237.7,25051.9,25286.6,22079.6,24987.8,24919.8,23302,21527.8,19945.1,19598.3,22727.7,19879.1,23685.2,23021.2,24885.7,19433,21684.7,20283.5,22489.6,24737.5,20648.4,26177.9,22722,23760.5,21593.9,23686,20955.4,24877.1,19766.7,20020.1,21913.3,22822.6,20493.7,26466.3,25224.2,31938.3,35320.9
34408.2,29051.2,27755,24774.8,26137.1,25260.7,21765.7,19553.5,25071.7,18605.7,18709.6,22287.6,21181.3,18735.7,21597,20607,18793.7,20120.9,23348.8,21192.2,24056.3,21219.8,23151.7,18036.5,20602.8,23999.7,19094,23190.3,23240.5,19552.5,22338.9,23162.4,20306.2,22101.4,22166.4,21807.2,18648.7,20364.8,21054.1,21881.4,23293.3,22647.8,22993.5,17544.1,17163.1,19544.4,18858.2,17043.4,22486.6,22488.2,20273.2,23053.9,20965.5,17759.4,18522.1,19693.4,20875.6,18673.2,18811.1,22022,19517,17796.8,22888.8,22385.1,22449.9,22519.3,18728.2,19756.5,19960,17220.7,19507.7,17739.2,21316.6,19632.3,17410.9,22549.2,17258.5,22317.3,17299.5,22586.2,19716.9,21037.6,21493.2,20432.5,18883.6,23342,18019.4,20754,21843.8,22946.2,19223.2,18295.4,23300.5,20173,18669.5,20803.5,20376.2,22152.7,18211.3,23040.8,19252.6,23579,18085.8,17809,17353.1,21949.2,17427.3,22856.2,21306.8,17727.6,23070,16714.7,21296,22159.4,18884.6,20161.3,21468.9,21773.4,23339.9,21760.5,17500.4,20034.6,18990.6,19829.3,21770.9,18241.6,18768.7,21194,19128.1,22799.7,19092.5,19164.7,22577.9,21542.7,18669,22177.2,21728.8,23040.5,16928.3,16406.5,17519.3,19417.6,20298,17932.4,22721.2,22889.1,22566.7,22632,17373.7,21473,18455,19334.8,21403.2,21983.5,17533.4,22302.5,21039.2,21084.6,17405.9,23458.4,22511.4,23623.8,22252.8,19345.1,21087.6,22533.4,22363.8,23256.7,18479.4,24166.3,24783.8,22003.8,24464.5,19093.2,19841.2,23779.8,20514.7,21529.9,19686.8,20298,24270.6,21785.3,18759,21320,20038,21928.4,19372.8,19653.6,21591.6,24455.4,18733.5,19407.8,23249.8,18637.7,24364.2,21952.5,21591.4,22284.1,18842.2,18526.3,23447.4,23898.2,18053,22141.8,23949.4,20707,19892.8,23322.4,20768.9,23892.6,23592.5,20999.9,20822.3,20912.6,19937.5,21568.6,19341.8,17676.6,21905.3,18163.8,22515.1,20176.4,23407.9,18405,17823.7,23800,23004.4,19694.3,19816.1,18915.8,22260.8,22743,18531.8,17358.5,20483.9,21021.6,18679.3,21308.2,20133.7,19168.9,17606.7,20656.7,18921.1,23666.5,21659.2,21459.8,18266.4,23098.2,23853.8,22943,23731.3,18070.3,19688.5,21626,18628.4,20087.7,18725.6,23049.2,20367.7,18672.6,18447.7,20323.7,22945,20495.9,21841.3,19337.1,19603.9,17866.3,21340.6,22160.9,21519.5,22017.9,22691.5,19902.3,23214.3,17758,21235.2,19761.5,19976.9,21812.5,21285.4,17847.3,23283,20060.3,21360.7,22586.8,17055.5,18192.3,20170.3,19112,23423.4,21610,22313.3,20582.1,23168.3,23367.7,21495.4,19183.4,20823.2,21892.6,21829.3,17424.2,23938.8,20734.6,22879.2,22213.1,19185,19646,18690.6,20042.6,23943.6,21887.2,22068.8,24317.3,20983.2,24582.9,23380.9,23977.5,20712.9,23049.6,19607.1,19905.2,20727.5,22434.3,23657.2,23625.6,24647.6,25405.8,20719.9,20327.5,20518.5,20474.4,23780.3,24208,20859.7,24726.7,24873.8,23740.3,26107.6,25211.4,25149.9,20938.8,22063.9,20498.1,25321.2,21969,25040.6,21657.3,24400.1,24736.3,22169.2,22808.5,23894.4,21110.8,25215.6,22997,20535.3,24254.8,24034.8,25072.3,20079.4,24565.9,24679.8,19782.7,25501.5,22039.8,22942.8,19933.3,25590.2,21932,21178.3,20970.1,22700.8,26126.5,24236.4,20994.4,24394,25944.6,22343.1,23938.2,22129.9,24790.1,32077.4,35888.1
34124.8,32482,28426.5,27352.6,23451.6,21493.7,22619.8,20393.2,22238.8,18995,23977.6,18377.4,21614.9,21545.7,21061.5,21856.7,23126.3,22106.1,20902.7,24114.8,23289.2,20714.7,19826.3,22739.6,19127.3,23600.4,21010.8,20146.4,18418.3,22834.3,20801.3,24046.5,21151.2,23426.2,18724.2,21208.5,19105.2,22861.6,23942.1,23407.9,17458.8,23357.7,18820.6,22631.2,17657.2,21564.7,21684.3,21407.9,17208.7,20492.2,21006.1,18152.1,19501.7,21192.2,20438.5,19074.4,17996.4,21059,19896.6,20980.6,20237.9,22584.8,18572.6,17942.1,17772,22508.5,17963.1,21334.4,17785.2,20442.5,18605.3,21916.5,21424.6,18726.7,23195.4,23485.2,20567.1,19452.3,19246.3,20696.7,22364.7,21834.8,21767.8,23392.5,21546.5,17028.8,17985.3,22873.2,22945.7,21087.2,18794.4,22344.2,22193.5,23678.4,18073.1,21710.4,21490.7,19790,23707.8,7055.93,17491.2,19309,23518.9,17684.6,19903.3,22771.8,17772.4,19918,17502.2,21630.4,18164.3,20538.6,23352.1,19190.5,22258.1,21650,17718.2,21862.5,21317.4,17260.5,20999.2,22309.6,19825.3,22191.9,22507.9,22216.3,20324.1,23567.8,22093.5,18416.1,20942.1,20281.9,23607.7,24302.5,20571.6,20950.1,21802.3,22185.9,21088.4,16870.8,16693.1,17571.3,20102.1,18034.7,17276,22886.1,17013.5,22123.4,18186.6,19175.4,18897.6,19488.3,22771.6,19567.2,15449,22617.2,21762.8,22684,18401.6,17591.2,17415.3,21877.7,23831.2,17693.3,23202.3,23016.5,20462.7,18248.2,21813.4,18505,18335.7,23384.5,23724.2,21067.4,21056.2,20248.7,19517.6,24951.3,20973.2,23446.9,20112.6,18798.2,24615.8,24655.6,23631.1,19667.1,19264.3,22216.3,18995,18805.5,23089.4,22093.9,24254.8,23959.6,18949.7,23877.9,18616.3,19091.1,21100.4,21335.6,21404.6,18522.6,18514.3,22493.2,20896.7,17973.5,22162.3,23308.5,20358.7,18230.4,19600.7,19306.9,19282,20836.2,19439.9,17817.5,19690.7,18756.6,18501.9,17910.7,22890.3,17605.9,21464.8,20755.2,20354.2,18432,22479.2,17321.3,17754,21644.5,20772.2,20722.1,19587.4,18927.4,20718,21168.7,17165.4,22538.8,18669.1,21643.7,18057.3,22794.7,23934.6,23378.3,23095.5,22070,20904.1,18672.5,21188.3,17660.1,21974.8,22198.8,20324.9,23205.6,18894.9,21335,21504.3,17777.9,22349.6,22212.2,16821.5,20756.9,21703.7,19328.5,20716.7,21542.6,23857.8,19080,24079.5,18288.1,18434.8,20098.6,17557.9,21475.6,19791.8,21503.4,19015.3,18634,20489.1,19005.4,18738.7,23679,21447.5,17380.7,19065.8,17630.4,16954.1,21521.3,22821.5,22701.5,21955.6,17570.2,17005.2,22603.6,22507.9,17787.1,19492.8,22969.7,18169.1,17698.7,19839.5,18145.6,23674.1,19695.3,18053.9,23936.8,19259.1,22163.1,24125.2,21146.8,22106.2,22784.4,24025,23745.9,24490.4,21636.4,23116.4,21132,20072.9,21247.3,21251.5,20626.1,23360.9,23383.8,21581,24497.4,20433.2,25279.1,19780.4,25236.5,24458.5,25177.2,24819.5,23229.5,21084.6,25168.8,20525.9,22181.4,24494.4,25444.9,26039.4,24133.1,26004.2,22901.8,20015,20582.9,22509.1,23636.5,20023,21653.2,25391.7,23766,23386,23753.7,22519.2,24098.9,23737.5,22199.1,19837.3,23454.3,23390.7,21304.4,21893.8,25847.8,23768.9,21122.8,20969.7,21534.6,19990.8,20808.5,19768.7,26433.1,22729.6,20901.2,23258.9,24124,20357.1,23506.8,20102.3,21018.7,27227,24521.2,32732.6,35726.4
37823.3,27577,25783,22115.5,25676.4,21876.8,23621.1,21017.8,19096.9,19940.9,23710,24237.2,21742.6,19240.1,18766.9,19241,20712.3,18129.1,22396.8,18279.9,18730.9,23677.5,21398.4,19406.7,21084.5,20934.5,21866.3,22495.2,19141.7,22466.3,21156.6,20379.5,18239.4,23786.3,21315.5,19684.3,17921,23798.9,20103.4,22348.8,18279.8,19130.2,19361.6,19803.1,17423,18267.8,17419.6,21927.1,22780.9,20781.8,22199.9,22831.8,21976.7,21500.4,17741.7,22779.7,20443,21821.6,22389.1,22734.9,19856.6,17519.6,21300,19641.7,21097.8,20372.4,23293.2,21958.2,19191.3,21608.1,23499.3,22040.6,19879.1,17283.1,19270.8,23375.6,21177.5,20985.1,22482.9,23140.3,19025.4,17403.3,18928.3,16986.8,21421.1,20584.2,21048.5,22266.6,17950.2,21080.8,17634.8,18710.2,21774.6,22077.5,20675.1,22127.8,18728.6,21194.3,17768.8,19964.7,22154.2,21551.9,22673.4,20220.6,20970.5,17138.3,20401,21398.9,22052.8,20372.9,21675.5,18909.6,21913.9,18153.6,19969.4,18455.1,22635.2,17837.6,17383.8,20387.4,19885.3,21894.1,23473,17814.4,21757.3,22399.6,23427.5,20648.5,20248.8,18289.5,21850.4,20256,24499.5,19544.5,21041.9,21673.5,18684.4,21323.2,20832.5,20998.7,21892.5,17982,22050.8,20810.3,21320.3,18362.5,16975.2,22811.2,17592.3,18496.9,18894,22349.6,22131.4,16790.9,16820.9,20495.2,22210.3,23444.3,22356.5,22760.9,22005.7,23898.1,22478,23988.6,20883.9,19877,19158.1,19767.8,24486.9,20315.2,21269.9,20585.4,19731.8,23015.4,19210.1,23220,20492.7,21533,22538.5,24570.3,22023.9,24554.2,19582.3,20821.6,22076.2,19746.6,23111.2,24058,23527.7,19814.9,18831.4,24699.2,20009.2,22150.8,23081.9,23771.4,20712.8,21105.1,23668.2,24043,21241.2,23012.9,22216.5,20057.8,18019,22616.7,18141.2,20062.3,22834.6,23309.1,20314,17940.1,17595.9,18290,21011.8,18650,19051.2,18577.4,19435.9,18538.2,18275.5,18836.9,20718.4,23304,18577.3,23549,21956.8,21802.7,18394.9,22507.2,21321.1,20207.5,20098.9,23340.7,21129,21291,16935.8,17841.5,17305.8,23124.6,20462.3,23925.7,23954.9,21107.2,18068.3,20506,19601.8,23905.8,19873.5,18566.1,22580.8,19638,19286.4,20714.1,23141.6,19929.2,17767.9,22221,17148.5,19124,22888.1,20826.9,23433.5,20257.4,23308.1,22449.4,19576.7,18744.8,22997.9,18471.5,22765.1,20814,19427.1,22312.1,23938.7,17566.9,17360.5,22775.6,23880.2,21868.4,20303.6,19689.9,18960.3,22400.5,20486.1,19388.6,18359.3,20175.7,17261.9,22031.3,19932.7,19573.1,21304.1,21881,17984.4,20075.7,23213.3,17200.2,17832,19969.9,18351.7,20732,21882,18582.8,17991.6,23167,18014.3,20759.2,18539.8,19887.6,21629.6,19417.3,20115.3,20366.8,18164.4,23013.5,24801.4,20724.2,23308.4,21943.1,21701.5,20485.7,19746.7,24263.6,20714.3,22886.6,20492.4,23885.5,20876.8,21402.4,19048.2,23302.1,25075.2,21346.3,19897.4,24636.4,23744.8,25383.5,19851.4,22085.5,25888.8,20627.4,26002.8,24812.4,25573.1,22930.9,21518.9,26104,21493,20989.5,22840.1,25576,24677.8,23913.3,25110.3,21720.8,21076.8,23343.7,23908.8,25199.5,19556.8,22359.4,22105.2,22710.5,20952.9,21100.9,24820.6,23974.1,23897.5,20191.2,21867.4,20654.6,20811.5,24663.9,25480.7,20725.6,25782.9,22011,22042.7,23695.7,23891.9,28845.6,27032.1,36424.8
32666.9,28160.1,25230.6,25843.7,23104.2,20167.6,19974.9,22176.6,22923,19136.6,19262.2,21600.8,22591.4,24349.7,18584,19216.7,24321.2,22128,21124,23919.9,22801.3,20152,21629.6,19924.6,23172.5,21840.3,19520,22175.1,21830.3,23266.8,19356.1,22188.7,20002.3,18566.1,19157.5,18283.7,18599.9,22387.2,19967.1,23711.7,22964.7,20442,21210.1,22942.8,18714.2,21507.7,21720.6,21276.2,19259.2,18919.7,17819.9,20084.4,19291.4,23285.7,19855.8,22682,21185.8,19423.4,22594.7,17009.2,18086.7,19231.8,17904.8,18279.9,17460.9,22055,21566.9,19742.5,23143.8,17489.2,23032,18418.8,18108.8,23140,22023.9,19153.2,19160.3,21418.4,20249.2,17222.4,22715.3,17496.8,17271.3,20756.7,17028.8,19343.5,19735.5,18379,21366.9,17265.4,20917.2,18039.4,19848.4,23114.1,22324.1,19980.5,20205.6,18795.4,23875.6,20917.8,17874.9,19058.8,17070.7,20918.2,19324,17001.5,16931.3,21960.9,16802.1,22745.6,19332.2,17796.7,22783.3,17240.6,21184.4,17782.8,22540.8,20769.6,23576.4,21852.5,20246.4,20476.9,18689,20786.5,22700.6,23100.6,21818.4,18580.8,23086.4,21093.7,21234.9,22721.8,23601.3,22078.6,19168.3,18528.6,22485.6,20516.9,19854.8,19672,21331.2,17560,21471.2,23046.6,17091.8,21274.5,17169.7,17989.9,17047,18080.3,17797.5,23183.8,20958.5,23079.6,15628.7,23073.9,21667.6,17929.3,19896.7,20737,23959.7,22147,22319.7,21451.6,22478.9,19495.5,23287.2,21185.9,19744.3,22855.2,20476,23183.5,23310.1,21453.2,19991.2,22310.7,24915.4,19716,21904.6,22076.3,18911.7,22192.5,22644.7,21319.3,24245.8,20963.6,24856.4,19155.3,23682.9,21414.8,24260.3,18432.3,22395.2,19667.6,19494,20332.7,20935.1,19600.9,22869.2,24505.7,21293,18278.9,23262.3,23622.3,23166.2,23777,21878.5,17942.8,21170.3,19235.6,18539.8,23283,19886.4,19241.2,22622.1,19016.9,21744.3,17906.8,20357.3,21888.5,20243.1,18836.7,20190.9,21325.6,23751.9,22944,18954.7,18743.7,18397.7,17944.7,17919.3,21060.5,22058.8,21814,20340,19457.9,21175.9,19581.2,18147.8,20048.6,21541.9,19844.2,18735,22558.4,19349.8,20477.4,23583.5,19267.9,19670.8,23229.4,20349.9,24108.5,20060.8,20419.5,17784.1,19038,23016.2,20680.3,19205.2,20679.2,17656.8,20460.2,17370.4,21592,21576.4,18072.5,23219.9,23875.8,19686.3,17689.9,23003.6,22074.7,18337.8,21495.1,18057.5,20789,21276.1,23643.4,20797.7,18238.6,18953.7,20505.1,17039.9,17522.3,20182.7,22492.8,19389.7,19837.1,22955,22123.7,18945.6,22729.3,20220.5,22423.3,18215.2,22245.3,17118.5,18008.1,18145.6,19884.4,20493,22309.6,19060.4,21841,18570.2,22640.1,21281.9,22584.1,22006,23115.1,23792.7,23291,18975.7,18291.4,19233,23385.2,19758.7,21190.2,22879.2,24540.5,21934,25177.4,18929.8,21107,21883.4,23733,23885.2,21620.7,20535.9,23513.8,19737.3,24726.3,23931.7,21654.8,21745.4,24730.6,19683.5,25182.5,21014,22270.5,22480,22081.5,20855.2,22000.7,20571.5,22976.5,24593.3,25906.6,20044.8,21760.9,20241.9,23534.9,21648.4,24817.7,24105.9,21938.6,22955.9,20113.5,19185.6,23111.2,19728.9,19269.7,21668.7,20236.3,22910.5,19803.2,23155.2,26129.7,21983,24859.6,24809.8,25792.2,26303.7,25673.5,20993,23645.4,22075.5,25007.1,22092.5,24541.6,26538.4,26618.8,28654.6,37403.7
37025.3,30165.7,30077.5,27771.4,25890.6,25053.5,22270.8,24501.4,22421.2,22620.2,22028.1,20136.3,23871.3,23124.3,19650.8,24356.7,23051.1,24282.2,22405.8,18017.2,21331.3,23914.7,19915.3,20656.1,23940.5,21960.9,22442.1,19548.9,18142.6,20507,20841.7,23270.4,21992.3,21381.8,20786.1,21702.7,23579.5,19867.8,18487.1,20857.8,23720.4,19210.5,20956.1,21840.4,19047.3,17720.7,18117,18490.1,18930.8,17877.2,19158.2,20335.9,22429.7,18214.9,17410.9,19405.1,17668.3,22464.9,22348.8,19530.3,21242.9,23038.3,17318.7,20915.7,16789.6,22217.2,20082.3,18188.9,22478.3,19207.9,22017.3,18973.6,18316.7,22795.5,17813.3,22584.2,22462.7,23232.9,19761.1,22831.6,17503.8,17336.5,18781.4,22300.3,17616.8,20219.4,22871.3,22292.1,20327.7,21573.8,21667,18214.2,23630.7,17435.5,22299,22160.2,17613.4,21254.8,20598.3,22125.4,17311.6,18362.3,17013.4,21734,16978.1,17588,21926.8,19362.5,19159.4,19664,19243.9,19945.7,22226.6,22721.2,19823.3,22941.8,21393.7,22118.3,21162.4,23395.8,20249,20923.7,20613,23335.7,23430,18237.1,22336,20138.8,18431.7,18395.5,21186.3,19292.2,23976.5,19626.1,20513.2,19643.5,21108.1,18090.8,18975.1,21980.8,18300.3,21225.1,19442.9,17253.4,18825.1,19795.8,19374.5,22330.5,18022.7,22371,20232,22087.3,21846.1,18981.6,19896.8,23290.5,23172.3,21192.1,17648.1,19949.5,18063.7,22006.1,22907.7,20119.2,23396,18946.4,18242.2,20127.3,21870.6,19507.1,21370,24582.2,25079.7,20457.7,22295.9,24659.6,24169.2,24817.8,19868.7,25156.9,18880.9,24419.2,25225.6,23509.5,25062.8,25351.8,18982,19512.2,23776.3,21661.6,23931.9,20769.5,19255,18654.6,20570.8,19533.3,20800.1,19430.7,20049.5,23471.1,18564,18304.9,20680.6,18237.5,23437,19251.7,18768.5,20102.1,17940.9,19684.1,22372.1,18695.5,18198.9,21349.2,22591.5,20648.4,20666.6,20072.5,21416.2,22232.7,19377.8,19933,19105.9,20631.5,22306.4,18487.1,22597,20410.6,18237.2,22288.1,19009.1,22967,17717.8,21914.2,18847.4,23464.9,20009.6,23761.4,21748.8,20731.5,22895.8,20489.2,17872.8,18093.9,23215.7,23174.7,18261.9,17782.7,23872.5,22638.3,20964.7,23851.4,21546.3,22854.2,20168.1,21750.2,21371.2,23425.6,19938.8,17805.4,17777.3,20968,20616.5,20429.4,21873.6,23291.7,20579.8,18400.2,22508.8,21023.4,21869.3,22930.1,21581.4,20568.4,22221.5,23147.9,18389.7,21126.9,21855,22101.9,17707.7,18176.6,20469.7,17821.5,22948.9,17035,18161.9,20608,21593.9,23724.2,20456.6,22995,19228.8,21673.8,21394.3,18095.9,21633.7,18556.7,17602.4,21528.1,21063.2,19694,23145.2,19007.5,17740.9,17603.8,20675,18130.2,24217.6,24202,23593.8,22850.1,22913.9,19973,18241.4,20932,22434.8,22290.9,20181.6,23988.9,24969.2,24554.6,19936.9,19832.4,21830.4,21412.7,22698.5,24122.5,25472.2,23263.6,24077.1,24435,24978.3,21032.4,19525.8,21986.1,26187.7,25150.9,21317.2,24756.9,19868,23215.1,23116.6,22572.6,24254.8,24517.9,22797.5,23704,20712,25320.2,20119.5,20693.7,20256.3,21327.5,25579.7,21559.3,22191.7,20119.5,20054.7,22588.9,24880,24135.8,25237.1,22964,23207.2,24960.6,21885.9,24731.5,20532.3,24072.6,24357.9,20015.1,24414.1,22513.3,19867,20876.1,24128.7,21862.3,21098.8,21544.2,27546.2,24692.3,31235.1,32918.4
31022.3,32548.7,27359.1,23678.4,23543.3,20113.2,25019.6,19013.7,24843.4,21043.5,21915.3,18220.4,22853.4,23342.4,24005.7,17992.7,21860.9,24109.8,23456.8,21477.2,19081.7,18780.4,21208.4,20837,20469.1,23053.3,21975.4,21192,23431.5,18629.6,21212.5,21870.7,23968.8,18933.6,20437.1,21597.5,21390.3,20296.3,21497.1,20867.9,23277.1,18200.1,23036.1,17633.2,22789.4,18452.7,19301.9,18241.8,22013.2,18425.7,19164.5,17652,21377.9,22440.8,16977.2,18151.7,18190.4,19052.7,19153.5,18232.1,17122.1,21557,22915.1,21900.8,21307.6,18261.5,21417.2,21433.5,21844.2,21449.4,19836.3,21907.5,20331.2,23096,20687.1,21426,18519.9,19265.3,23273.6,18673.1,20384.7,18908.4,18263.3,17561.1,20191.7,19831.6,17529.1,21071.3,18783.5,23237.9,20902,21228.9,21047.4,23176.7,18655.8,21048,19068.9,20866.6,23109.4,21096.9,22243.7,21063.7,17623.9,19536.4,18190.5,18449.3,20051.2,20039,16960.2,22941.2,17080.7,22665.2,17198.9,22033.1,17812.9,23266.8,21880.8,17905.4,18044.5,23631.3,21182.3,23085.7,18123.3,22151.4,21845.3,24122.8,23848.5,22354.5,19702.4,22118.4,19564,20819.7,22256.2,24769.6,22761.2,19192.1,21014.7,22868.3,19940,22213.1,19222.2,19082.6,21419.9,18600.4,18871.8,16772.5,19641.6,18526,18121.9,20033.4,18067.8,21338.4,20967.5,17270.8,18823.5,22046.2,22974.1,20567.9,22866.5,21616.8,23088.4,17919.5,22322.9,23754,19762.9,19089.5,21349.5,20442.6,19388.6,21197.6,22598.4,21903.8,24737.7,24399.6,22858.9,24648.9,22281.1,19098.8,21319.9,21348.6,20575.2,21053.9,23490.7,25052.2,24335.5,25018.7,21067.7,18823.4,21992.9,19444.6,23108.6,21063.9,24827.5,18530.2,22939.5,22684.7,21386.4,24731.2,18489.5,20142.5,23305.6,21181.9,19642.4,19476.1,19942.8,19293,20257.8,17833.5,22469.2,19070.2,19522.3,19191.1,20678,20716.7,21362.3,23774.1,22516.4,22876.1,17612.5,23550.3,17996,18573.7,21531.8,19340.4,21652,24026.2,21228.4,20992.5,19901.5,18662.9,20734.5,18441.7,18615.6,22442.5,18251.7,17582.9,17748.6,21308.2,20277.8,19803.8,19579.7,21971.8,19778.5,21524.5,20288.3,21063.9,20757.6,19583.6,21862.5,24181.5,22956.3,23083.3,18958.3,24183.8,18214.5,20690.2,23091.2,22101.6,19372.6,22165,20459.1,17354.1,17868.5,21400.1,20066.4,21105.2,18103.1,21423.3,23288.6,19089,23937.2,20924,21231.7,21839.7,21306.7,18000.4,17787,21363.3,23512.7,17577,20171.8,17834.9,17243.8,17262.7,20655.6,21037.8,19637.4,23496.6,21609.6,17954,21585.6,23477.5,18155.6,18971.3,21589.2,21883.9,21590.9,20153.4,21072.2,18870.2,17639.3,17812.2,20566.2,24162.3,18879.1,23061,21418.7,21867.5,22911.9,18705,21942.3,23381.3,18160.3,24819.1,18802.9,24498,19274.3,18808.1,23674.5,19471.3,21435,19524.7,23911.3,25348.9,22022,23651,19345.6,24023.8,23481,20295.4,22225.7,23915.6,19408.9,20369,23169.8,24497.5,20532.8,20065.4,22062.7,22115.4,19907.2,23240,26055.7,21782.2,23780.2,24600.8,25486.4,23605.4,23741,22279.8,24584.3,19512.7,25183.3,23912.1,19725.5,21765,22100.5,24871.5,25148.8,25257,21847.2,20702.7,22170.8,20430.6,20967.4,25787.8,20712.3,23476.7,20717.6,21896.4,25358.9,23832.8,23156.6,21411,25991.8,20675.1,20376.6,25164.7,24833.8,23538.9,28259.8,26920.1,33493.2,38220
35324.7,31753.9,23778.8,24682.5,25234.2,24002.3,25260.7,20762.4,20466.1,24525.2,19269,20249.1,23756.1,19964.1,23804.7,21196.9,23038.8,22026.2,21235.4,23492.3,18543,18692.6,20966.7,19156.7,21604.1,23002.6,19409.8,19048.6,22736.1,21294.3,19456,22743.3,23169.3,19760.3,22006.6,20944.6,22641.6,23966.3,18720.6,21045.1,21862.4,19754.7,21239.6,22132.3,18705.1,18906.4,23050.7,17158.4,19084.2,19098.4,21584.8,20209.5,19075.3,19445.3,20933,22711.5,18893.5,20138.1,21326.6,22420.1,22078.4,20763,18068,20516.3,17335.8,19117.8,18184.6,17974.8,21442.4,21722.2,21381.5,18945.1,17565.8,20789.8,20435.6,22683.5,17586.3,20798.6,22133.8,17729.4,22246.7,21934.2,21588,21171.8,21012.6,17530,21931.6,22493.9,19685.3,19775.1,23537.4,19566.6,21012.2,21811.1,19723.2,18040.2,18871.8,18341.3,19002.8,16970.1,21768.7,21519,20838.2,19017,22444.8,19883.5,23029.3,21513,18574,23015.5,20508.2,19863.7,23114.4,17116.3,18581.4,21339.9,21191.3,23181.7,22395.1,23888.1,19099.7,19781.9,22501.6,19699.1,23493.8,20413.8,23492,24503.4,24504.4,19129.4,21912.7,24323.7,24212.3,18216.3,21343,18467,23538.4,19422.5,20202.4,23058.8,20010.7,18872.1,16744.3,19956.7,19278.9,17464.2,20585.7,21048.6,19249.8,19186.9,17407.1,17791.5,20992.7,18921.8,17612.5,22311.7,21835.3,21167.4,19596.7,23912.9,22395.5,19463.2,21075.2,20038.5,18546.2,20255.1,24258.7,19690.1,24308,20703,20413.4,19707.6,18929.4,24616,24343.7,19824,22559.7,21521.9,21486.5,23345.7,19052.2,25122.4,25122.9,20367.9,20724.3,23555.4,19248.9,25246.2,24247,19866.6,24184.6,22367.6,22477.4,21084.7,21625.6,24355.2,20714.7,21822.8,20165,23807.9,21377,18409.7,24448.8,24656.9,18930.2,20725.3,18421.1,19644.1,20837.3,21046.4,18325.3,20987.3,20002.5,24175.5,22839.9,22404,19862.5,18521,18292,21074.3,20784.3,18920.7,18216,20250.1,20587.2,18355.8,20235.6,20643.9,23617.7,18075.7,18732.9,19471.4,23209.1,22054.4,18238.3,18473.2,20359.9,20865.5,19971.7,19868.4,21877.5,24140.9,21617.4,20700.1,21983,22453,23095.2,23967.7,24308.4,20398.1,21569,20385.8,19035.3,20372.9,20461.1,20091.4,22455.8,19080.7,20012,17364.7,19470.2,23152.2,18514.7,20439.6,23022,20413,20086.9,17952.3,23753.2,20879.2,22875.3,18758.5,22945.3,20772.5,18594.7,18959.1,20146.3,21842.9,19973.2,20662.4,21289.8,19614.3,21546.3,21059.2,19971,17335.8,23502.3,20573.2,22598.5,22498.6,21585.1,18585,19541.8,21819.7,19545.4,19427,18157.7,20231,22830.4,20075.2,18755.2,19528.5,19528.9,18951.4,18880.2,19142.2,21577.2,20580.8,20609.8,22838.8,19134.7,21692.8,20600.4,20203.9,24193.9,23796.7,18885.1,19423.8,25230.6,19088.5,21003.6,23169.1,22365.3,22482.2,22905.4,22088.8,23358.5,22350.8,23945.8,25039.2,23165.1,20811.3,24464.1,25512.1,23759.5,25730.4,25966.6,22480.6,22673.5,21081.9,21452.8,25132.3,22100.1,22818.2,22837.3,23556.7,21507.5,23375.4,21533.2,22674.1,21085.7,23423.9,20782.9,21602.7,22479.8,25449.5,23648.1,23946,19177.9,24978.1,21320.6,23052.7,23729.1,20267.6,21417.7,24503.7,22549.4,24925.5,21688.4,25056.6,20969.3,20181.1,25897.3,20073.8,25166.6,21007,23069.6,20539.3,21662.2,25304.4,22515.3,27388.1,27121.1,31452.3
31727.2,32675.1,27539,24111.4,26581.2,22006.3,25338.3,19915.4,21208.1,23490.6,21000.5,20635.9,18481.3,18966.6,19028.4,20712.1,18845,21221.6,21966,20054.9,21041.2,20784.5,19351.2,19385.7,22897.5,19710.1,21020.3,20988.4,22002.7,23901.8,18177,22466.7,23352.4,22140.1,19402.4,18566.8,23301.8,21432.5,20438.7,22764.2,20934.5,17948.3,19618,20095.1,19102.1,21060.8,17896.2,18568.8,22491.7,17687.3,17858.4,20866.8,17496.6,18741.3,17989.1,22831.1,22041.4,18576.6,16819.9,22499.8,19163.9,23169.3,18870.2,19015.7,19716.7,18921.5,19445.6,22067.7,19609.2,20050.3,19687.5,23354.3,19172.3,18477.2,23015.7,21776.8,23783.6,19774.9,18855.1,22803.2,20314.6,23504,18980.5,19471.6,21470.9,19444.2,18899.6,20592.2,19052.4,17516.9,21867.7,18912.2,20193.1,20101.9,17583.1,17793,21152.5,22607.5,17135.1,18273.1,18555.8,18321.2,20242.4,18794.9,18446.1,20633.6,22806.3,18348.4,19156.4,17043.2,18022.2,17065.8,17843.6,18212.6,17567.4,19767.5,19253.3,20555.2,23701.4,17596.6,21311.3,20313.1,20501.2,21460.9,18712.9,18309,22928.3,23035.2,20326,22916.9,19667.7,20050.2,24708.9,21004.3,18947.9,17877.9,19861.4,19597.4,19530.8,16976.6,19221.8,18232.6,20056.9,17082.9,19599.8,20118.6,16941,18783.3,19438.6,23002.6,21731.4,17284.8,22304.9,19924.1,15422.7,19103.6,20044,18878.2,22525.4,19778.1,20675.2,20109.7,18530.5,20383,20933.2,20133.8,20650.9,21164.3,23457.2,20283.7,23824.2,24161,21269.1,21132.5,22193.2,24118,23535.2,23898.1,20974,22859.4,22543.7,23498.3,24201,24132.3,24750.6,20904.6,20769.7,21117.1,22768.6,23499.1,18881.2,19205.1,20856.9,22610.7,23146.4,19605.4,19362.4,21032.5,24641.9,23754.9,21186,20634.2,21645.5,21861.7,22388.7,18542.7,22603.3,20833,19916.2,20952,23571,23681.8,20048,23611,24186.8,21813.2,19046.6,19819.5,23932.5,22358.2,20972.7,21362.3,18557.4,24137,22729.2,23446.4,24005.9,18252.4,22550.3,18259.3,22641.5,23431.1,22073.5,19115.2,20878.2,20545.3,17333.6,23317.4,17990.1,18078.3,22041.5,22575.9,23499.4,24273.5,23978,19858.6,22694.3,20281.5,20510.7,18735.4,20404.6,21526.8,22926.5,21206.5,23224,23446.5,18572.6,22106.7,20377.1,22800.1,17164.9,20519.2,20385.4,21362.8,18823.8,21812,23036.6,22011,19796,18916.2,20685,19288.7,18776.8,22209.9,17879.2,20111.3,20924.2,20339,17200.4,21180.7,18732.8,18261,21685,22767.2,22797.2,17127.3,22894.7,19602.3,18301.9,20497.4,21191.1,20096.5,20817,20483.5,17945.8,19410.4,17692.8,22904.9,20933.8,22576,23407.8,20258.9,17849.7,22208,23709.2,23856.3,21970.8,20682.5,23227.1,24537.5,19055.2,22002.9,21567.7,19078.3,22305.7,20603.1,19322.3,19778.2,20249,20516.2,24312,23031.4,20848.9,24683.3,20383.5,23335.3,25232,22584.5,21396.8,19177,23175.1,20447.9,24993.9,23572.6,21874.7,24535.9,21227,20843.9,24713.2,23495.3,22235.9,23423.1,20630,22546.8,23341.7,23094.3,23970,24905,24618.8,22379.5,23976.6,20040.6,20756.8,23561.6,24296.1,24033.3,25883.8,22672.4,23622.6,19841.3,24949.6,23508.7,21656.3,25306.7,25564.2,25618.6,21267.2,19662.1,23479.6,25544,21894.8,20505,23362.6,24793.9,24989.2,25911.1,23962.9,20397,21336.3,24333.8,24580,24861.5,30419.1,33568.3
33176.4,30376.5,25803.3,27666,21468.5,25753.1,23470.7,20781.4,20814.5,19541.2,21267.5,20804.7,18109.9,22869.1,20166.6,19291.3,21384.6,19259.1,23123.3,20998.7,21311.6,20185.6,22695.4,19007.1,24034.1,19445.4,21939.6,20531.7,17969.7,21792,22950,24009.1,24497.2,19252.5,20126.2,19028.9,20509,17792.5,17752.9,19803.7,17740.6,18179.6,17869.2,17182,17475.9,20469.1,21314.9,20335.6,17543.4,17065.6,19146.4,23249.9,19231.9,17242.9,19996.2,22812.1,19186,19702,20105.4,20566.3,22915.3,20035.9,22220.1,21398.8,18448.6,17069.9,18445.4,21583.8,21713.5,21256.1,18735.7,22022,20697.8,22119.5,18839.2,20523.5,19595.2,20222.6,19615.6,18231.4,22121.2,20970.1,17875.9,19068.9,23349.1,21562.2,19763.9,18106.4,18781.9,17268.7,20413.9,22441.2,21556.5,18947.3,22528,23323.8,18213.8,22006.3,18568.2,20298.4,20431.7,22042.2,22766.3,19652.2,17019.7,18882.9,19884,19356.2,17200.3,22564.1,18048.4,22374.9,18443.6,18245.9,17524.8,17406.6,23378.3,23117,20121.8,21836.8,18461.4,22717.9,17691.5,22180.2,18015.4,18291.1,18846.7,17849.9,20498.1,23049.2,18858.9,21466.9,21245.2,23783.2,24327.9,22390.3,19269.6,19718,21324.7,19786.8,21407.8,18188.9,16905.7,18836.8,19105.8,18133.6,20902,21655.3,20341.8,22566.1,17492.8,18392.5,22495,20289.6,16576.9,17026,18429.1,23005.6,23780.9,20348.9,23106.2,21562.9,22391.3,19367.6,23788.2,22804.8,23598.1,20050.5,19353.6,18690.1,25155.2,24805.5,20397.8,23878.1,20920.7,21306.8,23851.3,21672.1,19288.5,24964.8,25269.4,21065.7,19218.5,20018.9,22962.8,20501.5,20427.5,21984.7,20054,22803.7,23623.1,21763.6,21444.5,20601.7,19139.3,20996.7,24497.4,24447.7,23083.3,21790.7,18655.7,23641.4,18639.9,21460.6,21753.5,20314.3,24052.4,22704.3,19419.5,21924.8,19702,21146.5,18210.3,18359.2,23038.6,18497.8,21534.2,21423,22722.9,24200,20822.1,22025.8,21350.5,21261.8,17968.1,24189,23982,20381.7,20849.2,21870.5,17160.1,21435.4,18020.8,19883,21578.6,23481.8,21740.6,19052.9,17710.2,17488.7,22241.2,22002.7,17645.3,23456.5,24099.1,21684.4,22681.1,21948.8,22237.2,19835.1,18952.8,24207.8,18911.8,24003.1,20147.8,22936.6,22237.1,22058.4,19869.5,20701.1,17569.9,19207.4,20499.9,23578.8,19470.2,19586.4,21234,21501.1,18747.1,22206.3,23710.8,22748.2,20723.2,19135.4,17694.4,20216.9,19084.5,20572.5,17178.3,19891.7,20516.7,23547.7,21854.6,21278.4,21441.1,21705.1,23425.3,22758.8,23140.3,21772.6,18890.3,23804.9,18742.7,23308,21110.4,22152,18135.7,18316.7,23228.3,19783.4,22923.1,23626.2,17523.6,23790.4,18267.7,23851.4,21625.1,20945.1,22946,23254.8,19906.5,23964.3,22355.9,18891.9,21397.6,24662.3,18820.2,23900.3,24814.3,21151.4,20621.5,25216.9,18845.9,24584,22945.3,21347.9,24696.2,22632.4,20436.7,18864.8,24827.7,22388.2,19323,24381.9,21830.7,25055.4,26339.9,25665.7,22911.4,23365.2,21050.7,24364.8,23287.9,20605.3,21946.4,23723,25471.5,25975.1,22768.8,25089.1,21543.5,20990.7,20738.8,25420.7,22193.7,22775.7,20748.1,23446.7,20365.4,24587.9,22368.4,23560.5,22385.7,24440,20464.6,23217.4,23238.2,21562.7,20618.9,24588.3,21717.2,19843.1,22844.7,23744.2,21794.5,20059.7,24943.2,22060.5,25013.7,26343.4,25506.7,23859.5,26821.9,34371.3
36205.4,32766.7,29470.2,26037.1,24824.1,21289.8,19557.6,19635.3,22272.3,21880.4,22291.7,19166.5,19731.6,23835.6,19703.4,22833.6,19899.6,22801.6,21883.2,23607.1,23549.9,22956.2,24193.5,22471,20228.8,20445.7,19916.4,22233.1,21815.1,19337.3,19116.3,19298.8,23799.3,19868.2,24138.7,21741,20701.8,19008,22089.2,22029.7,22375.3,22068.4,20376,19722.7,18118.9,21456.1,22097.3,22673.2,20117.6,22828.2,21482.3,22406.7,18113.9,20386.7,21168.1,17802.6,20764.5,20898.3,19088.3,23139.4,17213.3,21988.8,18303.5,22881.2,23149.5,22226.3,21882.6,23185.8,19720.8,21033.6,22273.2,20474.9,19109.4,19441.8,20505.4,18339.7,22687,20406.2,18585.7,19853.8,18442.7,19978.9,19404.1,19611.8,20380,20526.3,18920.4,22679.6,21338.2,19137,17732.8,17657.1,21907.8,20859.8,23266.3,23389.2,23667.4,18638.3,20405.2,18154,19296,20407.3,20255.6,22947.1,22981.2,18477.9,20754.9,23194.4,18117.2,16791.1,19939.6,21365.8,20901.3,20764.1,17493.7,18291.2,17269.6,20986.1,17434.7,19159.5,18625.9,22689.8,22411.4,22289.9,18427,21760.9,22074.1,18518.8,20879.2,20221,18621.6,23711.3,20351.4,24008.5,19653.3,21666.1,18067.2,20405,21926.2,23258.3,18556.1,16885,17950.2,19402,23224.2,22506.6,21778.9,21175.5,22691.2,19055.8,21445.8,20229.2,18553.8,22563.9,20422.1,18686,23510,22163.7,21546.4,19071.6,20589.8,22812.5,19741.5,19063.6,20618.1,19917.8,22519.4,19579.7,23837,24989.4,22869,22926.2,24603.7,23950.8,20639.6,23947.4,23522.2,20855.8,18959.4,24572.2,24271.6,22669.2,22530,19981.4,20560.1,20190.4,19315.5,25093.8,24808.5,20947.2,19041.5,21590.7,20948.7,23940.5,21706.6,19165.9,21455.4,24645.1,21342.3,22239.1,22633.9,22458.8,21654,19085.1,21433,22444.6,19549.1,23290,18056.1,20697.4,19663.8,19630.5,20796.9,19784.2,18486.5,20704.9,20305.1,23837.1,22957.2,18107.5,23116,23400,20196.4,24391.8,19141.1,22262.2,23949.8,19214.3,18362.5,22502.4,20537.6,19232.6,21419.7,21987.3,20049.9,22309.2,21113.3,23517,20422.9,20917.7,23383.8,22095.6,23840.1,19801,17677,19665.8,22966.2,18450.7,22642.8,20053.7,20267.2,20340.1,23943.9,22049.5,23778.3,23475.7,18937.8,19627.5,18193.4,23772.5,17696.3,17881.8,18608.3,21822.8,20109.5,18311.2,22332.3,23234.2,23455.7,22703.7,21093.7,19484.5,17852.1,22932.7,21531.8,17622.4,23494.3,22347.2,21172.5,23231.3,18320,21532.7,21317.1,19229.2,22689.1,21177,21044.8,22312.7,23412.4,22271.3,22110.2,23134,19562.7,22514.1,21952,22834.3,21058.7,17353.1,23673.4,23562,18635.1,18063.7,19199.3,18900.7,18939.7,21489.3,23243.7,17807.9,22136.9,21455.1,21687.6,22990.6,23387,22184.2,21720.4,19635.4,23916.6,20777.2,19149.1,22811.6,20660.7,22232.1,20851.6,22291.4,24404.3,22927.2,25535.4,21110.5,23484.2,22850.6,21931.1,22027.3,20540.5,23996.3,25445.7,25158,25710.2,20801.3,23272.4,25031.7,22330.3,24454.9,20657.1,25816.8,25002.2,22011.9,22886.9,21951.8,25633.5,24643.1,22795.1,24993.4,24255.5,20985.7,20915.6,23820.7,21037.6,24819,21859.5,24715.1,25688,22103.2,23331.5,22835,25691.2,23889.5,24285.7,23078.6,20820.6,25599.1,19809.9,20960.5,19488.1,22283,20561.6,23806.1,22033.9,23260.5,21367.3,25331.3,22019.6,24309.1,27478.2,34702.6
34995.2,27338.2,29658,27082.4,22346.5,23240.7,20438.4,24575.8,24070.4,18241.5,19136.6,21787.7,19956,20291.4,19177.9,20906.8,22813.5,22560.2,22071.5,20413.4,20188,23927.2,21418.7,24097.5,18447.3,18150,18951.5,20026.8,23301.8,24164.2,21830.9,22700.7,23300.4,23325.5,19164.6,18607.1,18118.7,20746.4,21286.2,19944.9,20192.3,22974.6,20041.3,18559.6,22772.9,19363.6,23000.5,19463.5,21858.4,18730.1,22304.4,19600.6,20317.8,18912.1,17443.3,18940.3,17749,17022,22334.9,18601.3,20046,20498.2,21572.3,19735.7,21764.9,23170,17007.4,21722.4,19514.8,17104.6,23223,18006.4,17349.1,20783.1,20055.4,21875.5,22971.5,20245.5,23555.7,20631.8,20437.3,20966.3,19481.7,23608.4,21813.2,21799.7,20613.7,19453.3,19741.1,22197.6,21636.2,20928.6,17224.2,21234,22290.4,21755.9,21964.7,21231.8,23501,20318,22501.2,17668.9,21305.4,19142.5,22020.8,18461.3,20847.9,20996.1,22923.2,20437.2,20145,20569.9,20808,17283.1,20536.3,20371.8,20389.6,17488.8,19182.4,20796.6,19038.1,22360.6,18398.8,22433.7,18985.3,19633.9,19869.5,23819.4,20642.5,24340.6,24611.2,23291.2,18240.7,24631.1,21183.4,20153,21267.5,20138.2,20125.9,22199.1,21976.1,17613.8,17283.5,21975.8,18177.5,19166.6,18900.5,21634.6,17732.1,20400.7,23424.7,19547,18342.8,23058,19068.5,17057.6,20099.3,18831.3,17661,20546.9,19866.3,18033.3,23536.3,19498.2,22359.2,20290,21549,20010.8,21868.2,24616.7,23287.6,21689.6,22603.9,18743.8,21607.6,18948.9,19531,21713.8,22245.9,23936.9,23279,19656.3,21441.1,23786.7,23827.9,25681.5,22703.2,22948.9,24242,23098.2,22853.8,19551.8,24176.7,21617.4,23655.7,18888.4,22374.6,23178.1,20622.4,20885.4,24552.3,22821.3,21400.6,21088.3,24653.8,18932,19560.1,22178,18275.9,23393.6,23109.2,19240.2,19377.9,18587.2,22257,23699.6,19596.9,22536.3,18657.2,19282.8,20923.3,18679.9,18793.7,23575.6,19303.9,23784,19945.2,17687.1,18396,23650.5,18960.6,20049,19183.3,21168,19316.4,20894.4,17240.9,17410.3,17916.9,23773.9,23127.7,18142.1,21768.3,20103,23359,19914.6,23147.1,21887.1,22227.9,19546,21936.3,21994.5,18832.8,18071.3,22043,21228,18466.7,20873.7,20701.2,17824.6,18761,19039.2,17928.5,18673,20185.3,20819.6,19191.3,19019.9,22685.7,19944,23520.3,20475.9,23676.9,21506.9,21818.2,18452.8,20345.2,17887.8,19889,21408.8,22512,18050.1,23535.8,18961.4,17834.6,20209.7,20812,19427.8,21398.4,17836.7,20764.9,17288.2,21268,18961.2,17180.1,22197.8,22973.2,21898.4,23614.3,22459.3,23665.1,18790.4,18270.6,21440.4,23490.8,21074.9,23314.7,22132.4,20092,22352.5,23203.1,20440.8,19662.1,24295,23868,21343,21873.9,19325.1,22607.6,23891.8,24623.1,22002.6,19309.2,22413.4,21608,23895.8,23627.2,23063.5,23741.1,21132.6,23172.2,21408.2,25260.7,20339.9,22789,23132.3,25221.5,25705.6,24379.4,24357.3,25912,23661,20563,25013,20377.1,23153.4,25972.2,21717.1,21919,22853.8,20846.7,20033.7,22166.9,22068.2,20034.8,19801.3,24424.7,22641.6,23704.6,20752.4,23248.2,22291.6,24127.4,25045.5,21227,22203.8,22253.5,25380.4,20984,25389.9,24193.9,24935.5,19975.4,19979.9,26047.2,25732.9,25663.1,21843.4,24610.7,20815.8,23524.7,28342.1,33436.5,34359.3
31648.6,30867.1,30159.1,26771.8,20847.5,21264.7,24002.1,20714.5,20728.5,22152.6,22354.9,19522,21447.9,19836.2,19648.8,23022.1,23452.3,23508.5,22239.8,21599.1,18163,18033.7,23283,23854.7,23699.3,19735.5,20121.3,21905.7,23742.3,22429,23706.7,23563.4,22512.5,20773.8,23251.1,22687.3,24018.2,18393.2,20117.9,22303.8,23005,17923.6,19945.4,18564.4,21126.7,18286.5,23654.9,23171.7,17923.3,20811.7,17437.3,22597.9,21893.3,17342.5,22192.7,20622.6,20349.6,21105,18422.9,22505.3,19246.4,21186.4,20327.7,22044.5,17725.7,20844.7,19863.2,21952.3,20359.1,19784,23165.8,18292.3,19089.6,19322.2,19538.3,18038.2,18290.1,19665.7,23354.8,19132.4,22680.7,19220.8,23392.6,19922.5,22818,19541.5,18352.7,21084.4,19286.5,21730.5,21990,17581.1,21509.6,18969.9,23119.2,23925.8,19491.6,19447.1,22195,23153.8,20535.8,21643.9,17176.4,18101.5,18421,19180.6,17395.7,22855.7,18149.3,23178.6,19959.7,18716.4,19919.4,23208.4,20114.9,18295,20059.1,23229.5,22075.3,22415.2,18588.8,22257.7,19010.2,23275.8,20493.2,23698.4,18066.8,18910.6,23020.2,19701.6,23839,18997.7,20718.8,24503.8,22767,18775.1,19276.6,22814.3,19122.1,18087.5,16860.4,20790.6,17536.1,21548.8,23310.8,21768.9,18760.1,21995.3,19326.1,22848.3,18070.3,20446.4,19924,20551,20963.8,18477.3,18592.6,22076.2,23481.3,19383.2,20289.8,24100,20876.2,19275.8,19522.3,19012.3,23799,20615.6,24825,18960.6,23198,23956.3,23060.2,24659.2,22154.3,20354,22226.3,24396.4,19283.7,19915.2,23452.3,21375.1,22687.4,24187.4,21331.9,20210.1,24584.6,20963.4,24742.2,22986.1,19318.4,19005.6,20725.7,20425.7,23077.6,19048.1,22620.3,24298.1,24080.8,23984.2,24013.1,23928.5,22117,22168.4,19610.3,18482.5,22075.8,18344.3,17956.6,19601.2,18450.6,18446.3,18423.2,21589.7,22265.1,20354.9,24216.9,17973.6,19981.5,20460.3,19398.7,24311.1,22113,20742.6,18656.3,19593.4,24194.3,22887,22758.1,23172.5,17761.2,21809.6,17598.5,19754.5,23573.6,20116.4,20143.9,19057.9,18283.3,22943,24129,21270.2,23585.3,22029.2,20877.7,24240.7,18049.2,19830.5,20935.2,18874.6,20555.8,23404.3,21283.9,20618.6,23913.9,23819.5,21151.9,19732.4,17715.1,23714.2,17791.9,17588.3,17999.1,23348,20460.9,22620.8,17691.4,21247.9,20096.7,18936.9,21995.1,20010.5,23777.7,20636.5,20339.2,23785.1,21583.2,20537.2,22816,17733.5,22373.2,22537.6,21529.6,21374.8,22186.2,17477.1,20732.5,19529.9,21527.3,20356.9,18412.4,18446.8,20925.5,17698.9,17470.2,18248,18520.2,19720.3,23478,18204,22029.1,23450.9,24144.5,19919.6,20186.3,23487.5,20612.5,17865.3,21662.1,21795.5,19381.4,23651.4,23737,23483.9,18600.2,22998.5,20927.3,24880.5,22086.6,24768.1,20707.4,21211.6,21068.1,25442.9,20481.4,20052.8,22378.3,19555.8,22794.2,23482.7,23996.7,19861.4,24976.7,20732.9,19815.2,26297.4,22109.5,23205.3,26214.4,21931.5,20399.5,24649.7,21821.8,21831.7,20831.1,20618.9,23152.8,25658.1,24717.7,25301.2,21591.4,20142.9,19634.2,25687.8,23296.2,19600.3,19683.1,21139.8,21244.6,22617.1,24834.4,21929,24776.5,25681.6,21109.8,20137.2,19450.6,24619.4,20096.9,20086.6,20072.1,22165.8,21263.7,23465,23494.1,24535.7,20600.6,22350.2,24950,24437.2,22424.1,24576.6,27480.9,32127.4
35454,27832.5,27096.8,26059.8,22993.6,24673.6,23982.4,23486.6,20843.2,24333,23730.6,19539.9,21400.9,18110.5,18446.8,19056.8,18900.6,23481.1,22529.9,19112.1,19462.7,21885.2,18750.7,23748.8,19005,18833.8,22300.8,18315.9,18018.1,19998.8,19924.6,20358.8,20109.3,18259.5,19778.8,20397.5,21876,20852.5,20841.5,22279.7,22290.7,18451.2,19425.9,18383.1,22197,19003.1,22848.6,19119.1,19531.3,17781,19158.9,17641.7,22249.5,20700.6,18581.7,22424.5,20120.6,22557.1,20123,20200.7,17363.6,19277.6,18215,20927.9,20458.7,22341.4,20118.8,17516.3,20404.3,21714.9,17862.1,22163.8,19875.7,17271.2,18268.6,21242.1,22823.3,19802.6,17739.6,17491.6,23218.1,17497.5,21794.9,21603.4,22548.7,21857.4,22008.1,20390.9,19804.5,23604,19271.9,17461.1,21729.9,24012.2,24037.3,19982.8,18775.4,20646,21009,18415.5,18991.3,19854.2,18565.3,17487,23366.8,22761.4,23580.7,20688.6,21975.1,21474.6,18583.1,17168.1,17381.5,17787.7,21747.3,22409,18824.8,18845.2,23824,21677.6,19522.9,20540.6,18630.1,19059.1,20933.2,20095.5,23057.9,18948.5,18686.1,24229.9,21016.6,21281.5,23987.1,18856.9,23601.7,20742.4,19220.7,18362.5,20166.3,18737.2,17680.3,20724.2,21450.9,18780.9,17138.6,19960.4,17870.9,19666.6,22023.3,23686.2,18547.3,21551.7,20643.6,21442.3,19498.2,19926.2,20563.1,20202.1,22827.9,24003.9,22049.7,20397.6,20805.6,17629.7,17975,21837.4,22872.6,22404.8,23425.6,22460.8,23288.8,23810.7,23153.3,22426.8,24382.7,20525,22929.4,20056.6,19104,21229,23532.4,22234.2,20215.4,19664.2,25088.9,21952.5,24908.6,24839.6,21837.8,23155.5,22758.8,24101.6,24914.1,20900.9,23843,20454.8,18916.4,21460.8,23228.7,19474,21746,23953.7,19720.6,23912.3,18636.2,22568,19231.5,20266.8,24209,24084.5,19174.2,21242.2,20189.1,23446.8,19915.2,21043.8,22056.3,22172,18079.4,22424.6,19534.6,19788.9,18269.2,23695.9,23062.6,18308.7,18149.8,22997.6,17981.2,19364.7,18957.4,18377.1,22595,18837.9,20151.5,17956.1,19895.3,17594.6,21245.8,22304.9,21489.1,23673.4,17819,21386,17836.3,21756.6,17833.5,22419.2,22716.3,21345.1,20713.9,20650.5,18265,24432,24209.9,19013.5,20635.6,20750.6,23012.2,23538.4,19672.2,19845.1,17987.5,20571,18099.2,22345.2,17994.5,18006.9,21851.9,21136.2,24224.5,22848.5,20094.2,18771,23372.1,19130,19528.9,22680.6,21923.1,20725.8,20213.7,23262.8,22337.4,21829.9,21327.1,19406.5,18321.2,19756.3,21854.4,23510.5,20203.4,18513.2,18090,22119.8,22277.9,20348.4,21123.7,22007,22704.1,22511.2,22855.6,22937.5,20838.9,21282.7,20599.3,19609.9,22096.6,21717.1,20661.5,18371.4,21318.7,19671.9,24313.4,23172.6,22361.8,23927.1,24477.4,19927.6,20218.5,23040.3,25163.4,19354.9,23430.8,20736.6,24730.4,23763.6,18783.5,20058.2,20759.9,19135.7,20628.5,20095.1,22509,22755.6,22948.5,26342.1,22676.7,22460.5,25622.1,24052.6,22628.2,25097.9,23131.4,22337.3,24292.8,22587.9,25512.5,22725.6,24432,23604.7,22718.5,20908.2,20218.7,25367.2,23795.7,25306.4,25972.9,22619.9,19886.3,25483,24178.3,25540.1,25491.5,19529.6,25394.9,21561.7,22498.1,20073.9,23671,25735.4,21940.6,21073.9,21328.7,22536.7,25821.7,25124.5,22256.1,25097.8,21734,24960.3,25077.4,27927,27371.4,33876.4
33981.3,32159.8,25543.1,26387.9,24981.4,24245.2,25431.9,21765.1,24601.3,18853.3,22025.8,18620.2,19443.2,21711.5,23194.1,21956.6,23110.8,18981.7,20663.3,23611.1,18396.6,19999.3,20623.1,23835.3,23852,20224,21515.3,20803.7,21040.3,23921,19304.8,20718.1,20933.1,18254,19035.5,20335.6,18696.1,20300.4,23604.7,23688.3,23718.2,17712.3,23061.5,21882.7,19056.1,20548.3,17386.9,21114.3,17370.4,18322.6,23431.5,20321.6,20547.2,18304.8,17307.2,23314.8,17648.2,23351,20161.2,20819.9,17318.8,21395.5,19323.2,22302.2,17652.3,22985.6,23531.8,21866.4,22490.3,18609.3,17267.5,20932.8,19852.3,23106.1,20893.9,23643.6,18846,21485.4,17495.2,20325.6,23765.1,18129.7,22969.4,20112.7,20610.7,23563.9,23611.8,19429.9,23961.3,21808.3,21046.3,23237.6,22046.9,18136.9,21319.4,23025.2,17712.6,23587.1,19677.8,21369.6,19169.9,19868,18565.5,19371.2,18008.3,19214.4,19270.7,22161.5,19333.6,17116.7,20617.4,20488.6,23676.1,19998.4,18187.3,17439.8,17877,22087.9,22811.4,18186,22834.2,18642.1,20872.6,22131.5,18102.3,24340.8,19085.9,17943.1,22938.6,23149.8,20486.1,21121.7,19647.9,23985,20078.2,20906.8,21211.1,21077.4,19098.8,21655.9,17423.6,17099.1,17936.1,17781.3,21666.6,18679.2,17422.5,17397.1,23710.3,18831.9,20443.2,20458.8,18178.1,20373.8,17037.8,19003.3,19490,21112.1,23697.7,20313,18919.6,19597.4,22414.1,19327.7,21864.8,20974.9,23160.5,23445.9,18960.8,20273.8,19193.2,24753.3,22137.4,20241,20197.5,25008.8,25048.9,19427.2,23633.7,18990.5,21064.4,21838.3,24499.3,20863,23077,24731.6,25077,22770.7,22850.4,23055.6,21128.1,24349.2,23793.8,23475,24389.3,24836.5,20072.1,22839.6,20653.6,19034.5,23080.9,19155.7,22856.2,19296.2,20932.6,22606.6,22188.8,19121.7,18148.9,21874.2,18678.9,20131.3,24132.9,20384.3,22484.9,19591.9,20445.4,22679,19004.2,19338.2,21598.7,23759.6,21301.8,24172,23617,23635.7,19820.2,18658.9,23507,17820.8,22230.5,23115.6,21428.8,20596.5,17774.5,19215.2,19213.5,19092.5,21361.6,20398.6,20828.4,21161.7,18292.6,21741.7,18179.7,20084.5,24036.6,18204.3,18894.3,22999.1,18253.8,18049.7,24144.8,19469.5,24004.5,19441.7,18115.5,17563.9,23344,19581.4,22097.4,23633.5,21356.2,22917,17414.3,19128,20257.9,23545.6,20967.9,18362.8,23141.5,19525.4,18016,21863.3,21759.6,22402.6,22488.4,22833.3,20310.4,19557.3,19958.3,20341.9,22343.6,22220.3,18290.8,17862,21332.2,23383.4,19269.2,23594,17925.3,17386.3,22778.1,20687.2,17500.4,18629,22865.6,22199.2,21841.8,20080.5,19221.7,18686.5,18901.3,20808.7,22714.7,18198,20826.7,21668.6,22707.3,23706.9,21401.7,24288.2,20180.2,20923.9,22907.5,24728.8,24247.8,21236.3,20606.3,20661.8,23583.1,22994.5,19554.7,24731.8,25119.9,21856.4,21067.8,21284.7,24946.1,24026.4,20865.9,21668.4,20074,20423,24460.6,24153.5,26015.7,24580.6,22593.6,22800.4,20206.6,24528,22445.1,22644.9,21493.1,20721.2,21016.4,22509.4,23534.9,23130.3,25918.2,20750.5,19485.3,20830.4,19946,20723,19872.4,19892.8,19933.9,20669.6,21950.8,22082.4,25606,21720.6,20561.6,24026.5,21308.9,19551.4,22450.5,20188,21535.1,19639.3,25861.5,25006.6,25009.9,23984.1,24274.2,21641.2,25126.1,21615.9,24722.2,27559.6,28185.3,36290.5
36748.1,30575.6,25769.3,25821.1,25597.8,20741.6,23173.6,21751.4,18673.9,20280.6,18434.2,19073.8,20560.9,23257.5,23469,21514.3,19428.1,21686.5,18909.8,21740,23972.5,23326.6,20083.5,20891.5,20970.7,19267.6,20246.2,21336.5,24165.1,23904.9,22823.6,21030.1,19856.8,24208.1,23389.3,20554.2,20526.3,21660.6,20672.6,23145.3,19128.9,21231.1,22654.9,23134.9,19081.5,23662.7,21210.8,19102.9,17605,20590.8,22874.4,18774.4,17835.8,20824.6,18464.2,18805.2,20758.8,18677.9,20636.6,17434.7,20873.6,20190.9,19202.4,21567.6,22366.5,19149.2,20970.9,18069.2,21312.2,18975,20412.6,20447.9,22304.7,20062.5,20364.1,23029.5,21059.8,17560,21809.3,19483.1,21623.2,19562.6,19515.5,21870,18350.8,19462,17701.8,21004.7,21165.1,21365.2,22445.2,23551.2,20957.4,21538,21124.4,20527,21830.7,17806.1,17306.4,18120.4,23643.9,18427.6,19971.8,21729.3,17520.7,22681.6,17718.5,22952.7,23236.9,18921.3,22032.1,22531.7,22950.6,18891.4,17207.4,18116.1,20845,22221.3,19417.1,23262.1,17883.4,18196,18052.5,22893.1,21682.9,21627.5,24274.7,20387,21392.7,19344.1,19608.2,23587.5,21509,18804.2,23023.9,23025.9,18933.5,17249.5,18807,17986,20126.3,22313.6,19500,18545.5,18411.3,19520.3,22401.9,23026.6,19453.4,22310,18488,22112.7,19880.3,23304.1,20202.4,20447.5,20156,18190.3,18649.9,22497.1,22535.2,22436.1,22464.6,19974.1,22130.1,20515.3,23197,23977.1,23502.2,24284.9,23533.4,20921.8,21474.7,20195.8,19777.4,21697.9,21826.1,19916.9,19967.5,19203.4,21132.5,23903.2,20132.5,20828.6,23566.5,19855.4,22009.9,21672,24593.5,19655.4,21701.7,20043.8,18737.9,19489.4,20850.4,20695.3,20150.6,19664.2,21172.7,20794.4,20665.9,23698.6,22813.7,24977.3,21395.5,18187.2,18533,20593.9,22110,22189.4,18733.5,20406.1,23774.1,23819.1,20645.7,21862.6,23574,23917.2,24544.6,22720.9,22590.9,23309.4,22565.4,18832.5,22321,23397.4,20353.6,22913,24008.1,18059.1,19118.7,20079.6,19127.8,20163.5,21371,17899.1,20036.3,21100,20389.1,19812.9,22863.7,19993.2,18353.2,17655.8,19724.8,24053.2,23628,18268.9,23508.7,21300.9,19783.5,19702.5,21176.7,22606.7,23833.9,23041.7,24219.3,23744.2,18505.7,21563.2,18149.5,23406.4,19066.4,22317,20146.4,18701.1,19335.1,23953.5,22014.9,21884.5,24333.1,22910,23800.1,22074.6,22891.9,20729.1,17965.7,20565,17369,22439.9,23869.8,21192.5,21841.8,19540.2,21042.7,17188.6,20651.4,22686.4,22408.7,17566.5,21659.3,23366.9,18956,19046.2,17745.5,23141.7,21767.1,17489.5,23566.7,22798,17685,18295.5,21500.2,20907.1,20522.7,23655,22257.7,22210.1,20139.3,18504.6,21855,24054.1,22661.4,20703,19289.2,22658.4,19326.9,24458.9,22417,20078.8,18977.1,22342.2,23769,22784.3,19142,25370.6,19686.9,23017.3,20526.7,21823.2,20643.8,24759.4,20004.6,21612.6,25226,24344,22198.9,23108,21156.8,26396,23045.8,26070.4,26151.4,21279.8,21651.8,22400.7,21035.5,24909.3,24657.8,23116,25564.3,21681.5,19398.5,24706.9,22220.8,19794.4,19339.8,22086.9,21015.1,24943.1,20074.9,25523.7,24518.1,20426.7,21182.2,22132.4,24534.1,23690.6,24420,24307.5,25592.8,22726.1,23290.7,26279.4,25671.3,20625.5,22604.6,24945,21186.4,23155.5,26199.9,27867.7,29569.8,32226.6
31903.4,33038.1,28554.1,25857.3,23898,22331.6,23622.6,23837.4,21887.8,23848.3,24571.7,24298.9,20696.5,24271.3,20001.8,22154.9,21712.6,24192,22425,23653.4,19644.1,19857.6,18581.1,23264.9,23522.2,19756.1,21017.2,21111.7,20811.8,20884.2,22092.5,22037.8,21004,20064.4,18792.3,20296.1,20171.5,22271.8,23783.3,20977.4,22282.2,20171.7,17729.9,17651.5,21864.8,23079.7,19118.4,22457.3,21398.1,22880.3,22409.5,21587.3,20940.1,22101.3,21073,18180.8,18204.3,20985.8,19574.2,23035.3,19971.9,19260.5,20955.6,19230.1,18152.9,18828.9,23257.3,22731.3,19487.7,22073,22348.7,19391.5,20212,23640.1,23473.3,17380.7,19235.6,18918.7,20940.4,22161.8,22599.2,19706.7,18756.4,21322.1,20316.5,17607.2,22885.2,21261.8,20339.4,23493,22405.5,20751.1,23834.2,23683.8,20884.4,22301.7,21158.5,19277.9,22946.1,22247.6,22627,17652,19016.8,18372.5,17317.8,22652.8,18543.3,20132.2,23263.3,19559,21140.3,17394.8,21501.8,18554.5,18025.3,22729.3,18681.9,23175.9,17551,23621.4,17498.2,23925.1,24301.6,19586.4,23477.1,18373.9,19898,24176.7,20518.9,20611.5,21312.3,19238,24193,23391.8,21901.1,20540,23654,19570.8,21120.1,22313.9,20364.5,20468.9,23335.2,20643.1,22287.1,20618.4,20118.6,19105.7,19145.2,23362,20835.9,19116.5,23476.6,22993,20267.6,20875.7,22596.7,19129.5,18176.2,20740.3,21316.2,24067.4,23163.1,21857.5,20313.7,21173.3,20088.6,21617.7,20830.5,25006.8,22160.9,22613.2,23408,22416.3,20156.5,19952.8,24006.2,24516,22341.8,21840.1,19553.8,22371.5,22751.2,22472.1,25267.6,25574.3,19507.7,22362,19439.7,24322.9,23870.7,21484.3,23777.9,24951.4,21728.4,25022.4,25231,23175.9,23877.8,23935.6,20740.7,22681.1,20789.6,20930.1,18430.6,20627.7,24541.8,23233.9,19615.9,20934.9,20189.3,23766.2,18873.1,18764.2,24530.3,22498.9,19094.5,19117.3,23997.3,5703.37,22626.3,22659.2,18697.8,21926.2,18564.4,21216.5,18700.6,19627.4,23077,20396.7,21792,20025.5,21421.2,18370.6,18148.5,18736.5,19057.6,21849.1,21137.5,22849.3,18301.9,23458.6,20464.3,23477.3,19825.3,19117.2,24296.3,24383.1,23866.8,21373.5,21492.1,22277,22686.1,21517,18344.8,18157.9,19813.9,20136.8,19991.9,19907.3,17643.8,22468.4,21756.5,20096.5,20845.6,20947.9,20739.9,21124,19150.6,24206.2,24388.4,22621.7,18088,23350,17860.7,21109.9,20117.7,23108.3,22863.1,21610.3,18023.7,19418.1,19794.6,17194.8,21785.7,20197.7,17421.4,22680.9,20158.3,18368.9,20183.5,17372.7,21794.3,23420.6,21379.8,17992.2,19860.4,23750.2,20181.5,23229.9,20394,17599.5,18614.1,18649.2,20695.5,21545.5,23393.2,23130.4,24090,22831.4,22519.8,19161.8,20797.9,24246.9,20602.4,24533.6,22638.1,21191.4,22194.9,20954.9,19529.7,21638.8,19567.4,23176.3,22081.3,25556,25666.1,22550.7,21761.5,25404.2,19108.2,25458.2,20785.3,24684.7,25839.2,24678,23857.1,25895.4,21070.8,25174.3,25568.1,25578.3,22973.4,26006,25346,26344,21327.3,21579.3,22135.2,23305.9,21043.7,25746.8,24330,24257.9,20125.9,23237.7,20978,22749.8,21289.4,26044.1,22257.3,20399.8,23882.1,19638.9,19216.2,19481.3,21406.3,20348.7,23948,23415.6,23744,23097.3,22940.7,21037.7,22667.8,23419,25078.2,24009,22895.7,21191.1,26102.1,29619.3,30112.4,37602.8
36488.4,28397.7,25539.9,22779.3,25624.4,24413.2,24728,24515.4,21451.6,24532.3,23545.7,21872.9,24327.7,21583,23547.8,19207.4,21443.8,18811.5,19085.3,19575.3,23993.3,23739.4,18932.3,20046,21916.4,18891.8,20093,20222.6,18967,18413.9,21123.5,23828.1,18102.1,18646.9,21115.8,18974.9,23292.3,18212.3,20528.3,23702.5,22749.4,20820.9,19134.6,18448.4,19380.8,20605.4,20408.9,18452.3,19919.2,22363.4,22971,18718.2,18585,21409.6,18869.2,21743.1,18693.5,20736.6,20172.8,20201.1,21646.2,20687.5,17734.5,17187.6,21234.9,18175.2,19924.6,17383.8,21888.2,22688.7,18321.9,22448.3,20634,22426.5,18517.3,20395.9,21161,17935.2,17921.6,19429.1,19619.1,17403.1,20388.4,17448.8,21688.7,20567.9,21222.5,24076.5,20515.8,23408.9,20752.9,22036.3,23564.6,17524.3,21454.7,19442.9,18495.2,18682.5,19957.5,18346.7,21729.3,20399.7,21086.8,17411,21440.2,22061.5,19212.9,23081.7,17945,20711.2,21644.2,19243.2,21767.6,18759.4,21345.4,22778.3,17631.3,19125.4,18769.9,21816.4,22380.1,22114.1,19780.1,22632,23345.8,23712,20159.9,22530.3,21046.4,23891.8,23783.8,19379.3,22154.8,23643.9,22135.2,18942.9,22929,20445.7,22582.7,18746.5,20895.1,20864.8,21835.7,18159.2,18016.2,20024.8,22335.9,18742.5,19305.9,19850.1,20717.6,19211.8,18508.8,22831.6,18645,21590.5,22748.2,19486.6,23782.7,18027.3,22069.4,19823.9,22850,18220.2,23477.4,22020.1,18553.6,22653.3,23094,22790.6,19284.8,23534.1,23412.7,24085.9,20187.7,21646,24668.8,24371.3,19247.2,22070.3,20499.8,23263.8,23887.6,22959.2,19303.3,24135.7,19678.5,24725.6,22593.2,23389.1,20727.8,23151.2,19645.6,19406,23791.1,22688.6,21315,23842.5,19664.7,18558.7,18948.4,20808.9,20168.2,23780.2,18486.5,19511.6,21455.3,22649.1,24380.3,20472.3,18674.7,24534.5,23375.3,20177.8,19097.5,24679.9,19637.5,19344.7,19364.6,20378.1,19940.9,18399,24238.2,18716.6,19321.5,21600.7,23583.7,22521.7,21462.6,17788,20129.2,21553.3,19340.6,23663.5,20224.2,18482.9,21970,18010.7,20425.1,23452.5,19791.9,23427.8,21621.8,20742.2,20734.8,18095.2,21256.5,20206.5,19135.7,20219,20245.5,19909.5,22317.6,21765.2,19211.4,22503.3,22129,23253.3,21552.7,21939.2,22185.3,17942.4,21480.5,18981.4,21126.2,23071.1,22379.2,18282.1,22114.3,22559.1,19237.1,18260,20054.3,19485.7,21485.9,20333.5,21386.8,20715.3,22207.9,22411.8,18320.8,21264.1,17284.7,17470.1,18453.8,20742.7,18810.6,23590.5,23358.3,21497.3,17769.3,21832.4,22398,21916,21563,21757.1,19702.9,22845.9,18535,19212.3,21867.8,23370.8,23360.4,24492.6,23110.4,22264.6,18736.7,20861.1,23901.5,20870.4,24262.5,24510,21683.4,20685.6,18886.8,20788.6,24193.8,24066.4,25336.4,23614.8,19551.5,19979.3,21203.1,21860.7,19753.5,21361.4,24868.6,21366.3,23027.7,19945.7,23594.6,21731.9,26106.4,25078.7,22614.6,24634.7,24042.1,24852.4,20650.3,23310.9,24223.2,26309.5,24935.3,21151.5,22540.7,21673,23139.4,22066.3,21495.8,26131.9,21904.6,22372.5,24578.3,25078.1,22148.2,21584.9,21436.1,24732.4,25292.3,23260.4,21993.1,21504.2,21753.3,22073.8,20549.7,20597.6,22271.6,24623.1,20020.2,19887.6,22937.5,24435.9,22991.6,25064.7,23095.4,24142,24740.9,23016.7,20187.9,24551.8,23208.2,24313.8,27667,31639.2
32564.6,29554,24628.8,25910.4,23072.5,23754,21396.4,22950.9,23612.8,19307.4,23613.1,20318.3,20069.5,24055,19828.7,22074.9,18347.8,20490.7,24509.9,21645.9,23689.8,18491.6,19245.2,21890,20206.1,23413.2,20044.4,21663.2,21402,18100.1,20488.2,21080.6,23646.9,22070.1,22190.2,23387.7,18604.5,20199.9,19656.6,21002.4,19011.7,21480.6,20966.4,19970.9,22392.1,20767.4,22347.5,22607.5,19445.2,22320.2,19620.6,18164.4,19449.4,20760.3,23243.8,20408.2,20905.6,18417.3,20022.5,22001.5,18884.2,17969.7,18440,22549.9,20625.9,22183.9,21555.2,18542.3,20044.7,23033.4,23038.4,19717.5,23766,23053.7,20094.6,18591.1,22188.2,18057,22042.2,19037.7,17907.7,23306.8,20620.5,18801.1,23551.6,23493.8,21423.4,17986,19810.2,23743.8,21609.8,22214,19767.5,20298.1,20085.8,23890.3,19677.8,18822.6,22040.3,20373.5,18239.1,22877.1,17889.1,21379.3,19433.6,17121.7,20433.7,21255.9,19109.2,23259.9,23661.2,19915.8,21482.7,21400.9,23070,19830.6,19381.7,21079.7,19150.8,23048.5,22615.3,18551.6,22035.6,23381.7,22951.7,24545.6,22683,23720.7,18469.4,22255.8,19694.6,24377.8,24495.3,23540,19026.2,21834.7,17787,23320.1,16985.5,22776.6,18246.7,21941.1,19088.6,21581.2,22290,20721.7,21161.1,20562.5,21382,17797.9,18348.4,20008.7,22405.6,17661,20863.4,17509.8,21975.7,20143.9,20897.1,20934.4,18400.6,23177.9,23079.1,20423.5,20245.2,23867.5,21991.1,20066.3,19327.2,20392.7,22010.9,23345.2,19687.3,19033,25166.7,25224.4,19111.7,19930.4,19024,23041.1,20428.4,23220.8,25454.3,20066.8,22572.4,19504.3,24241.5,25166.5,19441.7,23358.3,21130.6,20044.2,19896.6,19377.5,24878.7,24541,20825.6,24418.9,21553.8,21374.1,19231.3,21003.1,19269.2,21753.7,18953.3,18635.4,23237.8,23431.5,20904.5,20206.2,21197.2,22176,18774.2,22641,23826.8,20743.7,21197.4,22127.2,22008.7,20417,18112.6,19978.8,20679.5,21698.7,21686.9,21595.6,18784,18196.3,21914.1,17872.1,18165,23138.8,20283.5,18738.9,21259,20323.1,20971.6,23450.5,18658.6,20314.6,19263.8,24025.1,22716,22008.6,21304.7,21605.4,20321.5,23383.6,23581.2,22696.2,18852.9,20584.5,24243.1,18004.1,20826.1,19951.8,22739,19403.1,17749,19623.6,17738,21139.2,20708.4,21024.1,21355,19641.2,18736.9,21449.4,19784.4,19587.4,18317.8,21383.1,21035,20236.2,18250.7,17828.8,22254.6,23087.6,18484.9,18874.7,20869.9,18593.9,20620.9,17082.1,21030.2,20811.2,19054.3,20660,22280.5,17765.5,23643.2,18871.8,18706.6,22402,18419.4,19291.5,19669.5,19683.2,22372.9,18740.4,22404.8,22271.4,18410.4,20958,20781,19287.7,20885.3,24089.6,24336,20345.1,19520.9,21229.7,20075.3,21058.8,22794.2,20569.7,23487.9,19754.6,22039,23979.9,20608.7,19456.3,19709.3,24226,23775.4,20723.4,21940.9,23740.7,20143.2,21473,22034.2,25960.1,22835.1,21781.9,23550.9,23068,20318.6,26567.9,26429.6,20715.3,24867.6,25223.7,22104.1,23766.1,23558.1,20411.3,25745.8,25674,26125.2,21785.3,21866.8,23600,22034.2,20451,23679.9,22018,21044.5,25422.1,19835.7,19955.5,21699.2,19800.8,20743.3,19304.3,21526.7,23937.6,23821.4,26003.9,20546.4,26142.3,20250.1,22597.3,24448.4,22709.8,21076.1,21063.9,20940.1,21717.3,25897.9,21833.2,22329.5,30075.9,32824.5,34250
34938.8,27416,29810,24347.9,23188,20801.2,25444.8,21734.8,18588.2,23105.4,21047,21155.1,20403.9,20397.5,23482.6,18059.5,23021.5,22731,20338.4,18353.9,23758.5,18341.8,23190.7,19430.8,21495.2,22097.9,18916.1,20159.7,20317.5,19746,19122.4,24156.5,20342.4,20084.9,19178.4,17994.1,18381.1,21264.6,21274.8,22540.7,21872,19576.9,19245.9,18845.8,20919.3,19259.7,23709.8,19504.5,18234.4,18092.5,21209.1,20047,22350.1,21760.6,22110.7,17812.2,17375.6,22671.6,22052.1,21718.6,19596.5,22250.4,20184.7,18072.3,21054.5,20400.7,22339.9,20975.7,19661.9,17953.5,22257.8,17515.1,19639.7,22302.2,20538.5,18481.9,21588.7,17938.6,23917.1,23217.3,23881.1,18478.2,22624.8,21729.7,21033.6,19228.9,22283.8,17963,23360.2,20271.3,17951,18746.3,21830.9,17603.2,22390.9,23716.5,20465,23416.5,22026.2,23721.2,23638.6,22546.3,17123.1,20635.6,23718.2,17695.8,19770.8,22502,20374.6,19951.5,22590.9,23234,19094.1,17449.2,19512.4,21092.1,21099.6,20877.7,20450.2,20021.5,17844.3,20841.6,20229.3,21531.3,17952.3,22118.1,22974.9,18862.4,22673.1,20593.1,19763.2,21113.4,18305.5,21421.7,20419,20288.5,23822,17259.5,20252.2,17053.5,22650,17418.1,21537.8,22944,22673.3,17726.2,22080.1,23410.7,20570.7,21744.8,23004.6,18628.5,23541.1,22445.4,18976.9,21785.9,18078.5,18469.2,23831.4,20664.4,20782.8,22481.4,18751.3,22716.3,21788,18523,18199.1,21871,25019.2,22684.1,20046.9,25153.6,19191.2,20703.2,20056.9,21957.3,21912.4,21944.5,22901,24127.7,20398.7,23549.5,20708.6,19566.2,24127.2,22611.8,24919.5,24584.5,21169.5,23262.4,19454.5,24638.7,25200.8,24566.2,21444.3,23716.2,23515.5,20933.6,22557.8,20179.9,18869.5,24063,22170.7,21167.8,19883.6,20974.7,21328.5,24537.1,22178.2,19595.7,21504.8,18650.8,20511.6,22190.2,22016.1,23542,19218.9,21527.9,22691.3,22065.5,20168,22484.1,23764.7,21704.9,21680.2,23716.7,19760.5,18861.8,20679.5,22571.6,23017.5,22780.9,21687.1,21251,18400.3,20166.6,22217.9,17792,23715.6,19055.4,23209.6,22820.8,18824.2,18081.9,19011.2,21573.8,21633.2,22413,19653,23324.5,20696.2,23182.4,21614.9,23634,21323,18805.3,22068.6,23181.1,22886.6,20429.4,18123.8,23764.9,23659.3,19814.4,17397.2,22835.8,21574.7,19404.1,21247.9,22606.8,24477.3,21498.5,22647,19549.2,20444.9,17706,20709.8,18033.4,19388.3,22855.9,21957.2,19704.1,22859.2,21412.6,18906.9,19904.5,19589.9,18033.4,22047.1,21704.2,20480.3,23394.9,21704.7,19267.7,18820.7,22100.6,18936.2,22241.4,17834.8,20318.6,22931.6,19358.5,19032.2,23879.4,22004,23087.9,22466.1,20664.4,17876.3,23366.9,18568.1,23452.4,21058,24345.6,20032.1,19174.5,21133.4,21213.7,24149.5,19427,19734.7,19435.2,25337.8,24253.3,20678.1,25470.9,24653.3,20268.7,20195.5,22960.4,25683.5,25573.5,23207,20504,24214.4,26037.2,21708.2,24353.4,25039.8,23790.4,23496.1,20910.8,24955.7,20557.5,21373.2,21209.5,25762.2,21833.8,26188.6,23086.9,21069,19490,22446.3,19624.9,21717.8,23031.5,23042.1,25541.7,21728.9,24178.5,20368.8,19964.2,25512.7,21561.2,20525.3,20478.6,20667.7,19610.8,24922.2,22931.9,25676.6,21064,22084.4,26114.6,25767.7,23329.2,24336.7,26217,25135.9,21252.4,24819.6,27176.9,31970.3,36702.6
34083,27329.9,23656,25361.3,25541.7,23341.8,22241.2,20295.8,21237.9,22623.6,20764.9,23167.3,20873.6,23025.4,23515.9,18100.9,23471.5,19862.4,22752.6,20400.5,23252.6,22742.6,20070.1,18258.4,23638.7,23453,23499.4,21866,22310.3,19305.8,19028.7,20540.1,20976.8,22587.4,23718.5,22967.5,22256.6,22719.6,18880.9,23246.9,19277.4,19660.6,17759.9,21862.9,18850.5,21359.2,19025.8,22580.5,18812.8,19290.5,18564.4,21565.8,19137.9,21164.4,23189.3,23321.3,22704.3,18011.3,21949.6,17031.3,23417.5,21271.8,22347.6,21297.9,20342.9,19711.9,17314.4,17100.2,18306.1,21797.9,19105.3,22261.1,23119.5,22821.9,19365.8,18990.6,20458.5,20627.8,24041.2,19660.1,19246.1,21491.8,23944.6,22595.9,23066.1,22709.5,21346.4,19539.6,20208.7,21863.5,23303,19680.2,22736.2,23152.6,20253.8,18865.1,22530.4,18627.6,18785.7,17456.6,17715.5,22367.4,18057.9,17730,19421.2,17050.2,19699.2,22190.8,23493.6,18630.5,17749,23463.7,19398.4,21955.9,19795.9,22983,21078.4,19805.3,21674.2,21696.6,17553.7,18401.4,22124.6,23375.8,20999,24391.9,23023.4,22332.8,23028.5,24699.3,20790.8,23704.7,24019,20804.6,22911,21396,23762.9,17065.9,17289.6,18779.9,18275.9,22841.6,21563.6,20078.7,18714.2,20324.5,20506,19299.7,23551.4,18804.8,20449.2,22672,19051.1,23074.6,20101.2,18823.5,19596.1,19040,23042.1,23031.1,22322.7,24433,20421,18113.8,21209.9,24172.4,23446.2,24678.9,19254.2,20310.8,20200.2,19222.7,23823.4,18842.9,20806.8,24793.2,21669.7,20733.8,24691,23150,21035.2,22464,19440.9,19291,23255.4,25555.9,24877.7,20918.8,23523.4,25280.2,19519.2,23221.7,22577.5,25026.4,23748.2,24379.5,22898.7,24218.5,20468,23878.7,19878.8,22878.4,23937.3,22493.9,24979.9,23065.2,18819.3,22973.8,19281.2,18918.9,19504.9,23198.3,20124.1,20816.7,24081.7,21649.5,22271.8,21772.4,19771.7,22644.4,20727.8,19812.4,18305.4,18259.3,18586.7,24255.4,19473.7,22207.4,23149.7,20055.4,20012,21345.7,21579.9,20401.7,19971.7,21367.3,22541.7,23239.8,19125.8,19546.6,17838.4,17718.3,20099.1,23107,23007.3,23815.9,23950.1,18854.4,23330.4,18558.9,21100.8,19191.1,19357.4,23153.1,19481.3,22029,21003.7,20418.5,23550.1,18045.6,18044.3,18185.9,18979.9,20990.7,21946.9,22224.8,18206.4,23845.4,19164.5,18388.2,23866.9,23657.6,21739.2,22779.2,18604.5,21665.3,23887.6,23079.2,21995.2,20448.8,17470.7,20450.7,23340.5,22901,20010.4,20324.4,19631,20528.2,19338.5,17669.6,18811.3,21518.7,20300.8,22965,18717.5,17413.6,22148.6,17900.2,20882.1,20596.1,21348.1,17979.5,19246.6,20708.5,22436.2,19946.3,22675.2,22684,17952.8,20843.6,22987.1,20659.9,22800.8,18567.3,24157.7,19240,24782.5,22195.1,25182.6,24849,19310,20815.5,21412.6,20596.1,21238.7,21028.6,19706.3,22027.6,25339.5,24079.9,20531.8,20257.2,24825.4,22723.1,21955.2,25716.5,20855.5,24876.5,24634.7,25959.3,26030.6,23054,22000.1,20577.3,26478.1,26798.1,20668.4,24789.2,23655,22696.9,20468.4,24456,21188.9,24308.9,22790,21484.2,21420.8,22970.3,22901.6,20824.3,23018.9,24326.9,25993,21188.2,21174.5,21322.4,22554.1,24063.3,20903,22048.3,25958.2,25952.6,20589.2,21501.1,26079.1,20011.6,26247.6,26523.5,23191.4,23775.9,26077.9,25176.7,32760.7,35549.9
35248.4,27470.7,24823.5,22124.1,25615.8,22680.6,19462.3,24254.7,21037.6,23711.2,18871,19826.8,23368.3,24512,24357.7,19976.8,22685.4,19892.5,21805.2,24560.7,24127.2,22282.9,20317.9,19757.1,21712.8,19998.6,18401.7,23092.7,18644.7,18156.5,20858,18250.7,22199.6,19217.3,19977.3,22427.2,20936.8,20128.7,18813.8,22282.2,22847.7,18889,18346.2,19173.6,19000.9,22400,22354.2,18884.1,23283.4,20576.7,22377.9,19237.5,17401.2,19706.8,19470.8,22565.9,18953.3,21289,20999.3,19477.5,18161.7,23086.6,20724.2,22429.5,19981.2,20930.1,18149.2,19800.3,21904.5,23339.1,21433.4,21384.4,19386.6,21141.5,24055.6,21098,20483.2,20769.1,22809.3,21979.7,18065.3,21880.1,23439.9,21482.6,19802.7,20880.4,21951.7,18797.8,18001.8,21695.9,22656.2,21646.2,19782.5,18601.3,22673.2,20994.6,17424,17438.9,19044.9,18350.5,22907.3,20310.7,22600.8,22399.6,21037.8,18124.4,18853.1,22356.3,23442.5,17628.8,18982.9,22360.8,23754.7,20256,19994.8,17281.5,18481.5,22673.9,22147.3,18907.4,22552.9,21527.3,18969.5,22946.4,22669.1,22713.2,18444,22105.8,18654.2,18258.3,18542.2,18988.7,22401.4,23707.8,20993.3,22068.9,23609.5,22956.3,21159,21999,21213.8,19896.3,17597.2,20474.9,21196.7,19480.1,22790.2,18176.4,17702.5,21738.7,23664.2,18892.9,22461.2,23352.7,18174.5,21579.8,20044.5,21238.6,23599.8,22544.8,23720.4,20214.6,21822.6,23191.5,24345.5,18617.3,19044,20247,21115.3,22596.2,21919.6,22667,25167.4,21574.5,21304.6,19695.2,20110.9,21667.4,21885.9,19833.4,22542.4,23734.7,22583,22624.3,23357.5,20429.5,22079.6,23394.4,20755.6,23723.2,23037.3,23772.7,23389,24830,19624.1,23337.3,24718.9,21016.5,22338.9,18995,21580.4,24590.3,20694,18718.5,19483.4,24185.4,18896.9,22247.3,23157.8,20480.8,23527.9,21933.5,24513.4,24378.2,23388.1,23744.6,19356.2,20034.4,23623.9,18973.5,23871.9,20495.7,24542,21729.8,24590.2,22715,23656.7,21545.9,24150.7,21459.3,19848.4,18714.3,17996.2,22803.4,21140.9,18977.3,23489.1,20071.2,21152.2,23094.7,23412.2,24240.3,20715.5,18914.2,18415.5,24395.8,19597,21883.7,19711,23852.7,22960.6,21528.7,22642.4,21162.8,18075.8,19838.9,18549.7,17728.2,17510.7,22163.6,21526.4,19553.2,20948.3,23222.7,22175.2,23257.7,20758.2,21960.5,22650.3,20692.4,22990,21714.4,19544.6,23967.7,21292,20725.1,21384.6,23011.2,18485.1,18486.9,18921,17731.5,18744.6,20636.4,17714.6,19184.6,22010.1,22891.7,20517.6,18334.1,20923,21873.8,21141.6,17935.5,18039.1,22400.3,23958.3,23665.2,17554.3,18190.8,22594,20866,21692.2,19015.4,20937.7,22519.8,23342.3,18399,21841.4,20576,23193.6,23237.4,21515.7,20125.1,24614,25310.7,22071.7,20449.4,22664.4,22901.5,22230.3,22217.4,22055.5,23139.4,24668.5,23118.5,20549.3,21063.4,24343.6,25196.8,24468.7,23481.5,26027.3,23498.5,21972.2,22154.8,21235.8,22767,26043.1,24839.2,23703.4,25051.4,24736.1,24871,26522.5,21808.1,25017.1,24537.6,25583.5,24122.6,20620.8,20216,19880.9,24919.7,20048,20630.1,19513.9,24856,22534.6,21723.9,25652.8,20324.5,25754.6,23213.7,23360.1,20654.3,24375.2,23528.1,26186.3,20995.7,26050.9,23885.8,22734.7,25541.3,25122.8,22420.2,21306.6,26375,20578.5,21885.1,21646.9,25432.7,27961.3,32470.6
36653.2,31668.4,25771.1,21819.5,26121.4,20552.2,20892.5,18980.9,18920,22502.3,18209.1,19511.7,24373.2,18308.9,20325,19190,21540.5,18563.3,22781.4,19713.9,22541.9,22770.4,18209.9,21141.6,22525.5,19722.1,18156.5,20078,19955.1,18541.5,21117.3,21438.8,22146.3,20357.8,21183.7,21346.1,24069.7,18205,23181.2,18744.6,18868.3,21809.4,22235.4,19806.6,19711,20342,17956.1,21801.4,20456.1,23193.7,20573.7,19240.9,21894.8,21033.1,23832.2,21056.4,20501.6,17175,21908.1,18371.1,22696.2,21735.1,20630.4,18731.6,23096.3,20516,21075.5,21579.1,19870.1,22204.9,17508.4,22898.3,20787.6,21795.1,18048.3,22829.2,17940.1,18589.8,19295,24174,22859.5,22496.2,18633,22732.4,19066.5,19226.8,18131.2,21136.4,18259.4,18975.2,19246.2,17568.7,18837.1,21024.9,19566.9,19043.4,19568.3,21138.5,20362.6,20158.3,18788.1,18973.5,19849.9,19062.5,20903.3,18590.4,22941.9,19474.5,21037.3,20439.3,18711.8,19833.6,18187.3,18100.1,18529.2,18100.2,23324.9,17601.9,19148.3,17424.5,21081.6,20696.4,21855.2,23388.9,23577.9,23615.6,18305.9,19713,19588.1,22521.6,19073.7,18412.1,21418.1,18728.5,23574.4,20036.3,21776.1,20139.4,18865.3,22114.2,22971.9,20270.3,21044.4,22201,19590.1,22262.7,21292.3,23197.4,21534,20144.7,22962.7,22770.7,20218.2,23151.4,15929.7,21672.7,21879.6,22563.3,19392.2,21460.9,18489.8,18196,24089.7,20276.8,24022.5,22179.2,22956,21507.8,20777,19241.1,22891.6,19218,20604.6,19065.1,21205.1,21225.4,23490.3,22494.9,23762.7,22118.3,24349.1,24172.2,20761.7,22631.2,23172.8,19443.3,24671.4,21515.1,25105.1,19813.4,25278.4,19608.6,8728.7,24499,22371.7,19303.4,19137.6,21187.6,23194.9,22211.1,20634.6,19492.5,22609.2,23756.7,22637.5,21643,20430.3,23845.8,19428.2,24740.9,19183,22406.7,21519,19543.9,21320.3,24343.9,20277.5,20919.5,20954.7,20011.9,21870.8,23037,21939.5,22012.2,19992,20139,21658.7,22853.5,19179.4,22617.8,23221.6,19008.3,18822.6,18583.6,23620.5,19694.1,18518.8,20013.7,23270.2,18940.7,24017,22853.2,19044.3,20165.1,23197.7,21093.6,24321.6,22170.6,20854.3,19643.9,22083.3,21767,18961.1,20267,20914.6,21165.8,20187.1,20255.2,20111.8,20784.8,22578.2,20363.8,18382.4,23581.7,17410.7,20977.6,20270.2,21717.8,17887.4,22017.7,24030.8,19735.6,20280.3,20704.5,20418.8,23120.7,23756.1,18496.4,17282.2,22884.2,19830.8,19254.7,19853.1,20819.5,21452.8,20055.3,22918.8,21164.2,22757.3,17741,19461,19907.6,17931.8,22004.4,21380.4,21395.6,20438.3,19493.2,18087.8,19406.8,20903.1,23506.8,24220.7,19358.1,19355.5,23680,18691.8,24192.4,21148.2,23143,23655.9,21330.9,23436.3,19364.5,18462.3,20097.4,22906.3,24289.2,25331.9,21252.6,24682.7,20829.7,19191.5,25799.8,21724.7,23845.3,22692.1,26080.1,19628.9,21477.7,21690.4,23737.4,22642.2,21344.6,22523.7,20355.6,25692.6,23726.8,20133.9,23133.2,25775.7,25593.7,23678.2,24677.3,20181.8,23667.8,24163.8,24975.4,24625.7,24548.7,19923.9,19733.7,25544.7,19451.5,24268.8,20163.5,23150,22665.5,22401.1,21020.9,20565.8,23009.9,23552.3,21615.7,21501.7,21901.7,22045.9,23380.2,20288.7,26223.3,21972.4,25238.1,23513.6,22277.3,25136.5,23351.1,22007,21335.6,24480.1,24244.7,21727.1,29978.9,32146.8,32674.2
31472.8,31766.6,27835,24579,25035.5,21298.4,24369.2,22341.9,22197.9,23744.8,23698.2,23460,20107.4,18821.8,20813.3,19090.5,22995.9,20531.2,19011,19842.2,22202.5,21999.5,18072.4,23007.6,19829.8,23207.2,23911.1,23800.1,22330,23263.8,19813.4,23398.2,22013.9,17986.7,22593.9,23101.8,23909.1,23155.5,22067.9,17555.5,20496.1,22814,21206.1,20382.7,17629.5,19155.8,23648.9,21083.3,20145.8,22152.1,21821.5,21827,19414.1,19170.8,23500.2,18265.6,23450.5,22543,17271.5,21448.4,22308.8,23203.7,23119.2,19792.8,18946.3,20343.5,22337.8,19530.4,19583.4,21992.8,22423,22075.4,21187.2,23056.5,23038.7,21140.4,22388.1,21383.4,21939.1,23786.6,22240.1,19392,22086.4,18735.2,18058.3,19408.7,18766.4,23949.1,18517.5,21879.5,18673.2,19835.5,23449.3,20000.4,18168.6,23157.2,20311.6,23396.2,19660.5,22673.8,23874.1,23411.7,22086.5,23792.5,23294.9,17312.3,17568,23097.2,21271.7,18317.1,18207.8,20670.7,19120.8,19114.6,17842,18173.7,17359.4,17978.6,23127.9,19466.3,17753.2,23691.4,20191.1,18655,22539.5,23056,18362.1,20651.3,23190.5,18327.7,20395.1,19202.5,23526.2,24475.3,23021.6,19243.7,21195.8,17697.3,19504.7,19519.4,17758,22385,21967.2,22371.4,19581.2,21883.2,23662.7,17434.6,19469.3,21734.9,23304,22547.3,21793.1,19711.9,16400.3,21012.9,23792.4,18721.2,21580.8,24120.3,21389.7,19126.7,20528.1,22001.8,18200.9,24458.8,22779.5,23797.3,25273.1,19258,20060.9,25468.5,24011,23475,19317.3,20155.1,24938.7,20764.2,20437.7,22554.8,19540.7,23888.7,20695.8,24475.6,19686.5,25359.8,19597.3,21674,25061.5,22439.9,23647.3,23911.8,20705.5,23464.7,20888.8,24150.4,24747.7,19894.7,21252,18975.2,19639.5,23396.9,22229.4,20605.9,20381.9,19073.2,24804.8,24276.4,24043.4,20387.3,22178,24053.4,21154.6,18998.2,18952.9,19142.5,22866.7,19135.6,21332.1,22981.3,18975.7,19336.7,23334.3,20896.5,21435.5,20251.2,21626.6,20424.8,23213.6,21371.8,19780.2,19123,19803.5,20421.8,22775.8,18823.6,20334.4,22136.5,22471.4,19096.6,20735.5,21859.1,18320.7,22927.1,20503.3,24099.9,23787.1,23550.3,23103.1,23478,19233.6,20233.4,20932.7,20234.2,18293.5,17833.7,21888.4,19638.3,22209.2,23331.9,21339,22441.5,20268.3,22212.7,22169.2,19165.1,20709.5,20265.4,18170.5,19131.4,18256.1,23355.8,22666.7,19088.4,20864.3,18364.3,22971.6,18147.7,20616.3,22516,21386.8,21557.3,18894.7,17987.4,18507.2,20497.3,22669.3,22275.5,22691,20349.4,23109.2,23104,18264.8,19371.7,18432.9,22976.5,18531,24069.4,21766.3,18517.5,19577,20733.1,18344.3,20186.5,20692.4,20737,19490.9,22082.5,23728.4,20937.4,20495.7,19114.4,23003.1,19009.1,23383.2,20071.1,23695,21404.2,22995.8,20761.7,25104.9,21697.1,19809.1,25626.6,20583.8,24662.4,22486.6,21454.8,25621,23880.8,21424.4,24064.9,24190.1,20949.4,23495.1,24542.4,23576.9,25354.3,25879,21662.7,26268.6,22657.5,24646.8,24672.3,22617.6,20646.1,24937,25605.8,22274.5,23372.5,25488.6,19754,22528.8,22240,22073.1,21181.4,24617.6,25708.2,25306.7,21222,20754.7,23935.9,25638.4,19398.6,21486.7,21015.1,20616.2,22507.4,19602,19793.9,25814.4,26320,24425.7,23784.3,22396.4,23534.8,24640.7,24578.8,24465.4,25437.5,22250.8,29705.4,28352.6,34160.2
35276.1,31878.3,24270.2,26933,23393.1,24017.5,23743.4,23956.8,24237.8,23602.5,22311,21617.6,19628.5,20786.7,23250.8,24301.4,24147.9,22502.1,20626,21109.1,20155.2,20285.9,23158.3,20771,19093.8,17813.5,20675.8,21726.8,19019.9,21316.7,23927.5,20645.6,19654.2,21578.5,20101.3,18033.7,22835.5,22359.7,22988.1,18290.3,21958,17208.3,20952.3,18970.8,17655.3,22546.6,18544.8,17562.7,22040.2,22818.7,19749.2,21986.1,18435.8,23142.2,18356.8,20912,18826.8,22639.6,19496.9,21292,21029.9,22851.9,23298.5,18343.5,20835.3,21502.9,18151.9,22462.6,19672.9,21360.2,20128.3,18479.8,22416.3,18361,20330.8,23178.9,19685.3,19947,20203.2,21193.6,21150.3,23132.8,17814.7,22226.6,19422.7,24082,22529.9,24009,22868.1,17967.9,19220.9,23646.1,23736.6,20172.2,19453,22198.5,18894.8,23427.1,20286.7,20024,21365.9,20236.8,17625.7,19680.9,22029.1,18777.5,23201.2,22800.4,17663.3,22898.5,23431.8,23556,18452.2,19611,17596,22672.1,17580.9,18391.8,17661.9,17953.6,22147,20485.1,21085.4,23313.6,21301.3,21281.9,23972.7,22133.5,19539.8,19528.8,20402,21239.7,22423.6,20136,22079.2,21289.1,20651.4,21864.5,19140.4,21532.3,19424.9,20344.4,19427.2,18387.5,17620.2,17594.5,20353.5,19042.9,21344.9,22670.9,23372.2,22746.4,21787.4,23565.2,18297.8,23144.4,23914.6,22670.6,22975,23967.7,23884.1,19496.5,18096.5,22259.7,19264.7,21151.7,22070.4,22398.6,21334.2,20228.9,23849.2,24053.4,19272.3,23749.4,23481.6,20941,22769.8,22354.6,19091.2,23818.3,21554.5,25649.2,21578.2,19550.4,21950.6,23711.5,20334.1,24016.7,23231.4,21009.2,24972.6,21237.1,19486.1,22144.1,22247.7,22431.6,22380.9,21540.3,22031.8,20341.1,24868.4,24683.1,18623.3,24821.2,21242.8,22773.6,24157.1,19155.9,23939.9,20031.9,22576.7,24833.2,20690.5,22617.9,24524.3,21527.4,23009.6,19462.7,22887.9,20842.6,24703.6,23389.2,24026.9,24463.6,22600.2,18587.8,24831.5,24120.3,23848.6,18179.4,20244.1,20697.3,19308.6,22319.4,19599.3,18807.6,21780.4,20500.6,18713.1,22660,23309.7,21519.4,20012.8,19820.1,22414.6,18429.1,19378.9,18845.1,24151.2,20249.8,19896.2,23275.6,19016.2,23865.3,19654.6,21695.4,23540.2,22887.5,22820.5,21021.6,21869.9,17924,22131.5,19334.9,18857.5,18575.2,19920.4,19293.7,22864.9,18905.3,19585.1,20110.6,21413,22011.8,22006.6,23537.9,22415,20689.3,22574.6,19468,18277.9,19003.7,20198.4,19823.6,23261.9,17259.4,19965.7,22682.8,17540.5,17253.5,23409.3,17911.8,21028.8,21827,22326.2,23319,21558.2,20149.5,19636.6,24054.4,20871.3,23455.4,23225.7,22093.7,21233.4,20468.8,19482.9,18290.9,20826.9,18100.5,18335.8,21160.6,22920.1,19036.9,21220.5,21359.2,24472.2,20577.6,21764.8,22083.8,21581.5,20480.3,24888.7,21744.9,25563.2,23361.8,22132.5,20905.6,20459.5,22111.2,23893.8,20646.3,22152.6,25472.8,25198.3,24968.7,24583.5,23504.6,21198.7,26179,26147.9,25189.9,21024.2,21042.5,22420.7,24654.5,24885,24989.4,21749.7,19618,20853.7,24743.6,20194.4,20603.2,20158.3,22713.9,21689.5,21267.8,21932.7,21379.5,20564.6,21382.5,25120.8,19413.7,23592,22493.2,25410.1,22082.5,20686.2,21805.9,23258.3,20761.9,19533.8,23526.1,19652.4,26497.7,22443.2,23700.9,23127,20886.7,25892.4,29790.2,30509,33422.3
35612.7,31659.8,26199.4,21819.1,21330,22371.5,22590.7,20246.4,18863.7,22380.3,19689.2,23713.2,22014.7,23184.8,19577,22454.2,23860.8,22407.6,21332.2,24035.6,24296.4,21229.4,23252.4,22346.5,18888.6,22004.2,18075.9,22938,23517.4,21233,21681.1,23604.3,20876.3,23572.8,20560.2,22659.2,23211.8,23438.4,19338.9,19541.1,22846.1,23570.6,20701.8,21059.5,22278.7,20340.8,22767,18305.6,21980.4,22608.8,21815.2,22764.7,23735.2,22246.2,17826.8,22944.7,22834,19276.6,17680.1,23255.5,17855.4,19092,21159.9,17945,19881.3,20470.7,21645.7,20318.8,19814.9,22100.7,18237.3,17755.6,22022.4,20272.3,19958.8,23171.1,19020.4,19607.1,23454.7,20413.5,21832,22363.2,22040.3,17572.3,17910.4,18733.1,22137.3,20254.2,24056.1,19843.7,22747.7,22125.6,20740.5,17968.1,17815,21425.9,18861.1,23483,18221.9,23764.1,22128.3,18890.7,22545.7,22427.8,22738.5,22223.9,20535.7,17778.1,17328.2,21792.5,23858.7,23445,18642,22209.1,17108,22635.2,22226.9,21510.6,22244.7,17601.5,17558.7,17461.2,19484.7,22272.8,21313.1,21614.1,20379.6,20589.2,22266.6,22986.4,20851.7,24435.2,24717.3,24594.5,22533.4,20725.3,18665.1,18024.6,20830.5,22378.1,21074,21125.8,21831.6,17553.7,18768.5,22942.4,20968.1,20537.5,18841.5,21000,22146.6,21291.3,19383.8,17368.5,20510.5,18142.1,19461.3,20059.4,21774.2,23018,20602,23985.9,18538.7,22563.6,19443.5,21236,22594.2,21568,19249.9,22597.3,22541.8,21811.2,21129.5,22209.1,22969.9,24502.8,19127.6,23239.8,25134.7,23188.7,23168.4,22597,22540.9,19844.9,24768.7,23156,23439.1,21916.4,22026.1,25815.6,21098.7,23460.4,20702.6,24399,21727.3,20952.2,19721.4,20519.8,22276.1,25053.5,21877.7,21967.3,23242.4,21091.9,20851.3,20952.4,24660.1,22835.3,20755.2,19826,22355.1,20199.4,22616.1,20967.3,23409.1,20534.5,19654.6,21033.6,18373.7,21980.3,20929.3,23100,24242.9,23416.7,24752.3,19978,21245.2,19377.8,19737.2,18996.4,22487.4,18493.4,18218.2,20659.1,24399.2,23415.1,24307.6,23757.6,24358.1,20548,20177.5,22813.6,23257.1,19398,23734.3,21924.3,20368,23827.1,23531,24722.1,18245.7,21944.1,23631.6,24594.4,19737.3,22752.3,18635.2,22890.8,20679.8,22054.3,18525.7,19699.1,22721.2,18229.2,17239.8,21819.4,23458.2,22197.1,23158.6,20302.1,20530.1,18047.3,21705.9,22205.9,19635.7,18378.1,21436.4,21352.2,21790.5,17497.2,19224,23952.7,23412.1,19649.1,22828.4,19837.5,22672.7,21125,19089,18550,22948.1,23390.1,20127.9,19932.3,20688.7,18291.7,23852.9,17939.2,19978.7,19093,18244.5,22571.4,21718.5,22983.6,22614.7,18665.9,21914.3,18124.3,18135.3,18837.6,23243.8,19847.3,18738,24468.8,18704,21994.1,19835.1,20518.4,25298.9,20744.3,20005.1,25801.5,19560.6,21057.3,22309.7,20939.3,19577.9,20219.3,20516.2,24338.5,23495.1,20817.1,23522.3,26376.3,24862.7,23979.8,25118.6,20172,21387,22244.4,22054.4,19797.4,26274.2,21499.7,24198.5,24769.2,24174.7,20957.8,25742.3,22061.1,21086.7,20075.8,22791.7,22367.1,23696,23383.8,20664.7,19879.3,19742.4,21896,19585.3,23766.6,21207.3,23022.1,19830,24964.6,23813.1,23104.3,20227.5,24493.3,22524,21064.8,22715.2,22100.9,20935.8,22064.6,23238,24873.4,22932,21543.4,24019.7,30051.6,26810.1,31933.4
32682.6,32455,28082.2,25478,26643,20840.5,20742.5,18899.4,19590.6,20234.2,23557.9,24394.4,18849.8,24521,23287.2,21122.9,23079.1,20687.2,19634.9,22903.3,21064.2,20418.1,21130.3,20166,18018.3,21169.9,19419.9,18787.1,18377.9,24098.8,22057.4,20281.2,19256.8,22912.3,22848.3,23584.9,23775.5,17850.6,23433.7,19586.7,21077.4,23024.8,20995.8,23479.7,20632.1,19817.4,19224.3,20713.6,22744.8,18043.3,18137,22635,22319.3,19117.3,20262.3,17193.6,18610.1,18634.5,17982.7,23289.4,18045.5,21593.4,21893.8,21740.6,19548.1,17238.6,22864.4,22421.1,19859.3,20075.6,23686.8,17957.1,20451.6,22223.8,17685.5,19575.6,18332.7,22524.2,20021.4,18500.5,21158.1,18644.1,18072.6,23213.2,18194,18356.1,18410.1,19137.7,20715.3,24281.2,22185.1,23902.7,21623.2,18216.7,18734.7,21877.5,23921.5,21930.3,21176.9,23373.5,22179.1,20762.1,21188.9,19242.1,21442.8,17139.6,20439,17916,22976.8,22398.1,19165,22545.2,19636.5,21767.1,21653.2,19771.2,22641.9,22814,21040.3,17669.4,23493.2,23281,21613.4,23776.6,20361.5,24014.4,24373.7,19588.1,22050.4,23691,23153.3,23484.1,19157.3,21367.8,18143.5,22292.1,19201.4,20660.9,17562.5,21301.4,23395.4,17536.1,22541.8,17606.7,18164,22509.1,18915.5,18410.5,20862.3,17631.5,17598.2,19673.2,23930.8,19475.4,17577.5,22883.8,18722.6,17686.4,20872.6,22326.6,18333.1,23097.4,19645.5,23916,22290.4,22014.3,19366,22269.4,24147.2,20331.9,19187,22579.6,22395.6,22071.2,24864.1,20630.7,25154.1,25382.7,19903.4,21180,24362.7,20047.6,20141.9,19520.9,23618.5,23615.6,25291.2,20987.9,23948.3,24322,24794.6,20736.1,20217.9,20982.2,19826.4,23307.4,21088.4,21745.6,19960.9,18935.6,19582,20552.3,24974.2,18947,19805.5,19301.2,21811.9,22486.3,19496.3,23650,21090.3,24662.3,22402.1,21921.2,20980.6,19134.8,19291.8,18982.7,21418.4,20090.3,18761.8,24339.3,18844.4,23232.3,20548,20585.8,24689.5,24132.9,19610.5,21101.2,23929.1,23564.3,18934.2,22545,23317.2,20647.9,23473.6,18995.6,19353.9,19116.4,21608.5,19791,22363.4,22295.8,20151.2,19837.3,20867.6,23025.9,19032.2,21186.3,20204.2,20550.7,19518.2,21533,19515.7,21274.7,21252.9,21376.9,20649.8,19329.9,21011.9,20539.9,23071.1,20499.4,20353.4,22245.2,23316.2,19799.3,18305,20182.8,19362.1,23922.4,19598.6,22342.6,19348.9,18311.5,18924.4,21470.4,23680.7,17610.5,19291.5,18204.4,22504.6,17991.5,17578,22879.9,21467.8,23392.8,22341.3,21370.1,17410.7,21610.4,18513.9,23568.5,19974.2,21844,19036.3,23829.1,18760.2,22938.3,20103.2,24149.8,20136.9,20407.7,20091.8,24122.4,21039,24493.3,19500.9,24145.3,18964.5,25114.9,19295.1,25168.9,22491.7,18631.1,24816.6,18871.1,22314.9,22433.6,22271.9,21999.2,21308.2,19714.6,20215.2,19442.1,23099,19795.8,21678.5,22811.6,24700.4,20007.4,19937.2,23060,26098.2,25677.1,26084.8,25654.3,20359.4,20178.7,23920.3,20987.5,20345.5,23302.2,26277.4,21993.3,21365.6,23550.4,19979.4,23924.3,20728.4,25414.8,25226.9,25929.4,24996.9,25297.2,20767.4,23363.5,20391.2,19954.3,20821.2,22801.2,23812.1,20443.7,23689.9,24757.9,25733.4,25877.9,21164.6,24579.1,24406,19819,22536.7,22776,25367.8,19719.1,23039,26015.9,20726.5,26579.2,25740.7,24806.9,30220.7,37706.3
31516.2,28532,29308.4,27510.9,22638.8,20528.2,19242.1,20385.4,18684.1,18447.9,21327.6,22524.7,19259.5,19827.4,19872.5,22857.1,22167.3,23718.2,20763.7,21471.8,19615.5,19544.4,20892.5,20950.9,23111.5,21229.9,17824.9,21381,20605.2,22969.6,20711.2,22634.6,23319.2,22726.2,19910.2,18655.2,24076.5,22311.7,23588.8,18608.9,22221.2,18374.2,21759.7,18580.7,18742.2,21854.6,21136.5,17791.7,23419.8,20949.4,20239.1,20487.5,19451.8,19993,22098,21219.8,17413.4,19278.2,18762.5,20310.4,18745,22958.3,17442.4,18228.2,20434.8,21137.7,20577.5,21644.3,18651.5,21672.2,18900.5,22214,21410.8,22653,23891,21331.2,18895,18966.5,19178.3,22675.1,18689.6,21438.2,19235,22614.4,19819.8,22918.6,21571.7,22273.5,21107.5,22397.6,19630.6,23860.2,23724.8,18636.4,21113.3,18983.1,18008.5,23973.3,18944.6,22789.5,23587.8,22285.6,22340.4,19179.5,20576.9,18900.6,22312.8,17942.8,17978.5,18148.1,19308.6,22774.1,19184.6,18300.9,20351.3,17802.5,20091.8,22172.8,18723.3,17686.2,18023,23413.2,23154.7,20768.6,22713.8,19179.3,19463.7,23699.5,21936.6,22937,24875,20675.1,19724.6,23811.4,24401.2,24194.7,19698.6,21088.8,20923.6,21454,18668.5,22787.7,23448.2,18261.3,17363.3,17983,20633.1,20578.8,23034.4,21196.7,21418.9,22705.2,18753.2,22216.8,20980,22288.3,23814.7,21006.3,23361,18257.7,18923.5,20218.8,19761.5,21418.5,22282,23888.4,24420.2,20957.8,24716.7,19568,24302.7,24092.5,21610.6,23356.5,22953.3,21553.2,21172.6,21024.4,24851.9,25344.4,23665.7,19247.5,20400,22555.6,24234.4,23852.7,23669.5,23849.6,22063.4,21227,19699.5,23713.6,22494,24863.3,23817.2,23861.4,23199.8,20665.6,23667.7,24788.9,25006.5,24467.4,24884.2,20634.8,21907.9,21415,24556.3,19335,19867,24108.3,21726.3,22506.3,22378.8,23923.9,22658.2,22497.2,21805.2,23239.1,22537.1,24597.6,18979.7,21712.6,24429.1,20239.7,19481.1,19034,23773.1,20315,22929.7,19948.5,20861.7,19176.6,21100.2,24361.3,19511.6,22406.4,18682,23031.1,23575.4,23725.4,19974.4,22200.2,18789.2,20395.4,22406.8,24704.5,23469,23459.6,21310.6,22350.9,23690.9,21952.5,21462.2,18080.1,23134.8,22350.1,20910.5,18825,22139.1,20390,22770.4,21890.9,17262.5,23055.7,20202.9,22795.2,20333.3,22632.3,23080,20356,18988,18281.7,18376.6,20824.1,24003.2,20992.8,23771.4,23668.3,17835.5,22047.6,23526,21183.8,17943.8,20069.2,23003.5,19563.5,20934.5,22100.2,19154.8,20341.7,19344.1,18009.7,22918.1,24066.1,21876.6,20847.5,24031.5,24170.7,23849.7,21815.5,21360.9,21316.7,20700.9,22727.1,22589.7,20630.7,22526,22438.9,19109.4,20313.6,20741.2,20998.3,22147.4,24443.7,19938.7,20150,19767.1,23574.2,24264,22681.2,23398.1,19941.5,23700.1,21317,22713.7,23762.8,19974.6,23488,19628.6,24882,24739.8,22168.7,25217.6,22191,23320,22692.5,23821.4,25200,25006.3,20632.7,22580.5,24160,23632,26053,23766.4,24788.6,23005.7,23243.5,25534.8,25815.1,23067.1,23208.7,24564,20764.7,22499.3,20289.3,20045.3,22112,23471.6,21671,23527.8,22573,21996.5,21023,23963,22396.5,24415.3,22408.3,19693.3,25598.4,23896,22893.6,19676,26093,23965.5,20664.5,20506.3,23429.9,23233.6,22422.4,21936.2,29341.5,28285.1,32151.2
37178.1,32372.1,26294.5,26114.2,23600.7,24004.6,19414.7,24734.8,23720.1,22502.1,22434.9,18002.3,22586.7,20022.2,20605.4,20179.6,23025.3,22033.6,18708.7,19834.1,20034.9,21281.9,22247.3,24037.2,22329.1,20749.1,22855.1,18675.2,20332.6,19685.8,23121.6,21710.7,22099.5,23919.9,20132.6,18848.4,18513.4,19312.3,21119.7,23619.1,19508.5,22051.3,19155.4,19026.8,18475,19160.1,21152.6,23400.2,20392.4,18117.7,22350.9,20666.7,23480.5,21168.7,18552.8,23186.5,19275.9,23041.9,20018.2,21844.6,18230.6,17610,17570.1,18795.3,20885.3,20219.2,20653.7,17723.9,22595.1,20812.9,21842.7,18808.5,20948.8,19339.7,19941.4,18357.7,24198.5,23406.1,19347.2,21217.9,19343.5,19016.1,19493.5,18370.8,20041.9,20493.7,20821.6,24442.2,20897.8,17948.9,22359.7,22416.2,21041.8,18057.1,18410.5,23226.9,21234.1,17978.7,23634.4,18803.2,19798.1,21633.4,22851.3,20264.4,20836.6,16944.4,22274.3,23189,20042.1,23361.1,21454.3,19926.5,18670.4,23499.8,17352.8,17652.9,18465.2,20296.6,19107.7,22582.5,19130.7,22988.1,20722.2,18923.2,19511.9,22575.4,18395.1,20903.2,19202.9,18893.8,20444.5,18320.4,23979,24332.7,19933.7,20745.9,17674.3,17482.9,18871.2,21295.1,20228.8,17509.1,20626.2,23029.8,22885.3,17787.1,20364,23278.7,21191.9,23346.1,18807.4,19546.1,18254.7,18811.2,20880.5,21298.4,21320.3,19497.1,22799.6,22651.8,22504.4,22482.5,21262.7,19094.9,20789,23148.2,20034.4,23526.5,19966.4,25297,23319.3,25084,24590.6,21964.4,22108,22291.6,25124.2,19786.5,22700.9,21350.4,23105.8,24605.9,22759.1,20354.5,25142.4,23466.2,25666.3,19436.7,22166.7,22458.3,20410.6,22661.7,21030.5,20422.3,22698.1,23409.4,20361.9,23056.9,19858.3,19541.8,21384.6,20762.2,18819.8,22640,18828.1,18940.2,20625,21453.3,20748.9,20766.3,22723.2,18771.3,23929.1,23406.1,22449,22911.6,19738.7,24146.3,21807.6,21489.5,22570.6,23826.6,18392.9,18202.2,21902.7,18815.4,20549.2,19515,23771,24555.9,22132.3,18425,20196.8,24404,20745.3,18763.1,22420.9,22135.1,5705.06,18661.9,22057.7,22538.4,19067.7,18504.2,22618,24568.8,23900.7,23476.7,24402.1,21038.2,21662.4,21639.6,24428,24038.8,19407.7,21821.2,20683.5,19812.5,21750,22325.3,19186.2,20099.1,18313.5,19342.5,19300.2,20197.8,24100.2,22807.3,19215.7,22550.9,22017.8,20646.3,22110,21038,21560.5,23759,19682.1,24139.3,23848.8,23836.6,17627,22624.9,19664.3,21204.2,23015.9,18687.2,20346.2,17949.1,22944.1,22041.4,20916,23606.1,18386.9,20456.5,21069.5,20703.4,19134.4,19235.8,19539,19902.9,20897,19506.7,21112.7,20899.2,18610.7,19223.9,24178.3,22089.8,23256.3,20464,19036.8,24255.5,22911.7,21807.8,18983,23366.4,20038.7,23997.7,24261.3,22430.9,23321.9,24816.4,22766.9,24309.1,23915.5,25820.9,21363.2,21523.6,25793,24855.8,22157.1,26454.3,25701.5,24926.7,24129.6,23440.1,24551.9,24599.4,24189.5,25968.2,24975.4,23977.2,21250.4,23187.1,21961.8,22951.9,23101.4,21365.4,23999.3,26042.7,24070.6,25481.2,24279.7,20730.6,20756.1,20203.6,21559.5,24600.3,20430.7,25385.2,24910,22842.1,19781.8,21015,24099.9,22797.1,24066.6,23653.4,25754.8,20823.4,25498.6,22883.1,21771.7,25170.1,19935.6,21158.5,24421.6,22034.8,23397.5,20676.3,24711.9,30194.3,31690.8,37123.8
33443.3,31979.2,24372.3,21767,23643.5,22452.2,21955.6,22036.5,20290.3,21747.1,23606.7,22812.3,19090.1,23433.9,22163.5,19265.3,19009.3,21293.3,22746,20427,21323.8,23415.1,22232.2,21063.7,20479.7,19140.6,20664.1,18482.9,18422.6,23009.6,23495.1,23625,24236.4,21144.9,23801.7,22585.4,19612.9,23362.3,17821.8,18305.6,21065.6,20680.5,19036.1,18849.3,17626.6,18216,23493.6,17345.7,21199.8,18426.3,19462.6,18932.7,20625.8,20627.2,22881,20570.3,20231.7,18681.9,22230.6,20573.6,21684.2,23201.3,17491.2,23416.5,22750.5,22078.5,19473.8,19066.8,17516.4,19120.6,20466.5,22157.7,20984.3,23349.2,21711.4,23064,18278,19183.2,24445.7,22829.7,24115.7,20700.3,21554.8,23330.4,19070.5,19211,19376,20807.7,21112,18491,19253.7,19860.9,23890.1,23812.4,17646.6,20071.4,22235.2,18362.1,23830.6,22965.2,18972.7,17589.9,17735.7,18366.3,23401.6,21165.2,22303.5,19722.4,17769.9,18808.8,18488.7,22691.9,21256.7,18121,22205.2,19178.8,19059.1,23612.6,17578,17901.9,19004.2,20024,19450.1,18424.7,17932.2,21550.9,20761.5,23278.5,21781.4,24776.2,20212.9,22518.9,24575.8,18684.1,24671.3,23238.2,21012.1,22409,17595.3,21193,19451.5,20098.9,20130.9,17332.2,22999.1,20618,21862.7,23062,18840,20378.4,19851.3,21240.5,18953.3,17978.2,17553.2,17032.2,22364,17787.5,18746.1,19377,20175.3,18617.4,23481.3,19572.2,21929.3,18853.7,23523.9,18774,23713.2,24299,24051.3,24627.1,24027.1,20017,21385.3,24079.7,19371.2,19821.6,23612.8,21077.4,22041,23418.7,19925.5,23496.6,19736.6,23217.4,22605,25109.3,25132.5,22908.7,19495.9,24295.9,20681.5,20531.7,24474.3,21112.6,22169.1,25259.2,24584.6,24967.4,23903.2,20248.5,18782.4,24868.8,22822.9,21756.2,22955.4,19083.2,21329.3,20757.4,22705.8,23750.3,23884.7,22266.9,19451.1,18852.3,21591.2,21521.3,22700.8,21345.1,22498.4,18306.1,18406.7,23881.1,23505.7,23365.8,21245.8,18560.1,22221.5,20517.2,23611.7,23057.2,19151.3,21644.5,23443.5,18494.2,24118.1,21643.7,22739.3,18670.2,22410.8,18494.7,18888.9,23571.9,19801.1,21342,18842,24300.3,21957.5,21634.9,20378.2,22016.4,23221.6,23362.4,23815.8,22948.4,22991.7,18101.4,19691.7,22468.8,20959.9,20524,18331.1,22564.9,17880.2,23805.1,22323.1,18105.4,22161.2,19797.2,23889.3,23175.4,20483.5,21546.6,21230.5,19482.6,23307,18495.7,21421,19111,19478,22129.9,22316.4,20363,19617.5,18853.8,23797,23055.8,17702.4,23248.4,20431.1,19308.3,20779,17991.1,19362.1,20652.3,19146.1,22380.3,23053.3,20920.2,22809.5,24217.8,18769.4,18435.9,18978.8,20859.3,19596.8,22296.7,21638,20302.8,21126.5,21519,22166.2,23001.9,22838.6,23207.5,20996.8,22110.6,24779.1,24752,23595.5,21276.4,24427.2,22941.8,19624.7,25203.2,20804.5,24379,24534.4,21748.9,23886.8,22107.7,22696.7,22828.1,21899.6,24308.8,21609.2,24349.9,23987.2,23090.5,24400.1,24562.7,22617.3,26628.2,24243.6,26258.1,22364.1,20301.7,23371.2,21688,22104.9,24582.7,19929.6,19634.3,22304.4,23871.7,24939.9,23393.3,23688.8,23718.3,21319.6,24658.7,24837.1,19347.6,21138.6,24677.9,24087.1,20060.2,26059,21906.4,21051.4,25443.1,24086.3,20226,21718.8,23556.5,24374.8,23936.9,25897.1,26745.7,24433.5,25403.9,32372.2,32820.5
35154.4,30518.1,25063.9,24884.1,25561.4,22449.1,19766.8,19663.8,19242.9,18315.3,18264.8,18375.8,21177.5,21847.4,19866.9,21875.1,18101.6,18348.8,23268.9,19123.5,21974.8,19292.8,21463.9,23362.9,23928.6,21274.5,23440.3,19603.8,18871.3,21736.2,18484.1,22914.9,21160,21272,23164.4,22940.7,19057.6,17802.8,21456.2,18432,23483.5,22249.6,18161.7,17511.7,20134.9,22573,23326.5,22139,21495.9,18636.6,23402.9,21525.8,19973,20753.4,18605.6,19676,19327.7,20815.5,18375.9,19429.2,22932.4,22782.9,18503.4,19754.1,17404,20279.1,18353.1,23266.7,21905.3,22246.4,19455.8,18907.2,20383,18068.7,23958.4,23557,22250.2,18393.2,22530.9,20801.6,21491.3,19797.7,18501.6,21183.2,22378.6,22280.5,22060.8,20460.7,23424.2,19234.5,24493.8,20160.3,24042.2,21311.4,20520,20013.6,20954.1,18919.8,23533.4,24024.9,23360.1,18970.2,18671.6,23493.2,19664.5,22536.3,22867.1,23733.7,21665.2,19953.9,23663.7,20884.8,21559.3,21665.4,21992.2,19965.4,18527.6,17597.4,20381.8,18748.5,21817.9,18499,23457.3,19543.5,22626.2,18638.4,22824.9,21170.9,20665.5,18573.4,19558.8,18937.2,22415.2,19489.7,18205.3,20061.3,20398.8,22352.4,18345.4,23293,17221.1,17749,20240.3,17730.8,19694.4,22271.2,18628.3,19291.6,18868.9,20133.8,18070.1,22893.4,22698.1,19222.1,16948.8,22854.8,22764.2,18751.2,21773,19831.6,18142.6,22976.6,23804.6,23698.1,20688,18657,23337.6,22519.7,24268.9,23698.3,20886.8,23188.5,22866.5,24674.5,20349.5,20432.7,20101.2,22733.1,19062.3,20712.2,22028.5,25162.1,24062.2,25680.8,25016.5,24541.5,25772.8,20622.6,25612.8,19976.8,23394.3,23344.5,23533.6,22424.9,25624.2,20073.8,20144.6,19239.2,19049.3,24812.9,22467.4,19644.2,23042.5,23701.1,22735.2,24320.5,18947,24146,20222.8,21205.5,22047,19006.6,23753.8,24794.5,18559.8,19419.8,24838.5,24167.7,21039.3,22944.4,23611,19066.7,21047.3,22525.1,18855.7,23669.7,22742.1,22337.6,24680.6,23449.6,18049.9,19113,22281.9,22024.6,21255.6,22556.6,23084.6,18925.6,20019.2,24179.3,23246.7,20589.7,19498.8,23578.4,20400.5,21181.7,19929.6,21393.1,24907.1,20741.2,22637.8,19330.4,20201.6,21588,19016,19553.6,23989.7,23324.1,19418,22463.7,18552.9,21147.1,20597.4,21150.9,20809.4,18794.8,20749.2,19539.3,22174.7,23748.6,21207.3,20350,23807.4,20762,21540.9,24200.8,19577.7,21882.4,23245.7,22263,24071.7,23306.6,19008.4,17836.4,19677.7,18714.8,19662.3,18826.2,21598.9,22205.3,19126.6,19180.3,21641.5,18571.8,20723.3,21718,21462.9,22767.3,18728.9,19054.9,18468.9,19510.3,23477.8,23079.1,23659.8,18889.5,20265.3,24062.1,20421.1,24486.5,21729.2,20198.9,20503.1,18553.9,20193.2,22191.2,23271.6,23736.5,23319.7,25321.1,23547.4,21438,19990.8,20750.1,23501.8,20801.7,22662.1,24879.5,25877,25071,21403.6,24280.9,20231.8,24505.3,25520.8,22006.6,25136.4,21609.2,24943,21257.5,25654.6,20440.8,21779.2,20381.1,26514,23591.3,25358.3,23672.8,21640.9,19915.7,21544.7,24169.2,19709.1,24668.7,21678.5,25351.7,25124.4,20053.1,24207.9,20494.2,25502.2,21613.1,20168.1,20122.3,20961.3,24080.4,24567,25908.5,23421,21554.1,22368.2,19760.1,24256.6,25532.5,24111.2,20130.8,25329,24062.9,21123.3,23583.6,26283.6,26159.7,32764.5,36577.9
34987.4,28344.1,26586,22320.6,21728.6,22952.4,23578,21997.3,18723.3,21726.6,20065.8,19597.7,19693.8,24362.2,19537.2,21781,21153.6,18583.5,24419,20284.8,21885.8,22190.6,18585.2,20929.2,17834.6,20557.5,22991.1,20915.6,22987.3,19411.1,23802.9,22240.2,24104.3,19755.1,21041.2,24173.5,17915.9,19984.6,23699.7,19226.8,17611.4,19444.5,20428,18959.7,21474,19632.4,22136,19860.8,22633.3,22874.6,22343.2,21255.3,17447.1,19916.3,18629.2,17532.1,22590.3,18560.9,23173.1,23164.4,20697.3,22031.6,18608.7,18829.5,22149.2,17744.3,17599.5,23663,21460.6,23623.1,22324.3,19965.2,21175.4,19732.6,22750.8,17994,18245.7,23381.7,20941.3,17986.6,21613,23697.2,19746.8,22744.6,18592.9,22039.8,20087.8,21375.6,22383.9,23137.7,23038.9,21605.3,23827.1,18235.5,18376.5,17812.9,22664.6,24065.3,19626.7,23695.3,23510.5,19628.4,19280,17229.3,20562.4,21642.6,18237.7,17888.6,21586.6,17483.9,17923.9,20519.6,21005.7,23676.8,17761.3,17412.5,18007.3,20525.8,19403.7,20127.2,21841.5,19771,23586.2,21226.3,21289.5,19964.3,22650.9,22294.4,24844.2,24676,20376.1,21832.9,24918.3,23477.3,22510.4,22880.9,20938.3,17422,23368.9,17975.8,20355.9,18722.2,18729,17392.8,18296.8,19420.7,23343.6,20289.5,23174,21554.7,22888.5,23006,23480.4,19505.2,17063.2,19960.2,20255.6,21612.2,21420.3,20966.7,23775.7,24021.1,24230.1,17956.7,19105.5,21778.2,20590.6,20490.4,20162.6,19815.8,20828.4,23447.9,24368.1,23706.6,20923.8,21281.9,25004.8,19893.2,21829.4,20453.4,24708.1,21352.6,23894.8,23691.1,21885.9,20185.5,25696.9,25218.2,25375.9,22223.3,21737.5,25102.3,23078.2,23139.2,25686.2,25186.5,21661.2,24337.7,23381.5,20396.8,24228.5,20930.7,19338.3,24691.4,22177.5,24446.9,20360.5,18610.6,24612.8,20148.5,23796.9,20819.5,21728.2,22882.1,20458.5,20677.9,18914.4,20728.8,23615.2,22149.5,24319.9,23337.8,22705.7,22208.8,21702.8,20639.4,22047.4,23011.5,20046.2,22542.1,18062.6,24267,23128.3,22739.3,19203.9,22035.3,21174.2,22073.6,18154.5,23816.8,21244.5,24317.1,19902,22034.4,18376.6,22060,23485.2,22074.1,20576.9,23225.6,19949,21642.7,24346.9,21328.3,24028.7,20875.7,20661.7,18026.3,22184.3,19099.8,19489.5,22223.7,17405,19542.7,19803.5,19036.6,20747.8,19336.4,19703.3,22071.8,22479.4,21145.4,20696,19483.4,24016.4,20564,20128.7,23112.8,23507.9,22553.7,22895.1,19813.3,21357.2,21008.8,20998,20375,23648.6,22540.6,18613.6,20317.9,19567.3,21780.4,20095.1,20612.8,21400.4,21104.5,19057.7,18867.4,23709.9,18436.7,18742.3,21411.1,22572.3,20704.1,18470.5,22116.4,23825.4,23070.3,18845.4,21133.1,22474.4,19548.5,23453.1,22428.5,21458.6,25046.7,23000.3,19672.1,21366.7,21439.4,24571.4,20317.7,24238.4,21597.6,22371.8,24441.3,20411.5,21562.4,26180.8,23989.3,23271.8,23336.5,20487.2,22499.1,26472.7,22885.9,21853.7,25073.3,25703.8,20179,25984.6,23158.6,20073.5,20241.8,23900.2,22697.5,19813,21168.8,19745.6,22061.9,23881.4,20614.4,25664.3,24466.7,22271.7,22839.9,24875.9,20664.7,21903.9,22931.3,20756.5,23568.9,19775.2,25581.2,22331.4,20391.4,24331.7,20849.1,23796.2,21739.5,21550,22323.8,25491.9,19849.3,25593.1,20895.8,23400.2,20119.6,23162.8,26604,23492.4,28223.4,29932.4,34220.3
35545.3,32032.7,29081.9,27413,24283.4,24606.4,23823.9,21637.9,18549.7,18498.3,23068.9,18076.1,19872.3,21259.1,19794.7,19740.7,24221.6,19691.4,22512.7,23393.1,18379.6,18311.7,23149.6,23664.2,19964.2,18127.8,18123.3,19761.1,18201.7,20413.5,23944.6,20683.2,23466.6,23776.5,23214.9,20054.5,20758.6,20685,21335.8,23878.8,19078.4,19029.2,20853.3,19093.5,23264.3,21601.8,23190.3,19847.1,20713.2,19254,21109.7,19321.8,23465.4,22865.9,21473.9,23423.1,22237.2,20398.9,18097.4,19964.8,18974.7,17553.5,18912.1,23509.4,22160,19934.2,17639.7,21587.9,17909.9,18167.8,19728.5,19547.9,18037.5,22706.6,18206.7,18080.7,18621.9,21053.5,22255.1,18818.5,19393.3,20275.2,21186,24382.7,24366.3,18169,22749.7,19954.2,22066.3,23541.8,24053.8,19285.2,20291.3,22384.9,19637.3,17974.2,23130.8,23652.4,21169.2,24046.3,24102,19176.9,23477.8,19715.9,20975.8,23641.6,23548,19143.2,21041.6,19247,22069.6,22948.4,18363.1,20600.4,23550.7,22595.3,19019.5,19259,22184.7,21463.2,17161.8,19568.8,24104.3,21470,20654.7,18397.1,22492.5,21706.4,18782.3,21369.1,22196.4,20456.9,25002.9,23902,19647,21872.1,22994.5,20315.8,22694.9,20028.1,21655.2,18651.4,19011.7,22549.9,22064.9,17657.8,21958.7,18157.8,20093.4,21324.1,17935.6,21880.6,20233.6,23137.4,20287.2,20239.5,17788.8,19244.2,19056.6,24077,18832.8,18382.9,19729.3,21570.8,21298.8,23017,19224.9,21159.3,23554,22641.8,20761.7,24118.6,24972.9,23988.9,21929.7,21895.9,20769.9,24356.3,21956.9,20446.2,19589.3,24502.3,23452.2,25155,21595.2,23682.4,20373.2,23633.5,22844.8,24498.3,23881.1,21853.9,20572.6,25029.1,23775.7,25588.6,19534.1,18796.2,22306.4,23719.8,19671.5,20957.8,25219.6,19283.1,19147.4,20199.2,22071.4,21032.7,20575.2,23826.1,21051.5,24594.9,24809.3,20754.2,20844.1,19912,20031.6,24806.3,19331.2,20669.1,23805.4,20687,18681.6,20729.5,18477.4,23533.2,18941.7,19603.5,24084,23891.2,23643.7,19732.9,18948.2,23038.2,18453.6,22277.8,20306.8,19667.6,20583.7,19512.3,20645.5,21809,19631.7,20027,18725.6,23752.2,24981.5,24057.4,21764.9,24364.8,22573.4,22997.4,22297,22752.3,22592.2,22874.3,24345.3,21913.9,24205.2,23339.7,22324.6,19416.7,17611.4,19082.3,18243.1,17652.2,23257.4,20665.6,21478.9,23888.4,19321.1,19230.1,19817.2,21685.5,23713.5,18819.9,17842,17911.3,20490.8,21116.3,19964.6,20254.4,21413.8,18197.4,18366.7,18107,19907.4,20190.2,20544.6,18823.6,24641.2,23721.8,22880.6,25098.3,22654.1,21210.2,22498.3,22913.5,22660.9,22021.6,19167.1,24319.6,21461.1,20691.9,22859.7,21512.8,23548.9,20069,21538.9,24538.5,19779.1,24955.7,23518.5,20420,19320.8,24283.1,22561.5,20553.2,20521.9,21927.1,21919,19431.4,20986.5,23124.4,20752.6,23228.9,21196.2,23862.7,25060.4,26195.5,20044.9,26307.2,26008.8,21085.1,25494.3,26256.2,25577.2,20405.5,20748.4,26268.8,21984.8,26321.1,22043.6,23168.6,26522.2,26283.3,21597.1,25982.2,21484.3,21209.3,25604.6,19460.6,19139.5,25329.1,23415.4,25929.8,21210.9,22327.4,21317,21072.8,22723.9,21758.1,21572.7,25251.5,19767.3,21955,22020.7,20197.8,26033.1,26302,26355,22580.4,20737.2,25176.4,20812.7,21973.5,25844.9,23936.1,25949.7,22001.2,27610.9,27276.7,29949.3,31929.7
30908.7,31896.2,27406.7,22591.8,25413.9,23241.7,20468.2,24432,24086.8,24287.2,22681,18305.9,22100.9,23800.9,21488.5,20449.5,21856.2,21196.4,18906.8,24307.4,19866.6,19336.1,19476.2,22636.9,20943.4,18562.7,19340.2,20477.8,23272.8,19710.6,22673.4,19980.2,24194.5,18704.6,21252.4,19180.7,18701.7,18384,18565.9,19937.1,21477.7,20686.7,23401.2,21906.6,19571.2,20124.3,22151.7,17410.4,22719,20933.3,22948.1,21197.2,20709.5,19736.5,19243.2,23458.6,21538.5,21659.5,22139.3,18598.3,20395.7,17968.5,19240.1,22748.7,21813.3,21046.2,22005.2,20376,18913.1,19580.3,20843,21246,21626.9,23607.8,19370.4,23950.9,19141.3,20437.4,21415.1,20472.4,22281.4,21951.6,19750.1,20257,22491.8,19766.2,22778.8,23781,19235,18211.8,20109,19169.4,21014.2,19395.4,20990.9,21260.6,20424.4,21434.3,24171.8,18918.7,20069.9,23467.7,22495.3,18884.9,17700.9,21631.6,19491,23315.3,18106.2,17660.9,20182.3,21062.6,23051.8,21550.5,18713.8,20340.3,21837.3,18875.6,20470,23562.3,20506.7,17487.9,23446.6,21556,22229.6,19278.7,23350.6,18942.5,18891,18513.8,23358.3,22176.8,19000.7,20307.3,23653.5,23453.7,23482.1,20842.3,17294.5,20258.2,20076.8,20964.4,17989.7,18065,21918.2,21485,20352.2,20636.2,19703.4,22115.1,18071,17811.9,23625.2,22824.7,18519.8,18429.4,17854.5,21192,20711.2,19072.8,21556,20233.8,20719.3,23559.2,22449.1,21796.4,20699.5,22001.6,19313.4,23580.9,21857.3,19787.9,25340.1,23946.3,22423.1,21908.6,23346.7,25258.9,19965.5,19214.7,19943.8,24000.7,22466.6,24421,21668.6,20996.2,23923.9,24352.1,22845.5,22893.3,25256.1,24905.1,20262.4,19382.4,22588.1,19321.7,21819.8,25092.8,20418.2,25213.8,20009.2,25026.6,20473.7,19313.6,24516.6,21521.8,24051.2,21571.5,23289,25091.1,22256.9,19614,20298.6,24517.4,23300.3,19980.3,23134.4,24431.7,23377.9,24420,18405.6,21581.8,22327.2,19189.7,20102.8,21250.9,19516.2,21881.5,24696.7,19490.7,23065.7,24062,21974,18603.3,23290.6,20920.1,19331.7,18896.9,23927.5,20042.1,21895.3,24132.9,19755.4,20110.5,18160.2,24427.4,24217.7,18574.6,23136.4,23540.8,22457.3,24712.7,20514.3,22252.9,21985.5,23304.1,22039.8,19928.6,18170.6,21183.3,18045.5,17937.4,23142.8,22253.2,17572.1,19648,23928.1,24504.9,19823.4,21833.2,21567.4,21561.4,22401.1,22230.2,18212.4,21490.2,21423.2,18260,22937.9,20077.2,20649.7,21366.6,22783.2,17608,19361.5,23330.5,18443.1,23882.2,23365.3,23739.9,24844.3,23275.9,25451,24780,24691.6,23600.2,23170.4,23606.9,23469.7,23718.7,23413.8,21633.8,22004.8,24002.2,23244.1,23434.3,22203.2,22315.9,24419.2,23714.9,20171.5,22184.8,22145.4,23381.7,23173.6,20531.9,19148.5,18780.3,18983,21758.3,19369.9,19019.7,18865.5,21903.5,22348.6,25739.1,22154.9,25298.1,26217.7,23287.1,20520.5,20652.4,21193.6,25949.7,22518.7,23705.1,20330.2,23550.4,23596.6,25801.8,21607.8,20098.8,26336,20290.4,24649.4,25532.4,24179.5,20337.6,20734.7,21148.4,25501.6,25743,20929.7,22143.3,23161.1,22855.5,20705,22938.9,23037.5,22514.5,24513,19627.2,19166.4,19415.2,20654.5,25123.3,25832,23174.6,24624.7,20995.8,20860.2,24842.2,25033.1,23584.4,21605.9,19799,25734.8,25912.2,21454.9,23553.8,27096.8,26721,27670.9,35521.9
34569.5,26917.5,28224.1,24079.3,25869.8,22336.7,21463,23773.2,24425.2,23901.5,22785.5,18097.1,21860.5,19289.4,23394,22997.4,21105,24042.8,22147,21795.9,19692.5,23507.5,20678.6,21964.4,20030.4,22783.9,22277,18534.1,21922.7,22493.9,22653.2,23807.1,18846.2,23950.5,20963.8,22171.1,20481.1,22664.2,21679.4,18825.6,21015.1,23270.3,22575.5,20816,18977.7,18430,18691.5,21818,19973.9,20530.5,22765.6,21090.6,23239.7,20744.6,19547.9,21596.9,23659.2,21674.1,20262.1,20123.4,18124.5,19149.3,22206.9,22680.9,19451.3,23602.8,20406.6,18742.1,21589.8,18011.1,19458.5,24159.4,20406.9,18401.7,21399.2,22396.5,23246.1,21291.4,23745.2,20621,20018.7,19087.2,24194.5,19028.2,19444.8,21942.2,20419.4,21274.2,24562.3,20101.6,19558,23432.8,18732.3,21199.7,20840.1,22261.6,21432.5,23528.8,18470,24102.3,21274.2,22691.8,19131.5,21244.7,20536.4,21526.2,20372.3,20143.4,18982.4,17420.4,20375.5,19730,20512.3,22599,21719.3,20100.9,17522.1,20527.7,22002.4,20033.6,22325.4,18741.8,21196.2,21742.1,23340.5,24492.1,22006.8,22661.9,22640.8,24342.3,19942.4,18617.1,23027.4,24689.9,22384.9,24371.4,22073.6,19185,19271.3,17399.3,20906.4,21731.3,19754.5,21753.1,17604.9,18598.6,20892.7,18415.8,18841.4,18790.3,22607,20715.3,18476.9,20236.5,19833.5,20399.8,23853.8,19563.5,22351.3,22500.1,18710.7,22137.9,20195.7,21706.5,20387.7,24693,23394.4,19898.6,18782.9,19618.3,22689.5,21874.4,21049.2,20990.4,20026.1,21453.5,24993.1,22401.7,19693.3,21022.4,21996.4,22660.6,22244.5,25693.1,19612.4,22963.3,24356.3,19842.2,22363.4,23260.8,21799.2,25201.6,22590.8,25914.7,22876.3,24467.1,21899.4,24028.9,25155.5,24801.2,20528.3,22994.7,21448.2,24054.8,21914.4,21601.8,19755.8,20668.1,19870.4,23017.9,22217.4,20353.7,19995.6,21763.7,24209.2,23974.7,23224.8,25079.6,23026.2,21562.3,18320.5,20647.5,23459.7,20534.2,24750.7,20173.7,19567.5,23644.2,20986.2,23905.1,20987.2,18526.7,18196,22077,22238.5,22173.6,20662.4,21732.1,19125.9,23895.1,19208.2,19445.1,18149.5,19980.1,19861.9,22611.4,20105.9,21389.2,20290.4,25311.2,20498.8,18644.5,24815.3,24117.5,24789.5,20784.7,21471.9,24045.6,19674.4,22807.3,19091.5,19061.2,20566.6,22302.2,21220.9,20566.4,22711.9,21229,19758.6,20952.7,19445.1,23386.7,21220.3,21169.3,21045.5,19140.3,20557.1,21161.6,21869.2,19801.8,21446.1,19029.9,22789.6,22322.4,23289.1,21726.6,23890.2,19388.1,19938.1,23502.5,21835.7,5745.37,27659.1,25437.1,21452.6,24519.5,23874,21744.5,21014.2,18823,17858.5,22536.7,23838.1,23422.3,20449.4,22589.2,22457.9,22675.3,22512.5,21631.4,18745,22417.3,24424.3,24555.8,19979.2,21572.8,20571.4,24776.7,23136.3,24110.5,20317.1,23871.7,21742.1,20064,20848.7,23362.6,24275.4,23680.2,23355.7,23982.6,23030.8,20746.8,20915.9,23677.8,24646.8,22116.7,21513.1,22207,20293.4,20363.2,26305.2,22308.3,23772.4,20826.5,21891,22284.8,22538.2,25025.7,24488.3,22538.3,21784.2,23829.2,22033.2,23000.5,21164.3,25930.9,20795.4,22726.4,22197,21892.4,24735.8,22592.8,22998.9,24118.8,19029.3,20215.2,20894.7,20905.2,20443,20874.6,22561.3,24208.3,25078.6,22571.7,21439.5,25898.9,20827.4,22662.3,25034.5,20432.2,21531.6,26427.3,30360,35471.2
35662.1,26747.4,24350.3,23470.2,22717.2,24625.3,19914.2,24731.1,24721.3,24720.4,22675.6,19033.8,23627.2,20455.4,18604.9,22093.7,23053.9,19547.3,23535.8,19627.5,20011.2,21762.2,24101.3,22976,22918.4,24273.2,21192.2,20483.9,19669,18710.4,19051.6,19896,20992.9,18813.3,18997.9,21895.5,23220.9,23730.8,21754.1,19958.7,18508.9,17942.9,18851.2,17707,18842.8,19037.3,20679.5,22812.8,17617.5,20736.1,20065.1,21979.4,23466,18718.9,17716.1,20562.1,19692.5,20607.2,21938.7,21347.3,18677.4,21667.4,20791.9,17281.6,22966.8,19198,22417,23869.9,19431.2,22301.3,18782.4,17885.7,18098.8,18658.5,20331.2,22407.2,19513.4,19087.8,21119.7,18484.6,21258,23888.3,19306.7,21089.7,19788.6,20290.3,21814,23442.7,18813.3,22493.9,20863.1,20222.7,17977.7,18479.8,24128.7,21689.8,20982,23436,21088.9,19236.8,22166.4,21642.7,21787.4,18124.2,19573,20992.4,19040,19992.6,21395.8,21642.5,18772,23391.7,21202.9,17247.5,17849.6,17258.1,23210.4,19322.8,20350.4,18374.8,17718.1,19032,19841.2,21563.4,21386.5,20321,23391.2,22655.5,21836.8,23105,24442.6,22479.1,21821.8,21180.4,22317.7,21579,17810.9,23184.1,19972.2,23193.3,22854.8,22378.3,19840.7,17331.6,19031.7,22625.1,22006.7,17748.7,21923.4,23669.8,22584.1,18037.2,18490.2,19990.1,15961.1,20000,20030.5,22240.3,18854.4,20770.4,23192.9,22796.6,19517.6,21701.8,21311,21882.2,21003.1,22191,20855.6,22396,20844.4,23687.5,20708.5,19096.4,20979.8,19378.4,21213.3,19013.1,19697,20803,22379.2,19633.5,23990.9,25246.6,23164.8,21055.6,24834.9,20226.9,20440.7,20699.2,23940.5,19600.1,19414.2,25661.3,21173.5,21794.2,19329.9,19288.5,21889.8,25199.6,22316.5,24115.3,21806.4,22855,23570,22852.4,24810.5,22061.5,20396.5,23735.8,19306.6,21651.4,22176.7,22954.5,19677.6,19938.9,24341.7,22289.5,22080,23054.3,21105.1,20644.3,22198.7,24917.9,22520.9,21779.8,24904.9,22690.1,24179.6,24430,18196,19544.6,23635.7,21601.6,22875.3,19136.5,20635.4,23034.6,22855.9,18698.9,19690,20985.5,19603.7,22505.6,19871.7,19602.2,21656.2,23206.7,21793.8,24549.6,24512.8,19195.2,20077.9,24377.1,23007,22956.2,19404.1,18349.9,23510.2,17949,17449.4,17753.2,23201.4,22720.3,18468.6,22342.5,20689.2,24389.3,18604.3,22009.2,21729.4,17947.2,23910.1,19287.8,18635.3,18954,23374.7,20139.1,18758.3,20599.1,19046.5,20712,22050.6,20863.7,17915.4,22253.9,24263,20960.2,24545.7,22211,20036.5,5574.21,2576.72,21633.9,20041,20237.2,19955.3,21846.2,24511.5,20376.9,20813.6,22887.2,23218.5,21652.2,17900.6,20772,22011,22423.8,23473,23547.1,21751.9,18815.1,19615.1,20142.8,24369.9,23341,19024.4,22871,24916.4,20191.6,18931.3,22056.3,25108.1,23512.6,20600.7,22775.1,19881.6,21274.5,24114.4,25998.6,23235.3,25536.8,24616.3,20772.2,23244.5,24484.3,20824.4,25426.9,20492,22366.8,23952.1,20238.5,20021.8,20564.6,25513.3,21959.3,23878.5,23380.4,23357.5,22408.3,20934.7,25161.2,22835.4,22912.9,24742.5,22416.9,20490.2,24687.3,22804.7,22698.8,24975.2,20624.2,22629.8,20957.9,25530.9,21335.2,25166.9,25213.4,24533.4,20877.9,24610.7,24717.1,23797,25979.3,25210.7,19559,24473.1,22864.2,22873.9,20484.1,28113.8,25778,31916.1,34232.2
35119.1,30210,29658,27785.9,24424,25686.8,24702.4,25109,19393.9,23848.7,18756.7,24468.3,23719,24103.4,21229,24024.1,24223.3,23730.8,19050.4,18187,20658.3,19630.9,24068.7,21118.8,21770,22543.9,22924.1,21776.1,21931,20451,21545.7,23531.3,19680.8,17969.7,18343.2,22942.9,23369.4,22040.1,20791.5,19033.3,20620,22290.1,20385.1,23175.8,21353.5,18767.7,20816.1,18739.8,21294.5,17380.3,22614.3,19870.2,20373,17871.8,19309.6,21794.7,19981,21749.5,19410.5,18796.9,21822.7,22691.5,19410.2,20727,23524.1,20468.4,20328.9,23933.2,20458.2,19861.8,23224.1,18327.3,23964.6,21943.2,20593.6,23294.2,23410.5,18882,23224.6,22940.5,19605.1,20455.2,18253.5,24520.1,19691.3,19718.7,23328.4,20233.7,18558.7,19872,20767.9,23437.9,21153.1,23131.2,22761.6,19595.6,21868.9,21388.2,18891,22305.7,21466.5,19868.5,20603.6,19791.6,22807.8,21772.1,20046.1,21204,22014.9,22537.3,17805.1,22542.2,22419.5,17851.8,23267.3,19592.5,23592.3,21425.4,20414.3,22969.2,21043.8,23939.3,22109.2,21512,17988.8,24346.9,23487.5,24597.8,22089.8,22506.5,21841.5,21238.3,21673.9,23762.9,23719.5,24064.4,23458.2,18932.2,19666.6,22372.9,23424.4,18204,18373.8,20709.3,22802.6,19895.4,20080.9,20075.6,21653.4,19019.9,22069,21369.7,23339.2,19499.5,20839,20342.2,23287.9,21885.5,24152.8,23635.5,22721.4,20195.6,18783.5,19812.2,18882.6,21911.6,21947.4,23325.1,22694.7,23973.2,19365,21086.2,21184.8,20307.4,21786.3,22134.2,20341.1,23589.9,19995.3,22029.8,21958.7,20929,19061.5,25254.5,19801.4,24867.4,24457,20867.3,20714,24952.3,20782.2,22253.7,20954.5,23569.6,23446.4,24248.7,21114.9,25205.2,20701.6,23725,22176.5,21783.6,22920.5,24049.5,19541,25084.8,22247.4,24086.9,19598.5,23654,19282.6,20592.6,19904,21024.2,24114.5,24131.2,22384.6,21283,24783.2,24347.7,23668.7,21608.9,18954.5,19835.5,21334.6,22843.1,19147.3,18730.8,24203,21706.7,20737.1,19522.4,22683.1,23490.5,20519.6,18530.7,22491.7,18854.5,23515.7,20218,18702.4,24249.5,19367.2,20852.3,22660,21891.2,20502.9,23197.6,23536.5,23572.6,18850,19083.2,24499.4,20358.7,24603.2,24004.7,24697,23315.6,19565.6,23903.3,21826.9,22296.5,23868.4,22957.6,19458.7,18988.1,21586.8,22705,22214.8,17952,23222.6,20181.3,23302.1,18592.8,18268.2,21210.9,18905.3,17972.8,17790.3,22172.4,17733.7,22190.1,21168.8,19084.5,18629.3,21456.5,22151.8,19737.5,19506.4,19506.4,21790.1,22691.2,21742.8,22822.7,23943.9,19152.7,20889.4,18306.7,18513.5,19711.2,22506.7,21812.4,21607.3,19856.2,22385.1,23288.3,22230.8,20685.9,19598.8,20545.9,24276.5,23839.6,18667.9,21630.2,20946.8,18953,21445.4,23020.7,20702,23868.4,22817.3,25762.1,20624.1,21179.6,21679.7,23365.3,20797.2,22100.4,20350.7,23028.2,24311.3,20782,20122.5,24221.4,25306.4,20203.3,23056.2,24182.8,25608.4,24764.2,23644.8,25216.4,23755,21300.9,21095.1,24103.6,25639.7,21666.7,24138.3,21003.2,20042.2,21485.2,22973.5,21241,19648,26075.2,24855,25873.1,20658,23233.3,22208,24751.7,21155.7,22660.3,20059.4,25050.2,25421.9,24476.4,20889.9,22724.8,20653.3,21637.1,25191,24079.8,19893.4,20276.9,25071.9,25336.4,20228.5,22038.8,25632.3,24711.3,31269.1,34004.9
32498.4,32284.7,24813.3,24525.4,21245.7,19996.7,21007.6,23883,21865.8,20605.2,21365.5,24498.4,18397.7,24294.1,23746.8,24392.4,19163.7,23930.1,20368.5,23581.5,22038.4,20071,21585,21757.3,21133.1,20342.5,18678,19865.6,22845.3,17819.1,22582.9,22825,18967,22659.7,17998,20049,20876,23522.6,22260.3,20525.5,21513.5,18631,21875.5,18321.2,20964.1,18566.8,18231.3,19548.7,20691.4,17355.7,20939.8,19527.3,22426.6,19766.1,23228.2,19219.8,17811.4,19763.3,17544.1,22115.3,19648,17912.6,19996.6,20636,19417.6,17774.9,19345.9,22077.9,18113.8,20573.1,22913.8,20822.1,20279.2,22655.9,19885.6,20494.1,19041.9,19169.6,18610.6,21828.7,23194.3,20632.4,19062.5,21460.8,20525.2,18998.6,22821.6,22091.1,24738.7,18473.3,24750.8,21181.8,19357.6,20362,23991.5,19748.5,18301.2,23484.3,21553.2,18811.6,23439.2,20061.3,23906.4,20361,19148.3,20997.6,20730.7,18636.8,19917.4,21939.4,18921.7,21111.8,19020.6,18140.8,18892.1,19647.5,22107.2,19285.1,18386.6,23563.2,17873.5,20625.5,19810.9,20932.8,24227.4,19932.8,19151.4,20780.3,24267.3,23920.3,24613.7,20183.3,19485.2,19925.7,23020.2,18306.8,18822.5,21031,18778.1,20956.8,17347.9,17734.9,18362.2,22033.3,17893.2,20420.3,20844.1,21831.2,22400.2,23267.5,17579.1,20690.8,19909.1,21394.7,17799.7,19360.2,18003.6,23695.4,18015.8,18328.5,22337,20299.5,23514,21091.1,24152.4,21093.4,18979.6,18893.3,21980.9,24311.1,25047.4,20483.3,21756.3,24618,22737.9,19634,21949,24158.4,22237.1,21500.7,23349.3,24252.2,24152.4,21380.7,21652.1,20285.1,22487.8,21327.5,19717.5,20826.3,23856.3,20418.1,20963,21665.8,23579.4,24924.3,24687.1,25722.1,19856.6,20387.1,20296.2,24941.6,20551.4,24937.9,24190.3,23444.6,21777.3,19931.9,19890.7,24156,20019.5,21163.9,21103.2,21666.4,24687.2,18863.5,20314.5,23104.2,19133.4,21173.5,19833.5,22997.7,19261.2,19104.7,22597.4,25158.7,24801.5,19006.3,19273.4,19696.6,20065.6,23856.4,19308,23611.2,21129.8,20346.8,23599.7,23440.8,20388.4,20146.6,20146.2,19352.8,22124,23607.6,22586.7,19442.3,23261.1,21269,24521.1,22064.9,21067.8,25160.9,22936.1,23519.1,18381.9,20113,18837.9,18682.1,20857.1,23075.8,19754.5,19207.1,18126.5,22090.7,19393.6,20939.4,19795.4,21513.2,20238.1,22821.5,24189.5,23496.7,22276.7,18918.7,18545.7,23446.4,21006.2,23832.4,22591.1,19614.2,23097.2,23288.9,23829.9,23728.3,19670,20670,23185.9,20347.8,24697,24615.3,23053.4,21172,19413.8,19923.1,25025.9,19289.6,23083.6,18587.5,22842.9,21736.7,20382.9,21501.3,23479.6,20692.5,18605.6,22836.2,23995.1,19590.4,20587.9,18917.4,19355.6,23444.9,23196.7,22494.6,21234.2,18583.4,23826.5,21010.6,20622.7,19003.7,20479.8,21631.8,22909.5,20901.3,19924.5,19898.6,25630.4,21574.2,22782.9,20091,23891.5,20556.1,23935.6,21968.2,25809.3,26203.3,23499.7,21147.1,19909,26346,24325.8,24515,22229.7,24093.9,24884.9,25450.5,26069.2,23550.6,25157,23931.4,25554.4,24786.2,24913.9,24663.2,21471.7,24379.7,26237.7,22285.5,21912.9,26215.6,24176.5,24964.5,23296.7,21911.2,23946.7,22625.2,19726.9,24034.5,25399.5,21737.7,23214.5,22308.1,25833,22464,23246.3,25703.9,23241.3,23320.4,23109.5,26056.9,24077.4,25613.8,33185.9,33770.2
31298.3,30122.9,28999.6,23448.9,26948,23820,21502.2,22197,23810.9,24046.8,24663.7,22740.8,22319.9,21817.4,18576.4,18292.6,18120.3,21407.1,24304.9,23667.6,21558.2,22804,21898.7,20614.5,18346.3,20466.8,23650.5,21532.5,19636.2,18744.4,23727.7,18228,18600.7,23552.1,22632.4,21324.4,23328.2,21964.3,18585.1,17595.4,19069.3,18372.5,22587.2,19181.5,22685.9,21785,23244.5,19614.6,19889.7,18083.3,18125.9,21334.2,20148.5,17661.6,18679.4,21233.4,17912.6,20849.4,21623.5,22851.8,20521,22992.3,21451.4,20548.8,22083.4,20098.5,20739.6,20131.7,21362.1,23676.6,23512.4,21671.6,21711.9,23874.5,19054.1,21258.9,19223.5,21545.8,24653.2,20727.1,21820,18917.2,21483.8,21566,22395.3,21750,22277.6,19772.1,19563.8,19395.9,19855.1,21238.2,20322.3,24610.1,24108.4,23667.1,21384.2,21208.6,22001.1,23877.8,20499.2,19593.8,22474.7,19872.7,19770.1,18094.7,23708.9,23200.8,22481.1,21635.9,23483.9,20713.7,21808.6,19893.5,18650,18352,20942.8,18427.9,22007.5,22361.2,18117.3,23587.2,23921.4,18143.1,24134.6,18411.6,19217.8,23475.3,19706.3,19267.9,18566.5,25057.3,19142.4,20944.8,20873.4,22371.4,23598.1,18634.9,21395.2,22064.3,22692.9,22838.8,22741.1,19554.9,23335,17845.7,23300.8,20984.2,23770.4,19359.1,20276.3,23026.9,22641.4,20765,15561.2,20729.2,23474.3,20457.8,22374.3,18307.4,21336.3,19615.8,21655.5,20949.8,21529.3,19409.7,23107.9,20256.8,20982.1,21187.4,24316.2,21276.1,20318.9,25406.7,24711.4,22433.1,20974.6,18817.2,19868,20917.6,19488.1,22431.9,23717.2,21870.2,25293.5,22071.2,23081.5,25669.3,23826.5,21007.1,23098,21919.3,22007.7,20165.4,24267.7,21007.4,21028.5,25776.9,23126.5,20952.2,24791.7,25437.9,25451,23386.3,22641.9,23109.5,24098.4,24283.6,19135.5,25235.9,23568.4,25348.6,22975.6,24019.3,19446.4,24698.1,24943.1,22352.9,22496.8,24173,20574.7,21243.1,23957.9,22995.6,22042.7,21390.4,21824.4,23263.9,23195.7,21116.4,21058.5,18898.9,23279.2,19188.4,23878.7,23301.9,18169.4,24199.6,18129.7,24107.1,19372.3,22498.9,22326.4,22294,19048,24730.2,19080.8,23894.4,23157.2,23011,21393.1,23163.7,24581.1,22423.5,21951.7,22617.2,20441.2,22915.2,23910.8,19700,17964.5,22643.1,23836.9,20388.5,18214.5,20862,24204.5,20593.8,23262.1,21604.7,22392.4,18883.5,24271.8,23309.6,22195.1,20636.2,19456.1,20594.1,19864.7,22329.9,23166.1,18757.8,22292.4,24154.8,20345.4,20865.9,21853.2,23278.4,21610.1,21887.5,21821.3,22173,23737.1,23176.7,24745.7,19109.1,19262.4,22437.3,22025.9,20741.1,22566.5,20864.3,22668.5,21658.2,19918.8,23506.3,23293,20560.8,23075.9,22845.7,24402.1,22717.6,23557.7,22851.6,21423.7,22805,24094.9,20211.1,21025.6,22553.7,19673,20126.1,24638.7,21871.5,20044.1,23957.1,23698.9,24179.8,22975.8,22264.7,19907.3,20423.4,22099.5,26019.7,22316.9,25166.1,22686.6,21978.2,23903.8,23407.9,23015.4,21090.2,22968.7,26533.1,25772.5,24516.9,20232.5,21935.7,25654.6,25518.8,22125.9,21147.5,22948.9,25281.5,20965.5,24277.7,25926.8,23060.2,20821.6,22367.1,24338.2,22138.9,24528,20915.4,24174.6,22219.2,22181.5,19853.5,19715.5,24095.9,20161.2,19339.8,19357,25811.3,25031.9,25376.9,22662,21829.5,23713.9,22284.5,26465,29300,28514.3,34165.4
33183.4,28009.4,26742.8,27707.7,22646.4,24142.4,20648.4,22716.5,24468.3,24082.6,24413.6,18716.6,22610.1,18412.1,18506.5,23683.4,20605.5,18591,19285.5,24396.3,19371.3,20576.8,22142.8,20129.3,19368.2,21945,19681.5,18326.2,22035.3,19950.8,23821.8,18275,23168.6,21925.3,20397.8,18986.5,21542.1,21719.5,22021.1,22807.3,22623.9,18998.9,17436.3,22804.4,18973.1,20568.2,19124.2,22186.4,17981.9,20199.6,18562.3,17684,20076.4,22103.6,21223.5,21961.2,19862.5,22639.7,19373.1,17629.5,23568.3,21253.1,21663.4,19390.7,24032.8,20279.1,19355.2,20911.4,22736.8,22828.4,18895.6,23358.7,18172.7,20411.2,23352.9,23085.5,19606.5,19433.7,23883.8,21273.3,18549.4,21773.5,22963.3,18629.2,24256,22851,18697.6,22913.5,24058,20663.4,20005.6,24665.4,19553.9,22115.1,19794.1,18819.2,24471.9,23644.2,23339.3,23718.9,22335.9,18145.5,22301.8,20472.3,20189.3,19296.5,20230.5,18627.8,22802.7,20623.2,22291.9,21919.2,23552.1,21209.1,23748.4,23845.8,17563.4,22645.9,20146.1,17622.6,19911.8,22785.1,20656.7,22391.6,23085.4,18789,22741.5,23499.6,24688.9,21827.9,24108.2,24191.7,19070.1,24463.2,24697.9,21938.9,23480.1,21575.2,20751.8,20394.6,22532.7,22460.3,19079.9,17565.6,20401.2,17342.5,17550.8,20315.5,17519.9,20932.2,22762.2,22554.5,19516.7,22138.5,19289.1,20335,18212.4,21141.4,22526.9,18271.9,17947.2,20426,24083.1,21183.9,23401.9,22098.7,18516,23458,23419.1,24707.1,25148,21941.3,23192.4,23729.9,22256.4,19667.8,21424.3,20033.5,22167.1,21606.7,21590.1,23816,20592,22422.7,22292.4,20009.9,25900.9,23774.9,21028.2,24896.9,19570.3,20850.6,25238.9,21101.8,23894.7,22992.7,22565.4,23304.1,21506.3,21540.7,24607,19377.7,19144.5,19551.8,24445.2,24388.4,23171.3,19205.7,20646.8,21212.3,18935.8,20209.1,20927.6,20565,19157.2,24956.1,19857.8,21926.7,19951.2,21593,23537.7,22265.8,20666.5,20522.9,20596.8,23294.2,18978.7,20316.9,19120,19738.9,19834.8,22244.6,23156.4,22923,21080.1,20657,19162.3,19893.8,21322.3,18872.7,19509.1,24161.8,18968.8,21048.9,23130.9,20860.7,22105.2,24755.1,18950.3,25535.7,21729.4,20960.5,22395.5,21261.5,22272.4,20158.4,23504.7,19120.3,21055.6,22292.7,23446.3,23229.6,19420.2,19915.1,23659.7,19431,21711.1,19034.7,18466.4,24649.4,22935,22826.9,19287.9,22782.2,23768.9,20276.9,24318.2,20434.7,17590,21224.2,22921.4,22741.6,23195.5,19297.4,18130.7,17593.3,18521.7,19226.5,22789.1,21195.3,21921.7,22850,24129.5,20447.2,20682.8,19902.1,18349.1,20955.5,21926.4,18639.8,21215.3,23184.4,23385.9,24025.3,18321.5,22314.4,24379.7,23984.5,18808.3,18232.5,20122.7,21519.7,24922.9,23393.9,24377.6,24093.9,20125,24585.3,19340,21529.8,22585.2,22413,23050.5,20359.2,25532.1,20315.7,21487,24031.5,22695.2,21558.9,24999.1,21787.7,20656.2,20195.3,24854.1,25071.4,22792.9,25866.3,21925.5,20859,21243.6,24912.8,24443.8,23285.4,23695.6,21597.5,26187.5,25257.8,19817,23877.8,23190.5,24061.4,22152.8,20223.4,19757.9,25979.5,24866.9,21225.8,21623.1,22281.5,19720.5,23751.8,23059.9,23499.8,20025.5,21863.1,20502.2,20411.2,23401.5,20506.1,25200.6,24686.3,24210.6,22661,23360.7,22347,20582,25440,23622.3,25512.6,25934.3,30021.4,26914.7,34347.3
32998.5,26584.3,26974.4,25600.1,24439.5,22211.3,24367.5,20111.8,24173.1,23745.5,24160.4,19146.3,20155,22346.8,23953.4,21211.3,21615.7,22803.2,19960,21132.9,20544.8,23677.5,23842.2,19718.4,20614.5,18777.8,18189.6,19743.4,24179.9,23755.6,20999.3,20988.5,18398.7,22122.4,22236.2,21374.4,22577.4,19398.1,22013.4,22048.5,19587.8,17807.3,21827.6,20384.5,20342.5,20139.2,17703.4,17937.4,17752.9,18159.9,19444.3,19123.3,23084.2,22780.6,23876.1,20142.2,20307.6,19546.9,19129.2,22076,20386.8,19753.9,22573.1,18019.9,21401.9,19306.9,23856.1,22691.2,19942.3,23858.3,21548.1,22311.8,21207.8,19769.1,21424.3,21157.9,21163.3,23342.5,21483.3,23622.2,22778.9,22095.1,18565.6,22889.2,20554.8,21334.1,22271.6,18834.6,19597.1,19676.5,21350.1,21027.7,23506,20362.8,21618.2,18923.1,21635.6,22040.5,18085.5,19624.6,20701,21440.9,22681.3,22102.3,20103.5,20493,19732,21834.1,21052.4,21035.2,22644.1,24271.7,22966.3,18199.3,22308.2,21867.3,23698.9,17958,18319.8,21849.2,18634.3,20710.6,18014,20228.6,24054.4,22538.1,23136,18741.7,21576.6,23193.4,20665.4,21642.1,20962.6,24872.8,22454.5,19003.6,19977.3,19081.9,21814.6,20839.4,21633.3,18210.6,21386.2,23663.1,19367.7,23313.9,21397.1,17364.1,18149.8,19935.2,21707.5,21193.8,20241.2,18506.3,19985.1,21119.7,17967.9,24064.3,18172.7,19345.5,22830,21848.2,19051.5,20145.9,23850.7,21020,21194.3,23810.1,21352.5,22073,22408.8,21437,22735.8,20252,24607.1,20246.4,19255.1,22057,21291.7,25473.2,20502.5,25143.4,21026.4,20146.8,22049.2,24350.7,24509.4,23204.6,23622.6,20435.6,20574.6,21870,22369.2,25083.9,24636,20370.5,22338.9,23600.5,21641.5,25653.5,23664.3,20745.8,20451.8,23098.9,24561.9,22430.9,21233.3,22314.2,19220.5,23653.6,21760.5,19443.7,20621.3,23562.8,18877.8,23455.5,24098.6,22144.9,22699.4,19540.5,19134.2,19067.8,19726.3,24836.8,23485.7,24347.9,22594,24339.3,25114.2,24340.8,19670.3,21419,22349.5,22186.7,24487.1,20142.1,20587.2,20471,22343.9,24754.9,18645.7,23349.4,18092.3,20853.4,20914.6,19335,19214.5,23255.8,25084,22235.2,23920.6,20238.3,23757.6,20213.1,19194.7,24516.9,21165.9,21437.9,19227.4,21004.2,20688.8,21740.6,20710.5,22112.9,23348,23715.3,20237.9,19375.7,24232.3,23100.8,23311.4,19420.1,20629.7,23311.5,22886.1,18602.5,24158.9,18686.3,24272.8,23300.4,23832.6,19126.3,23419.5,18437.3,19480.3,19577.2,23910.4,17954.9,19084.5,18776.5,18906.1,21152,23128.1,23838.5,21611.6,22625.3,23785.8,19000.4,21430.3,18186,20235.8,20358.7,18269.8,18978.8,18134.4,18188.1,19389.3,23607.2,20487,22388.2,21799,20547.5,23066.4,24400.1,21625.4,23283.2,19866.2,21549.7,23142.7,19932.6,23771.6,23015.8,23203,23778,21182.9,19504.5,25239.6,23685.2,23054.3,20868.8,22437.7,23094.6,22043,26086.3,20826.8,26078.7,20836.4,24268.3,21825.2,20718.7,21634.2,25671.5,20748.4,25325,21120.3,22373.4,21112.7,20200.7,21103.7,19668.2,21025.8,21641.9,20570.8,22293.2,23584,20160.9,23207.7,22646.2,20516.7,26055,21058.3,22076.2,19889.5,22445.1,21584.1,19613.1,25319.8,24065,20703,24470.4,23279.4,22398.3,22835,23075.1,24468.4,19710.3,22011.7,23455.2,24219.3,20853.7,24940.7,26333.4,30143.4,35196.1
36536.2,31323.3,26807.3,27007.9,23058.4,25348.2,22732.1,20158,23238.7,20338.7,21116.6,20342.3,18580.4,23492.5,22563.9,18462.8,19340.5,18273.2,19810.9,19211.6,20545,20446.2,18322.3,20649.3,24077.5,17899.7,20967.6,21102.8,23410,18652.9,19591.9,20157.4,19393,20122.2,19685.9,20333.6,18993.7,21378.1,17959.5,22548.3,20559.6,18672.1,23457.7,20773.5,21904,17819.2,19145.6,18028.1,17739.6,18167.1,19558,23797.9,20444.2,18262.9,19718.1,21252.9,24022.7,23142.5,21558,21273.9,21097.5,21320.2,19686.5,22338.3,23722.8,18768.9,21376.3,17776,20917.6,20147.4,22830.1,20395.8,23800.7,18332.2,19726.9,24284.5,21214.7,20427.2,23925.6,20788,20434.1,23780.5,20156.7,24330.6,20344.3,20782.5,22224,18492.9,19205.2,19333.3,24000.2,23894.4,20032.2,19409.5,24283.7,20212.1,21931,23811.3,23282.2,19031.4,18620.1,20397.1,22115.2,18194.6,18373.2,23720.7,23408,18778.1,22970,22797,17736.5,23899,20505,18882.5,19193.5,21145.3,22998.6,20225.9,21091.9,23015.6,20360.2,19757.9,23542.8,18025.8,20429.5,18587.4,20734.8,18380.1,23840.3,20152.4,22563.3,19932.2,20797.9,25066.5,18984.5,23532.2,23522.3,23712.6,19248.2,21329.5,23603.3,21671,18027.5,20757.9,20137.5,22493.7,22453.7,18755.4,21915.6,19528.2,18808.4,21957,22729.1,21250,19140.2,21871.6,23247.7,19835.4,23829.4,21108.2,20401.1,20119.4,22417.7,22546.1,19972.8,23417.8,24318.9,23651.4,24573.6,22818,20691.8,23572.5,24977.3,24718.4,25344.5,25375.5,20988.8,23477.4,25283,23143.2,19929.6,22756,19834.8,22351.9,24047,20551.8,25967.6,23041.3,20155.6,20302.7,21480.6,21653.3,23509.6,25903.1,23522.6,19486,19951.3,21771.7,25250.3,20897.6,23542.6,24662.4,20912.8,19290.8,23033.1,22666,21113.7,24792.7,23181.3,21474.4,21782.8,21768.1,20592.3,20696.7,24610.5,24115.4,21429.1,22564.7,21212.9,22144.1,20361.6,23714.3,20882,22914.6,21260.1,23083.9,22083.5,19728,22150.7,22982.8,20226.6,22549.9,23174.4,24056.4,23281.9,20658.2,22378.5,19829,24019.3,22076.7,19287.3,19610.8,19337.8,22350,20944.2,24365.6,20936.9,21487.7,25144.4,19395.1,24050.7,22604,19789.4,22759,21227,24702.8,23768.3,18733.9,19859.8,19749.5,22770.5,18126.8,17579.3,20988.4,20456.4,23233.1,20733.1,24058.2,18422.3,21920.9,21262.2,18753.7,21627.8,18150.4,23068.8,20421.2,19505.9,22026,22647.8,18651.5,21760.1,18428.1,18530.9,17761.4,19203.7,21364.6,24186.5,24068.8,23961.6,24331.9,18303.9,21317.5,23232.3,23708.6,24700.9,22468.6,18396.5,21616.6,20355.7,18338,22684.3,21837.2,19540.8,18494.4,23999.1,22476,21859.1,19372.9,21946.3,23106.9,21899,21981.9,22742.4,25188.1,23798.1,19081.4,19157.1,23776.3,19676.6,24930.4,23406,24633.3,20629,25918.8,20500.7,23424.2,24427.6,23763.5,24500.3,20806.6,22336.7,21782.5,23950.1,20607.4,25347.2,25017.1,22387.2,24043.2,20955.5,23847.8,26120.4,24909,25220.2,26180.2,26308.7,25913,21680.6,21687.3,19708.7,25212.1,20860,24938.6,20172.9,23152.6,25340.1,25377,26197.5,21943.3,20586.2,21389.2,25762.1,25437.6,19894.2,23523.8,23798.5,21153.6,24706.8,20928.7,25584.4,25124.3,21556.2,19589.6,19720.3,22547.2,19785.3,23703.6,21801.8,23636.3,24844.7,25244,25517.9,24669.2,28966.6,33980.9
34242.8,30853.4,25158.1,26181.1,25811.7,23269.9,19610.9,23505.5,19882.5,22479.6,18675.2,18744.3,21405.6,19771.6,23359.8,23697,23677.5,19382.2,21586.2,21016.5,23700.4,22395.4,23277.4,20378.4,19564,23123.2,19146.9,19422.5,24212.2,24278,21043.7,19236.1,18414.2,21059.5,19543.8,18160.2,19413.1,22188,17837.8,19973.4,19434.5,17334.7,19729.2,19364,17540.2,21949.5,19998.3,20941.1,23348.4,23702,21460.2,18749.8,21273.4,21424.4,17893.7,22338.3,23149.8,22977.1,23262.5,20864.5,23163.2,21925.4,23652,18822.9,18588.3,21249.6,21916.1,22680.4,17253.5,21079.6,22303,18097.5,24695.6,24249.4,23926,20509.3,20827.1,23300.2,19546.1,18513.3,18491.5,23956.8,21488.7,19249.6,19538.5,20935.5,20823.8,21338.9,18889.1,24950.8,23435.6,22083.6,24199.9,18770.3,24753.8,24459.8,21681.3,18437.7,23155.7,17661.4,18186.3,22182.7,22120.2,17967.1,20119.1,23652.7,23711.9,17737.4,20891.7,22930.5,19820.7,19000.7,24172.5,18599,18604.5,17820.3,21329.1,23153.6,18249.2,23689.4,19427.9,21231.2,23009.7,22699,23945.7,23095.7,21560.6,18768.4,20317.5,23951.7,23083.5,22456.9,21065.8,20052.8,18861.2,20483,17836.7,22715.7,21546,21171.4,21700.2,18461.5,21745.1,21939.9,22401.8,19700.7,20752.8,23547.7,23017,20249.3,22549.9,22317.5,18029.7,19242.9,20107,19337.5,19798.5,21726.1,18326.7,20155.2,21639.5,22461.2,22579.8,22146.2,22381.9,22682.8,21487.6,24674.8,23714,23095.4,25375.9,23719.6,23175.7,25180.5,19880.4,20781.2,22807.9,20384.8,24684.9,20772.3,19136.6,24436.9,21241.9,21908.2,19677.1,25317.2,26033.3,25209.9,21613.8,21286.5,21943.9,21786.1,23488.1,19354,19286.1,23276.6,24011.1,23364.6,24406.4,23363.8,22199.2,19364,25055.2,22899.1,24660.5,21128,19534,21610.8,20579.8,22544.4,24219.7,19947.1,24375,18935.7,19834.2,21521.7,21587.4,22337.3,21207.1,19715.6,24240.8,19425.8,23184,19659.2,18848.2,24550.2,18958.8,20705.1,23005.2,22930.4,22253.2,19923.8,19520.9,24033.6,20014,19615.5,20618.8,18389.4,19744.9,19133.5,24106.8,18367.7,20880.1,19595,23487.8,21972.5,23309.6,22636.8,23487,24611.7,22489.4,23473.3,24457.4,22651.5,18544.2,18999.2,19772.6,18915.2,18790,19960.1,19789.6,20761.9,23362.5,18568.9,18842.7,23153.1,20450.5,24189.7,23240.9,20673.2,21842.3,19315.9,18467.9,24383.5,22277.1,21616.3,19273,20245.7,19459.9,23498.3,20530.9,24488.3,19675.1,19223.4,21696.8,18020.8,20529.3,20994.4,22186.6,17858.6,24204.3,18372.7,22203.7,22940.3,22682.1,21564.1,22943.1,19617.1,21377,23957,22569.2,18767.9,22178.9,22265.2,23413.7,23550.5,23400.7,19399.4,21662.7,23989.6,23715.6,21852.5,22346.3,18511.4,21965.9,21119.4,18927,21239.6,18684.5,20018.9,24587.9,24207.2,24877.9,22066.9,22772.8,20294.1,19943.6,21520.9,24596.4,23982.3,26158.5,23479,26236.2,24806.3,26325.5,24283.7,23806.6,25046.8,24120.1,24795.7,23039.9,21305.6,23054.6,26687.9,24470.7,26481.5,22341,22251.8,22613.9,19945.5,22515.3,19422,22697.6,21616,22574.8,24750.6,21988.3,24285.8,20028.1,21023.7,19743.4,25135.1,22717.2,24011.5,25547.2,19761.5,19532.1,22661.8,23161.8,23707.9,20860.5,22679.6,21901.3,25224.9,21345.8,24001.1,20607,24175.4,20272.7,25206.4,22436.9,25870.8,32079.9,31970.7
34155.5,27082.8,28954.6,22111.3,22818.1,25305.6,21145.5,23406,24931.7,21160.9,23582.7,20469.5,21066.3,20713.1,20113.6,19720,22511.3,21604.1,20174.3,23033.4,22177.1,18786.2,21779.9,18956.7,19417.1,23348.9,22103.7,21911.1,22401.1,21751.9,22811.7,19553.5,23555,22278.5,23948.8,19577.3,20090.4,19244.6,22369.1,17683.2,21347.5,23640.3,23725.1,19655.7,22853.6,20077,22843,19297.9,18318.6,22353.2,23444.6,21613.8,21099.6,21490.1,23115.2,19390.9,23503.1,23345.6,21284.2,20754.9,18248.7,19291.7,18545.2,22186.6,23423.4,23074.6,21071.1,21754.8,17863.8,18396.1,18131.1,21581.2,23262,24102.7,19947.2,23640.6,23868.2,18911.2,22190,20010.3,20988.8,22367.1,21337.5,21383.3,19976.1,19374.8,24886.1,18571.2,23957.3,20037,21666.3,19345.3,23764.4,24908.6,18464.5,21553.4,23803.7,22543.5,23137.8,19220.9,23829.3,21416.7,19239,23392.3,17782,22992.7,18005.2,22811.5,21221.3,17500.9,17399.4,20080.3,19874.9,19807.8,17624.1,23915.4,23515.8,17200.2,17108.6,22655.1,17712,23796.2,22837.2,23111.7,22409.5,22076.3,22492.1,23930.7,20949.5,20130.9,21457.5,22785.1,21053.7,20588.4,24808.5,21327.6,22429,18501.7,17542.7,21402,19654.8,21498.6,19476.5,21076.4,19518.1,23323.4,19030.8,22537.7,17652.4,17789.7,17549.4,23619.9,19045.7,18854.7,20588,19307.1,23821.9,21071.7,22055.8,19665.4,23764.3,19343.2,22626.9,19592.1,19614.6,22342.8,21917.9,19396.9,23471.5,20184.3,20642.9,21138,19965.7,19675.7,19421.6,21419.3,20972.8,22249.7,22729,22574.1,23623.4,25458.5,24155.6,22116.8,19637.8,22753.3,23471,25777.9,21738.1,25765,25028.6,21723,23756.5,23846.9,22727.5,24696.2,22983.8,19137.1,21451.9,19375.9,20119.1,24010.4,24004.1,22523.8,23168.2,22778.9,19909.3,24122.3,21043,19538.4,24768.4,19747,22643.4,24966.4,24072.4,21278,23985.2,19056.2,21813.4,19788.6,22877.7,23759.8,20776.9,20703.6,20570.4,24572,24939.1,20845.1,20638.7,24741.1,24096.3,20994.7,18987.6,23223.2,24278.8,23620.4,22780.7,21991.9,23374.7,22607.2,18537.7,23104.4,22900.5,22692.2,22389.2,22221.5,22552.2,20383.8,24457.3,19306.4,20421.4,21841.9,20702.4,19336.7,19433.5,22409.9,19351.3,24236.6,20114.6,19021.8,18239.5,22786.7,23424.8,20690.7,21119.1,21505.7,23813.9,22933.8,23644.5,21449.2,19640.8,18418.6,18546.9,24316.2,22033.3,22854.9,20591.9,22119.7,21771.2,24379.6,18106.4,18433.5,20598.2,18959.6,23397.5,19027,21770.5,23458.8,18186.8,21994,22321.3,23720.2,20070,23055.2,19083.7,21392.1,20217.9,19128,21026.3,21233.8,18474.9,19475.5,21865.5,21024.5,21298.9,20018.7,18964.1,23095.5,23027.7,21335,22812,19270.8,18665.9,24101.5,21474.1,20236.2,24339.2,22382,19335.1,19971.4,24529.1,25802.7,25455.3,21676.9,22823.5,19606,20832.7,22243.3,21807,24665.1,20549.2,23356.3,25580.6,25619.5,25983.1,24455.4,23001.2,21883.1,24720.3,20455.1,23184.2,26152.3,25820.5,22287.5,24599.5,22924.2,21530.1,21616,20269.3,21040.3,21642.3,19785.4,23154.3,21051.6,21337.9,21423.5,20872.4,25291.8,23278.1,21297.4,21380.5,23912,23348.7,21547.8,22223.6,22760.6,22845.4,22993.5,20127.8,21835.1,21891.5,23852.4,21024.8,25694,23200.4,21879,19823.4,20167.7,26218.2,26762.7,22974.9,25066.7,26849.7,34506.7
35636.5,27989.2,28138,25919.6,21160.3,24355.5,19258.3,22974.6,18660.8,18269.9,22599.9,23905.1,20233.4,20966.1,21160.7,19681.8,23504.6,20051,22083.4,18404.8,20895.6,20946.5,22792.2,20795.8,20340.2,21650.8,18909.7,23721,18097,22328,22959.2,20798.6,18783.3,19170.8,21429.9,18903.6,19970,20305.8,18011.6,21337.3,20498.4,18227.6,23528.1,23386,18789.8,19562.4,18188.6,18840.3,17552.1,22134.6,20268.5,21898.4,21295.4,23658.8,19332.5,23904.5,23712.6,22826.8,22717.1,21243.7,20753.2,18875.6,17429.5,17469.9,19219.7,22128.6,23364,22521.1,18061,17218.2,20995.7,22323.7,21124.5,21079.1,23181,21352.9,23897.6,21985.5,23611.2,24392,18436.6,23252.6,18696.9,23774.8,18667.7,18745.6,19927.6,18447,20993.2,23743.3,23441.5,22498.3,21894.8,20424.3,21047.8,18312.7,20173.6,21126.7,24048.2,20329.6,18442.1,19697,23972.1,23050.5,19214.3,22680.9,20722.1,22233.6,22320.1,19270,22625.1,18827.3,23544.3,18014.7,23498.1,19906.9,18800.2,20557.4,20997.1,22190.4,20024.9,17735.6,21232.6,17877.7,21046.7,18081.8,22985.1,20665.2,23706.5,21474.4,20559.3,19952.2,21803.3,22714,19846.2,20328.8,22064.5,20768.8,17448.4,20076.2,18023.3,22631.1,23583.1,18787.9,17711.1,20886.9,19532.8,18837.7,21690.7,22501.5,19965.2,22884.9,22389.8,22427.7,17658.6,19615.1,21084.5,18981.8,18026.6,22422.6,21106.8,22308.8,19566.8,22702.3,24004.2,22110.4,20915.9,23573.1,21153.8,23384,19422.6,19630.9,23509.9,21262.3,23230.3,25260.7,20248.2,24036.2,19933.8,24951.7,24814.6,21987.1,23679.4,21008.4,22628.4,21076.4,21810.3,24764.7,21744.2,25058.7,24590.7,25395.8,21747.1,23840.5,21854.5,20754.3,20780.9,19291.7,25117.6,24391.6,20575.8,21518.5,22583.6,24509.7,24296.3,20038.1,24295.1,19013.9,19461,23942.8,19135.2,21945.9,20491.1,22549.9,19422.6,18933.8,22861.7,22515.7,20275.7,22094.9,23221.7,24002.5,23514.3,18671.9,22223.5,20689.7,24461.4,20923.9,21614.2,23234.2,23612.7,23151.1,19136.6,20179.8,21677,24691.8,22090.4,21286.9,20652.1,24388,19734.7,24069.4,24636.5,22015,23005.7,24530.8,19220.7,20594.4,20250.8,20750.4,19912.4,21668.9,20292.8,19952.3,23053.2,20267.2,19201.7,18333.7,19881.3,18278,18579.4,19150.4,22374.1,18035.7,24194.5,21627.9,23286.6,23252.6,22413.9,22602.7,19957.1,23613.3,22390.8,21540.3,19736.9,23264.9,18811.8,24010,21308.6,22411.2,20338.3,19482.2,17731.7,22576.6,21856.6,21220.2,20089.7,21824.3,23166.7,18316.4,19728.3,20640.7,21425.8,21570.1,19450.3,19960,23992.2,22188.6,21955.3,18625.2,18339.3,21046.4,18703.5,23918.7,19428.1,20176.5,19361.1,22656.5,24054.6,19977.1,23808.3,22395.2,24745.4,20582.6,22458.5,19235.3,19641.7,22097.2,20565.6,19613.8,23175.3,21439.2,21814.4,24487.3,22046.3,22220.3,23197.5,22242.4,21303,24484.5,23913.2,26544.3,26470.6,21791.8,23014,22870.5,22580,25982,20161.7,20140.8,22221,25138.8,21894,20404.7,20396.1,24087.6,21495,25725.7,21896.9,19613.2,21913.1,24668.3,21307.3,20053.5,24404.3,22508.5,23749.1,22085.3,25620.1,20235.3,19433.1,24390.6,21789.3,22835.2,25692.8,24038,25287,21921.4,24988.3,21408.6,21760.3,24231.1,22197.3,19993.6,21045.3,20672.7,20094.3,24651.6,23481,20645.2,27875.5,30384.2,29763.2,33074.5
36785.4,30465.7,24700.3,21857.6,21487.1,25395.1,23292,22982.5,23577.8,19758.1,22001.3,20206.3,20211.1,23492.6,19262.1,22913.8,19796.4,22721.2,21235.6,21842.1,18847.5,22617.3,19457.6,20859,23315.3,21610.2,22768.1,20981.7,20137.4,17913.4,20927.2,17887.6,21230.5,24149.5,23691.1,24202.8,23541.3,23122.1,17852.9,23100.1,20647.5,23371.2,22372.5,17576.9,23794.4,17982.2,23736.9,21163.9,18163.7,18296.6,19586.5,21793.7,18659.7,19096.4,21161.7,20977.5,18231.3,22108.4,20612.5,18314.6,23306.7,23017.8,23184.4,21024.9,23635.3,20199.7,17937.6,20852.1,18440.2,21477.5,22426,21066.9,21184.4,23608.1,23943.8,20110.7,19229.9,21491.1,21829.9,20850.8,24236,24781.4,20501,20735.1,18635.3,23402.7,21272.4,19054.7,23321.4,21683,19595.8,18618.1,23989,20101.9,19372.1,23554.3,19758,24468.7,23924.9,18069.3,21345.1,20532,20527.9,17691.9,22226.5,18916.6,24007,19829.4,22812.9,24053.1,17987.7,20977.9,21083.9,18520.2,23890.2,23778.9,18790.6,23763.4,18724.1,20252.4,17286.6,19105.9,23657.7,22999.1,21394.4,18562.9,19005.4,20570.8,22285.6,19260,23313.5,21468,21439.9,23110.7,19736.1,24462.7,22006.5,22437,23100.5,17848.6,19150.2,19357.8,18915.2,22857.5,21812.2,21711.4,19296.9,23615,22556.2,19079.6,19514.1,23910.4,17917.8,21702.2,18408.9,17970.4,20164,20241.2,18261.9,20312.5,22886,23406.9,21564.2,21228.4,18850.3,18426.5,20348.2,24870.5,20102,18972.4,21882.5,25159,24421.3,25147.5,23089.6,25561.9,23080.3,20866.6,21460.6,25503.4,19215.3,22814.1,21468.5,24100,20450.4,19807.7,24455.8,23679.7,21121,24942.7,22745.9,23262.1,21667.1,20770.4,24747.8,23383.8,23273.5,24059.6,24031.1,20155.7,23343,20873.5,25267.6,20451.7,24554.2,25297.7,20460.1,21770.1,24702.6,24845.8,24570.7,23124.1,21182.9,20340.6,23823.4,21332.8,22566.4,23549.5,23567.2,23620.4,18529.7,18894.9,21903.1,19114.1,21868.3,19672.7,18994.9,22530.8,19253.9,22125.7,23537.7,23786,23548.4,23417.4,18852.3,20567,20541.2,19208.5,21316.9,21197.8,19536.1,22231.2,20234.2,24226.2,24740.2,25208.3,21320.3,19741.8,22086,22926.8,25422,19796.4,19412.7,19435.3,24236.6,21482.6,19350.5,19200.8,21955.9,22771.3,20774.7,18046.6,22016.7,23337.7,20105,19485.6,18742.6,24030.1,23121.4,23640.9,21983,23914.1,21384.3,23054.9,18830.8,22367.2,21526.6,23637.3,23911.8,18569.3,22124.8,22663.7,20110.9,20204.5,17712.9,18732.3,19986.7,19692.8,17644.9,19929.7,18083.9,20420.2,23293.7,23162.9,18132.9,18567.6,24155.1,19953.8,19686.3,19652.8,22694.8,19855.8,22657.3,20028.9,20133.8,22951.4,19069.8,21302.5,24526.9,18518.4,22225.8,24115,23902.7,18616.6,21152.7,21572.5,21580.2,20983.5,23581.2,21050.9,20679.4,19500.3,24461.1,25849.3,25322.9,24436.6,24104.1,25583.7,20529.4,23700.1,22031.9,22971.1,25206.2,22685.5,26343.4,25153.1,22767,22216.5,22442.7,23239.1,22754.5,26066,20411.6,22322.5,26559.5,26150.7,21962.9,21384.7,20157.5,24181.5,21503,20081.2,23125.4,20984.3,23448.5,20775,24757.2,20646.8,23371,23816.9,19609.5,20349.5,22096.4,21136.5,24397.2,24530.1,20920.3,20962.9,23825.4,21296.3,25645.8,20269.1,25925.7,21464,21342.9,25754.4,20819.8,24766,25820.6,25570.9,23832.9,23602.5,30339.7,32540.2
35116.2,30409.8,26087.1,26202.9,21889.6,20500.6,20784.6,22829.7,20602.5,19007.5,19762.1,20929,18934.3,22965.5,21470.8,19478.3,19470.1,21804.8,22530,19055.7,18712.4,18767.2,20843.5,23173.2,23217.8,24058.7,20653.6,23489.1,20283.4,23840.8,22350.1,18912.1,23831.8,20860.3,19310.3,20589,19258.4,19213.4,19102.1,19907.4,22481.4,18047.6,23673.6,17680.8,21017,18758.9,20215.3,18825.6,22286.6,23686.7,20840.5,18749.1,23544.7,20427.6,17629.8,23337.9,24067.2,21168.9,23712,21144,18592.9,21817.1,20328.9,19316.3,23856.7,20253.5,20127.1,21541.4,23151.8,20959.3,20466.4,22356.3,20846.8,23653.6,23912,23083.1,4667.07,24977.9,20163.3,22736.5,24406.9,22088.9,20132.2,19737,20242.3,23705.5,23547.9,21181.5,18839.7,20872.2,21213.4,23643.9,18830.9,18698,20750,19300.5,24036.8,23183.5,20448.8,18484.5,20145.1,20669.3,17992.9,24052.8,20711.9,20154.5,19946.8,20134.1,18757.3,23886.4,19913.3,20507.2,18704.9,18161.7,20395.6,20872.6,23973,23849.4,22649.2,18730.5,19534.1,17533.2,22309.3,20039.6,22799,21859.7,20342.4,20541.9,19749.2,19587.8,22937.5,22552.8,20540.6,20883.6,22630.9,18699.3,22930.9,18745.3,19486.3,17737.2,18115.4,18859.2,21697.1,22225.5,22866.6,19383.3,21545.3,18286.5,18159.5,20333.9,18106.3,21875,19631.7,20920.2,18715.7,22040.4,18222.2,19762.4,19510.4,22145.6,18365.4,20750.8,23888.3,18770.6,19757.6,23019.4,20719.9,19278.5,21639.5,22699.7,25038.5,23211.7,21277,20140.2,20746,19693.5,22768.4,21455.5,19638.4,21852.5,25479.6,21334.1,24334.3,22844.1,21657.7,25586.1,25465.5,24165.7,25869.3,21921.3,20264.3,19844.7,20239.9,22788.9,23171.9,21599.5,22851.5,25113.3,22314.9,24863.2,21373.7,19829.4,23490.8,22920.2,25224.4,22745.5,22959.9,22635.9,24711.5,24681.9,25646.4,21355.6,19822.4,18937.5,20844.3,25291.4,21729.9,18849.1,20410.6,23947.4,24266.8,20323.7,21050,20945.9,20791.7,19190,23103.8,25136.3,24163,24792.1,19473.5,19954.8,24385.1,19145.1,23823,24349.3,21669.9,23251.9,18810.1,20459.1,20819.4,24237.4,22964.2,22074.1,23201.7,23954.3,22491.2,21317.4,21683.7,25466,23914.5,19778.3,19147.5,21308.4,18550.5,18878.7,21206,23827,18549.3,20318.7,18599.7,18581.4,21268.2,21485.6,20160.7,18752.9,21062.8,24102.2,24665.5,19094.5,19181.3,19472.7,22040.2,20466.8,19304.9,19441.6,23241.9,21177.5,18414.9,22197.3,20770.4,17995.6,20186.7,18885.6,17971,21586.1,21357.4,23270.7,19667.5,23403.1,22776.3,23854.5,18496.8,21913.5,19397.1,20761.5,18785.3,18266.8,19089.1,19022.7,19146.6,23759.7,23504.4,19462.5,21676.6,21793.6,17954,22439.5,20021.1,20312.6,24449.8,21818.6,20498.4,19764.5,24477,23716.5,19862.7,24958.8,20482.7,21218.7,23223.5,22761,21247.2,20716.7,19974.6,23552.3,24490,23563.5,25712,21283.7,23103.2,25601.5,21391,21134.2,26422.8,23015.5,24324.4,25131.1,19737.5,23228.2,23827.6,24758.6,23718.7,25807.9,20836,23284.5,19720.7,21507.9,23633.9,25860.3,21154.1,21113.5,21185.8,23514.1,20325.9,21976,22273.3,24444.6,23021.5,25985.2,25362.1,20253.7,23694.5,25224.6,23357.7,21643.3,21770.8,23689.2,23016.8,21806.1,22314.5,22585.8,23827.5,19942.5,24153.6,23172.4,20987.3,22192.4,22899.4,21777.3,26437.5,25783.7,29520.8,36197.1
31648.1,29087.9,24338.2,26224.9,25484.4,23775.2,25139.9,19277.3,20485.1,19316.1,19532.7,18094.7,24350.1,20320.7,22522.1,18777.4,23373.9,24043.5,20961.5,21610.1,20111.7,23368.6,20686.4,19620.5,23256.4,24125.6,18475.3,19636.7,22128.6,21693.7,19899,20232.3,23122.3,18497.4,23565.6,19181.9,19474.8,17789.3,18520,22322.6,20984.2,22463.7,20608.1,22291.4,17680,19060,23292,21773.8,21708.1,18565.3,21263.2,21460.8,19208.8,20686.2,20683.3,18255.5,18324,20706.3,18606.2,22355.5,20673.7,22933.5,19281.1,19752.6,18354.3,17855,20776.4,21349.7,20904.9,21288.4,21554.3,22370.7,18607.1,22927,21288.1,24727.6,24846.6,19372.7,24242.4,23218.8,20047.5,23018.8,19508.8,24795.1,20154.9,18183.8,19313.2,18831.7,20245.4,22501.1,23857.6,21574.1,22684.6,21311.8,24068.2,19343.4,18332.4,22972.2,19511.1,23594,23425,20800.5,23784.8,19916,18639.7,23209.3,17615,18856.3,18198.5,19011.4,20678.4,22281.4,20460.8,24188.8,20260.2,20672,20450.7,21719.3,20011.2,21734.3,21431.4,19286.2,22776.7,19443.6,18626.5,19200.5,23950.5,20000.1,22091.6,19837.8,23727.2,19329.8,23513.6,24536.3,24210.5,18173.1,20060.2,19436.5,17370.3,21146.6,23691.2,22318.2,19401.5,18790.7,21995.7,18307.2,23361.2,18754.1,21048.2,19929.9,22425.1,18234.5,18813.8,18723.4,15887,17323.8,23746,18099.1,20161.7,19607.5,23307.5,19928.9,22927.2,24535.7,21903.9,24447.8,22373.4,20125.4,22926,23754.3,19522.3,24531.6,21762.8,24160.8,24942.1,19913.3,25167.4,24449.7,19376.4,23887.4,21124.5,24118.6,20905.7,24601.3,23440.3,20528.2,19931,21566.6,24339.3,20137.2,22655.2,22713.1,25087.5,23915.3,21149.8,23457.3,22931.3,24736.8,25495.6,23195.7,22085.3,21715.3,20784,22808.5,23761.3,23170.5,23203.7,22689.2,24191.8,19690.2,23724.6,24119.3,23453,22029.6,19418.9,21485.9,21337.1,24453.1,21261.1,20791.2,24523.4,24200.3,24401.5,19382.1,24699.7,20596.3,19778.5,18828.1,21137.4,24332.3,22614.3,19303.9,21693,23168.6,22601.4,21484.3,20993.3,23235,21180.2,22332.8,19477.1,24016.4,23947.2,18860.9,21286.3,18628.7,18916,21788.3,22215.8,21631.4,19552.1,25025.6,21526.4,23559.7,20409.2,23508.2,22811.4,19691.5,24553.7,20277.9,18572.5,22473.7,24245.3,22729.9,23216,24029.7,23979.8,22225.6,18766.6,21717.9,19206,23323.9,19031,22489.1,19648.2,21513.2,21928.1,25096.6,23342,20808.2,24063.9,22837.9,21849.1,22167.8,20694.8,18962.7,23613.4,23519.8,23682.9,23920.6,24341.6,20121.3,17950.3,21526.5,21423.8,24527.9,21888.7,21483.5,18679.3,19958.3,24319.9,22510.3,21557.1,18357.6,21864,22023.7,23050.5,23985.5,19085.1,20619.6,22554.7,24791.8,24583.7,23382.2,21118.4,21054.5,21342.1,25382.5,22865.6,19713.9,22026.3,21229.7,22336.2,19566.8,25379.3,22118.8,23577.8,21886.4,22306.1,21678.5,25334.1,20394.8,23527.5,20863.6,20284,22818,26432.7,25613.9,23629.2,24504.7,25881.6,22709.7,21608.2,21515.4,19992.9,25709.1,25460.2,21760.6,25010.7,26083.3,22866.9,21233.7,22172.1,25651,25800,21482.2,21329.2,21341.4,25023.2,22310.3,25485.6,22724.3,20510.9,25159.8,23240.5,22884.4,23600.9,24804.4,21102.3,23457.1,20388.1,20460.1,26070.5,24831.2,23465.8,21678.8,25176.9,24858.9,20795.7,25109.7,23426.3,29042.2,26769.3,35857.4
31645.4,27468.8,27728.2,23372.4,26688.7,22020.9,23959.5,20177.4,23295.1,21240,20272.3,20753.3,23501.8,19134.1,19647.6,23348.8,18431.2,20137.5,22800.8,22351.2,20027.4,21529.1,20811.2,23602.6,24105.8,19590.4,19968.5,20670.1,20131.3,19912.8,23525.8,21190.6,20903.4,19605.3,22244.5,19347.9,20258.4,18801.3,19046.7,22015.5,23793,21473.2,20165.2,21624,20924.6,22896.1,22466.2,17956.7,18329.1,20443.3,19415.1,22882,23804.5,23033.2,18712.1,22863.3,19715.8,21942.9,18190.9,17919.4,18533.9,22138.7,18340.6,21800.4,24009.2,21115.9,24393.8,23022.2,23651.9,21479.5,21374.6,19555.9,24591.9,20684.7,18073.4,23038.4,24965.2,23022,23191.3,21745,24079.8,20190.8,23793.6,22887.2,21214.1,18653.7,22407.7,22947.9,19487.5,18649.6,22840.9,23415.4,20455.6,19486.5,20840.2,23022.7,22742.6,19896.8,18226.2,19390.5,18978.7,23371.4,22864.6,24241.2,20005.4,19186.5,22942.4,23154.3,18161.6,22569.4,18098.6,22201.9,23080.8,18957.9,22704.8,19491.5,24018,21959,21108.1,21653.3,18252,23669.1,18471.3,23174.1,22648.6,18753.8,22873.7,23862.6,24899.3,19291.3,18664.6,18532.6,21006.5,18785.8,22779.4,20332.3,23992.1,17474.2,22305.6,20160.4,22433.6,20727.8,22699.4,19198.1,23406.5,23104,20036.3,19695.9,20135.4,19968.2,22589.2,20521.2,22477.8,23041.1,19460.3,19413.3,18369.9,19931.7,20618.6,20362.8,23605.9,19299.4,18500.8,21848.1,22263.5,20942.6,21548.9,21048.2,23610.3,22066.9,20619,24929.2,23835.3,22338.5,21878.6,23719,24652.5,23268.6,23796.5,23063.2,20058.6,21342.1,25075.7,19965.8,22241.1,21288.4,22074.3,25294.7,26170.7,22456.2,25048.1,19975.7,25244.1,24580.2,21353,25867.7,23054.1,24713.8,21671.1,20396.2,19898.5,24924.5,19711.7,22483.2,23410.3,23606.2,20571.5,22816.5,19845.2,19417.5,20053.4,21081.6,21262.5,21485.9,25099.3,23796.6,21012.9,21733.3,23632.3,21426.7,21513,19017.1,19005.8,23298.3,22925.7,21657.5,20284.6,19055.7,19443.1,20375,23601.2,24280,18896.2,21055.8,19436.7,20403.9,23895.8,22995.1,19879.5,22335.4,23204.3,22337.5,19901.3,20685.1,19076,24291.8,22323.4,19985.9,25439.7,24751.7,19542.6,21711.7,24175.1,20682.3,20999.7,19446.6,22782.6,20109.4,19417.2,22216.5,19301.6,23130.4,22874.3,20371.2,22231.7,24035,22012.6,22395.4,18589.6,23574.4,23375.3,23912.6,22753.3,20082.8,24953.6,19365.4,23681.7,19736.2,23553.4,20429.9,23385.6,18372.5,18653.2,20038.3,22899.9,19883.8,22026.1,24132.2,23333.4,18840.1,20588.2,19495.1,20661.5,21917,20582.7,23071.9,20063.7,23207.8,17822.2,23728,20842.4,22490.7,22030.8,21125.4,22767.3,22035.9,18798.3,22507.5,23275.9,24226.6,23128.3,24774.4,21139.9,20373.8,23379.6,19494.9,19980.5,21995.2,18519.1,21469.1,22872,22494.8,21453.8,20579.9,23631.9,22846.1,21953.1,23800.1,22255.9,21557.5,21627.2,20060.1,22902.3,23255,26484.4,20080.6,20823.4,20531.1,26417.2,25198.1,23374.3,22347,25918.7,24711.9,21654,25570.3,23009.6,22374,23223.8,20705,23059.2,19935,23029.1,21487.5,23241.1,24614.9,22415.2,22552.5,23500,24003.2,20614.4,19507.5,24300.5,20613,23033,22881.3,25055.4,22372.5,24948.6,21490.3,23175,21481.1,23866.4,21120.5,20093,25734.8,21579.5,26248.1,21938.3,21080,22031.6,25306.4,30853.5,33553.7
32057,32207.5,25178,21544,20731.1,20182.5,25177.6,20620.7,22194.1,20375.4,24552,21732.6,23003.9,24236.6,19639.7,23012.3,19436.2,20117,23411.1,18180.2,22304.3,21662.8,20470.9,19539.3,23042.8,21806.5,24271.4,19234.4,21937.5,23577.6,24160.9,23983.1,22959.1,22471.4,21899.6,22742.9,19827.9,24130.5,21059,19091.5,22407.2,21048.8,21611.2,21363.6,22648.9,21423.1,18708.4,20895.9,21394.4,17721.3,20250,22471.2,19026.7,17926.7,18866.9,22936.7,20442.2,19184.3,20962.2,19321.7,17525.4,23808.7,20285.4,23021.6,23499.2,21153.8,20736.5,19614.8,18356.4,19816.2,19037.9,22670.8,21391.1,20878.3,22469.6,21030.2,24324.1,20609,18833.2,24307.2,24852.2,24646.1,18861,18599,24908.3,23438.4,23419.1,18505.3,19052.3,24060.8,19535.9,22015.2,24376.8,18508.3,18995.1,23828.4,18355.9,19788.1,23180.8,22009.6,20292.5,21962.5,18209,21822.8,21607.3,18368.6,19238.4,18839.6,22653.9,23412.7,24408.8,19728,21938.5,20054,23247.1,20107.1,23279.3,20890.6,23305.4,19580.8,23191.5,19863.7,23881,19859.4,20897.4,22711.2,18204.3,20421.7,21105.5,24147.2,21084.6,21038.9,18567.5,18569.7,22611.3,19515.7,22196.6,20405.6,19553.1,20273.7,20366.9,20035.4,17979.5,20178.3,17933,19020.4,24097.3,17779.7,18010.9,19440.6,19052.1,21645.7,22795.5,20633.3,19521.5,22449.5,19036.2,19689.9,24154.7,20041.7,21911,23619.5,24332.8,21985,24337.1,18714.3,22075.2,18867.1,19544,22753.3,19504.3,22436.3,25582,22915,25153,23303.6,23982.9,22152.6,20162.3,21462.7,24311.5,23909.1,21958.2,25505.4,25549.3,22496.4,24293.5,19881.6,22462.6,21352.9,19962.6,25360.3,24447.8,21085,23706.8,21397.2,23602.5,22665.4,19705.6,19776.3,19331.3,24783.4,23341.3,22120,24244.7,23024.7,22879.8,23750.6,22955.2,25533.3,25312.9,25586.2,20946.7,21766.2,19563.8,24677.4,19656.4,24460.9,24779.3,20548.3,20691.8,22825.5,21650.8,18842.5,21695.4,21584.3,23116.7,21873,23584.9,23020.1,22150.2,18678.3,20771.5,22130.4,24765.9,20441.1,19025.8,19270.1,20284.1,21623.8,20998.6,22902.6,18553,21984.6,21813.9,22018.6,19059.8,21071.5,23747.6,24425.3,19346.1,25384.8,20312.4,21242.9,23201,25216.7,22752.1,19852.1,19083.1,23794.1,19320.8,22036.7,18091.1,22424.1,23416.4,23438.9,23016.4,21209.1,24410.8,20694.3,20832.3,19644.1,18820.2,24949.9,19591.7,20084.3,24935.5,24618.1,24442.6,20865.6,21195.2,22602,23745.8,20888.8,18555,22070.5,20318,21388.7,17980.5,21804,24203.4,23007,19312.6,22546.7,18949.5,23630,18972.7,21668.5,22697.9,18210.6,22494.3,20577,24496.4,20529.4,20193.5,23322.5,18317,21460.8,23445.4,22186.8,22576.6,22100.2,21023.4,22486.3,18445.4,21187,22467,22772.9,20329.8,22605.6,20708.7,21109.5,20089.1,24225.7,22918.3,21489.2,21279.8,24058.3,22565.1,19883.9,22865.8,24249.1,21093.9,22077.4,25360.9,21387.3,20190.5,22539.9,23069.2,23831.2,25761.2,22793.1,22254.8,21082.1,21709.6,24341.7,23179.9,23123.4,22960.2,25978.6,23251.4,23443.3,21226.1,25201.4,24281.6,24849.5,21402.6,22889.8,25734.2,26080.9,25430.6,23629.8,24452.4,22608.8,19226.3,22177.3,25532.6,20133.3,23808.9,22861.7,20466.4,25091.8,19359.2,23944.6,20630.7,23203.5,21367.6,23924.5,21965.8,26091.6,27320.4,28613.5,33065,35687.1
32599.2,26050.4,24864.3,24187.6,24983.7,20404.5,20425.1,20438.7,23927.2,19370.5,18668.2,19913.3,20758.4,22780.7,18523.4,18813.6,23490.5,20089.6,23964.9,21687.4,22477.6,20638.5,23885,23732.9,22539.6,23588,23533,19694.1,20749.1,24139.2,21401.6,21452.1,20032.3,22408.9,23754.3,18185.8,18118.5,19097.2,20379.7,23266.4,23087.1,19970,23252.1,20982.4,19380.7,18203.8,17619.2,22929.3,22745.1,19911.5,18513.3,23626.9,22577.5,19206.9,22938.2,19450.9,21624.5,21838.3,22065.8,22310,20001.1,19732.4,21825.3,23390.7,24081.1,20635,21446.7,18604.1,21371.2,18569.7,23486.8,20338.5,21198.2,23393.8,23726.4,20658.3,23540.8,21295.7,23754.1,21649.8,24517.3,24769.5,20257,22204.5,24064.8,24405.6,22854,23491.6,18596,23713.2,19348.1,23239.4,22470.8,22342.8,23350,23159.1,20260.9,20729.3,18692.8,18713.1,24661.3,22961,21066.7,21976.4,20150.3,19943.9,19032.1,22220.5,20206.3,22877.3,23671.9,18290.9,19286,23847.5,18653.2,18368.1,21335.3,18389.4,19883.8,22692.9,21801.9,20369.4,21746.5,19735.6,18202.2,19354.8,24947.9,23762.7,24175.2,25085.5,22000.9,20977.8,24452,25380.6,24210.2,19261.2,24037.4,18759,20463.8,21586,23486.6,21851.8,18351.1,20622.6,23565.3,17565.2,21979.7,21201.6,22852,20508.2,24206.3,19658,19146.6,21965.7,20975.3,21868,21615.7,20935.5,23853.6,19395.3,18524.1,23011.1,20217.5,21893.7,20426.7,23838.2,21526.7,21960.4,20094.4,20177.6,21875.3,22135.1,24752,20339.2,25017.8,19378.6,20991.4,20820,24125.5,20057.7,21701.7,24688.8,24484.2,20027.1,24775.8,22396.7,20860,24946.5,24609.2,21838.1,24539.1,22402.4,20048.1,25891.7,21653.9,24856,26112.4,20506.4,23688.7,23865.2,22215.9,21768.6,22727.7,26107.8,20851.6,20364.3,19456.8,25440.2,20703.7,24123.4,21002.7,20575,22061,23262.1,21293.2,19024.7,23224.4,21301.8,22132,22278.8,19718.8,23083.7,21594.8,19163.5,25041.8,20085.1,22704.9,22203.5,24571.1,22483.6,21410,21450.2,22259.6,20761.1,21474.3,19197.4,19668,19567.7,18632.5,19155.9,20575.3,18562.8,21375.3,22043.1,22769.5,20454.4,23263.4,22510.1,25644.2,25745,20007.9,24043.5,22151.7,23105.7,24677.9,24131.9,25079,24915.1,20644.2,22708.7,20851.7,21850.6,18371.7,21481.8,22277.7,23810.2,19620,19494.4,25388.1,25151.2,18922.1,25168.3,25071.7,23381.6,24025.1,24385.4,24905.6,25254,21926.3,22669.4,19237.2,22421.5,22356,23651.5,20261.8,23550,21455.6,19114.9,23209.5,21492.9,23588.4,18656.2,22429.3,21685.4,18552.2,23105.5,20578,18544.6,20648.7,19707.9,18528.3,18295.7,19147.3,21094.8,18330.4,23906.6,17961.7,21536.6,22840.8,21162.5,22834,18546.5,23740.8,19253.8,22471.8,19691.8,21767.3,18759.1,22848.4,24129.3,24223.8,25291.8,24421.1,21294.1,24698.3,25996,24041.5,25200.7,23278.9,26021.5,24528.8,20236.6,19890.1,21697.1,23509.5,23702.4,22861.4,21826,19720.8,20693.2,22800.5,22162.8,20444.8,20897.8,25995.5,20156.9,20685.1,22678.2,23265.1,24298,22107,21856.8,19926.7,21541.4,23261.1,21536.1,20153.7,25700.2,20696.5,20430.5,25303.2,25130.9,20142,22326.6,19914.9,20572.7,24967.3,22216.7,21983.1,21139.7,21709.3,20018.8,20536.7,23054.3,23978.7,25199.6,20199.1,24518.3,24735.8,23279.8,22079.1,26717.1,27636.7,32128.9
35113,31810,25604.9,27085.6,20750.7,19910.1,21518.7,22370.2,18595.5,21094.2,20061.5,22618.1,23441.3,18274.7,22349.7,22827.8,19992.4,23666.8,23876.7,20671.2,23116.2,19745.7,23361,23766,23828.8,18218.9,18787.5,22617.9,22426.2,21353,23865.6,22659.2,20429.4,23756.5,21507.8,23437.9,19861.5,22354.1,23953.3,20159.3,19142.4,18388.1,21433.8,19813.8,17913.1,18690.4,23793.7,22442.6,21858.3,21368.7,20226,20533.3,21784.4,18708.1,22559,17756.8,22280.1,23323.6,23428.6,21778,18780.9,23486.2,21715.7,22738.6,23809,20544.4,18894.5,23564.9,18744.7,21943.9,18771.1,24158.5,23683.6,18723.6,24493.2,23984,21912.2,23267.6,23682.6,19260.5,22034.5,22138.1,24955.6,20455.3,22406.3,18481.9,23209.2,22455.1,18660.8,22471,24084.5,22171.5,23183.1,22373.5,22623.1,24769.2,18677.3,22158.7,23876.1,21157.6,20329.8,20398.1,23233.3,20748.1,20441.8,19677.4,21775.1,19220.1,24132.9,18519.2,22758.8,22408.5,20774.5,19898.5,19621.6,21823.3,19174.9,21800,18665.8,21131.5,19281.4,22875.6,21704,19295.3,17738.8,19069.4,21226.5,22233.8,20035.4,24816.6,21287.1,22803,24063.7,18707.2,18858.4,18784.7,19951.4,17692.4,22870,22380.6,20690.8,19154.8,19361.5,23874.1,18103.2,22663,20830.2,23971.9,18085.2,22475.2,23942.2,23459.2,23462.4,22758.9,20315,18636.9,18772.5,17958.4,17805.7,21241,20508.2,22097.9,18869.7,23949.8,19143.4,24298.2,21374.1,19009.3,25182.3,20612.7,24509.8,23693.9,22592,25697.9,24111,19596.8,19242.9,23909.8,25450.1,19859.7,22913.1,19962.1,24450.8,24381.6,25230.1,25627.6,23687,24251.7,25174,25652.8,23093.2,20666.7,23258.1,25262.2,24195.9,23663.4,20804.3,23553.9,21207.5,21301.7,22586.1,24124.9,19369,20851.5,20028.1,20674.4,20468.8,23154.4,24231.8,24277.2,22958.5,23493,25855.6,24382.2,22947.3,24568.3,20938.6,21686.2,24372.3,23743.8,21863,20031.9,22491.4,24100.6,23597.4,25146.9,19252.5,25073.7,22466.3,23469.4,23336.3,20401.6,23797.1,20109.4,20696.1,21900.6,21667.5,20759,19999.4,23089.7,20257.7,19638.5,21970.8,22318,20445.2,23884.8,22393.8,24723.5,20985.6,20223.6,20320.3,20213.3,21594.4,25404,19749.8,21282.2,22539.3,21101,21299.1,23138.1,19605.9,20597,19517.8,21413,24361.7,21693.7,24301.3,20123.7,20378.3,20403.7,23703.4,20180,19848.1,22051.2,22882.1,19023.6,22382.7,19978.7,20298,19001.7,23764.8,24131,19877.2,20471.6,20039.9,24643.7,21051.5,23207.2,20685.4,18372.2,19217.4,23730.5,23263,22720.1,21678,22363.1,23975,18396.9,23967.7,23667.9,21414.3,24088.2,20958,23187.2,22169.2,18151.2,24298.8,22980.9,23218.9,18333.1,23260.3,18539.1,19918.6,19775.2,20263.2,19675.9,19210,19694.4,21020.5,21690,24274.9,19095.2,21446.5,19301.3,20510,19314.5,24444.4,21547,21199,22289.8,20270.1,24653.8,23778.5,25750.2,23648,23241.6,24749.1,26026.7,25943,23624.8,22427,22093.1,24231,25994.1,23359.3,23582.1,21766.2,23264.8,24225,24556,24753.2,23618.6,19414.6,22732.5,22811.9,23408.9,22117.9,22535.1,21820.7,21543,20002.7,23103.5,20465.7,21143,23242.2,24671.7,18985.8,18979.5,25718.9,23030.6,22161,24530.8,24551,22022.4,25310,20344.7,25217.1,20359.7,22889.9,20574.3,25610.8,28191,27040.5,36012.2
32480.6,30720.8,26100.3,22979,21596.1,20949.1,24594.1,19573.8,19718.1,22945.5,21719.4,21922.4,22547.9,19928.3,21259.4,24059.2,20901.7,22184.5,24524.8,20618,23740,22931.5,20273.8,22738.3,19063.6,18622.8,22125.6,23569.3,20901,18257.5,19126.1,23979.8,19724.8,23310.8,21948.8,21989.5,20809.4,18681.8,20300.8,20444.5,20468.1,23148,22154.4,21736.4,17953.9,19028.6,17838.4,21301,22980.5,22420.8,23448.3,19173.2,20116.1,18675.4,18279.5,22860.5,18087.7,24055.8,21065,18265.2,18479,18329.9,19398.3,23625.6,22561.6,19435.9,21071.8,22066.5,24401.2,23072.5,23107.4,23293.2,20753.1,21085.2,19111.4,22684.9,21923.6,23041,19194.6,24658.2,18865.6,21871.4,21313.3,21979.8,20397,19097.5,21099.9,21274.5,22955.5,23307.3,21156,21271.2,24426,20679.5,23917.6,22939.6,21826.7,19998.6,20447.7,23527.2,21733,19028.1,24337.4,19619.9,18328.5,23208.8,20298.3,19251.2,21800.1,18971.9,19077.3,18636.7,24633,22651.7,22678.8,19078.6,21908.3,17978,21890.8,20351,20460.7,22724.3,22892.1,19593.3,21770.6,19254.1,20100,24986.1,24909.3,19565.4,23603.1,21000,19915.5,19768.5,19783.5,21925,20444.3,22269.1,20362,20227.9,21051.2,21200.4,18003.4,20478.5,22220.4,18456.5,20234.7,21719.6,20050,22001.3,22574.8,20230.9,22559.5,22705.8,15785.3,23071.8,21010.8,22554.1,21962.3,23255.7,18859.2,23554.7,21293.8,18467.6,20838.2,22188.4,23275.1,22013.3,22351.8,21505.6,23011.6,25795.9,19864.8,20218.6,25437.6,25083.2,23375,25737.3,24725.1,20195.4,21352.2,21733.7,20706.2,24294.7,25508.7,20380.3,21667.8,25014.6,23409.1,22918.8,24041,26059.2,22386.3,22617,23075.2,22460.9,20204.9,19923.6,25868.1,21073.7,23471.9,25858.1,23391.3,23343.5,20758.3,21397.3,21584.3,20466.5,20054.4,25420.4,21681.1,20751.6,24124,23994,21648.3,25303.2,23968.7,20568.7,24110.5,19423,22140.6,22443.4,20090.2,23806.6,23262,19730.8,19214.6,24525.7,18781.8,22275.5,19560,20322.9,18966.8,19575.2,23338,22199.2,22271.2,20856.5,19197.2,22991.5,23377.7,19801.6,23101.4,18439.4,21519.5,21163.7,21131.3,22850.8,22036.2,24739.3,21554.7,21513.9,21420.5,19710.1,21687.3,21085.3,21528.7,20823.6,19242.4,20148.4,19878.9,20240,18693,24388.8,22917.7,23531.1,19396.3,24678.5,25649.7,22796.9,18944.1,22155,25418.6,25540.9,20153.8,22559,20432.5,21752.6,24584.4,24732.1,22293.3,19166,21158.3,24709.7,19971.7,22837.9,22608.8,23022.2,24022.7,20605.5,23139.8,23277.7,19185.4,20724,20018,19551.1,23299.4,18421,22093.4,18390.4,21219.9,20455.4,21387.6,20201.8,18204.1,19562.6,22883.7,22851.2,20996.8,24433.1,24878.1,18751,23519,19673.8,18540.1,20098.3,19612.3,25211.9,20370.6,24985.9,19263.4,24263.6,21901.9,21747.8,20529.5,25361.1,22501.4,20612.9,24684.1,22565.2,21622.1,24873.3,20225,25393.5,22750.6,24005.3,21942.8,21783.5,24449.1,24879.7,25849,25212.2,22730.1,20446.4,21860.4,23677.4,22957.7,21984.8,23007.4,21355.8,20047.3,23647.7,21333.3,21045.5,23307.9,24695.6,21600.6,21622.8,25600.1,20285.1,19388.3,19420.5,21618.2,25516.3,23386.1,20618.8,24531.6,22903.1,22630.7,19744.8,22916.8,23364.8,23878.3,25971.7,24518.4,20993,21320.1,20539.2,24820.8,23711.5,22476,25987.6,32735.4,34508.3
36225.8,31780.3,25981.3,24741.2,26218.6,22043.4,25067.8,21053.1,19766,19672.4,21370.2,23270.2,18692,22097.9,19349.8,18303.6,18994.8,19503.3,19060.2,23134.7,20106.1,19183.3,19804.4,23569.7,22093.1,18628,20553.1,20810,23415.7,23263.8,23955.3,19575.5,19283.2,22526,20582.8,19159.6,18083.8,18090.9,19387.9,20390.1,18388.5,18140.7,21527.9,23874.9,17800.7,23073.8,17854.8,22867.2,23816,21381,23705.5,20521.9,17579.2,20138.4,20844.5,22214.1,23222.8,18615.6,20304.4,17764.8,21254.4,19531.2,18991,18026.2,20897.1,22295.3,18367.3,18176.5,23181.3,21902.4,21826.6,20592.2,23000.5,21343.5,18418.4,19693.8,20347.6,18614.2,19522.7,21871.7,18644.6,19172.1,23361.7,19009.1,23477.9,19790.1,20846.2,18981.9,24269.5,25194.5,22496.2,23974.1,23815.9,21850.2,22093.1,23737,21057.1,23679.7,20042.8,24040.7,22904.2,22459.5,24329.5,24697.4,22889.9,24118.3,22410.8,20673.1,20276.5,20984,19322.8,24124.8,22135.4,22203.6,20051.3,19095,20906.3,20966,20975.8,20900.3,22943.4,22194.2,18092.5,21939.5,21817.7,24433.6,20607.2,21204.4,24718,22951.1,19405.1,19238.4,19520.7,20275.4,21803.9,19501,19399.4,21337.7,20863.4,18722.2,18187.5,20610,20932.4,23926.4,20173,17416,17812.2,18145.4,23782.2,23482.2,20177,23792.6,21325.2,18329.6,16218.1,18833.1,24230.2,23641.8,18514.7,19912.2,20146.1,19690,22077.4,20814.8,22888,23171.5,23513.9,24275.5,19239.9,23471.8,25226.3,19864.2,25285.2,21994.3,21839.8,24723.7,21795.9,20965,24371.4,19690.2,21916,24111.9,23056.7,22784,25351.3,19760.5,20984.6,23751.2,22260.6,23639,21668.5,26138.7,20574.9,22623.5,20559.4,21779.7,21199.5,24167,20849.6,20944.3,19360.3,20501.1,24897.9,20781.9,22885.5,25302.3,21579.6,24914.3,24013.7,19906.7,22964.5,24008.1,23514.1,19651.5,25010.4,19952.9,21846.6,18765.2,18827.8,20486.9,22134.5,24809.3,20223.1,20383.3,24130,25478.8,21452.4,25210.8,20859.7,19900.8,21759.4,22018.3,24469.2,23327.1,20729.1,24359.2,21511.4,20341.3,24745.7,22291.4,23452.7,19226.7,21418.3,21296,19788.7,21678.8,22524.6,24463,23111.3,24386.5,21807.5,23108.6,21490.6,25480.6,20898,22962.6,24031,23183.9,19354.9,20579.1,24472.8,24347.3,24806.6,23944.3,20566.5,19856.5,24120.2,22522.8,22052.7,21039.1,23413.9,19644.6,23028.4,20740.2,19970.2,19143.5,22170,22153.3,21482.8,19094.9,23341.2,23025.8,24690.4,22870.6,20398.6,24315.4,23903,19693.8,19935.2,18628.5,20065.9,20290.7,24321.3,21272.5,22106.8,20353.6,19074.4,19367.3,21868.5,23529.2,23611,22792.2,21472,20567.9,23306.4,24341.4,22884.1,19735.4,20159.8,20725,19378.5,22330.2,23239.3,18955.3,23538.8,24968.7,23064,19048.4,23320.6,24540.2,19970.2,23951.6,20833,23123.1,21794.1,25549.9,25154.2,21281.6,19440.4,23619.6,22211.3,23089.6,24308,26228.4,22171.9,25423.3,25788.4,23815.3,26286.9,24948.4,26027.6,20489.7,22674.3,21597.3,23413.7,23756.3,23836.5,20450.9,25713,21162.7,22902.5,22429.7,21491.8,23387.7,23592.7,20413.4,24553.6,20324.2,23105.3,24934.2,19994.8,22518.7,20891.4,23884,22531.6,19752.4,24762,23739.3,20796.6,25075.7,25995.6,22053.4,24529.7,22720.1,25153.6,24145.1,19773.2,19641.1,24640.3,24640.8,27594.1,24880.4,27714.1,35305.9
34642.2,31045.7,26589.2,22504.6,21682.9,21683,23341.3,23635.2,23497.6,21420.8,21441,20627.5,20738.3,24472.2,18700.9,19167.9,20424.2,24597.9,22891.9,20369.6,18978.9,23891.4,23379.1,22772,23330.4,23616.9,22854.6,19267.2,22136.8,19520.3,23879.5,24477.8,23928.5,22561.2,21780.9,21934.2,23093.3,21084.5,17885.8,20387.9,18133,20904.3,20782.3,19331.1,19668.6,22343.1,19274.6,18312.6,20185.5,22329.4,20237.1,21288.1,23642,22909.4,19684.7,20453.6,22110.8,22143.8,17853.4,19177.9,20845.3,23075.6,20681.7,23612.1,19447.6,23859.2,24142.3,23192.8,24044.2,20991.6,18239.9,21948.4,21910,20204.1,23910.4,24501.5,24973.5,24286.3,24955.7,23330.7,24847.2,22764.2,19531.3,20363.9,23423.9,18457.3,20697.6,22180.1,25126.1,24757.6,19406.3,23492.3,23845.3,20024.5,19962.1,22258.6,19974.6,18661,20084.8,18284.1,24426.9,19687.6,20057.9,18474.4,18358,19803.1,23274.7,22847,23992.2,24497.8,23037.9,18424.2,18519.8,24292,22906.8,21326.8,23231,20109.8,24198.5,23510.4,19535.5,17825.9,22034.5,21944.2,24357.9,19275.3,23836.4,19043.6,23158.1,24776.7,20961.1,24746.7,25345.3,22574.9,19793.7,23821.5,22834.4,20273.5,18545.9,23193.6,22174.1,20067.5,20457.7,19480.2,19931.8,19620,23652,23434.8,18828.3,22945.6,23161.7,19070.7,20290.8,19435.5,20748.2,23775.4,24088.4,19848.2,21550.8,21264.9,22854.2,20155.4,23402.1,23737.5,23488.1,21439.1,23986.9,22930.5,22798.1,21166.5,25171.9,22727.3,23453.7,24627.6,23912.4,21051.2,20251.5,25271.1,23278,21898.6,20286.8,22404.7,19819.5,22679.1,24278.8,24427.8,20872.6,21236.8,21687.3,26262.2,20853.1,22629,24965.1,21420.6,25905.7,20500.2,21004.8,24815,21119.4,20107.3,23603.3,21204.3,22463.6,19644.9,21892.7,23019.5,20960.4,24673.6,21838.5,21659.4,23165.5,21165.7,24950,23273,23898.9,19574.7,19561.2,23373.6,23344.6,24694.4,21309.5,18939.9,19310.7,23948.6,19327.9,19673,22990.2,23672.5,19840.9,22765.3,24417.1,19160.9,22635,20729.6,21522.9,21908.3,22317.7,24960.9,24127.7,20140,23130.3,21679.1,22534,18406.9,19192.4,24234.6,25011.6,24285,20959.7,22593.6,22488.1,21719.5,21389.4,23278.2,23569.5,19373.5,23917.8,22962.1,22254.9,24468,21951.6,19027.8,19236.7,21718.6,18673.6,20658.6,24230.3,22023.9,22506.1,25002.2,21243.4,21854.7,22961.9,22136.2,20887.5,20174.5,24373.3,24733.1,23177.6,23513.8,20249.9,22079.1,20365.8,20020.7,20146.3,19820.4,19373.2,20400.9,21720,23525.3,24547.6,20704.7,21774,20342.9,22684.3,21200.2,22018.6,23984.5,24306.3,24487.8,22538.1,22092.7,20418.6,19468,20209.5,19288.6,18582.6,18737.9,20793.4,20323.3,19923.1,20186,24469.3,23284.2,20534.2,23621.5,22674.3,23824.6,21624.4,23277.5,20674.1,24569.2,24143.7,22344,19219.9,24224.3,21969.4,22844.6,20288.3,21716.6,23628.7,22249.3,22397.4,22490.6,23187.7,22419.6,19694.2,26364.6,22899.2,22378.1,23585.1,20455.8,21448.9,25851,19945.9,24152,20497.1,20148.8,24327.3,23363.8,19741.8,24162.5,23120.7,21565.9,24692.1,25223.7,24400.2,26002.7,21048.1,21248.1,19213.5,19725.1,22504.3,23871.4,23939.3,22648.9,20785,24922.3,21650.2,23821.3,21883,22694.6,25192.5,21487.8,19293.6,19561.5,20916,24189.5,21528.6,22959.4,24770.8,26948.2,27361.5,37743.2
32296.5,26609.8,24861.5,27440.2,25877.6,21449.9,21647.9,20995.8,20640.2,18808.5,18286.6,19120.5,21994.2,19663.1,18947.3,19262.7,18510.9,18659.2,18514.2,22369.5,22271.4,21622.6,19905.5,22729,22311.6,18246.2,20537.8,20424.4,18717.7,21033.2,22365.2,21781.8,19011.7,23296.8,22738.7,22398.5,21441.5,18440.6,20812.8,20433.6,21185.2,19783.8,18048.3,18925.1,23387.2,20097.7,17810.1,19644.6,20640.3,20561.6,20829.5,23982.8,19995.7,24019.4,23091.7,21897.3,19620.3,22299.1,21148.5,21537.1,23076.6,22511.2,22077.7,21801.9,19328.4,22263.3,18280.3,21076.6,22055.3,20019.6,21721,19836.3,23710.1,22934.9,22567.9,20331.3,24505.9,23969.3,23142.1,24063.3,24603.8,20652,19849.8,21752.8,22814.2,24226.1,19525,21431.7,19909.1,18820.5,18680,19654.5,24532.1,24604.7,19011.2,21553.5,22535.5,23599.2,18576.3,23313.2,23416.5,22478.6,21753.5,22661,21151.5,24487.2,23677.1,21388.6,21784.6,22281.9,23681,19436,24499.9,22397.5,22533.3,19919.9,19526.8,24080.5,22293.5,22805.4,19290.3,22050.1,19791.7,22508.8,22503.4,23841.7,19468.3,19619.4,23199.7,18627.3,23485.3,23391.8,23446.9,19905.5,23463.9,24022.3,22225.5,21912.7,20168,17525,23735.5,19982.4,22609.5,22290.8,22234.7,17844.4,23501.3,22574.6,19618.2,22586,18776.2,19324.7,18214.6,18812.5,16515.3,17542.6,21719.5,22275.4,18583.2,21187.9,20063.9,21646.6,22839.4,24029.3,21121.8,22735.7,24459,23339.6,18891.5,22080,24728.8,25703,20019.3,19880.6,22147.7,23030.9,24382,21688.6,22532.9,21488.4,25625,20535.5,25022.1,23923.2,23197.2,23286.7,23171.1,21253.6,21718.2,21470.9,24488.4,21055,22137.6,20743.4,22800.2,25337.7,24230.5,20801.3,21340.3,19673.5,19532.6,22067.7,22062.7,21679.5,21526.3,21682.7,20455.6,24246.5,19730.3,24741.5,24585.8,20071.9,21829.4,21579.8,24875.2,19254.6,24263.9,25574.3,25333.6,19761.3,19043.2,21497.7,24502.2,23112.2,24246,21328.6,20869.8,19277.6,19595.5,25481.3,21211.2,23720.4,23625.7,24424.9,21853.9,24879.5,20936.7,18819.1,19643.4,22738.2,24606.5,24199.7,24167.7,19176.8,21041.4,22651,25077.6,19778.8,25482.6,19629.5,20479.8,23192.3,19778.4,24623.1,24754.5,19970,23605,22389.4,19393.7,23788.5,23177.3,24130.8,21228.7,19513.9,22467.7,23838.3,23206.4,24620.9,25696.5,24842.1,25617.4,25469.4,23741.7,21761,21513.9,19359.2,21575.2,23048.9,22309.1,21261.9,20556.2,21421.6,24731.7,19460.1,22511.5,19597.2,19994.8,19850,25159.5,20737.4,25068.2,23707.1,23776.8,22615,19057.7,20140.7,23868.6,21484.7,19162.6,19148.3,19651,20272.2,21498.8,20049.1,19121.4,24537.6,19684.2,18135,24454.2,21103.9,22493.4,20708.1,24166.8,23948.8,19219.4,21979.2,21968,22827.8,24075.8,24951.1,25151.9,19839.3,21241.5,20858.9,24126.7,19973.4,21154.3,19851.1,25537.3,20874.3,19382.8,22837.5,21701.4,20338.7,22554.7,24456.8,19619.9,22681.6,22080.7,25839.7,21791.3,23255.1,25723.8,19969.4,25009.4,21237.2,24784.8,25039.9,25206.7,21388.5,25307.6,23685.8,19591.1,19977.1,21932.6,23662.4,22086.1,24316.1,24862.9,21947,19481.3,20334.6,21256.3,21915.3,24655,24203.3,20491,24359.5,19724.5,20779.6,19595.1,24457.5,24686.8,19401.7,21747.2,26064.4,21372.6,26060.5,25075,22394.8,27529.9,27583,31457.8,37789.3
31051.6,30815.9,28160.7,22675.5,24935.9,20606.6,19982,22602.6,23651.3,23656.6,22178.5,18372.1,22400.7,21300.4,22871.1,22277.4,18703.5,21386.5,20804,18766.7,19668.3,22138.7,23397.5,20898.5,23722.3,22655.2,21275.7,24390,18454.2,22634.3,18510.7,21023.5,21600.2,22539.3,22570.8,19786.9,18933.5,18961.7,19368.5,23071.5,19361.6,18014.4,19561.8,19440.9,21650.1,23815.2,23208.5,22091.5,20247.9,19957.7,18224.6,19405.1,20713,18096.1,23409,22710.1,23358.4,23616.7,18348,22120.6,23086.5,20669,21771.9,23134.5,18879.5,18761.9,19838,23190.1,22601.3,18245.7,20029.6,19980.7,24253.6,23206.8,19101.7,22067.2,21139.9,24973,21985.9,21710.5,22885.7,25105.4,22695.7,21661.8,20319.2,19976.3,20726.1,20111,24842.9,22827.6,23647.8,20589.1,20944.6,19682.5,24783.6,18987.1,21333.8,23825.9,19681.7,23301.2,22747.6,24576.7,20464.9,18255.1,18816.3,24347.4,18318.9,20984.4,21377.4,20136.9,21367.2,18719.1,18886.1,23937.2,20711.6,23048,20528.1,21939.4,22899.3,17287.4,23400.6,23200.3,22082.7,23607.3,20839.6,23822.1,21886.9,24529.2,24207.2,18754.6,24042.5,24142.5,22952.3,24605.3,23270.9,19550.6,22991.3,18233.5,18795.5,22580.3,21797.7,19037.8,23040.3,22840.7,21675.1,18550.1,23142.5,23140.8,18418,18539.2,20333.9,21114.2,19328.4,23574.4,18491.4,19072.6,18973.2,22286.2,18228.7,21323.2,21458.7,23427.2,21876.8,23634.5,20489.5,24476.9,24589,21966.1,19712.8,25298.7,25267.7,21050.7,21884.1,21282.3,20791,22135.4,19576.8,22802.6,20169.3,24757.3,24318.5,20009.2,24177,26118.3,20587.9,25800.2,20986,20924.7,23184.1,25342.5,22449.4,25862.4,24715.3,22562.8,20009.6,25193.5,21270.2,23739.7,23696.2,21297.4,25086.9,19712.7,24011.9,21675.1,22701.9,24560.7,21323.7,22182.2,21672.3,24955.3,23273.5,21858.8,19766.9,20266.1,24892,20415.7,21698.9,19475.4,19339,22777.1,21694,24767.4,21020.7,23119.8,21096.1,20020.8,25116.1,20310.4,21520.1,22394.1,23610.9,19894.7,23384.5,22905.6,20934.3,23424.8,18727,18479.4,19022.9,18913.6,23913.6,18734.5,23055.9,24588,22717.1,20751.7,19238.8,23241.8,21098.7,23922.5,25823.3,22565.5,22624.7,25206,22346.4,21845.2,19311.9,24825.6,21026.4,21751.6,19868.6,23683.6,22252.7,20396.4,22450.6,23490.5,24556.3,25670.3,23476,21120.2,25522.7,22913.8,22963.2,24609.8,22902.5,24527.5,23040,22608.8,20146,24463.6,22209.5,21838.3,20193.8,20062.1,23886.1,23611.9,24135.9,19018.8,24098.9,24475.5,25073.8,22878.1,22697.3,19533.9,23297.7,20240,18739.3,5819.36,18986.8,24205.7,22514.9,20683,22022.1,23352.9,19864.3,18169.4,22468.3,22292.4,21014.3,21640.2,21508.7,23186.8,24709.3,21793.8,19548.1,19165.5,18680.7,23448.2,21816.2,22181.6,23972.2,19550.7,22765.9,19770.2,21161,19431.9,19494.4,20078.6,24754.4,21329.8,21620,23090.3,20696.4,24495,25487.4,19650.1,21707.2,26141.7,24005.1,19794.6,23320.8,20161.4,23041.4,25259.1,24424.2,20633,25672.8,23163.9,23949.5,19804.5,21470.1,23660.7,23216.4,25863.4,23334.1,25456.6,23055.6,24871.3,22517.5,21884.8,19816.3,24145.7,19262.4,19306.7,19686.8,24344.8,20765,24664.9,25115.1,20060.1,25572.7,23149.7,24597.6,25929.2,21026.4,21843.3,24813.8,21151.9,22825.6,24358.6,26540.3,24575.1,27248.8,34539.6
32391.6,29154.8,26277.2,23765.5,21686.5,21018.2,21067.6,25022,22097.3,19051.1,23649.8,18919.7,21420.4,23114.8,21861.2,21361.9,19414.1,21960.6,23617,19791.6,22509.4,23272.4,18708.5,18082.2,23846.8,20471.3,21142.8,24471.5,22855.4,18607.7,22670.8,21163.3,23548.5,18862.1,24239,18351.4,21802,20145.6,23104.8,19363.1,23588.3,22284.8,19137,19414.6,23227.4,20553.5,22525.2,22120.4,18069.6,23746.6,21649.8,22540.2,22155.7,23177.8,23167.3,23185.8,19830.8,17737.1,23859.8,20011.5,20548.5,19101.7,23264.7,18733.1,22634.1,18735,20929,19797.9,20117.5,21980.3,20157.4,23893.2,22756.3,18408.8,19816.2,20354.1,19436.7,21138.9,20451.8,23132.9,23323.4,21699.4,21655.7,19446.1,20256.1,20488.2,24432.7,23100,20429.6,22687.9,22943.9,22493.5,19401.7,20768.4,23789.1,22415.4,18579.4,24463.5,18620.2,19794.7,24029.2,22114.8,22960.5,24305.7,19856.5,21318.5,19064.7,20791.9,21852.3,23264.4,21795.8,18361.6,23103.4,22197.5,23598.1,22155.5,21439.6,23831.4,18577.6,22835.3,18638.4,23343.6,17952.1,19467.7,20448,18102.8,20517,20354.3,19229.4,20938.4,22264,20279.1,22359.3,25137.7,20537.2,19009.3,18622.9,22413.1,18705.5,18036,20053.8,21660.5,20455.9,23911.6,22767.1,22996.8,23806.6,23282.2,22653,23101.6,23086.1,19229,18395.2,18792.8,20095.1,22510,18759,18057.5,23761.8,22731.8,18466.7,18273,19210.5,20996.8,20494.6,22427.6,23080.8,22257.7,19353.3,23382.9,25012,21359.8,22408.6,22764.6,23788.9,23109.2,23898.5,25059.5,23845.4,23796.1,20094.9,20320.1,20196.9,24615.1,21324,23927.8,21118.5,25350.7,21735.9,25585.8,21396,24804.5,21573.2,21296.4,22774.7,24985.6,22666.1,22795.4,23874.2,23650.6,22546.4,26027.2,23780.5,20725.6,21848.6,24355.1,21672.3,21550.2,25698.2,25438.7,24168.7,22086.4,24728.9,19865.4,24551.1,22872.9,21467,21693.6,24200.7,21978.9,24527.8,20674,24905.9,23153.7,22229.9,24220.8,19496.1,24425.4,25359.5,20101.5,20202.1,18622.5,21415.3,22215.3,18726.9,23015.7,19892.4,23312.4,21713.8,24134.3,23476.2,19892.1,21100.2,19480.9,19264.9,24031.1,19592.4,24342.8,23011.2,25830,22159.7,19898.1,22658.1,24533.7,23317.4,20027.1,23629.1,23010.4,19050.4,21790,18969.7,21349.8,20572.6,23050.6,23590.8,22732.9,23310.9,23689.9,22866.2,23519.1,20976.1,20069.2,25717.1,25894.8,20559.5,19201.1,20901.3,21246,19359.2,21535.5,19580.8,24379.6,23653.4,21341.4,21399.3,24435.8,20677.4,6364.76,20073.5,24573,22762.3,23779.6,19194.2,23229.8,23912.8,22091.6,22657.7,18567.7,20003.8,23186.7,20509.4,18700.3,18784,22939.8,20750.6,21281,18188,21295.6,24074.9,19621.8,20391.2,20572.1,19170.5,21378.8,21820,22078.5,19669.7,21552.2,18857.3,25111.1,21381,19393.8,25376.4,21566.1,21983.5,19458.1,20284.2,20652,21838.6,21583.5,23823.8,23751.6,19608.1,19651.6,20799.1,25748.3,25329.7,23539.7,25668.1,19674.1,22221.6,26106.9,20249.7,21097.2,21072.8,20269.6,22831.2,19480.7,25723.4,19332.3,21124.3,22624.6,24347.6,20058.8,25650.9,20073,22751.3,22645.4,22863.4,20257.7,20724.3,20836.7,19004.2,23593.7,25092.2,19214.7,19927,23330.9,24346.4,25801.1,24674.5,22748.4,25068.4,19893,21740.6,21317.8,22913.7,21875,23625.7,20729.4,26113.1,30006.8,29260.7,32154.5
35772.5,27835.8,23713,23312.5,21459.1,20417.1,25278.5,21975,20621.3,21633.8,19871.4,21307.1,23713,21397.7,20236.3,18765.4,19748.4,23203.2,19258,18869.8,21168.1,22419.1,19968.1,23553.7,23554.9,23779.7,23975.7,22330.6,20098.6,22762.4,21083.5,20023.1,19418.8,23963.6,23447.3,22855.5,20610.4,23455.3,19436.4,19550.7,18524.1,17497.1,21838.5,20291.9,20410.6,19413.1,20681.4,20557,23332.2,20630.7,20185.8,19339.7,23283.2,19237.5,22730.2,18914.5,20236.4,21682.2,21916.6,17701.6,23912.7,18530.7,23205,19696.9,18591,22735,22580.7,20685.7,22462.8,23216.8,23477.1,24336.3,24069.5,21146.3,22591.1,22022,20662.1,22411.8,20185.9,21272.6,18535,20246,24273.3,19580.7,21012.5,19590.1,21276.2,20104.4,21414.6,22700.9,23219.4,20596.3,20841.5,22655.5,21844.5,23213.1,19996.7,19228.3,23753.2,20225.7,21192.4,21287.2,23682.9,19588,18901.7,19909.7,21872.6,22651.1,21286.2,19621.3,21490.4,18849,23839.3,23652,19283.8,18581.4,23713.1,24398.1,22394.2,22354.8,21281.4,18676.7,20394.5,17978.8,18757,21480,19227.9,24498.8,24146.8,24144,24274.9,22253.6,23067.1,23984.1,24178,19582.8,19576.5,23033.8,17686.7,19529.3,23509.7,19923.8,21986.9,21354.2,19688.8,23252.8,23799.6,21904,18007.9,21693,19722.4,23173.7,20389.3,23379.6,18713.5,20907.7,22006.9,17918.3,19041,22022.6,21015,19352,18108,19660.2,22081.6,19068.8,19800.1,18823.7,19474.3,20821.2,24173,21155.1,21663.6,21395,22367.7,23703.2,25270.8,25264.4,21196.3,25561.8,22275.8,21176.1,22754.9,20254.9,19817.7,23961.8,22077.5,24729.6,22389.7,25387.6,23863.1,23042.4,24698.2,20368.5,25332.8,21345.9,22301.8,24958.8,20676.4,23548.9,22021.7,22727.8,20715.6,19735.8,19805.8,19475.2,20499.2,23575,22833.9,20253.1,20922.5,21704.5,23422.8,22431.7,19165.9,24364.2,22526,24788.1,19878.3,22802.1,22251.5,18946,20755.3,22311.6,21377.3,19343,19686.4,24535.8,22499,22816.2,18627.4,18900.7,24957.2,21131.5,22119.7,22307.3,24466.3,19035.5,22898.2,19081.1,21449.1,20221.8,24143,18379,20953.1,21901.1,21321.8,24417.3,21622.1,20703.9,24805,23529.1,25539.2,20795.2,24755.6,24350.8,20911.7,20935.8,20137.3,21530.6,23654.6,25037.4,21177.9,19639.9,23654.9,23166.5,19774.9,25013.1,21088,19590.9,24694.2,21565.2,25740.4,22033.1,24837.6,25111.3,23842,20899.6,23511.2,20908.1,21483.8,21432.8,25459.4,20748.8,20277.4,22634.1,23828.5,22460,21677.1,24604.9,22592.1,19047.8,19254.3,21427.3,19481.3,23594.5,19270,18820.2,25090.2,19325,19826,24996.9,23252.5,19292.2,24461.9,22339.1,17892.4,20884.9,20264.2,19363.8,18571.8,20480.3,18947,18823.6,24384.6,20638.1,23471.9,22968.8,22305.1,22895.8,19426.5,21546,20778.2,19297.2,24936.5,25038.8,22745.4,24953,24983.1,21727.1,20579.2,19788.6,21222.7,21265.2,23617.8,20211.1,19892.5,20416.8,19803.9,22076.9,24530.3,20216.5,24122.7,21649.3,24930.7,25554.2,24607.9,24403.3,23366.1,21237.4,23322.4,21915.6,23237.3,19989.1,19968.1,20000.3,21725.9,24812.1,22214.7,22453.5,21483.1,19628.3,21843.1,21580,23284.5,23202.9,19004.1,22178,25691.1,19328.1,22798.4,23090.3,23094.2,21889.1,19460.4,22198,20602.4,22559.9,20535.5,25315.9,22967.4,26744.4,31611.9,32834.6
36738.9,27196.1,26641.6,26919.2,21742,24749.5,24687,21373.7,21236.4,21558.7,21210.9,24274,19756,19072.6,24059.4,19145.5,22251.7,22057.2,22482.8,20084.2,20203.4,22194.1,24501.8,21780.7,21382.5,24561.6,19819.8,18760.8,20205.5,20320.3,22287.9,19650.9,23292.6,21924.2,18414.9,19661.4,22496.9,22203.6,23984.9,19571.1,23661.6,22489.6,22770.4,21596.2,21303.7,21518.3,21061.2,22205.3,20157.2,23661.6,19557.5,20994.1,23968,21260.4,23118.1,17920.7,21467.9,19635.7,20290.5,21228,18111.3,18830,22087.4,19649.2,19927.7,18196.4,23102.4,20718.3,24036.7,18280.2,19386.7,23972.8,23735.2,20517.3,19364.3,23215.1,24275.2,22858.3,19097.7,23662.3,23715.1,22095.5,24805.4,21698.1,21120.8,25067.6,22881,19030.2,21664,25380.3,25457,19973.7,23532.6,21477.6,21892.1,23263.4,24478.2,19291.2,20001.3,23595.6,23224.8,21843.7,23850.7,24298.1,23445.4,20720.2,22018.7,21702,20590.4,20051.4,24601.2,21295.3,24643.5,20704.6,18365,23067.1,21923.8,23963.8,20354.2,18575.9,23620.4,17974.7,23770.4,21624.4,20119.6,22479.8,20961.8,23937.1,20139,22499.5,20907.4,21729.6,21276.5,21904.8,18728.8,21529.2,20965.3,18314.2,20331.8,21493.2,22061.1,20665.3,17975.8,23725,19652.8,20489.5,20588.1,19864.3,20627.4,19966.6,17649.6,22948,22372.3,18724.2,21019.2,20814.2,22178,22567.9,24286.3,18982.7,23511,19663,22248.8,24240.1,20792.7,21324.1,21904.3,22811.9,20495.2,25201.1,21235.6,20118,20609,22651.6,23575.7,21711.6,21198.3,23839.4,21127.6,20233.9,23342.7,23328.9,20782.3,20298.1,21664.6,21347.8,22026.5,25848.5,22649.8,25923.2,24325,25260.6,20117.3,24259.2,23214.3,25891.7,21823.8,20927.4,19426.3,20625.9,22934.7,24910.2,24250,21537.7,24969.1,24791.3,21153.3,21347.5,21002.4,20088.4,24572.8,25736.2,25157.9,21596.4,20002.7,25217.1,20378.1,20815.1,22245.1,23307,25199.7,21832.6,22388.7,22669.2,23442.9,22617.8,24290.1,25278.2,19893.9,23902,18772.3,23638.6,24805.1,21200.1,23383.3,24610.4,19244.7,24257,22782.7,24029.6,20780.8,24877.2,23902,23710.6,24571.9,24447.8,23386.9,25368.3,21190.9,22164.8,22969.7,21490.6,19453.3,25701.6,25869.1,21438.3,25723,22993.8,23596.1,20077.3,20332.7,21416,20616.5,20517.7,20800.1,20968.8,22314.9,21659.8,25011.2,25688.6,21673.9,25216.1,24739.6,23802.6,25442.3,22639.9,21684.6,22041.8,19781.8,22948.2,22579.1,22871.2,25196.9,21405.1,20148.7,24116,20474.6,19773.6,24283.3,21118.5,22390.3,19544.2,23928.9,24043.3,22154,24231.2,24982.3,21730.5,19168.1,22148.8,25095.9,22754.6,23577.2,24137.8,19157,24658.3,24196.2,22915,21117.8,20115.2,19533.8,23010,22002.2,24534.2,24782.7,24586.4,21738.4,21981.2,21884.6,20279.9,22919.6,24907.1,24436.2,23656.2,21664,25925.9,22894.5,24723.6,24552.5,19089.8,22738.1,25460.3,24268.1,23690.1,25565.9,20901.7,25050.1,22258.5,20434.8,25361.2,19521.3,23863.9,22169.7,23089,20777.9,21469.3,22657,23244.5,20889.6,20244.7,18829.3,21705.3,20413.5,21231,24519.2,23734.7,25346.4,24586.3,22998.8,20090.3,23617.4,19335.3,24444.2,23205,20329.7,23641.3,24038.8,19975.6,19309.6,24472,19301.2,21819.5,23374.1,25985.7,22637.7,20659.7,23109.2,21815.2,19432.9,22326,25642.5,23561.8,32048.9,35675
31964,30634.2,23468.2,25695.7,23075.9,20365.3,23299.5,19702.8,21324.2,23226.8,22791.4,22875.5,21949.2,18730.5,22344.5,21124.6,22945.5,18377,18697,20606.3,23279.6,23697.9,19621.8,21092.8,20246.7,19448,23407.8,24410.3,23924,22916.7,21319.8,18646.4,24400.5,22079.4,24151.2,24049.8,21398.9,22275.7,19985.9,20474.2,21210.4,22299.6,19044.9,21283.6,21072.3,23960.2,21899,19138,18515.8,22056.9,21404.4,23904.6,18407.9,22351.4,21161.7,23600.6,20588.7,19239.2,22998.3,19321.6,19794.4,23133.5,23453.1,22595.3,18041.8,23142.4,23137.8,22580.8,22660.4,22610.5,18696.2,23533.3,19899.1,20077,23990.4,18470.5,18834.6,18986.6,21336.3,18805.7,22436.5,22097.2,18933.2,19675.5,21293.1,19169.5,24169.9,21849,20471.5,18747.1,20794.5,22013.5,23311.2,19692.8,23563.8,21234.4,21010.7,23190.2,18959.8,18620.9,24755.2,18821.2,18421.1,22110.9,19922.4,19830.9,23216.2,20850.8,20509.9,18601.8,21238.2,23040.9,19784.1,24164.4,23762.2,18107.2,21089.2,17823.2,21182.7,20475.9,22449,22524.2,24036.8,21003.6,19819.5,22429.6,24293.8,20472.2,24832.7,21900.3,22705.9,22821.8,24367.1,22331,19544.8,20540,19924.4,17546.6,23697.4,18201.5,21750.5,22034.9,18500.9,21464.2,19266.1,20058.4,20825.8,21025.6,18786.9,21612.7,18970.8,19758.5,23273,20760.7,16499.3,21305.7,24212.4,20435.9,22205.4,18906.3,21014.3,22739.7,23452.4,23807.9,19709.7,22508,21743.2,22472.2,25288.5,24042.4,20117,23830.3,19864.9,19668.2,21269.5,21574.5,25801.1,23986.3,19937.2,21667.7,20341.6,23658,25075.5,24008.3,24048.6,24529.8,21805.2,20726.3,23777,25179.9,20552.4,22675.7,20776.4,20213.1,22841.8,22250.4,20613.3,19745.6,23954.6,20031.7,21860.3,24674.4,22958.8,25157.8,24752.9,23439,21410.7,24286.7,23726.4,20680.7,25448,23451,20984.2,22648.8,20684.3,19818.3,24653.8,22588.2,22959.4,24638.7,20900.5,21763.9,22772.2,19988,22296.2,19698.4,21381.8,21857.7,20333.4,19704.9,19410.7,23031.1,22627.4,22255.7,20504.6,22410.2,21891.5,23602.6,21101.5,19342.4,21966.5,22377.9,23249.5,22277.1,22519.5,20727.9,22717.6,21810.2,21813.7,24174.2,23253.5,24893.7,25376.5,24695.8,19971.9,24725.2,19492.5,20081.3,23746.6,22530.7,20954.7,25206,23990.5,21193.1,21358.9,24333.7,20615.1,21021.8,20638.6,20247.6,23364.6,20773.8,20867.9,21593.8,21272.5,20775.1,21496.9,20319.6,22590.5,19657.7,25509.4,22472.3,22495.3,19084.7,21071,20762.6,22090,24242.6,21855.2,25273.1,23911.7,25534.8,25019.6,23765.8,21697.8,18591.1,24836.2,25132.4,22424.1,22418.1,20810.6,23164.1,21936.1,23951.6,20636,24301.6,23448.2,24277.8,22709.6,18287.9,22216.3,19267.6,23177.5,20986,19392.5,18779.2,19679.2,19772.1,25220.1,19969.4,24024.2,24843.5,25195.6,21410.2,22243.2,24932.5,21646.9,20740.2,23345.7,24574.4,23610,19829.2,24728.2,20392.4,25213.2,23065.9,25373.9,20762.8,24735.6,23205.2,19755.4,20937.7,24190.4,23936.3,21072.9,20628.4,26007.3,24339.4,20362.8,19239.2,22934.7,20797,19654.4,21354.8,20546,21653.6,21985.7,23284.6,19434.2,22791.8,20311.4,23202.8,21213.1,24035.3,18920.6,19300.9,21061.6,21974.8,21593.5,23450.9,24991.9,19154.2,24316,21192.8,19714.6,24702.3,24788.5,24026.9,21273.7,24499.5,25162.3,28621.6,28652.4,32835.5
33320,26203.5,25822,24616.7,21500.4,23873.7,23660.9,22847.7,21107.4,22970.3,23538.7,22038.5,20877.7,22001.9,24296.3,24537,21183.1,22038.2,18723.1,21188.9,20018.3,21668.7,18646.8,23090.1,18619.8,19901,18555.4,20860.1,19163.6,23341.6,23015.4,23685.8,21092.5,20077.8,22006.5,21048.7,21621.3,20789.4,20279,22642,21779.9,19050,20382.6,20881.1,18717.8,20591.9,18996.8,23529.7,20766.9,19245.5,21704.9,21847.5,17792.8,18668.6,21559.5,23249.4,21497,21420.2,20334.7,20466.1,21554.3,22468.7,20068.3,22071.1,19024.6,23226.9,22951.2,22655.2,20186.7,20304.5,18822.4,23873.3,19404,22021,18998.8,21236.6,19028.8,24787.1,24775.5,24521.9,24363.2,18775.9,23666.7,22563.7,19861.3,22405.1,23089.3,23339.2,19949.4,18932,19206.1,20766.1,22748,24277.5,21939.1,19591.8,21663.1,23607.4,19315.9,18564.9,18861.2,23056.7,22305.8,19804,22964.1,19941.6,24207.7,20925.3,23092.6,18533.4,23274.5,20985.6,21432.9,21737.7,18329,17851.4,21581.8,19544.1,23816.2,17696.3,22969,21208.8,18573.3,20075.1,18932.4,19065.7,19800.5,22131.6,23122.1,23623.5,23164.8,21851.7,24251.2,20567.4,23895.2,23359.3,20010.3,18598.1,21766.4,20062.7,18714.4,19098.2,22861.1,19458.3,22974.7,17807.7,21742.8,21901.5,23307.1,24127.9,21053.2,21379.1,18727.7,19347,20897.7,19352.4,21724.9,24062.8,20721.4,17965.2,23097.5,20335.4,18179.9,18228.6,18792.4,21961.1,22236.1,20247.3,18959.9,20782.8,21599.8,23431.7,20975.9,23724.4,20828.7,19434.4,22787.2,24767.6,19782.7,21347.7,25724.1,21893.3,21026,23920,20713,22425.3,21756.7,22985.5,25083.3,21216.2,22415,20000.1,22054.7,20659.5,24401.4,25974.3,25896.9,24747,25641.6,25203.3,23083.9,24684.5,22272.5,23327.5,25588.2,20060.6,24681.5,23345.9,22282,21364.3,20677,23266,20483.2,21493.3,25384,22678.5,21694.7,24982.5,20987.4,19673,21507.9,23577.4,24159.1,20390.7,25145.8,21767,19227.3,24052.4,19341.2,24795.3,22154.7,19206.1,18748.1,24661.4,22080.4,22427,21183.2,18901,18896.4,19371.2,19993.2,21329.3,20442.5,23283,24759.7,25071,22745.6,22817.3,25716.1,23143.9,25966.5,25663.3,22953.9,24653.2,24724.2,24195,26018.2,24117.2,23284.8,19076.4,23852.7,20889.3,24787,19099.2,19508.3,19651.6,23511.6,24427.9,21712.6,20137.8,23403.8,19901,24536.2,21714.8,20457.3,24606,25159.8,25085.9,21480,20828.9,21209.3,23753,20956.3,22708.4,23161.5,22635.7,24873.9,20473,22726.6,25338.7,22192.5,19314.7,22786.1,23151.4,23999,22856.6,22813.9,24583.6,20855,24912.6,19681.8,18607.1,18940.9,20349.7,23180.9,21789.5,22765.3,22665.4,18220.6,22916.3,19920.2,23685.6,21343,24823.5,23652.9,21132.3,19322.2,20239.5,22242.6,18860.2,25331.4,24563.8,21768.9,23639.8,19386.8,21717.2,22937.5,22697.8,25007,24902.7,22551.2,21008.6,23822.6,24050.4,24843.8,22949.6,20850.9,19859.9,20770.7,21489.1,22684.5,24159.7,24497.8,19838.6,21918.5,24229.2,22716.3,19341.9,20028.3,23164.1,20478.2,24160.3,19898.5,25368.6,23869.9,22931.3,21070.7,19970.2,23541.1,20732.9,20556.2,21051.4,24851.5,19261.2,20108.4,22381.8,19274.5,24309.2,25058.3,23179,24281.8,24723.6,23823.3,20946.8,19914.8,21005.3,22528.7,21327.8,22931.2,26312.3,24933.1,29809.5,32398.2,35303.1
33607.4,30142.1,29106.7,24071.9,23984.7,20919.6,19168.6,21605.6,24549.4,18485.7,21938.8,18732.5,22399.5,20550.5,20385.6,24099.2,23325.5,23238.9,22123.7,22702.2,21325.7,19138.7,21983.7,23966.7,24065.4,19479.8,21593.8,18481,21644.8,21298.2,19573.6,21449.5,23345.9,23296.5,24151.8,20290.5,19089.8,22255.2,23060.9,23378,20242.6,19482.6,21232,23013,19189.6,20961.8,19124.2,21306,18194.4,22080,21116,18775.4,20310.4,23912.1,22003.8,23497.7,21683.1,19548.5,23577.1,18344.2,20240.2,19466,22299.2,24057.7,18449.7,19573.9,22547.6,20015.1,20922.5,20502.8,18347,22445.4,20807.8,18898.6,19215.3,24390.6,20012.7,24743,23499.3,22556.6,18883.6,18880.4,19287.3,24385.7,19274.8,18859.2,19758.5,24975.7,25183.1,24778,20013.7,22117.4,22135,25031.8,23875.4,18605,21689.8,24492.2,18480.7,20746.5,19322.8,20888,21129.4,23337.9,20481.6,22486.9,24414.7,22673.2,19699.1,23249.6,21114.1,23259.4,21058.2,18158.7,19260.5,21263.4,23460.3,22775.8,20390.1,19119.1,22125.9,20998,21582.1,18510.6,19869.7,24364.1,23899.7,23608.8,24581.2,23593.2,25355.1,19053.9,21391.3,25247.2,23235.4,24618.3,20481.4,17936.6,17827.7,19999.7,23659.2,21294.2,23562,22453.2,20480.3,18106.8,19576.8,20251.7,20121.8,19901.4,23856.2,18571.5,21322.1,21356.5,19230.6,19764.7,23187.1,20152.7,23065.6,21772.6,24136.2,21098.9,23547.7,21576.4,22844.6,22947.5,24435.2,21233.7,25431,21862.8,24650,24845,22979.1,22954.2,22138.7,19549.6,25266.4,19746.3,21645,22050.8,20724.3,21987.6,20516.5,25269.2,25830.9,23452.4,22304.8,24374.1,24396,21403.1,21727.4,23068.8,24941.2,23314,19699.8,20741.1,21443,21795.3,24454.1,23150.8,25747.6,23883.8,19850.1,19949.2,24013.2,24325.9,24725.4,25406,22805.5,21294.7,25617.7,23765.7,22764.4,25095.8,20513.3,22548.6,18907.1,25419.6,22900.3,22602.2,20363.8,25137.9,20310.8,20298.1,20354.7,22642.1,19004.6,23210.6,20667.1,23039,20185.8,19538.7,24965.8,25342.8,23343.1,23422.9,22570.6,22593.1,23916.8,23119.3,21399.5,20514.6,22383,18590.1,24257.4,21772.2,24159.5,25584.8,23047.1,24939.6,22581.2,24177.8,24361.1,20486.9,24622.7,25571.4,22378,25221.4,23812.3,20193.9,25149,24196,23970.2,19629.2,20608.4,20695.7,19983.6,25209.5,24837.4,25065.5,23816.2,24756.1,23408.6,22830,24745.7,21165.7,24532,23222.6,22071.1,20662.3,24747.6,20102.6,24252.2,20616.6,19648.8,22442.4,22900.4,20423,24050.1,24994.7,21087.2,24462.2,18839.7,19355.6,22465.5,24137.4,24665.6,20183.2,23454,19903.7,22798,20909.5,20575.6,22375.4,18387.2,24294.2,19176.5,21043.5,23601.6,19401.6,23539,21007.1,18227.1,23540.8,21247.7,21436.9,24176,20705,19901.3,23231,24256.6,23826.9,21163.9,25075.8,22388.5,25877.8,24276.1,20151.5,21181.3,19059.1,24072,21603.5,24624.6,24779.7,20791,24356.7,21410.1,19808.3,23957.5,19579.8,20319.2,25428.5,25748.6,20071,25341.3,25266.1,23338.1,24728.6,21602.5,20082.3,23997.2,21600.3,21004.9,23668.6,20604.8,25062.6,25975.4,23358.9,24678.2,20856.5,23445.2,19646.3,21385.7,22673.3,24762.2,24828.1,23197.4,20360.2,21475.6,25646.9,19931.9,21099.3,22769.7,21025.4,25427.4,23290.4,22491.9,20654,21190.7,22633.8,25857.9,24846.6,27001.4,32843.6
34699,31143.6,26428.7,22364.5,21939,20218.4,23623.3,24251.5,22776,18280.3,18307,21546.8,23708.4,22813.8,22431.7,23509.9,18684.5,21799.5,24527.2,24265.8,22196.2,22742.6,23326.3,18917.2,18434.4,22659.6,23377.1,18344.6,20400.1,22261.9,20360.5,19993.4,21887.9,23993.9,19142.2,18807.3,18198.1,22956.2,21348.8,18683.2,20190,18401,23948.8,18730.8,19882.7,18014.8,18875.2,22507.6,22685.3,22733.3,20003.5,21363.6,18983.4,23716,20401.1,18155.1,17810,20639.6,22563.7,21695.7,22195.3,21124.3,18389.3,18529,19012.9,19660.6,24010.8,22798.8,19322.5,19608.5,22801.6,20211.7,23276.8,23706.2,20458.9,21921.6,22764.7,25265.8,19527.3,22905.9,22881.8,19094.4,23374.2,23041.4,23887.9,22859.4,24935.4,25327.6,20934.3,22382.4,19032.8,23898.2,19803.2,22689.4,23073.5,23554.7,23158.6,24343.3,21501.4,18713.7,22764,21588.3,24391.9,18849.9,18856.3,22094.7,23457.1,19408.5,23484.2,21220.3,21170.5,23037.8,20059.7,23621,21302,21910.8,20225.7,20017.6,22438.7,22032.7,22838.5,22559.3,21880.4,22653.4,19823.5,21314.2,24538.5,23279.2,19137.3,21313.3,21422.8,19053.2,20388.1,23160.9,20927.1,23812.8,20722,20099.9,21086.8,18642.2,19424.1,22182.6,18066.1,21800.9,20319,20494.7,21510.4,21083.3,22998,19015.9,17993.5,21301,23523.2,21895.9,21213.3,17674,20530.1,20986.4,21687.3,22107.2,20394.8,18525.5,24309.4,19645.1,23492.6,20177.4,20563.2,21306.1,24962,21588.9,19881.4,21806.5,21219.2,23975.5,19483.6,20648.4,22561.5,23591.1,24459.8,25212.9,24287.3,22822.6,25395.2,23027.8,24312.4,24038.7,25849.3,26191.2,23945.1,23083.4,21115.2,24854.6,24460.7,25490.4,19480.6,24910.9,23146.3,25032,21063.8,20855.4,23924.1,21620.9,20043,25956.9,25989.3,20384.9,20301.5,23276,19900.5,20291.3,19890.9,22520.6,24466.8,20920.7,23082.1,24841.8,22826.6,19702.1,19320.3,18911.7,19240.4,24431.5,21555.8,21841.5,25236,21593.5,19027,20699.8,23227.2,21633.5,23141.4,18931.4,24916.7,24878.6,24498.9,19489.2,22063.2,24959.6,20538.4,20092.5,22905.5,19384.1,21165.7,21847.6,19704.3,19803.9,23984.2,23306.6,19285.1,25935.5,24817.2,23186.2,19679.2,20000.4,20691.1,21998.1,21582.4,22206.9,22766,22835,24837.4,20031.2,19808.3,20665.3,19146.1,20494.9,26065.8,24180.3,20850.6,22139.7,24276.4,19659.8,20518.6,23969.4,25308.4,25866.5,24058.9,24605.6,24200.7,26079.3,24230.2,22456.9,23696.7,22139.5,25032.9,25107.8,22839.9,25478.8,22668.1,24602.7,19997.6,25623.2,24912.5,21856.5,19900.5,23413,23071.2,20856.7,20395.7,21327.8,18593.2,22921.3,22617.9,21583.9,18578,22560.2,18976.4,22619,22496.8,19771.3,22428.1,24508.2,22413.1,20699.2,20648,19021.2,23949.2,18372.3,18631.9,23714.3,19560,24788.1,22539.8,24160.6,24796.8,22792.6,21681.1,25847.5,20218,18941.4,19274.5,22985.7,25114,23905.3,22231.7,19645.5,22354.7,24720.9,24061.7,21975.3,20385.9,19844.9,22489.3,20554.8,22975.9,24942.3,24495.6,24414.3,20722.1,23430.3,24745.7,19140.5,19925,23289.7,25520.8,24255.9,22180.9,24577.5,23546.9,19908.4,22806.1,22409.4,21181.3,23927.7,22526.2,22559.2,20414.8,20808.7,19374,23031.3,23169.7,20000.2,23788,25125.3,21855.2,25985.7,22440.3,19369.1,24104.2,23864.4,27409.1,24014,31553.9,32632.2
34283.1,27785.6,25235.4,23681,24547.9,20545.6,24109.3,23437.7,19126.4,21010.8,23735.1,21459.8,22132.2,20324.4,20593.8,22315.8,22378.8,21692.8,21778.8,23389.4,21298,20135.3,19877.9,21601.7,19481.2,22407,24172.9,21469.1,21022.9,19294.3,19652,18705.3,24146.3,22104.3,20238.4,23366.3,22307.6,20568.1,22068.1,23151.4,18161,19794.7,21178.8,18742.5,18131.3,23463.5,19670.6,19513.8,20666.8,22113.7,21828.4,22823.4,21286.4,18739.5,20348.3,22234.5,22836.8,20786.3,22952.2,20972.9,22213.7,20003.9,21211.9,24213.6,21005.1,23572.1,21204.8,22805.5,21422.8,21604.4,24039,20645.5,18955.4,23502.4,25260.8,23153,25059.4,21223.8,23484.1,22298.3,22311.5,20238.1,20649,24935.5,19729.1,25137.2,20649.4,23043.7,23655.8,22169.5,21026.5,24068.5,21814,23609.9,19972.5,23348.2,21985.6,19313.1,25265,22376.9,21003.9,24896.7,20753.8,22537.9,20841.9,18525,19159.1,24442.6,20840.1,18836.2,20062.6,22082.6,21764.6,22648.5,20633,19822,22117.1,18810.3,21647.3,17711.4,19284.6,24150.3,24265.1,18223,19400.5,23919.2,20465.7,25001.2,22838.1,24865.7,21346.5,23829.9,21426.9,19639.9,21950.3,20847.2,22069.3,23408.5,20379,23933.6,22014.6,18401.8,18976,18705.3,17615.1,22142.8,22843.4,21714,20708.8,18077.2,18951.8,23105.1,19165.8,23787.2,16227.1,23432.4,23321.6,19440,21869,21754.7,21073.3,23612.2,19670.6,22445.4,19304.1,21267.7,22048.6,22674.1,21088.7,22596.7,21465.4,22411.6,22275.9,23661.7,25660.9,21092.9,23676.4,22483.8,20061.5,22830.4,20674,24146.7,25241.8,25724.3,22241.3,25501.6,22664.8,21697,24473.3,26259.1,25308.3,23204.4,23177,25561.9,20981.3,20631.1,21927.8,25603.7,19327.7,21626.2,20846.8,23386.4,23635.8,21174.1,22343.7,20762.2,21524.5,21303.9,25545.6,21443,21517.9,24719.6,22405.8,20354.5,22267.7,23551,24729.7,22279.3,23581.4,22868.1,20906.3,24492.1,21120.5,20464.3,21886.2,20033.8,24503.6,19320.5,21242.9,22932.2,20110.5,24424.7,25487.7,24941.6,21930.7,20626.2,23256.2,24156.5,22547.5,19294.8,21251.3,24994.5,20994,19070.2,23523.4,23397,23684.3,22081.1,21911.8,25803.4,25482.5,20337.4,24859.4,20134.9,22206.6,24045.2,22922.6,24771.4,23391.7,20154.7,22512.3,25111.1,21871.2,22097.7,24976.8,22859.9,23408,21938.9,24235,19589.7,24082.9,25996.8,25948.6,22190.9,25597.1,20861.2,25672.6,21263.7,6224.44,26105.1,24555.7,26252.6,24819.4,22304.6,20527.5,20555.5,20562.4,19205.2,19558.8,21505.1,24205.1,20634.3,21902.4,20353.6,25251.1,19017.3,22260.8,19216.5,22937.8,21152.4,24288.9,22653.2,19744.9,20281.8,21731,21146.8,22264.2,23697.9,23623.7,20099.9,21340.8,22223.1,19303.9,24947.8,22544.6,20790.4,19679.9,18799.8,22418.3,24017.3,19079.4,24434.5,23104.5,19524.6,19719.2,22766.7,24385.2,19922.4,23730.1,23456.2,19459.6,22200.3,20126.8,22596.4,21477.8,24561.7,22906.4,24581.1,20227.4,24490.6,20400.8,21442,25264.1,24524.9,20490.8,24512.6,24534.2,19722.7,21012,20559,20320.6,19222.7,25425.1,24906.6,23264.2,21231.2,24907,23997.2,19133.6,22252.2,19637.3,21480.2,18643,21181.5,21447.5,19121.9,24713.7,25375.9,24321.1,23019.6,21615.2,25528.9,20698.9,24821.6,24134.9,23977.8,22677.3,23238.1,19407,22847.2,23667.9,25265.2,27431,34414.1
32900.1,31762.3,25754.1,27224.3,23360.4,20353.4,19755.2,21868.1,18546.8,22231.5,22463.2,19227.2,18329.8,24411.3,20298.4,21027.2,21180.9,23993.7,24310.1,22453.2,20061.6,24183.7,20136.3,22652.6,23345.6,20343.8,18307.2,18389.7,19068.3,19798.9,21595.2,22032.2,21563.3,21116.1,20004.6,22806.4,18545.1,19567,19433,23519.1,22567.8,19849.7,21301.1,23259.8,21869.9,22482,23043.2,20871.8,22122,18998.2,20697.4,18749,19304.2,20585.6,19610.3,19670.3,18258.6,21143.8,19488,18629,22939.5,22779.7,23553.7,21792.7,20899.5,21175.5,19236.8,23857.4,20278.1,24270,24621,18871.6,24738.2,22724.2,23616.9,19018,21357.2,18838.7,21797.1,20207.1,20228.1,24695.5,19051.7,19822.9,24353,23575.1,24238.6,20853.8,21818.2,20977.5,23742.6,22282.5,22480.8,23034.4,23610.5,18925.3,22069.8,23244.6,24883.7,20875.2,23964.2,23355,19994.6,24518.1,22105.8,23865.8,22896.7,24054.6,24073.3,20897.4,20124.4,20294.8,22447.4,23065.3,19095,20213.9,24175.4,20982.6,19450.7,18194.7,20001,24192.2,24208.9,22249.1,22056.8,24422.3,21675.9,21345.5,21624,25001.2,19389.4,23582.1,25565.3,21711.3,24115.4,23179.1,21021.9,23591.8,18293.5,21560.2,20265.5,21148.6,22610.4,20207.1,23400.2,21706.9,20682.8,23842.9,18620.1,18678.1,21547.6,22392.9,20202.4,21713.2,15588.2,23610.6,19204.6,22743.6,19036.4,18405.2,20215.3,22102,23276.1,19518,19633.9,20357.6,23658.7,21083.1,24115.1,25020.2,21695.8,20350.3,21231.6,20618.5,25433.6,22462.1,21102,24808,24007.9,21907.6,20105.2,23028.1,19536,20197,21482,23001.5,20286.4,20686.6,24396.7,26124.2,20525.7,23081.5,22567.4,25972.9,25513.1,23643.6,22677.5,20927.9,19255,20709.5,25045.9,25430.4,19555.5,21763.5,23583.7,23399.1,25204.1,25052.1,22345.1,23094.1,21502.2,25174.6,21444.9,23892.5,25789.4,22381.5,20264.4,24482.4,22808.7,20688.6,20941,22655.9,21578.9,23077.1,24521,23996.9,25048,19191.4,21214.8,22856.6,21336,19741.4,19659.4,22367.2,23902.4,20754.3,23593.5,22837.5,21359.7,21569.3,23990,24602.3,22694,19519.4,19479.5,21618.2,23251.4,25244.9,22185.3,22896.4,21514.1,23040.7,23063.3,25492.2,19952.1,21652.9,20244.5,20444.2,22264.4,22327.1,23514.5,24877.8,23138.9,25699,21819.9,24521,25843.7,25538.9,20415.6,19553.8,25575.8,23802.2,21815.3,24228.7,24766.6,22281.4,26476.1,24892.9,23699.8,21052.2,19911.6,23494.6,22964.5,24212,24932.1,22559.2,19444.4,20887.7,18859.8,21866.1,24961.5,25086.7,24824.5,20014.5,20998.4,19340.7,23274.9,18978.6,20789.4,24539.7,21547.8,22928,20296.3,19851.4,21239.4,20522.9,21629.2,24263,25160.5,24500.5,18751.6,20624.8,20985.2,22014.5,21520.7,18507.2,24543.3,21420.6,23814.9,21638.5,22403.7,25197.9,24158.7,19941.8,21567.4,20541.8,23660.2,25645,22031,21628.8,22221,20961,22083.5,22311.4,20706.7,19741.8,19978.1,23458.5,19880.6,21572.6,18745.2,24947.5,24550.5,20596.9,23861.6,22602.2,19167.2,21667.2,20804.6,21675.5,21842.1,25125.3,24098.9,25097,25150.2,22427.3,25034.2,20527.9,22113.8,22695.9,19005.6,21903.3,18713.7,18673.4,18475.2,23277.5,22516.3,23511.4,19435.6,21039.6,19115.5,22116.2,24771.9,20906.2,19173.8,22218.5,23962.9,22215.7,21258,23674.3,21214.9,29007,32007.3,34582
31443.4,29552,27188,24497.2,25561.4,20677.9,25138,21258.8,21958.3,19499.1,20574.8,20454.6,23932.4,19267.8,19743.3,19492.5,24028.5,21540.6,21902.9,21665.6,20554.5,19758.9,21956.1,20630.2,19371.8,23509.8,19166.7,22214,24087.1,23733.1,22782.1,22916,22067.5,22502.1,20577.8,22853.3,20361.3,19114.7,23186.9,24027,18100,20027.8,20819.2,18290.3,20136.8,18988.8,21708.8,17982.3,20727.1,19923.3,22973.1,20460.4,21366.5,18954,20940.3,21422,19120.8,20048.1,21258.2,23712.5,21523.1,23098.8,18685.9,19442.5,23895.7,19821.5,21944.8,21096.9,18957.3,24395.8,18803.7,24368.2,21740,22791.3,20304.8,20540.5,22400.4,19338.1,19726.6,19687.7,19398.2,24767.5,22711.4,22955.8,20411.8,23192.3,24517.2,25328.7,25508.6,22466.5,22505.4,20051.7,21289.4,18758.7,18817.8,22453,19225.1,25220.8,19954.5,19035.4,21638.1,21599.2,21674.3,20150.7,24810.9,21531.5,19774.7,24372.7,22279.7,23118.3,22118.9,22221.2,24705.4,24346.3,21762.5,24287.4,24121,23920,21409.5,22976.2,23501.4,19215.2,21790.6,23538,18077.1,24383,18664.4,24717,20014.1,23236.9,20355.2,24058.6,21847.1,21843.5,24294,21174.7,24309.2,21175.3,17818.4,22278.4,20145.9,18780,20938.1,19965.1,23819.7,18286.8,19811.1,21554,22994.8,20409.7,23359.7,20076.1,17933.6,20351.1,19657.8,20638.2,18585.4,19064.9,23555.6,21015.7,23351.7,22207.8,19559.6,24212.8,19798.5,21551.2,19400.4,19063.7,23589.6,25000.7,20886.8,24299.1,20392.1,22349.8,24868.7,24295.4,25154.8,25447.8,23581.8,20569,19855,23849.1,20549.2,21916.1,24236.1,24414.6,21328.7,22905.3,22495.6,25442.7,23625.1,24733.2,23115.5,23279.1,21632.6,25571.3,22840.8,24274.3,19826.6,24141.5,24247.3,19675.4,25644.3,25799.5,23522,24146.8,25244.7,21795.4,24048.1,25750.8,23819.9,19927.9,23903.3,24017.4,21541,24978.8,25586.5,19146.1,19196.2,21281.1,24268.2,22448.9,22421.2,20057.4,21014.9,25088.4,22343.8,24202.2,22852,25070.7,24995.6,19982.2,23590.8,22841.3,23610.5,22170.9,24578.7,23803.2,22840.8,24943.7,22720,24851.4,24585.9,19470.8,18932.4,21190.3,21559.5,20760.6,21541.4,25310.1,21955.9,24333.4,26051.7,26071.8,25149.9,20943.9,21722.3,23268.1,21031.4,22556.7,24140.2,19418.4,20870,19197.5,20512.7,21827.8,23695.7,25585.8,20732.8,21178.6,20408.3,23925.6,22592.9,25178.6,25380.1,23087.9,26450,20874.7,24781.9,19946.4,23192.1,24975.9,21621.4,22014.2,21203.8,20471.2,22509.8,19487.1,23318.5,21408.6,23445,23444.2,21489.9,19605.7,25393.5,23048.6,19686.2,21739.6,19644,24181.4,20993.2,25481.3,19614.6,22508.2,19554.8,19065.6,23083.3,23133,21340.3,25303.3,22149.7,18927.9,19834.8,19026.7,24700.8,20484,22246.9,18439.5,23551.3,19903.9,20598.3,23017.8,22903.8,21862.4,21481.2,24661.5,20538.5,22999.8,23142.4,19508.6,24443.7,19848.9,20435.4,23745.2,22717.9,24571.9,21413.3,24854.8,24444.1,22909.5,21622.2,22808.8,25345.8,21107.8,19383.6,25181,23999.3,24242,21753.5,23457.9,23164.9,20261.5,22178.6,19211.7,25579.2,22743.1,20481.3,24288.9,24846.1,25230.7,22008,20685.3,23980.6,20661.1,19701.8,23755.1,18467.8,18975.6,24087.7,23414.9,22086.8,25128.9,20108.6,22930.3,23461.3,23919,18998.1,21550.3,24224,20395.1,27205.9,26351.8,27655.3,32670.4
36725.4,29162.3,23847.1,28207.6,25605.1,20221,25440.6,22032.4,19769.5,19852.3,22080.7,21171.8,23806.2,21573.5,24313.6,20603.4,20555,22299.7,24102.2,22940.9,20487.7,21944.1,23554.3,21783.8,20774.7,18673.1,22326.2,24069.1,23210.9,21431.9,19122,23643.7,24750.4,22642.9,22466.2,23971.8,19767,23325.3,22735.3,20510.7,22784.3,23590.3,22201.3,20591.1,20609.1,23719.9,21084.8,20156,18724.2,20962.8,20842.5,23670,19368.2,22362.6,18342.1,23967.4,23745.3,19484.5,23157.6,22688,24172.5,20658.8,18819.9,18067.5,19189.1,22039.7,23114.4,21096.5,20087.3,22541.9,21371,21487.7,24668.8,22390.1,21308.7,22868.3,20409.1,19204.2,23860.9,19640.6,22590.1,21062.8,23690.4,20712,25268.4,24345.9,21135.8,23338.5,24858.8,19325.1,24707.8,20707.3,21118.6,24631.9,19081.2,22952,20338.2,20932.6,22190.4,19785.9,23424.1,21840.7,20662.9,25167.2,20492.4,23131.6,24726.7,23461.1,18308,23482.2,20338.4,21870.8,20832.3,19063.3,20519.8,18978.9,22744.2,21422.2,22411.5,22887,24033,20894.4,22022.1,22563.7,18071.8,19937.4,20503.3,21493.9,22806.3,19640.5,22150.2,20361.7,21049.4,20356,25595.5,23165.2,20260.5,19549.7,17989.7,19922.5,18323.1,20267.7,18296.5,20353.6,20299.7,22309.5,20349.8,22924.7,18005.3,24273.6,23954.2,17928.5,18368.6,17653.3,17290.6,18913.2,23825.8,22065.7,21225.9,23403.3,23444.5,18516.6,21073,19608.1,22163.5,19100,21541,20769.9,20470.7,25101.2,21634.8,25669.9,21639.4,19917.7,20817.7,22656.2,23171.2,23802.5,22758.6,22643.6,21126.3,21939.6,24099,22077.9,23108.5,20551.9,21258,26084.8,24022.1,21003.9,25370.2,22856.7,22750.2,24377.6,23547.9,23784.6,21212.3,23499.5,24698.7,24028.2,23086,24990,24638.9,23363.8,23543.8,21158.8,23499.7,21902.9,25236.6,23119.3,21528.3,20586.7,24982.9,21883.5,20662.1,19610.8,22974.2,24358.8,21027.7,21196.1,24354,24184.1,23019.5,23325.7,23677.9,19231,22705.8,19350.6,22372.6,23887.4,19393.3,24313.7,22454.1,23746.4,19005.9,23542.1,24523.4,22482.7,21040.4,21399.5,22568.4,18889.7,19979.7,19030.5,23859.8,24399.8,18971.6,20780.2,24902.2,23391.4,20561.2,23590.5,23909.4,24491,21896.8,26337.7,25609.6,21368.6,19631.5,23010.6,23716.2,24410.9,20232.7,22528.6,20439,24099.7,20686.5,21698.3,21877.6,22179,23741.7,22517.9,21206.7,20126.6,23740.8,20104.9,23143.7,23166.2,24232,24136.1,21389.2,22024.6,19650.9,20508.6,24172.3,23667.1,24339.3,22893.7,22060.3,23420.9,19236.1,22125.4,19243.4,24130.7,25495.3,24502.7,19486.3,23640.2,22139.7,19884.8,22052.7,25595,19922,21992.9,23584.4,22382.2,21533,22059.3,21344.9,24770.4,24275.6,21867.1,24973.4,19586.5,23817.4,20100.4,24386.1,21921,23170.8,23546.9,21651,20982,24573.7,24721.9,24336.9,25484.2,20817,22079,20569,20227.5,20741.9,22385.1,20602.3,24885.1,24857.9,19671.7,19730.6,21353.5,19915.3,23470,20076.8,20030.7,23476,20279.7,25322.4,23221,23324.9,24273,20539.9,22402.1,24807.6,19903.7,22450.4,21585.9,19678.7,23192.1,20289.6,24369.4,22981.7,20210.7,19705.6,23695.8,19215,18978.3,18861.3,19126.1,19071.3,24716.8,23756.1,20541.7,23031.1,20679,22620.3,24829.1,25161.2,21604.8,21778.2,21063.1,20386.4,20778.2,25073.8,28506,30341.4,37064.2
35454.6,28734.6,27658.7,27668.7,23831.6,21167.1,20076.7,24698.3,20682.2,21539.4,22321.7,19076.6,20096.8,24736.9,21057.7,19950.6,24466.1,23713,23985.2,23723,24406,24325.2,18621,19037.6,19569.3,20469.7,19345.9,23189.9,23920.8,22803.6,20807.5,23024.8,20518,21571.6,18370.4,23133.8,23111.9,22497.7,20886.5,19638.1,19036.2,19334.7,20557,19286.3,18040.2,23554.7,19368.9,20265.2,19233,19536.7,22858.6,23737.5,22737.7,22238.6,22489.1,20734.6,18352,20879.4,20506.3,18476.2,18222.4,22236.7,21274.1,20951.2,23109.4,20586.3,18711.4,18236.1,19150,23950.3,23313,23235.5,19354.5,21790.6,19341.7,20883,21915.6,23557.6,23451.2,24397.7,19040.2,22619.3,25099,20731.3,23068.3,19176.8,24820.7,19531.1,23780.3,25411.2,23469.1,19733.2,19768.8,24844.7,20915.3,20262.3,20024.9,21112.6,25375.8,18730.3,20385.4,24187.3,19849.2,24537.7,18737.9,19611.1,18731.3,21600,21988.9,22834.5,23860.2,19522.6,19453.5,22379,19907.7,20622.6,20858.6,23628.7,21159.1,20524.1,19758.6,22804.7,21572.2,21973.1,21866.9,23379.7,21166.3,21846.8,25463.2,22057.9,22828.7,22345.6,24955.6,23809,24736.8,21983.6,19099.3,22941.5,21147.4,19154.3,19074.1,20288,23841.5,22689.2,23974.2,22481.1,23841.2,20871.3,20215.9,19409.5,22965,20926.7,22588.5,22632.1,20861.7,22291.5,19290.3,18071.8,18027.5,22851.2,21333.6,22666.1,18532.6,19596.6,18389.3,20382.5,19192.9,23471.6,21587.3,23683.1,24904.4,25028.3,24126.7,23011.3,24826.6,20079.7,21799.7,23640.4,20812,22698.2,25564.4,23024.1,22093,22219.6,25844.3,20818.6,25188.7,21390.7,23664,20259.2,26123.8,24011.2,25852.7,24489.2,19898.9,25440.2,21276.9,25103.4,21690.2,20777.1,21069,25572.5,24526.9,19693.5,19320.5,20883.9,21616,25342.6,21685.5,21083.5,22765.9,21262.4,23537,23726.8,25326.1,22488.6,20519.6,25633.8,20220.6,23649.4,24508.2,22082.6,25444.6,23847.5,24276.3,20634.3,22256,22272.4,22947.7,23878.6,25032.8,24870.1,19030.1,21457.3,24259.7,21723.6,24187.6,22068,19796.5,25102.1,24275.9,23539.5,20163.1,21300.1,21520.1,24923.7,22713.9,20789.4,20162.7,20181.7,25376.8,23803.5,25217.6,26012.8,23837.8,21868.7,19881.7,22823.4,25874.2,21752.5,23785.2,21544.5,21515,21150.8,20695.4,25302.9,21952.8,23959.8,25422.2,25276.7,23439.8,23133.1,23095,22975.6,25138.5,21364.8,20435.5,21965.1,19688.3,24519.9,20031.8,24154.3,22379.9,19335.1,20604.8,23030.6,24918.4,21537.1,22218.6,24021.6,22840.2,25222.8,24420.9,19158.3,19645,19913.8,21163.6,21004.7,24280.2,21796,23081.4,24922.2,20721.6,25606.9,22994.8,23141.9,24558,21876.8,20406.5,24109,24743.6,19426.8,24761.5,22629.9,21042,18430.2,19044.4,24766.4,20398.5,22417.9,19716.7,21947.9,22183.3,22068.4,21877.3,23526.5,19294.7,21900.5,21459.9,23816.7,23748.8,20741.8,22847.6,19087.6,21832.2,24255,23424,24662,23130.8,23248.5,23557.8,20371.4,19591.1,22983.8,23610.4,20766.1,20774.4,23878,20767.6,20420.1,20281.3,21317.8,21325,21479.1,24883.4,21318,24164.2,24940.5,19575.7,19890.4,24377.1,24445.6,19352.6,18469.4,22868.6,22077.8,23916.9,21662.4,22370.4,24182,22632.9,20310.7,19045.8,24716.5,25254.1,25687.8,25016.1,22925.3,21265.1,22271.6,24975.1,27442.3,30616.1,31332.1
35359.2,27463.7,24190.6,26759.7,20763.3,23482.8,19307.2,22961.8,20961,23234.8,21057.4,20555.9,22307,19908.3,20080.7,24803.1,22667,18617.5,19794.9,21412,24089.9,22415,23781.7,21452.6,20858.1,20727.2,24002.5,24447.3,21928.1,21432.9,21486.1,22698.4,24240.8,22529.6,23456.6,22949.3,20587.5,20065.6,22223,20018.2,18483.7,22141.9,23485,24139.9,21381,22548.2,18366.5,19595.1,20701.2,19070.7,19867.5,22795.3,23719.6,20132.1,22019.2,20684,20008.9,20254.6,21229,17774.4,20201.3,23866.6,17961.6,20813.5,18535.8,23486.3,21600.5,18585.8,24464.4,22046,24060.1,23548.2,24764.1,22007.7,19702,20507,19724.2,21633.1,24496.2,23010.5,23437.1,22190.9,20781.6,24523.1,25487.9,20569.5,22808,19734.4,22047.5,18958.4,19695.4,19118,24448.2,23775.3,20524.3,20816.2,25579,22569.5,20768,23095.5,21917.1,20432.8,24276.6,23609.4,24813.2,18995.4,24233.3,19892.6,24064.8,22263.1,20024.8,21716.2,23958.1,20907.2,21144.7,19961.4,22856.4,18354.8,24098.4,18129,18065.9,20413.5,20180.8,21462.2,18493.9,23469.9,23582.3,19164.4,22394.6,23864.6,25534.7,20825.8,20693.4,22605.1,20336.1,20193.7,20185.9,21526.6,22741.4,23270.4,20185.7,20437.4,19287.5,22417.8,23557,23024.9,19047.1,20175.2,20797.7,24347.9,24082.6,19062,24022,20694.4,18782.4,18526.8,21613.2,21338.2,23239.8,21484,23284.6,19262.2,18992.6,20047.3,23731.1,23911.7,22207,19318.7,20741.4,23346.9,21250.3,22213.8,21006.3,26113,24767.3,23416,25128.5,23538.2,21279.7,23240.1,22246.6,22484.2,20551.3,21731,20482.5,22202.7,19747.1,23538.5,22509.1,25432.6,22318.5,21995.1,20656.3,23093,23611.2,20283.7,22598.6,22986.6,22712.7,21167.8,23750.8,23714.2,20810.2,21474.3,23757.6,21725.2,23065,22958.9,20218.8,25222.5,20282.7,21345.3,24550,21310.2,22412.9,20574.5,21919.9,24235.4,22530.7,19671.9,20605.8,25437.8,25457.6,23374.9,21536.9,21243.1,19982.9,21139.8,21082.2,22206.4,23753.2,21904.5,19525,24284.3,20435.8,21176.4,24265,24548.4,19644.6,19006.4,24444.2,19920.1,19880.4,24031.8,22249.2,22602.9,25520.3,23805.4,21439.5,25121.4,21242.3,25219.8,21486.4,24239.7,23372.1,24658,20003.8,21279.7,22520.8,20619.8,19342.7,25125.2,23362.5,24744.8,21926.4,22343.2,23028.8,23396,22147.6,21227.4,24607.7,24404.3,20538.1,22878.5,26301.8,23567.2,22169,26066.4,22763.8,19622.4,19866.5,20807.1,26006.4,25783.3,24364.9,23206.2,19526.1,21490,18983.2,20381.8,21595.4,22756,22931.7,24106.9,21672,19017,24159,24313.6,24032.7,24119.5,23583.8,21402.4,20112.8,22336,22746.7,24608.8,20735.8,24031.2,22565.9,19453.2,24892.8,21382.3,24720.9,19632.9,19781.2,21164.6,25046.8,19583.7,21518.3,21635,20636.6,23877.9,21462.6,22808.8,22614.6,25318.9,19030.1,19559.5,22719.3,19030.3,18841.8,20672.5,24555.2,22832.4,22169.2,24196,22134.4,23192.1,21389.8,21771.3,23227.1,20933.1,24607,24299.5,25554.6,25072.3,19386.8,20845.6,19498.3,20032.5,20482.7,19709.6,22779.6,24088.9,20397.7,20658.3,24572.7,21519.1,22635.3,22203.7,20830.1,18851.8,24246.6,24138.7,22978.7,23268.8,20703.3,19409.6,22240.9,23436.9,21941.7,18797.7,24624.1,24057.8,25435,19942.9,21983.4,19278.2,20520,25444.1,21389.9,29374.6,27717.2,32571.2
35693.8,29312.8,28517.7,26034.2,23114.5,24657.3,24922.4,23950.7,21714,18393.4,18906.4,21740.5,22483.7,21178.5,20016.5,24144.4,22644.7,24166.5,23172.8,19317.8,24828.7,23749.6,20385.9,24460.9,19897.2,22210,18233,21157.6,20625.8,20609.6,19503.2,21571.1,19462.4,20986.9,23199.2,20098,18270.3,20928.8,18571,23438.8,21041.3,20089.6,21261.2,18182.7,21518.4,22276.9,20106.8,18198.4,22378.3,21968.6,20758.3,20680.4,22753,19693.1,23416.1,22108.7,18543.9,19238.2,22084.1,19012.7,23440.5,23455.9,22046.4,23046.6,23212.9,23484.5,18695.1,18059.6,21742.4,20270.5,19913.8,22511.2,24933,23118.1,25083.8,22946.1,23160.3,22396.7,21164.7,20099.3,19130.3,23298.5,22358.7,23663.8,19296.9,22793.7,20564.2,19932.2,24739,21849.7,20490.2,18996.7,21905.7,20042.8,21365.5,23700.2,20555.3,21542.8,23767.2,25062.2,21541.3,24977.3,21451.7,24661,23816.1,20790.1,20503.8,20467.3,20282.7,22964.7,19012.2,19369.9,24856.6,20546.5,24719.3,19371,22374.1,22649.5,20525.3,19810.7,21152,20314.3,18296.4,23089.3,19363.6,23453.2,22348.8,18635.7,24579,22838,21971.4,19895.2,19840.1,25684.8,24335.9,21241.9,19741.3,24228.3,22740.7,20945,18607,18747.3,20644.2,19101.8,20381,20232.9,18771.5,18383.4,22409.9,19655.9,23537.1,19115,21729.5,20812.6,21357.1,23625.5,20568.1,22022.8,21058.8,24257.6,22184.9,23071.6,18228.1,21593.3,19945.5,23689.2,19737.8,21152.5,20729.9,20031.7,19691.1,24616.2,24438.3,26165.5,24429.1,23688.4,25434.2,23469.4,20424.1,24081.1,21394.2,20242.3,22215.9,25726.1,23536.3,21639.8,23155.2,21619.8,24822.7,21074.3,23568.5,23503.3,21964.3,24022.7,23554.9,22199.6,20691.4,24282.1,24901.8,20538.3,23809.1,25292.8,19775,22677.5,25765.8,20383.5,23039.3,21517.4,25201,20573.1,21124.8,20879.1,25279.5,25936,23911.7,22524.8,19637.7,25259.1,24998.2,24109.3,19894.4,25097.7,23259.6,20176,25422.7,20949.7,21430.2,25596.9,20634.2,23418.5,20003.5,23107.8,21835.8,21653.1,20389.5,23495.9,19723,22047.9,19457.8,20571.9,19941.1,22275.9,22920,22590.5,18896.4,21062.9,23182.1,25231.3,20291.9,24114.9,25611.1,21576.7,22162.2,24973.5,26084.4,21115.4,21304.8,20625.5,21357.8,25836.8,21212.4,23700.6,21339.6,24947.3,25263.1,24912.1,26413.9,22415.5,20415.2,22214.2,26305.8,22184.4,26316.1,20766.1,26097.9,23619,20011.9,24394.2,20969,22388.2,25467.1,24879.8,23828.5,22303.2,24592.7,24588.8,24612,22886.7,20081.5,19595.7,22757.9,24551.5,20749.3,20600.5,25333.9,23446.4,24878.1,25150.4,23545.2,24360.7,25318,20241,22510.3,19180.7,24088.8,18865,20131,21735.1,24039.6,21358.2,22374.8,22834.1,20097.8,24370,24654.1,23477.9,20309.8,19824.1,18478.5,22160.9,23854.8,23891.2,18428.5,19834.2,18924.6,22075.3,24431.5,19926.6,24662.8,19249.5,22941,20308.9,19279.1,21901.8,24701.1,25685.3,22984.7,22528.6,21534.8,23019.3,21002.8,18853.7,23641.5,24802.9,20430.7,24242.1,21330.1,19806.4,20644,19419.3,22437.6,21989.7,22831.5,25075.5,23434.1,22476.5,21642.7,19410.7,20544.8,24659.4,21652.3,20515.9,22975.9,18900.8,21078.3,21125.4,20979.5,21878.6,22973.1,19937.2,20971.6,22599.2,19511.2,20677.5,25607.8,23527.7,22459.4,25334.7,21444.1,22716.8,21877.2,24674,31430,36298.3
35117.8,26184.9,23312.9,24944.6,21023.3,19863.1,23828.7,20149.2,23366.6,18963.2,20585.2,19499.3,23961.2,21492.2,23140.9,20237.6,23879.4,20687.7,24949.9,20427.9,24317.9,18643,23500.4,19879.9,23762.1,19205.6,23463.5,21836.4,19098,22659.4,22830.8,21639.7,23682.1,24179.4,21036.8,20945.5,24037.8,23915.6,20940.2,24058.1,22187.6,23358.7,19713.7,19874.8,23800.6,20498.8,22584.7,18771,22534.9,23556.4,20152.8,23201.5,19837,23667.3,18911.2,22039.3,18491.9,23771.1,23042.5,23745.8,19020.1,17893.6,24054.9,18864.3,23812.4,18186.1,24314.1,20703.7,21325.6,18412.6,19407.1,21477.2,21853.3,23989.9,19834.2,21900.3,19260.7,24537.6,20315.4,21080.8,19178.8,21117.5,19284,23003.5,23159.6,23764.4,23654,20939.4,24597.8,20835.3,23437.4,20174.9,24506.6,23296.1,24599.6,20896.5,19306.6,19638.2,24878.8,25275.7,19417,21503.1,24267.7,18782.3,23882.7,24518.6,20103.6,21759.8,20068.6,19383.5,20711.1,22528.2,21861.6,18490.2,19094.8,24671.5,19024.1,21018.9,23042,23859.4,24510.6,23914.8,21847.5,19082.5,19247,19684.7,18911.8,18954.6,20324.4,20175.4,19493,21099.2,19929.7,20226.1,21975.5,21068.2,19800.3,20488,20302,22204.6,23208.1,19754.8,22803.3,19429.8,22761.6,19098,20443.2,20092.2,23538.2,24411.6,24305.6,20324.6,19950.8,22442.2,19518.8,21122.5,22247.3,23684.7,20157.2,22012.7,20257.3,18119.3,23185,22278,20420.3,19715.4,20300.5,19138.7,21325.7,24630.7,23071.4,24786,22499.5,6040.15,21499.8,22669.2,20831.7,21897.1,22318,25221,24597.3,21786.9,21360,26082,23316.2,22991,21831.2,22690.5,23102.3,23295.2,24342,21613.6,22248.2,25286.3,20911.7,20885.9,23122.1,23201.2,22073.9,20678.7,25726.9,23003.8,21033.2,24582.5,25701.9,23059.3,19789.3,23832.7,22187.9,21741,22067.9,25130.8,20129.9,25625.2,25722.5,24103.7,22180.3,24260.2,24887.3,19242.2,22052.9,20385.5,22391.3,23084.7,21913.8,24695.4,22542.4,20968.6,25493.9,22299.3,24280.4,24819.7,25015.1,24310.4,22851.5,21604.5,19386.9,25150,19024.4,19301.7,20971.4,23208.1,21146,19499,21358.7,23150,23140.1,23148.7,23820.9,21020.9,24271,24710,24897.5,22610.6,23756.4,22602.7,20698,26062.7,24097.2,20241.9,23097.9,23415.2,25845.6,25734.5,22640.8,21978.7,22787.4,24191.1,19829.7,25025.8,25131.4,24869.9,21426.6,24974.2,21230.3,20624.9,25494.5,22818.9,24335.2,21121.1,24100.5,26262,22359.4,25774.3,23515,25629.7,25507.6,24810.5,23842.4,20243.9,21679.2,23185.9,24108.1,23554.6,22690.5,19740.2,23091.7,25645.6,25503.2,25099.5,23678.7,22307.6,23004.2,23834.5,23210.6,23874.1,24326,19166.3,22669.5,19497.9,19518.2,24393.1,23253.2,20798.8,19842.7,18919.3,20176.5,18793.2,21313.5,24758.7,22324.1,18783.3,18885.8,21352.6,20186.2,23570.3,21758.5,21164.7,20980.4,20442.1,22350.6,24479.5,19542.9,23793.6,20331.4,23122.4,22593.6,24324.7,24754.6,24831.3,20037.3,22060.7,21055.9,21010.1,21122.3,20800.3,21249.6,18949.1,22624.8,23511.5,23859.3,23302.4,22868.4,18977.7,23023.3,24065.1,23977.4,18654,20735.9,21765,19408.7,18608.6,21082.3,21894.1,18152.2,19992.7,20543.1,20793.8,22548.2,18891,22549.3,18616.4,20992.7,23721.3,18577.3,24999.1,23124.9,25434.4,20575.6,19703,21149.4,23935,29291,35797.7
30958.1,29167.2,29036.7,27091.2,25266.5,21858.2,20636.1,22551.3,22674,18654.7,21289.5,23314,23328.8,22727.7,18781.9,23584.7,18820.4,22892,20684,20987,20148.3,22387.7,21980.1,19875.8,19015.3,19491.8,24204.7,23150.3,22435.8,19065.1,19535.8,24482.6,21672.7,19186.2,22647.9,22275,22693.1,24143.8,22865.1,18081.6,24268.8,19494,19403.9,21768.9,20777.7,18461.6,22890.8,22281.1,20048,17925,19365.8,21108.4,22978,23708.9,21033.4,23514.2,19390.5,18538.6,23882.4,20585.5,19934.9,22097,20462.1,23293,21287.8,23955.2,23976.7,18626.5,20742.3,23827.5,20378.2,20077.5,21443.7,19258.5,19069,22211.9,23562.2,24524.2,19798.4,23645.2,20978.1,21074.1,21955.6,23252,24529.7,19236.4,22073,20055.2,23052.3,23556.6,21759.8,19230.8,24415.2,25796.4,22302.8,21845.9,20842.3,25043.9,22264.4,19958,21166.5,19256.5,18944.1,19987.3,18617.9,18533.6,21753.1,20998.4,21146.1,23030,21162,19629.6,25075.7,20345.9,19633.3,20276.9,24918.3,24371.5,21435,24312.3,24613.7,21749.8,22878.1,22355.2,21147.8,18478.7,23034.3,21885.5,24581.9,21508.7,21987.2,20459.3,20154.8,25919.2,25415.7,24641.1,20895,19213.2,19259.6,22121.4,19400,19198.1,21012.2,21064.4,19552.4,23266.2,20386.8,21325.4,19600.7,21574.7,19512.5,22275.3,19037.3,20442.1,18252.4,18979.1,20038.8,20328.7,20461.7,18524.1,21039,23285.3,19434.4,23894.9,22855.6,19479.9,19085.4,23874,24890.7,23167.8,20417.9,22826.3,20148.8,22490.5,23706.3,20797.9,21432.3,20627.6,21296.3,20924.8,26188.7,23797.6,25958.4,25326.3,22201.1,22666.8,24547,22107.2,25158,25328.1,21926,20105.5,24881,26447.5,26160,21404.4,24298.7,20690,23965.6,21410,22598.9,22318.2,20434.5,24988,20544.7,24148.6,20747,22961.2,25633.4,22960.5,21129.3,21178.4,25195.6,21630.2,22182.8,19685.7,21539.6,21962.9,19389.9,25672.7,21652.5,22379.9,22540.2,20550.6,20460,20222.5,23291.9,21320.6,22560.5,21201,21696.6,24351.1,25105.4,25006.9,24948.4,25466.8,19659.8,23748.4,24049.9,22591.3,23799.2,23483,23116,22094.7,19103.7,22550,20359,19778.2,21484.9,26174.1,24154.8,24139.7,20750.9,23992.7,22423,20917,25516.5,21281.5,23936,24206.1,20349,26052.5,19965.2,21905.4,22706.2,23365,24768.2,23840.1,21341.5,20928.4,24788.5,22531.2,20685.1,23913.6,25370.4,26307.2,24907.1,21534.4,25112.7,22721.1,26681.1,23245.4,20681.4,19558.3,20445.9,20523.1,25350.1,24174.1,22593.8,23934.1,23473.2,19406.2,24021.2,23762.4,21617.1,19952.8,22389.7,24019.7,21356.3,20889.4,22181.8,21890.9,22006,22194.3,21348.2,19723.1,24083.9,19997.3,23588.6,20354.8,19883.3,25284.9,22921.7,19135.8,22235.4,21955.4,19932.2,21823.8,19875.7,21063.5,24247.3,23574.4,20121.2,25356.4,24423.4,24925.2,22454.2,23108.1,23964.3,25096.7,21707.4,21465.9,23537,21831.3,21663.3,23222.9,21942,23807.6,21098.6,25130.4,21131.9,20362,24128.7,20625.7,21764.3,22913.9,22245.6,25018.6,22456.4,20835,22994,21801.8,23792,20305.2,22434.4,25051.6,25358.9,20230.9,18251.7,20788.7,18435.5,19547.3,21699.5,20221.8,21791,18124.2,20708.8,19414.7,20948.2,19201.8,19213.8,21100.2,21271.2,23591.7,23777.6,21926.9,21347.9,20654.7,20460.2,21686.8,25574,25571.4,29670.2,36608.3
32772.2,27593.2,27765.6,22320.2,21086.3,21987.2,24152.7,21474.7,20822.1,18334.1,19338,18514.2,21010.8,19231.8,20873,22961.9,21756,18899.6,18579.3,22064,24417.8,19603.4,19343.1,22160.1,22914.9,19398.5,24509.4,24304.2,19828.3,24242.4,20712.6,22632.4,19830.2,24217.3,23282.6,20779.2,23650.4,20915.7,23406.9,18139,19354.7,18870.4,21150.1,23101.9,18643.4,19211,23688.6,19514.4,19593.4,19057,18866,20421.1,20539.6,18721.1,20149.5,20019.5,20645.9,22782.4,23576.9,23027.9,23832.6,21522,22708.2,21065,22422.3,21349.7,23031.8,24187.2,23724.9,23534.9,21074.4,20746.2,20596.5,22413.9,24886.6,24869,25200.2,20575.3,25260.5,24522.8,23038.6,19283.1,22324.3,24511.9,22091.7,22524.3,19790.2,25656.7,20229,21893.9,23027.1,20777.3,23038.3,21795,23728.6,20115.1,21527,20632.1,21185,23685.8,25227.5,19958.1,19135,25030.7,23337.4,20637,20019.1,19690.6,23315,22866.8,22300.5,22828.1,19444.6,21844.5,18985.1,24878.5,25277.5,20541.6,19716.3,21542.4,21556.2,20447.8,23772.7,20088.2,20125.5,20773,18733.1,19111.1,24607.3,25710.8,21599.2,25836,25594.2,19990.4,19985.8,22790.3,19497.7,19951.8,23363.4,21596.4,22819.1,23035,19157.4,21529.1,19030.5,21620.8,22440.5,23047.4,23951.5,21997.4,20720.7,20441.2,21918.5,21044.1,17244.2,22493.5,20058.2,22250.9,24086.5,18889.5,22963.6,23926.7,21783,19272.6,23075.9,21834.2,24328.2,23722.9,19349.4,24335.5,25509.6,23027.7,20936.8,20355.2,20545,24524.8,20127.4,21074.2,24027.8,21528.4,24113.4,25477.7,25167.4,25143.5,20052,26060.9,20006,24687.6,24111.7,23226.8,21271.9,20260.2,21246.6,23810.8,21961.2,22179,25762.1,20484.8,25912.3,20235.6,21034.5,24877.8,21355.7,20747.6,20968.8,25034.7,21020.8,24807,23460.1,19945.5,24527.4,20142.5,20054.7,25144.8,23547.2,22438.1,25687.7,22482.1,24488.3,23817.1,24327.3,20327.8,19759.7,20585.3,23992,19885.9,20198.3,25208.7,25152.9,20599.3,23684.1,24681.4,23459.2,20868.1,25284.1,23367.7,22618.4,24985,23222.9,20363.9,21562.9,21930.4,19730.2,20417,19586.6,22856.5,24006.1,25036.9,21662.3,24274,26466.2,24395.7,20128.1,22182.7,20510.8,21918.4,20186.4,21046.7,22600.7,22012.8,21500.4,20604.1,21989.8,19988,26023.8,22198.5,23164,24213,24773.4,24289,25843.7,21649.5,23779.4,21566.7,26217.7,25293.8,23414.1,24539.4,21316.1,23583.3,22204,23598.8,21750.9,25205.4,20906.9,20160,22889.3,22118.9,24421.1,24910.2,19819,20054.1,24663.4,24306.6,23491.4,19268,23329.8,19266.9,19230.8,19298.9,23451.4,19515.2,21462.3,20002.5,20042.4,24562.3,24217.9,25298.9,21235.8,19896.8,19225.6,22707.6,22838,19243.6,20844.9,21170.8,25376,23656.8,20029.9,21173.1,19982.2,21440.4,24162.3,20558.7,19796.1,24765.4,23554.4,19217.9,22400.2,24683.9,19711.5,18467.5,19822.9,23602.8,22892.5,19261.1,20678.1,20830.9,18713.6,23889,21255.1,24965.6,18709.8,19482.9,20866.4,22067.4,18859.5,24241.4,19726.5,18862,23796.8,21147.6,22015.2,22868.5,21364.6,19279.6,19631.6,23711.5,18229.2,19196.7,18600.4,19601.2,18175.1,23356.6,22121.6,17958.6,19118.4,19328.6,19134.4,23375.8,25133.5,22415.2,22209.3,18771.6,22185.7,23193.7,23002.4,23095.6,23878.1,23640.8,27231.8,27361.6,26213.1,31605.2
33935.1,30588.5,27458.5,24687,24056.7,19942.1,24366.2,24529.9,20052.2,18517.6,22054.4,23487.8,23763.9,20166,21994.4,20459.4,21737.9,21613.6,24773.5,20612.9,20923.3,20290.6,23569.5,18778.9,18659.5,23157.6,18746.8,22285.3,23944.6,22129.8,20021.8,22505.6,20776.1,19645.2,24117.6,23549.5,23412.5,20464.2,23487.3,18151.1,22046.7,20046.5,21724.1,21674.2,19245.3,23927.1,21352.9,24299.5,23542.8,20590.6,18057.2,23793,19738.9,17921.7,22443.2,23284,24046.1,22414.9,19973.6,20801.5,21480.2,20065.9,21791.1,18484.4,21993.1,18227.9,19501,20705.3,21014.1,18469.7,23280.6,22115.7,23482.6,22062.4,23250.9,21288,19246.1,25161.3,24318.8,25352.3,19640.1,24564.6,20056.5,22325.2,19328.8,23605.7,22090.3,25259.5,19734.3,23364.4,24596.6,22130,21790.7,21211.7,21744.1,21254.4,20005.7,21015.6,23764.9,18983.1,25359.8,24310.3,24800,20351.1,24573.4,23317.4,24268,22009.2,21539.8,22005.8,21143.1,24101,21758.6,23910.4,20165.7,24267.7,21010.3,19592.7,23690,19294.8,23057.3,24397.6,20686.5,23854.8,24008.2,20407.5,21261.1,23621.3,20809,24288.2,25618.8,23489.2,21978.2,23146.3,25305.3,19981.1,23935.2,22943.3,23293.6,21774.1,19046.1,23563.8,21990.3,18883.6,20514.6,21085.2,18475.4,21490.8,24152.2,20089.7,18906.7,19281.2,19275.8,23375.2,21017.9,19669.7,19226.7,22157.5,18721.8,22320.4,22496.8,23469.9,18708.5,22716.7,21246.5,20201.4,22796.4,23198.4,23254.5,25297.9,20695.4,21766.7,25667.4,21584.9,22663.2,23973.7,21102.2,25113.5,21013.3,22497.5,22579.5,21185.6,25259.3,21028.8,19848.7,22146.1,20266.9,24994.9,22130.6,23021.6,26368.2,24919.6,25603.2,22525.2,20677.7,20271.4,22241.2,24028.2,21210.6,21385.4,21765.1,22623.8,20923,21352.8,20042.3,23665.6,24798,23891.5,21884.6,24969.6,23973.3,25303.1,24694.7,19926,25177.2,24026.2,19890,23508.3,23803.9,20433.1,25399.1,25378.4,25362.9,23627.4,23450.9,24792.7,25837.7,22333.4,25106.8,25954.6,22331.6,25039,23065.3,20832.8,20085.4,21090.4,21951.6,21206.5,23338.4,20024.1,24313.2,22969.8,25733.6,22290.3,22501.6,22360.3,20209.9,24351.5,25636.4,21957,20200.7,22330.6,22209.3,22087,26095.2,20236.9,25653.2,23829.2,25495.3,23446,22963.8,20752.5,21863.3,25918,21816.4,23191.4,23432.3,23551.8,26351.6,22739.2,26299.7,25700.5,20022.8,25990.7,20291,20900.4,20434.9,20089.1,25832.9,21792.2,21253.7,20186.3,25720.9,21614.7,23569.5,24476.3,22757.9,24005.9,21216.6,25512,24120.4,21693,21360.4,19479.3,24280.3,21400.5,19536.8,24129.6,24545.2,19344.2,19965.5,20435.8,25647,22579.9,24046.2,25385.6,21499.2,20810.2,25023.2,20933.7,22549.7,19452.5,18869.4,23071.8,25253.8,23190.3,18665.6,18925.2,24369.6,25112.4,23533.4,24354.8,21613.2,23936.2,24037.8,19071.2,18495.3,24821,21400.8,24951.1,19429.9,19725.2,24525.5,18589.2,24901.8,21221.8,22461.8,24466.9,24075.3,23797.8,19155.1,23779,22661.5,21367.3,20867,21543.3,20471.5,18969.2,20534.5,18649.1,20295.2,22191.8,23499.6,19531.1,19728.8,19868.3,22282.3,23794.5,22313.9,20954,20246,22891,20689.8,21541,21766.5,18018.5,22507.5,18528.9,19075.4,23135,22134.4,22246.4,24669.9,18928.7,21294.6,19750,24457.8,24840.2,22670.9,21585.9,27126.6,27227.1,26045.5,31580.5
33595.5,31050.3,26691.1,27089.2,22277.7,24181.8,21371.9,23207.1,19906,21989.5,19610,23617.8,19155.8,19883.6,19965.1,23909.6,22961.4,24581.3,21195.7,19443.2,20343.4,19443,20317.6,23765.7,18700.3,20298,22822.5,18574,24600.6,22630.7,24543.6,21428.8,21851.4,23502.3,21135.2,20478.4,19721.7,24251.4,19347.1,23156,23015.1,18921.6,19492.2,19970.4,18884.2,18060.3,20519.8,21928,22848.9,21430.1,19655,20217.5,22625.6,19475.3,20672.4,18402.9,23469.6,19749,18373.2,22530.7,20858.3,22919.3,21271.9,20821.5,20049.4,21931.5,21318.2,18811.6,20193.7,18851.1,20892.3,24411.8,21124.3,19208.1,20603.9,23224.6,19227.5,21354.3,21221.4,19392.1,23811.2,22864.1,20077.2,23771.5,19167,24270.5,24557.9,19700.7,20233.3,23324.3,20252.5,25016,19378.2,23343.6,25712.2,22035,24732.9,23053.8,22378.2,23911.5,23095.4,23293.7,20128.6,25342.9,20619.2,23427.2,22088.2,21660.4,23841.1,21386.2,19595.8,21364.5,23957.6,24998.9,22469.8,22628.8,21478.1,19700.7,24767.9,24418.5,22562.1,19736.8,23558.9,22587.8,18609.4,21047.6,24461.3,19416.9,18928.4,21882.3,23531.4,25949.9,25097.3,26046.6,19761.6,21495.9,22259.8,19805.8,22798.1,22471.7,18737,20799.6,24355.8,18400.3,22373.7,23086.5,19272.5,19401.9,19797.1,19168.9,19597.2,23564,21077.7,20022.4,16349.4,19176,21956.2,23485.7,21058.7,18674,20255.4,23492.3,22846.6,19469.3,23656.6,20748.3,23920.5,19884.2,24629,21554.9,21879,24390,23379.7,23924,23379.4,22462.4,25830.8,26690.2,20166.1,22573.1,21909,20548.7,21440.4,24704.8,24257.5,20101,20946.6,26423.5,26395,21845.6,21376.6,22405.2,24458.7,20491,23518.9,20375.8,25208.8,23757.5,19964.8,21545.6,22832.2,21140,22210.2,25239.3,24937.1,22249.5,23471.1,22767.1,25719.9,26034.4,25179.3,21769.8,23198,20676.3,21842.8,20250.2,24273.3,21254.5,25662.2,21153.5,23040.1,23895.4,23491.1,19432.7,20742.2,20150.8,23550.4,20732.5,21234.4,21954.9,24760.1,20864.9,19883.7,19843.5,21154.8,22601.4,25024.6,20015.7,22775,20093.8,23491,24255.7,22671.1,20561.7,21395.4,20237.8,25356.9,21834.5,25846,26299.2,21164.4,22260.1,24320.3,24356.9,24567.3,24481.5,26081.8,21750.1,20580,23076.8,25804.4,22852.4,21497.4,24260.1,19972.3,26393.5,25152,22537,23177.4,22643.8,25187.8,24051.3,21729.6,23151.4,25521.6,22374.4,21844.9,24725.1,25314.5,25849.5,20819,19906.7,24012,20805.6,19628,25567.4,22493.6,24971.8,25045.3,24265.2,21538.5,23201.3,21981.8,22334.8,24000.2,21656.7,23726.3,24172.9,23823.7,24279.2,25448.1,21453.5,21502.8,22033.4,24480.8,23520.1,22070.6,25607,23915.4,21753.8,24750.4,22045,23523.3,25320.4,24986.9,23072,22955.8,24379,19813.9,20740.3,21502.2,24626.2,21706.1,25505.3,23930.1,22812.4,23084.4,22205.7,24136.9,23095.7,22196.4,24229.6,19491.8,23798.9,21499.3,23367.7,21987.3,19374.6,24373,25013,18658.9,24278.6,22521.4,22983.2,19633.7,23203.8,22475,22017.6,20929.3,23172.1,21424.7,23252.1,24234.6,19410.8,22990.5,19071.9,18475.7,19080.7,23830.9,18770.8,23036.2,18650,24012.6,20269.2,17650.3,22736.3,22388.8,23034.8,20759.6,21032.7,19971.9,23474.2,20350.4,24796.6,20771.8,22504,19578.8,19650.6,23708,25317.2,21117.5,27973.2,29601,36749.1
31376.7,31262.1,24767.5,22611.3,23687,21290.2,23613.4,21644.1,23677.6,18747.5,23317.4,20686.9,20630.7,18602,23624.6,21527.7,21109.6,19843,19290.3,23230.2,21853.7,24454.8,21255.4,18109.8,18826.3,19665.3,20990.8,22169.4,21569.7,24171.6,20532.1,20852.9,22404.2,24779.4,24660.9,22488.6,22754.8,18768,21415.8,21261.6,21912.5,22678.7,23346.8,19690,23025.7,18795.8,20294,23185.5,22251.2,23038.9,20779.2,24294.3,21291.4,18714.7,20272.7,23967.8,23703.9,23403.6,23165.9,19372.4,22509.4,19280.3,24280.4,19707.1,20931,22535.7,18727.1,19211.5,19991.9,19913.5,20505.7,23170.1,21670,24756,20721.4,22753.7,23873.7,23219.8,23696.3,21393.3,24161.3,20105.1,24533.7,25383.5,24391.7,21466.2,25592.1,23967.2,25697.4,25138.3,21124.4,21866.8,21179.4,20317.9,21271.6,22426.5,19965.6,25119.4,22289.7,23291.7,19151.9,19496.3,23252.1,19538.5,20241.4,21347.8,24171.9,23429.2,19612.1,22573.4,21911.1,24168.1,24033.9,19942.7,18859.7,20442.3,25213.4,22587.2,24360.1,24670.8,20652.1,19234.6,20735.9,23811.9,24785.8,23137.9,23363.1,21247.7,23139.9,22091,19909.7,20793.9,21044.4,21657.8,19490.9,24394.4,18809.9,18473.9,24091,19890.4,23329.2,20249.5,22030.9,21340.7,23037.8,18806.2,24084.2,23709.7,24111.1,22161.3,20269.1,22431.4,18201.8,19846.1,16926.6,21696.6,22689.4,21280.9,22399.2,22473.5,24195.4,24404.2,21924.8,24269,22043.2,24599.3,19901.6,21625.8,22583.8,25196.7,21879.4,20950.9,21144.8,24431.9,20049.4,22346.2,25229.5,22791,26500.7,21053.2,21048.3,21577.2,25408.9,21098.2,24567.8,20414.4,24616.4,22622,23085.8,22968.4,22800.4,25455.6,25319.7,22044.4,23356.5,23285.5,26484.9,22213.1,24628.3,20288.8,26143.4,24880.9,20329.7,26096.4,21462,23617.1,25395.5,22415,24747,21073.4,24788.5,25984.9,24760.8,26424.9,20172.7,24194.9,21216.3,20620.8,23378.3,20992.9,20040.3,25204,25157.5,23757.4,21172.8,19726.2,24187.3,19901.6,22491.8,25861.2,20124.5,20547.2,22936.2,20583.1,20678.1,21017.1,20636.7,24868.3,21630.5,21035.6,20545.3,21501.5,21784.6,19879.9,20282.8,25824,21584.3,24972.2,21650.6,23905.2,20951.7,25547.5,25278,26105.9,21867.6,26975.7,23339.9,20408.3,21154.2,25768.2,23113.6,21334.2,23334.4,26248.6,21468.4,21160.8,26070.4,24519.1,24689.7,25104.5,23413.6,23293.9,26401.6,21216.7,26140.2,25499.2,19918.2,26307.1,21128.8,20956.7,24314.2,23413,25173.9,23917.7,24520.3,25265.1,22619.3,22825.7,24260.8,19108,21531.9,21335.9,24712,19417.3,21907.2,21544.9,21966.5,21507.5,24836.3,22524.6,19520.1,24498.1,22285.8,19874.4,22334.7,20758.5,21930.7,20144.8,19327.5,19454,23113.8,25560.8,19628.7,24838.4,25274.6,21836.9,25405.2,19436.6,24021.5,25274.9,23101.7,24689.9,25586.4,21901.4,23770.8,24308.4,25245.2,25650.8,20841.2,21430.4,19305.1,24936.3,22802.2,24307.7,21716,22236.7,18978.3,22868.5,21409.2,18894.3,21394.6,23303.1,19272.1,23290.8,21738.7,22159,19457.5,22212.9,18624.5,21824.5,23926.5,19635,17953.7,20115.2,23569.1,23732.7,21091.6,23255.6,18640.6,18811.9,23372,20102.1,19210.2,19658.2,18409.9,20033,21089.3,22657.6,22219.2,19961,21910.3,19158.6,22492.2,19267.6,19237.6,23219.4,23702.9,25059.6,19627.3,23128.2,25702.8,26043.7,28516.9,35167.4
34570.3,30244.4,27291.6,27680.3,26442.7,24001.1,19778.1,24114.8,19460.5,19364.7,20026.3,18757.9,22623.5,21251,23431.6,23294.5,20989.1,20004,20240.7,22465.4,20554.2,18238.9,20927.3,23786.7,21770.7,23764.9,18914.9,21611.6,23520.4,20163,20041.4,22719.9,22452.9,20410.5,19226.6,24302.8,23469.8,21844,23262.9,21052.9,19676.3,19103.3,22678.5,22286.7,19582.7,20587.9,18678.3,23629.7,23195.8,19591.7,21394.3,18297.9,20042.1,18834.4,18837.1,21056.4,23170.3,23310.5,18952.6,20846.9,21646.3,21252.9,22734.1,23781.3,23335.3,19629.6,22035.9,22062.1,23630.4,20372.8,19623.1,18803.4,21613.8,20663.5,25104.4,21110.4,24332.1,24949.6,19203.6,19454.3,24191.2,23291.4,21718.5,20005.7,20913.5,20003.8,23725.5,20177.6,21545.1,24782.3,21285,23467.3,21552.4,22969.8,21175.4,21817.6,21205.3,24175.5,21301.3,23425.3,24015.4,24479.1,25445.9,19162.6,21537.4,24735.5,23812.8,19431.1,19336.4,22418.5,23435.1,18981.3,24048.9,19849.3,20567.6,23234.2,20541.4,21117.2,20958.6,21824.3,18911.3,19864.9,18257.7,20858.5,19802.9,21911.6,19750.9,23124.8,25289.3,22709.8,19966,22043.9,23418.3,25782.2,24674,25275,20919.4,18687.7,20551.2,23467.9,19713,20489.2,18749.6,21728,20307.6,19952.9,18764.5,21432,19434.1,24082.4,23444.6,23051.7,22179.1,19894.9,16032.2,22490.3,23199.2,18915,19229.2,20131.5,18776.2,19645.2,18820.5,24691.3,25207.1,23742.6,18952.4,20147.1,20517.2,23534.7,25418.9,21779.1,24490.9,21462.6,23270.5,22807.1,20914.1,23031.2,22342.3,23254.2,21593.5,20114.7,21096.1,24029.9,21164.5,25032.6,21260.7,21791.4,26285.8,25922.2,26364.1,24020.1,20288,20256.6,23844.9,21766.9,21786.1,23940.4,25009,25260.4,23547.9,20586.5,24248.9,24573.7,20268,24623.6,23339,24586.4,23485,23740.2,22407.3,23763.8,22279.6,24247.2,22822.2,25289.3,22041.2,21814.6,22476.7,25992.8,22769.8,19732,24262.4,26027.3,22990.1,23474.2,24032.8,24861.8,25246.8,22339.4,20823.2,21593.2,23236.8,20906.5,21839,19413.7,24390.6,19932.5,20252.1,20776.5,21561.7,21148.4,20117.8,20416,21525.7,20131.8,19727.4,25556.6,22759.1,25011.3,23196.6,25166.3,21496.9,20427,21098.3,22280.6,21398.9,26162.2,24056,22705.6,22553.1,24834.8,20948.2,25498.6,22456.2,20357.1,22645.5,26137.3,24068.7,24367.5,24356.7,20490.5,20300.4,23331.8,20254.7,20966.3,20941.2,23817.2,20136,21182.7,23870.8,24333.4,20810.2,19944.9,22108,21748.8,24728.4,24586.1,25567.3,20638.4,23732,22840,20757.3,20500.2,23118.4,21214.2,25455.5,20175.4,21135,24932.8,25071.5,23993,22656.6,21247,20455.2,23809.8,20968.2,24123.2,18881.6,22919.7,20873.7,22439.9,21031,19794.6,23474.2,23468.5,24497.5,19890,23750.6,25948.9,25841.5,25560.5,22400.8,23788.4,22359.3,25271.3,20537.2,19745.9,20844.8,25033,24598.5,18624.1,24596.4,23100.1,23487.2,21703.6,20015,18509.2,20755.8,21025.8,23060.3,19844.2,20637.2,22769.4,24689.4,24930,20308,19635.5,18002.3,19575.9,23426,24209,23523.4,21527.2,23107.9,20573.5,23617.7,17996,21783.8,20502.6,23373,18662,22070,22866,21219.7,23166.2,23123.2,23219.4,22912,19637.8,19595,23876.3,23143.6,21482,20935.3,22172.3,22980.4,23982.3,23847.3,20616,26439.7,24532.1,29122.9,30540.8
33882.4,28241.4,25055.2,21732.9,20285.3,23682.1,19201.5,19657.2,23586,21348.1,21574.6,19332.4,20921.1,21869.3,19062.1,22794.9,21705.2,20296.6,24510.5,19769.7,18525.5,21717.4,18584.3,19098.7,24011,22476.4,23992.3,23931.3,20605.9,23127.7,19742.3,22901.9,24404.7,18505.5,23444.4,21798.8,18859.3,23623.6,21294,18802.5,19492.4,19601.8,18395.3,18130.4,19623.9,21473.5,21994,23761.6,21037.2,22414.1,20672.1,19090.5,18523.9,22206.4,19172.1,23283.7,20063.2,21792.8,23710.5,23718.8,19134.9,22436.1,20007.7,17865.8,24295.2,21631.7,23372.4,19606.4,22008.3,18684.7,19079.9,21627.7,23466.6,22742.4,24827.2,21942.1,22885.2,23191.5,24270.3,19613.5,20575.9,21727.6,24869.7,25707.4,24522.8,19587.8,20607,24153.8,23797.5,20035.7,23933,25129.1,22850.3,21403.7,23860.5,21404.8,21989.6,25480,19302.6,22260.2,19178.1,21213.3,21663.3,20385.4,21503.1,22334,19501.8,22993.4,24561.8,20478.7,21449.5,23537.6,21498.8,24131.5,22667.8,22033.7,19206.7,24800.6,19580.2,19298.5,22882.7,20884.6,22345.7,20116.1,24271.8,23042.9,21441.7,22226.1,24513.6,20074.9,23343.5,21088.6,25073.2,25651.7,26025.7,21789.2,18957.1,21882.2,21107.3,23712,23173.7,23784.8,20578.5,24412.7,23588.7,24380.3,18810.6,18529.8,21554.2,19255.3,20456.2,22980.5,23474,22623.3,16718.2,18462.2,23918.6,24608.9,20858.9,20739.5,24112.3,21240.2,21336.6,19858,19564.8,18698.7,21309.4,19620.9,25299.9,25106.5,26136,20425.3,24884,22231.5,26154,24493.6,21847.2,23957.8,26161.9,21622.9,24385,22502.8,21796.3,21873,21198.7,22936.1,20012.9,23301.8,23745.9,24806.9,24933.5,25935.4,26465,26591.9,24979.2,22568,26594.7,23013.6,22624.4,20244.8,22257.1,24551.8,22806.3,21146.9,21459.2,20218.9,23339.2,21367.4,24723.9,23332.6,23603.2,23114.3,24996.5,23545.1,24332.4,24395.6,22180,22454.4,21599,24578.6,21907.5,21737.7,22689.5,22469.8,19960.8,26351.6,25620.1,24209.9,24778,22896.4,24831,21689.9,20436.1,22992.3,19929,22322,24708.8,20024.2,20514.9,25242.1,23785.7,26083.5,24492.8,19891.3,23719.2,22443.9,23304.4,21622.4,21426,23344.6,20252.1,25387.2,26313.9,25488.2,23934.8,24327.8,21582.8,22238,20807.6,25659.1,22319.2,19805.4,20898.3,26043.3,24830.2,23925.5,25578.8,22265.3,22130.5,22257.4,19851.9,21312.5,22327.9,22898.4,24720.6,20902.7,19739.3,23069,20343.2,20858.7,25907.4,26108.5,20265.9,21955.6,21486.5,19680.6,19893.9,24620.2,22582.4,20134.7,25267,24832.2,19835.2,23979.4,19442.8,23760.2,24575.8,21667.3,21671.8,22168.2,22169.6,24398.2,21439.1,22946.4,20325,22769.8,19140.1,24691.4,20144.9,25110.2,24399.9,21699.6,23486.8,23347.2,24143.2,20166.9,19343.8,23431.6,23712.4,25782,22386.3,20862.4,21121.6,20749.9,20085.6,25579.6,19696.2,23052.9,20032.7,20854.3,19978.9,18875.4,20329.9,19467.2,24397.1,22480.1,22045.3,24063.4,19365,19699.8,18799,20737.7,21427.3,22900.1,22133.9,24681,22863.1,18242.5,19357,21593.1,18052.2,18116,19856,23367.3,18848.6,19599.7,21521.9,20438.8,18538.9,20595.4,24030.8,21584.3,20263.6,23031,23480.6,18175.2,19641.6,20187.2,23191.3,21188.4,17976,20330.3,22342.2,20154.9,19931.5,19097.4,22961.5,24191.8,22030.6,24938.3,24439.3,24665.8,28659.4,31275.1
35745.3,29211.8,24489.4,24597.7,23562.7,20523.3,22226.5,21697.8,23841.4,22825.8,22537.2,24611.8,22856.3,19248.4,24254.9,21286.9,22991,20842.8,24036.2,20023.7,18946.2,24426.2,19988.6,20948.1,19815.5,21621.5,21573.1,21625.7,22288.7,19048.2,18421.5,18670.3,23529.3,19173,23467.7,22341,18854.9,21196.1,22545.3,23766.9,19664.7,22860.2,19207.6,23407.4,21692.1,23714.9,18542,19222,18431.4,19574,23044.9,21348.8,17980,20988.4,24002,23128.9,19648.5,23432.3,24189.1,24184.3,19966,18974.6,22531.6,20024.6,23566.3,20106,18564.4,21183.3,20273.3,19175.9,24244.5,21322.4,24257.5,19845.6,24611.8,24569.2,25577.2,20625.9,25822.4,24858.1,24705.4,21813.3,19765,20366.1,24455.8,21013.2,21179.4,19408.7,21880.8,19201.5,24615.6,25840.3,23358.1,22255,21644.3,19603,23858.2,22084.3,19817.3,20408.3,25246.9,23208.4,22083.7,23526.4,20000.9,22145.2,24312.8,21599.7,21953.6,21960.5,22242.9,24887.3,21860.2,19059.7,24586.1,21096.9,23018.9,21132.1,20196.1,23224.8,23011.4,22847,23320,24055.6,18476.8,24335.7,19829.8,24958.3,24388,19103,19766.1,19502.2,22588.7,23242.4,20852.5,24919.1,21673.3,24088.5,23550.1,20952.4,22769,19681.9,19968.3,19574.5,20910.7,19713.1,24722.4,20886.8,21067.5,23995,21773.5,23660.4,19097.5,18879.9,20431.2,22678.9,20556.6,21558.4,20881,22963.5,23171.4,20972.2,19184.7,19235,24616.9,22026.7,19246.6,23928.2,19715.6,20448.6,22423.3,24256.8,26191.7,20453.4,22949.2,19795.3,24099.2,20380.8,21066.9,26616.6,24092.3,20217.7,25616.5,22069.3,20779,23468.9,21070.6,26031.7,21272,24782.2,21504.2,22936.6,20598.4,26603.5,21781.6,25364.2,20871.7,22388.3,22586.8,26087.3,21481.1,25744.2,25328.2,25257.5,25052.8,25497.8,26271.7,19858.3,25087.3,21873.2,20571.6,23701.4,20305,26574.5,26524.2,23932.5,23292.8,21034.5,23149.8,20369.1,19521.7,23110.4,20781.9,23009.3,21876.4,21767.7,24075.6,24573.1,21962.3,24676.2,25305.4,23464.1,23524,26120.1,25468.7,19954.7,21174.5,21824.5,20334.4,21957.7,19566.2,23092.7,21606.6,20134.5,19488.3,23862.1,22108.1,22537.3,26186.5,21570.6,23041.8,26154.1,23914.3,21022.6,24366.1,26466.8,22823,22333.8,22071.9,21073.4,21236.6,19732.8,20900,25901,24559,22613.9,24096.1,24208.6,20989.2,22756.8,25477.5,22558.3,25105.4,25055.9,23551.4,24126.3,23738.4,21038.9,23851,26139.2,22563.7,22251.5,24806.4,24777.4,21807.9,24874.3,21971.4,25154.6,24417.1,23788.2,24306.7,25407.2,19373,22414.8,22598.8,25479.1,25384.4,21743.5,24534.3,24409.4,20517.6,24414.2,25103.7,22726.2,19738.5,23657.2,22927,21894.9,21230.8,23704.7,25157,19534,22703.7,20415,23143,19441.8,24572.3,19390.7,24106.5,19295.1,19436.6,22890.4,23807.4,22656.1,24253.3,23039.6,25255.4,21539.7,21010.5,24957.3,23621.7,18567.9,21090.9,18519,22421,19858.1,22251.4,21954.3,19475,21968.1,18280.1,20629.4,19879.8,20565.2,23221.8,18629.3,21861.1,24395.8,23731.6,19925.1,23667.6,21319,21644.5,18585.6,22624.6,19374.3,23560.9,19698.1,17709.4,23423.3,23789,18853.4,19614.6,18351.6,18529.1,19588.4,19586.3,22246.9,21351.1,18525,20492.5,18194.6,19918.1,21431.5,22397,18993.9,19054.5,19002.4,20203.1,22575,20526.2,24685.9,26766.9,31542.2
34482.2,27121.1,24252.8,22249.3,26227.6,21150.8,19652.3,21993.2,22493.7,20319.3,18501.2,24065.7,21695.9,20390.5,18453.1,20222,20658.4,19634.4,24840.3,22869.8,20152.3,23686,24673.6,20098.8,22839.9,19035.9,19192.2,23364.5,22855.5,22893.1,20996.9,20007.5,18433.3,23940.9,24115.7,23611.4,19974.5,20419.6,24394.4,18424.6,22348.1,22154,19382.6,19207.2,19211.4,23377,21399.1,22319.5,20366.1,18794.7,20605.8,22121,18038.6,21149,21517.5,23367.9,24422,18164.9,19747.1,18835.4,18504.5,23552.1,22806.1,23292,20007.3,24225.5,21504.1,20957.9,21822.1,22133.3,23284,22639.8,25209.4,21438.7,19749.7,25194.7,22060.1,19168.4,19310.8,24348.6,19968.8,21291,21251.6,21003.4,21676.3,21040.7,19725.7,20475.3,25615.1,20493.2,22717.7,25876.9,23951.9,22350.5,23035.6,24840.8,23071.3,24959.6,25679.2,21113.4,19966.4,19133.6,20455.1,20708.8,19385.2,21785.2,20448.2,25063.3,23915.8,22183.6,23877.5,20213.3,20652.4,20765.7,22399.1,23176.4,19987.2,24738.4,23185.1,19343.7,19357.2,19393.7,23950.4,20516.3,23081.4,19248.4,18155.6,23090.7,20359.4,24295.3,23368.5,25347.8,20785.8,25330.8,21272.5,25622,21747.9,22282.3,23444.7,24496.8,21669.8,21979.4,21944.7,21339.7,20636.9,23821.1,20735.9,20261.5,22854.8,23336.4,21797.3,21322.2,23506.6,24360,21518.9,24423.4,22365.8,19411.8,23195.7,22852.6,23122.8,23379.2,19947.4,23940.7,22973.9,24372.3,23278.1,19515.9,19955.8,24915.6,21160,24036.1,20154.9,23286.4,26170.9,24478.7,24529,25798.8,25333.5,24277.5,25329.9,24657.2,20698.7,20517,23586.4,24763.3,21569,26350.2,20835.5,24789.9,25619.7,20562.9,23870.7,25491.9,26201.4,21314.9,20816,23144.6,25389.1,26082.6,26166.5,26574.5,21271.3,25336.9,25837.3,25173.2,22534.2,23837,23041.9,24608.1,22331,24714,25320.6,21818.1,22392.3,21048,22561.3,23616.6,20921.2,24826.1,20830.2,24236.5,22609.1,20977.2,23375.7,24378,25244.2,23264.6,25065.3,25103,21785.6,23296.9,20546,20738.4,23083.7,25768.3,25758.2,22097.4,25309,25127.9,24122.3,24937.3,24426.6,20886,20277.9,22549.5,22946.8,20562.5,22993.8,22735.2,25142.2,23585.5,25178.2,20510.5,24281,20802.4,23406.9,24147.3,22330,25156.8,25335,24334.9,20782.2,22053.6,24271.2,21707.2,20089.4,23124.4,25793.1,19920.6,23765.7,23872.6,24805,25114.7,23388.1,20571.2,23893.6,20317.1,26171.7,22760.1,20442.8,24198,21604.9,20502.2,23740.9,25350.7,24852.9,20217.8,23642.8,25380.5,25626.6,20329.1,19178.7,21940.3,24219.4,22702.1,21897.8,20297.9,19405.8,19362.9,20739.1,22120.9,20284.8,21420.6,19108,23325.9,19986.4,25146.5,21062.2,19989.2,21004.3,25317.3,24311.9,19445.3,16963.1,18599.8,19943.2,24983.2,19330.8,20403.9,25113.4,20462,19462.4,22097.8,24464.6,22401.8,20189.8,19945.1,22807,22993.5,19980.1,19653.8,24802.1,19276.6,21047.3,23439.3,23714.5,18425.5,23824.3,18400.3,18814,24417.9,19277.3,23827.9,19331.8,19504.4,22866.7,23388.1,19948,19851.1,20534.3,19711.8,18191.2,17694.9,21163.5,18976,22835.1,23890.5,19857.2,21259.9,21297.7,21834.4,19075.3,21016.8,21574.9,23467.4,19160.8,17403.5,24167.3,18998.4,22042.4,21828.5,22477.8,19793.1,23509.6,24431.9,22604.3,18912.2,18835.3,24747.1,23860,26635.2,26029.4,33869.9
32505.8,30115.8,26039.8,24040.4,23996.3,23711,21433.3,19836.8,24334.1,19302.8,21254.8,22817.7,24259.7,23050.9,19730,20896,21886.8,22071.3,20651.9,18799.8,22977.8,22428.9,24716.5,23100.4,22146.7,24553,22769.6,19268.6,23078.7,23746.2,23325.1,24275.9,23486.6,20437.2,21917.3,19862.8,23024.6,18833.5,23445.4,20465.5,23166.9,24398.3,24320.7,18571.8,24435.8,19349.1,23390.1,21725.9,20696.5,24165.4,18374.7,23049.1,20648.1,19585.5,22758.4,22429.5,23400.5,22651.1,21946,19122,22731.6,22306.4,18931.4,23890.4,18431.5,20908.5,20956.3,23943.2,18958.2,24855.5,24541.4,20894.1,20403.1,24358.8,18947,20278.9,22625.8,24341.9,22687.5,24463.6,22782,23558.5,22380.6,23313.8,19295.6,23203.2,19332.2,22936.4,22402.4,22324.7,19948.8,22459.5,23771.5,21284.2,19364.5,23308.8,23187.7,22211,25490.3,23816.4,20684.3,21563,21604.1,23255,25682,20804.5,24647.5,21320.1,24887.1,20027.8,19831.6,24886.4,25095.3,20652.7,23819,24889,22862.4,22945.8,20690.9,19130.5,21099.3,21666,22186.8,20704.7,24365.7,23370.5,22974.6,24289.1,21937.8,20024.8,21976.5,22328.2,20058.7,21357.2,25344.2,25168.8,24083.8,18872.1,22623.8,24396,22459.5,24417.3,20770.9,18412.7,22886.5,18401.1,21134,21609.4,19682.6,19916.8,21620.9,20557,24626.2,21964.8,19253.7,23035.4,19097,19833.6,21560.8,20384.6,19866.9,24165.9,24172.5,20270.5,24676.4,20046.9,24504.9,21575.2,23163.3,21309,23386.5,26414.7,24949.4,26012.3,21067.1,21720.2,23109.9,21123.7,24523.3,20327.8,22570.6,20905.2,24333.1,23865.7,22702.8,22280.4,22645.7,21709.9,23905.7,24095.2,24099.5,24190.9,24723.8,21285.8,22107.2,22180.2,23850.6,23977.7,25775.6,25588.5,22931.5,22703,20984.2,26168.1,24865.1,24319.5,23234.4,26254.9,26058.2,25767.7,21518.4,21202.6,21143.5,24872.4,23264.5,23460.1,25170.3,22352.1,23506.2,19691.7,22545.7,20375.3,19644.3,21038.6,24976,25522.9,21892,21435.3,20722.2,24797.2,25179,25431.2,24208.2,21938,24797.1,21464.2,22146.6,20569.5,21031.8,24561.1,23883.8,20203.3,23515.5,20336.5,22369.7,24816.6,25163.8,23193.4,26003.5,19946.4,22549.2,24717.1,21150.7,23679.8,24090.2,21654.9,20663.5,25007.4,22221.6,26235.2,26047.5,24155.1,21848,25322.2,22358.3,23450.1,22595.6,23940,25037.2,22590.1,25501.3,20773.9,20464.4,22555.8,23921,25476.8,20673.3,22111.8,24999.7,22790.7,20791,22626.3,25558.5,24978.2,25677.8,25585,23199.4,24321.9,22628.3,23614.4,19501.9,19893.9,24692.3,22216.6,22638.7,23909.6,19650.2,23296.6,20512,24462.6,19710.1,19386.3,20389.1,21727.2,22998.5,24472.2,22774.5,23742.4,23530.4,24326.1,20888.2,25153.5,19676,22685.4,24112.5,21583.2,19475.4,23175.3,21058.9,20684.7,24509.6,21922.4,20211.2,23129.3,19554.2,22520.3,20414.6,25104.8,22617.1,22102.1,24885.9,25551.7,19003,24967.5,21155.1,19277.8,22602.1,22980.8,22571.1,22294.9,23902.3,20497.9,23385.1,22181.9,21778.5,18666.2,21483,21359.3,21995.5,21939.8,22000.8,22484,20907.7,20869.9,21890.9,21961.7,20602.6,20306.5,20546.9,21501.7,18416.3,20138.5,17799.2,20067.6,18138.6,18576.6,21249.6,22934.2,23138.1,21161.5,18444.4,18081.8,23138.6,20311.5,23350.2,20923.1,21595.4,18626.1,20719.4,25041.8,25929.7,24075.9,26346,36156.7
32911.7,26107.1,26474.5,21862.6,26327.8,24464,24409.5,25133.6,23734.6,19640.1,21075.6,20400,18262.8,24154.8,22170.1,24148.4,20025.6,23674.8,19217.8,21899.3,19426.6,21999.9,23641.3,21123.1,22262.6,24793.3,22895.1,23154,23331.5,23278.9,19824.3,20550.4,22193.8,24010.4,24676.9,19947,20225.6,22979.8,21715.9,23378.6,18766,23084,19031.8,22007.4,18912.2,23245.2,22850.6,20069.8,21802,20032.9,23151.5,24110.2,20026,19081.3,21092.6,21376,20401.5,20835.2,20466,21462.3,18998.1,21243.8,24295.5,22542.5,18230.6,21125.7,22815.4,20446.5,24155.9,19024,20007.6,23040.3,21843.4,22378.5,20236.2,22192,19617.5,21874.7,19527.6,20501.1,19938.4,20791.5,21340,23639.4,23588.5,22817.2,25487.2,22786.9,22404.7,20955.9,25352.2,19369,23073.7,21023.1,21755.4,21528.8,22600.9,20919.6,23016,20691,25299.4,22955.6,19351.1,19976.8,20165.9,24374.9,20398.4,22543.1,18957,24785.7,20521.4,25220.1,20568.8,24209.6,25225.9,19010.7,23312.3,19507,19942.5,19864.7,24472.7,23761.8,23435.3,19220.3,20344.1,20491.1,22138.2,22763.7,21053.4,24326.4,19116.4,24098.8,24548.2,23216.4,23252,20745.2,22158.2,20663.1,20471.6,22808.6,18842.6,19615.9,21890.5,22809.4,19672.8,18843.7,20159.9,22873.4,18856.4,18919.9,19514.5,19943.2,18413.6,19800.4,20406.4,23928.7,24540.2,22853.1,22627.4,24930.6,19450.3,20174.2,19955.3,24151,23651.8,21445,19449.7,24623.6,23213.1,25148.9,24701.5,21169,23523.6,26205.2,24178.7,23350,22321.6,22128.5,23545.2,23191.9,25231.8,20139,20910.7,24669.9,20444.5,24774.9,23117.1,23534.7,21944.4,25321.4,24643.9,23432.5,24239.9,22538.2,25845.4,24624.9,23325.2,25431,21037,22796.3,20499.4,26125.5,25769.9,21257.8,21589.3,23227.7,25123.6,25041,22928.3,26446.6,24151.2,24144.7,24961,21299.3,21347.7,25186.1,22266.6,25775.1,20601,24771.8,25182.8,21210.5,25515.7,23482,25406.7,24697.6,20596.6,25672.7,24658.7,20215.8,20707.3,24351,24978.8,20997.2,21922.4,22749.4,21387.8,22740.7,20662.5,20957.4,24323.6,23422.2,22245.9,21025,22350.1,20413,22172.2,22106.9,21496.6,23174.2,23208.4,26006.2,21669.9,25932.3,24497,21454.7,26853.5,23690.1,21158.4,22807.2,24121.8,23843.5,19844.8,26131.1,24567,25831.1,23462.4,21827.4,20345.4,20744.3,19830.1,22920.3,21317.6,22106.9,22650,22482.7,21555.5,24615.1,22015.5,23149.4,22631.5,23675.5,24593.7,23092.7,25643.2,23115.7,22979.7,25216.9,23110.7,25228.4,20942.7,24078.3,24928.4,20275.9,22071.2,22746.1,23502.5,25521,21564,23429.2,20900.7,25489,25648,20988.1,22746.4,20854,22277,23289.3,22364.2,21552.2,21296.7,24271.5,24983.5,24451.1,22295.1,22881.2,21882.1,25727.8,25179.9,23001.4,19369.3,19693.4,18988.5,22156.2,22216.6,25435,20016.1,23505.7,20468.9,22066.9,20157.4,20212.8,23023.1,25239,24453.2,22975.4,21007.6,22663.2,21984,19699.9,22484.8,17800.2,17742.4,23848.3,21096,21052.6,19489.3,20427.9,23467.9,23038.7,20579.9,17862.2,19465.8,22350.9,23322,23383.7,19387.4,21903,22841.9,18335.5,20323.1,17925.4,19931.5,18465.6,17337.1,17697.7,22092.8,21894.7,22908.2,20245.4,20527.2,20788.9,22735.8,18971.6,18758.9,22429.5,20879.9,19245.4,18598,19760.1,20109.4,28963.6,29992.7,32072
32140.9,26731.6,25184.5,23816.4,26585.9,21548.3,19993.2,23197.7,20785.4,19667.7,23709.2,18873.1,21619.3,24040.5,20143.9,19301.8,24680.9,20503.8,21073.2,22853.1,23971.4,18968.7,24792.7,19885.1,21483.6,20213.9,24375,23083.4,18447.1,20027,24873.2,21389.5,19342.8,19429.3,24530.6,24278.2,19130.5,20557.9,24735.8,21532.9,20913.5,18899.4,21874.5,19673.9,23512.5,19134.6,24070.9,23115.7,23602.4,20803.9,23668.4,19124,21304.1,18456.4,22190.6,23130.8,22468.5,21810.9,20373.2,19474.2,22521.1,21379.3,20293.5,20202.5,21130.5,18412.3,22102.2,23198.3,24709.4,22340.3,23271.8,24821.8,23976.6,24743.5,22869.3,20189.8,24918.3,24851.1,22048.1,20414.4,20156.9,20860.2,22089.3,22830.6,20165.8,24388.5,22575.9,19576.7,23481.9,23928.8,19286.8,23938.8,24891.1,19573.5,19346.4,20668.1,22425.5,20516.2,19259.7,24555.7,23182.6,20952.3,20161.7,25269.2,20080.4,21469.1,22939.2,22693.9,25017.2,19118.7,21849.2,19472.6,24569.1,23050.7,19405.6,19204.7,19238.1,24874.5,19516.3,23645.7,22690.2,23485.6,19987.2,22734.9,19077.4,18735.9,18725.5,18529.9,19534.8,22661.7,21560.9,21523.1,25837.2,26160.7,21296.7,25671.2,21554.8,20181.8,20533.9,19551.7,19771.3,19939.7,22318,24226.2,20268,21415.5,21168.2,20936.7,23428.5,22608.7,20234.1,22365.9,23884.2,24526.6,21356,20132.8,23783,21001.3,24411.5,25151.3,22598.9,22062.9,19341.5,19196,19538.6,19035.3,19955.2,23823.4,21796.8,24304,25548.9,24938.9,20123.7,20163.2,22404.6,25907.1,25035.4,21837.6,24270.6,26288,25829.1,22808.4,23812.5,23475.3,26785.6,26434.8,24187,24549.6,20961.7,26819.2,25659.2,25475.5,25102.2,23520.9,24379.2,26946.7,26633.7,24452.1,21173.1,24750.1,22781.3,26101.7,23263.4,23688.7,26066.9,26129.6,20809.5,19990.6,23665.1,23678.8,24599.5,25479.4,20968.4,25175.8,21306.4,26675.8,25241.9,26605.6,23822.1,26128,23657.7,20806.2,20708.5,22298.4,21707.3,26157.1,20061.9,22230.5,22777.4,26110.6,21956.3,19581.2,22730.7,22985.2,24476.7,20534.9,24177.9,24291.1,25012.6,23427.4,20567.4,25142.2,25248,21619.8,23049.4,24322.2,20976.3,20745.9,25079.2,20802.6,20395.4,24444.5,25095.5,20796,20273.4,23728.2,25522.6,23720.9,22014.8,26086.2,20521.1,20434.7,26196.5,24801.3,26023.3,23282.9,20572.5,24980.7,20471.8,20440.4,19804.5,21254.4,24956.3,23343.9,21543.7,24943.4,26465.8,26413,24830.6,23554.2,21225.2,20956.8,21589.8,24596.4,24641.1,25025.2,23581,21088.2,22017.2,21001.6,23862.2,20408.8,23447.4,19851.5,20906.4,20546.6,19650.8,23721.9,19390.3,22385.2,20526.9,22256,25813.9,23937.8,25220.7,22739.1,21383.7,20937.4,18929.1,25390.8,21760.2,20950.6,21152.1,23706,20804.1,24710.3,24884.1,22235.8,24032,19841.1,23712.2,21432.3,24239.4,19800.7,25338.7,19461.1,20424.5,23952.7,24345.7,23746.3,20133.3,24092.7,22788.9,24221.3,20901.1,22748.4,23428.7,24512.6,23121.3,24160.1,21369.8,18564.8,23727.3,20660.9,18498.9,22016.1,23922.2,20986,21981.3,23393.7,20415.1,20777.7,22644.6,23023.3,23438.4,21393.4,19135.7,21525.4,20000,17501.5,19282.6,16830.1,17935.9,18024.1,17931.3,21616.8,22215,20117.1,23361.5,19943,19675,19555.1,18870.3,22544.2,24296.3,20465.4,23850.1,23631.6,19705.5,18983.8,24300.5,23897,29602.8,31883
33223.6,30319.7,24139,22287.4,20779.3,20132.9,23527.5,23667.8,22347.3,24109.8,21260.3,21819.7,23100.3,23856.9,22432.6,18317.4,22219.9,22070.4,21105.3,23349.7,22172.2,24112.2,19108,22482.8,24911.7,24324.8,20504.8,19878.7,21901.7,21818.6,24864,23783.2,21060.2,24391.2,21842.9,23367.5,18973.1,21640,19991.9,22517.3,21987.6,19112.5,22288.2,24151.8,21582.5,21697.6,19641.1,20591.5,23256.1,22834,20029.6,24707.4,21461.1,19024.1,19096.7,24481.9,21609.4,24466.2,21094.6,24241.7,24572.6,20506.8,23862.7,24304.5,21125.5,19297.2,22223.7,23633.5,23702.7,23772.5,20946.7,25069.1,21168.2,24483,22195.9,24441,23550,22254.2,20208.6,20248,21965,25336.9,22383.5,22337.7,23975.1,23737.2,24117.9,20301.7,25454.9,19223.8,22666.9,24699.2,25406.1,20296.6,20569.3,22697.8,21539.4,19265.4,19892.7,25111.6,24846.8,19484.7,24260.5,23917.6,24639.9,20525.9,23565.1,25625.8,21163.9,23387.3,23426.6,20297,23702.8,23519.6,24837.5,20556.4,19653.9,18976.5,25095,19579.3,23788.4,22930.5,23500.6,20903.4,24478.6,19810.5,18676.5,23974.9,20949.1,22435.6,22954.5,19441.6,21444.3,23715.7,22979.3,19474.1,22166.1,21240.2,24470.3,20144.5,20074.6,21170.4,23290.7,24729.1,19164.5,18592.9,20000,19773.6,19513.5,23011,19741.1,19506.8,23044.5,20080.2,18378,21184.9,24235.7,22904.2,23884.9,20816.7,23943.8,24795.3,23061.5,20325.4,20446.7,19669.2,24704,21168.3,19433.5,24481.6,21014.5,22316,21532.4,21374.1,22359.1,21430.4,24467.3,20321,23538.1,24723.7,24413.3,25967.5,22730.1,24852.7,20503.7,23631.6,26239.1,23349.9,25046.6,26346,23464.7,25763.3,24059.3,24665.3,21284.9,25482.3,25879.8,21408.4,20165.9,23678.5,25723,22396.5,20708.9,21430,20907.1,26298.6,22403.1,24355.1,22787.5,21013.8,24586.7,25842.9,26409.7,24379.7,23407.8,26300.1,20617.7,26287.3,20142,22246,23058,22573.4,25471.3,24003.1,23633.7,25804.9,25874.3,20058.8,24441.8,22011.2,19722.6,22105.4,22448.1,22970.2,22576.8,24344.6,23771.9,19532.8,25359.9,20796.8,24983.5,22277.5,23750.9,25476.2,22759.5,22782,19373.6,24847.6,24695.3,23917.1,25539.6,22207.6,22360.2,23700.2,21738.9,26704.3,22437.5,21064.5,20003.2,21336.1,20855.6,24811.4,20963.8,25762.8,24618.5,25674.5,22391.5,21433.8,21797.6,21432.6,21189.8,24676.4,23504.2,22302.2,22865.8,24318.2,23679.5,21424.3,26048.2,22289.1,24356.9,23468.7,21499.4,25496.7,22216.3,19278.8,25153.1,24083,24388.9,24201.1,19492.8,22025.7,21388.5,21754.6,24495.5,24624,24831.5,21277.5,24059.7,25716.6,21948.1,24302.1,21532.8,19207.7,19776.5,19231.5,23214.9,20779.5,22055.1,22874.5,19186.4,21139.8,22455.8,24963.5,19067.1,20085.2,21177.1,23085.3,22269.3,19620.9,20207.6,21555.5,24217.8,20926.1,21116.4,24408.1,21199.1,25307.4,22525.4,25052.9,24695,24036.4,19656.5,23132.2,25415.2,24200.4,21591.1,19953,19779.3,18404.5,22255,19255.7,22209.3,23832.5,19854.4,23383,20691.9,20154.1,23137.3,23253.9,20487.8,22359.9,20386.3,21430,17319.7,20587.4,17571.9,19994.7,20290.5,18271.2,19781,16846.5,21689.8,19453.3,22458.5,22698.2,22388.1,20294,22263.9,18718.6,18845.6,20305.2,17377.7,20515.9,23234.9,19379.8,19736.5,23851.7,22228.1,23473.9,20780.1,23583.5,25343.8,32366
32706,27082.9,28045.8,23187.2,20243.2,22698.2,20123.5,19805.8,23746.7,23731.9,24872.2,21076,20635.6,23938.1,20600.1,19562.4,22855.5,21025.4,19327.4,24602.8,23168.5,22941.2,21555.1,24218.4,19249.3,21251.8,22487.6,20013.7,24071.9,21256,25037,21554.6,20789.3,21968.2,21678.1,22484.9,24217.8,23092.2,20866,21155.6,21064.1,18816.4,18731.1,24121.2,23295.5,24430.1,24606.2,22085.2,24164.2,20311,20241.3,20306.8,22995.2,23918.1,24192.1,22627.2,21360,24071.4,22838.8,20324.3,23269,23960,18650.5,20360.1,19281.6,23719.1,23677.6,24647.5,24614.2,24530.5,21558.8,24829,19859.9,22374.7,25066.3,19768.8,21936.4,25086.2,25064.2,24337.2,19910,19972.5,20368.8,19446,24946.9,20440.7,21531.3,21665.3,20941.7,20848.8,21394.5,22628.2,25783.4,22639.6,20954.4,21810.5,22714.6,24057.5,21154.1,19162.1,21141.3,23356,20209.1,19297.8,22875.6,21274.6,25055.5,22467.6,20946.1,22448.9,20932.5,21936.5,19303.7,21772.9,22948.3,25201,24231.7,18973.1,20918.3,20737.9,19871.2,19963.6,22639.4,23181.5,21088.3,21522.8,25133.8,21941.6,24296.7,25220.5,21435.2,20686.8,23049.4,25360.1,20102.2,23999.5,23704.2,21691.3,22334.3,24658.6,18627.1,23343.1,21401,22272.2,19166.7,19122.6,21945,19155.3,22515.7,22610,24409.2,23184.7,23787,20083.2,18924.4,20759.2,20577.8,24393.9,21699.3,20291.9,25281.8,21069.6,21921.1,24134.7,24325.7,19269.3,21395.6,25437.2,21518,25122,21977.1,21301.8,21705.6,22882.2,23003.8,20277.2,26377.5,21170.2,23263.2,21241.2,22749.7,24024.6,20792.7,24059.2,23210.9,21015.5,21116.6,26886.3,20673,25138.3,21341.1,22438.4,24751,21678.2,25593.2,22113.7,26290.1,23189.1,21046.2,26893.1,22162.4,26456.7,20800.3,25787.8,24533.9,20170.8,20769.1,23188.2,25833.8,22972.8,26802.3,26169,25367.3,26079.5,24683.5,20361.5,22970.1,26397.4,20227.1,22138.4,21011.2,20222.5,26049,23019.1,23596,19986.6,25521.7,26040.3,20026.8,21560,25967.7,23688.9,20160.6,19847.9,22674.1,20223.8,20797,20773.7,24485.5,24812.3,24782.9,22632,23830.2,22578.8,23678.4,23806.1,21939.6,20187.4,20097.4,23562.7,26185.2,20214.4,24619.3,21778.1,25995,24426.2,20401.7,21153.7,25397.8,23612.1,22259.1,21157.9,24754.5,20229.5,22629.2,24438.5,22684,22001,22812.1,19944.8,24173.4,21671,20797.5,21325.7,25961.8,20587.2,23266.2,22986,25920.8,23132.8,22932.5,26174.1,21242.1,23097.9,19673.8,19211,19323.4,19063.4,23574.2,19533.5,25576.7,20675.4,20513.6,23473.8,19990,25255,22025.5,22647.8,22185,21141.7,19904,21887.6,21961.1,22527.1,22658,21227.1,22094.1,20229,21743.9,22004.1,21794.3,23054.9,23106.2,19069,25273.9,22219.8,19074.1,24048.8,22654.8,23744.4,23611.3,24363.7,19982.4,23164,19350.5,23851.2,21614.9,22292.3,21717,24845.6,22235.3,22125.9,19773.3,24620.3,23341.6,20204.7,19954.3,19460.8,24537.5,20607,23407.7,22915.3,24205.9,22189.6,22360.7,19922.7,22263,23776,23253.6,23540.7,21465.7,17244.4,20152.2,22758.8,19642.5,18996.4,19990.4,18603.3,22593.6,18084.8,16692.5,17232.9,16587.3,21375.2,22216.9,22131.2,21822.5,22462,19373.9,19375.5,17372.1,20149.5,24300,23038.8,18555.2,18371.8,23379.3,20285.7,20440.1,24136.1,20482.4,26423.2,26865.4,34981.5
33666.9,26404.5,26728.2,21596.1,20435,20517.8,22202.8,19724.5,23495.3,19550.4,23485.7,20127.9,20943.4,20213.1,24565,24595.5,20873.8,24679.9,22115.5,21853.6,22156.5,22107.1,4735.48,20601.2,22067.4,23117,22118.9,20901.8,19816,24659.1,23672.2,23509,19246.4,22623.9,18678.8,19498,24167.9,22358.1,19275.3,20026.8,24241,18957.8,21795.5,22971.6,18647.5,23315.6,22593.4,23278.1,22550.2,20995.6,21131.8,23158.3,22392.5,21017.2,23288.8,20473,24381.9,20801,21468.2,19941.2,21148.8,18373.9,20004.6,19772.5,20880.3,23385.5,21432.9,24212.8,19195.9,20817.4,23792.7,22382.1,19324.9,19174.8,20096.7,21862.4,21138.3,24805.4,23921.2,24537.6,21466.5,19294.8,22132.9,21780.6,25753.2,23479.7,20636.8,25431,25952,24255.8,19515.9,24976.3,20872,23821.3,24829.2,19663.1,23476.1,20410.1,25451.2,23143.1,22119.4,25437.3,22803.8,25589.7,24988.6,20608.1,23101.8,19025.2,24884.8,25132.5,23191,25064.6,24771.3,19022.6,22342.6,21783.6,18800.9,22592.7,23535.2,19347.7,21342.6,21415.1,20901.6,18932.5,21959.4,20388.9,22817.8,19555.6,19939,22987,23439.8,19990.2,24415.9,22461,23889.9,24768.5,21048.1,22688.1,23219.6,19694.1,22084.8,20290.4,23162.4,22711.1,22742.6,20537.1,21952.7,24002.1,20777.5,23884.8,23765.6,19460.8,23921.6,23629.4,16652.4,24125.6,21543.9,19460.2,24857.5,21541.3,25193.6,22538.4,20424.3,20911.4,20594.1,19295.6,22097.7,20111,25318.4,20634.8,23032.9,21999.7,22803.6,23889.5,23116.4,20451.2,26037.1,25526.5,24078.7,23700.6,25596.9,24262.7,20413.3,24794,25966.7,20805.6,22098.3,21676.2,21945,21847.3,21751.6,24674.3,21950,26609.7,23846.4,23167.9,22184.9,23593.2,23926.8,24895.5,22782.7,25222.1,26229.6,25109.2,25148.2,21635.5,25936.9,22833.4,21602.8,22945.2,22749.8,25580.5,23185,23936.1,20475.5,23085.2,26423.6,20321.6,23557,22460.2,23423.8,25061.5,22847.3,21567.6,25244.9,25953,22972.1,24129.5,21680.8,23107.1,24777.7,22314.9,20404.6,20086,26296,25382,21514,25545.3,20535,25549.3,21193.8,24995.1,19749,25393.9,25123.5,20817.9,19528.8,23326.1,23837.4,20643.5,23774.3,25765.5,21463,25341.8,20778.9,20535.9,22615.6,22511,21601,21956.5,24479.6,24632.1,21506.2,25689.7,22246.1,21352.8,25087.1,23549.1,22857.3,22310.9,21641.2,21903.9,21914.2,25549,25593.9,20738.2,20587.2,26047.2,24263.1,24275.6,21665.2,23048.1,21179.6,21586.9,22379.3,23605.4,22928.7,25264.9,23286.6,20917.5,25319.1,21776.4,21982.8,20399.1,19924.2,22176.7,22776.6,23086.9,19358.2,22499.6,20856.4,24835.2,20102.6,24068.7,24650.3,23827.1,24789.4,23282.8,24442.9,23335.5,21316.5,20993.9,24642,25175.9,23165.6,19815.1,23698.7,22652.4,21001.6,20900.3,24399.7,21709.8,22111.1,23588.5,20208.4,22186.4,22863.5,23451.9,21950,19140.3,21880,19728.4,23263.9,24258.2,24417.6,22321,25439.4,21161.3,20602.8,22439.5,18148.5,20717,23414.5,19042.6,21401.3,23284.8,21536.7,22201.8,18798.2,17886.6,19270.1,19795.3,19046.6,22695.2,17010.9,23351.7,22446,16713.3,22617.1,18190.8,21170.9,16620.6,20787.8,16939.2,18332.3,20970,22683.8,17424.2,18485.4,22908.5,20000,19993.4,21503.1,18508.7,19484.9,21669,24376.8,24282.3,17900.7,19792.6,19820.9,22602.7,31018.7,30265.6
34067.4,31273.5,27926.6,24751.7,22502.6,23128.6,22926.8,19249.3,20636.5,22579.8,23096,23611.8,20809.5,20437.4,19428.3,19216.7,20852.8,23587.2,21689.9,22126,18945.7,24634.3,22705.9,22793.1,20152.7,24823.2,24325.4,18572.6,24015.7,21344.6,23504.6,23070,22711.5,22611.1,23744.5,19497.3,20911.1,20807.6,18985.7,18747.5,20642.3,20168.2,20359.9,21327.3,18580.2,19020.8,24102.6,19470,22633.7,23364.5,20780.4,18598.8,23006.3,21170.2,21322.7,18626.3,22629,18911.2,24471.6,20753.7,22906.5,18889.5,23776,19247.4,20524.8,22647.8,18452.3,19907.3,24927.4,25020,24813.6,19854.3,19722.5,21117.9,19037.1,19148.2,24268.6,21590.3,22446.3,24326.6,25435.8,24665.4,21260.6,20167.4,19636.1,19534,19137.3,21211.3,22404.1,23520.7,20715,24391.5,21267,22437.3,21492.6,25643.5,19671.8,19452.1,20853.7,20118.1,25793,25288.5,20273,25495.7,24558.6,22876.1,19568.5,21661.6,24804.5,21192.6,21283.1,22542.7,23085.3,24331.8,20967.1,24930.4,20236.9,20005.9,24900,20512.7,21729.5,23349.9,19048.5,20563.6,23424.8,22656.1,23760.2,19502.4,19163.2,20702.8,21747.5,23008,25081.8,20947.7,24493.6,23312.5,20907.5,22529.3,21619.7,21158.2,22404.7,23874,22198.9,19435.8,21252.4,19310.4,21440.6,23409,24305.8,22019.5,21806.6,19527.5,20395.2,22366.1,17112.1,23632.2,25108.9,19562.2,21137.1,25171,22014.8,23747.4,21387,20391,19426.6,19930.4,21669.1,21313.9,23391.8,24642.8,20686.7,24081.6,26152.6,24442.3,21201.1,21056.8,23588,21569.5,22259.3,26084.6,26325.2,23955.7,25323.4,23608.5,23602.6,24426.1,22610.8,21363.7,21318.9,24404.4,24140.4,26474.8,21212.7,20823.3,23731.3,21484.7,22672.2,26905.9,25814.8,25757.4,23735.8,23709.7,24146.4,22608.8,22025.6,24173.4,25438.8,21883.4,25294.7,24129.6,26516.9,24369.4,25701.4,22657.5,26314.3,21951,21289,21533.2,21147.8,24411.9,23753,23743.7,21646.3,24006.4,23260.4,25729.5,23621.1,23063.2,26253.5,26568.3,21982.2,23056.9,20648.4,23022.5,20092,24633.8,22256.5,20236.5,21121.7,23281.7,19933.7,20941.7,23639,25876.6,24787.4,24940.6,23556.4,23155.5,22522.5,20561.5,22860.8,25480,22016.8,25479.6,20988.7,26042.2,20912,22704,19902.9,21677.1,19953.7,20794,23726.2,20879.4,21121.9,24712.2,24595.3,22158.7,20820.6,23878.6,21345.3,20604.8,20935.9,22399.1,25787.1,24601.2,21591.4,20767.7,21462.3,21749,23777.8,22263,24476.4,20996.2,23247.9,21556.3,24843.3,24059.9,23375.8,24772.5,19369.3,19420.8,23733.5,24111,19216.6,25420.4,24463.2,22191.4,20254.6,23678.7,20535.4,19244.8,24502,22626.9,22330.3,21507.5,22275.5,24402.4,22749.9,19393.7,25109.6,24219.2,21406.2,22023.5,20772.6,19880,20352.5,25752,19836.3,24574.3,20676.3,25647.6,24111.4,19478.4,22120.9,21371.7,25538.8,25638.1,22530.2,23338.9,19543.9,25006.3,19912.1,24803.9,25121.2,21324.2,25150.1,25523.5,24869.5,19540.5,23157.7,18403.6,22571.4,24568.2,23954,20146,22603.2,19108.7,23339.2,23563.3,17331.9,22426.1,18846.3,19992.9,22952.3,21778.3,21276.5,20993.2,20473.7,22469,18891.5,16249.9,21743.3,18161.3,18369.6,20542.9,18589.3,21027.6,17674.9,23041,17346.2,20578.2,23611.9,18546.7,19817.7,20063.7,23424.7,23292.2,23616.7,19125,23981.3,22864,29082.9,30376.9
31063.6,31990.7,28621.5,23568.3,26324.4,24684.5,25284.8,23349.3,19083.4,23375.1,22687.6,23293.8,24290.1,23408,21581,23496.8,21791.5,23765.7,19316.9,18709.5,22167.4,19148.4,24286.9,22536.5,24147.8,19060.3,22105.8,21707.9,18515.9,19167.1,20861.7,20732.5,19253,24959.1,25058.3,19852.8,19477.5,18866.6,23909.7,23424.3,23664.7,23386,24875.9,23426,24995,24609.9,21949.4,24081.7,19645.3,24307.7,23387.9,24942.8,22865.7,22910.9,20727.6,22891.3,21422.5,22153.6,21063,22942.3,18579.3,22782,22632.1,22291.1,23622.5,21244.9,19047.9,22990.5,22130.2,19729.4,19395.2,20733.3,22740.6,20456.7,21257.8,23162.9,23202.8,19954.5,22744.1,20091,24516.6,20723.1,20648.6,22816.4,23887.7,20352.9,20747,19781.4,22743,19935,24755.2,22591.3,20577.5,20047.6,20236.8,23886.7,21321.8,24317.8,21576.8,22441.4,19600.8,24932.1,25433.2,23752.6,24013.1,19310.2,24252.6,22040.1,23698.9,19960.2,24186.8,20488.4,25735.9,25489,24905.8,21800.6,24853.1,24925.1,24690.4,24246.7,22656,21525.9,25072.8,24606.7,24737.2,21352,20780.7,22230.7,24786.5,20132,24664.3,22379.4,22004.6,23493.6,26292.8,21565.6,22229.1,19341.7,21565.8,24642.2,19560.4,24464.7,23995.3,20177.4,22365.1,19720.8,20548.5,23631,20991,25095.5,21342.6,23209.5,21505.9,23923.6,20762.9,22071.9,20152.7,24926,23177,20001.8,22700.4,22957.6,19433.1,19999,22737.6,20892.9,21182,20636.1,20529.6,22789.2,20823.1,23372.8,25396,25582.2,21102.6,23134.2,26583.2,21188.8,25489.1,25128.8,22105.9,24179.8,26568.9,26865.2,26126.3,25731.9,25420.2,27023.3,23229.6,20670.9,22503.4,21348.1,25921.9,20915.4,23079.6,25449.4,23299.6,25809.5,21427.6,27005.7,25005.7,26163.7,23081.8,21430.1,23554.6,25996.9,24775.6,24539.2,20622.1,22938.1,21776.4,22910.6,25158.4,26072.2,21451.1,25227.6,26469.3,26202.5,22321.5,25943.3,22512,22020.3,24146.2,25337.9,20481,22848.3,24261.5,25433.4,21127.3,20875.5,22214,22479.4,25566.1,24256.4,21765.1,23126.7,25054.9,20858.7,20468.8,20214.6,20782.4,20810.5,23581.5,24510.9,23826,23503.7,24970.2,25443.9,23635.6,21971.1,20861.8,23315.1,23550.6,22029.9,23685.8,24950.5,22178.9,23961.4,22745.2,25574.8,21272,24467.9,22522.1,19853.6,25053.7,24198.6,24152.2,22628,22031.9,22141.5,22329.9,24993.3,21802.4,21439.1,25908.6,22605.4,24552,23839.9,21939,25200.9,21860.2,23558.6,19486.6,21738.9,20591.8,19573.6,25540.3,23167.6,25669.1,23157.6,20132.1,20239.8,21092,22770.9,22764.6,23255.5,22905,21995.6,20686.3,21729.9,21486,22477.2,20063.1,22730.4,19170.1,24392.8,24710.9,18809.1,22434.2,24096.7,25287.8,24344.1,19180.2,21418.2,23668.3,19830.8,24279.2,23463.2,22516.7,21718.7,20589.5,22618.8,23575.5,20946.7,22727.8,23763.6,20171.4,25889.9,21865.5,25240.3,21578.5,21762.1,22075.7,25833.8,19425.8,19407.1,19381.8,24537.5,20338.2,20221.1,18908.2,20842.2,23162.1,19835.8,20161.4,21683.9,22165.7,18329.3,18320,22551.8,20067.8,18759.6,18092.4,20627.6,16760.2,21696.1,19853.8,18806.4,16563.5,19129.5,22129.1,19460.2,16528.1,16611,15877,21607.6,16074.5,21193.2,16558.7,21867.7,20441.2,19243.3,23184.6,18943,20015.3,18615,22619,23760.7,19360,22452,24895.2,23399.2,29829.7,36521.9
35685.5,27039.8,27284.8,21380.4,20632.4,21299.8,21963.2,21887,23665.1,18734.5,23338.1,21662.5,23249.7,24181.8,24956.2,21277.2,21744.5,20515.7,24424,24947.1,21335,23055.8,18756.6,24880.4,21442,21092.5,19909,22677.4,18742.2,21777.6,19148.6,20652.1,20494,18923.5,23197.2,22114.3,24640.9,22246.2,23893.4,22013.1,22168.1,18897.9,19725.9,24489.5,23663,23793,21492.7,22507.7,22008.7,22580.4,22511.6,21374.2,23739.7,23249.1,24102.3,24010,19970.3,22820.3,24273.3,19977.8,20033.1,24467.5,24073.5,19899.7,22423.1,19964,20979.7,20901.9,24203.8,25119.1,24023.2,21137,21618.5,23490.8,20978.3,20334.7,24802.3,21766.6,19237.1,23181.3,21003.8,25542.6,25001.2,22117.1,20247,20939,21890.4,25149.2,24420.2,21904.2,23117.1,21180.7,21888.1,23869.9,22064,25092.4,23845.8,25790.8,25299.5,25326.6,20668.1,23635.6,24656.7,20912.2,25080,22888.7,24064.4,20414.1,20751,25063.5,19127.4,19044.3,20138,21851.7,20189.8,25367.9,24110.2,19707.2,24853.9,19931,25292.6,19497.2,23777.5,23519.8,19858,21179.5,22514.2,20834.6,24931.5,23571.9,24640.3,21225.2,25099.9,24570.8,24853.8,26148.8,23802.5,23070,22936.6,18795.7,22715.2,19300.5,19126.4,24896,24859.7,24857.8,24322.8,24370.3,24211.6,20893.9,20009.6,24644.6,24562.1,24235.1,20295.1,20355.3,25194.5,23469.1,24761,24033.3,22855.9,25056.8,22108.5,25144.1,19963,24932.7,23666.4,20810.8,24326.5,23968.5,23408.5,25907.3,22782.6,23451.4,20303.3,22928.9,23564.2,26471.8,26505.5,23972.1,21752.6,25049.3,26603.2,25789.5,26034.5,25596.9,23979.6,24005.9,26887.7,24900.9,24504.5,23946,23989.5,25325.9,26987,26073.1,25197.9,26239.7,21110.2,22946.4,25719.8,21564.1,25657.3,27130.7,23350.4,26699.8,22257.8,25111.2,21714,22494.7,26729,21157.7,22353.2,23154.3,23560.2,23457.1,23789.9,24981.1,22042.4,22870.1,22102.6,24599.5,24875,21150.8,24354.6,19845.4,25898.7,25619.2,20996.8,24461.2,20224,21765,23538.7,25765.9,24338.1,23727.6,24023,23748.3,22328.1,26401.3,20221.8,25594.1,25903.2,20690.9,22221.5,23424.9,23961.3,24982.2,20090.9,23748.9,23806.4,22690.1,20051.3,21915.5,22752.3,25811.8,26745.6,20934,21025.7,24616.3,19888.5,25656.2,25964.7,25922.3,25618.8,20639.7,23457,20630.6,24480.2,24902.9,25568.6,26426.2,25724.7,23438.3,23262.7,22251.8,21851.2,23623.6,23008.8,20273.2,22610.9,22092.7,20377.2,21317.8,19610.8,21360.4,22221.9,22999.6,22918.2,20069,24805.3,19473.2,23091.7,21749.9,24149.4,24051.5,24680.2,23277.5,24493.5,25233,23702.8,20644.9,20199.2,19971.8,24920.1,24278.9,23418.1,18883,25044.3,25316.4,24816.8,24272.3,19062.1,19447.2,21872.1,22632.2,23535.4,21805.7,24064.4,20502.1,20356.7,25766.1,19940.4,19892.9,19508.3,25221.1,24648.5,25754.5,24637.4,19746.5,23656.3,20658.7,20188.7,24287,24231.6,22930.2,21495.3,22265.5,21521.7,25327.7,22952.7,18849.2,19539.8,23425.1,22434.4,22501.7,18404.1,24158.8,19632.4,20241,22636,18815.5,23034.8,20100,18853.8,20351.6,19109.8,20901,16965.1,21274.7,17913.9,17864.9,20818.4,18668.5,19667,17783.3,16296.4,20618.1,21392.4,18739.9,20215.4,22938.9,18545.4,18994.7,19936.1,17670.3,22157.4,17806.8,19733.2,22908.1,25578.5,26491,27614.4,36220.9
36232.7,30493.5,25027.7,26187.3,24728.2,22356.3,21486,21658.3,24020.6,22344.9,19023,20452.4,24354.5,21513.7,24694.5,19520.1,20356.9,24070.8,21322.2,24283.5,23195,21878.5,22181,23979.5,24825,20562.3,21249,23039.6,22465.7,20278.9,22616,20694,22183.1,19269.6,19034,24332,19493.9,21323.1,21830.2,24163.5,21718.6,19807.3,24051.7,19701.4,21976.9,24602.3,22456.5,21025.4,24197.3,21072.2,23013.6,21030.9,25258.7,24435.3,21210.5,19643.4,21644.9,23958,22696.4,22377.9,19301.2,24631.1,24726,24662.3,19415.4,18498.4,20543.3,20932.7,24382.6,24317.7,19383.8,20595.3,24027.7,24716.3,20567.3,19972.8,19031.9,21854.4,22088.5,20945.8,22109.8,24689.5,20654.3,20221.7,20559.8,22808.1,24851.6,23886.7,22472.9,20867.4,20995.6,21537.1,20209.9,22355,23681.9,22372.6,23547.5,22891.9,20869.7,19774.6,21845.3,25418.7,20895.3,21028.8,21426.3,23105.5,22873.7,23194.3,22829.8,22539.5,21377.9,21519.2,24400,19194,23634.7,23007.9,19947.5,22639,24581.6,20318.1,19223.6,20827.1,20153.9,23433.4,23512.6,24908.5,21187.3,19448.5,24397.8,20224.2,22233.3,24047.2,24801,26121.1,20116.5,25387.3,22482.9,23496,18947.5,24197.3,21052.4,19404.8,23469.4,21184.3,22614.8,21499,23781.3,22075.7,20312.3,19116.5,21882.1,20484.6,20581.9,23644.2,21682.5,21229.1,24620.5,23014.2,22570.8,20983.1,20119.9,23268.1,24227.4,24485.6,24877.3,24311.3,24008.8,21241.2,20523.8,25114.8,21795.3,24424.7,23622.6,20610,21558.1,22150.2,23519,23438.7,24506,23402.1,25717.3,24256.1,22387.4,26151.4,24867.7,21800.2,23930.2,26614.9,21752.7,22677.1,27135.7,23803,22151.1,21175.7,21555.6,21052.7,26811.6,24685.6,23672,24407.6,22460.9,24518.5,22489.9,25662.3,21622.9,26601.1,25539.8,24313.5,24990.7,26244.5,25106.5,25472.7,23901.3,26037.8,23283.9,26289,21370.2,25756.8,25333,24497.4,26421.3,24189.3,24625.4,25850.2,26134.6,20166.9,21746.8,22127.7,22997.6,26248.9,25819.6,26290.9,22132.4,24621.9,24277.7,24027.7,22992,25331.7,20044.5,21634.5,26144.9,21459.6,24540.2,23492.4,24251,21583.2,21659.6,24914.1,25858.7,25457.1,24465.6,24279.3,26676.6,25479.8,23114.3,24148,26538.6,24126.9,25010.5,21240.4,25272.4,21709.5,26247,25266.8,21225.8,21912.1,22774.6,24853.8,20781.3,20893.5,25041.3,20965.4,25302.4,21896.4,26324.3,25352.5,25418.7,22889.8,24164.3,23960.7,19626.2,20608.9,22498.1,23794.8,22486.1,23458.5,24944.8,24686.8,24792.3,24857.5,25543,21867.6,20153.9,20380.3,19452.1,23554.3,19199.7,25236,22899.6,21318.4,20640,21856.2,24805.8,22417,25540.1,24556.5,21061.7,20345,22557.5,24374,21131,24415.1,22071.3,22918.8,21523,22912.4,21506,20440.1,20258.8,24713.3,22695.9,24332.7,20361.3,25416.8,25104.9,23900.6,22895.6,26131.2,20144.6,19189,24550.5,19114.8,21385.2,24710.8,21107.2,25501.7,20882.2,21324,20083.1,23296.7,21283.7,21676.5,24039,20870.1,25306.5,22958.7,22802.6,19253.6,22851.3,20722.9,19526.9,23574.5,17110.4,19873.6,18236.2,19080.4,17424.2,18496.2,17700.8,17141.9,16502.5,17149.8,21633.6,18520.7,18495.9,16508,17822.3,21182.6,19010.9,19083.6,17472.4,19329.4,17831.3,20229.6,17288.6,20987.9,23512.7,20571.2,23504.7,18608.2,23524.3,24228.7,30156.1,33435.6
36569.3,28602.9,23651.6,24683.4,23232.3,20730.4,22253.3,21510.1,24437.7,23213.2,18688.5,19094.9,24049.9,24123.3,18959,24955.7,25015.2,19450.9,24242.5,19261.2,23660.2,22246,25034,19646.3,20095.2,24831.5,20581.2,24725.3,23881.7,22899,21403.7,19727.4,22067.1,24799.7,19775.3,22523.1,23802.7,19264.2,22744.9,24771.3,24380.9,18954.9,24203.7,20103.8,19619.9,25101.4,21108.6,21445.8,23005,20944.9,20737.2,21023,22812.9,24735.3,23878.7,23887.8,20469.6,21180.3,22488.2,20874.8,20528.8,25027,24779,20536.4,20155.6,18902.9,22952.9,21612.6,21051.8,21473.2,21450.3,20790.9,23748.8,23634.1,19699.4,22250.8,24939.5,24313.7,20509.8,19328,24131.6,24107.4,22474.3,22254.4,20593.7,19407.1,21091.2,21943,20501.7,25004.1,23415.1,20837.3,25358,21395.4,25722.4,24606.6,20489.7,22056.6,22028,25202.8,19961.9,22799.5,24444.1,21719.4,25076.6,21689.4,25114.9,21759,21698.5,20090.8,24560.7,19722.4,20608,21006.8,23629.8,25703.7,20000.8,20546.8,21321.9,20950.8,20645.1,21229.4,24054.9,22747.3,21079.9,19400.4,19904.9,21522.5,23957.6,23115.4,22286.3,25111,24503.3,25336.3,24937.1,25379.3,21922,20772.7,19528.1,20546.9,19867.6,20023.3,21514.3,25133.5,21548.3,19820,23901.7,19191.7,22455.3,24371.6,22942.5,20364,23883.8,20168.4,21782.6,21000.2,21793,24016.6,25069.2,25541.3,24762,21140.9,24699.6,22972.8,22204.3,22501.4,25674,25857.1,21912.8,25138.2,20517.4,23570.6,23366,20681,22990.3,20399.8,22660.5,22932.5,26002.2,22401.8,22901.7,23753.9,24029.2,26516.1,23554.1,22178.2,24367.4,21575.7,21177.6,26261.7,26978.6,21772.4,20828.5,25056.7,26886.5,20804,20950.9,27210.7,23742.5,22096.7,23213.1,23525,23429.8,21306.8,26850.6,21971.2,25244.8,23273.3,26267.9,22729.5,25973.5,23300.7,22070,27148.9,26887.7,26342,24542.1,26849.4,21850.8,21762.3,21700.8,23264.1,22959.6,20024.4,24764.3,26126.5,26639,26495.7,24942,24978.1,24292.4,25265.2,25953.8,23105.3,24935.5,22859,25825.6,24816.7,20119.5,23772.8,21844.5,21569.8,25333.5,21709.2,21278.6,24304.4,19779.1,24098.5,22735.7,22319.1,25929.1,23440.8,25661.9,25625.6,22794.9,27163,25471.9,23666.2,25394.9,21372.3,20925.9,24157.2,24233.5,24351.8,25225.4,23045,22014,20077.1,20849.4,20001.2,21832.7,24978.9,21494.5,25577.7,24037.4,20395.9,25395.1,25913.5,25639.6,24461.9,20527.9,25675.5,22817.9,20145,20388.7,24978.6,22862.4,23566.3,19691.5,24229.5,24434.2,24600.9,22099.8,21856.5,20804.8,23716.7,23934.2,23412.6,22099.9,23226.3,20085.8,23943.5,23738,23057.1,20866.9,22590.3,23522.7,20671.8,22317.7,22557.7,18936.3,20585.1,23936.3,25317.5,22416.2,23583.8,25502.7,21462,21981.5,23928.3,21150,19826.7,24712.7,25758,23770.3,24504.5,19845.1,20297.9,21111.1,22601.4,21386.2,20340,22601.5,20027.1,21999.6,19718.6,22230.3,25446.4,22614.7,23536.7,19871.9,21866.5,22891.1,23921.2,20773.7,21053.3,21678.4,22399,23824.5,23694.6,22961.2,20002.5,21589.5,23342.1,16769.8,18091,20638.4,18299.9,18890.9,16987.6,21220.5,19183.9,16325.4,16516.3,17540.5,21200.9,16550.3,21725.4,16314.6,19466.9,18416.8,18382.1,21509.1,18836.4,22761.7,19593.6,22725.7,18444.7,18698.3,18949,24939.5,22517.8,31045.1,33782.9
34924.1,30503,28979,24909.7,26922.2,22900.2,24342.5,22272,22432.7,24950.2,18681.6,22313.9,24868.8,24350,19731.6,19707.8,22628.7,25258.6,22200.8,19015.1,25412.7,21334.7,23364.4,23065.8,23812.5,25218.3,23584.2,21971.6,23697.7,9522.03,24142.3,23926.4,21077,22321.1,20598.5,24006.7,22058.5,21914.3,23541.2,23081.8,19675.3,22888.4,21974.7,20858.6,24913,22167.9,19770.9,20081.7,21187.6,24720.2,22435.2,24584.9,22777.7,19707.5,20598.3,25091.1,20220.9,24646.5,21180.8,19198.6,21022.8,23272.7,18865.1,20484.7,23793.9,24514.5,25217.6,20636.6,20314.5,23143.5,20776.2,20451.8,21666.1,22325,25054.1,23430.5,20991.9,21083.2,26123.4,22193,20220.9,19995.9,21087.4,21846,19469.4,22414,24933.3,21001.9,23136.8,23477.7,23007.9,24901.8,23502.2,25012.3,22660,23450.7,19955.2,23593.5,24097.3,25859.7,22719.5,19745.4,21410,21180.9,22062.4,24097.5,21636.4,24171.4,21430.3,25295.3,20564.9,24294.5,23448.7,24961.9,22885.2,24966.2,21736.9,19760.5,20346.2,22144.3,25154.9,24673,24352.8,25250.9,22519.6,22146.4,20876.5,22563.3,24833.1,22308.7,21672.8,21181,24535.1,26794.8,22396.3,24739.3,21024.6,22063.3,21963.2,21237.6,20392.5,23489.6,19610.2,23245.6,20953.9,24572.3,25120.4,24727.5,22522.8,21398.6,25822.9,24025.2,24575.7,19365.5,18100.2,23508.1,19964.2,21177.2,19822.6,24253.4,26127.7,25184.6,19444.8,19974.4,23283.7,26137.7,22674.6,22355.2,26211.2,24778.1,25349.8,21958.7,22600.6,25007.6,25985.6,22459.1,21150.4,25541.4,22857.1,25932,25346,20991.7,26833.4,21332.3,24490,26412.2,22179.3,25838.5,26579.6,26482.1,22817.9,22351.2,26648,21401,22183.1,23182.2,24334.1,22905.4,24025.4,25211.3,25810.6,25016.1,22647.6,22838,27130.7,21212.8,22206.4,26805,21870.3,25071.2,26853.8,24297.8,23132.3,22310.8,24308.6,23806.6,25298.5,23545.1,22428,23049,26761.6,24826.5,25846.9,20557.8,24483.8,23812.4,24887.1,23599.4,25950.3,23935.5,20541.1,22088,25614,24277.3,22703.2,26041.7,21834.4,25235.7,24401.3,26596.5,23392.1,21972,23993.9,21906.2,20338.1,25253.9,25737.1,26391.5,26051.3,23825.3,24484.6,23585.7,20510.7,22933.5,23490.7,23362.1,23754.8,21383.3,20353.7,23671.1,23152.7,21733.9,24921.9,26645.3,22954.5,25493.7,24552.3,22347,25033.9,25542.6,26302.6,25715.7,22375.7,26328.9,24182.2,23805.3,24859.4,24553.9,24845.9,22518.6,22149.4,26402.4,23897.8,23058.8,21648.9,25011.1,24209.4,25209.3,20903.9,23438.9,25781.2,24020,20396.4,20561.7,25869.6,20349.4,26045.8,20484,25388.6,24050.9,23265.6,24044.9,21619.1,24914.8,20868,20127.5,24157.1,23988.3,24299,24912.8,23272.1,19744.7,24942.9,19603.9,22144,21762.5,19451.8,21791.1,21526.4,22959.3,22602.7,20124.4,21880.2,20937.5,25236.4,20633.1,19950.1,23589.2,21129.6,22053.1,25175.4,20915.9,23016.2,24633.6,25056.8,19855.7,24854.6,22272.1,24683.6,22323.4,23482.3,19511.5,24343.2,20200,22817.8,22333.9,21915.2,21935.8,24575.8,18351.7,17874.8,23175.7,22681,23185.7,22947.9,22459.4,18662,17575.2,16502.4,22722.8,19359.8,17620,21968.1,16950,19999.2,18734.3,16118.7,18758.4,20195.4,17891.8,21620.9,20671.2,16680.8,17512.7,22806.1,18810.4,19100.7,22381,21129.9,18650.5,24349.4,22367.7,25492.5,35660
36262.9,29619.5,29572.6,22404.9,26942.5,21164.6,22285,24121.8,25543.8,23932.1,19028.7,22480.3,20412.3,23620.8,20122.2,20157,22630.7,25036.2,22786.6,19505.3,20137.7,20139.7,19664.1,25089.1,20389.9,25794,22882.2,22346.6,20274.7,20853.4,24061.2,24867.9,20571.3,21726,23569.6,25219.7,22139.8,24056.9,24775.7,25879.1,21872.5,19386.7,21605.6,23142.1,25783.1,19656.2,25652.5,19550.7,19983.2,22741.1,19549.5,25317.9,22437,19755.4,22842,21173.9,23621,22818.6,21706.4,21032.3,20049.2,19649.7,22693.2,25495.1,23478.7,23596.4,22919.3,25826.1,24214,22350.6,25888.3,22297.8,25013.1,22134.8,22463.5,21716.2,23965.4,20594.1,23298.7,21636.5,25187.2,22493.3,21024,21096,21507.5,22682.6,21834.2,25065,20703.6,22074.1,25520.5,22901.6,22235,26244,25344.3,20415.8,22396.9,25470.1,26491.1,20364.3,24272.9,24159.2,20157.2,20895.2,22408.2,22211.7,20098.5,25727.6,23218.2,21908.4,20371.2,20842.2,22448.7,26179.4,21449,20655.4,22661.2,24470.1,20540.4,20674.4,26065.4,20303.1,21319.5,20375.2,24896.4,23884.2,20078,19375.7,23773.7,20815.2,25570.1,23430.5,26671.3,24183.7,25428.2,21761.2,21500.2,21392.8,25206.3,22635.5,24690.9,23206.1,23241.9,22260.3,21274.5,22377.5,24255.9,21481.5,25425.1,22189,24212.5,21328.6,25722.9,25250.1,21324.3,20898.1,22878.2,24991.6,23472.7,21486.4,24405.3,25709,21186.9,22929.7,23271.3,21540.9,25465.5,20622.2,24789.4,25841.1,25771.3,22337,22403.8,24332.5,21228.9,24749.7,26908.5,26003.5,25664.1,24172.4,27149.7,26572,25558,24436.3,26346.7,25139.4,22182.4,23659.2,23796.3,23366.3,22319.7,23440,23085.6,25825.7,22453.7,24631.3,24191.4,21665.8,22720.8,25670.6,23885.3,25159.1,24185.1,27703.9,27149.8,26525.6,21822.3,26018.5,21538,23948.8,24863.5,23103.9,23114.9,25047.7,26232.9,24354.6,26407.1,22721,20809.8,26126.8,24573.5,21813.2,26377.8,25735,21441.9,22623,25205.4,24475.2,23253.5,26673.9,25450.9,24293.4,23798.6,20695.4,22444.2,21070.4,22129.1,25767.2,24210.7,21264.5,22381.7,26378.4,23254.1,26945,22846.3,20574.8,21804.1,23763.5,27117.4,21467.6,25862.3,26055.3,21239.5,23647.8,26395,22670.1,26197.5,25922.6,26126.1,26588.1,22727.6,26084.1,23887.6,26719.7,24030.1,26229.8,23688.6,23295.7,21728.2,23563.3,26452.6,21971.4,26778,22683.3,24417.8,22167.9,24416.6,25183.8,21923.1,25284.5,24910.2,27095.4,26232.6,23817.9,21625.3,23765.7,25891.9,24249.1,24713.8,19992,24056.7,23596.7,21104.1,21807,23639.3,23978.2,23846.6,23786,25346.6,21453.8,20395.8,24888.5,23785.4,20685.6,23330.4,25710.6,24327.7,20551.8,20243.3,25860,21209,21879.1,24623.2,25334.2,21501.8,22334.9,24511.8,24414.3,25326.4,24186.9,20653.3,21665.2,21422.8,25349.7,26384.7,25410.6,25995.5,24495.4,25311.2,26146.8,23156.9,25284.7,25538.6,24323.3,25027.8,26374.6,20850.3,20643.9,22214.3,23127.4,19461.3,21264.6,23384.3,24274.3,23722,19129.8,21824.1,19341.1,24232.3,23104.6,21428.9,22824.4,24089.4,20297.9,20811.6,17694.1,23331.5,20610.2,22584.1,17306.2,19454.4,20548,18011.4,22310.2,22301,20040.5,21420.6,20274.8,21175.3,19523.1,22257.9,21402.3,17400.9,20098.2,23050.8,16909.8,22719.9,21157.7,18139.7,22300.6,21551.9,25897.8,28395.6,34178.6
32426.8,29740.7,28711.9,22177.4,21945.6,25582.4,23849.7,23068.7,21172.6,20086.3,20922.8,24355.1,25442.6,21042,21095.2,24391.8,23949.9,25952.8,21716.3,23157.7,25031.1,21387.8,20700.5,25825.4,24662.9,25406.9,23679.1,23327.5,21859.5,22909.4,25169.1,25409.3,22126.7,20460.3,24047.7,23463.6,25711.7,25974.2,25801.7,20547.3,24143.3,24934.3,23187.3,24697.4,20148.3,21542.7,24656.5,25935,22030.3,24691.4,22415.7,23036.4,20612.9,22378.6,22683.9,20077.9,22459.3,22607.9,21808.8,23758,25063.5,22489.8,24560.8,25174.2,21620.6,25250.7,26037,20499.8,25118.3,19966.7,23995.2,25731.5,21164.1,25458.7,26544,26257,22842.2,26117.4,24573.5,24494.9,23813,22687.1,21942.3,20579.1,26432.2,24765.2,24696.6,26107.9,25033.7,21627.1,20504.3,20662.3,25025.1,25743.9,23323.2,22125.5,27189.6,21414.6,23708.4,20802.9,21504.6,26879.2,22751.1,21453.1,21197.7,24118.7,22754.8,24570.4,26926.1,24412.2,22570.2,24916.8,22605.8,20602.5,22078.7,24248.5,26405,20876.4,24151.8,20485.9,21269.8,20111.2,26420.4,25580.9,26450.4,26674.2,21876.8,21269.7,20933.9,26422,23218.9,25257.4,27198.3,22226.9,25204.7,24872.6,25152.3,24435.1,21939.4,21950.3,20995.2,22683,20805.8,25850.7,25420.5,20365.4,22976.2,25336.5,22383.6,23496.2,23127.5,22570.7,21011.2,24484.3,21493.6,22371.1,21329.4,24394.6,25546.5,25226.5,21231.1,24598.2,21675.2,22556.7,24456.4,23328.9,20684,24509.4,26715.8,21661.2,25120.7,27241.1,23109.5,21632.5,21479.2,23307.8,27688.8,23539.1,24566.8,21478.1,21454.8,27210.7,22614.3,27326.8,24116.1,25139.2,22207.1,26328.6,26881.2,26077,23866.3,22445.3,23087.4,27213,22701.9,28235.4,23471.2,25562.1,22272.2,22426.4,23284.6,26982.6,23093.2,24261.8,22685.7,21739.3,23278.6,21469.1,24786.5,25822.9,22979.9,23037.2,22533.8,22945.3,27579.6,26296.7,25529.1,21602.3,27670.2,24477.6,24490.8,26737.5,22849.8,22246.8,24836.8,25848.5,26954.9,21742.3,23342,21675.3,27330,25823.3,26599,26192.5,23803.7,23680.3,26053.7,26893.1,21622.5,24498.2,23048.9,21138.9,24565.9,22534.6,22976.9,21686.7,23207.8,24179.6,23495.2,24089.9,26028.9,25285.4,22701.6,21998.4,24647.9,21961.6,27987.2,21992.9,27441.1,25660.5,21509.9,27507.2,27187,23229.5,25654.1,22812.8,21334.5,24553.4,22221.3,22811.8,23924.6,23381.7,22209.9,21720.5,23556,26845,23073.2,25689.8,21238.9,26752.8,21168.3,26199.4,20730.4,22124,24106.3,23142.6,20978.2,26323.2,20743.9,20357.4,21716.9,21732,22510.4,21316.1,20289.6,24956.4,20441.8,26106.3,22641.3,23964.8,25012.1,25073.3,22567.9,26486.2,21299.1,26688.7,21475,24903.3,26268.4,26055.4,20013.3,20110.9,19998.7,25952.8,21924.8,21540.9,22770,26495.1,20632,23147.8,21822.4,22936.8,25256,23386.9,22132.3,24339.2,23690.9,25575.6,25646.6,24007.9,20104,24259.4,24607.6,20566.1,24594.8,24601,21478.5,21513.6,22049.6,20713.2,23430.2,24452.4,20491.4,25343,25516.8,25271.5,20807.9,19669.7,21886.8,20783.4,22561,19091,24778.2,24085.6,19776.4,22126.8,21176.7,23965.5,18184,19387.7,18186.3,17412.7,21058.6,18445.6,21311.3,18227,22025.5,17179.2,19535.6,18131.2,17917.2,22934.3,17476.6,19530.2,16983.4,21768.1,20362,19163.5,17845.5,22858.2,23274.7,22254.6,26618,32532.4
31572.6,28674.8,24229.6,27167.4,26367.6,24846.6,23972.5,23731.1,20794.6,22915,23566.8,23387.6,20800.7,24310.6,24811.5,25533.1,21094,26245.6,26351.3,25308.8,25919.7,23573.1,21050.7,22376.2,21303.9,20885,22545.4,25232.9,23461.3,26860,25023.5,23861.4,21524.5,23934.2,24294.9,25764.2,21452.9,24156.8,26335.5,21695.5,23063.3,21508.9,25055.4,23548.7,24246.1,26579.9,22869.2,22274,24666.5,24239.3,21696.8,23287.2,22922.8,26596.3,22306.3,25925,22375.1,21905.4,25660.4,25459.5,26009.3,21015.6,25220.1,26114.2,22571.5,26227.1,22752.3,20729.7,21791.7,24281.8,25614.4,24600.8,22384.7,26103.9,22795.8,20918,25847.5,20982.3,23385,22759.2,27292.1,24050.2,25898.2,27770,24628.9,23221.3,27303,26567.8,25083.2,24825.1,22234.4,22518.5,26442.8,21991.6,25591.5,22921.5,22349.2,26055.4,26699.3,22845,27380.9,27281.5,27917,26542.9,22528.8,26350.1,21862.8,25623.4,24153.6,27521.6,22715,23763.1,22144.4,27546.7,27529.2,24653.2,26686.1,22866.8,24562.7,26809.9,24421,21508.9,25560.4,23089.1,21674.7,27311.1,25163.9,23061,21176.7,22375.4,24646.7,24702.9,27495.7,21693.6,23170.9,27195.9,22899.4,22791.8,23705.4,21353.9,26774.8,23329.3,21819,21293.7,26906.3,22258.2,24573.8,26174.7,21669.4,25913.8,21446.9,21388.4,25063.3,26408.2,21629.8,26832.8,22521.3,23719.2,24587.2,22631.2,25812.7,22518.2,24960.2,22386,27330.6,22820.9,23367.4,26272.6,24970.7,27243.3,22568.4,28018.3,24864.2,27491.6,24683,28034.3,25918.3,24625.5,23719,23964.5,28367.3,26452.1,25237,27467.3,22397.9,22391.7,26038.8,28803.2,25358.5,24203.9,28679.2,22609.3,27552.6,28643,28831.4,24569.6,22858.4,23583.5,27445.6,23833.4,23158.9,23602.6,26137.3,26518.2,28382,25357.9,26248.4,25786.9,24478.6,27655.8,23033.3,22805.8,26797.8,28768.7,24232.9,25234.4,24281.1,22914.1,27359.4,23742.2,25173,27218.6,26725.2,23334.5,24955.2,23067.4,26352.7,26883.9,26056.2,24633.2,23886.4,22012.6,23705.6,24885.4,23805.6,25720.2,24260.9,26068.1,26181.7,24767.1,25290.5,26948.8,26234,22423.3,25684.7,25538.3,23254.4,22599,25188.2,24229,21928.9,24004.2,23459.6,26998.3,22497.3,24186.6,24953.3,24061,27500.2,26023.9,24245.3,25651.7,27667.6,28779.8,25116.4,23828.4,28292.4,27278.8,23665.6,27578.9,25257.7,25620.6,25738.9,23196.1,25522.8,22617.4,27165.1,25214.5,26952.5,25826.1,25940,21758.8,27805.8,27595.1,24006.7,23433.4,23016.3,22756.3,21931.5,24303.3,21226.5,22462.2,21291.3,23504.1,26736.2,21760.4,26360.2,24820.8,24061.5,26441.1,24630.2,21251.4,24650.7,21561.2,21964.5,20538.7,25769.1,25580,23003,22799.8,25932.3,22505.5,23865.7,20887.6,26601.8,26161.7,21373,22765.2,26257.6,26390.5,22556,26557.8,26371.7,21071.2,26435.6,25749.9,22177.8,26566.7,24067.5,23933.4,25105.9,20855,21992.9,25333,23803.8,23537.8,26760.1,25505.3,25703.5,24419.1,24539.7,22997.4,22693.1,26565,25753.1,25525.7,25150.5,21361.3,21226.7,20493.8,20384.6,25073.6,24918.1,24271.8,21396.4,22078.3,20907.8,19675.2,19159.4,21731.5,20056.1,19978.7,19973.6,20155.2,21055.4,17602.8,18992,23325.9,22742.1,18372.8,23700.6,23053.3,20840.3,21228.7,23393.1,18539,23757.3,21335.9,22367,22969.9,25089.6,22640.8,26751.5,32871.7
35828.8,30618,29867.7,29178.2,22657.9,25918.2,23897.2,24506.5,24244.7,22931,24690.1,20986.2,23743.2,26481.6,27034.9,24598.3,21537.6,22313.7,22544.2,24518.9,24146.9,22192.8,22534.2,25109.9,22033.3,24876.1,25934.6,26461.3,23790.8,23642.5,23984.9,23652.8,23254.8,23008.2,27423.5,22503.5,22099.4,25929.5,23502.9,27170.5,24991.9,26102.7,24478.7,25743.5,27792.8,25109.3,24410,25200.3,24126.5,23328.5,24458.9,28037.5,23064.1,26317.5,25128.5,27747.3,26445.7,23041.1,22206.2,24115.2,24916.8,21735.9,27589.5,26208.2,26760.5,26054.9,28054.5,23982.2,27129.8,22910.6,27655.2,27949.6,26727.8,22230.9,27082.5,23953.6,22296,25120.6,27702,26153.8,22368.2,24533.8,27770.1,26053.8,27437.8,23050.3,24188.9,28018.1,24238.8,23723.8,25111.2,28658.2,28878.2,25325.6,28952.7,27349.6,24018.7,23962.5,25649.4,25954.8,22511.3,25696.6,23062.3,22724.8,26540.9,28077.5,28541.7,27829.9,26677.7,28861.6,27269.2,26467.2,25774.4,23037.2,27690.3,23542.4,22755.8,27694.2,23847,22686.7,25722.7,26720.4,24005.9,25600,27140.1,25221.7,23230,23687.3,25626.7,28019.1,23765.6,22168.5,25805.2,28832.2,26842.7,23408.8,25326.7,25590.1,26758.4,22384.9,22394.1,24688.1,26790.5,27470.2,23939.8,23040.2,27499.9,28021.6,23438.7,26894.2,24523,26752.9,23543.7,25399.9,20377.2,26469.2,22634.6,26349.2,22281.3,28535.4,27730.9,22544.6,26821,24547.7,24943.3,26262.3,24567.4,26623.2,24337.3,25119.7,23720.9,25178.6,24177.1,23064.6,24965.6,28368.2,27863.7,25645.7,29689.4,27503.5,23710.1,25971.3,29529.9,24819.2,27436.2,28945.6,29224.2,28128.7,24275.3,27848.8,26587.8,27051.1,24471.3,25799.1,25178.8,29601.9,28536.4,25112.6,29626.5,26840.3,23692.5,25548.2,29839.9,29845.3,24982.2,25435.3,25122.2,25577.6,24338.6,27584.8,25005.5,28887.6,27929,29095.4,29605.5,23726.8,25754.1,27817.5,23572.2,27872.1,23784.5,25014.7,23235.8,29020.5,28830.1,25425.5,28822.1,26287.7,28033.4,24944.7,25801.8,29555.3,24155.4,24563.7,29303.7,24593.2,27989.6,28007.1,26739.6,27143.6,29334.5,26591.1,29395.4,26349.6,23500.6,28085.4,26835.1,24378.4,29403.6,27924.5,25701,26546.8,23868.2,29673,24441.6,29590.1,29732.5,25661.3,24915.8,27770,24034.2,23824.3,27767.1,23894.3,27083,24038,29356,24485.7,26112.1,25353.5,28825.2,23691.2,28237.5,25236.3,27521.7,28605.9,24937.5,26431.9,23301,25676.7,24379.7,27856,25703.8,23345.9,26857.1,26297.4,25998.3,28316.4,22105.3,26661.8,27143.7,27629.3,24597,28055.1,22370.5,25124.4,28298.2,22039.1,24809.2,23500.9,21788,23942.5,27872.7,23752.5,26745.5,22713,27651.5,26056.4,26036.8,22828,26369.9,23982,27787.5,24298.5,23477.6,26959.4,25724.3,23936.9,27908,28024.8,24843.7,22612.9,25892,27282.2,24223.2,24105.5,26674.7,25009.7,24747.8,21840.2,27625.6,25602.8,26581.1,24632.7,25349.2,23169.2,25390.7,22538.5,25065.9,21996.9,23935.2,26299.3,26327.6,25506.7,24551,25747.4,21716.2,21244.9,25787.7,23252.4,25852.5,22351.6,22897.6,26826,26609.7,24966.4,25359.4,20728.7,20172.6,20776.9,22068.6,25068.6,24654.5,18738.5,18214.4,20028.7,21443.9,18431.4,21526.7,21344.1,21971.5,22090.1,22684.6,20666.3,24035.7,22668,23408.6,24899.3,24490.7,24298.6,23677,28727,29708.6,34611.5
37737,29267.2,31146.5,24764.4,28137.4,24669.3,27077.6,24085.3,24033.9,27285.4,24842.4,27207,23869.4,27492.5,28289.9,25661,29277.3,28328.5,29058.1,23363.5,26452.4,29189.2,25425.7,26182,28001.4,24241.6,27128.5,29599.2,28205.7,25947.4,29600.6,27079.9,26542.2,29537.7,23481.2,26856.8,27735.3,26315.3,26212.2,28809.8,26138.3,26615.7,26426.3,25634.3,27449,29603.1,25158.6,25025.6,28403,27015.8,29123.4,29041.7,24721.4,25841.9,27700.6,25376.3,23679.8,29664.5,29521,25899.1,25413.4,24020.1,25924.8,27509.8,26852.4,28193,24283.5,25768.4,29439.3,27831.7,25454.2,25565.9,25605.3,28698.3,26462.5,27492.2,25030.4,29413.5,29975.4,26172.5,26110.7,27117.8,29737,26906.1,29681.8,29811.5,25320.7,29492.6,28039.4,25080.5,27063.3,24165.9,29554,25931.4,30024.3,25537.6,30141.9,27402.9,26168.2,26942.1,28101.9,30102.4,26506.5,28612,25052.5,27308.5,25983.4,29257.8,29997.2,26884.8,28008.2,25570.3,25261.2,26828.7,28221.4,24975.3,26020.3,25702.2,29937.4,27827,23996.1,23941.9,30144.1,27212.7,30078.6,27401.5,27215.7,27149.6,27743.2,25185.5,28191.8,26138.5,25004.2,27313.7,26544.5,28495.9,24393.5,24308.9,24020.6,27361.3,28651.8,26471.8,25576.8,24253.1,24799.3,25289.4,25673.3,27411.6,27746.9,24294.8,29492.2,29223.9,27302.7,28346.2,24663.1,24848.3,27620,24394.8,25368.8,26865.9,28444.7,30360.6,28264.1,25676.3,29159.6,26200.2,27851.8,26608.8,25589.8,30880.6,30275.5,29795.7,26169.8,24914.5,28904.4,27471.5,26889,28229.7,28904,29324.9,25720.5,31241.3,25749.4,25629.2,26300.1,27005.8,28313.7,28265.4,26118.2,25630.9,29162,30585,28604.7,30556.9,30657.2,29733.6,31305.9,29509,27565.5,26990.1,26185.5,26527,30585.3,25617.8,30861.6,26584.7,31588.3,28644,30986.7,25821.8,25719.6,27970.2,26353.1,28711.2,31150.5,27024.6,26049.5,27055.1,29122.6,26972.2,24523.6,30885.8,27908.6,30794.8,28080.6,27665.8,25577.3,27256,30935.8,26817.6,25528.9,28283.8,24774.1,30132.6,27675.7,30240.3,25126.9,26200.2,26439,27690.1,30613,30226.9,29161.6,28746.3,26913.8,30390.2,26173.5,29772,26250.6,29427.3,29414.1,24881.3,28552.5,28794.9,28560,26263.8,27796.9,29632.6,26777.5,30371.6,26463.2,30518.5,24724.9,30430.9,27631.1,28457.2,27678.4,29280.6,28199.2,25742.6,30647,27742.3,30635.3,25028.4,26831.7,25952.1,26161.3,29884.3,26384.8,29558.8,27180.8,29232,25696.7,24131.7,25143.4,29597,29452.3,28675.4,23778.1,27211.7,27708.5,24656.6,28180.9,23634.5,25710.8,26925.3,29593.2,26090.6,24679.4,25228.2,28683.7,26717.5,25458.3,25381.8,26859.4,24458.6,28280.5,24055.1,27310.5,23746.4,25754.2,23760.1,26355.7,29801.5,27415.4,24805.9,25778.5,27518.8,25512.9,26869.6,29689.1,28967.4,27074.1,28052.2,26802.8,27121.1,27046.7,25904,27520.3,28221.3,24881,24284.2,29492.5,24327.9,27564.6,27646.2,23952.4,23796.4,25543.4,23311.9,25131.6,27609.9,28030.9,26828.3,27116.2,27117.8,23300.9,26774.3,23728.6,27093.9,24503.1,25298.6,26316,28451.8,26884.2,24945.3,23194.8,23676.8,23124.3,25269.1,26138.3,23973,25860.1,22219.4,25670.1,22069.6,22891.5,22499.3,24189.2,25532.8,24111.6,21664.7,20832.6,24719.7,26848.3,27478.2,21568.1,25913,26675.6,21238.9,26963.1,27336.1,33332.8,32647.1
37751,31948.2,29082.3,30674.2,27001.5,30147.2,29307.9,27750.9,26636.3,30871.7,28160.3,25463.4,26503.4,31794.5,30455.2,27381.5,31179.8,25647,31118,29120.5,27157.9,30217.3,31831.5,26182.7,25488.1,30854,26079.9,26985.8,31992.5,32018.5,31071.6,29621.2,26099.6,30079.2,29070.7,26747.5,30878.6,31635.9,30669.8,28062.8,27162.1,30647.4,27346.7,26696.1,31740.3,31871.9,30666.2,28105.9,28140.1,30016.2,31041.9,31549.1,26792.2,31430.6,28271.1,30797.8,28836.8,26908.3,27934.1,29834.4,29241.8,29461.5,30339.9,29185.8,28573.8,31468.7,31493.1,28498.7,30258.4,25764.3,27523.2,26649.9,28627.7,28271.4,27423.6,30651.5,30812.8,28907,32052.8,32547.1,27099.2,29227.7,29756.1,32884.9,28660.1,29582.9,27969.6,31389.8,31570.2,29102,33161.6,26798.4,31342.3,30512.2,28761.2,32374.3,29312.5,29534.6,27058.9,30374.2,27928.5,29957.5,28289.4,30409.9,28907.6,28374,32809.9,29095.3,27722.4,31546,27273.6,27356.9,28381.3,27045.6,28179.3,31793.7,29457.9,28793.4,28055.9,29180.5,27420.2,30464.5,26018.3,27559.1,31975.7,31692.7,31235.5,28202.8,31420.7,31810.5,27519.3,29096.2,30654.3,32185.7,30685.7,32342.7,30763,31823.6,28072.6,29455.3,27949.1,26561.6,30354.6,28216.6,31123.6,28630.4,30709.1,30948.3,28860.8,28650.8,31474,26642.5,32078.3,29995.8,26111.8,29077.9,28164.8,27375.4,27396,26277.7,30506.2,31952.7,31322.2,26582.3,30633.3,32070.5,31987.4,28026.3,28796.3,29933.7,28210.1,28926.7,30961.6,28303.9,26994,32199,32679.2,30166.9,31883.9,27883.6,28676.4,31140.2,30062.6,31952.3,28087.7,30891,32342.4,32335.1,28605.6,29988.8,28229.9,31363.7,31137.6,28932.8,29262.2,28927.1,30706.3,29046.4,30490,29537.1,28247.7,29764.1,32524,33930.2,32594.4,30465.5,32200.3,28909.2,28239.1,33540.4,31434.7,28003.4,32622.4,32069.7,31827.8,30061.6,29426.3,30282.2,30863,31414.7,27084.6,29725.5,29091.5,31402.8,32864.3,27993.8,27266,27021.4,32286,30979.4,30712.7,27817.6,29141.5,32073.1,27875.1,32307.5,33229.6,28037.6,27048.4,27443.3,32645.1,28583,30708.8,29869.7,29379.3,29357.5,26628.4,27371.7,27348.8,29194.9,30643,33158.4,32248.2,27829.2,32954.7,30566.1,29397.3,31096.3,27226.9,31997.8,30627.7,29436.7,30310.6,32472.3,30815.8,32494.6,30802.8,32636.5,33569.4,27336.8,27902.7,28530.3,33195.5,33663.5,26923.6,32799.9,28289.4,27473.3,30278.3,31367.3,28785.9,28682.8,26393.1,26212.8,28380.6,28457.6,28041.9,27341.4,29939.9,27479.2,26357.7,30388.8,30123.9,29307.5,32197.3,28939.9,27963,26373.7,26765.9,28151,28235.6,30050.7,31098.8,29057.5,29608.1,28505.2,29853.2,31752.6,31065.1,30426.2,30001.2,26697,25447.5,29822.1,30814.8,31022.1,29669,30284.9,27409.4,31075.7,28726.7,31456.6,26467.3,32235.5,28507.5,29462.5,30887.5,25978.5,26132.1,26070.5,31778.2,31856.1,31770.8,32285.1,31730.9,25937.8,29748.5,30848,29372.7,31769.8,26421.8,29657.2,30461.7,27156.8,30885.3,27481.2,30864,28935.8,31080.5,27702.2,29527,26160.3,30117,30582.4,24928.8,30396.1,29966.6,29912.6,26388.2,26327.1,25315.6,24724.9,24825.3,22810,27983.6,23752.4,23213,24084.9,23884.3,26819,26472.3,28239.8,28557.3,27616.6,26748.3,28676.2,27974.9,27819.4,24739.4,28442.7,29079,29588.6,28779.9,37289.7
37900.1,35012,36264,30811.1,29321.2,28962.3,33203.3,34225.8,32307.8,31718.8,30745.3,31685.6,34992.4,31928.8,30794,29541.3,30163.5,35360.9,34871.7,29772.6,33738.6,32539.7,33665.1,34763.6,32834.4,31766.9,33340.4,28755.2,32605.6,31873,34924.6,34333.2,33940.6,33630.4,35067.4,30182.3,33904.2,30454.1,31529.1,32791.1,32502,34832.8,29567.6,31666.4,30069,30733.7,29360.6,30790.9,31493,29707.9,28876,34135.8,29257.9,30631.8,33996.3,29096,29380.9,31049.3,34407.3,28801.1,33290.5,28928.3,34927.7,31594.5,29399.2,31109.7,31052.8,31665.4,31009.8,30564.2,32198.3,30896.5,35198.2,31230.8,34169.5,31966.2,33775.4,30108,35006.9,31422.2,34846.6,32975.4,32701.1,30654.6,33570.5,30633.9,36225.9,31150,35430.3,30636.6,34051,32895.8,34581.7,36503.4,33198.2,32514,36031.8,32289.6,36326,30265.6,35539.4,30483.1,34460.7,34213.1,35290.1,29845.2,31462,35771.3,31620,31501.9,34795.3,35241.4,33693,34092.3,36242.8,35353.7,33153.1,31561.3,32974.4,31079.2,34536,33219,31739.7,34609.5,32406.5,31783.3,31165.5,29815.9,32716.4,34637.5,33956.5,34770.3,29938.3,31464.9,33595.7,30304.6,35085.8,31109,35149.4,32495.4,30397,30121.7,32979.4,33616.8,29666,34448,29879.9,30285.5,31953.7,35771.4,33110.5,31325.5,33362.4,34413.3,27533.6,32413.6,34208.2,30149.6,35833,31037.9,33539.4,34237.4,30317.8,31290.7,34528.6,32793.3,31197.4,32510.5,30017.3,35819.6,32951.2,31727.2,33789.2,32553.2,31067.5,36382.4,31984.2,35724.1,31665.3,35777.5,31224.8,33443.3,33689.5,31152.1,34004.4,36470.2,36980.3,31877.3,32031,35448.6,35092.2,34616.7,35832.7,37065.8,33539.1,33182.8,37600,31934.2,36588.6,36019.1,33344.1,33328.9,31502.6,35013,34581.5,31626.4,31193.5,32342.1,32644.5,35185.8,36330.2,34421.3,36243.1,32764.7,31285.5,35749.6,35114.1,35052,35064.9,33141.6,31632.6,31397.2,31438.6,33497.7,36340.3,34815.2,34652.6,35796.7,31308.5,32923.9,32698,30188.5,32538.2,35504.3,31976.5,30736,34658.2,34407.8,31032.9,34456,35468.7,31478.7,35406,30173.9,30635.6,30301.7,31460.8,35759.6,34014.6,34388.7,35442.4,31483.4,35744.6,34274,32536.3,32811.7,32806.8,35794,36695.8,36328,31143,36261.9,35905.5,35849.7,33665.4,36025.7,32806.1,35215.7,30352.1,32082.4,32033.9,33830.7,31820.6,32337.3,32115,36339.3,31371.5,36558.8,34638.2,33708.2,30272.9,34295.1,30499.2,32399.8,31072.9,34796.9,30696.4,35061.4,32512.7,32591.3,35066.9,35018.9,29300.7,31183.3,34265.5,30018.1,33700.2,34897.4,32939.3,30073.3,32388.7,32716.1,30453.6,31936.3,33369.2,31211.5,31384.1,29891.4,28961.4,33022.6,29019.3,29441.8,29425,32171.6,31087.8,32628.4,33624.7,29880.9,34393.8,31625.6,35619.7,34411.5,34668.3,35930.3,36226.2,35486.4,30659.7,36068,33889.6,29692.5,35263.5,29442.6,29230.8,35719.3,30884,29843.4,29228.7,31184.1,33884.2,30047.6,32954.2,32073.4,34966.8,29516.1,32559.6,35561.8,34416.4,29042.8,32441.3,35110.3,29577.2,32702.5,33977.4,29527.1,32828.4,35369.9,30492.3,33936.5,30229.1,33645.7,32928.6,32164.9,26672.3,27397.1,28006.5,32713.4,29360.1,28442.1,29967.5,33054.9,28379.1,28743.2,30762,31776.9,33860.4,31636.2,32587.9,29902,27661.4,27532.7,29579,30166.2,37147.1,34562.5
