41881.2,37549.6,33189.9,34715.8,30831,29933.1,33396.5,31942.7,28215.3,29681.1,28518.9,33333.9,27810.2,31287,29081.7,33067.8,27561.8,30994.4,33154.9,32429.6,33764.7,32198.1,30000.5,28318.1,33309.5,33715.6,31937.8,29989.1,31515.8,31498.6,31020.6,34274,29070.3,29124,33298.2,30906.5,32169.2,32195.4,30684.7,29988.8,28454.4,32779.7,29853.5,30484.9,32066.7,29929.4,33990.3,31484.9,33291.6,30619.8,31614.9,32120.9,30202.6,33037.6,30499.4,33724,32398.7,33414.6,33450.8,29021.2,29873.8,32694.1,32373.9,30240,29151.1,31678.8,32409.6,33448.5,33418.7,29437.5,29837.3,32761.3,29115.1,29024.8,30583.1,33926.9,33763.6,32277.4,32006.2,29053.4,28901.6,30265.8,32712.2,33680.4,31985.5,34328.8,34035.8,32569.2,33858.5,30226.5,30706.8,30465.3,33733.8,33810.6,35359,32916.7,35091.7,31184.4,34358.5,30448.4,31949.9,36819.2,31901.7,32630.4,31606.4,30480.3,35105.3,34637.7,31098.6,32173.7,31220.2,32848.2,33539.2,37353.2,32855.8,37152.4,36492.8,34976.6,32008.7,35489.6,32279.4,34931.4,32059.3,35739.7,37320,34166.1,33254.5,36031.3,36906,36629.1,35971.7,34649.1,34470.3,36202.3,34879.5,31659.8,30780.5,35598.3,31220.6,32271,31115.4,29853.2,34533.1,35883.7,31707.6,31238.5,30280.7,32628.6,33269.2,33952.3,31784,35909.2,35927.2,31154.3,30901.8,34826.3,33813.9,32826.4,31602.5,36258.9,34098,32386.4,35600.8,36926.7,32502.2,36720.4,33033.4,32883,36987.1,33891.8,34474.2,33728.6,34101.6,37643.3,32510.7,36184.1,32750.6,37072.5,34843,33509.4,32133.8,34458.7,31552.8,35364.9,32201.9,33223.9,36311.3,37116.3,36079.8,31865.1,35266,32356.6,32573.5,37029.9,33199.2,36830.8,34084.7,37944,32791.9,33620.2,33693.2,38250.2,35948.4,36363.6,32789.8,34102,35202.5,38303.6,32616.6,36990.4,33072.4,34332.2,38563.9,34008.1,32528.5,33729.3,34654.4,36223.3,37095.9,35942.1,35095.3,34882.9,33701.3,37100.2,34887,34685.2,36393.8,33026.9,31757.9,34938.9,36617.7,36693.5,36325.6,33395.2,33305.4,33773.7,32268,31862.5,34417.4,35439,35423.8,36500.3,33657.3,36323.3,35754.8,31797.6,34113.6,31807,31379.7,37071.8,34235.2,37360.9,35667.4,35235.6,31272.9,32130.8,32846.2,33132.9,32511.6,32859.8,36535.3,34696.2,31256.6,33350.8,35400.7,32948.9,34549.8,33718,37025,32416.1,33162.6,37245.6,34156.9,31389.8,31300.2,36813.1,35861.8,37011.1,34019.5,35242.9,33207.1,31448.4,32968.7,36175,31193.5,30411.6,31897.4,30593.2,31356.9,35408.6,34470.3,36229.6,31478.9,37231.6,32388.8,36570.3,34897.9,32628.9,33022.9,31240.7,35964.5,31406.4,30554.7,31483.5,32151.4,36623.1,32934.9,35029.8,35196,30799.5,36275.8,35276.9,36901.7,31650.5,31407.8,34866.3,36271.3,37522.3,33694,35512.9,36929,32945,31614.7,35933.1,31785.3,37395.7,34274.4,36756.4,34120.9,37412.1,32876.8,35607.2,36222.8,36516.9,32049.3,31675.7,31898.4,34945.7,34161.5,35009.5,32780.4,34632.3,33344,35901.6,36851,31318.6,33918,36585.1,31768.6,32234.4,30868.4,33193.2,35201.1,31589.9,31454.2,31527.4,34337.3,33191.4,30435.7,28626.4,31139.6,33543.8,33817,32431.8,33998.7,31220.7,31812.2,34142.2,34102.6,35584.2,31632.6,31517.6,29054,29402.4,32521.9,31875.6,35330.8,34736.9,32100.5,30764.4,35668.8,34870.4,33951.2,38592.3
34149.1,33361.8,31436,25318,28866.4,27617,23633.2,24908.4,25022.5,25849.6,24538.8,24207.3,24309.9,22738.5,27923,24430.7,22720.9,23909.4,25586.2,24477.8,26302.2,22961.6,22433.2,22312.1,27260.1,26273.1,27046.7,26892.4,28970.8,28849.3,26621.3,28960.4,29444.2,29148.3,26369.2,24838.5,26156,29335.8,25915.3,23606.8,23988.5,29114,27500.4,26133,25516,26893.5,25584.2,26963,24256.1,24706.8,27426.1,24425.5,23922.9,23733.7,25919.7,28560.8,25358.9,28883.6,26281.8,22697.2,23165.5,26674.7,25073.2,27050.4,24937.8,23132.2,24152.2,25985.2,25253.6,28065.7,25720.8,28530.2,23676.7,24389.9,24392.2,28509.5,29011.5,24514.3,26338.1,26518.5,28988.7,23757.5,23690.5,24302.5,24337.5,24623.6,27961.4,27781.5,24767.4,25691.9,25012.3,29837.5,25919.7,28062.7,27502.4,24620.5,25727.7,29988.8,25429.2,28388.6,31255.8,29488,30550.4,27583.1,25626.4,31373.6,25770.7,28760.3,31564.7,29885.5,27908.5,31439.4,30624.4,29439.9,29941.8,28700.7,30341.9,28755.3,27492.2,27108.7,26931.6,31657.7,30524.7,29691.1,29333.9,29678.3,29205.8,28306.9,30706,31802,31366.3,27969.3,29166.4,28928.8,27948.4,28020.9,29358.5,25783,27157.2,25729.5,26237.9,27011,25156.4,24643.2,25408.3,26831.3,27786.6,28557.1,29537.5,29266.3,28450.2,30989.1,29640.7,27249.8,28377.7,29436.1,27700,28038.4,29498,28387.8,31257,28470.7,26876.1,25551.4,26974.6,29363.1,30754.6,26724.3,30499.6,32513.7,27125.9,26950.3,31090.6,26273.3,29826.1,28027.7,26467.2,32101.8,30265.8,31555.7,30289.1,30208.8,26712.3,32328,28605.9,26538.9,31088.6,30310.4,28538.5,31480.4,26210.7,30834.2,32350.2,27088.6,26616.6,29525.9,33477.9,31961,31371.1,30506.1,28791.1,27881.9,31937.5,28193.1,32539.3,30990.7,31840.2,30979.1,30004.6,32747.6,31198.2,28320.9,28761.8,28656.1,33219.7,28663.4,29849.9,31368.7,29814.3,26159.6,26495,27261,31517.6,30609.1,29313.8,26617.4,31747.8,28681.3,31750,29332.8,26563.8,28461.8,28006.1,28512.9,28276,30082.5,31781.4,29749.2,29241.7,26189.2,26279.1,29762.6,32179.4,28436.2,30665.6,30944,27857.5,29445.7,29834.7,29612.3,26485.1,29328.8,25781.1,26010.3,30316.2,29514.2,31540.8,30321.3,26448.8,27143.5,31212.9,32099.3,25713.7,29996.1,27640.1,27538.6,29623.1,28298.6,31770,31246.1,31741.3,29887.2,29671.9,27622,30165.9,29066.8,30761.7,27265.3,31233.8,28907.8,29543.6,26921.3,28097.5,27310.8,26544.4,31432.3,31704.7,28665.7,25511.1,29409.7,30404.7,29007,30005,25969.2,31349.9,30209.7,31947.1,27598.5,27028.9,29608.7,31700.2,30134.1,31553.9,27720.6,29432.3,30380.7,31504.8,26483.1,29395.5,31870.2,29568.1,31216.7,32048.1,27120.7,29931.7,28494.2,29894.2,28409.1,27703.4,32273.1,32696.6,29718,27070.3,28409,28096.9,28292.8,28794.3,31208.1,31967.9,30041,26444.8,27147.4,27796.2,30193.9,25834.7,27740.4,29091,28557.7,30551.4,29058.9,28197.5,29323.8,26982.9,28772.3,29087.7,27299.6,27697.5,25249.7,24888.1,24965.4,25923.6,28304.8,28573.1,29567.7,27922.6,25009.1,25006.3,28543.9,22985.5,28184.9,27589.3,24233.4,25088.1,22918.2,22840.1,25947.3,28688.4,27286.8,25185,25215.2,27229.6,24080,26323.2,30601.7,29803.1,30272.8,29364.9,29837.8,28468.1,26733.3,25794.7,30340,30469.6,35545.2
34130.2,29883.7,27169.2,27204,24525.5,22976.6,22275.6,23938.8,25570.7,22814.1,24489.5,23331.2,20844.9,21843.8,23198.4,19958.1,22220.3,20502.7,23384.6,25013.9,20121.9,22645.6,23415.6,24806.5,22054.5,24518.9,21805.4,19523.6,20440.7,20661.6,21129.1,20387.6,20724.9,21877.5,24821.6,20680.8,23475.5,20770.7,25386.5,20626.6,20143.3,24285,24622.7,25641,22128.9,24875.4,25378.2,23520.3,25230.1,22273.1,23589.6,19416,19700.5,23456.7,23788.5,21056.4,25744,22924.8,21039.8,20332.3,23278.1,19449,22938.1,23961.3,25689.3,21281.1,25136.6,19955.4,19538,23214.3,19587.1,24094.4,25951.4,24589.9,24520.4,23711.2,25089.5,20183.4,22041,19956.1,25030.2,25911.2,20237.5,20260.7,24437.9,20214.8,23078.1,21853.5,24384.4,26439.6,25798.2,24051.4,25684.7,25367.3,22987.6,27499.5,21312.9,22001.6,24933.1,26412.6,26848,22644.4,23825.9,22974,22813.2,22741.4,23563.8,22506.9,25867.2,26851.3,23994.3,26871.1,27455,23567.2,26078.2,28509.7,28243.5,28579.4,27095.8,26199.1,26524.2,24541.1,25305,27028.9,23488.2,22666.9,28535.4,27629.4,28637,24389.4,28753.2,27354.6,22871.5,22660.2,27862.1,26524.3,25015,25994.1,22896.2,24423.1,25065.8,22303.7,21795.3,26356.8,26682.3,21744.9,25432.6,21396,24772.7,24352.3,27651.4,24875.4,27226.2,22941.9,20564.1,22187.6,25334.7,22294.1,27827.2,22585.6,23499.6,24040,27308.6,27632,25000.7,22457.5,28021.7,28578.1,26822.9,23699.2,27904.1,26702.8,27999.9,26645.9,28408.3,24850.5,28141.1,24839.5,23407.4,24302.6,23419.4,24700.8,26646.7,23301.5,23983.2,25235,25118.4,25247.3,22507.1,25263.4,24374.2,28143.9,22678.3,27122,27047.2,24364.7,24847.7,25518.8,25923.4,27736.4,29747.5,28516.3,24225.2,26376.4,26002,26173.7,26600.3,27661.4,26612.5,25771.8,27373.7,23619,27387.4,29277.8,23547.3,27785.4,26220.4,28280.5,28842.1,24014.9,28431.9,24654,28822.4,28380.3,23943,26950.4,27630.3,28130.4,23857.1,28179,23304,23046.8,25949.1,25471.7,23502.1,27818.7,28351.3,24618.5,24495.3,23129,22664.6,26568,25737.5,27242.8,27757.2,22855.7,24006.5,22354.3,26880.2,28821.8,26805.5,22419,24020.6,25702.8,22575.2,28707.1,25139.4,22597.8,26830.2,23018.1,23304.8,23537.8,23048.4,27778,24462.5,28042.5,25645.1,28397.7,26968.1,25087.3,24290.3,29005.6,22282.6,27051.7,24293.8,28023.1,28206.1,22158.8,24278,23280.4,23181.2,26372.4,23220.7,24775.2,22461.4,21581.3,27994.5,25235.7,24205.5,26640.2,22905.5,27347.8,25669.9,26803,27498.5,24160.1,22554.4,27626.7,28449.7,26725.1,22458.9,27235.7,22069.5,24623.7,28099.1,26935.7,21628.4,23597.4,25471.6,27714,28065.2,23181.1,25988.2,23389.4,28321,23131.9,23011.5,29102.3,23211.7,22795.1,26837.9,24660.6,24086.6,26471.9,25160.8,29415.2,25123.8,23832.9,28333,23735.3,26623,22473.2,22492.6,23558.6,27079.3,26339.5,23320.5,23985.6,21993.7,22129.5,22858.5,25639.2,25696.3,24276.5,23212.3,23314.5,27496.4,25928.8,25932.3,27358.4,26153.2,21420.1,22422.8,22827,20554,21584,24930.2,23394.3,24427.7,22370.2,21335.2,23780.8,23580.2,23908,23673,21421.5,23995.9,20729.6,20703.3,25168.7,23501.3,21087.3,24274.9,24874.7,26623.2,25082,23780.2,22890.7,22547.5,24146.5,27032.1,24256.1,26952,34985.8
31051.9,30602.2,24441.6,20260.4,21393.9,19437.7,21715.5,20502.4,21458.4,22204.5,21972.6,21211.9,19590.5,18973.8,23255.1,17039.2,16972.2,19451.6,20547.8,17451.5,22024.9,18728,19852,20022.2,17281.3,22015.7,21846.9,21939,18991.1,20090.6,21411.6,23530.3,19045.7,21749.9,21731.2,20938.2,20569.1,18390.1,22582.9,19586.1,22654.4,22326.9,22827.1,17967.5,19352.5,18865.3,21742.7,19468.1,21932.3,17828.6,17917.8,22872.8,20551.1,18254.3,19147.5,21266.1,19766.3,23175,22614,19960.2,20953.2,19267,17400.8,22449.4,21451.5,22702.8,23573.8,20428.7,18881.8,20017.7,19672.6,19873.1,18919,18586.4,18690.2,20229.5,22579.7,21434.5,18186.3,18291.5,18206,20986.5,20299.9,18587.8,19719.5,18916.4,22356.5,22500.6,21184.2,24062.1,20719.8,18960.2,19873.2,19954.3,18491.2,21914.5,23574.2,21698.3,23039.4,23154.8,24252.5,19533.6,19872.7,19040.2,25321.3,23363.1,22785.8,19753.1,20485.7,21165.6,21467.8,23407,23552.5,25635.4,23944.2,19537,25434.4,24855.9,19906.9,25872.7,24041.1,20935,19670,23602.8,22975.9,25062.4,21257.7,26011.8,25437.2,21775.8,25441.5,22739.7,21907.8,24417.3,24766.5,21136.7,22155.3,24088,20235.1,23560.5,20651.7,22769.1,23954.4,25336.2,23809.9,20480.7,20051.5,21764.9,24646.6,25103.6,23186.2,23003.4,20286.8,22671.3,22103.5,22629.8,23684,24480.2,24808.8,22650,24073.8,26220.7,24377.4,22353.4,25250.5,21983.4,24947.7,20432.3,22446,22598.3,22718.4,21390.1,23844.1,26232.7,26437.6,21639.9,26236.6,23341.3,23076.2,23281.1,25353.9,20319.3,21044.7,22675.9,23294.2,24087.5,25497.6,24312,24370.9,26316.9,25186.1,23847,22485.6,22511.8,24082.5,25270.3,25424.6,27344.4,25045.7,26615.6,24407.2,25094.9,25231.8,26412.2,24518.7,24468.5,26695.7,26099.5,23748.4,21413.8,24256.2,22001.8,22777.4,23953.8,21080.7,24042.3,21817.6,24606.9,22358,23342.5,23324.6,22300.2,25803.1,20681.5,21809,22089.6,21646.2,23918.6,21143.9,20702.8,19804.2,24361.7,25314.2,23154.1,25841.1,23955.3,22204.7,25013.4,19885.9,24343.5,22683.3,21973.7,26050.3,25791.7,26226.8,25349.1,25655,21720.9,25630.1,24205,21952.4,22743.3,21700.7,23073.3,22176.2,22080.9,26273.4,25694.7,20423.9,24613.8,22278,24885.5,19911.2,21261.7,24599.2,20193.6,22655.4,26673.5,24769.1,20422,21572,26308.4,23117.5,20542,22268.5,23625.4,22299.5,25150.5,25466.4,25713.4,25067.2,22426.1,20982.3,23659.8,21372.7,25452.8,22455.1,24791.7,25111,22899.6,23361.3,21185,21016.2,20135.9,23122.4,25759.6,23860.9,22840.7,22533.6,24003.6,22152.8,23958.4,21291.2,20194.5,22320.4,25860.3,23334.8,23782.2,22032.9,21495.3,21084.9,25668.5,20564.1,22077.9,24377.4,22078.4,20915,20270.4,23890.6,20831.6,22402.4,21379.1,25089.8,25809.1,21151.9,23078.8,26149.6,24198.7,25035.3,20740.5,20685.4,23662.7,22267.6,26606.2,24863.9,26351.5,24218.3,25363.1,23108.3,21468.1,19554.5,21626.5,19949.5,23162.4,22053.7,20516.4,23717.5,24595.5,23863.3,23942.9,21246.3,21242.3,18992.3,24397.3,23053.2,23189.6,24243.7,18472.7,20640.2,19040.7,17562.5,22271.2,17366.3,21698.8,20351.5,18918.7,19274.6,20148.9,22010.9,23606.5,20752.8,18812.2,23414.2,24506.3,18094.3,18731.7,20096.5,22771.1,24215.4,20227.2,21164.2,27809.1,27573.6,32044.5
33147.3,24825.3,26516,19108.9,18088.9,18370.2,20890.2,18581.7,18767.7,20599.2,16486.8,17365.6,18164.4,21437.2,21516.8,17196.2,17116.5,21456.6,20449.3,21166.3,17861.2,19057.4,17907.1,20997,21978.2,18436.4,18003.5,19749.3,20210.3,16682.3,21808.3,19086.3,19681.9,18214.4,18172.4,22948.9,18540.9,19943.7,22794,17835,17731.7,20766.7,16272.5,17019.7,18599.5,18956.1,20740.2,18535.5,22089.8,18343.6,19347.7,19819.8,16504,19244.4,18657.4,17670.7,17507.6,19781,18874.3,22006.7,17929.8,18916,21050.7,22091.2,17516.9,21104.4,21540.2,21974.5,19218.5,18808.6,21278.4,17842.5,20194.9,20292.2,17311.5,18066.9,21668.8,22025.8,17236.7,22029.2,19831,21815.6,22473.6,20293.7,17515.3,18917,20951.9,18378.5,18422.9,18776,20391.5,20051.8,20105.6,21454.6,22511.8,21801.7,20105.1,20787.5,20572.4,20199.6,23619.8,20705.2,19997.7,23472.1,23166.8,23514.2,20274.7,17696,22094.9,20405.6,18853.4,21846.3,22661.1,24128.3,24276.7,24467.2,20293.3,19039.5,19444.1,18394.3,18093.8,19840.3,18712.8,23898.3,22152.8,21842.6,18260.4,22392.3,21881.9,22281.9,21612.6,21871.2,23121.5,21084.6,23470,22431,18219.1,18748.9,21389.9,19141.8,20035.3,18687.2,17852.7,21991.1,21963.1,20868.9,21522.8,23370.3,20460.2,23900,23550.7,18053.3,20099.2,21264.5,22057.1,22200.5,20363.3,20538.9,21386.9,20354.4,19614.3,22543.2,19307.4,22249.3,24172.3,19410.4,22296.1,19697.8,24010.4,21987,24311.9,19858.8,22279.6,23721.4,20916.9,21366.4,19186.6,25266.9,22097.2,20658.8,19932.7,21041.1,19738.5,19303.6,25035,23596.2,21012,21513.9,19715.5,22241.8,23647.1,21411.2,25098.7,21913.8,22238.5,23784.3,23036.9,25768.2,23758.4,19817.9,23103.2,23108.8,25031.3,23592.5,20296.4,22831,23018,19821.7,22848,25752.2,22630.4,22428.1,23369.6,21056.6,20140.3,25350,23496.4,23534.1,24537.2,20987.2,22061,24542.7,21227.6,19835.9,19953.4,19178.2,20285.8,24791.8,19882.2,21938.8,18647.3,21858.4,23441.8,20222.8,22804.2,23676.6,18965.3,18800.3,24807.9,19457.8,18628.3,18749.3,20545.6,24436.4,23623.7,24996.5,23566.9,22541.2,23043.4,21814.2,23599.8,21908.8,24901.9,18931.4,20297.8,23826,22311.3,24396.6,23964.2,21333.1,22567,20939.6,23746.4,20311.2,23167.3,24954.7,21902.7,20571.4,19491,20695,24213.5,21031.1,22309,19774.9,24129.6,22904.9,22272.2,20530.3,22263.9,20224.4,20007.5,23312.2,20074.8,21508.7,22932.4,22755.1,20435,18321.5,21820.8,20594.6,22680.2,18386.3,24503.2,24508.9,20028.2,22206.9,22303.3,24443.2,19591.5,22163.1,21066.1,23541.7,23935.6,19383.7,23924.9,23618.1,21174.8,19207.9,18684.5,24187.1,22180.2,24015.1,21479.7,19851.9,24486.5,22713.1,23026.4,23308,19963.4,22553.3,21401.4,20602.8,24524.5,25163.4,20424,24044.6,20289.6,19487.3,25266.3,18988,24642,18800.4,24807.3,18891.8,22631.3,20754.9,21474.9,22213.4,20937.8,24520.9,18580.5,18273.2,24711.1,20966.7,23236.2,19727.5,19642.8,23771.6,24082.5,23731.1,19999.2,21468.8,20480.3,21091.3,20622.1,22075.8,19840.2,18200.5,18873.3,16312.9,22078.9,16313,22025.6,19316.5,17114.5,15823,18047.9,16197.2,19713.3,18446.7,17356.9,16622.9,23071.5,17018.4,18278,20064.5,21077.7,21487.8,19903,22172.3,25007.8,21331,24104.3,32157.6
34211.5,29640.9,21133.9,18846.8,18370.6,18763.6,17814.7,15473.2,21327.9,17643.8,17045.1,20091.2,17221.4,15411,19488.1,16243.1,17834.5,18644.2,21084.6,20023.1,19527.7,15962.4,16350.4,20741.2,16274.6,18643.7,19103.3,17003.4,18892.5,17194.4,18879.8,19380.6,19247.5,16042.2,17052.4,19285.5,15682.8,16418.7,21424,15781.5,15589.6,16702.6,19685.5,18266.8,19218.6,19830.8,17729.5,19661.2,18571.5,20201.5,21132.4,19678.9,17458.1,15797,20322.7,15499.1,17890.4,19458.3,20013,15622,21324.5,20553.5,20407.1,18186.9,20032.9,17552.6,15705,20583.7,20330.2,17939,15115.5,16461.3,15266.5,18429.1,18190.9,18281.6,18497.1,16634.1,15837.2,18126.6,15517.8,20172.5,21630.5,18651.6,20625.1,16199.1,18603.9,20585.6,20060.6,15721.9,17456.7,21629.3,18751,22364.8,17477,16232.6,18930.8,19843.5,18485.9,19614.5,17791.2,22788.2,17030.7,19379.4,18049.4,20184,18268,17473.1,22175.8,17215.9,21962.9,21060.4,22533,23042.2,20658.8,20260,22687.3,18388,23024.8,23281.4,20776.8,21360.2,22413.8,20045.2,18569.1,22929.8,18303.3,18773.2,18719,22959.1,20682.8,18549.6,20068.7,19339.8,19241.7,17996.2,19371.6,22221,17350.1,20433.8,21372.5,17458.1,18002.1,17917.6,20388.4,20372.1,19394.6,19160.4,21639.3,22599.5,19845.5,19184.7,17756.6,22056.9,20360,21538,17599.1,19945,20065.5,19708.9,22990.6,18907.6,20850.8,22121.4,21989.6,22860,22028.5,21300.8,19369.2,21582.3,18359.5,23478.2,19610.7,19997.6,21024.5,21356.9,22981.4,20910.4,24147.9,21963.9,18106,21305.3,19302.9,20130.4,20395.8,24104.5,18653.4,23835.1,21968.6,19990.8,23975.7,20849,20920.2,20680,19846.3,18758.3,19261.8,23535.7,18386.1,24270.7,19570.2,20768.3,21486.3,23795.8,21152.3,19047.8,23235.3,24372.9,19643,23201.5,22732.6,18985.6,22072.7,20343,22067.8,20482.8,23294.7,18245.3,19739.3,23820.7,19623.7,21931.1,21694.2,22627.6,21300.7,22940.8,18983.2,22768.2,21963.6,23409.6,20830.3,22209.7,20944.7,20505.1,18140.8,19721,22222.5,21292.5,18287.7,19045.8,22343.3,21453.3,22630.4,24095.9,18042.4,21722.7,23305.9,23012,19919.2,23784.3,23317.5,21248.6,20455.6,21431.8,21754.1,19447.4,23481.8,21472,21419.3,21333.2,20907.3,21240.8,19154.8,19577.7,21116.5,20039.2,23413,19922.2,22884.4,21577.4,22788.8,19346.5,18097.9,18514.9,22235.4,20224.3,20414.9,22334.4,22181.9,19093,19766.7,22103.5,19886.1,17712.9,18717.5,19652.7,20650,18234.9,20384.9,20241.2,23238.2,21174.5,19344.8,18608.8,19782.3,17445.5,19434.3,21209.4,22418.8,20036.9,21585.1,23797.7,20181.6,22143.4,17620.7,18846.8,18698.2,22891,22072.9,19850.6,18889,18881.9,20450.7,17582.7,18725,23437.2,21854.6,21739.7,22909.7,23783.5,20944.6,23243.3,24343.1,19111,21188,21823.4,24264.6,23918.1,18724.7,17886.2,18675,18034.3,23482.6,21598.8,22769.9,23927.5,20911.6,21103.7,21986,19013.6,23144.8,20104.7,20221.6,18325.1,21239,19030.9,19376.9,23268.4,20917.5,18314.1,20005.5,20724.2,19090.9,20713.8,18066.6,16721.8,20420.4,15623.8,17731.9,16491.5,18094.4,17705.1,20669.6,18655.2,19955.8,15276,17652.2,21893.6,21770.6,19275.3,20776.1,15431.6,15410.8,17779.8,17966.1,17275.3,22322.6,19485.3,16909.8,18087.6,19032.8,25837.3,23911.8,34400.2
28960.6,26244.8,22084.7,18481.1,21398.8,16298.7,19951.8,18377.8,17479.4,15254.2,18495.8,17886.7,19834.9,15703.5,18381.7,14882,17268.5,17868.6,19008.3,20036.3,19765.9,19967,15954,17347.2,19598,20364,20006.5,17974.7,19648,19629.2,21247.4,19539.7,18791.1,18029.7,19671.4,19571.5,17438.8,16215.6,17647.2,17285.9,19374.4,19985.3,20625.7,20683.7,19027.2,17506,15405.5,19471.1,17333.2,16465.3,20078.3,19541.6,18827.8,17413.3,16531.4,15505.9,17924.3,18211.4,19269.1,16050,20557.5,19898.1,17161.1,14629,16238.1,14979.6,19186.6,17072.2,15271.9,16859.8,19295.3,17637.8,15024.1,14903.1,18402.1,16634.7,17056.3,16380.2,18178.1,15176.2,18004.2,20915.5,18114,18859.6,21048.2,19382.5,20900.6,20035.1,17093.7,17788.3,20475.8,16740.3,18070.5,19871.5,19732.2,18056.3,22143.1,19395.3,20014.5,19949.6,18516.6,20267.5,19436.9,18581.9,17442.2,20923.2,17126.8,17917.3,16120.6,22473.4,19163.9,16748.6,20518.7,22726.2,22645.8,19098.1,21607.2,16515.9,21643.7,19233.2,20896.3,21596.7,17298.5,16919.7,18408,16937.2,22010.9,22231.6,18033.4,22545.6,21055.2,22119.2,20119.5,17766.1,20831.2,19541.9,16027.6,21698,17252.9,19648.1,21909,20162.5,17587,17421.5,20608.3,21886.8,22064.7,16108.3,18598.3,21660,19891.8,20367.1,17818.1,19287.5,20959.2,20038.2,19157.7,21652,21095.9,18752.8,17318.7,21459.8,18116.3,22263.6,20854.2,21500,20409.6,19289,18897.3,22984.9,21124.5,21982.2,19572.1,19658.2,23598.4,22526.1,22185,17392.5,23545.6,22680.3,21643.4,22912.4,19730.9,19482.3,19159.7,21843.7,19300.8,17762.8,22914.9,17907,19717.9,19529.4,22718.1,22906.2,22392.3,19645,18750.8,23149.6,19977.6,24215.8,22137.7,21828.3,18957.7,22472.8,19240.6,19889.9,22026,19646,20315.2,24159.5,19135.1,19744.6,22208.3,18236.7,22594.4,17974.4,22314.5,20886.5,20028.8,23297,23033.4,19019.2,18585.8,18723,19325,19773.5,20800.8,20186,18883.5,18778.8,16717,20026.1,21250.1,20478.1,17000.9,17377.7,20629.5,20241.7,21231.1,23344.3,23174.6,20121.9,22224.4,23465.2,22400,19475.5,20321.9,18664,19548,21537.1,21643.2,17814.9,23131.6,20047.8,19282.3,17831.9,16875.1,22546.6,22817.3,17383.1,19889.4,20325.2,20305.3,21877.6,20740.5,17426.5,21837,22933.8,20759.8,18004.8,18087.1,19188.6,18870.6,17789.8,18458.2,18159.9,21413.9,17818.5,20336.3,19258.4,20675.9,18619.6,21504.2,22422.6,18228.8,17972.1,19879.9,21132.3,22481,17987.5,22190.2,19809.1,20269.2,21038.1,19076,22946.5,22981.9,19704.5,19788.7,20354.9,16815.3,17949.3,20732.8,17107.1,17803.3,19116.1,18719.2,22696.7,18385,18365.5,16516,22650.1,21461.5,17611.3,18970.8,22336.3,18633.6,18958.3,18362.6,17742.3,23519.3,23565.5,22292.8,20986.6,19366.4,19157,23251.2,23776.8,20590.5,18937.9,19597.5,18135.8,19069.8,22112.9,23521.6,23460,21507.1,21301.9,17329.3,21348.1,18123.8,18835,21491,19032.2,20518.6,21661.2,21453.7,19005.1,20846.8,19765.8,16233.9,17297.4,20408.9,20425.1,16510.4,20638.4,16830.4,21369.8,20445.9,16928.7,20529.2,18949.9,17248.4,15811.3,17637.7,18913.5,18400.9,19408.5,20664.1,20695.1,21693.1,21663.2,19502.8,21420.3,19174.2,16306.9,17144.2,18730.9,22124.7,16579.1,18016.6,22038.9,27536,34696.8
31254,26636.3,24690.6,20898,22218.5,20843.4,20937.4,19116.6,14574.9,14525.2,16896.7,16517.2,15290.6,18579.7,19397,14406.2,18460.2,16676.2,19998.4,14736.3,14397.5,15200.5,17015.4,17021.8,17138.2,18340.7,19959.1,19244,15949,20628.5,16369.2,20809.4,17932,17913.2,16871.8,20780.5,20646.5,16343.4,19284.6,20125.1,15249.5,17255.9,20865.5,17175.3,19328.5,14859.2,20215.9,18117.8,19095.3,19763,15544.2,15937.6,19279.7,14624,17937.4,14617.2,16281.2,16000.5,19075.7,14777.1,19262.8,16366.6,18302.2,14212.6,16139,19763.8,17851,16000.9,16808,19429.4,19716.6,14310.2,19584.8,18954.1,17223.7,15644.6,20531.3,16292.7,16355,17993.3,17826.9,16728.1,14644.2,14430.8,15861,20947.1,14931,14778.8,16665,19225.7,21127.6,17694.9,17223.2,18676.8,17980.6,19478.4,20584.7,20821.5,15644.6,20292.5,16667.3,19601.1,21637.9,21200.9,18264.6,18647,17532.5,21054.5,21237,19007.2,22629.4,17820.7,22332.8,20625.7,19637.4,19638,22410.1,17356.6,18154.7,19408.5,16282.7,21706.9,18948.3,16111.9,21174.2,17746.1,21598,21274.5,21807.2,18775,22021.5,22925.3,21180.2,22767.9,20863.2,16997.8,15478.9,21571.9,20569.4,18156.3,17287.7,18428.4,15925.5,18491.7,16925.7,16076.6,20393.6,18845.1,17967.5,17342.4,17987.9,16894.5,16493.9,19895,14871.4,21567.3,20963.5,19222.2,18792.3,19932.3,17612,17430.6,16291.7,17350.6,20356.7,16231.6,22566.6,17713.8,20840.8,18396.3,22187.7,20363,19332.3,17577.7,21815.5,17431.1,17761,20811.4,18538.3,20191.9,20009.3,17051,22354,23138.2,19608.7,18285.5,19072.9,19860.2,21833.3,18283.2,19521.5,20638.1,20757.4,18901.2,23270.5,22301.2,18354.3,22425.1,20046.9,18710.4,18470.7,17984.9,20557,19176.2,17505.6,23256.7,19405.9,19986.2,21424,17920.8,21486.3,19054.9,19198.3,17298,20112.4,23060.1,17208,22470.8,19216.3,19006,17779.9,22188.2,17926.6,22470.5,16916.2,21417.1,20316.8,18635.6,21833.9,20360.8,21967.5,18621.4,21864.5,21810.2,21984.6,22562,22586.2,19435.3,21532.7,20504.4,18820.2,19815.5,22442.9,19061,16840.9,18638.4,19662.9,18875.1,22639.5,17765.8,19908.6,19920.5,20902.5,21246.1,21251,18268.7,22520.4,21294.7,22757.7,20868.2,21570.2,16750,18377.9,21286.6,20747,20220.6,19420.6,21947.4,22716.3,18436.9,19170.2,21892.7,21053,18631.1,21683.8,22405,22754,18955.6,18552.2,17775.7,16724.8,22265.5,16573.6,20411.1,19511.4,17432.3,21974.9,19553.5,18246.1,21932.5,19543.6,22020.7,21463.6,17465,19687.2,19852.9,22072.3,20839.8,20481.8,18467.3,17430.7,17590.8,19144.1,17037.4,20242.5,19970.1,16503.6,18022.4,17580.8,19197.8,19154.5,21702.2,22364,16653.1,16407.1,17676.5,19670,17193.5,18412,20047.9,21969,18864,21574,23438.6,19915.3,18661.7,17816.7,21073.7,22537.6,20245.2,21703.5,17188.7,22907,17568,21504.8,22869.9,22562.8,22215,17069.3,16603,19305.1,22570.3,19499.6,20941.8,18361.8,21566.4,19219.2,19076,17954.9,17267.9,21183.9,17199.9,18229.4,16065,16189.7,20898.4,17076.3,16177.4,15498.9,19663.6,20054.5,19569.8,17483.6,14471.2,16187.3,15100.6,16225.1,18945,19071.4,20525.6,19954.8,16606.3,15637.7,19803.8,15676.9,21780.5,20724.4,16307.4,20625.5,19581.6,23358.7,25399.2,26546.7,32245.4
34120.5,26215.9,24364.1,20803.3,17290,16866.6,20679.5,15772.1,17927.3,19644.4,16986.3,14174.6,18914.1,20087.1,16772,17650.6,16200.1,16977.8,20038.7,17051.9,19310,16666.2,18704.4,14265.1,16073,17295,16330.2,16769.1,16011.2,16033.3,20580.4,21058.7,21192.3,15198.1,18079.1,15771.8,20981.2,20131.2,15282.5,20422.4,16905,15881.9,17948.8,18556.5,19518,14348.5,18241.2,15654,15855.3,20167.8,17888.9,17506.8,17724.6,18418.8,17708,20333.4,19339.1,15249.8,17625.6,20005.2,15945.7,19706.9,14177.1,17703.3,15945.1,20287.8,14800.4,15897.4,14012.6,15295.6,14566.6,18436.6,18120.5,19998.6,15673,18799.6,16980.6,18037.7,14961.6,15909.2,14319.7,14856.8,17004.2,15004.3,16796.8,18500.7,16641.5,15280.9,15931.8,15975.1,19451.4,19100.1,16816.4,16811.8,19823.5,15599.8,17380.8,17565.8,18679.4,18280.5,16067.7,17886,21520,15912.5,15749.4,15918.3,16760.1,18236.2,18761.1,21679.4,20486.1,18953.4,20837.8,18601.7,17341.2,16199.6,18572.9,20586.1,17691.9,18372.5,21690,16593.5,17713.9,21325.6,20697.5,15918.8,20367.4,19540.9,22066.6,19241.9,17507.5,19393.9,18083.9,20708.4,20390.9,16833.5,18346.3,16314.4,18045.8,16330.2,16334.9,19937,15785.8,15242.7,21143.4,20201.7,18708.4,15260,21680.8,21502.7,21665.5,17843.2,19894.6,20242.3,19151.7,20382.4,21907.5,16726,20657.9,19025.2,17087,16842.6,17622.3,18727.1,21357.8,20474.2,20441.7,16857.6,16166.2,17224.9,21245.6,21663.2,22192.8,22858.9,19966.1,18453.7,21916.1,21627.1,17666.4,19432.8,19443,21221.1,19150.8,21459.5,22033.3,18782.6,18912.8,21212.5,19711.9,16121.6,16207.6,18363,20229.7,17444.1,22884.7,17819.7,20858.9,21723.4,18510.5,18345.5,17001.6,22431.5,23384.8,23167,17604.2,21370.1,22822.2,20422.7,23074.3,17901.8,20589.7,19369.9,19655.5,20824.2,19080.5,18733,20974.5,21382.4,17148.3,21206.7,18397,20837.6,16711,18714.8,21945.1,18765.6,20311.7,18672,19166.2,20879.3,19434.9,16989.9,16541.2,18625.8,18324.7,16196.1,16346.9,22429.9,19690,18071.9,18927,20907.3,18713,18565.6,20786.6,21758.3,20185.8,20445.8,21215.9,16212.3,17041.5,17400.7,21293.5,17597.2,18614.4,20110.3,19158.5,18912.7,22062,18516.9,20961.7,18920.1,17199.5,19815.2,20950.9,22327.7,21095,17335,22826.8,20382.6,22003.6,17285.2,22320.1,21246.9,22085.1,19497,20556.9,21078.2,19730.9,22504.3,17503.6,18326.5,21481.4,20164.4,18360.2,16212.2,17323.6,20247.1,19270.6,20494.8,18087.8,20597.3,21778.2,17196.3,18815.6,17259.1,17069.6,18009.6,21965.4,21301.7,18530.9,19097.5,19928.8,20586.5,17231.5,17288.6,21480.8,16133.9,19958.3,17568.1,21974.8,21776.8,17114.2,16377.4,16390.7,22450.5,20206.5,16794.5,22041,18301,17690.7,21501.1,17733.4,18113.8,23255.9,20893.5,20995.7,17054.7,20055.5,20622.7,20064.5,18635.2,17390,19277.9,21486,19349.5,19802.2,18319.1,22752.9,19386.1,18360.3,20935.5,20041.4,16881.5,21690,18867.9,20194.5,20333.6,20155.8,17520.3,19239.5,16783.2,17569.9,17516.1,17482.2,18563.3,16461.6,17471.3,16086.3,19521.5,14785.8,18327.8,16442.5,16085.8,17672.3,17880.6,14395.1,17691.1,17580.3,15307.6,16186.3,17539.6,20119.8,20277.4,19486.8,18581.8,15164.2,18232.5,21359.3,16460.9,21764.8,20349.4,24076.2,33988.5
28967.6,25616.1,24023.4,21582.4,22535.3,17923.5,20599,14758.9,15355.5,14621.2,15758.3,17522.3,14413,17417.8,15558.3,19864.3,14318.6,20002.3,16996.2,16889.1,16737.5,15533.9,20135.9,17869.5,14565.7,14869.8,19754.4,16199.3,15928.7,20109.8,19401,14770.7,20181.5,17467.4,15773.6,18051.3,16264.5,16561.2,16036,15714.7,15741.9,17214.4,20030,19300.1,16422.9,14924.7,18716.7,15242.3,14544.1,14134,19638.9,16351.4,19483.5,17039.2,18501.3,15241.8,17939.7,18110.7,15750.3,14274.7,15694,19239.4,17959.2,19567.6,15542.8,19418.5,15451.2,18205.5,18741.6,18161.3,18531.7,14023,15892.6,17383.7,14402.9,20195,15722.9,20152.6,19083.2,18546.5,18264.3,20382.8,14249.4,19882.4,18048.5,20375.2,17991.4,20942.1,17570.6,14961.9,14867.3,19732.7,17067.5,16452.6,20143.6,21300.7,18771.6,15500.5,19007.8,20271.3,16076.4,20028.5,15816.4,15577,19716.3,15218.2,17597.8,21507.8,20940.9,16343,17560.6,20068.7,18417.9,19768.6,20720.4,20752.9,22171.2,20123.2,17178.1,20846.4,18410,16824.1,22115.8,19243.8,21606.4,20134.9,19427.7,18087.6,18842.5,21446.2,20778.2,20504.7,21961.9,17735.8,18836.4,16814.9,17717.3,15004.9,19953.1,15690,16054.8,19184.2,14877.5,19777.8,19034.9,19892,16739,20534.5,17281.9,15241.7,16653.4,19560.6,18176.2,17028.7,19366.9,17279.7,19187.2,17761.7,20457.2,22180.4,17220.6,16332.2,21317.6,19969.4,16871.1,18955.6,19407.3,16368.7,17086.6,21888.7,18590.1,17791.1,22610.5,18403.9,19179.3,22422.4,17068.3,20306.1,18725.8,19184.2,20126.2,20391.8,16424.1,21615.8,16535.1,20101.2,19983.6,19339.2,21535.8,21960.8,21441.4,19099,21184.9,21057.4,17928.7,19801.2,20550.5,19550.3,22975,22200.6,21729.3,23142.3,17015.5,21495.8,20558.6,17497.8,19447.3,20690.8,22925,22074.6,18544.7,23287.4,17470.6,22428.1,18301.1,19459.9,20533.5,17275.8,21010.8,18837.6,21510,17708.3,21923.4,16984.6,21714,17990.7,19775.6,17982.6,18564.3,17675.6,16791,18602.2,17607,17336.6,17822.4,18510.1,17884.2,16699.3,20197.8,19730.7,17072.9,17790,18086.9,17184.5,17561.8,17895.2,16548.6,18760.8,19158.5,19108.8,19518,17245.5,17066.2,22144.4,17384.8,19946.1,16540.7,19253.1,19497.9,20892.6,16338.1,16834.6,17360.9,17027.4,21744.7,16780.5,21252,17881.9,18261,20119.5,19577.7,22161,19469.2,18804.5,19131.3,17275.2,16283,20698,22207.8,18377.8,19796.7,21502.9,18271.6,17266.6,20847.9,19315.2,21297.8,19464.7,16201.2,17135.6,18107,20780.3,22241.1,19601.9,17191,17533.5,21225,16233.7,21051.4,19276.9,19977.2,18798.2,21984.1,17183.2,21939.1,17963.6,16446.8,16936.3,18114.7,20423.1,21986.5,19787.9,16831.2,18473.7,18164.2,20509.4,16990.9,17213.2,18233.3,19719.9,21580.3,21564.8,19088.7,22189.9,16924.2,23171,18074.4,17309.8,20886.7,16918.9,16931.1,21811.3,18536,18454.4,22354.4,18569.2,16780.5,21012.3,21080.8,17564.1,22396.9,19547.5,17638.6,18426.1,21695.5,20630.4,18964.9,19108.3,21260,20413.4,17731.2,16203.1,20203.6,18093.7,17188.4,15768.6,14836.3,14832.6,15134,20397.2,19840.2,17803.8,15242.6,18256.2,16002.1,19293.6,14685.2,16626.9,17723.7,17874.1,16162.4,21012.5,14763.4,14710.7,20122.4,17788.7,14966.9,17391.4,19699.7,20961.2,23828.6,26104.9,26658.5,33020.7
29593.5,28736.6,22939.5,19473.4,18018.4,19516.7,19724.6,17787.2,14624.2,18804.2,16776.5,18449.3,19073,19096.3,17650.7,16568,19098.4,19329.6,15933.4,14806.9,17531.1,18344.6,19132.1,18894,14819.9,13968.1,15371.8,18245.1,16747.8,16491.5,19194.1,17413.9,20613.4,18464.3,19502.8,19295.1,17685.9,19003.5,19553.7,15111.9,15052.3,17072.2,17159.7,18490.5,14917.9,18766.5,17986.4,18251.9,20071.3,16759.3,16561.8,15463,20141.9,19476.2,18817.7,19287.8,15839.3,17691.8,18232.1,14622.8,14799,19612.6,17862.3,19764.2,16204.2,19742.2,19542.6,20238.8,15806.6,16089.8,14445.6,18212.7,15834.3,15881.4,16665.5,15899.9,18126.6,17811.3,14457.3,16287.7,16364,15939.6,20023.5,17198.3,15950.1,14796,20029,20690.7,19373.9,16015.4,15469.5,18489.3,17886.4,16736.3,16279.7,20548.7,19188.6,21102.2,19651.8,21553.1,21397.1,21051.6,15792.6,15313.9,18874.5,16102.1,17092.5,19584.4,16817.4,19400.1,17644.6,20148.9,20302.2,19725.5,18360.7,19223.6,17100.4,17511.5,21157,20483.2,17937.5,15550.1,19119.7,15436.9,17111.3,19250.8,21315.7,16436.3,19717.2,20068.4,20686.5,21850.6,17544.1,21125.3,20523,17408.3,17678.4,19742.2,19261.8,16650,16074.5,20862.6,17906.4,17556.4,20332.9,18750.2,21104.4,15190.1,16050.7,16323.4,16026.6,20998.7,20701.3,16166.6,19658.9,15594.9,15688,20031.7,15973.9,19275.2,20520.4,20314.1,16980.5,19347.1,17190.8,19610.7,21541.1,19565.9,17487.8,21954.8,18905.5,22495.4,16450.2,18379.3,20679.1,22051.5,19899.7,21447.2,20691,20530.4,18836,20167.7,17354.4,18194.8,17155.6,20304,21774.7,20754.3,20341.2,19718.5,21625.2,16172,22371.1,20971.1,20886.8,19208.9,17048.2,22655.6,21735.5,21848.1,21204.8,21797.7,21703.2,20620.2,17301.1,16725.3,20572.4,22272.2,18757.9,20423.6,22710.5,23115.2,19017.8,20650.7,17240.7,22546.9,18760.8,21749.5,20407.4,20069.1,15833.9,17016.5,21677.9,20779.8,21354.2,21482.4,21026.9,16255.5,16174,19856,16945.8,15563.3,17426.7,19824.8,17904.7,21802.3,20163.5,18945.4,16971,22289.8,21734.3,15992.6,19441.1,20169.7,18336.8,17106.4,17050.7,18047.6,15941.2,20529.2,16824.7,21727.7,21688,20435.1,17523.2,17408.7,18045.9,20875.9,16289.7,15546.5,15387.8,18421.3,17239,20778.4,16903.8,20744.2,22149.1,22008.4,19203.4,21734.8,20074.7,20173,19718.9,16487.2,20011.3,16450.2,21120.5,20405.5,18852.3,19547.7,18008.3,20510.4,19414.6,15886.4,21295.8,16034.9,17046.1,20816.3,18626.3,18092.5,20762.9,18758.2,15720.8,20223.8,17925.8,20289.5,19540.4,16782.5,18680,20863.5,15909.4,17716.7,18609.5,20672.6,19423.1,21468.9,19627.5,21577,22095.6,19046.6,21983.2,19662.4,15872.4,18552.3,18490.5,16552.5,22146.2,19298.1,21028.7,16722.6,18921.8,21368.1,17766.1,22686.3,20880.7,19235.7,21929.4,20609.7,21149.9,20057.5,20773.8,22772.3,18325.2,21278.3,18070.1,17290.8,16424.7,22045.8,20128.8,21054.6,21701.2,19599.3,20512.2,17684.2,18247,19950.2,22177.3,20632.2,17911.1,21898.9,18851.5,21552.5,18819.7,18658.9,15520,15100.4,16603.9,15548.6,14367.1,19983.2,18559.8,20059.8,16348.1,18747.6,18553.8,18780.8,16574.8,19258.6,16302.8,18790.9,19167.5,16878.7,17445.8,16719.1,15024.1,15664,19106.5,21704.9,19599.7,22513.8,19887.4,24133.4,26270.2,33010.5
30650.6,28327.5,21436.1,18696.3,17600.7,15489.5,18387,15151.7,16228.9,16858.3,14292.2,17800.9,15657.7,19831.8,18913.9,18984.4,16021,18020,19403.2,16911.7,16033.2,16937.9,18806.2,13912.6,19777.4,19366.1,15132.4,14935.6,18425.9,17843.4,17267.1,18845.5,16965.1,16044.9,20191.8,16649.7,16754.7,20875.5,16916.1,20062.9,19842.8,14619.5,15528.9,19052.5,16139.4,16585,17578.8,16811.5,14477.3,17390.7,14070.9,20349,17874.9,19729.8,18802.7,17192.7,17856.5,14390.6,19278.6,14775.2,16933,17829.5,16797.7,16221.4,17197.8,15137.4,15423.5,15856,16959.3,14411.9,14490.4,14001.3,14578,16147.9,17455.5,17387.9,16266.7,17892.5,18859.4,13985.5,17626.4,16911,15038.4,17857.5,18974,14222.6,16572.4,17089.8,17802,15337.1,19038.6,14976.5,18929.6,15245.4,19151.8,21229.6,18246.8,15621.8,19987,15286.9,19050,15990,19193.9,15577.4,20771.8,21238.7,19883.9,16109,21297.8,21113.2,20302.2,15527.3,20905,18045.1,19253.8,18662.5,19347.8,18734.4,18322.3,19027.9,19900.8,15873.3,20945.3,17552.6,18518,18138.4,19428.8,18080.4,21346.6,16666.7,21046.7,21849.1,20130.5,19134.3,16719.5,21396.6,19758.4,14864.2,15012.8,19106.3,15211.9,17195,16122.8,19417.9,17705.1,20761.1,20140,15135.2,15396.4,17059,18566.1,20132.4,20172.1,19617.6,17315.5,16582.1,16458.7,15636.5,20537.8,16781.8,17757.8,19121.8,19472.7,17469.6,21043,19307.1,17679.5,15929.4,17845.6,16809.6,21741.7,16256.5,18613.2,18950.1,18894.7,16412.2,17312.7,19222.1,17872.2,18120.3,19086.5,16766.9,21588.3,20827.3,18700.7,16580.9,15902.9,19281.1,20684,19625.2,20521.9,20473.7,18347.9,22199.3,22520.7,21089.1,18668,21279.7,21839.4,19917.7,19472.2,17195.1,22331.9,22814.3,20783.6,18466.7,19638.9,19816.4,20944.8,21436.8,17504.4,23071.6,20738.1,19875.2,22473.9,17297,16089.2,18845.9,20798.5,21934,18066.7,19188.4,16027.4,16189.6,19271.5,16548.1,18888,17903.2,19895.7,18735,16355.6,17087.5,17004.6,21624.1,16045.9,19421.7,20306.9,21279.8,21717.8,16168.8,18216.2,17699.5,17600,16969.4,18945.7,16302.3,21134.2,17696,21430.3,19939.5,20573.2,16544.2,17316.1,17265,17233.6,17518,20036,16219.9,16003.1,21161.8,19610.8,19298.6,16422.1,19127.3,17734.3,20583.5,21691,20749.5,21848.9,19787.5,21062.7,21607.7,22502.2,19660.8,18022.5,20066.5,17460.3,20715.2,18213.9,19185.7,17711.6,18917,21791.5,16099.7,17401.6,20805.9,20016.9,21491.9,16566.5,21381.5,16024.2,17867.3,17154.8,21256.7,20701.1,22167.3,15932.4,21408.3,19757.5,21838.9,21901.2,18174.3,22237,21888.6,20699.9,21644.9,21207.1,18024.5,18992.4,20537.8,19544.3,19329.1,16131.3,19291.5,18983.3,20063.9,20934.8,19504.6,16796.4,21968.5,21626.7,22465.1,17243.3,22828.7,20552,16749.4,18265.1,19449.9,17561.7,22630,21347.6,17097.2,20182,19918.9,17536.2,16847.2,16761.8,18132.6,19788.2,16376.6,21760.7,16418.1,16982.8,17643.7,16629.8,17027.6,22302,20075.7,18971.1,21186,15401.3,16376.2,18143.4,17108.5,19145.2,17784.5,16850.1,20172.9,18469.1,18709.4,17460.5,15286.5,18856.4,18299.9,15638.7,19502.1,17198.9,19648.5,20122.3,16997.8,18135.9,18131.6,14617,21107.8,17289.2,16494.7,17247.9,18042,21802,16893.9,20347.5,25475.7,26729.2,34776.5
29928.2,28338.9,23222.8,19535,20169.9,21138.1,15248.8,17711,16961.9,20676.6,17005.2,17279,15726,15830.1,16601.2,14007,18990.5,19228.3,16007.2,16311.3,15106.8,19068.3,20118.7,16719.2,15497.4,20101.1,18822.9,15170.8,19260.1,18836.7,17238.1,17490.4,16789.6,15478.3,19645.7,18505.9,17989.6,19418.7,19756.2,14535.8,20623.1,15249.5,15190.2,19125,16831.9,16303.1,20387.5,15764.9,14937.6,19504.1,18176,20083.4,18682.3,17254.7,14970.3,14796.6,16766,16853.4,15029.2,18896.3,17232.5,14934.9,20267.8,15508.8,16892.8,20162.1,17588.8,16988.1,17587.5,16481.2,19024.2,19830.6,18207,16061.8,16618,19787.6,20129,16595.5,17456.2,19985.4,19477,15601.2,16746.3,20513.2,18423.7,17347.1,16400.5,18732.4,16051.5,15881.2,17412.4,18847.6,20274,15443,16986.6,15363.5,17434.7,16951.8,19088.9,15162.7,20889.9,16015,19092.6,17309,16227.2,15246,19617.1,20280.9,15903.2,17997.5,17998.9,18139.9,16296.7,15572,17473.7,19815.2,17496.1,19809.5,17217.6,19886.4,17361.7,16301.5,15523.4,17618.6,18122.2,18133.8,17281.3,21379.8,20175,16126.4,22062.6,15948.3,16527.5,17414.6,20247.6,16683.4,17692.3,20511.3,18923.1,18858.6,16134.7,20549.2,16072,15916.7,20865.8,18017.5,16794.6,21133.5,21360.5,15453.4,17196.9,15640.4,20703.3,16013.6,17640.6,19900.5,19729.3,19614,21506.7,15771.8,17216.4,21005.8,19097.8,21635.6,19264.9,19610.8,19247,20575.8,22026.3,17445.8,21877,18021.3,19289.3,20681.5,17135.1,16896.9,16446.3,19708.9,21045.4,18255.1,16551.1,21757.2,18495.6,19153.4,19778.6,21160.9,20635.9,15692.4,16199.1,16302,15730.9,20268.9,18903.1,18732.8,18797.8,17895.4,20215,18189.4,19301.4,19292.5,18388,17278.3,22471.3,19885.9,19380.2,18665.5,20740.9,16551.9,16647.9,21040.3,21072.6,18458.6,21441,19052.1,21810.6,20231.4,17096.1,17803.1,16512.4,18563.3,19588.5,16946.1,18788.6,16715.2,15996.2,17417,15666.1,19522.2,16284.5,18171.4,18928.4,20084.8,21950.5,21169.5,19311.2,17762.6,19799.8,19447.2,18669.1,21166.7,20127.8,19295.7,15884.5,22083.2,15948.7,19579.7,20405.2,15964.7,17537.4,16361.9,19858.5,16695.2,18251.3,17218.9,18244,15609.8,18141,15496,15849.4,19959.4,18932.2,19912.8,17620.8,16650.8,21041.9,22205.4,22603.3,22240.5,18609.7,20044.6,20789.1,18662.8,20329.2,21457,19866,19357.3,22336.1,16523.5,17018.4,19813.4,21061,21604.5,19478.6,18389.5,18488.3,18309.3,15929.1,21579.4,15880.8,21608.4,18476.1,15663.2,16873,21485.1,17509,18030.8,20758.2,17742.3,21379.3,21409.7,15704.8,17293,22187.2,17878.3,21308.1,21163.8,18011.2,18471.3,17831.4,21583.1,16421.5,16827.9,19166.5,15544.7,20117.2,17782,19671.2,22113.7,20817.1,16545.5,17544.8,19444.1,20097.2,22633.8,18097.8,21846.7,16688.1,20986,17510.8,22449.7,19878.7,21230.1,17951.8,17188.9,16548.4,22970.7,18014.9,20831.9,16658,16977.1,16220.8,16445.2,16682.1,21858,22148.2,18995.7,20942.9,20241,18609.4,18618.3,21022.9,15709.1,19947.1,16176.4,19612.7,17211.4,18794.6,17072,16142.8,17722.6,18140.6,18790.3,6213.87,17537.7,20217.8,14319.2,14670.9,20016.2,14878.9,19049.5,17612.4,19016.9,15814.9,15401.8,14946.7,19833.3,16276.8,19092.7,20362.2,22106,21836.8,23637.7,29093.3,29506.6
32990.1,24159.6,25125.9,22477.3,19696.9,15975.3,17644.8,17162.3,16373.7,20133.6,19306.9,16776.3,13924.4,15628.3,14688.3,17120.7,15968,14291.8,13960.8,16628.1,17838.9,13896.8,19979.7,19382,14277.5,14886.8,20275.4,18934.9,19252.2,15024.1,16067.9,19150,18096.1,20257,16942,16717,17214.5,15652.1,19307.5,17186.8,17607.1,18274.8,20249.6,14790.6,15023.1,17006.7,19198.5,14865.3,20095.7,19323.9,20412,19816.2,14693.7,19384.3,16840.8,16112.7,15635.7,19039.5,19316.1,20361.6,17223.6,19983.3,18673.1,17444.1,15412.1,18098.3,17086.3,17799.1,20146.2,15137.9,17828.4,18770.9,19548,15235.1,14171.3,18764.7,19543.6,18091.5,16612.6,16719.4,14961.5,14748.5,16404.2,18195.5,18374.7,18173.9,18309.1,20376.2,17468.3,16578.4,16910.8,14984.8,15247.6,19155.5,15399.6,15157.1,20661.7,20539.4,17983.6,16701.9,21246.9,16058.4,21577.5,15695.3,14834.7,21421.6,15873.2,21512.8,20977.8,15534.4,20863,19712,21292.6,17836.2,18092.1,20386.4,17084.3,15523.4,15779.5,19009.5,17304.6,19497.8,16927.6,15936.5,16587.4,15852.2,18089.4,17343.3,19999.1,19801.1,18984.3,17645.3,16695.5,17091.3,20071.9,21112.5,14960.6,16846.9,15522.3,15218.2,15238.5,17939.5,15797.3,18504,18154,19833.5,17608.4,16203.7,19698.5,19765,16032.3,17274.1,18471.7,20186.7,14147.2,18121.1,19809.9,17320.3,17491.6,16924.6,16962.5,19464.1,21753.7,19010.4,16013,16599.3,20193.3,17217.6,18563.6,20258.6,19928.7,20868.8,17479.7,16119.1,20276.5,20673,18736,22188.4,21544.1,16650.7,16705.6,22107.7,16534.2,18979.4,21808.6,16468.4,21219.2,18984.4,20078.1,18547.6,16627.6,20632.3,21599.1,18677.6,20473.8,20465,20994.7,19497.3,17852.6,16880.8,18556.9,20552.4,18519.9,21137.2,17179.2,18778.1,22441.5,17618.3,17374.7,19911.3,20383.4,17370.4,22250.4,16683.7,17313,17146.1,17363.6,22077.1,21565.3,16582.9,16764,21070.1,17801.4,18652,20490.8,18215,21717.1,20808.6,16413.7,20900.5,19063.8,21802.5,19374.2,17827.1,19765.3,18536.6,19536,18054,20395.8,21556.2,17013.7,17305.3,19388.8,16754.8,19026.4,22088.3,19020.9,20490.2,16031.4,20284.8,16121.6,18794.9,22083.4,16550.3,16334.4,19779.7,19474.1,16242.4,16769.9,20889.5,19034.3,18352.8,15856.8,21404.4,17292.7,22309.8,18908.4,18537.4,22057.9,17588.4,17197,17511.8,15863.1,22463.9,22093.9,18261.2,20354.2,20605.5,21930.1,21103.7,18210.5,21638.1,20633.7,16436.7,21170.3,19493.4,17817.3,21752.9,18519.1,15763.1,17788.5,21173.6,17979.7,17798.9,17078.5,22216.9,21900.6,20843.2,21351.6,17025.2,16033.3,19506.1,17624.7,21272.4,15684.6,18088.9,17231.3,17668.9,17932.9,17286,20255.6,16056.4,19797.1,18304.4,19577.1,16720.3,21069.6,20797.2,19904,22468.3,19149.2,18957.2,18122.6,19424.2,18420.1,16682.7,18541.4,22169.5,19508.4,18924.5,17029.4,19385,17839.2,16961.7,17784.2,20448.7,18434.1,22172,16555.4,19621.4,16472.1,16815.2,18642.7,18758.2,17473,22146.8,16358.3,19381,18230.4,21268.6,15441,21525.1,15443.9,21122.7,16637.9,18159.4,15378.8,19613.8,20844.9,18320.5,20227,19276.1,15218.1,19678.7,15417.4,20748.9,17896.3,17828.2,15427.8,20614.1,20693,16199.8,20908.2,21315.4,15079.5,20486.2,21163.4,20108.1,15805.2,19779.9,18523.1,20648,29681.7,28748.6
31045.3,23288.3,23813.7,19722,20340.2,20064.5,17203.8,17553.8,17679.4,15800.7,20049.4,19762.7,18728.3,17797.6,20058.3,19596.9,14338,16662.4,19230.7,14666.2,19331.7,16502.5,16712,17973.2,19427.5,17735.5,18652.6,19630.5,15359.9,14984.9,16893.2,20733.4,18647.2,15563.9,16604.5,15416.8,18705.1,17012,16330.3,15831.5,17333,14638.8,18620.1,18490.2,14308.7,18025.9,17740.8,20523.6,14753.2,18286.8,15938.2,16773.2,14149.8,15905.5,15688,15027.2,20267.1,14425.9,16589.1,18227.1,18594.2,17807.8,14967.3,14192.3,14908.6,15657.9,16763.8,18794.5,20576.7,20581.6,17682.3,15047.7,16707.5,16295.2,16493,14896.6,20195,16557,16269.5,20383.8,15834.2,20370.6,17387.2,20522.8,15738.1,15708.3,16365.5,20739.5,21143.5,15294.2,14744.7,18670.8,20563.9,21290.2,16848.6,19670,20762.5,20509,17674.7,15913.1,21057.4,15357.3,21482.5,15328,18016.9,15694.4,18136.6,20497.6,20825.1,19691.5,19980,15654.5,16678.9,20540.4,15793.7,19117,20335.9,17501.7,18933.9,20216.4,21279.1,16446.5,19780.3,19747.6,16966.8,18310.3,20147.7,16087.9,18614.8,18199.2,21509.2,16332.5,17227.3,21115.5,15893,16829.5,15571.4,20418.9,20873.2,16176.3,20306.9,14667.4,19526.1,18761.3,19307.4,15098.7,18405.6,18552.7,20445.6,19087.6,21358.8,17985.8,20098.4,15472.9,16565.9,15139.3,18926.3,20699.4,18153.5,18893.6,21492.8,16129,16802.2,21141.4,20611.7,16452.3,19413.9,16488.3,15837.9,20048.5,20959.8,17600,17373.5,18809.4,17048.6,20649.6,18010,21562.7,16306.6,16282.6,21970.9,19459.3,17580.8,17917.6,16859,19318.2,15697.3,20610.6,19871.5,19771.2,17484.5,16307.9,18070.3,16729.7,16672.5,20186,21068.8,18480.7,20448,17621.8,22600.1,17175.7,16476.3,22475.9,19726,18419.2,16502.5,17911,16471.1,17678.4,18142.2,20841.3,20276.1,21814.1,17824.8,22172.5,19449.4,20687.7,16978.6,21389.9,18300.6,16541.8,21298.8,16958.2,20599.2,17621.8,16115.2,18953.3,18077.7,18203.9,16397.6,15543.7,21918.4,20151.5,18256.7,18067.7,20075.7,21870.2,17588.8,18369.9,16392.5,20542.5,21538.5,20545,17472.1,16651.9,15699.4,19751.9,17004.4,17557,21265.2,21166.7,18946.7,18026.8,18753.2,19537.3,16379.5,20348,17082.9,20019.5,17281.8,21394,17528.8,19623.9,18966.6,17128.1,21215.4,21123,20509.8,21884.2,21326.2,18731.4,15949.6,18547.3,18380.4,16087.6,20155.7,18866.1,17552.3,16999.1,19828.3,16998.5,17942.1,15748,17084,15396.2,16395.5,18236,17786.7,16831.8,21562.7,16167.1,16212.6,17967.5,15596.4,16731.4,18129.3,21212.2,17244.9,19016.5,21910.7,16262.6,17932.6,19653.7,15927.8,17379.1,19393.8,17405.7,18753,16731.5,21603.9,22218.1,18516.9,17447.1,16589.7,16249.6,18460.8,20770.2,19718.5,19718.4,22165.2,18281.3,18463.9,20210.5,20321.1,18286.1,17457,22871.6,21537.2,17782.5,19044.9,17639.8,20222.4,20521.5,18387.4,22727.9,16655.9,21988.1,20078.1,22170.2,18684.6,21370.6,20135.1,16543,22355.4,18129.6,18920.5,17429.1,20754.3,16037,17282.3,18657,20299.2,16595.9,15801,18309.9,16302.1,14977,15088.9,16389.5,16977,17869.8,15541.2,20009.9,20578.8,15440.4,19543.8,18299.7,17040.3,21297.6,19237.1,17848.2,17461.8,20686.8,18691.1,17504.8,15619.1,15375.9,17617,22723.9,20388,25530.5,28594.3,34445.6
34325.1,26888.9,24937.6,19589.1,16905.2,17138.9,20007.8,16181.8,16840.4,17691.2,14522.6,17945.1,15428,13948.1,13859.9,14431.8,17007.7,19590.7,16754.7,17693.3,15225.3,17127.8,18374.1,18753.6,19907.9,16366.1,18045.9,14940.2,17603.3,18523.7,18132.1,16371.3,16019,17908.7,18202.6,18557,18563.2,19683.5,18815.7,20468.4,16454.3,16790.2,18148.5,14640.2,18587.6,15049.1,17164.9,19195.8,17591.9,14899.5,17235,19498.9,15344.1,17537,18116.3,15495.4,18242.6,18125.7,16627.9,17720.5,14901.8,17438.9,19103.5,19611.2,17995,18789.8,19891.3,18223.8,20135.5,19512.7,19387.4,17720.9,19488.1,16196,18561.2,16458.6,20330.2,16811.4,18202.4,16955.4,18366.4,16370.3,19889.2,19307.8,20429.7,15863.2,16320.4,17042,20326.6,19961.4,20684.9,20853.4,20111.9,16755.9,17624.7,20736.4,20849,15497.2,18449.8,20649.9,18280.5,15845.2,19853.7,16503,19848.4,16853,16151.6,17141.7,21065.4,18240.7,16563.5,20540.2,16979.2,19341.5,19612.8,19250.7,18521.7,15886.8,17678.1,20211.2,18890.3,16935.6,18104.1,19367.4,15635.7,19339.7,16127.7,20058.8,21184.9,15520.5,17367,21010.8,22340.6,16675.9,20924.1,16561.4,15404.4,15687.6,14941.7,19397,15612.1,16020.9,17494.3,18513.5,20731.5,15014,20339.2,16800.8,19425,21147.8,15593,20387.1,21123.5,16709,15275.9,15775,20915.5,19914.8,20186.9,20565.4,17316.3,19290.7,16945.2,19130.9,16041.5,20590.3,21446.6,16588.3,17747.6,18598.1,17703.8,18043.9,18272,15948.4,18879.4,21602.4,16460.9,22099.2,16691.4,16395.1,17990.9,18404.6,22059.4,18716.2,21082.2,18889.1,19912.3,21841.1,15536.1,16869.6,17447.3,20941.9,16689.1,18273.7,22067.8,20718.3,17565,20673.8,16275.9,20508.2,21006.6,18164.5,22449.3,17631.4,18610.9,21374.5,21875.9,17210,21666.6,17720.3,20751.4,16673.7,21886.5,19135.1,16715.8,18329.4,22236.7,20634.8,19601.9,15755.8,19988.7,16598.2,17636.3,17096.1,17659.2,22028,19917.3,17862.5,19695.9,17629.2,20682.8,20566.8,20549.2,19166.5,18876.9,18259.8,16448.4,17382,16154.6,21484,16782.1,17988.6,16075.1,16686.4,20254.7,19848.2,17077.4,16660.6,15654.7,21368.4,19692.4,16461.3,17743.3,21710.9,19871.5,20095.4,16865.8,21189,20266,22069.2,19680.4,19090.7,20583.3,22004.7,20448.4,19117.6,21457.4,19540.1,20266.8,22298,16573.6,21101.1,16694.2,18208.1,22104.5,16366.1,19384.4,21613.6,21072.4,21318.4,19423.7,18109.5,18867.3,18943.2,17042.1,16784.8,21966.2,17454.4,19952.8,21331.9,20501.2,18177.6,21497.1,19100.5,18309.7,20849.7,16248.6,15859.8,15559.1,17507.5,19332.5,16741,21590.4,22283.3,17697.6,21175,19962.5,18428.5,21106,18631.1,20586.9,16043.1,17796.9,18452.9,16138.6,18386.5,22493.2,18873.5,16813,20429.5,22821,21156.8,17379.9,20381.5,17763.4,21198.3,21134,22920.7,17656.8,16447.3,16364.2,23059.4,20304.7,16601.2,16423.3,17825.2,19406.7,19202,19200.4,22565.5,21591.8,22335.1,16495.2,16461.8,17084.3,20496.3,16865.3,20636.3,22148.7,20237.4,17586,19076.2,20653.7,16882.1,19802.6,20593,21481.5,16786.6,17424.6,18962.7,14501.5,19542.2,19187.7,14457.4,18255.3,16284.2,20404.1,18902.1,19436.3,19450.8,20253.2,17235.8,15457.1,17995.6,15441.6,17197.9,21327.2,15642.8,20094.5,17438,20633.7,22938.8,26799.2,30024.1
29756.5,25169.1,26103.3,20290.4,17209.7,21113.7,20750.7,18543.6,16788.8,14885.4,16213.5,14949,14177.7,14146,19989,17823.9,16323.8,15539.4,17610.4,17436.6,18393.6,17889.2,19993,17196.4,19386.3,15844.6,19008.9,15468.4,16295.9,19872.1,17778.9,19383.9,20843.7,14808.5,15640.1,16005.7,17022.8,20123.9,18111.4,17854.1,14714.8,18398,20590.1,20566.4,19192.5,20336.9,17457.2,17108.5,18500.5,17535,20197.6,18901.6,16410,20089.1,17164.7,18127.4,20518.9,17156.5,19524.5,17067.4,16262.8,17080.1,17851.8,20080.8,20100.3,17004.9,20398,19596.7,18214.4,20456.3,19470,17297.1,14966,16473.8,18463.8,19874,16264.9,19433,19635.1,14263.2,18541.6,19155.2,15317,17742.9,19414.3,17977.6,19498.2,18765.2,19564.6,14608.4,15829.8,15940.2,20624.6,17962.5,15989.6,20257.3,17866.3,20481.5,19436,19417.2,14988.9,20108.5,20295.3,18685.7,17966.7,20432.4,19950.7,21455.6,20427.3,15999.8,20068.5,19024.6,19800.6,15470.4,17753.7,21579.9,17446.1,18625.4,15587.9,15926.9,19236.2,21651.2,17921.2,18163.1,16562.8,16064.5,19778.2,16558.2,19516.9,18292.8,16590.4,21141.5,19315,16907.6,16778.5,18186.3,20453.9,19472.1,18502.9,18441.8,20881.2,17318.3,16372.7,17442.3,18708.9,17045,14946.9,19973.6,18677,16126.4,16902.2,15474.8,15830.3,16580.4,15511.5,20147.2,18465.5,19355,18211,17026.2,18780.4,17631.2,18184.5,15795.6,16535.7,19003.5,16725.2,16843.2,17803.5,20086.9,20042.3,15951,18237.1,18395.6,17070.4,21439.9,17030.8,22266.1,18692.6,20961.8,17181.7,18621.6,20150,20416.8,21582.8,19043.6,17175.6,21049,20211.6,16044.2,16737.9,17721.7,21751.1,17938,20804.1,19957.3,22608.9,17040.6,16598.8,21911.9,17876.9,21069.3,21702.7,19980.7,18225.4,16645.3,16393.3,17223.8,21309.7,17370.7,18299.6,16930.5,19412.2,21754.3,19642,17650.1,21625.2,18824.3,16282.9,16505.6,20128.9,19206.8,20896.8,16576.1,15572.4,18078.9,17472.9,17627.7,19087.2,16756,20802.2,20437.1,21204.7,15819.8,21684.8,18834.4,19585.4,18562.2,17447.8,19389.8,17435,17079.6,17196.5,18119.6,21884.3,16576.2,19815,15958.9,18633.5,17759,21851.7,17410.2,16924.9,18044.8,19133.1,21192.8,17584,22114.5,16828.2,16924.7,18786.9,18764.5,20727.2,17225.3,17893.4,21272.3,17573.5,17506.4,18415.4,21194.7,21831.3,17073.7,16265.4,16203.5,17184,20674.5,20395.5,17854.1,20563.5,20275.5,20502.9,17971.6,17358.2,16022.7,19270.8,15911.2,16963.9,20182.1,20593,17664.5,17940.5,19106,20680.9,15739.3,15623.7,20742.3,17258.6,18031.4,20614.9,18839.6,18344.7,20943.1,17225.6,18379.7,20426.6,16872,22091.6,19577.8,19900.2,18405.2,19147.5,18010.3,20291.9,17763.8,18740.8,16032.1,21773,21312.1,19496.1,18037.3,18813.5,19364.9,18525.7,16535.9,22350.9,17990.8,19996.5,16707.6,22644,21787.2,21697.2,21099.5,18456.6,21705.9,20303.1,16638.3,19122.7,16874.7,22826,18105.6,18579.6,20356.1,17976.2,18201.8,16970,19789.6,19771,16257.2,18509.6,17113.3,21093.3,17849.1,15477.9,21512.9,17269.8,17891.1,18848.8,16815.7,16055.3,15536.1,20410.8,19132.4,17166,18728.4,15955.3,19234.9,15465.1,15319.5,15668.1,21072.4,20999.9,21252,16525.3,20617.8,17527.3,17638.5,15835.8,17720.1,16510.5,22034.8,21022.3,23973.3,26525.9,31189.7
31488.9,27059.1,21627.8,21190.6,20227.9,18912.5,20006.4,16393.5,19836.5,14293.4,19692.4,16073.7,14737.1,18020.1,15814.4,15716.8,17962.8,14691.8,15158.8,17248.5,14277.6,15538.4,17288.7,14084.4,20352.9,16490.7,19390,18525.5,15760.4,18826.8,20631.5,19992.1,20896.5,15426.7,18552.9,17126.3,17747.2,20677.2,20119.2,20357.2,17766,19440.5,15087,16075,19309.3,15905.4,15945.4,19441.3,16322.8,18509.5,19191,17670.2,15179.8,15686.9,20313.8,15221.6,15175.7,19479.2,14725.6,19307.1,16665.5,19359.2,17360.3,16421.5,16622.2,18954.4,20792.1,15227.3,19272.4,20741.9,16522.7,19100.3,19295.2,18061,19014.9,16722.1,15329.1,19697.9,15635.9,14105.2,17451.6,15384.4,15009,15620.7,16005.6,17007.1,18827,16998.8,17370.5,20920.8,18191.3,17316.3,15718.5,19879.2,20118.1,18388.5,20651.5,17777.9,19491.6,18881.8,18432.5,19143.2,20002.9,16715.8,15854.4,19013.2,19976.8,17315.2,18448.5,19857,17397.2,21932.8,18223.5,17293.7,16104.4,18985.4,15861,21468.7,20186.5,16196.6,20102.8,20868.1,18049.4,16105.4,18435.4,15722.2,18802.2,16028.5,17051.1,18693.6,20856.1,20265.6,21494.7,19637.4,17717,20269.8,16458.2,18851,15275.1,18246.7,16993.4,17068.5,20652.1,17593.3,20798.5,19662,18156.9,17001.9,20132.7,18485.5,21403.6,16189.5,20623.3,20925.2,19052.1,20419.6,19560.7,16890,15818.8,20937.6,19388.8,19088.1,15630.4,16551.6,17093.1,15945.2,21361.2,16241.2,19407.6,17256.6,16343.8,20677.8,20003.3,20319.3,20470.3,15933.8,16935.5,17670.3,21962.4,19230.1,20101,20394.8,17062.6,17704.8,21039.2,19497.5,17165.6,18801.6,16291.8,19242.6,19265.4,21218.2,17563.2,16545.8,21392.1,20508.3,20287.2,18252.5,17318.4,22658.9,21629.1,19001.2,20485.7,19144.4,16952.4,21647.5,19835.1,17579.6,16237.6,22173.9,17506.6,19179.7,21022.7,21496.3,16847,20080,17580.9,20435.4,20342.1,16919.2,18852.4,19001.7,16597.3,18336.2,18736.4,16132.1,19723.5,16038.7,19781.3,16576.3,20050.3,19412.4,21325.4,17706.7,19933.2,19513.4,15968.2,20332.2,20311.9,19980.6,17885.9,19337.5,19441.2,20001.5,16619.1,20931.8,19013.9,16589.3,17749.3,19632.4,20497.5,20633.9,19841.2,17002,21449.8,21948,21533.8,19673.4,17111.5,20411.6,21616,19171,21027.3,21643.6,19537.7,18564.2,17651.1,21524.6,19755.4,18942,19289.7,17349.2,16954.8,16582.9,19918.5,18109,18369.2,18737.5,21787.5,19868.3,17731.1,16940.2,19062,19938.8,21744.6,15887.3,18429.8,19139.7,21190.2,16059.8,15647.6,17893.4,21058.1,22100.5,18218.6,17775,16949.8,22049.7,15968.2,20506.7,15748.6,17613.3,20050.4,19400.6,22133.7,18773,20853.7,20189.7,20411.3,16683.3,16437.3,16830.2,22421.3,19313.8,16459.5,22083.4,21906.3,21762.5,22212.5,20963,18029.3,20438.5,21030.8,21021.3,19360.9,19079.6,21756.9,21206.2,22100.1,23140.8,18993.1,18667.5,21296.6,17894.8,22134.7,16642.4,22751,20649.9,18919.1,20358,20161.5,17199.7,19433.1,20681.9,20400,17559.1,20486.2,17121.1,20665.5,20947.3,17321.4,15542.8,20123,16222.4,16676.1,15245.4,17163.1,18021.3,14955.8,16897.6,19044.2,15329,14849.2,20564.8,15606.5,17993.4,16542.8,18036.9,17366.8,19786.9,21138.1,21710.5,16956.9,21755.4,20331.4,15938.3,16779.5,15718.8,18894.2,17119.1,22143.3,26154.6,26931.4,33123.3
31570.6,26814.3,22363.9,24407.8,20732.1,21399.9,17128.9,18867.7,17634.5,15637.1,17648.6,15792.2,19819.4,18625.8,14132.6,13957.7,14733.6,15108.7,15954.9,19047.7,15756.1,18960.2,15527.6,19800.3,17591.7,16972.8,17579,20411.3,20449.8,19637.3,19693.2,17680.4,16032.6,21312.3,20651.7,15345.5,15307.5,17207.2,16831.5,20378.7,16917.8,18641.4,15245.9,17902.2,17537.1,15062.7,19009.3,19494.2,18106.9,18806.2,19969.6,18685.1,14494.6,18797.7,18368.3,19691.8,19783.8,18400.9,16413.4,16942.8,14762.4,15311,19921.7,15443.6,16583.9,20074.5,18222.5,18629,15910.3,16788.8,16321.9,18961.2,19113.6,15215.4,15910.7,19180.8,16432.4,19387.6,16406,14610.1,14224.4,14847.7,15709.7,14952.3,14963,15965.1,19650.2,16143.4,20316.3,21233,18570.3,16074.1,19091,20994.9,17671.5,20285,18181.1,18121.1,20502.3,16275,16479.7,16933.3,15707.2,15609,19273.3,20476.7,16758.7,18414.9,18247.3,20813.4,20378,16509.1,22187.7,17960.1,18288.7,21753.5,19071.8,20060.6,20320.2,18284.8,19694.2,21353.3,19034.5,15352,18537.5,21069.8,18410.3,18025.6,15960.2,22126.2,20524.1,22062.9,19398.7,20763.9,21038,18773.8,16109,17057.9,17449.8,16937.7,18181.6,14729.9,15704,17730,15775.3,19257.1,17828.6,16333,15100.5,19251.7,17538,17003.7,17307.5,16983.2,15273.3,18584.8,18717.9,17437.1,16587.3,16881.8,17875.4,15684.5,19448.6,16494.3,17992,20659.2,17042.8,18954.8,18535.5,21513.3,16965.7,15960.6,18646.3,20672.9,17761.9,19648.2,21952.9,18591.2,16072.5,17984,17842.9,20796.8,19832.8,21814.3,17071,21689.3,20750.9,20112.5,20031.4,21853.7,19664,19317.9,17226.9,18223.4,19728.4,18254.2,19870.3,19291.1,20063.2,17123.8,21306.6,17280.2,20849.2,20999.7,22642.3,20204.5,20556.2,18349.3,19025.2,21670.2,19786,17315.3,19350.5,21559.4,20613.1,20981.7,21202.7,20999.9,16934,19690,15386.6,19636.2,20259.5,16117.3,19108,16711.9,20524.9,18959.9,16532.3,17126.5,19304.7,15560.5,21795.9,19823.3,18055.6,21153.6,18332.7,21364.6,22122.2,20042.2,16620.5,21021.7,20705.3,16596.7,21577.2,18969.1,21009.3,19133.3,20385,19064.6,19475,18990.5,21646.1,21831.4,18814.5,21924.2,20169,20788,21868.7,16349,15488.3,20175.8,17662,16400.8,17405.1,18031.5,22552.3,17682.5,22648.1,17482.6,21061.6,19848.7,17520.2,21698.6,19161.1,18613,19035.4,17844.9,20299,20635.9,19799,16300.3,19581.3,21879,21436.6,16636.2,19712.2,17623.3,19708.3,16922.5,19075.2,16294.3,17090.5,16594.4,19198.9,17044.4,17040.6,18632.2,21987.8,18667.4,15677.7,22350.2,19875.7,16486.2,20154.8,17500.8,18030,20620,16258.9,18635.5,20744.1,22101.9,19592.8,15980,20126,16226.3,18224.2,16964.3,17437,21208.8,20141.9,17065.2,18792.2,17501.3,21421.4,19429.8,20218.5,23178.5,16913.3,22555.1,20775.2,20785.1,17728.4,20615.4,17889,18173.2,17159,23186,22997.7,19691.7,22936.6,18303.9,19584.9,17649.5,17388.3,20061.8,22544.3,17272.7,18995.1,17722.7,16630.5,19194,21511.5,15749.9,18176.2,19023.3,19578.6,18134.1,17427.5,19684,16834.4,16658.8,14943.9,20572.2,17194.8,19651.3,18216.4,19607.4,16776.6,15862.2,17581.4,20319.4,16998.7,20435.7,18563.4,19987.7,19392.9,16527.2,20944.6,18617.5,18816.3,23663.8,27095.4,31428.1
33937.3,27450.2,23006.3,20346,19818.9,17245.8,19217.8,19351.8,18267.6,16813.5,17520.4,17203.2,14592.9,15333.9,19573,16704.5,18554.7,17813.7,18390.9,20469.3,19745.6,18120.5,19242.8,15308.2,14571,17912,15767.9,15894.4,18848.1,18038.9,18782.6,16154.1,17458.8,17776.3,16662.3,17489.6,20114.8,15909.3,19415.5,20244.1,18663.1,16388.2,16040.7,19770.9,15754.4,16976.6,20822.1,19762.4,16310.2,18962.9,18296.2,20960.4,17724.9,14660.6,15557.5,17348.1,17120.9,16602.9,18761.6,20173.3,16000.5,14502.3,15384.4,15584,18255.2,18123,20514,18830.3,15069.4,20197.5,16127.6,14960.7,18736.6,18188.7,17386,20645.6,20713.9,17230.3,19880.7,14312.7,19387.6,15287.9,17463.3,15626.1,16695.1,19072.4,17078.5,17694.6,21105.1,14843.9,20253.2,16777.3,16162.9,20528.8,16719.8,17810.1,21317.9,20620,18145.7,17175.6,19801,14977.5,17726.5,17264.1,21545.2,21392,21180.9,21631.9,20157.6,20445.9,21278,16162.7,21258.4,17518.2,19715.3,21166.3,16830.4,17174.1,15841.9,15923.6,20737.8,19004.6,18457,15789.8,16786.9,18001.3,19136.1,19117.1,19910.3,19475.9,16759.1,21081.1,16979.2,19637.1,17678.1,18500.2,16837.6,19201,15406.4,18407.9,20135.6,16308.9,20474.1,19456.9,19192.9,19116.3,20290.4,20979.8,20446.8,19340.8,20167.9,18336.2,21001.5,17826.9,15835.9,19033.5,21787.3,21632.1,20493.4,20702.7,15591.1,16551.6,17891.2,17834.2,21172.1,21566.4,16543.1,16881.5,20598,18416.5,20651,21514.1,20714,16433,17844.4,16068.1,16956,17453.9,21206.6,17253.9,17111.3,15988.5,21359.1,19665.7,19343.2,18411.2,18828.1,17065.8,17406.6,19445.3,19741.4,15362,15594.6,21554.9,20385.3,21217.2,20655.8,18175.5,22481.3,17615.7,22008.5,21798.5,22552.8,19937.1,19050,19640,20721.4,18023.2,17358.4,17793.1,16894.2,17309.3,18978.9,16875.1,18286.1,20208.7,19049.8,21168.4,15976.2,20505.3,21585.2,17921.4,16843.5,20710.6,19504.2,17693.6,18780.8,20793.7,20339.9,21748.2,19827,18342.6,19765.8,17954.6,18992.7,16058.9,18364.4,18180.6,21447.6,22003.1,20591.4,21002.3,18982.1,17358.6,18507.7,21522.3,16315.8,16995.7,21849.4,21086.6,18718.1,20304.6,17549,21472.8,16668.9,21121,18485.4,20903.3,20531.8,21432.1,17629,19292.8,18576,20194.3,20389.2,20641.1,21420,19929.3,22473.2,17309.6,16357.4,22490.2,21536.1,19686.5,20268.2,16871.6,20350.7,19858.5,18164.9,20800.6,21856.7,18117.6,16244,20006.4,18080.1,16893.1,15620.8,16181.3,18129.9,19791.3,22162.2,17786,15953.2,18075.7,16382,21380.8,18072.1,22102,16469.1,18417.4,22012.5,18760.6,17672.6,16255.6,21269.5,19929.2,15957,19178.1,16816.1,21983,18517.7,17146.2,17653.6,17115.3,19904.2,21147.1,20556.9,21356.8,16864,17951.1,17093.4,22806.7,21215.2,22324.5,19882.7,19763.2,21101.5,19786.9,22585.6,17254.5,22428,18818.2,16585,17667.8,17826.8,17715.8,22299.3,22893.8,21883.9,17932.6,20436.7,19931.6,22630.4,21337.2,21546.1,19718.2,22609.7,17732.6,20053.8,16674,18367.8,19365.5,21590.8,18468.4,19782.3,18575.7,21846.2,16677.2,16055.1,16021.7,19534,18683.3,18535.9,15614.2,18559.3,18811.4,15825.7,15911.3,19612.1,16527.2,18600.6,16656.7,16911,18332.6,20289.8,15872.2,16834.8,21143.3,17150.3,21118.6,22997.7,22651.5,23925.9,32242.6
29719.6,26306.7,24250.8,19461.6,18660.1,21861.5,15712.5,15779.1,20819.8,19648,18875.2,16644.4,15814,20094.1,18570.6,16040.3,17311.4,16196.2,14357.3,19414.1,17824.3,17998.2,17815,16734.2,14110.8,19197.5,20134,16414.5,15667.5,20782.7,14882.5,16544.6,20530.1,17940,20252,17361.7,16114.3,20914.6,19980.3,21293.2,16791.9,16101.4,18695.5,19311.6,18422.6,17981.6,16170,17355.4,16064.8,15582.5,16396.8,15285.1,17577.8,18361.8,19682.4,18504.7,19019.7,20530.1,19460.8,15260,15227.1,17509.3,15269.2,17764.6,16264.7,17923.5,20023.6,18669.8,19505.1,19393.2,20123.7,17616.2,15721.5,18360.6,15290.2,20640.2,19723.1,19610.3,19681.1,20536,17878.4,16184.7,18661.3,19818.1,15960.1,19140.8,18603.1,17315.8,20181.1,16159.9,17560.7,19715.1,17822.8,18446.2,18622.2,18516.9,21465.6,20579.1,17936.7,16437.4,18967,18057,19479.7,20343.4,17615.2,18239,16502.4,17984.4,16450.8,21087.3,21730.2,17795.4,16090.9,19255,18959.9,17402.4,20526.8,16897.6,18659.2,17253.2,15750.3,22037.2,18703.4,17971.9,19594,18156.7,18609.8,15560.3,22177,19532,17214.5,19269,20293.8,17749.9,18152,17587.4,16166.3,16009.6,16576.9,16977.6,16113.2,20090.8,15152.5,17778.7,19449.8,19437.5,15106.5,17204.5,21211.1,16593.3,18495.3,20051.6,18332.4,15555.4,15450.8,18599.5,17037.4,18417.2,20701,19386.5,15908,17881.2,20844.5,17945.8,17351.7,19201.1,17989.3,21439.8,20271.6,19953.4,18764.3,16360,20950.6,18670.1,19109.8,16412.3,21198.8,20565.1,20428.5,20061.6,21096.6,17712.2,20238.1,22008.1,20895.3,16350.3,15952.1,18451.8,18427.5,18848.7,18235.5,16779.5,19735.7,19693.5,22108.8,20730.9,19578.5,18916.4,16774.5,16656.4,22005.1,18103.6,22014.7,17618.6,17069.1,19919.7,17373.7,20944.6,16064.4,22264.2,18711.4,16695.9,21248.3,17161.3,16977.5,21146.5,21774.2,21399.8,19451.2,19982.9,19912.5,16620.6,18114.2,16291.7,17332.9,21878.1,20019.1,18942.2,19041.2,20250.3,18864.6,19546.4,21221.4,17757.1,21015.7,16577.3,19155.8,20206.9,20027.9,16795.9,16265.3,21018.2,15812,20582.5,17351.9,21008.5,16415.4,16720,18467.3,16341.4,16649.2,17646.4,20123.9,17151.9,17586.9,17150.3,18576.9,18533.5,17211.6,18341.8,15707.8,19522.8,19022.8,16897.7,18842.2,19182,20643.5,20617.2,22756,19025,18656.9,21307.3,17923.2,16824.2,18175.4,15970.6,17211.4,19116.9,16426.2,21903.7,16628.2,18740,16276.2,19205.2,19064.5,19146.5,16538.2,17575.6,17986.3,20646.2,19568.5,19650.9,20414.4,17556.3,16600.5,21499.6,19332.1,17556.8,15887.5,20638.8,18674.2,20944.1,17960.2,17997.7,21875.6,20623.1,20872.5,19186.5,18769.1,18268.3,15794.5,21529.2,16805.5,5189.95,16398.3,18274.5,18802.5,22548.1,22049.3,22338.9,17214.5,19979.9,21215.7,23244.3,19766.3,19058.3,20693.9,19858,17459.3,20108.9,18869.6,23259.4,19110.7,19326,18498.7,22240.3,18454.7,18957.2,18659.3,23179.4,22979.7,16902.7,19461.3,17705.5,17339.7,20292.5,19568.6,19191.9,22074,19556.7,17440.7,19557.7,21845,16344.8,15594.1,15537.9,15909.9,18100.7,21447.3,20282,16811.8,18319.4,18250.7,15680.4,16542.9,16358.8,16078.5,19100.8,15200,18841.5,18509.2,21190.1,21756.4,18374.3,17616,18101.7,21911,16599.9,20499.5,19536.5,24849.3,25420.5,29486.3,34906.9
31086.3,27755.6,22925.9,21727.4,21491.9,16050.6,17309.2,18445.8,19532.8,18588.1,14614.4,17202.4,18225.5,15452,19407,15555.2,14153.5,15730.7,16530.6,20151.6,19577.1,15146.6,18555.8,16606.7,17821.7,14375,17777.4,17859.5,20669.8,19282.5,17453,17216.6,15087,20101.6,16892.9,18659.2,18144.1,15834.9,20240,16528.5,18981.5,17853.1,20597,20846.9,20275.7,15195,20970,17086.7,18644.5,18422.4,19783.8,20092.8,19645.6,17534.6,19497.4,18247,14980.5,17264.6,15475.2,15326,15294.9,18221.6,14772.2,15720.5,14551.8,16006.8,16858.8,16157.9,18012.5,15633.8,18999.8,16181.6,17587.3,19524,20229.7,14423.6,15022.8,15415.5,15987.5,16251.6,14737.2,19251.1,19842,15980.6,17709.8,17311.8,19554.1,18612.8,17160.1,18301,17707.8,21197.6,19286.2,18129.2,18859.2,20436.1,18014.8,18840.7,16608.1,16894.1,16922.4,14936.5,19688.2,17371.2,16004.1,19223.2,15592.6,20577.3,17875,18733.6,17800.8,17245.7,19701.9,19727,18847.2,15750.8,21578.7,16891.1,20529.9,17435.4,20355,21975,17114.6,17185.2,19561.4,21677.1,21759.3,20742.4,19553.7,15766.9,19926.8,16663.4,16735.5,17966.6,20332.5,16014.9,17595.7,17171.6,19952.3,18159.2,20171.3,15934.6,17365.2,20568,18651.8,17771.3,18161.9,17703.2,18266,16441.6,21209.3,16276.7,18707.4,21214.8,15708,16625.7,19523.1,21605.3,19874.2,19339.2,16257.7,20868.9,20704.3,17148.9,18058.8,21227.4,17864.4,16178.3,17007.4,16729.8,18947.1,19174.8,21949.6,20919,16348.1,18074.7,21195.4,21581.9,18654.3,18127.6,18072,16281.7,18590.5,21303.2,21139.8,16107.9,17671.4,19574.9,18604.1,15337.6,17169.6,17988.7,16464.5,19896,21317.7,21415,21580.4,18549.4,17628.4,21101.5,17427.1,17071.6,17141.9,18295.1,21882.9,21118.7,17965.3,19641.7,20996.2,19551.2,20478,16115.7,20868.5,21007.5,16275.1,18607.5,21297.9,20381.3,17165.3,19401.3,21399.2,15461.3,20513.3,19263.2,17383.8,19128.2,18543.3,16041.1,17067.7,21782.6,15918.6,21505.1,17377.2,17927.7,18550.7,16318.3,17845.8,21080.7,16690.8,15865.6,16522,21853.9,16374.9,20476,21195.9,18149.8,16690.5,22075.6,18178.5,21739,19701,21134.6,20185.5,17746.1,15397.2,18916.9,21136.5,21402.9,21275.6,19050.5,16401.5,17895.8,18162.2,17756.5,18593,21639.6,21462.9,18113.6,22164.7,19776.5,16164.2,17038.3,21725.5,18289.9,21688,17944.6,16410.4,15940.5,19712,16268.6,21751,16261.2,21642.4,18015.7,15747,19923.6,21631.8,20002.7,21462.1,21657.3,17685.7,21196.3,19951.2,19543.3,20859.7,18403.4,22204.7,18054.8,19931.8,20516.5,17265.6,21865.4,17230.8,21172.8,16764.7,19435.8,21288,16401.4,21307,20577.1,20367.8,21990.5,17280.1,19413.4,19106,20327.5,18615.4,20508.3,20211,17175.7,17539.6,18139.7,23087.4,23479.3,20384.3,18653.7,21599.8,20814.4,20342.8,22179.6,20505.2,18493.3,20337.1,21086.5,17191.7,22438.9,18848.9,22190.1,19035.6,19428.6,17373.5,19772.3,17759.9,22436,21572.6,17093.4,19734.4,19316.3,17006.6,17606.2,18733.6,17190.4,18776.7,15681.1,16366.8,18692.3,21521.2,18234.8,14895.9,16037.6,20907.7,16594.8,19968.9,21091.3,19339.5,14964.8,19785.6,18073.3,21294.9,18821.2,18082.7,21416.8,17936.2,21268.8,21072.5,17248.7,16152.1,19550.3,20596.9,17446,22093.3,24544.4,24464.6,33911.3
31124.2,23926.3,22300.5,21228.1,18438.7,16660.9,17530.6,19386.4,15861.3,20074.5,15842.2,15700.3,15662,14896.1,15710.4,15500,14537.2,18533.6,20190.7,18682.1,14596.2,17281.6,14593.9,19928.2,14360.4,18437.2,19993.4,18071.1,16122.9,20164.6,21080.4,17373.6,16853.8,14970.5,16320.5,17220.2,20678,18339.8,18046.9,14991.8,17128.3,21033.7,16734.1,20235.8,19568.7,19429.1,18625.6,20139.3,19519.9,19422.8,20930.7,19077.6,16496.8,20072.2,15487.8,19504.9,16197.2,19831.4,20752.6,20682.9,15124.7,17638,19807.1,15154.1,15200,17870.9,17073.1,16133.4,17932.2,17775.6,16056.5,18881.6,15073.3,15782.5,18860,19201.5,20822.3,19098.5,15814.2,18894.8,18033.1,16108.4,18376.4,15799.6,14591.8,18491,19979.6,18891.9,20540,16172.5,15892.9,17122.4,17205.7,19517.1,19433.5,18545.2,15199.2,17424.1,18386.6,19273.2,16523.8,21582.5,18068,19689,19343.5,15140,18218,18849.5,15619.4,15337.8,21757.7,21230,18728.6,17551,17218,19611.7,21680.1,18041,19393.5,17228.9,15715.5,16780.5,19225,21214.3,17900.3,17185.6,15834.3,15477.8,16728.3,20982.3,17273.2,17339.4,18396.2,18995.4,15766.3,17338.9,18418.2,20356.8,15172.3,15725.4,15429,19257.9,20827.1,19834.6,19470.4,20926.9,16198.2,19801.7,16285.5,16492.2,17681.9,18408.4,17942.7,17035,18277.7,14828.2,17780.5,17682.6,20053.2,20276.9,20251.1,19033.9,20037.3,21404.6,17767.2,16480.2,16791.8,19545.5,17116.2,21652.9,20645.2,18616.3,20554.6,21132.6,18496.9,17661.9,16353,19490.2,19735.4,18210.9,16337.6,16473.3,15689,19848.4,16935.4,16659.7,20314.3,18792.6,17828.9,18690.5,17171.3,21078.6,18132.3,19266.1,16481.6,18291.7,20645.3,17237.2,17997.4,21772.1,22118.2,19691.7,19833,16629.4,16697.8,21307.3,19320.4,22314.6,20295.2,16810.8,20934,21924.9,22276.7,21175.6,21132.9,19711.2,17744.3,18468.4,18196.5,21768.7,20692.7,20914,20102.7,19521.5,18182.1,19874.3,20060.3,19813.6,18366.3,16919.5,17317.9,20956,21559.1,17993.9,21128.1,16865.7,17375.6,16943.4,15676.9,19945.4,16355,15914.3,16383.1,16085.2,20895.1,21196,19603.7,18207.2,17362.8,19453.6,17540.3,22095.7,19968.7,15750.3,18850.9,16227.3,19483.8,17828.4,16789.8,20472.1,18921.2,19453.3,20148.9,18543.6,19506.5,20700.2,18529,22000.7,22256.4,22713.7,18488.8,20097.8,17688.7,20509.5,16254.9,21438.1,17417.3,21671,15735.9,16636.1,20753.7,18095.2,21443.5,16028.3,16899.3,16409,19776.5,19161.9,15737.1,17399,20520.6,21366.8,22429,17775.8,20555.9,20698.7,20845.8,21419.1,21517.2,21191.6,22117,18699.8,16201.2,16381.6,21436.6,21980.4,20814.1,19231.8,21697.7,21525.9,17297.3,18881.7,16616,17679.7,20166,22235.3,17801.6,18663.3,22515.9,22850.3,20307.2,20823.6,16692.1,17064.9,20576.3,18803.5,17213.5,20750.3,21904.6,22475.1,16875.6,18683.3,17815.3,21795.8,22524.3,20360.2,21472.1,23408,19437.3,19778.8,19988,23126.6,20142.8,22367.5,20164,17594.5,17947.8,22915.6,19858.3,22042.2,21994.7,18567.3,18415.7,17182.4,19616.3,15838.9,16673.5,19172.8,17142.5,15305.5,20447,17906.3,20008.3,17360.7,19241.4,18958.9,20927.3,19074.5,17223.4,18680.6,16075.3,19156.4,20874.4,21289.9,21792.3,19434,19828.3,18631.6,18435.9,21421.6,20032.7,20785.9,30585.4,34103.8
30586.5,24284.1,22655.4,18413.4,22630.6,20906.2,17299.5,15166.4,21139.6,16805.4,15643.9,15864.2,14299.5,16059.4,15777.6,18475.5,16223.1,16452.2,15682.2,15068.2,18363.7,17959.4,18206.3,15410.5,19369.3,16609.3,16376,19835.7,15445.5,17316.4,17770.2,20669,20988.1,20617.1,19511.6,17185.4,19562.8,19219.9,21473.9,18355,16363.3,16158.8,18295.1,20748.1,15814.5,19658.9,19969.8,15591.4,18041.9,18632.6,19421.6,14804.8,17270.6,16272.8,20707.9,15286.3,20585.7,15240.6,14809.9,18632.6,18428.9,16266.6,20359.8,17256.2,15225.9,19244.9,21061.8,18097.5,20815.6,14971.1,14916.4,18741.7,16891.3,19637.4,16824.3,16539.9,18634.2,18958.1,18506.3,15705.8,16394.9,18420.4,15184.4,14790.6,16639.9,15599.3,16969.7,18325.6,19462.8,21196.9,15110.1,15165.7,18923.5,20559.4,19897.8,18549,16875.7,19198.4,19214.5,19172.8,16483.8,15922.6,19294.2,20632.3,16354.9,19162.2,18281.7,15273.2,16136.6,17823.1,19500.2,19517,21092.8,21366.1,18375.7,15688.3,17495.7,19537.1,16939.8,16481.4,21856.9,16897.8,16501.3,18597.6,18011.9,21867.9,16674.5,16910.8,19163.8,20240.3,20008.2,17318.9,17495.2,18285.8,16870.4,16077.5,19619.5,19621.7,18249,20568.2,17423.9,17945.9,15721.3,17983.6,15383.8,17167.3,18123.5,20693.3,16735.7,21187.6,17819.6,17015.8,21455,17910,16130.4,19457.1,18570.9,17778.2,21376,19887.5,20964.6,19075.6,21191.7,17258.2,17906.8,15751.2,18206.2,16146,17360.8,16768.3,22087.6,17310.8,21857.2,18764,19599.5,21352.5,20594.5,19852.5,17377.4,19630.6,19216.5,19324.6,20243.3,18010.7,17057.4,19674.2,17285.7,17581.7,17680.8,17845.8,16818.7,18332.4,21577.2,16310.4,20654.4,18739.8,22400.2,18917.7,17080.4,19992.9,20114.1,19148.7,21780.7,18927.2,19875,21048.7,17141.1,16512.9,16859.1,17575,20741.5,20951,17360.6,21064.4,17161.7,16232.1,18481,19897.8,16210.2,19812.1,15538.4,18960.1,20602.8,16499.2,17219.8,19866.8,19378.7,17632.3,16248.6,19676.8,18268.1,21000.9,20774.1,21070.3,17077.4,18128.6,19348.4,18491.7,16148,18850.2,21581.8,19048.9,19853,16549.6,17382.2,17429,18118.8,17311.3,19546.3,18347.1,16221.5,17324.1,19830.4,16450.9,19854.6,19920.4,18227.9,21938,15631.2,20186.5,20429.2,15887.2,16912.2,16339.4,16633.1,16389.7,22500.8,20510.4,17769.9,16308.9,22639.7,19976,16908.5,17907.1,20170.4,19231.1,17946.4,17351.4,15878.1,16386.9,22173.3,16955.2,18441.8,16696.4,16477.5,16760.5,18610,16034.3,17116,20344.3,21632.4,20711.2,20227.2,21678.9,20289.6,17875.4,19835,16802.8,17002.8,16555.8,16982.5,20882.5,22561.8,18565.3,20246.3,20923,20815.3,16584.6,19731.8,18933.5,18579.7,22826.8,21175.4,19801.2,16193.7,17258.6,21072.4,20729.9,22794.9,16946,21125.7,22221.3,22425.5,19634.7,17159.3,19407.1,21712.1,20793,19758.8,17304.8,22278.5,20718.8,23234.7,23016.7,17620.5,17202,18646.2,20535.7,18026.7,21876.3,22821.3,22130,18143,21895.7,18486.5,21569.4,21429.6,18945.9,19860,20640.5,17507.1,22256.9,21628,16857.4,21304.7,18969.4,21976.2,19739.7,15331.9,16415.6,20041.8,17755.7,20173,14813.2,16393.4,17956.5,19170,19633.7,15508.9,21868.2,20318.5,19831.6,20165,17974.5,21815.4,21036.4,17321,18634.5,16986.5,20393.1,18817.8,25222.7,24596.3,30638.4
30340.9,27094.1,21122.2,21608.2,21148.2,17894.1,21447.4,15210.8,18844.1,15663.7,19453.2,19843.4,18494.5,20352.3,14261.8,15468.9,16527.9,20324,15626.7,14946,20011.1,19023.1,19128,19261.2,16790.5,16407.3,17527.9,16634,17606.7,14867.7,18569.3,15398.6,20339,19746.6,20491.5,18119.7,18222.1,15782.3,18476.2,20032.4,19734.5,16372.4,17851.1,16324.8,21168.9,17678.8,16183.2,17964.9,19060.6,16078.3,20039.8,17709.9,15595.9,19031.9,16116.4,20501.5,18195.8,15151.7,17711.1,18212.9,14889.1,17068.9,16970.8,19337,19043.8,16872.6,16222.6,16058.7,18408.5,17103.2,18163.9,17524.4,20863.2,15342.3,17980.8,17055.9,15440.3,14738.4,20950,20206.9,20751.6,14919.4,15569.5,17041.7,14784.8,15382.8,14859.3,18167.4,18447.7,19880.9,19479.2,15534.6,19218.9,19528.1,21628.5,21437.6,16454,17880.5,18467.9,15978.5,16725.2,18020.3,16258.5,16388.8,15651.6,21222.3,15174.1,18551.2,18146.4,21020.3,21193.7,18472.8,18219.4,16468.1,15908.1,18530.1,17156.8,18249.6,19385.3,17593.9,19305,19097.7,18992.7,21963,17953.7,17259.5,20957.3,16253.3,19785,18684.7,20822.6,17884,19687.4,15862.6,21640.7,15551.4,16851.2,19225.2,16267.1,18387.5,19147.4,15618.1,20587.5,16941.1,16131.1,17127,15570.3,18819.2,18560.4,16549.8,15514.6,19011.3,21478.2,19294.5,18829,16219.6,19968.1,18230.6,15735.9,19166.8,16591.9,15873.6,20935,20474.7,20749.8,17414.4,15899.6,21498.8,17899.2,17282.7,21495.8,22144.7,19216.5,20838.7,18029.6,16922.1,15512.9,16944.7,17117.3,21077.4,19268.7,21251,19109.5,18347.1,19915.1,19142.1,20675.1,18700.6,17540.6,18924.1,21612.3,19191.4,20885.4,18372.6,15736.9,21083.7,16641.1,17593.1,17844.6,18938.1,20175.9,20571.4,19149.2,16329.7,17914.3,21478.4,17345,15941.8,18821.7,17066.2,15866.8,19854.7,20081.5,17395.7,22001.7,15990.1,17501.6,18000.7,21160.5,15859.9,15415.2,19764.6,16740.4,17621.9,15374.6,16803.8,20174.1,18070.4,16814.6,21924.9,17463.8,16591.4,20878.3,21567.9,20469.9,17956.6,18978.5,19617,16568.5,20897.1,15648.8,20104.5,20302.3,22077.5,20626.7,18387.2,20631.4,18870,18099,19743.8,16393.5,18475.5,20466,17578,15602.4,17194.2,21759.4,19461.2,16039,15611.8,19798.4,18118.7,17656.7,17591.7,16961.6,16820.4,21052.6,18010.7,22570.8,22069.8,20908.3,17341.1,19792.8,19624.9,18739.5,19220.9,16748.3,16842.6,17026.5,20690.3,20637.2,16466.6,21130.5,20606.9,21845.9,18821.5,20338.3,15964.6,19651.1,21951.6,22205.2,21500.4,20709.9,21340.9,16356,17002,16138.6,19452.7,20214.2,20743.4,18790.5,20895.7,22759.2,21991.6,20992.3,16771.7,20707.6,21805.2,20689.9,18466,18328,20356.3,22570.1,19128,22646.3,19007.9,19564.7,17794.1,22212.6,22199.3,19693,19285.5,23269.9,21364.5,19240.3,23019.1,18029.2,17317.3,21378.5,23440.5,22349.6,21130.3,19959.3,18630.9,17054,22987.9,22158.6,17153,21657.3,19718.1,20505.9,18762.7,22079.5,21454.7,21664,22714,19419.4,20178.6,20149.7,17950.5,17586,16374.1,16728.8,21100.7,21638.9,15886.4,15549.9,18018.7,18668.2,17940.9,19217.7,18095.2,15662.6,15123.4,20384.1,18873,17003.8,15341.3,20288.3,21100.9,21143,17852,20673.8,18738.8,19008.2,19135.6,18202.1,19080.6,20288.3,18320.8,19439.6,25637.2,25668.7,30351.5
32005.5,28998.6,24555,23996.1,17414.7,21232.6,18952.1,19218.9,17852.2,19183.2,17799.4,18957.8,16583.8,17612.3,19878.3,17296.6,14328.5,15754.3,16760.2,19745,18009.3,16915.5,16805.1,20661.7,19694.9,15905,20267.9,19912.8,20123,16934,17367.3,15697.8,21278.3,17301.8,17618.7,18044,15638.9,16496.2,19902.4,17372.5,16072.5,17187.8,15702,18171,20713.2,17837.7,19090.3,14706.5,16264.5,15923,18897.3,17654.4,15703.2,16619.6,19125.4,20307.7,18064,17484.3,15868.8,14958,19292.9,20338.1,15065.5,17715.1,17972.4,18455.7,19523.1,15572.3,17483.2,20811.7,20083.2,15111.9,18855.9,14625.9,17538.8,20380.6,17237.7,16658.5,21069.9,20527.4,15454.2,17986,17277,16912.8,15750.8,19068.7,18553.3,18346.4,20028.3,20983.4,17594.1,15064.1,17649.2,19798.6,19874.3,18806.5,19546.5,20504.9,19554.6,17735.6,17886.4,20625,19535.8,19333,15345.4,18904.9,19756.2,19631.2,21865.8,20054.3,20777.6,20670.6,19399.2,21904.7,20572.1,20666.8,17699.3,16806.6,19784.2,17523.4,18273.9,22060.5,21058.1,20578.2,19151.1,17023,19989.9,20658.4,18662.7,16692.5,21793.3,16488.5,16944.7,16987.1,18555.1,15608.2,19146,20346.2,19557.1,18954.2,16496.6,16957.7,16416.5,16952.7,15137.6,18270.2,16338.3,17491.9,17606.8,17137.5,16601.1,16767.2,20010.4,15944,15007.2,14745.2,15520.7,20188.3,20424.8,21411,20398.6,20819.7,20540,20232.3,15607.8,19455.9,17748,15358.4,20662.2,16301.2,19952.5,17885.7,18930.5,20976,16060.1,16883.2,17470.1,19715.8,15678.1,15992.5,16375.4,17916.2,18659.9,21071.1,15432.5,15608,19642.8,19018.6,18283.6,20680,17512.2,20606.5,18222.2,18675.2,17028.3,19051.8,16251.1,15759.2,16285,17402.3,20288,19215.4,21243.2,20574.5,21292,21239.3,21700.7,19151.9,19059.6,18591.8,21246.5,16326.3,18867.3,21120.5,19433.3,19211.2,21735.4,21796.1,16571.8,21651.2,17271.1,20984,19896.1,15956.3,16701.7,15448.6,20477.1,19655.2,17791.8,15783.5,15658.6,16045.8,21551.7,20232.7,17212.7,15817.9,16195.9,17917.3,15761.2,18952,18985.6,16443,16907.6,20989.3,20758.9,20099.5,16735.1,16909.7,21224.4,19391.1,15932.2,18962.7,17736.8,21531.5,20363.7,19171.8,16862.8,20142.8,19895.1,18674.1,16378.1,21234,17462.6,21893,18161.2,21457.5,20780.2,20246.9,22300.2,21623.8,18818.7,17112.3,17535.7,19905.3,21915.1,22135.4,18809,20176.4,17997.2,18615.4,18519.7,18616.6,18905.8,21514.9,18885.5,16400.7,17104.7,19041.4,17917.4,22239.5,15847.3,17612.7,21191.1,17600.5,19725,16213.8,19072.9,21489,16745.5,17603,20538.6,18347.8,20980,22609.3,19030.9,18437.5,19393.6,16879.5,20582.2,17804.6,16433.4,22338.4,20785.9,19491.7,16418.5,16892.9,20657,20874.9,21597.2,17087.4,17367.9,18502.1,18326.6,22433.1,17971.6,19976.3,21198.4,20435.1,21317.9,17790.7,20159.9,21140.6,18623.8,20666.6,19751.7,19434.1,18113.1,21207.9,18873.4,21228.8,22832.5,18389.3,17008,21298.3,21332.6,20908,22766.9,22440.8,17778.2,17563.2,16778.1,19816.3,21315.8,20893,22288.3,18074.3,17179.6,15704.9,18423.5,15413.6,18989.8,20659.3,19180.1,15833.7,19754.3,20930.1,18533.6,20083.5,21400.3,15897.9,20756.9,21903.5,21901.9,15915,16539,20480.9,17777.3,21911.9,18376.7,20282.6,19201.9,24010.2,28386.4,32914.7
33974.2,26323.6,23564.2,23539.5,18400.9,20717.8,18059.6,15893.2,17792.4,19779.9,16919.3,20490,20025.5,16429.9,19141.1,19933,14986.3,17666.7,15830,15896.5,16822.3,16688.1,17611.2,15321.9,18867.9,19846.1,18769.7,18484.6,15388.8,20045.7,21053,15698.2,20817.7,20370.7,18972,17775.7,17218.7,15659,16054.1,15228.8,16709.2,17574.6,16330.8,16252.5,17293.7,20912.4,20097.5,19605,18796.7,18060.7,19349.5,19851,19470.3,20988.6,20098.9,20003.2,15659,18927.8,15696.5,19883.9,15489.8,15112.4,19488.5,16466.8,19402.9,20717,19590.8,15033.5,16357,16763,17500.8,16148.8,17030,18566.3,17384.4,21047.2,16261.4,15255.4,16516.7,18629.6,17393.2,14987.1,20609,18941.5,19094.2,21055.8,19466,15057.5,18727.3,15445.8,16738.1,20516.9,17068.5,20802.3,17658.3,18743.3,16064.2,21672.9,17672.5,20889.9,20083.8,15971.2,21046.2,16429.4,20243.1,18721.7,21348.9,16271.5,19496.5,21233,16288,18451.3,19880.5,16960.2,16125.8,17910.6,20215.2,15948.8,19285.2,16907.9,21617.8,16306.2,18932,16400.5,18199.9,20132,18788.9,18975.8,21915.8,21758.2,16868.7,17042.2,21987.3,16388.1,19557.6,20077.8,16718.5,16966,16154.1,18429.4,19048.3,19664.8,18044.5,18480.2,19366.5,20351.5,14888.7,20145.4,19311.1,15656.2,19677.6,15242.9,16795.4,19894,19565.7,16243.3,20970.3,17632.5,21496.9,18409.9,16924.2,17482.3,15876.9,19306.3,17773.5,19546.6,17535.3,18466.7,19279.1,21608.6,16560.4,16956.8,17130.6,20939.3,20681.8,19088.6,18054.2,18322.3,16858.9,16096.9,19631.6,16936.7,18193.9,18351.1,15783.8,20274.5,17356.4,16239,17030.5,16223.4,19830.7,18578.1,15827.9,21685.6,21198.1,17675.5,20280.4,16101.9,21690.5,17457.9,18078.1,18665.9,21213,20332.9,18524.7,20679.7,17477.6,21311.5,17860.4,19670.4,22176.5,21663.9,17516.8,18094.6,19600.2,16764.6,16273.2,16030.2,18096.2,19663.2,15958.5,19143.1,15270.2,18434.5,19611.7,20671.8,21569.6,17557.7,18886,16021.4,18842.4,19075.6,20581.7,19218,19231.8,16176.5,17635,17106,21863.6,21439.6,17271.5,20898.2,18901,20771,21894.1,16421.5,16319.1,16781.2,19299.1,21643.1,17769.7,18642.8,17990.7,17528.1,21295.2,17063.3,17644.2,17478.9,15552.9,20018.4,16359.8,18215.6,20837.5,19692.1,20688.7,18528.7,21229.8,20169.1,17690.2,21122,17883,22006.8,18370.2,21213.6,21222.5,19561.5,20045.8,20322.5,22461.9,18334.7,21837.9,19852.9,22008.9,22239.4,18394.7,21946.2,21598.4,22133.6,22328.9,19575,20850.8,17592,21162.1,19897.5,22592.9,22168.9,18446.8,21215.4,20406.5,21456.2,17577.1,16219.1,19863,18581.8,18621.8,18906.6,22547,20494.5,21319.8,21354,21520.8,18924.6,20902,19805.8,22324.5,21988.7,16792.4,19840.2,17686.3,19779.7,22290.9,21530.5,20719.8,18721.2,20192.3,23131.6,21267.8,22738.4,19181.3,21679.3,22073.9,23490.6,21580.2,22516.5,20916.8,23070.8,21170.3,23134,19858.8,17062.9,20658.6,18720.7,20875.5,20536.7,23352.6,20093.2,16925.4,23387.9,17029.8,21368.3,16105.2,22029.1,20355.6,17853.5,20719,19569.8,20282.5,21362.6,15807.2,18857.4,20664.7,16016.1,19784.8,17468.2,20053.2,19126.8,17953.5,15741.5,17708.1,20654,17829.1,17637.2,16011.3,19155.7,22442.9,19089.1,19287.1,18649.8,17929.9,22349.7,25056.6,25646.3,25277,33379.4
30218.7,26308.7,23432.1,24695.3,18938.5,17546.5,21825.8,19549.2,20895,16430.5,19351.1,16262.7,20124.5,14678.1,17412.8,17205.6,15395.1,14442.6,18514.7,18089.6,16005.7,18881.3,15931.4,16935.3,20562.2,17969.6,20474.5,18908.2,17933.9,18223.7,19035.3,16758.8,16913.5,20904.5,17112.5,15254.1,17505.1,17946,17226.5,21586.6,19927.6,19773,21242,16320,16389.9,18082.5,18642.8,15892.5,16428.3,15050.6,16852.6,21339.4,18084,19882.6,20355.2,20373.3,19535.8,19845.9,21098,17170.9,18099.6,20613.7,17179.1,20232.2,19505.7,15224.7,17167,18591.3,18925.2,19872.5,17666.8,17115,15591.6,17790.1,15743.6,15395.1,17073.8,18226.8,17587.2,16000.7,18048.4,19759.1,14890.3,15529.6,20812.8,16763.3,17488.9,15267.2,19085.2,15640.2,16997.9,18335.3,18233.4,15008.8,20368.4,21166,18883.3,21521.9,18287.6,17855.5,20738.5,20457.7,17593.8,17899.3,17206.6,17959.9,20136,17225.7,15356.8,19134.3,18615.8,17333.1,17706.9,16189.6,20710.9,17155.1,20273.6,16501.8,18563.4,19230.4,21445.6,21526.4,18460.7,17467.1,15888.5,21119.8,19223.2,22106.9,16735.1,21701.9,17251.1,16694.5,20017.1,19003.6,15696.2,16754.4,18499.8,16404,17181.6,17602.2,16666.4,17171,18323,14965.1,18935.2,17662.4,15369.9,17713,19597.8,19046.5,15327.5,21062.5,19976.3,20267,15476.6,18572.2,15288.5,19779.3,16098.1,16656.4,18424.7,18805.4,16492.9,15440.8,18988.1,21075.8,15794.7,19941.9,15423.4,20661.3,20881.5,18192.2,19500.5,16521.9,15586.6,21534.9,20270.5,19533.2,17612.6,16276.8,17189.5,18945.4,20582.2,16820.3,17339.7,20948.6,16316.6,18446.1,15279.5,21165.6,19532.4,21005.2,21823.7,17228,21756.3,17647.3,17418.7,17428.8,17612.2,16024.3,21658.5,19905.8,21623.6,22413.2,17373.9,21203.1,22046.6,17949.8,17642.4,21514.8,16090.2,16810.1,17044.3,18154.4,16775.5,19519,16735.3,18617.3,21450,15705.7,19432.1,18616.3,19089.9,20023.1,21468,16136.6,18668.6,18810.1,16455.9,19284.8,21022,21428.7,17473.5,21601.5,16166.6,20827.6,21167.5,19580.2,19317.5,19741.1,18266.5,20850.7,19655.8,20945.7,18246.7,16375.9,20060.7,22054.7,16419.4,17012.9,15595.8,17683.2,18765.1,21329.8,19375.6,15591.4,19218.9,18896.6,17463,15789.8,18261.7,15931,19132.6,17506.6,20253,16038.3,16801.4,18289.6,18889,18826,19491.7,16826.5,18095,20439,21361.5,18498.8,17612.3,18398.4,21858.4,20714.1,19669.1,18730.4,20292.9,17038.1,18278,21269.3,18262.2,19882.9,18587.4,19226.9,17040.1,22370,22071.8,18091.8,17815.4,21374.9,16973.9,16351.5,19998,19065.3,18413.3,17843.1,17348.4,16749.9,19043.9,16518.7,22187,19538.6,16526.6,20973.1,20188.1,17212.7,16245.5,16351.7,20512.7,17534.9,18314,18894.7,22917.8,20463.6,22628,19709.7,18067.5,20976.3,18442.3,18306.1,21206,19014.9,18098.3,19444.5,22755.8,20893.2,17322.6,18396.6,22445,17121.1,18105.6,20700.2,18930.6,17348,17932.9,20169.7,20912.4,19806.8,20606.9,21373.9,17534.4,18417.7,22683,21309.5,16504.6,16315.3,17630.4,19564.2,20309.3,19523,18987.5,19240.3,19717.3,19283.6,20883.7,21400.5,20099.9,21052.5,19366.6,15877.7,17564.9,16889.1,16902.5,17916.5,21560.4,17115.9,19346.4,22087,20714.7,16192.8,17636.5,17529.2,17407.2,21518.9,20426.1,25934.2,27390.2,32792.2
31421.8,27241.2,21542.4,21385.9,22781.4,19478.8,19162.1,20376.2,16628.7,15666.9,15358.5,17085.2,16212.2,20185.3,18400,18460.6,18868.2,16042.3,19781,19080.4,16083.2,15708.1,18744.5,17066.3,18104,17381.9,20120.6,18223.5,14769.2,19882.4,20680.2,19664.9,20381.6,17157.7,16508.7,16549.6,20272.9,19955.2,17588.4,18803,17276.2,21327.2,18733.5,18764.3,19801.4,17882.3,17455.5,20804.2,21270.3,16518.1,18650,15831.8,17277.1,16826.3,16847.1,20240.2,21284.6,20165.4,15119,15322.1,15451.5,19140.8,19193.3,21291.4,16067.1,19494.3,19646.3,20853.6,17430.8,16839.5,15538.4,18056.6,18811.8,15568.2,19901.8,17260.1,15108.1,16041.9,19535,17430.9,16190.7,16681.2,20789.7,15745.4,16860.6,15685.5,15346.9,17546.2,18405.8,19328.9,17325.8,20609.8,15469.6,21404.2,21371.8,20962.9,16299.2,20131.1,18547.5,17294.7,19189.8,21026,20943.4,16987.9,18203,17758.6,19368.8,20024.8,16262.3,19669.1,16506.1,20929.3,21163.9,15657.9,15788.1,20667.8,21625.2,20660.6,19891.7,21393.1,20257.1,19299,16215,18610.3,20586.8,20007.9,17124.6,16045.4,18326.5,21152.9,20977.7,18736.1,19819,16533.9,21449.8,21235.9,18423.9,20388.3,19278.2,20037.1,18162.8,18855.4,19280,18370.4,19409.1,15489.2,19780.4,20148.1,16162.5,18310.3,16502.6,17858.6,16956.2,15645,16631,18778,17302.7,15425,20743.9,16692.2,18566,20441.6,20881.1,15852.1,19904.7,17250.3,20376.3,16850.1,17972.2,20813.8,18309.2,20641.4,20376.8,19812.5,18002.8,19487.1,18175.3,21570.5,19466.2,16652,19629.1,17780.6,17317.3,21818.6,16800.3,16244.6,19953.4,21207.1,20994.9,20066.4,20415.1,18131.4,20246.7,15843.3,15735.2,21926.9,16891.5,20571.2,19708,22219.9,21752.7,20810.2,21197.8,20551.6,16766.1,21104,17381.5,18213,18343.8,19584.7,21471.4,16981.8,17869.2,19799.4,16281,17211.6,16195,19408.9,21254.9,17241.9,21379.2,20245.5,19177.4,20536.6,20171.4,21765.6,18893,21769.1,17001.2,16630.5,16898.3,15784.2,19249.6,16312.9,16111.5,16844.6,15718.7,20935.8,17659.4,22056.1,20515.8,22233.7,18009.6,21898.1,16013.8,18902.7,18160.8,18727.5,18002,16492.9,16698.7,19770.7,18676,16260.5,16055.4,16535.6,16506.6,19563,17212.4,20737.6,17656.4,16123.2,17549.4,15718.6,20335.9,22352.7,19613.5,18819.8,19861.9,21789.3,17319.5,17550.6,22265.6,21258.4,16786.8,16576.5,20122.1,20769,18122,17933.8,22091.6,17696.5,16347.5,22163.8,19261.9,19230.2,15891.4,20677.1,18980.7,17872.6,22003.2,18266,17926.2,21771.9,16432.9,20879.9,21870.8,19761.9,20562,19454.5,18267.1,21805,21622.8,21064,19849,21966,21269.2,20629,18331.8,20227.6,17707.8,22330.9,20987.5,21557,19979.7,22241.9,18857.4,22767.5,17594.2,20610.3,21746.6,19289.8,17840.5,21392.3,17698.7,19194,21208.9,17607.4,17106.7,20214.7,17870.6,17227,21887.9,17481.4,19120.6,16913.9,17956,23126.8,21327.4,18585.4,22320.2,20526.3,17723,22067.7,20453.4,16952.2,21348.1,20059.3,19563,22786,17037.9,16414.1,19675.6,16169.1,21717.6,20873.1,17516.7,18713.7,16700.5,18488.2,17470.5,17923.1,20946.7,19444.7,15957.3,21191.4,17118.5,19040.5,20732.3,22166.7,16853.8,22234.1,16781.5,16450.4,18882.9,17822.5,18947.5,18756.8,17873,20836.4,22549.3,25577.1,26503.5,35474.9
31895.8,28169.9,21001.4,20526.1,19124.4,17881.2,16080.5,21396.2,15843.3,20242.1,16100.9,17597.9,16689.2,20299.9,19753,18101.2,15259.5,15174.3,16797.8,15917,15378.7,20515.8,19736.1,16515.4,14627.4,18234.5,17313.5,15062.3,17301.9,18704.2,19927.9,19535.1,18649.4,21078.9,15945.2,15160,18958.2,18198.4,16418.8,18009.9,16130.6,16326.3,21658.5,21348.4,16529.9,15728.4,20280.9,20981.9,16599.7,20493,9313.54,16679,18041.6,18589.7,18270.5,18485.5,21272.6,16814,15528.3,16383.4,18374.6,17995.4,21267.2,17986.1,15067.2,18681.2,17352.8,21310.5,15042.6,19146.5,15609.6,15632.9,15768.2,15409.7,17837.3,16187.8,21182.8,18401,17235.4,17811,14875.5,15822.9,16285.5,20208.5,16056.2,20000.3,15828.5,15867.5,17938,19280,15376.3,21359.9,17360,16426.2,21144.5,16738.6,16017.2,20641.2,18881.5,15504.7,17530,21577.7,18489.2,21469.2,18013.6,18898.4,18657.8,15988.3,18277.6,19904.6,16834.4,15570.8,18737.7,19409.9,18800,21386,17341.3,20802.9,21977.4,18600.2,21945.3,22255.3,18298.9,16474.3,17741.6,18988.5,16513.8,20673.3,20495.7,19916.3,20222.8,20314,22063.1,16380,21559.7,21132.2,16222.3,17998.8,15773.3,15164.9,15667.1,14796.4,17999.5,16268.2,16443.1,16778.8,16281.4,16049.9,21193.8,18083.7,20647.3,18200,17060.6,20133.6,14324.4,14946.8,15674,18935.9,20270.3,19959.7,17583.4,16250.9,19287.2,16197.7,19565,15339.4,21088.6,16568.6,20063.3,15936,21367,21038,16915.3,16640.4,15481.2,17266.5,16823,16242.4,18146.5,20045.5,15507.5,16309.4,18076.5,19155.6,18288.3,18316.3,20272.6,15976,16217.1,17458.8,15466.8,15600.9,17348.8,15898.6,21155.6,18365.7,21446.9,15977.2,16577.7,17200.5,21913.6,21759.5,17506.6,21406.4,19464.2,16231.8,16637.3,18038,18578.8,16803,16634.1,17925.5,19797.7,17674.9,19573.9,18173.3,16700.3,20350.3,15641.4,17161.8,17224.2,20583.8,16172.4,16297.7,17828.5,17556.4,19222.7,19239.2,16666.5,19584.8,16314.6,17724,17954.9,18562.1,18345.9,18537.9,17888.8,21796.1,15656.2,21523.4,21179.7,21858.5,20222.9,19437.8,19756.5,18274.2,18571.4,20501.9,16145.5,16094.7,17653.3,17512.6,21638,18851.3,17199.5,15707.3,21252.6,15611.1,19511.5,19950.8,20808.9,20126.6,17683,16898.1,19681.1,20118.8,21176.3,16873.7,20375.8,19455.6,18634.9,16583.3,22462,21369.6,17343.9,21473.6,20415.5,19824,20829.6,20867.1,17316.9,16079.3,18240.8,17623.6,16797.2,17178.2,21165.2,16898.1,20478.6,16667.1,18951.8,16600,16171.1,16606.8,19300.5,20789.3,22195,18403.1,19559.6,18388.2,19506.2,18398.2,19377.6,18694,22478.6,22035.6,18312.3,18510,16380.7,18101.4,19617.1,17907.3,16856.5,19529.5,17607.9,18647.7,18430.9,21565.4,22837.2,17666.1,19633.7,19547.5,18800.2,22972.7,20087.2,19764.1,22886,23791.7,20434.5,18621.1,17174.5,18160.8,20217.4,18927.7,18621.2,19759.1,21279,22660.1,18693.6,23083.2,16850.5,21039.6,21769.4,18545.1,21129.5,21524,20039.9,21305.4,19136.5,18784.7,19408.2,17980.1,17775,20368.5,21342.7,17939.4,16707.7,21883.6,17091.9,18857.3,16931.6,15735,18739.7,16832.1,18157.7,20639.8,15505.8,16759,18745.3,16859.9,16314.1,16612.7,16978.8,21781.6,16817.1,16135.4,16519.3,20911.3,19114.4,21645,19395.9,23118.4,24767.8,29652.1
29234.7,28906.6,23272,18951.5,17407.8,19192.7,19659.8,19802.3,16084.6,15768.9,19993.8,17854.5,20135.3,19302.9,17137.6,19444,19971.1,16279.4,14728.7,17544.3,19177.9,16877.2,19712.8,16420,17464.9,15964.9,18810,18943.7,21101.1,20213.3,16760.2,17099.6,15623.4,18330.4,17379.5,19216,21139.5,19325.3,16639.4,21491.2,19429.3,19096.9,18569.1,17535.5,17824.9,16520.8,17097.7,18704.5,17320.6,19513.8,18029.1,17811.6,18808.8,16132.8,19266.6,15361.7,17673,18543.8,18630.1,15023.8,19367,18459.7,19828.5,19167.3,15845.4,18595.4,20435.8,19194.8,17073.1,17185.9,20648.6,16961.3,17349.3,16401.6,19622.9,18238.5,19392,17996.5,18710.5,20149.8,18027.5,15315.3,17387.2,20070.2,16439,16381.3,16197.5,15563.4,17637.2,16450.6,19143.5,19004.8,20023.9,15281.3,19074.6,15421.8,19540,18586.2,18871.1,18777.1,16203.4,21427.9,18865.5,15039.9,16231.1,19317.1,18347,17837,16597.3,18248.9,16688.8,19592.3,18695.1,15993.4,15952.7,20118.1,16454.4,21804.3,19634.3,20268,16151.6,17125.2,17751.3,20906.5,17538.5,18523.3,20474.2,20303.3,15940.2,19988.8,15579.5,16478.6,16255.6,16744.2,17146.3,15616,16272.7,20643.3,16441.3,15308.1,20553.8,20097.9,16173.3,15188.3,16318,15218.4,19934.4,15844.1,15302.7,17000.7,18287,19447.4,16528.2,16379.5,15953.2,14885.2,18133.9,20766.1,18132.7,17129.3,19270.3,18034.9,20527.9,19074,19903.9,15535.4,19600,16741.8,19659.5,20790.9,17704.6,19185.2,17571.7,20547.3,15891.6,17099.7,19136.3,18142.9,20808.2,17397.5,17260.8,16206,18195.3,19250.4,21203,17344.9,17815.6,17391.8,17674.7,20968.6,17105.6,19199.2,16787.4,19155.3,19933.8,19708.7,16494.2,15889.1,17104.5,18692.2,21387.1,21072.6,18864.6,17357.2,17287.5,19908,20400.9,20165.7,17090.8,17835.2,16814.9,20175.3,16831.8,20747.3,21467.2,21944.5,20216.2,18383.2,17618.7,16268.4,19632.3,20283.5,15536.7,18155,19369.8,15740.5,20911,16504.3,15465.4,16517.7,16099.8,21008.8,17312,21929.3,21728.8,20585.8,17013.2,18118.5,17111.8,20565.7,16690,16255.2,19685.9,20625.9,15809.8,15810.8,17990.7,16938.5,19334.2,21974,17371.3,16077.9,15679.8,17694.9,16518.8,21628.7,16817.7,21619.7,17317.9,16880.7,21766.3,20673,15855.3,20208.4,16571.9,19477.9,19780.8,19762.6,18249,18818.8,20822.6,22068.3,22015.3,19118.5,19908.3,18722.8,21465.2,18465.6,17407.3,17989.5,20665,17321.6,19778.3,21605.2,19886.6,21605.6,17961.3,22117.9,22547.3,20897.8,20546.5,19154.1,19635.6,17395.8,17100.8,20587.6,16944.7,17101.2,16241.7,16378,19564.9,21552.6,21243.6,21691.3,17239.3,20383.5,18116.7,20352.1,15990.8,19265.6,18123.1,22188,17428.3,21764.3,21366.4,17648.5,20417.1,20572.2,17453.6,20686.5,17281.4,21098.6,18012.4,23598.8,19019.7,19391.9,20502.1,17896.9,18313.2,17648.2,20878.9,22392.3,19928.8,20754.6,20928.9,21952.8,22279.8,18996.6,22529.3,18286.8,20505.9,20101.1,22630.9,23322.5,19363.5,21190.6,17861.1,19842.1,22476.6,18656.4,18773.9,19974.1,20340.4,16739.4,18147.5,18112.9,20537.3,20767.3,21768.9,20424.8,17937.8,18329.6,16338.8,17477.8,20549.7,18727.1,20021.3,18390,21660.5,17470.8,17797.9,16256.4,18949.4,19843.9,21102.7,22966.8,20914.7,21046.1,20883.6,23123.3,23354.5,26782.7,27338.3,34361.4
34249.5,29087.1,26051.2,21743.7,21221.7,21773.8,18009.5,15863.7,20343.6,15793.1,18406.4,19764.4,16440.4,18196.7,16984,17886,18468.8,15556.7,20006.3,15623.7,16088.9,15160.9,19061,15959.9,16066.5,16931.5,16527.8,16133.9,19765.3,16806.7,15151.7,19072,18931.6,21727.2,20538.4,16782.4,17399.6,16673.3,17466.2,17406.9,20400.9,20515.2,20019.7,21378.8,21139.5,16690.6,16608.9,16863.8,21054.7,20321.3,18998.2,18617.3,20241.1,19116.3,20221,17529.5,20963.7,19995.8,20147,17613.5,15240.5,20744,16385.1,19663.5,20756.8,19445.5,15852.2,21010.2,15791,19637.7,17633.5,20041.9,17572.5,21166.6,14996.8,16256.8,18812.7,16652.3,20481.2,20237.4,16806.4,18912.2,18661.8,15847.9,15607.2,16293.3,17345.6,18214.5,19924.2,19822.8,18289,15578.2,20842.7,20959.9,15724.9,17055.4,16381.9,17666.8,15633.7,18608.4,17787.3,17489.4,15314.6,20508.5,18577.3,20998.2,18847.9,16821.3,15442.6,15912.9,18275.6,16080.2,18155.7,21119.5,17005.7,21373.8,17417.3,16780.6,20876.1,15781.8,18085.1,17641.6,17404.9,17747.3,16158.6,18767.7,19984.3,18048.2,15710.7,16638.7,20014.2,22097.7,19085.4,21247.8,17523.8,17666.9,16372,18946,16987.4,19540.9,20539.4,18130,14514.7,18164.7,20705.2,20699.6,18505.1,18990.2,17930,16326.2,16687.6,15675.4,18019.1,19344.8,18372.1,15273.8,17417.2,17829.2,20390.7,18977.8,17765.2,17966.8,19692.4,16290.1,21417,15939.7,21236.3,16761.9,18641.8,20734.7,21478.3,16195.3,19679.8,16119.2,16379.2,21740.7,16620,18452.1,18083.3,21939.9,17935,18668.6,17155.8,21136.4,17543.3,16345,20989.8,17789.9,20987.3,16925.1,19815.8,15920.4,16723.6,21721.7,20371.7,19682.9,20615.6,19676.5,16183.5,17420.4,21275.2,16492.3,16415.2,17776.8,19316.4,19128.7,18393.9,20441.7,22002.2,17126.1,17842.1,19629,19275.2,18064.8,20421.5,16946.2,20099.1,20474.9,20886.4,15812.4,17770.3,15189.2,15034.1,21218,18051.4,18661.7,18042.4,18313,17472.5,19838.3,21071.4,16397.9,20915.4,21055,21827.4,16132.3,20464.6,15676.5,18219.6,19377.5,16539.3,18191.4,21698.5,20442.1,17688.6,17667,20626.5,20517.5,18092.2,17644.1,17756.3,21074.4,19692.2,19672.5,19648.7,21249.7,19664.4,20085.5,20686.7,16514.2,18227.9,16688.3,18526.5,18202.6,17562.3,16488.4,18264.4,19547.4,18235,20463.9,19730.1,21950.9,20302.4,21058.6,17623.4,22460.5,18840.6,16824.2,16281.6,16815.8,17132.2,19559.8,20209.8,20756.8,19388.4,21097.1,16375.1,22408.7,21550.4,20076.4,19887.2,20075.4,21477,16544.3,19335.1,18410.2,21373.3,18096.2,21410.4,21401.7,20233.3,18444.4,19240.8,17162.8,22198.5,20392,21781.9,22894.5,19570.8,18596.1,17819.2,18174.4,16283.4,16180.6,18701.1,22676.6,20605.8,22644.4,18050.6,17236.6,17223.7,21995,18436.6,18747.8,23735.8,22340.9,22843.9,22292.6,18588.2,19258,17923.4,23463.4,21760.4,19724.3,23196.5,22397,20777,22353,21486.5,20236.1,17856.9,20911,18867.8,20230.3,17500.7,21007.9,20395.3,17240.8,18993.6,20538.8,20519,18434,18392.8,20838.8,19718.3,20729.7,21998.7,17796.9,19387.3,17835.8,19618.3,16428.4,17006.5,20896.5,15470.3,21725.9,15887.4,16678.9,20515.6,18480.5,19127.3,16570.6,18156.4,20377.7,21111.8,22328.2,21281.9,20570.5,18186.7,21772.4,21912.8,23581,28569.3,33738.8
29178.5,24683.6,26927.6,20317.2,21043.1,18993.9,18556.1,20480.7,17181.2,17040.1,18755,20361.6,19983.1,16519.2,20186.4,17577.5,20630.9,16737,15921.5,20720.2,16830.9,15581.7,17313.1,19006.1,17575.6,14768.4,19175.8,16035.3,16908.2,18398.9,16996.9,17133.1,19941.5,18312.9,20765.5,18259.8,21596.2,15913.1,19700.7,19391,16169.6,19366.2,21020.8,16730.7,18225.6,16353.6,19387.8,21053.8,18928.1,15378.6,17515.2,17961.4,18691.8,19615.1,18956.4,21015.8,20729.4,19452.4,19427.1,20518.5,17342.4,21336,17144.6,19776.6,16349.3,18333.6,21161.6,19054.4,19164.2,19204.4,20444.8,19218.7,15300.7,19274.2,18678.8,19582.2,17475.4,20342.6,18286.8,19432.7,19501.1,14634.4,17282.1,15470.7,15258.2,14708.7,17072,16666.7,21078.1,18293.5,18912.8,20259.7,17045.6,20576.7,17508.3,20498,21509.8,21229.5,21746.3,19372.8,21481.7,15933.4,20332.2,21486.4,15694.5,18036.3,19739.4,21260.9,18706.6,16837.7,21832.2,16167.6,20952.8,17510.6,20483.2,16508.6,16437.1,17042.7,16774.2,21843.6,15891.9,16764.3,21977.6,16001.6,21737,19268.3,21152.2,20794.7,21445.6,20960,22028.6,21930.6,22354.5,20364.7,15725.8,21203.7,16458,17060,18060.8,20110.5,16814.5,16915.7,20027.1,17750.3,16796.5,18139.4,17388.7,18493,15665.7,18867.2,19137.5,17938.7,15040.2,17620.8,14086.1,17758.9,15158.1,17032.9,16168.7,18441.2,18589.1,21321.7,17551.7,20035.4,19863.4,16691.2,20555.9,20838.8,15620.4,15575.3,20049.3,17054.8,19643.7,16930.5,19221.8,20912.5,20933.6,20943.5,17429.4,17327.8,16345.3,17540.9,19685.8,17800.9,17145.7,18752.3,17370.9,19172.8,19494.8,16507.6,21197.2,16456.4,18955.8,22238.6,19573.5,20930.9,22023.7,18236.7,21686.2,16930.8,16618.1,17219.8,20194.9,21249.3,16373.9,22070,16874.3,16757.9,18936.1,21488.9,16146.5,20317,20663.1,19796.7,20410.5,16634.5,16019.6,21329.2,18489.7,16372.6,15629.7,17697.7,18435.4,18390.4,17489.4,15388.3,17023.5,17729.7,18900.8,18177.3,16490.3,17759.2,15335.2,19690.3,17989.5,19397.2,20982.9,21904.6,17907.7,18840.2,18986,21198.5,16237.2,20940.1,18951.3,20760.5,17769.9,19225.1,17559.9,17887.9,17242.9,19126.5,20489,15735,21505.8,18788.6,20134,15664.8,15830.4,21857,17225.5,19302.7,18106.2,16250.8,19393.9,19759,16677.3,21646.6,21361.9,22310.4,16315.7,21117.1,17594.2,17497.8,19559.8,17527.8,19986.1,16329.6,18935.5,20626,21555.5,19140.9,18875.8,21858.3,16275.3,19343.2,19755.1,16074.9,22340.3,17527.9,21946.4,21300.1,16479.9,16971.3,18023.9,18051.8,21380.9,16362.2,19058,21632.4,21435.7,18901.5,16446.2,16613.8,22809.3,19635.4,19454.7,19336.2,18169.7,19417.2,20911.4,17987.9,19800.8,17953.5,19595.8,16749.9,18315.6,21102.4,18166,21301.5,19065.7,22817.4,17082.7,18478.1,20193.4,17410.2,18410.8,17919.9,23058.6,18184.7,18082.6,22666.1,20719.4,21151.4,23059.2,19349.5,19215.8,17653.5,22655.1,17694.6,20623,20690.8,17727.8,18148.3,23631.9,22760.2,18963.9,22226.8,19608.2,21452.3,18123.8,17774.9,16249.5,22151.5,19191.7,18667.2,17320.4,18299.7,22405.7,20646.9,20051.2,18228,20915.7,21220.6,21219.4,19752.8,15216.7,22008.8,21828.8,20418,20474,16712.5,21987.5,16620.5,19168.8,17283.4,20163.7,20878.7,22484.3,22725.7,22776.4,21469.7,24918.8,29985.5
32044.4,26511.3,23033.6,21247.3,19203.3,20031.7,19327.7,20123.5,15461.2,16365.1,20633.8,17052.2,20883.2,18941.3,17081.5,15531.2,16403.9,17468.7,20239.9,19243,19494.7,17812,18796.5,19749.8,16039.8,19577.3,18744.8,17846.2,18265.8,18202.2,21465.5,15770.2,16334.6,20490.3,20262.1,21026.3,17298.7,16805.4,17970.2,15924,17310.1,17468.7,20178.4,20084.1,20593,19741.8,17682.9,20851.3,19905.3,15632.1,19204.1,18180.2,19371.3,19600.9,21064.1,17654.7,18045.8,16113.5,17304.3,17700.5,20004,20478.3,19216.3,20673.5,21499.8,19453.9,15955.7,15092.1,19929.1,18640.8,19103.8,16852.2,21282.3,17490.3,20450.1,18624.8,21235.6,16145.9,19516.7,17872.1,20178.1,20264.1,18747,20069.2,21517.3,15346.1,16010.1,17726.7,16494.6,19721.5,20561.1,16551.6,15164.6,15398.1,19450,19366.6,18312.8,17004.7,18485.4,20114,18972.5,16083.9,15277.9,16678.7,17934.4,15360.2,19552.5,15156,17569.1,19805,17588.4,17348.3,19067.6,17581.4,15798.2,20774.2,16213,15948.7,18276.9,16424.3,20560.9,17534.8,18747.5,18360.1,16269.4,18552.8,16967.5,16424.1,20481.4,21655.3,21343.3,20707.3,21048.5,20812.5,19678.2,15398.7,19916.1,19837.4,17240.6,17490.2,15119.5,17304.8,15913.8,18940.2,15421.9,19176.8,16806.3,15835.8,17860.5,14848.9,17305.1,16936,20392.4,19340.1,15984.7,17687.2,21403.7,15829.9,17549.8,14977.3,15973.9,19616.3,15070.6,18331.1,16857.5,20335.2,18882.1,17252.5,21530.6,21578.6,20284.8,19654.6,16724,17863.6,16918.6,21756.7,17568.6,18904.3,18533.4,16345.7,17275.2,21784.9,19398.1,20688.7,16709.5,18853.2,15943.4,18038.7,20988,16557.5,19468.4,21817,21673.7,20798.7,17159.4,20586.8,21361,17518.1,20037.5,19686.6,20785.9,18106.9,19352.8,22226.9,16633.8,18979.1,21898.1,17517.4,17714.7,20757.3,17478.7,20039.6,20360,20178.8,22190.7,18700.2,16424.2,17314.9,18278.1,15422.4,16117.3,19659.5,20484.8,17887.4,18438.4,16748.5,19166.2,17710.5,16540.1,19571.4,17826.4,19861.7,20790.2,17672.3,21276.8,16444,17701.4,16430.2,18044.8,21211,20716.8,16286.5,18970.2,15528.7,17064.2,19425.9,20112.9,21391.4,18982.5,21295.5,16702.7,16320.5,16244.3,19770.4,17841.4,21578.4,19192.3,20555.1,19926.8,17762.2,18151,17625.7,17763,18177,22067.2,21741.9,21857.5,22336.5,17949.8,22267.5,21033.2,18417.4,21684.5,17392.1,20848.6,18890.4,20129.3,17300.6,17052.4,16588.8,21486.8,16986.2,22166,17463.3,17248.9,20150.3,16207.7,20274.9,22315.2,18817.7,19282.3,22419.5,16798.2,21951.2,20768.1,22028.3,21337.5,20050.6,19407,20108.2,18370.4,20428,20127,22365.4,20299.1,18698.3,16366.9,16931.6,18162.9,22497.1,18154.4,19176,18635.3,21809.7,16587.7,22597.7,18822,17259.9,20983.3,20783.9,23216.3,17732.2,19363,17530.5,23152.9,23601.3,20461.7,22791.1,22362.9,22282.3,18259.7,20989.6,20923.5,21203.1,18011.5,19239.3,21623.8,21143.6,20900,18789.3,22240.8,19325,19442.6,23909.7,19371.8,19350.9,19023,21093.8,21802.2,17802.9,17963.9,16679.3,19560,17362.4,19023.5,19016.1,18808.2,19852.5,19918,19199.2,22325,16464.1,19074,19618.4,19295,15711,17017.2,17839.2,16727.5,21463.8,18079.9,18603.5,20282.6,18993.2,19268.1,16891.3,20292.2,21221.1,18358.9,22523.5,20792.9,24065.6,25934.6,29503.7
34167.7,27659.4,22165.5,21384.4,23229.5,18823.6,17115.4,16795.1,16276.6,19706.8,20987,19760.7,19484.2,19368.7,17993.7,18617.1,20899.3,20211.7,18423.3,20002.8,20253.3,16752.4,18041.2,16386.8,17570,20505.3,20140.1,17564.2,17933.4,19770.9,17119.5,17133.5,18280.5,20991.5,19214.5,21008.5,17078.7,19735.7,20898.2,17052.1,17729.7,20466.7,21181,16468.7,18581.2,15444.9,19671,19835.4,15755.5,18309,16591.6,16310.6,18568.2,15870.8,20975.6,16111.5,19923.9,16637.4,15397.1,20714.5,19266.2,21501.2,16527,19370.2,15622.6,15159.3,16676.8,20786.1,19818.3,19563.5,18498.5,17308.5,21507.3,17447.6,15360,17092.4,17412.9,16300.7,20404.2,15772.6,17604.8,18531.4,21355.7,20680.9,18578.9,19841.2,20586.9,17049.8,19766.6,21653.1,16579.9,17196.3,18263.3,16251.1,20306.9,16329.5,17890.2,16794.8,18226,15848.5,15138,19737,18441.2,19239.6,17783.4,15952.7,18898.9,19006.5,16407,21670.8,16777.3,18554.6,17460.2,17392.8,21323.9,21194,20241.9,20864.6,21753.3,21545.6,19088.9,15663.1,18368.9,20791.9,20713.4,16639.1,17643,18998.3,18186.6,18441.4,16764.7,17311.9,19203.3,19833.3,19155.6,21417.5,17766.9,18377,18576.2,19226.8,19459.8,19016.8,15098.3,15587.9,14441.2,15281.2,19249.1,16766.8,15896.2,14839,18427.1,16184.6,15327.3,14662,18907.5,20226.9,16152.4,17800.7,16923.3,20839.3,18119.3,16040,17763.2,20880.5,18719.6,20125.3,20760.1,17518.7,19642.2,17817.8,16347.5,20661,15982.8,18694.1,20709.4,17002.3,20931.6,19924,17717.1,18904.7,19832.7,20849.1,16262.6,17263.5,19534.6,18359.2,18358.9,18271.1,20763.1,20072,19849.1,21315.4,20091.2,16591.1,21673.4,20176,18463.3,16230.9,22086.2,16516.7,21809.8,17154,20563.2,20964.3,16593.8,19398.4,18385.9,20499.9,17594.8,16770.3,17600.8,21760.9,19059.1,19783.8,16852.8,17058.4,16420.2,20799,18278.2,16637.7,20670.5,16983.4,21334.6,17968,15491,20389.5,18809,17616.3,19560.1,20593.5,17068.4,21724,19369.7,19808.2,17668.4,19276.5,18260.6,20642.1,20240.1,15859.2,16091.9,19567.6,21548.2,19047.9,17484.8,20076.3,16730.8,18834.3,17378.5,17764.8,21443.9,18617.9,21286.9,18901.5,19358.2,20548.7,21195.1,19377.4,19053,19271.7,16724.5,21037.3,21777.2,16824.7,21267.1,18689.7,20369.1,20375.4,21805.5,21298.3,16518.8,20989.5,18144.4,16043.3,16952,17643.2,20735.9,20918.9,20202.4,17627.2,15993.3,16749.2,18281,17203.5,20602.6,21342.7,22509.5,16244.2,18327.4,19547.6,16637.6,17209.6,17732,19416.3,16471.6,16300.1,19270.6,17207.2,20577,17016.5,19253.6,17220.2,21483.9,21681.4,20388.7,20852.5,16674.3,18846.5,20569.8,22009.8,17479.4,19323.4,16758.1,17536.4,19803.9,19855.6,19917.4,17034.5,18867.4,22582.3,20381.2,18814.2,21527.3,20629.4,20893.6,23910.5,22080,22457.9,23657.4,21002.6,21923.4,18965.5,23575.8,23978.3,23094,21957.6,21843.1,19431.8,20249.4,17867.8,21681.2,18081.5,22758.6,20194.1,21355.4,20913,21118.4,23494.3,20563.6,17727.9,16666.3,21250.7,20681.7,19559,19785.4,19662.9,21832.1,20525.4,16151.7,16980,16961.9,17277.8,21378.9,15726,21364.2,16465.7,20587.1,19870.7,18779.2,19674.6,20286.5,18047.6,16561.1,21867,20403.7,19954,18048.2,19567.8,20571.4,23167.1,23338.4,23477.5,29690.9,32544.8
29343.7,27854.3,26269.2,23992.2,19602.5,20478.7,21456.1,17781.1,17312.7,15150.5,19108.8,17555.4,19507.9,16988.7,15836.9,15336,20412,20415.1,20696.2,16746.6,20528,18131.6,17198.6,15218.2,15559.9,15095.3,20928.4,15944.6,15128.5,19761.6,15235.3,20795.5,21372.7,21329.6,20947.2,17423.7,19870.8,17101.7,16091.8,16107.4,17957,18292.9,17151.8,16923.8,19746.5,17726.9,19832.6,15996.4,17927.3,19769.2,21192.1,15698.6,17023,17879.5,19270.3,18783,17008,20420.3,16411.5,15313.8,21079.5,19014.2,17146.5,18638.7,19644.8,21313.1,18676.8,19059.2,20674,17276.9,16979,20993.9,20877.7,15358.5,17559.7,15957.3,16215.9,15077.5,17196.4,21030.9,15613.7,19714.8,19725.7,15072.9,16703.5,17412.3,21173.4,18796.5,17755,20241.6,19286.8,18889.2,17089.5,16189.9,18470.4,15076.9,20721.8,16172.3,17653.7,15197.3,19970.9,20033.3,19752.7,15917.2,21490.2,16835.3,17710.2,20022.3,16013.1,15847.3,16505.1,17935.2,17046.3,21726.3,17856.1,17453.6,18785.9,19690.6,19446.7,16377.1,21553.3,18912,16535.9,21322.7,17718.1,20429.1,18433.4,19835,17746.2,20377.8,17754.5,16340.3,16622.4,22023,20792.2,15448,20361.6,15028.7,20769.6,14741.5,15231.5,17144.2,19898.4,16961.3,18343.6,15246.3,19395.8,20187.4,17116.1,19855,21109.5,20018.5,20934.7,16811.6,17397.2,20102.3,17621.9,20933.4,15073.4,21452.4,19614.3,18337,18581.2,15465.2,16309.4,17923.2,20957.1,15456,20250,19024.1,19140,18397.6,19583.3,20646.1,16806.2,17701.4,20262.2,18164.5,19629.2,20419.4,21647.8,17365.3,15388.5,19953.1,15341.9,16964.3,19075.5,16882.4,18823.2,17552.8,19647.9,15710.5,16997,16559.9,20759.7,20151.4,20166.3,21473.8,17513.1,21939.9,21143,17897.1,19728.6,19259.4,16858.3,21394.5,21800.4,19244.2,20428.7,18143.1,16252.6,20885.3,20896.5,16434.2,17943.6,17891.1,18026.6,19875.2,20829,20760.4,18073.3,19000.3,15679.2,19292.8,21055.5,18192.9,17814.6,20116.9,17236,15492.1,17136.8,15242.7,18098.4,17352,19554.6,17781,21013.2,15767.5,18057.4,18357.8,15525.9,15861,15458.2,21651.9,17384.2,17350.1,18706.6,19922.8,15522.8,19232.7,17377.9,21010.6,18005.8,21839,18441.1,16402.3,16590.2,15916,18010.4,18950.7,20080.3,15822.4,16873.3,19516.5,18854.1,21439.6,21723.5,17211.8,19502.4,16954.2,16132.9,18751.5,17385.7,22555.9,22180.2,21054,21529.7,19203,16435.5,20529.9,19052.5,19765.4,15858.1,20536.3,19813.7,22380.1,20041.1,18601.2,18651.6,18926.6,21110.8,20260,16075.9,16131.7,17321.4,18671.2,21129.8,20197.2,21457.9,22204.5,20036.7,18667.9,18853.6,16940.3,16515.8,16402.4,17078.5,21969.4,16552.7,17395.3,18833.8,17981,17907.8,19852.9,19758.1,17486.8,20951.5,17209.5,17823.8,17653.5,20980.3,18329.7,22488.7,17686.9,19896.2,23211.4,22809.1,22943.6,22424.5,17659.7,21618.4,21717.7,23169.3,20655.1,23010.2,20025.8,19873.5,22263.9,23291.9,20172.8,21395.8,20869.2,19964.5,20475.8,17942.1,21136.2,20505.8,21425.5,21785.1,21236.2,20620.5,20934.8,19445.3,18169.4,22641.8,16664.2,21181.3,21083.7,17635.7,18859.5,19114,22040.7,18395.2,19459.9,19811.5,21037.9,18684.9,19380,22175.8,21292.1,21684.6,19014.2,20438,21491.2,22751.4,18951.3,20474,17252.3,22884.5,18055.2,23856.7,21801.1,28020,33137.6
34104.7,29540,22288.5,24532.9,18717.2,16964.4,16960,20548.1,16818.9,21331.1,21197.1,17214.8,21277.9,19570.3,18535.3,20277.7,16514.4,17835.6,16120.5,14743.7,15497.3,17677.6,15704.4,15404.4,15360.3,17355.1,17964,18019.8,16013.4,18006.2,21156.6,19823.5,21190.3,20899,18099.2,16839.2,15876.6,21714.8,21960.6,20643.6,18375.9,19386.3,15672.5,18383.1,17221,16949.6,17844.7,17076.8,19572.8,17217.1,19316.6,16399.1,20393.8,15759.7,21069.9,18644.2,18941.7,20500.1,17987.1,16989.9,16857.3,17257.6,15207.6,15392.6,21473.9,18513.4,20158.4,21324.8,18906.9,17559.7,19910.5,16463.3,18128.2,20008.8,18104.7,17243.7,16222.5,16922.5,18578.7,18213.8,16389,16841.1,15257,20898.8,15621.2,19507.9,15598.7,15729,15037.5,21043.8,20016,18626.9,18045,17459.8,19307.1,15291.4,17212.2,18084.4,21338.3,18660.1,17675.4,18106.5,16094.5,15068.9,17103.3,20251.9,19141.8,20322.7,17985,15560.4,17146.7,20874.5,16509.8,21312.8,20450.8,17872.3,18502.7,19793.6,20902.4,20802.8,18145.4,16088.5,18903.7,19961.4,21844.2,19511.4,20389.1,20614.9,21876.3,16892.9,16258.6,17363.7,22165.9,17278,21246.6,16072.2,15822.3,17444.2,16454.9,16862.8,15584.9,19830.6,16646.4,15973.2,20266.3,15081.6,19891.8,18504.9,18261.3,16058.4,15916.1,19588.6,16208.2,19988,13906.5,14872.8,16995.7,17235.3,17318.3,16324.5,17602.3,15107.9,20929.4,20357.7,18506.1,15114.5,20769.7,20175.8,18534.5,17221.6,18306.7,20209,19801.1,17045,18460.4,17918.9,20786.6,19650.1,20721.4,21745.8,15629,16001.1,19787.4,16597.1,17845.6,19980.5,19425.8,17909.1,18292.8,19139,20929.5,17016.2,17632.8,21223.5,21769.9,20195.4,18025.4,16472.3,16194.4,22209,21775.5,20790.8,18990.8,19087.2,21124,22292,19190.9,22268.9,19864.2,22273.2,17283.5,20909.9,17884.2,19620.7,18906.6,15831.9,18561.7,16868.8,16748.2,18427.6,17867.4,15988.5,20479,16831.3,21528.2,17764.2,17151.6,19131.3,15659.7,18690.2,20004.3,20386.2,15274.4,17324.1,18156.4,15649.7,20747.9,20966.6,16922.9,19614.4,21786.5,17906.2,15507.3,17226.6,20772.5,20284.3,20808.2,17706.7,16095.6,16320.7,17158.7,18794.9,16200.3,20697.9,19611.8,18329.1,17133.9,17411.1,19720.1,15643.7,21515.5,17384.4,16178.8,21420.5,17124.1,16570.5,16882.9,16172.4,18736.8,16992.1,22588.8,17703.3,19107.4,17982.6,19962.2,16426.2,21878.6,20891.7,16896.1,18608.7,18679.9,19650.9,19769.7,16207.1,17070.6,21001.3,22154.6,18996.1,18741.4,16047.9,21911.2,20373.2,21511.8,17212.9,21727.6,18630.9,17485.1,21388.5,19420.8,22647.9,20243.7,16531.9,18639.3,17535.5,22197.1,20030.5,16892.4,20778.2,18858.6,16451.9,22275.1,22314.7,19751.2,22687.9,18038,22727.9,19139.1,21625.4,21756.5,21140.5,17381.8,23819,19304.4,22748.4,20799.9,17924.4,17430,17929.3,23431.6,19610.8,22335.5,21369.5,18118.4,19425.9,20978.8,19775.6,21712.6,21771.7,23281.9,19627.2,20706.9,22413.8,22485.2,20425.3,22071.9,18167,22062.7,24040.1,18190.6,19445.5,20542.6,22101.7,21019,16993.4,20881.1,18595.5,21904.4,19014.1,16713.7,19338.4,16849.7,17833.9,17365.4,18593.7,19888.2,21467.8,19418.9,15900.6,17271.4,18089.6,20410.7,19487.5,16448.2,21415.3,21157.9,22105.9,18522,17305.2,22275.9,21188.8,25061.2,24361.2,24543.6,33505.7
31218.3,23932.1,23184.7,22445.2,19720.8,22837.7,19653.6,16989.6,15818.4,20991.9,20246.1,16411.1,19938.7,14927.9,16794.4,17871.9,19851.4,18557.4,15420,21099,15325.4,15418.5,14690.2,15193.7,16646,16000,15584.3,15460.2,18442.4,16795.7,15374.2,18645,21446.6,19130.3,21202.3,16840.7,19213.9,17004.6,15886.8,20620,21600.7,17399.8,21811.8,21148.2,21956.4,17961.4,19632.2,16126.1,18573.2,18917.3,19569.6,21403.5,17727.9,18456.3,17284.5,19945.8,17367.4,19789.5,17442.2,16333.2,20771.3,21392.2,19253,19103.6,18798.3,17198.3,15289.3,15228.3,20579.6,16071.3,16353.1,20908.3,20294.2,15224.9,16662.9,14951.6,16329.4,19768.7,18355.1,15419.6,20664,19177.7,15943.3,17299.2,18784.2,16762.8,20717.8,20994.8,21611.7,15730.2,19849.6,16739,15252.9,21594,15216.1,14964.3,20939.3,16751.8,20590.8,15654.9,19241.4,15388.9,15093.5,18666.2,18075.1,17443.6,16123.4,19772.7,20086.1,21391.2,18125.6,19191.8,18380.8,16395.7,20682.5,22195.5,21345.8,17808.8,16737.5,21604.2,17652.8,18718.9,17956.7,19085.6,22147.9,20836.9,20028.6,17068,16786.1,20872.5,15843.8,15701.6,21568.6,17684.6,16938.7,18115.4,15422.2,20624.3,19564.9,18811.2,19426.4,20121.4,16750,14972.1,17801.5,16569.3,15026.3,17815.6,18804.3,18507.3,17757.7,19973.9,20725.4,15172.9,14239.7,18631.8,18396.4,18688.8,16324.1,18801.6,15631.4,20747.3,15565.3,18193.7,16013.3,20018.6,20257.2,19452.6,15604.1,20113,19391.3,19548,16619.6,17031.5,21101.5,15821.7,21467.9,19988.5,21451.7,16400.9,21295.7,20697.2,17158.2,17656.3,20863.7,16442.7,20179,20306.6,17840.2,15988.2,20833,20537.6,19953.3,16266,15997.9,19797,18275.8,16395.3,21760.4,16964.1,16863,19504.9,16569,18100,19873.1,22624.4,21062.6,19276.2,19471.9,22209.9,17279.2,20945.4,17127.9,17931.7,20643.3,21266.7,16923.6,18832.6,17855.7,16329,18698.4,19746.4,17932.8,20729.7,18596.9,21104.8,15159.1,17215.9,18652.6,20101.4,21539.1,20825.5,19750.9,21475.5,19644.9,19653.6,20547,21356.5,17229.9,16089.9,21017.2,19003.7,21158.8,20760.1,16353.4,20985.3,16036.2,15693.2,20894.1,20516.9,16198.7,17693.5,16049.3,18571.6,20942.7,18733.9,17899.4,21584.8,19390.5,19935.1,15452.3,16589,16880.2,20617.2,16285.4,19891,17465.7,17195.5,21467.3,19776.9,19098,19420.3,20817.6,19648.2,19651,18449.4,16936.4,20055.8,17658.8,19867.8,22622.1,22436.7,17421.3,20171.4,19550.6,18721,19998.2,22414.8,20425.3,18878.8,20106.6,22410.5,17550.2,16540.1,22386.4,18855.5,18923.8,16680.6,18932.8,19225.8,17600,22217,18815.3,18077.2,19260.6,18063.2,19066.3,17422.4,17012.3,17991.1,20763.7,21464.6,16900.4,19793.9,19871.8,17765.7,17045.7,19330.3,23458.1,20826.9,20446.1,19591.8,21511.6,20696.6,18371.6,17713.2,23821.6,23278.2,23076.2,19666.1,22572.2,20158.9,18043.5,21440.2,22822.5,20913.8,19889.9,19061.9,23768.2,22475.3,18726.4,22830.9,18670.5,18695.2,17986.6,19595.6,21058.2,19544,20490.9,23380.6,22433.1,18817.5,22252.3,21922.5,21408.7,16800.7,18472.4,22697.8,17843.6,22044.1,20573.8,20879.9,17237,17145.9,17538.2,15532.9,15894.7,20649.4,17299.2,20624.7,18959.5,19980.2,18690,20261.2,16669.6,16791.5,21313.2,18557,20151,21338.7,25196.3,25856.2,27686.7,29586.2
30939.4,26995.4,24700.7,22867.3,22653.4,22074.9,18559.1,21037.8,16865,17747.3,20805,15810,19750.4,17035.4,17940.8,20897.8,16297.5,15681.3,15775.5,14927.3,15762.4,20484.1,17592.4,15171.3,15100.5,19583,19546.4,18947.7,19383.8,15426.9,19972.6,16015.5,16589.5,19562.2,17391.2,20385.6,17143,19816.3,20460.7,16609.8,20255.1,17064.7,19760.3,18311.6,21042.5,15808.6,16217.3,20251.7,15561.4,16247.4,16924.7,15557.6,17598,17687.1,21655.6,17489.5,20567.6,16759.7,15519.1,15396.9,16952.8,21307.5,20352.1,20928.5,16260.2,19183.9,19055,19437,16433.5,15554.5,20074.4,19836.9,20063.2,19583.9,18949.2,17149.5,16809.8,20314.6,19642.3,18238.3,15148.1,16294.2,19857.9,18018.8,19392.4,20507.8,18573.2,20055.6,18335,20957.4,16307.3,17259.6,21285.2,17026.3,19929.7,19254.1,16237.1,15566.9,15651.8,17061.6,16735.1,18224.4,19989.6,15723.2,20017.1,21096.9,20392.6,15375.8,19146,20649.1,21072.7,16049.8,20847.5,17994.1,21153.1,21725.1,18946.2,15986.5,21398.7,21423.8,18759.6,21484.2,21944.8,20080,21845.9,19609.9,16474,20480.1,18141.9,20513.1,16734.3,17618.5,18094.4,19418.2,21901.5,18300.9,19827.8,20754.7,18813.8,20369.4,15158.7,19540.4,20744.3,18929.5,18991.8,20210.2,19952.1,20460,15992.9,15677,18038.3,16020.9,18620.1,15856.8,18364.1,18039.3,19826,20837.9,19878.9,15720.1,17529.1,21101.6,15568,14938.5,20479,17219.7,20008.5,21454.6,19243.6,17325.2,20250.2,21720.2,22090.4,16531.7,20628.3,15864.6,16284.1,18256.8,20653.4,16230.8,20458.7,21566.5,16503.9,19357.6,19469.8,19731.3,17412.1,20664.8,20695.9,19757.6,18171.4,18362,15686.2,16838.3,17658.9,16385.1,21122.3,18931.1,18721.1,22544,18092.7,20168.7,18003.4,18176.3,18729.4,22261,21772.1,16572,17822.3,17036.7,19739.1,19038.7,19373.5,16284.9,18654.6,19549.5,21238.4,18730.8,21497.4,18760.6,17902.1,21380.5,17700.4,15339.6,15825,18473.6,17405.9,15884.8,15012.1,16911.8,19100.1,17964.6,21706.9,20497.2,21537.8,21628.9,15302.3,18762,16761.7,16695.5,17230,16103,18225.2,20971.7,19228.8,18421.4,17694.4,16183.4,17726.7,17249.3,20751,19008.9,16258.9,18169.1,19318.9,18609,19448.6,20203.6,17023.8,21355.8,20235.9,19724.1,16861.3,16375.9,18405.4,21944.6,20881.4,22228.8,18056,19796.6,19449.2,21172.2,16481.4,19104.4,21987.7,19304.8,16932.3,20782.5,17977.4,21359.5,19645.4,18210.9,20456.7,21099.7,18514.6,18334.7,20764.4,18068.2,17345.6,20707.5,17872.8,20835.1,17340.4,17138.4,18312.6,20026.7,22382.8,19417.4,19543.1,18951,20152.5,21454.5,16916.3,17659.7,18849.8,19765.3,20491.8,16484.8,21687.6,20098.2,17505.6,20215.4,22370.7,22465,20574.5,18557.9,17956.4,21391.9,20570,23411.8,18775.5,23989.1,17486.8,22606.1,22582.3,18423.3,21845,22112.6,20922.3,22180,21227.2,17367.6,19284.6,21159.4,19371.8,23964.3,21601.3,20330.6,20535.2,21353.4,20427.5,21806.6,20893.4,19931.4,21996.7,22819.5,19415,23283.8,18623.9,19184.2,19653.4,18041,18534.1,20743.4,18033.4,21921.2,17313.9,17644.6,17390.5,19588.3,17842.3,18134.6,20429.7,21056.3,19492.5,19492.7,21445.2,20465.9,20746,18214.5,21787.6,20798.5,16206.4,23002.6,21345.5,17018.3,18650.2,20751.7,21020.9,18034.9,20422.2,27407.5,26905.7,29380
32211.1,26612.7,24096.5,21747.8,23956.8,20730.7,20976.2,20380.4,19639.6,15687.3,20449.3,18671,19631.2,19848,15130.2,16075.8,19984.6,20513.4,16634.9,18029.4,18787,19853.2,19531,19744.8,19653,18857.8,17980,20875.1,21111.3,16051.5,21353.3,20561.8,21262.4,21420.9,17374.6,15488.2,21891.6,21221,19365.5,15679.6,17781.3,21570.6,16651.1,20834.1,20885.1,20366.5,21767.3,19540.7,19886.4,16031.7,18302.4,20253.8,21734.4,16007.3,18817.1,21803.8,17141.5,15805.2,20966,19297.2,21410.8,16488.3,21210.6,19618.2,17953.4,17732.4,20567.7,19242.6,19947,20217.9,19525.2,15836,18399.3,15995.5,16176.1,15565.4,18122.3,18760.4,18503.5,20118.5,17054.6,14815.3,20950.6,14789.7,17373.6,18489.5,18800.5,16044.8,20327.8,16476.7,16534,21340.7,16864,18390.7,20579.6,16449.7,15647.1,18740.6,21269.3,15367.9,21245.5,18003.2,15333.1,16411.4,19202.1,21163.5,17524.8,18340,15057.5,18172.1,18806.5,18313.8,16757.2,20923.4,20741.2,20249.6,20759.2,16648.4,21197.9,19540,20766.5,15613.3,16189.9,19445.1,19382.3,17999.7,17413.9,22028.2,21084.2,22026.1,16613,18832.9,17033.6,19253.9,19776.5,16539.8,20973.4,19428,17567.4,15144.3,16829.8,15450.6,20726,16515.7,18860.6,16511.6,20379.5,14791.2,19829.6,18849.3,16896.5,18162.6,14968.6,16970,19014.4,19545,15300,19955.5,21310.2,18318.9,20860,16065,17601.1,18133,16015.9,19145.1,17347.5,16191.6,16012.1,17764.5,19223.7,18119,17522.6,18601.7,18842.3,21798.2,17242.1,16960.4,19189,18506.5,19920,19650.2,16835.6,19923.2,21121,18549.8,19768.1,19134.1,21355.2,19374.6,18018.5,18253.9,20138.3,19689.3,22261.3,19612.3,19342.7,19062.4,21298.9,22289.3,19117.2,16546,16171.7,17768,21191.2,19807.4,21563.2,21111,18863.3,21544.2,19141.1,17658.1,22170,19411.9,19343.7,19249.8,18518,16275.5,19225.9,19946.3,21875.6,18331.7,15656.7,19987.2,15562.9,15940.3,15977.5,18460.6,19951,21130.4,19765.4,20686,21057.8,18178.2,18561.4,16792.7,20546.1,15793.5,16913.2,19539.7,16017.9,17585.2,18495.4,16381.6,17549.4,17314.8,17977.8,20839.2,17643.2,15985.4,17496.8,20531.2,21076.4,17166.7,18659.5,20753.8,15152.4,16316.4,20734.4,20035.6,19687.6,19939.3,21156.2,16078.6,19211.6,18893.8,20451,21114,19021.7,17794.7,18206.5,22335.3,19952.9,19449.5,21296.9,18460.4,19729,19606.5,20152.7,19302.1,20925.5,17946.6,21932.2,22074,16536.7,19605.5,19154.9,15946.5,21263.5,20340.4,21451.5,16339.5,18044.2,19380.3,17311.3,17396.2,21345.3,17625.1,20315.8,22579.2,16922.9,22212.2,16594.7,21996.6,18398.8,18290,21187.2,20718.7,18426.1,18026.7,21104.8,17946.7,17575.7,22532.9,18309.6,18181.7,20006.5,19402.4,17286.7,17060.2,19207.2,19507.2,21699.3,22449.9,21715.2,18863.2,18398.1,20640.9,22690.3,19048.7,21916.3,18818,19867.2,20701.8,18358.7,23400.2,23374.4,23188.4,22582.6,21849.7,22063.2,23745.6,17855.9,18653.7,18161.2,19279.8,18500.9,23750.2,19192.7,19722.3,20012,18362.1,17235,19765.5,16833.8,22288.6,21018.2,20623.2,17101.9,16198.5,17896.2,20857.2,20754.8,16976.8,20497.9,20541,16560.4,18652.8,21621.7,17635.3,22341.4,16397.8,22517.9,16809.2,19796.1,18968,18097.9,18981.1,17001.8,19918.2,20204.9,22400.8,26829.2,30768.3
33142.7,24211.4,23828.3,24391.5,18892.2,17706.1,20387.8,20089.2,21776,16847.9,15251.6,17388.3,15018.8,18128.3,19142.3,20156.8,16947.9,20728.4,18304,16913,20833.3,16730.4,16253.1,19702.9,15619.3,17688.2,15463,17635.8,19355.8,16484,17832,18553.9,17464.4,16997.2,20061.3,21060.4,15608,19186.6,20667.3,16560,18897.3,19661.7,19311.7,21643.4,17317.6,16766.8,19002.1,16777.6,16152.9,20669.1,17411.6,17278.4,19033.1,21402.5,19755.1,20533.2,16976.7,20036,18779.6,21375.8,20792.6,17513.9,17630.2,21544.8,21720.2,15762.8,16103,18566.5,17891.4,20534.7,20206.3,19707,15550.4,15956.4,17262,15535.8,17887.5,21158.6,21352,17084.4,20772.5,16692.3,17945.1,17902.7,14920.1,18623.6,21165.6,17176.2,17187.4,15506.3,15244,16496.2,19193.3,19120.3,20153.5,21461.5,15281.9,19126.4,21208.9,15324.4,18469,17522.3,21100,16740,17677,15734,16649.6,20331.3,15980.9,19295.5,16704.2,17865.8,19726.8,16099.9,16527.3,16380.7,20577.7,16207.1,21709.6,20051.6,18476.2,20497.3,21530,17478,17302.8,18351.7,18562.4,20962.9,15758.9,20590.1,17865.2,15396.9,21132.3,21921,15772.2,15761.8,20192.7,16108.3,15489.7,16938.2,17365.8,15321.9,18117,19909.6,18271.1,15249.3,20680.6,16036.9,20602.6,20039.7,18121.2,18590,15497.1,19036.1,19168.6,19703.8,20056.4,18636.8,20507.4,20252.9,19942.1,19554.3,19964.9,17152.7,20050.6,17030.6,18409.5,18240.8,16248,18895.6,20799.1,21079.7,19426.8,18498.5,15936.8,19199.7,20918.9,21799.8,18100.4,15774.5,17319.2,17656,18464.4,16636.1,16199.5,19839.2,21076.8,17915.6,15691.9,16167.6,17206.2,16482.2,18620.8,16069,22176.1,17029.8,20382.4,20544.1,21512.3,17434.8,16840.5,19072.8,18832.7,20554,18732.5,16466.2,18595.8,17328.2,19483.8,18168,19991.3,20211.7,21654.9,17876.9,22113.2,20127.5,19786.9,15778.1,16647.9,16541.2,21048.6,18285.8,18909,17662,21132.7,15582.5,19605,18982.3,15769.9,19065.3,19296.6,20704,20600.3,16169.2,18011.7,20953,15395.6,16548.2,20049.2,18465.5,19427.1,16234.4,16534.6,20837.6,18565.3,17000.8,20500.3,15501.3,17492,18081.7,16877.6,17804.7,19155.3,18502.2,17065.5,16995.3,18056.1,18763.2,19539.5,16274.9,21212.4,21382.3,19219.4,17687.6,18588.8,20196.7,18780.5,19727.3,21961.1,21008.3,18595.8,16971.3,17150.5,21804.9,20309,17685,19210.2,17053.8,15825,22224.9,16611.9,18919.4,17983.3,21617.3,17635.6,19726.8,17656.5,22328.5,21825.7,19810,20839,19881.4,19579.3,19030.9,17052.8,18417.8,21432,22389.6,22434.4,21247.5,19941.3,17370.2,21366.1,20270,21117.5,22004.1,18657,16789,20568.3,17559.4,21783.2,18001,17246,22384.5,19208,22175,20853.4,17410.4,21404.2,17403.2,17104.6,20226.4,22547.7,23073.8,20125.4,21551.1,21276.2,22076.4,19424.6,18307.2,22064.3,18945.6,17871.8,19256.5,19742.1,23261.7,20454.2,21934,21702.2,21729.3,18339.1,21020.7,23750.4,23973.8,22519,23538.7,22395.6,18184.1,19789.5,20810.8,20055.8,16975,17388.1,20647.1,17946.8,17420.3,19525.5,16586.6,19410.5,17760.9,18867.6,17629.6,16669.7,16172.2,16126.3,17551.4,19139.2,18114.9,20269.4,22917.2,18593.8,17711.8,18719.3,22191.8,22989.8,20892,21121.9,21313.5,20844.2,22582.8,20056.9,26024.2,28745.5,33062.5
33750.9,30223.3,24642.8,24414.6,19901.9,21899,20091.6,21864.6,15723.9,15541,15301.8,16926.6,21018,18115.7,16326.2,14788.2,14822.2,17851.8,20389.7,18520.5,18712.5,16221.6,19705,18536,17775.2,18660.8,15944,17568.8,19389.5,16497.2,21298.2,16530.6,20086.3,20725,15389,16070.3,21796.9,18833.6,22011.2,19613.4,16459.4,21096.6,17808.2,20777.1,20056.3,16154.2,18558.4,20392,16900.3,18264,21612.2,21861.8,17065.9,17647.2,21327.8,16417.9,15817.9,17849.2,20435.7,20913.5,20805.7,19526.1,17634.6,16848.3,16339.1,17279.3,16560.4,16828.7,18858.2,20805.4,18834.4,19081.6,20515.9,18416.4,17050.2,21447,20279.9,17479.4,20723,16672.3,19581.3,16403.8,16535.2,19953.7,17879.1,16794,20332.2,16728.2,15988.4,16584.8,18321.2,19829,18773.9,17485.7,16400.1,19954.4,15874.5,18883.9,20307,21502,16614,18338.5,20356.7,18762.2,21349.8,17885.4,18114.5,18697.1,15177.4,16331.4,18592.6,19335.2,20101.9,16479.2,18922.7,22124,20878,18999.5,21117.5,17864.7,19820.8,16013.3,16761,21500.3,18167.2,18415.2,17688.8,16781.9,16713.5,20248.3,19271.5,19740.9,20420.3,15895.9,20098.1,16132.1,15121.6,18981.8,19668.7,18689.7,18459.9,15690.6,15855.5,19807.2,14877.5,18044.9,17963.1,18026,17102.6,18869.5,18100.3,16144.1,16490.6,20765.7,14737.8,17112.7,15769.7,16895.5,19211.9,15404.5,16933.1,21027,15319.5,21362.5,20150,18433.8,20194,15898.8,16332.9,18086.9,17596.1,17653.6,17765.9,20420.4,20640.4,18407.5,18318.8,21024.2,21733.1,16712,17901.1,17584.3,18324.7,20898.6,17924.3,20406,18907,19972.9,17954.2,20080.4,16126,20467.6,17675.8,17792.5,20596,18457.7,17953.3,16634.6,18281.2,21467.5,21549.7,21872.2,20250.5,21059.9,22605.2,19585.3,19342.1,18139.7,18087,17701,18000.8,21043.9,16846,16537.7,20234.1,18075.9,16361.4,19156.7,18690.3,18088.1,16965.8,18433.7,19897,20460.9,20541.3,15392.5,21466.5,19619.4,17587.1,18039.2,16137.3,18204.5,18818.7,20533,19952.2,19241.7,16592.1,18908.8,19811.4,16369.8,21105.2,19705.7,18060.3,18641.2,19171.5,19052.1,15392.7,18319.3,16017.7,21172.1,19961.1,19215.9,17806.8,20098.2,18444.1,21601,17194.7,17362.9,20121.2,16977.9,19457.9,16664.3,15571.1,18711,19477.1,19193.7,19258.9,22320.7,21903.1,19937.3,19726.6,17813.7,21885.5,17008.1,17796,20998,16646.1,20837.5,17916.3,16220.5,18271.6,17616.2,16631.2,16349.9,20554.1,19112,20166.2,20373.9,22133.6,20428.5,20819.7,18589,21110.2,22030.6,18167.6,17116.1,17665.1,20810.2,21550.2,19641.1,22041.8,9843.84,21151.3,18385.3,17955.5,21658.5,17554.5,17021.2,18748.2,20972.1,20565.5,19486.7,19419.1,17411.7,20226.1,17314.2,17049,18153,19547.2,23568.5,19743.7,22399.4,17793.7,18275.4,22318.5,23963.5,22739,21196.5,20969.7,18632.7,18409.3,19425.7,19340.6,18553.2,22648.9,21483.4,19064.4,18313.6,19163.9,17761.4,22203.5,19188,23012,21212.9,18846.6,24247.9,20729.6,19893.9,21586.9,20401.5,21759.2,21049,20479.1,18272.6,21798.4,18187,21120.6,17820.9,19549.8,20075,20605.8,16827.6,16616,20495.1,17181.8,21611.7,17595.8,21245.6,20703.7,21853.3,18842.4,20225.4,16453.2,19420.3,22444.4,19146.2,19080.9,16935,19422.7,22433.1,25207.7,24944,30429.8,33021.6
31015.6,29590.5,27458.6,25219.3,18181.6,21210.1,20689,20457.7,18300,15548.7,19050.8,20428.1,21418.8,17186.4,20099.5,18752.4,18553.9,20779.8,19656.9,15135.6,21017,16557.5,16228.7,20822.8,19924.4,21260.3,20242.3,20178.9,18155.3,20716.3,17671.7,19686.5,18532.7,20751.2,15908.7,16486.5,17749.2,17849.5,15840.3,17153,16633.5,16552.9,20517.6,16921.5,17418.7,16434.8,20865,21958,17459.1,18448.9,17589.1,18915.1,18885.5,16247.2,15510.3,18941.5,20593.2,20727.9,19875.2,21737.4,17830.3,16640.6,17610.4,17209,15921.1,16355.7,19257.8,18411.5,15905.9,21246.8,18279.3,17538.8,20026.2,16512,17809,15105.8,17152.7,16454.2,17954.5,17983.8,16707.9,18310.2,20562.9,16710.9,14988.7,17703,18543.5,19772.5,20197.1,19276.6,19883.1,17055.3,17540.2,15767.4,19532.8,17205.7,20968.9,15154.3,21076.6,15794.8,17249.2,15659,15083.5,15877.3,19738.2,15790.1,19246.9,20577.5,19137.2,21310.3,19717.1,21771.1,18709.8,16956.5,19840.2,17171,20189.6,17531.8,20209.4,18205.1,19919.3,18755.3,21093.8,21129,17502.6,17287.7,17955,20003,17101.8,17380.6,19455.3,17432.2,18116.1,19908.1,18327.6,20621.8,20003.5,19642.4,19826.8,18451.2,15511.8,14505.9,17592.6,19671.5,18364.3,18182.1,18871.6,18350,19167.1,19281.2,21065.8,18665,19939.6,18574.7,13970.8,16762.1,17738.3,16282.7,17842.8,17121.4,21123.6,19377.5,18810.6,16743.1,17065.9,16574.8,15738,17589.5,20668,21962.2,21597.6,18567.6,20272.2,20769,19413.4,16896.1,16961.2,18232.7,17818,21672.8,20569.6,17955.1,16743.5,18799.9,19510.4,21950.7,17915.2,20870.7,17622.5,21439.1,16562.3,17947.6,17660,18481.3,20135.7,19130.8,16194.4,17667.1,19314,16556.9,18027.3,16739,21651.3,20600.9,18822.6,22384.5,20281,16700.6,22350.2,20962.2,16158.5,21484.5,16404.9,20018.5,19971.2,17269.5,21742.6,19491.4,18931.2,20243.6,19842.3,17957.9,20483.1,17912.2,19216.1,16660.8,16389.2,21303.1,21006.5,19820.6,19393.2,17365.8,16601.5,20415.9,17062,15524.3,20368.1,18082.4,17559.5,18850.1,20821,21864.6,22015,15915,15768.7,20782.5,18581,18406.3,20562.5,21724,21106.5,16348.9,19539.9,17005,20908.2,17675.4,20771.8,15744.6,18833.8,19893.8,15814.3,19089.3,17658.5,18931.7,18862.2,21717.1,18177.8,16809.1,16428,17396.7,15820.2,16485.4,19697,18370.2,16373.9,18369.9,17872.8,18556.2,21910.7,20530.8,19320.9,20775.3,21538.7,19242.5,16057,21910.5,20706.5,17522.7,20827,17864.4,19454.2,19388,16936.5,21935.3,22400.5,22001.8,16529.8,18939.1,16713.7,17028.2,21735.3,18890.4,17363.7,21310,18288.3,17803.6,18155.2,21406.5,20145.7,22378,19607.7,20801.2,22214.8,19943.6,17755.7,18028.2,21309.7,21425.5,21086.8,23183.5,22036.8,18882.5,22812.2,18531.6,23349.4,23038.7,17889.9,17894.4,18707.1,18871.8,20652,23852.9,22374.5,18596.8,19714.2,20853.5,17784.7,23545,24014,22177.5,18045.8,19061.4,22929.6,18549.6,21838.6,19615.5,19679.6,22659.6,19078.7,17432.1,19118.9,20002.9,18552.9,19125.4,19372.6,21992.1,22970.8,18416.2,18470.6,17846.2,19991.1,16349.8,16104.5,20472,16185.7,16399.1,18273.5,20966.5,22242,22005.5,22120.6,18537.8,19426.5,21008.2,20355.4,19527.7,21655.8,19823.2,16942.1,19584.3,19533.8,27564.5,27375.8,33665.2
34986.1,27297.5,24334.2,24906.5,17823,22422.5,17520.6,18480,16637,18822,16975,20250.5,16483.9,18213.8,19487.2,18460.2,19709.6,19933.3,15347.4,20393.5,21311.8,18148.6,19801.1,19792.4,18416.6,18645.5,18771.6,16943.1,20663.3,18130.7,21312.9,15459.9,18085.2,16035.9,20194.8,16401,16964,16791.5,19682,19328,20257.5,21337.3,17901.1,20875,18873.1,18438.3,16465.8,18150.6,16930.7,21165.7,15873.1,18463.6,20183.8,16604.1,18200.4,16910.1,17916.2,15953.9,20501.8,19576,18459.3,17833.4,21384.5,17656.3,15601.8,20851.6,18858.7,21635.1,20218.6,15663.2,20740.6,21813,16509.9,19886.7,16091,18413.6,17660.7,15562.9,15659.9,18234.3,20450.3,16539.1,18345.4,18367.5,17497.5,16475.9,16445.1,19502.3,16170.5,15509,15603.3,21236.4,20544.3,15537.6,21228.7,16914.6,19263.8,16395.5,20081.8,17808.3,16530,19831.3,20338.5,20571.5,20184.8,19462.1,19894.9,17672.1,20437.3,17889.8,21204.9,19713.6,20379.9,15829.9,15746.6,17559.6,18793.6,20015.6,16950.5,18578.6,20881.5,18310.9,15717.7,17964.3,20504.3,16107.9,19324.6,18104.9,20004.1,20634.3,18170.9,18520.2,21650.8,16417.8,15709.5,15237.1,20669.9,15685.3,19880.1,18364.9,20022.5,18964.4,14824.8,15392.1,15434.9,19265.1,20546.1,20354.1,18940,19085.2,19540.2,19501.4,17414.3,17565,15836.5,14357.1,15361.2,19834.3,19787.4,20606.6,18351,16176.9,21441.5,17781.8,17473.7,17557.4,19444.4,21175.3,18184.4,21062.7,16904,21803.7,17172.8,18789.5,21698.9,16304,16888.4,20169.3,18397.9,18735.4,20397.9,19258.9,19830.1,18413.2,19532.6,18239.3,21249.2,19662.7,18140,16616.5,20229.6,18708.8,16160.9,18139.5,20360.5,20004.3,19284.2,18029.3,19323.1,16749.7,17194,17395.9,19925.3,22671,20766.6,19384.8,18313.2,21747.2,20484.6,20212.8,20955.4,22010.1,20914.5,20994.5,16343.4,20602.1,17459.2,18661.8,22071.7,19586.6,21402.8,19141.7,21596.7,20332.7,16181.9,15877,18485.6,19100,19008.9,20945.9,18281.4,19141.9,18266.5,21853.6,17556.6,19144.9,18302.7,17294.1,15650.1,18724.4,21272.7,21231,21389.4,17607.8,18634.9,16889.4,20093,18433.3,18737.2,18890.3,18843.2,20913.5,15685.6,18810.4,15629.3,15262.5,18498.8,20384.4,20903.4,16917.8,21511.7,17998.6,18424.6,18495,21673.4,20719.5,19602.7,18378,17828,17483.4,17705.8,20203.1,20435.1,20196.4,22166.1,17387.6,20758,20384.6,15750,16514,18661.6,16139.4,15712.2,21918.1,15668.9,16043,21911.4,18539.8,22340.4,22156.6,16119.5,21043.3,20191.3,21416.8,19480.7,20128.8,20308.3,19753.3,21116.1,21919.2,19837.9,16872.1,18698.6,16684,16992.9,18011.1,21698.3,18214.1,18847.1,16657.9,22367.5,20481.4,16720.1,21081.9,21543.5,20076,21677.5,20587.9,19646.5,22943.7,21530.4,21554.3,20461.5,23321.9,17959.3,21904.8,20974.9,21010.8,19097.8,19138.2,19427.6,22633.1,22597.8,18757.6,20657,18514.2,18493.6,18997.8,23853.1,21678.9,18592.5,20088,20946.5,22023.7,19425.2,22602,18752,21693.4,18048.8,17156.1,17598.7,19089.7,17163,22651.3,22205.3,18433.8,19971.6,19503.7,20572.1,21336.8,21603.1,20835.4,21343.8,22123.8,20018.3,22364.9,16242.4,16660.3,22164.2,16906.1,17723.3,19648.3,18531.1,20686.7,22311.6,18371.2,22304,18448.6,17812.1,20808.2,20434.8,24238.2,28864.5,30497.4
31022.7,28100.7,22738.1,19226.9,20303.8,22395.1,17862.3,16104.9,16089.3,18722.2,21284,16541.2,20090.2,18528.3,21151.3,16446.8,19025.9,21193.1,15456,19516.7,16229.1,16015.2,19395.3,16394.3,15478.9,19143.2,15724.3,19098.2,18347,21032.4,16004.4,18485,20122.3,17476.5,19593.9,18520.8,21900.5,18963.2,20236.4,17253.9,19355.8,16983.9,21206.4,17573.9,16710.7,20006.1,16642.3,20996.5,16839.8,16620.8,19012.5,19354.5,15581.6,21518,17852.6,19385.2,16206.4,19239.6,19830.2,17369.7,17546.2,16914.9,15833.6,15798.1,20565.4,21230.8,19627.4,19379.3,20866.3,18906.5,16240.4,18591.9,17967.8,20678.4,15330.8,15101.6,21689.1,19084.2,17859.9,15271.9,17796,20844.9,16247.9,20909.3,15108.3,21123.3,18710.7,18588.1,18583,21077.7,18539.6,18074.2,19257,15856.1,20599.6,17948.9,18485.3,20117.7,17636,17304.4,17855.8,17541.7,17658.5,17260.3,18690.4,16171,16577.5,16757.7,14916.9,19636.8,20709.2,19416.9,15725.5,17021.6,20422.7,20129.9,17722,19431.7,16838.7,21822.5,21058.8,20890.3,20979.6,18347.5,18968.5,15659.1,20113.9,17710.4,21007.7,21737.8,21918.9,19925.4,19389.3,16723.8,19843.4,16499.5,16351.7,15587,20341.8,20058.2,17913,16219.9,17356.6,15335.8,19025.5,19211.3,19464.8,19838.1,20605.7,18768,15388.6,20725,20222.9,15453.4,18707.3,16947.3,18059,20727.9,17060.8,16531.5,20113.7,15817.6,18599.9,15436.6,21244.9,21170.1,21501.4,17409.7,20035.8,15935.4,16227.6,20806.3,19380.2,19834.5,16631,17925.1,21071.9,19004.5,20206.2,20829.5,20784.7,19209.6,18794,21375.5,17526.9,20788.7,17036.5,17194.2,20682.3,18781,18831.7,19649.9,19431.9,21186.4,16790.7,19221.5,19700.9,17074,18880.2,18645.7,20884.8,19332.2,18991.1,20253.2,18594.2,19208.6,20377.2,17662.4,21031.6,18950.1,17940.4,17853.2,22425,20051.4,22112.9,17563.7,16568.1,20306.4,17105.6,17960.1,17999.6,19801.2,20664.6,20803.6,18087.4,20514,21310.5,19423.8,18157.2,16898.5,18178,16196.3,19880.8,17244.4,18840.2,21541.3,20268,22102,15525.3,17237.5,18192.5,21933.1,15495.6,16761,16185.4,20065.3,20801.7,19125.6,15762,16752.9,18553.8,17681.9,19901.9,15334.5,20789.4,19766,21244.7,19879.9,15018.8,21372,21302.2,19686.6,16136.8,16752.5,19532.2,17277.3,16936,17507.2,16913.3,22361.8,20304.9,18490.7,17409.9,16620.2,18668.2,20785.4,18527.4,15995,22020.2,19764.4,19021.7,21438.4,19467.2,17482.7,17226.2,20739.2,17185.2,16138.8,16044,18671.1,16055,19256.6,16545.8,19145.4,22208.5,18290.7,16837.6,20679.5,19946,17025.7,16282,19289.7,18356.7,21117.3,18770.2,17880.4,19708.8,17819.7,20850.3,18390.4,19012.3,21826.5,19679.8,21240.4,21133.5,21299.6,17969.5,19504.7,21938.2,17671.1,21203.2,21004.2,21652.4,19545.5,22554.2,21789.8,21953.6,21556.4,20962.6,17526.6,21251.9,18224.8,19624.3,18036.3,21212.9,20652.7,21702.1,20991.2,19345.9,21986.3,19657.7,24041.8,20579.5,24242.3,21964.9,18137.3,19856.1,18413.4,21142.1,18940,17724.3,22017.2,19629.6,20870.1,18064.2,23195.6,22882,21896.9,17759.6,20277.5,18530.4,17574.5,21615.9,18664.2,19297.9,21491.6,22104.5,21863.8,20496.6,16502.4,22600.2,17697.3,18750.5,18440.3,22815.9,19671.8,19873.9,22092.8,23373.8,22457.5,21468.7,25831.9,25630.1,30929.5
33954.4,29771.3,26565.7,19972.5,21248.9,18988.8,21914.5,20948.9,21473,17467.7,21662.4,19324.1,18810,18413.2,19585.3,19157.1,15086.4,17267.1,16612,17403,15607.5,20111.8,19587.5,18935.7,16297.7,18551.4,19828.1,15439.2,19484.6,18177.6,19290.6,20695.3,19694.7,18564.8,19470.9,18455.2,16909.8,21181.2,18014.1,18354.1,20802.7,18194.3,18098.3,15828.8,21680,16292.8,21369.3,21895.8,18554.5,18215.1,20048,20267.6,17672.5,18200.9,18061,17385.6,15651.8,17360.8,19109.9,16453.8,17499.3,21325,20255.7,15590.3,17808,16887.2,17718.6,19905.5,21681.9,21380.1,18751.9,15503.8,17351.2,15947.1,20132.3,17537,16358.2,15235.7,21618.6,17776,19081.9,17108.8,17342.9,18844,20840,18639.9,20275.6,21075.9,21078.2,18791.4,17912.9,21212,17645.3,20435,20943.4,16247.9,20649,16594.2,15609.8,17427.8,21469,19445.1,19660.2,17223.6,20793.3,20333.5,17179.1,20664.5,16128.4,18018.9,21297.7,16295.2,20585.2,16995.1,21599.4,21364.3,21375.5,18592.4,19287.9,20800.7,21373.5,18335.3,22003.1,16076.2,22276.6,18913.6,18403.2,17612.9,18083.9,20938.5,19192,21159.7,20925.3,17363.8,21027.9,17751.5,15902.9,19417.1,15289.4,17432.4,20650,20152.7,14782.5,20919.1,19153.7,19025.6,16953.4,16876,20877.5,15078.3,19215.7,15173.1,16561.3,19859.9,17531.2,17956.4,19990.7,20453.3,15266.7,21051.7,17264,19440.1,17059.7,18643.7,21784.4,20356.1,17592.4,20709.2,15825.9,20806.4,21559.5,16819.2,20194.3,17886,18303.4,16608.6,22040.6,16472.9,20943.5,16866.8,21907.3,21807.8,19976.3,15783.5,16394.3,20505.9,21140.9,17055.5,16770.9,17117.9,21777.9,15974,15874.1,18454.9,16641.4,21772.6,16893.9,20753.2,21684,16266.8,21021.8,16714.1,18467.3,17571.2,19530.7,17821.1,18562,21244.8,19405.3,17592.5,17223.1,19054.9,20032.6,22486.8,18419.2,17480.7,17281.3,22224.6,17371.8,17389.7,18927,16082,21129.8,17888.4,21911,20310.9,16178.4,16616,21012.2,17507.4,18794.4,19958.9,16773.5,18517.3,18757,21512,15979,20635.5,20473.6,18821.5,18001.1,19150.5,18644.2,20124.7,18591.4,20714.2,21202.7,20804.5,16858.8,15742.3,15132.8,21202.1,19316.7,17145.7,17707.2,16670.2,18159.1,19248,17119.8,15456.3,16760.1,18226.2,20573.6,18424.8,20340.7,19412.4,16067,16564.7,16511.1,20015.7,17831.6,18700.4,20274.4,17412.9,18965,16622.8,16561.2,22055.6,20251.8,18087.8,19941.7,19914.1,18126.4,20255.3,19237.8,19447.5,19208.1,17221.7,21242.3,19619,21256.3,22435.9,16073.7,19766.4,16833.9,18445.1,16746.3,16645.6,17360.9,16482.8,18977.2,18147.7,17797,18902.9,17081.4,20270.8,22715,20551.8,17334.7,19779.2,22934.8,22870.5,18906.6,23036.3,21603.6,19801.3,22393,20963.4,23522.1,21909.5,21826.8,18676.5,17865.9,21508.3,18359,20976,20270.9,17863.7,17967.4,22735.6,23831,18250,22009,17764.8,19546,23908.1,21129.6,20561,18683.8,22249.6,18214.5,18584.6,22367.6,19143.9,19671.3,22043.8,23722,19021.9,19094.1,20104.6,23296.6,22200.1,17607.2,20960.1,17727.1,20941.5,22044.8,21413.8,21448,21433.4,21602.5,18984.4,17390.2,17536,20573.4,21972,18870.4,17394.6,20001.8,16643.9,19254,16591.5,17573.6,16933.8,17349.6,19975.5,22157.1,20356.3,22038.9,23273.9,25139.3,25997.1,29734.8,32114.5
34184.7,26216.3,26686.2,19646,23765.3,17006.5,19239.6,19829.7,17167,17727.2,15275.5,18348,16093.6,15242.9,16804.2,15683.5,16535.4,16595,16593.1,15378.3,19973.7,20247.9,17383.3,15529.2,18327.1,19056.6,16380.8,16774.6,18168.9,19152.9,20397.2,15318.6,15651,15683.8,21075.3,21322.5,19790.4,18036.1,18412.9,19829,19898,21296.3,20469.6,18169.2,17920.6,17906.1,21606.1,20680.3,21780.2,20238.6,16464.4,17536.8,18782.3,19203.9,16411.2,21106.2,18363.5,16488.8,19098,20930.7,21534.3,21323.2,17003.1,21468.1,17634,20174.2,17609.3,15950.1,19003.7,20492.8,16477.7,18558.9,16263.9,15784.2,16425,20643,18256.9,21146.6,18369.5,18615.7,16991.3,18960.7,18348.2,14997.7,19177,20889.4,17830.8,16609.3,17214.6,18353.7,19228,19823,18083.4,16139.4,17853,20368.4,16588.9,20968.1,17059.1,20412.1,20528.5,19685.9,15177.5,21230.8,16086.9,14631.8,16940.4,17232.1,17141.6,21288.9,19079.7,15150.9,16549.4,18151.1,15688.7,16121,16964.4,20616.2,19002.9,19574.6,15828.6,18975.2,16196.5,17709.8,16688.9,19571.4,18933.2,19705.4,18315.4,21383.8,19295.5,19594.2,21141.2,20183.1,19530.4,18398.5,19112.5,16467.7,17317.8,16654,20066.9,19168.9,20987.1,19865,17725.5,16367.1,19079.5,20713.1,19274.9,19274.1,18001.4,19634.1,18691.5,17754.1,18048.3,16156.7,16352.8,19680,19642.9,18993.8,17239,18955.4,20929.1,20254.6,15594.5,19417.1,17654.9,21580.7,21725.3,16177.3,21573.7,20810.7,16943.1,17093.1,20722.6,17840,22046.6,16362,16473.4,20458.9,19277.8,15726.6,20129.3,21609.5,22076,16865.1,21849.2,17310.3,18300,19782.8,20099.6,19105.1,20781,17712.2,16888.8,18913.1,19903.9,16552.1,17409.4,20406.2,18210.8,17830.8,18132.8,20475.4,17964.3,17242.2,20318.6,21975.8,19274.4,19185.6,18722.3,16684.8,20484.4,16815.2,17849.6,20989.9,18947.7,19058,19921.1,20796.9,19396.8,19345.7,16788,17119.6,18297.7,18133,15640.4,16366.2,17849,21292.2,21506.8,20567.8,17782.4,17748.7,19729.3,20377,16054.9,18760.8,17270.6,16505.7,17736.4,20482.3,19341.7,19467.5,20972.1,20821.2,19190,18791.4,18887,15755.5,19634.6,20290.3,16568.1,15389.6,15681,17161.1,16770.3,18409.4,20178,15827.9,17897.6,20671.8,19565.9,19096.2,19925.5,17261.4,17943.3,21113.4,22537.2,20712,16351,17062.2,19994.7,18435.6,19599.7,18080.6,21493.5,18814.4,16824.9,20032.1,16302.5,20703.4,18637.9,21190.1,17962.6,20787.2,16407.7,18941.9,19671.4,17545.6,21737.2,16348.6,22510.6,19983.9,21705.9,20330.5,16293.5,18394.5,20789.2,16330.2,17290.6,17915.9,22867.8,22854.9,22815.2,20737,16867.3,19919.9,18717.8,17720.1,16372.3,19035.5,19151.5,23077.2,22180.9,17601.1,21937.5,19373.4,17732.3,18010.7,18361.2,21027.7,20312.6,18114.3,22495.8,21691.1,22623.8,20226.3,21790.5,23452.9,21037.3,20082.7,21458.7,20970,18084.1,20900,17613.1,23523.8,22461.4,20587.5,23883.4,21901.8,21683.4,23868.1,22831.3,22387.2,22848.8,19376.7,21530.2,19951.9,22071.6,17326.1,19712.6,22651.6,16777.6,18530.1,20403.5,19106.2,20570.6,22062.7,18841,22368.6,19816.9,18990.9,16909,19000.4,17907.1,20560.6,17757.5,22382.1,21001.8,16929.5,20887.7,19480.9,21831.2,19839.2,22106.9,20058.5,22098.7,23579.2,24793.4,26900,28020.9,33062.6
32323.8,26245,24755.4,19171.4,22930.7,21543,21886.5,17089.3,21174,19876.8,15671.5,20420.1,16373.2,15668.2,20581.8,20119.7,19495.7,21432.9,18127.9,16569,19395.5,17206.6,19313.4,17111,15291.1,15106.7,18029.9,20880.5,21527.3,19748.1,19022.7,15926.8,19890.7,15872.1,16096.7,18296.1,19935.9,19340.1,20942.2,20326.7,20682.1,17319.2,18765.2,19158.4,16788.4,19795.8,20571.7,19754.9,21541.1,17311.1,17974.6,15837.1,20965,21213.7,18231.7,18357.3,18303.7,19743.3,18331.6,16555.2,15858,18266.3,16515.9,19453,20004.3,20442.7,21618.3,16482,20637.9,18094.4,18086.5,20840.6,20615.6,20770.1,21579.5,20532.9,15472.5,17910.9,20679.5,19205,19522.7,18246.5,15513.3,19811.5,15622.9,20580.2,16476.6,17420.9,16660.4,15667.7,15144.7,16716.5,15244.2,18457.8,20326.8,16147.9,18438.5,20593.6,17606.1,16034,20946.4,20008.2,20583.2,20063.3,14792.9,15892.9,15378.5,18683.1,21389.6,20679,16616,21394.2,20303.3,19466.2,18577.4,19341.1,21649.1,17403,17351.2,18114.4,19506.2,20838.4,18330.4,18714.9,18333.4,21671.6,20218.1,15971.7,17340.1,16081,18435,18783.9,17854.4,21728.1,18489.9,21022.8,16460.9,20122.9,19943.7,19036.3,17404.8,20578.9,15581.4,17446.4,18020.7,18546.8,20523.4,14961.8,20262.2,19917.9,15802,19981,19333.5,19384.4,18119.6,19739.1,19548.1,21087.3,21327.5,19256.8,15617.8,15987,17424.6,19819.4,18977.9,20257.5,16659.8,19175.6,17887.8,16102.6,22167.6,17657.2,19902.4,18723.9,18974.7,17882,17951.5,19824,21571.8,19574.4,15963.5,21032.7,20198.7,21741.2,17141.2,16132,16467.7,15954.1,20147.2,15810.3,18454.7,16902.1,16721.1,19551.3,16968,22227.3,16222.2,20841.7,16429.6,16780.3,16966.9,20992.8,17968.7,22832.4,17047.7,20267.4,21801.3,22550.3,20140,21765.1,16426,21952.8,19857.9,17263.1,20180.5,19672.3,20748.6,21361.8,21135.8,18032.5,15754.6,16389.1,19999.2,16476.8,18578.3,17043.8,19703.1,17764.7,20514,17097.5,16879.1,21225.1,20981,20722.7,21819.3,17481.1,17710.3,18774.5,18303.1,21310.8,21067.4,20397.3,20471.6,15338.5,16719.3,20660.7,20638.2,20021.3,19418.4,21640.4,20722.6,19843.5,16459,16498.6,18866.5,19727,18193.6,19021.5,15077.1,18573.4,18085,21124.6,18217.3,16838.7,16484.4,21760.2,17009.9,18099.1,20379.9,18092.3,20498.8,18593.3,15970.1,19548.1,19396.1,20128.7,20401.9,20540.2,15902.8,19684.1,19499.8,22292.4,19192.5,18679,21792.4,19599,20146.4,22070,18887.5,20752.3,20603.5,21594.7,21338.6,16652.5,18459.1,22520.5,17134.8,17280,16524.4,19241.5,16214.9,17964.5,17655.2,19308.7,21798.7,19011.6,19130.9,18150.7,17411.8,20848.9,19850.2,20737.2,21510.2,20943.6,17299,17772.1,20270.5,22010.4,21559.8,22451.1,17659.1,23192.2,20244.1,19815.9,18134.1,22339.6,19738.8,19688.7,18808.7,21029.7,22309.1,18817.8,21237.3,23058.1,21686.7,19062.5,23544.7,23052.2,23452.4,19582.8,19599.4,23830.7,23898.5,21322.3,18524.6,23282.6,18374,18206.9,19516.6,23506.1,22763.8,17074.5,17425.3,23473.2,16833.7,17817.5,21615.3,18384.2,21284.2,22329.9,20806.4,18204.8,16937.7,17202.4,22244.4,21477.4,16148.4,18294.8,19581,17841.8,23032,18765,20163.7,17777.1,19297.4,17624,22364.5,21045.6,17043.8,23757.6,23986.9,25366.7,29126.6,35735
35169.5,26819.4,22179.7,20447.5,23866.2,22786.9,21046.3,21203.3,18724.5,18834.5,15813.3,18576.1,16822.4,16728,18856.7,21355.4,20339.3,15853.6,18386.7,16190.2,21260.8,15137.2,15501.1,17694.7,16173.3,20708.6,20417.7,15605.5,15932,15735.4,18114.4,18545,18892.3,20329.6,18899.7,19784.1,20030.8,19291.6,19960.3,21834.7,17066.2,17855.1,17856.5,21157.4,21389.3,20408.9,15939.8,19272.9,21892.2,19227,20455.8,17008.7,16904.3,21077.6,16576.5,19526.5,21223.2,20472.9,15975.8,16539.9,21054.7,15905.7,18296.4,19196.4,18572.6,20439.3,20086.9,20940.1,16556.5,17781.5,15796.2,17388.1,19785.1,18510.5,17773.8,15554.4,18085.8,20230.9,18984.7,18479.5,19443.2,16197.2,21252.2,16358,15259.8,16976.1,16127.6,19237,16948.6,16198.7,17571.3,21469.8,20918.9,21191.8,19109.9,19947.4,20858.3,14929.3,17495.1,17308.5,18316.6,19657.6,16250.4,20737,19464.2,20707.9,17431.9,19487.3,21464.6,15236.9,19068.1,18134.6,17428.1,18271.1,18655.5,18029.7,16942.1,16779.9,19430.2,15737.2,17720,16316.3,18167.3,17120.3,18355,17513.2,20705.3,20256.3,19176.9,18032.3,16679.1,18103.5,21821.6,18945.3,18897,18339.9,16361.8,18315.2,17923,18402.4,17849.4,18017.4,20618.7,17975.4,15698.6,20607.8,18919.1,15899.7,19553,17131.2,15126.7,21157.6,15236.3,17972,16241.2,16686.8,21169,21719.2,18217.2,19628,20277.4,16689.5,15954.6,19343.7,16490.4,16785.5,20964.9,18837.5,19202.9,18124.5,17738,16835.3,22363.4,17788.4,20674.5,18018.8,18979.2,21744,21486.7,18002.8,16790.4,19478,21560.2,20046.2,21694.3,18849.1,16873.2,18636.9,17376.7,16416.8,16839.3,16042.5,19976.8,20766.6,16567.1,20743.6,21373.6,21601,19797.7,19357.1,16536.3,21787.9,17660.3,21788.9,17161,16664.1,18342,19920.4,20535.4,21782.2,22699.5,22025.5,22383.1,16916.7,20146.9,16845.7,22130.8,22507.2,22313.6,19974.8,20770.9,17443.1,21550.8,16670.2,16385.1,18037.5,19736.8,15561.3,19936.9,15524.7,19876.2,17276.6,20327.8,18226.8,19183.9,19629.4,17787.1,20428.5,21298.5,15681.4,16586.5,18608.3,21442.6,21437.7,16096.4,15660.1,15605.9,20598.5,19395.3,18105.3,18873,17049.9,21429.1,17255.1,20498.2,21636.7,20012.1,20349.2,16009.3,18191.9,20933.4,15735.5,21264.4,17955.9,20335.8,21531.7,20550.9,19253.7,19025.2,19756.7,21372.6,21821.1,21113.8,20628.9,20529.4,21374.6,19282.9,21201.4,19671.2,16176.2,16677.8,20628.4,20420.7,16761.2,16944.6,18220.9,21095.9,16415.7,18475.5,21696.7,17203.1,16092.9,17445.1,17421.5,21606.6,17649.6,21187.9,16805.4,20205.2,18050.2,18077.5,18646.5,19952.7,23195.4,20847.4,17836.6,18693.1,21991.7,19174.9,16859.5,21241.8,20551.8,20302.8,18202.2,20507.3,22745.6,18287.9,20143.6,21428.4,20413.3,18212,20664.6,19444.8,21938.1,19641.5,22878,19589.7,20127.8,20753.8,17807.1,20166,18915.6,23808.2,22861,23400.7,18079.8,22587.1,18591.9,19326.9,21067.5,21688,23981.6,22688.7,23747.3,23135.1,22714.1,23960.6,20912.3,22114,20290.8,17112.1,17476.8,22172.8,20109.9,21138.1,18057.1,23032.8,16917.7,21251.4,22013.5,17051,16598.9,22079.7,21365.9,17283.3,19223,20075.4,20984.5,18078.2,17586.4,16808.2,20193,20057.9,19169.2,21511.7,21414.6,16420.7,17719,17250.3,18735.4,20899.4,21554.4,25483.7,32642
32057.4,25631.6,23351.7,25308.7,21425,17299.6,22259,20802.5,19098,19539.4,20877,20695.8,15100.2,18038.5,17067.5,15760,20895.9,18099.2,15684.8,19248.2,16420.9,18089.6,16518.5,16827.7,15609,18339.8,18708.3,15872,17502.1,20138.4,19613.4,16735.2,20966.6,19340.5,19015.3,18435.7,21184.7,18869.3,21163.2,16660.5,21377.2,19122.6,19164.2,18930.7,21152.6,17292.8,16693,16662.1,17752.5,21000.5,19442.6,19279.9,18410.9,17747.3,20163.4,17440.8,19738.6,18931.5,18481,17586.9,19703.1,19931.6,19975.7,19945.1,17275,15804.6,20329.3,21128.1,18786.1,16360.3,16278.6,15290.9,19577.5,21164.8,17969.5,20160.2,20937.7,20629.9,16507.3,15550.4,16328.5,17449,21483.8,15798.5,15283,18729,20445.7,20569.6,20326.3,19901.8,21569,15253.2,20406.3,15523.5,21534.8,16498.5,21478.3,17354.6,19963.4,19443,21384.9,20158.7,16513,16051,20476.8,18077.4,14916.5,18311.8,17075.4,15212,20336.2,14878.6,20282.4,18337.2,15477.3,16999,16863.2,15601.2,20830.2,17353,19450.2,16371.4,20926.3,19163,20003.9,19258.2,21436.6,16541.9,20071.9,17349.9,20245.2,19462.9,15922.1,21605.2,17350.7,20244.9,16712.9,18803.9,16935.5,16731.3,17864.8,18652.1,18000.9,21027.7,17273.2,15611.5,19213.4,20819,20900.8,17873.1,16712.3,18735.4,15666.7,15265.5,13743.4,15867.6,18948,18291.2,17348.3,17694.7,15429.1,20661.7,17641.7,16662,21187.9,17206.1,17248.3,15846.8,21446.5,21813.1,16739.2,22391,17960.3,18433.2,20550.5,21377.4,17580.9,19383.3,16801.5,16510.8,17043.1,19315.4,18750.4,19443.9,21421.6,17236.9,19938.9,15472,20056.2,16333,17956.3,16907.3,18883.2,16763,19853.7,21861.5,16176.8,16251.5,18528.7,21562.7,22541.5,16301.9,18318.1,20207.5,20773.5,20762.4,19096.9,21130.6,19868.4,20544.3,19146.6,19357.1,16395.4,20954.3,18350.5,19405.4,22216,17857.5,22446.7,21261.6,21145.2,15763,19221.2,21557.5,21509,19795.6,16936,20692.3,19536.7,16732,18942.5,18940.9,19060.4,21846.4,18551.1,19386.6,16148.8,21327.8,20516.6,17024.9,21299.8,20664.9,21830.3,15624,18487.1,17546.4,21760.1,21833.8,20711.3,16996.1,19790.6,20662.4,17198.9,16228,20868.4,16157.5,18026.8,18836.1,15342.3,18468.6,17548.3,18068.7,16396,21602.5,20426.1,21124.3,18759.4,21662,20690.4,22503.3,17063.7,17438,18385.6,16886.5,18986,20419.7,18513.7,20581.2,16708.2,21556.6,19586.4,20837.3,22004.7,18873.2,19052.5,16870.9,20237,20115.5,20706.6,20874.6,20200.7,18036.6,20393.3,19178.6,21774.5,18835.3,20014.1,21851.7,22364.6,19926.4,16304,17851.3,20380.3,17636.9,21238.6,20456.2,17942.9,20881.6,22808,20332.2,20056.1,21552.5,22018.9,22424.9,18514.4,18799.8,21857.8,20283.9,23480.1,18393.4,21498.4,21818.9,19872.4,18670.8,21704.8,22829.5,18007.3,23741.5,21869.8,18695.3,21271.4,24155.7,24000.5,18130.6,24069.4,21674.2,19123.9,18103.7,22312.5,23750.6,19758.5,22151.3,23635.5,19191,20643.5,19358.6,21526.5,20941.5,21892.4,22424.6,23216,19400.4,18385,21783.5,17895.8,21111.7,21749.2,18292.3,18950.6,17397.1,17442.4,17963.8,22516.9,22102,18594.4,19882.6,20353.2,21742.7,22765.1,20846.1,18251.6,18508.1,18344.9,20249.3,19067.6,22584.4,20499.4,18751.7,22334,24375.9,23714.7,23876.5,31095.9,32001.5
34038.6,26169.2,25994,22445.3,19526.5,23046,22879.1,21157,19916.4,18970.2,20060.3,15584.7,18976.4,17602.7,15266.8,18854,15873.1,20346.4,17581.9,17626.3,16379.8,21189.5,20412.8,17202.3,17748.6,15531.3,19099.2,18862,16430.8,16799.5,15482,15730.4,17464.5,20391.3,20759,21385.7,21297.4,18628.9,20153.1,20865.1,21266.3,19502.4,19785.7,19915,17914.8,18232.7,17185.2,19149.2,22012.2,18720.5,16169.9,17111.2,17386.1,16201.8,16162.7,20562.6,16164.2,18268.1,18859.4,21157.6,21991.1,18809.4,17925.6,18971.3,18036.9,21597.9,16780.8,21848.8,20009.4,18134.6,16177.9,17588.6,15436,16381.1,19073.2,21777.8,17331.1,16126.5,19746.5,19733.7,19734.4,20702.3,20153,20258.5,18215.6,19547.6,20605.2,20857.3,17145.2,20743.6,18882.7,18058.3,21608,15989.6,16356.6,20370.3,20092.3,16639.5,17976.8,18989.3,21071.4,17302.7,17764.9,17212,17828.9,15604,15455.8,15354,16222.8,14689.6,19688.4,15736.6,20408.9,17316.6,19440.2,17496.5,16351.2,18157.6,20972.3,18758.6,21022.8,20337.6,15977.1,17464.5,19899.2,18549.2,21448.4,16241.4,19396.1,20059.5,16694.4,17625.9,19302.3,19815.1,17335.3,17438,15917.4,20489.9,15261.5,20571.9,16342.8,16027.6,17579.5,18094.5,20779.7,20716,20152.4,14703,15650,20732.7,17299.5,19401.5,19381.8,17460.6,16810.5,20569.3,21178.4,19855.6,15239.9,20947.2,19224.8,20112.1,15596.6,18835.5,18028,19135.8,16844.9,16389,19513.5,17825.6,21482.9,18729.3,19886.8,21755.2,16963.9,18653.8,17115.2,16948.2,19323.4,18301.4,16867.6,15838,18712.2,15750.1,19376.7,16614.9,19456.4,15909.6,17262.2,21046.4,18606,21260.4,19280.7,19653.6,20592.9,19719.6,18429.3,18402.7,20583.4,20929.9,21109.6,17346.9,18058.5,18904.3,20101.5,21624.4,17810.8,19653.6,16443.4,20298,19715.3,16912.7,19700.5,20133.2,17502.6,20684.2,17672.1,16581,20234.3,21665.3,16104,16635.1,20770.8,17928.1,20452.4,17258.6,15871.6,16789.1,21866.9,17860.8,18606.7,15988.8,20383.5,17105,19510.2,15650.2,16233,17649.1,17016.5,16157.7,21351.6,18490.6,21783.5,20335.7,19256.3,20202,21047.5,18210.1,16145.5,20112.8,20650.7,18337.5,15525.7,16477.8,16062,16359,19240.7,19508.8,18216.7,19849.3,20947.5,17379.1,21655.8,19073.3,21770.4,19526.7,16492.8,17570.7,19373.9,16056.9,18963.5,16672.8,16173.5,17693.7,17084.2,21165.2,19839.2,20517.4,18161.9,20598.2,21829.9,21675.8,16897.3,21160.8,16340.1,17631.3,20594.5,17198.4,16576.7,18362.5,21822.4,19809.6,18233.7,15875.6,17833.9,19306.5,18100.1,20564.8,21676.5,19855.9,20625.5,21184.7,21430.2,22757,19452.3,21933.5,22813.3,22009.8,19861.1,21336.1,23078.8,19226.7,17895.9,18209.9,18678.8,20884,22877.6,17835.7,17652.6,21951.2,22166.5,21739.1,19559.7,17623.4,19206.4,19622,21220.1,20203.2,21483.2,22537.5,20780,23703,23613.3,19867.3,22606.9,23232.4,20079.4,20040.8,18180,22715,19193.3,18116.7,18230.2,20655.7,19505.9,19872.1,18306,17601,20517.7,20482.2,20467.1,17605.2,20485.5,21905.1,20988.4,18762,21039.2,23218.3,22653.1,22163,22182.5,22722.4,18976.1,17376.2,22409.7,21773.9,17097.7,17004.4,20498.4,22674,22940,19890,21488.4,19434.2,18733.7,19265.3,22364,23217.5,20119.8,19630.6,25157.6,24987.3,26856.6,34904.5
31157.1,27670.8,26440.5,23396.9,20194.6,19764.1,19804.2,19557.3,15813.7,19550.8,17176.8,18695.7,21060.8,17920.8,21457.3,16563.8,15450.5,19478.1,18854.9,15580.5,15188.9,19319.8,17070.8,17402.9,18558.8,15168.1,19021,15718.7,21561.2,18476.5,20456.7,18471.7,21185.2,20035,16652.7,18074.7,16685.2,16746.9,19548.1,19863.3,20182.9,16077.2,17313.9,17140.6,16504.2,18063.6,21936,16602.2,20218.7,21219.6,16837.2,17074.2,17186.4,19568.6,21335.1,21463.8,21979.8,20118.9,19705,20885.9,19667.5,17155,16656.9,21592.8,18962.5,18504.6,17783.2,18841.9,19373.2,16493,20223.2,15365.1,21803.4,20803.1,19874.6,19732.8,16108.1,17646.7,17574.3,15085.2,14940.5,18366.9,18755.7,17093.7,16617,17570.7,15225.7,15189,17266.3,16524.6,20701.9,16167.5,20892.6,17232,18601,21445.2,15624,17997.7,20700.4,16167.9,19710.2,15213.5,14933.6,18538.3,15142.7,17720.8,16637.7,19984.8,18558.5,15726.5,16385.3,19969.1,18934,16347,18357.2,19756.2,18404.3,19932.7,21464.7,18990.9,19916.6,15787.2,21181.2,20600.9,18541.9,19539.9,20093,22125,20072.3,17896.5,20596.1,20799.8,20862.2,20271.2,20262.2,15827.8,15109.8,20846.2,15735.6,20718.6,18496.5,17345.9,20461.4,20135.9,15033,18336.8,19761.8,19693.4,17303.2,15415.8,19551.7,16066.1,17789.9,20624.8,17658.9,18045.3,15836.3,21044.5,20326.6,17453.4,17420.1,15631.7,15692.1,20643.3,18447.3,17410.2,20111.9,15972.8,15577.7,16553.8,19876.9,19666.9,21207,21883.3,17271,18779.7,17855.1,17557.7,20852.5,17367.6,16438.6,20682.1,22291.7,19696.7,17367.1,19899.5,18454.7,19426.4,18798.6,18702,17856.4,21332.8,18952.4,19832.4,18120,18575.3,17566.3,16657.3,16108.3,16125.1,20141.9,18721.1,21149.3,22562.4,21760.1,16755.3,21426,20591.4,16817.1,19193.4,21757.1,17309.5,18872.2,20143.7,19563.1,20031.6,21088.9,17391.4,19556.7,22481.7,16706.9,21627.1,19881.7,19842.1,17812.3,18597.6,19163.9,21380.5,20799.7,20345.6,20084.5,21607,17369.3,17332.7,19936.2,17828.4,20417.8,17924.2,21512.5,20262.5,22181.6,17263.1,19484.1,20243.2,18478.4,19042.3,17483.6,15530.9,18078.3,18494,21913.1,18993.7,17079.8,20908.1,18205.1,19453,19479.3,20745.9,18262.1,20984.7,21006.6,18179,20950,16579.5,20659.8,16896.2,19383.3,20887.2,17887.5,18381.8,17927.3,21777.2,17961.8,20524.9,18491.7,16319.7,18069.3,16770.4,15995.5,21737.3,18036.3,20848.7,22027.3,16993.1,18944.3,21514.9,18804.8,21849.2,21238.7,17918.4,19758.2,17900.7,17991.8,17978.2,18179.7,17446.3,22118.4,18942.4,17684.9,16139,17453.6,22724.9,16934,21519.3,21063.7,22586.1,20540.2,19012.7,20711.1,18728.7,21624.1,17898,18924.5,21074.7,19107.8,23024.5,21405.8,20758.4,20776.7,18516.1,22858.4,20261.1,20464,19847.4,22783.5,21685.9,19432.2,22789.9,18998.8,20528.9,21215.3,18493.2,24150.9,22316.3,23673.3,22740.5,22041,18766.4,22280.7,19544.7,22023.5,21768.8,24225.4,23080,24013.4,24566,18337.8,23470.3,18709.2,17867.4,20356.1,21401.4,22175.4,18693,18421.4,21130.7,17323.8,23181.3,19385.4,18178.1,23066.3,17733.1,20212.8,22980.8,20377,20156,18612.7,18935.6,17902.9,21562.1,18932.8,20070.2,20711.7,21313.1,18900.6,21319.2,21172.3,20800,20913.4,20043.9,22517.9,22721.2,29076.5,35444
31165.8,29817.2,23568,20652.2,23380.4,22986.5,18928.8,16576.8,18855.7,16457.4,17425.1,18933.5,16609.7,17726.7,17215.3,17751.4,17082.7,17442.3,19965.1,17796,16841.8,20746.4,16705.2,17113.2,17784.3,15675.1,15954.3,16588,18722.6,21444.4,21035.3,16532.3,18237.2,18460.2,17919.8,21665.4,20634.2,21253.6,16809.8,21511.7,21564.5,16459.5,19992.3,16623.2,16698.3,20266.1,20964.6,16530.5,19371.1,18409.6,16210.5,22080.9,15960.8,16838.1,22069.3,21701,20481.9,19560.7,17888.6,21509,19093.4,16952.5,19205.1,16195.9,18166,20455.8,19592.7,15725.1,19002.4,18047.5,18156.7,20434.8,20742.8,16207.5,17583.6,16276.6,17450.2,19676.1,19192.5,19960.7,15563.6,16139,18068.8,16309.2,16939.8,20890.1,16541.1,18691.2,19204.9,15102.3,15857.6,17667.3,15649.2,20012.6,15917.4,18710.1,18069.2,16875,17790.5,19182.1,15756.6,20676,18333.5,20810.6,19668,16671.5,20594.1,15201.5,20199,19883,18349.7,18161.3,18190,16952,18332.9,18171.5,20486.7,18842.4,17305.6,16160,18101.7,18891.8,18419.7,16871.4,16350.3,21057.2,15908.9,21203.3,18376.9,18618.5,19848.2,17642.3,18581.8,15853.4,19243.3,16775.1,19491.3,15420.3,18419.2,17242.1,15724.8,19746.5,17543.3,18446.2,20182.4,18411,18355.8,18663.4,20178.1,17699.6,19157,19049.6,18546.5,20936.5,19565.4,16435.1,15658,16530.9,19983.5,16075.1,16524.5,18754.9,19193.4,20602.6,18617.7,15543.1,18966.6,16772.2,20520.5,17477.1,16707.3,17822.6,22499.3,16245.4,19057.4,17694.4,17402.4,17280.4,17698.5,17798.7,20682.9,21518.1,18458.5,16098.7,16147.9,20216.7,17988.6,16922.6,21074,21608.1,16272.7,17192.1,21865.8,16479.7,16518.5,17708.2,22147.4,19553.6,19120.8,18615.2,20548.7,20843.5,18619.1,23103.6,18434.5,20311.8,20379.8,20189.4,20182.9,19697.8,16908.7,22118.2,16831.1,20745.7,17183.6,22022.7,16910.1,19609.4,20669.5,18069.9,18121.8,19266.7,22230.7,15787.7,17566,16058.3,17197.1,19027.1,21508.7,21152.8,20935.8,21636.2,20883.6,20493.8,16849.3,16664.8,18763.3,19138.8,17986.6,20571.2,22064.8,18816,17477.8,19429.1,19734.7,19497.1,16329.3,21260.1,19204.4,21104.4,16199.5,17224.6,19315.8,20014.9,21266.2,19626.8,15579.6,18807.9,20084.3,20758.3,17455.7,20912.4,19600.3,20092.3,16243.2,16169.4,17791.9,21608.5,16267.3,19142.8,19604.4,21072.6,19981.1,17273.4,19889.3,20205.4,16317.5,21821,15947.2,18794.5,16108.8,18944,17797.5,21814,20341.7,17081.8,21176.1,21422.8,17170.2,21244,21781.7,20681,18673.4,16881.1,17104.4,18776.8,21418.9,21766.6,18470.8,21824.9,21340.8,19557.9,18464.3,21674.4,22242.3,22478.5,22150.9,18780.3,16807.6,20328.6,21274,22857,18918,22082.9,20288,16991,23378.8,18248.3,17355.3,17762.6,22048.7,19473,23153.4,23670,22952.5,17810.6,20379,23161.2,20840.2,20817.6,23332.9,23976.7,21225.7,22545.2,19845.2,23206.3,18592.9,21855,19897.2,21887,23262.8,22112.1,20217,18956.1,24013.2,22274.2,22380.8,21007.1,20993.8,23058.9,18601,20301.7,19675.1,19191.4,20957.7,21453.1,21600.2,17426.2,23010.7,16917,22727.5,18449.9,19257.2,19074.2,22541.1,23128.3,19963.2,19733.4,21466.6,17850.1,17371.8,19017.9,19961.3,21280.8,20748.4,20105.5,18101.6,23778.5,22407.2,24244.9,22452.5,25354,28960.1,33277.8
34267.1,27103,27739.7,21860.8,24034.4,18190,20095,17909.4,19780.9,16253.4,20869.2,18653.1,21617,18150.9,18919.2,18733.7,21211.6,16130.5,20300.2,16066.8,20406.2,15196.5,20762.9,21088.4,18868.2,15694.6,17742.4,17606.7,20802.2,19387,18793.5,19869.4,19366.5,19603.4,15658,21556.7,21328.5,17645.3,22050.9,21999.8,17397.8,21769.4,18553.9,17783.7,21467.7,21642.1,16491.8,21456.7,18195.6,15835.8,20896.5,21335.4,16188.5,19245.7,16921.4,20301.6,20271.3,15873.3,17498.8,19969.6,20040.7,18404.6,16665.8,17015,19143.2,19884.5,19487.4,18568.5,18579.2,21591.9,17155.1,17183.7,16317.7,19151.4,21524.9,16498.9,18941.3,21447.5,19569.1,17938.1,16553.7,18615.7,15952.8,15075.9,20734.7,16173.5,21369.7,20318.2,19734.7,20619.3,20096.9,15333.1,21103.8,17296,20960.8,19170.8,18142.7,19388.2,18263.8,21155.2,19680.8,14944.8,16322.1,16016.7,14912.4,17702,14644.9,15481,15880.8,20353,17639.4,19966.2,17521.1,20763.4,20339.8,15151.4,21235.3,17764.3,16724.5,19069.6,16476.3,20161.1,19163.4,18504.6,16304.4,18602.6,19615.3,17063.8,17462.6,21176.1,17328.7,18199.2,16601,15894.9,16903.6,15450.5,16076.2,20080.9,16054.8,19392.3,18208.9,16851.5,15308.7,20247.5,19881.8,17543.7,14942.2,18719.9,17249.2,19561.2,15102.7,16047,15343.5,15283.6,15360,18002,21053.6,16425.7,20708.5,15906.6,20153.5,17241.1,18713.9,20769.3,18038.4,21040.6,17039.4,21189.4,20786.7,17528.1,20696.5,21708.4,20062.3,17360.1,18667.7,17875.6,19955.5,19112.9,20853.7,18702.8,20356.1,19014.8,20884.9,18792.2,20956,21365.7,19111.5,15581.3,20054.1,18144.2,21785.5,18808.3,21523.8,20662.3,21760.3,18866.2,19263.4,18761.6,17297.2,19959.5,20525.3,20747.8,20504.5,22601.9,19988.7,18029.6,21026.5,17140.9,17022.2,16841.2,20834.7,20894.8,17829,18229.4,21457.7,21639.6,22099.7,21075,20151.2,17135.3,16642.7,19785.1,20779.8,20792.2,18990.1,20643.1,20524,20413.8,18627.7,17701,15913.6,18090.4,16600.5,21724.5,16209.4,21598.9,15637.3,19181.4,17755.7,20020.9,19069.9,19158,16395.7,18793.9,17953.4,15964.5,19570.5,16444.1,15677.9,18627,18718.9,16199.6,17598.7,17566,16302.5,17995.5,19227.4,19315.6,20406,17597.8,17047.7,20884.6,19224.7,15871.3,19953,15662.3,19278.3,18503.8,22281,16835.8,21683.5,18510.8,17471.2,15725.9,16146.8,17846.4,16555.6,21944.8,21202.5,17796.2,20175.7,20272.6,19985.7,16235.9,18031.5,19693.9,19148.3,16416.3,18900.6,22102.2,20005.6,21403.2,19971.9,16870.2,17708.9,20333.3,20521.2,19360.7,19128.1,20815.5,21993.6,18808.8,18083,22640,16496.2,17860.2,18204.8,21352.4,16966.4,20618.1,20611.2,21453.2,17964.6,21039.5,20638.7,22730.4,20044.3,18068.4,23118.6,23136.1,18303.1,23562.2,17823.9,23240.6,22125,24059.3,22979.8,23753.7,20047.9,20718.7,23156.8,19665.2,18131.7,23678.2,24222.7,24190.6,19478.1,22481.6,21206.9,22361.3,23048.3,20399.3,21508.1,20551.8,20333,23405,22470.9,21930.3,21165.3,23070.7,20162.4,17610.7,21307.9,19709.4,17337.9,23445.4,19278.4,21257.5,20295.1,21105,18680.9,22892.7,20233.3,22383.8,18134.9,22857.7,22001,19283.2,21053.4,20689.7,17930,18354.5,21328.8,17755.3,23214.5,18984.7,18151.8,20542.4,19020.8,24241.2,20832.1,27884.9,28977,33850.1
32011.3,27123.7,25243.2,25083,19180.4,21544.4,21995.1,17537.9,16557.6,21150.7,20917.4,19512.3,21564.3,18255.4,16255.8,20904.8,19791.6,17680.8,19391.1,19586.4,21054,19644.7,17366.7,18890,15531,20446.1,16903.2,20598.8,20916.1,18775.5,18043.9,19802.3,17666.1,17341.8,16734.2,16407.8,17857,19458.3,16525.9,16338.3,21155.6,16673.6,17447.8,22241.8,18597.4,19918.9,20520,18672,20020.1,18627.9,16112.9,21562.6,19056.9,20756.4,20233.6,20264.8,18494.7,17590.9,21659.9,18946.3,17871.9,18126.8,20596.7,18005.2,18280.7,17331.7,20475.8,18335.8,21515.6,15828.2,17927.6,17644.8,19018.3,16575.5,18270.4,15728.1,20046,20374.4,20611,21492.2,20168.9,19753.5,15342.9,18616,21528.2,18750.3,17905.1,19897.9,15931.7,21421.1,16135.4,19236.7,17565.9,20087.5,18204,15260.7,17276.6,17293.8,16021,14999.2,21039.8,20736.2,21087,19198.4,18542.8,18557.5,17989,14678.9,15174,20075.2,19943.9,21212.1,19081.1,18644.4,20593.3,20028,16711,16360.2,20674.2,17528.1,15454,20409.6,20479.3,20191.4,21484.2,20954.8,16028.8,15856.8,18265.7,22240.3,22405.7,21476.4,21690.3,16166.8,17227.3,21038.2,19928,17676.3,20974.6,17149.4,16792,19876.8,17984.8,18411.1,17505.1,20230.9,17414.1,17596.8,15200.1,18408.6,19449.6,19143,18459.6,20250.8,18216.7,20071.3,17193.9,18944.7,17582,17178.8,20122,16996.2,18557.6,20070.7,21134.3,20698.8,19512.3,19076.8,20721.5,18217.3,18454.4,16753.6,22334.3,22185,21764.8,19528.5,16843.8,16681.9,18242.9,17296.5,19871.4,16619.9,20773.3,19006.8,17450.4,20920.5,18953.4,17631.2,16825.2,15996.1,20532.6,21230.3,21387.5,20595.5,21195.1,19493.5,19241,18551.6,22073.9,17925,19338.7,20080.1,20045.9,18277.3,21931.3,20012.6,16693,18740.7,19134.6,22301.5,16517.3,21846.3,21257.8,17262.1,17982.1,17256.3,16898,17613,19563.8,16204.6,19143.8,18294.5,21951,18025.6,17046.6,18086.8,20164.6,19897.8,20462.2,19923.8,19001,17292.7,16839.8,20875,16331.5,17650.7,19458.3,21019.4,16428.9,21675,17739.9,17452.8,20430.9,17546.8,21195.4,16569.7,21578.1,18613.5,18621,15787.2,16321.3,17351.5,15500.7,19824.4,19001.4,17607.1,19215.6,15301.3,16603.9,20724.7,20251.6,19751.2,18920,21408.9,16813.2,19382,21914.1,16179.7,16893,17130.2,16125.6,20486.1,16367.3,16046.4,17742.4,16824,19238.2,17084.6,21843.8,16643.4,15879,20845.3,18168.2,17914.1,17242.6,20708,20489,19556.7,20393.2,22129.8,17377.6,19026.4,22549,22410.9,19270.3,22432,20105.5,18211.7,18259.4,20542.5,17567.1,21319.3,16651.3,18066.8,21808.3,19418.4,21853.4,21007.1,20649.1,21671.8,17111.8,16703,17318.5,20082.8,19313.5,22442.4,19886.1,20937.7,23418.5,22171.7,18939,23498.3,18806.7,22565,23635.5,21356.2,24251.7,19326.8,18598.8,20663.5,23459.4,24375,19698.5,17973.6,24423.2,24382.8,20570.3,19210,20668.7,20005.5,19631.9,20539.8,20580.9,23799.3,21696.6,22620.1,21799.2,17949,24139.9,22687.5,18973.9,20484.5,21759.5,19736.8,23720.2,18864.7,20966.2,21078.4,17729.4,17361.1,19195.3,20209.9,19994.8,20205,16501.3,21978.2,21486.6,22584.4,21009.2,22068.1,17195.1,19052.7,21264.6,18687.3,18728.7,20825.8,16843.6,19577.6,18219.6,18260.5,25840.3,26810.1,31489.5,34872.8
33891.4,25144.7,25861.1,20733.6,20501.6,19786.9,17986,20354.2,18302.5,21082.4,21809,20988.6,16237.1,17591.6,15591.5,17899.4,17484.3,17319.8,18969.7,18034.7,21402.3,17579.8,16232.6,17379.9,17040.1,20938.9,18754.9,15128.4,16437.8,16508.4,18205,16604.8,17810.2,15611.5,15621.1,21727.4,19136.2,17433.2,17680.6,19649.4,19428.8,18234.3,20530,20297.7,20085.7,19367.5,19486.7,21375.4,21432.9,20551.6,19646.8,17159,21117.8,21211.8,17059.2,18172.9,22229.7,20403.3,18333.4,20028.9,17333.3,19941.9,17777.4,16261.8,18969.1,16125.8,20704.6,21771.3,17006.8,20550.9,21709.7,21377.6,18132.3,19154,21208.2,20535.7,18910.7,18595.4,20569.4,15622.7,19483.9,16789.2,15636.3,15174.9,17058.4,19461.5,16651.5,20985.6,19230.5,20622.1,21702.9,20609,17330.8,19981.3,17826.8,20865.2,18532.9,20107,19065.3,20222.1,16161.1,16528.6,20781.6,19030.8,19493.6,15353.5,19886.9,17699.7,20042.6,20943.9,18828.1,21322.8,15301.6,20550,15082,20195.9,17558.6,18868,17120.9,15897.5,15517.8,20488.4,20746.9,19941.5,16445.8,21208.3,19618.2,18315,16925.9,18658.9,21988.8,20913.9,21778.5,22000.3,17863.8,21803.5,16736.4,20754,18453,19112.2,21006.1,21106.1,19426.8,16267.6,16621.8,17771.8,18545,18494,20533.9,15796.8,15967.4,16804.5,20321.6,20044.7,14717.7,17914.6,21247.4,16362.4,17292.1,20196.6,18524.3,16339.3,19765.6,21389.5,18966.6,17794.5,20924.3,17472.8,17554.9,16773.8,21511.2,17241.8,22633.4,21272.5,19627.3,16058,16062.6,21633.9,18984.2,18519.4,17421.8,19785,19214.4,22176.2,16246.7,15643.1,17560,20268.5,17820,17775.9,17745.8,21423,16032.6,20461,18255.5,21262.9,19688.3,20884.5,18624.9,19234.4,16387.9,21260.8,20341.8,16430,18430.5,16994.6,19093,17902.1,18814.9,18793.2,19657.9,19913.1,22793.4,21184,16618.8,20727.2,17924,19395.9,21905.9,16059.9,19484,18017,15949.1,19062.2,15774.4,20273.6,15865,21831.5,15911.7,18806.6,19595.2,20544.7,19854.6,17997.8,22101.7,20231.9,19698.7,20848.4,21637.3,17851.1,22161.3,19337.2,21981.5,19468.2,19336.7,16263.4,15871.7,16395.9,21697.4,22088.9,17494.5,19243.9,19577.8,19587.9,16476.4,16781.6,18924,17809.1,17066.1,18853.1,18227.1,17882.4,19723.8,19493.3,18205.6,20432.4,21823.8,20003.3,16460.2,16213.2,19260.6,16866.8,18950.7,15997.5,21479.1,19653.8,16166.9,21253.3,19331.4,18862.3,16364.5,19065.9,20367.6,17580.4,20660.3,18709.5,17951.2,22084.4,16585.6,19708,16969.7,20004.4,21182.9,22337.3,16941,22159.1,19107.3,17564.6,17745.3,19804.2,21160.8,17978.6,16762.1,17579.6,21935.3,22073.6,16603.5,20514,18842.7,20131.6,19662.5,22110.1,17605.3,19829.7,18114.6,23217.3,21263.5,19153.3,19632.9,22849.3,22288.7,17512.4,19449.6,21635.3,20625.5,20016.8,22199.3,18447.8,18395,23044.9,19179.5,20604.5,23286.3,21836,19754.5,19546.7,21721.5,20123.8,22263.4,21839.9,21290.1,22708.1,18608.6,18452,22424.3,18293.5,22851.4,18070.2,21935.8,19901.2,20096.9,19508.5,5395.85,19174.9,20266.2,20594.5,23442.4,19167,18222.4,18737.9,20642.1,17497.7,19633.6,20133.6,18001.6,21188.3,22024.4,17308.5,21496.9,19814.7,18041.3,20345.1,20242.7,17096.7,22174.4,20530.5,23288.6,23332.8,17508.3,23924,23244.5,25695.6,24935.4,32385.1
33835.9,27634.9,23774.7,22120.4,20878.5,17562.9,19262.7,20355.2,20491.7,21335.2,19858.5,15790.5,17862.1,18753.3,16895.2,17811.8,16506.2,17702.9,15826.3,19587.9,18520.8,17117.5,19473.7,18961.4,15302.3,21523.7,21632.6,20572.3,18463.8,20632.2,21463,19169.5,19588.9,19153.8,16349.9,17882.9,18843.7,19386.6,17906.2,20369,18278.7,16741.5,18456.2,18148.2,22207.1,20160.4,19609.8,17704.2,18694.7,19795.5,20088.9,18671,21310.3,16830.5,20309.3,18146.4,18833.5,21931.2,16234.9,21155.4,19832,16649,16917.8,17596.4,18650.7,21337.2,18711.2,18502.9,21269.6,19303.1,21539.3,21604.2,18471.1,20613.1,16498.2,17084.1,15913.3,16529.3,20020.7,20671.5,20937.6,16382,15998.5,17426.2,16894,20086.6,19647.3,15764.4,20712.4,18292.8,21509.1,18754.6,18217.2,15290.8,19602.2,19591.5,16303,21185.1,20872.8,15900.2,21054.1,21405.2,16886.5,15990.2,14817.8,14628.4,17256.4,18715.8,20993.8,15682.5,15776.6,18716.2,15729.6,17311.8,17624.2,19508.5,19238,21653.7,15826.1,15380.4,18108.1,19484.4,19324,17651.7,19542.6,18646.2,20946.1,20046.3,19495.2,18787,18842.3,20371.3,20262.6,20840.6,17238.9,19241.2,17661.4,15951,16429.2,16798.4,20752.4,17829.8,15755,16326.8,15301,17008,20689.5,18402.9,18084,17283.2,16224.4,18248.6,19430.8,18542.1,14846.1,18097,18595.5,16861.1,16290.4,19985.1,19342,18141.5,15512.7,21188.6,19546.2,15665.8,21450,20686,18170.1,16948.3,22499.2,18494.5,21236.1,19361.3,18377.2,17287.6,22252.8,16304.5,15779.1,16837.3,17873.1,21836.9,20153.1,17358.4,18584.4,16720.7,20958.5,18778.9,17415.3,18210.7,20193.1,17140.8,21591.9,16082.3,19252.6,20464.2,19216.2,16384.5,19439.6,20833.8,22431.4,22186.3,21197.6,20348.9,18876.8,21152.5,19868.4,17372.7,20389.7,19177.8,21254.2,17418.5,21718.2,16564.8,21689,22813.2,17538.8,19921.2,19686,21573.3,19709,17861.9,16570.5,21878.4,16340.4,18070.8,21807.6,22177.5,21437.9,21906.6,18709.3,21294.7,15922.9,16429.4,21720.9,17241,18374.5,17417.1,17990.5,18506.9,18567,19582.8,17363.9,17518.5,15633,17539.1,16057.1,18798.4,20821.2,20743.4,20631.7,17163,18923.8,15644.6,19256.6,20232.2,21600.2,21111.5,21614.1,18838.4,20362.5,17933.8,16978.2,18192.3,20659.6,18335.6,16677.4,19070.8,17842.2,17457.1,18699.2,21611.5,16878.4,18035.3,16125.6,18034.5,19092.1,22341.2,16027.8,20777,17357.3,16867.6,16500.9,18474.5,19576.9,21758,20479.6,18120.6,19576.1,17903.5,20904.8,20905.2,16555.7,16884.8,19795.2,20991.2,17191.9,17675.3,22526.7,16476.1,20939.5,17063.3,18671.6,17519,20405.9,21020.1,18949.4,22902.6,19002.7,21384,21107.6,22101.1,22598.2,16883,21749.7,22172.4,19040.7,19763.3,20590.8,22692.3,21932.7,18321,18473.6,21517.5,21230.3,22485.4,17982.6,20078.7,18317.3,21851.2,23549.9,22532.6,20680.9,22426.9,22854,18462.2,22674,20979.6,21082.8,23319.5,23185.2,24442,20506.1,18632.9,22741.1,20408.3,18163.7,20229.4,18118.4,23833.9,19210.2,19105.2,20248,23985.4,23679.5,23302,22988,20942,20293.2,19719.2,19249,19572.6,21651.9,16815.1,20974.7,23145.2,22604.8,21804.3,21284.7,17202,22022.7,20043.5,18555.7,18982.7,23623.1,19052,17952.8,21570.6,22634.5,18356.9,24684.1,22342.5,25513,29539.8
30331.6,24959.2,22733.6,20943.5,18912.4,17573.2,16557.4,19604.2,17070.7,18087.3,21623.7,21530.4,18547.3,21106.2,15673.1,17059.5,15989.1,21059.4,15430.9,15871.9,16174.1,19194,18895.2,16739.7,16158,21235.5,16896.3,17592.8,20103.9,17791.2,17067.1,19265.6,21130.7,16215.6,18253.8,21104.2,16686.5,18945,20774.8,16346.1,18952.7,18283.4,16939.7,18025.6,17480.7,19886.5,21249.1,21166.1,19835.9,19581,17687.1,18593.1,16305.9,19113.2,20643.5,16536.2,21007.6,18235,20692.5,21555.3,20858.2,18756,21850,18675.9,21924,19573.9,16279.2,15638.5,19136.7,18228.7,20045.5,17093.1,20925.9,20180.1,17095.8,21423.9,19147.6,20409.1,17055.8,15972.8,15535.6,17493.5,16959.3,16901.3,16355,19038.1,15236.6,21485.8,18032.2,19728.1,20458,16781.2,20891.4,15657.4,20321,17532.1,20552.6,20446.8,19221.7,20000.3,20539.5,18204.3,15457.7,17218.7,17074.2,19924.9,15969.9,15664.3,19795.3,19937.7,16291,20615.1,18463.3,15057.3,16458.8,16983.9,20044.3,20777.8,18383,19145.3,17494.6,21324,19658.7,17636,17247.8,19680.4,18338.2,19567.8,16432.4,15960,19234.9,16109.2,19842.7,21969.6,17676.5,20217.1,20799.6,17591.3,18755.2,15051.2,19194.8,17175.4,19826.8,19456.5,17743.2,18592.8,17574.2,16772.1,19156.6,17311.7,17531.8,17111.6,17072.2,15000.8,18956.8,19211.3,18178.3,19140,15549.4,21476.8,20701.8,20405.3,20694.8,17154.5,16005.9,21835.9,21394.7,16176.2,19680.9,22165,16445.1,16438,18472.4,20894.1,20558.5,20407,17318.4,16450.9,19759.1,22341.3,19310.3,18767.1,19445.6,20787.3,21650.7,17150.2,20554,19162.8,21485.9,16464.3,18834.9,22257.2,17145.5,18728,17539.3,21356,17730.5,17596.2,18558.5,21723.8,17702.6,18330.1,20924.2,17361.3,21841.6,18677.3,18476.6,18937.6,18054,18323.6,19078.3,20231.1,20788.1,18441.7,22835.2,19777,17592,18863.3,21387.2,17101.6,16827.8,20415.9,15950.8,18440.9,17063.5,16187.7,18920.5,19108,20439.5,18682.9,21254.6,21194.8,16443,19577.9,16942.1,18963.5,19193.2,18511.7,17229.7,18007.4,16306.2,16870.7,21199.8,21639.2,18100.8,19621.1,18281.3,17892.1,18940.2,16249.8,19460.3,21702.4,20241.6,21251.8,18577.1,15984.2,16142,19629.1,19391,17370.1,16873.5,18233.9,19531,19417.5,15403.3,19274.6,21528.2,15964.8,19016.1,21783.9,17332.8,17605.4,18041.1,16009.1,16987.8,16398.8,21204.2,21232.9,21095,17122.4,19640.2,16949.2,19018.7,19395.5,19133.1,20605.1,17677.9,17180.9,21584.9,17978.4,20013,16739,19793.9,20085.6,17919.4,18121.6,18657.3,17272.9,21427.6,21257.4,19857.8,20422.6,17836.3,22018.5,18649,20289.4,21874.2,16578.6,19351,20699.5,16569.4,16968.2,20527.7,21892,21793.8,18096.3,17352.3,18161.5,17340,23462.3,19802.1,19900.9,18179.4,19159.1,20451.7,21753.7,18029.8,24041.8,23715.9,19732.2,24133.1,24660.8,24373,19671.2,18478.7,23949.8,19307.4,22004.4,19292.5,18976.5,18682.2,23913.5,19568.1,19053.4,21479.4,19970,20477.4,20299,23868.6,19643.9,21035.2,19545.7,18898.2,20097.2,19045,20311,23130.8,23659.6,23122.5,17772.1,21455.3,19768.9,20897.9,20361,18701.5,17222.9,17790,17856.5,18001.6,19435,18526.6,16784,23636.7,23484.4,19915.4,20403.5,17216.9,19145.4,21220.5,22821.9,19936,25185.6,25876.6,29360.8
32030.4,28787.6,22079.4,21495,23440,22335.8,21000,21754.1,19748.6,17812.3,19944.6,18828.4,20607,18320.4,16760.6,18232.5,16530.8,17226.6,17323,16999.2,15560.9,19415.2,18162.9,19965.8,18752.5,19206.8,19794.4,19964.7,19864.4,17185.2,19007.5,15723.9,16797.8,18444.2,21385.6,20666.4,18533.4,21249,19548,17139.4,18495.9,16443.7,20032.7,20690.6,21638.1,20880.1,21203.6,17908.5,22021,20757.2,19612.6,20197.1,17437,16288.7,20210.3,20154.2,19379.9,19181.8,21144.3,19567.7,20844.9,19122.5,17722.4,17513.2,21388,21718.6,20104.8,21123,16381.2,21213.8,19171.7,17831.4,19814.8,20316.3,17742.8,21927.9,21638.5,17788.1,18296.6,18651.3,18056.4,15765.8,17293.4,16683.5,20817.4,20430,20634.9,15819.6,17558.1,16044.8,21396.8,20710.1,16118.8,20013.7,16586.8,15930.2,16409.7,15372.5,20067.5,20206.6,18321.3,16142.9,18438.9,17126.1,17499.2,20899.7,17853.9,15579.8,16725.3,20471.7,15053.7,18383.6,19717,19625,17399.7,15931.6,21155.3,17184.2,15710.1,15698.6,20448,15820.3,19702.3,16295.6,19351.4,16419.8,16854.9,22043.2,20012.1,19153.6,20973,18357.8,16214.3,17863.9,20274.9,20076.4,15391.1,14876.5,16147.9,17493.4,17533.5,19343.3,15088.9,19606.4,20859.6,18479.6,20930.1,16740.7,21224,16137.4,16485.6,18278.5,19650.7,20056.6,18044.9,19058.8,17077.3,21061.7,17747.1,16342.5,19969.5,17536.5,17644.5,18813.7,19536.5,17719.1,21458.4,21663.4,19174.9,19637.9,17656.8,16804.2,17296.4,18223,17383.2,19434.5,18012.7,20660.4,17024.9,17201.1,20836.4,18194.2,16537.3,20416.5,20416.4,19415.6,20001.7,20474.6,21623.3,19361.8,18687.3,15921.3,16775,19398,21371.2,18708.2,17878.7,17411.7,21202.3,20566.5,16149,19348.3,18814.6,16375.1,20153.8,16977.7,20320.2,18123.7,20245.1,22793.9,20621,18736.3,18835.8,19052.6,20412.6,19225.3,16542.8,21048.7,22285.8,21129.4,18640.8,22510.8,20024.3,15971.1,19175.9,16843,16598.3,18418.8,20200.8,15796.5,15691.9,16872.8,19452.6,18048.9,20794.7,22100.6,21624.2,18488.1,18889,17580.5,19242,20501.7,18519.2,18458.8,16333.6,15921.6,18885.9,18949.7,18210.4,20089.7,18780.4,20161.3,18249.5,18625.2,16310.4,16196.3,16079.5,16164.7,16830.1,16520.1,19972.1,21525.4,21282.7,17778.9,19606.3,16337,17096.6,16875.1,15910.9,16702.2,20723.8,19251.5,17154.9,17671.1,16945.5,18805.2,18813,17807,16439.3,18809.6,22348,17558,21496.5,19053.5,19272.8,21625,19255.7,20688.4,19327.6,18400.2,20582.4,17201,22216.2,19465.3,18280.5,15760.1,21742.4,20602.5,18387.6,22729.6,17773.2,16481.6,17737.1,18390.4,22897.3,21299.6,16705.6,16766.1,19063.3,18437.5,19520.1,22058.3,17507.3,21348.8,22275.2,22010.9,22680.6,20071.2,23952.6,23594.7,21203,22957.9,17489.6,23373,21776,20998.6,20621.2,20875.9,23020.2,21109.2,21315.1,18078.5,24226.2,20276.1,23109.2,19867.8,23710.7,22457.3,20915.2,19693.3,22427.6,24624.4,22979.6,23982.8,20609.2,18375.2,22447.7,21258.7,18461.4,18235.4,22086.4,21074.7,18578.4,21551.9,18282.5,21437,23495.3,18555.8,18764.7,20344.9,22733.3,21416.1,20224.5,20612.2,17973.8,21348.3,18119.8,18932.4,22628.1,17265.2,20029.4,17506.7,21021.6,17702.6,17858.3,23683.3,18336.7,18031.2,20647.8,24581.8,25199.7,27251.6,31048.7,31187.9
30370.7,29858.1,27236.7,22613,21812.3,18354.4,18381.9,19875.1,19954.5,19029.3,20383.6,18198.3,16793.2,18687.4,16059.8,17111.5,19788.6,16386.9,15856.5,16932.6,20007.2,20721.2,19296.3,21378.2,16863,18739,18670.4,18169.5,16428.9,16228.7,16244.9,20994.8,18759.9,20602.1,19963.6,19255.4,16782.3,18384.6,20483.1,15882.6,17812.5,20944.1,16275.6,16848.7,16391.3,16405.4,18278.9,16422.8,16438,20702.6,16100.5,16992.5,22461.2,19853.6,21050.8,21518.5,17285.5,19529.5,18603.1,19635.2,17360.7,16042.6,19882.3,19005.3,16453.7,17247.6,20276,16535.9,17508.2,18399.8,15600.9,21839.1,19399.6,18941.5,17074.7,20527.5,17929.7,19906.1,21370.3,18328.4,17323.8,17521.7,16811.9,19080.9,20133.3,20574.6,20362.1,20120.7,15252.5,19589.5,16583.9,17454.6,14938.7,16116.1,16054.9,16877.1,21041.1,16285.7,21408.2,20690.3,16177.3,19711.5,18159.8,15390.7,19239.3,20515.2,15164.2,14517.5,15889.8,21078.4,19660.5,16542.4,18181.7,18748.8,18290.7,19976.4,17367.3,16940.2,17405.6,21337.4,18956.9,17313.7,16637.3,21169.7,20106.4,22221.2,18088.6,19883.9,17544.8,21851.6,16939.2,21029.3,22456.6,16693.7,17534.5,20171,19293,18077.5,16229.3,18704.3,15536.5,17910.6,16946,16457.9,19605.4,15257.6,18601.8,17774.7,19683.9,19656.9,18812.6,15713.9,19119.6,15513.8,15276.8,15793.9,18199.1,18049.3,21462.9,17874.9,17782.1,19489.9,16567.3,16261.9,21793.5,19361.1,21549.1,21873.7,22216.2,19959.6,21147.6,19030.5,16683.5,20006.9,18501,17187.9,17406.5,17120.6,20003.2,22144.4,19651.8,21550.8,20850,21466.7,22433.7,22031.8,20907.7,15829.4,18729.1,18941.6,21303.6,20360.4,16122.8,18251.6,18095.4,20499.4,21877.3,17785.7,16588.5,20586.3,17128.7,18916.3,21378.8,20833.5,18372.9,16604.5,21108.6,20435.8,18891.6,18382.2,18308,19332.2,21247.1,16541.9,18671.4,20343.5,17025.6,19846.9,18752.6,17038.1,17974,16998.1,17865.8,17380.4,16538.7,17996.9,18181.5,18487.5,16401.9,21009.4,21864.7,20944.7,20002.1,19425.8,22441.2,22039.9,17004.4,22086.4,18691.9,21884.7,17765.5,20044.2,15845,18192.5,16306.2,21606.6,17626.7,20829,17938.3,18715.3,15775.9,18947.2,17026.7,20064.8,17004,16027.2,16502,17722,20083,19776.8,15357.4,21554.3,17588.5,15826.9,20016.4,20681.7,20541.3,21850.2,17933.7,20598.6,16253,22175.8,16372.6,16715.1,19199.7,17271.4,16062.1,20705.3,19132.7,16416.3,19309.5,18649.5,21074.7,22155.1,17692.9,20467.3,19616.3,16343,17103.1,16706.8,17157.5,22184.6,20851.5,16935.6,16444.4,18354.6,18850.7,21778,21883.9,18899,21323.5,18982.4,18050,17544.9,16790.8,20119,21168.9,18236,16851,22283.1,16980.7,20072.3,22558,18006.5,18036,21946.9,22802.8,21605.5,20918,24348.2,18210.5,23305.3,22809.1,20783.2,23494.3,19332.4,17945,24031.3,17821.6,21302.5,17750.3,23837.4,23805.3,18732.8,20249.4,23394.9,18135.2,20338.9,23720.2,22475.8,18124.2,23976,19421.2,21310.9,22597.4,20257.3,22535.2,22742.7,19470.6,24386.7,22089.8,19663.9,18822.3,24131.2,23088.3,21071.6,18941.5,17220.9,20657.3,20153.4,19805.3,22763.5,20693.8,16672.6,17494.3,22481.3,17848.8,18285.1,20317,18952.8,21737.5,17464.5,19843,19240.9,22604.8,22111.6,20778.1,21750.2,20960.1,20840,23341.5,22862.9,28122.3,31423.9
33575.1,30904.1,24641.6,23678.5,22041.7,23393.2,19958.4,18312.6,17359,15994.7,16242.6,20597.4,16933.7,19242.4,20313.8,15516.1,17711.9,20004.1,18209.7,21093.8,16469.2,17435,15647,21253.3,19876.5,15428.2,19613.1,18698.5,16684.2,17162.7,18929,17168.5,17510.2,20752.6,16534.6,17319.1,19641.5,19141.9,20885.3,21514.8,19880.8,20079.1,19847.6,20346.2,18608,19925.6,21361.4,19990.2,18843.3,16737,19691,19116,18714.4,21733.8,20638.3,21995.2,22278.9,20509.7,20749.3,16864.2,21348.4,21927,19185.6,18717.4,20227.5,20524.3,20533.4,18201.4,17919.1,17080.3,20741,18508.3,17098.5,17629.8,20871.7,18663.2,20333.6,20291.9,21510.8,20734.9,17026.6,16827,17266.9,21245.7,16173.3,19925.1,18009.5,14859.2,16474.8,18543,21486.9,17697.9,17845,20235.2,19627.2,17424.4,20524.7,16794.1,20884.7,18915.3,17003.8,19666,20254.6,16687,19384.5,16380,16514.2,16219,15401.1,18275.1,17439,17760.9,16846.6,15533.2,16806.3,18594.3,21464.1,18519.3,18297.4,15385.1,16624.5,20414.7,19946.5,20599.3,16020.2,20558.2,20295.4,19768.3,19088.7,18132.1,18397.9,17735.8,21653.4,20224.7,22221.9,21964.5,20032.6,21183,15009.9,18870.6,19487.4,18581.7,16916.5,17214.7,19990.2,16221.9,16583,17068.1,15179.5,19245.3,15592.9,17312.2,21098,20821.8,14571,19161.8,17004.3,17732.5,17013,17546.1,21702.1,20274,18665.1,19977.5,17709.3,15663.5,17285.4,22010.3,18793.8,22489,21455.2,21569,20425.2,20355.6,21206.4,17002.8,22455.7,16396.6,20601,22477.9,20160.4,17585.7,16009,21067.3,19333.9,19737.3,20946.9,19680.8,20945.8,19287.5,21786.7,16021.9,16264.2,18931.8,19699,16380.1,21326.2,18782.7,16902.6,16841.1,21607.1,19933,17564.1,18814,21952.3,17255.8,18163.7,19181,21134,18384.8,20826.5,19994.3,16822,19965,17062.7,21058.5,16754.8,19130.3,19813.8,20614.1,18027.9,16250.6,16127.2,16875.8,18892.8,21573.4,21504.3,16169.9,17317.2,22028.8,17905.1,20411.1,16269.1,20161.9,21715.1,16281,19326.7,16322.8,17519.7,17180,17285.6,21674.4,15980.7,17025.5,19784.6,21944.6,21947.3,20151.4,20343.8,16920.8,20771.8,17609.1,19428.1,15359.5,15303.8,18765,17010.1,19060.5,15675,18863,17761.8,21687.2,21343.6,21292.1,16974.3,17345,18883.8,18536.4,19533.2,22249.6,19346.2,20214.9,18187.4,17848,21039,15497.2,20382.8,17970.5,20937.8,19103,17844.9,16913.6,16009.9,18155.6,17535.3,4948.06,18966.7,19723.4,20177.5,18498,19104,18426.7,19233.2,21354.8,21349.6,17446.2,15928,20161.3,21238.6,22573.6,16794.6,17907.1,17025.1,19932.8,16884.1,18231.8,18361.8,17417,17102.5,18124.3,18313.4,16786.9,17431.8,23503.1,22432.4,21785.2,20062.9,21512.9,17987.8,23534.1,17815.9,19239.4,22362,19777.4,22466.5,23675.3,21105.4,19837.2,20273.6,18286.5,21662.9,22588.7,20775,24371,18239.8,21171.2,19792.9,18367.8,22073.4,19217.1,20976.5,23132.9,23130,22579.2,23775.6,22274.9,21332.9,21759.7,21631.9,24401.7,23429.3,22496.5,18018.8,20380.9,17690.3,23827.3,18212.8,22632.3,21188.4,18169.8,17482.2,19403.4,20427.7,18313.7,17786.1,18604.5,18620.7,18548.9,21083.9,19998.1,19984.7,19984.7,19072.8,21739.6,23668.6,23295.8,18458,19302.1,20524.9,21594.2,24851.4,27935.5,29255.7,34737.6
33938.7,24867.6,23419.2,24629.8,22963.3,18043.8,17580.3,19761.2,20857.2,18557.6,20189.5,15966.8,18695.3,20777.1,16994.7,19990.6,18955.8,17530.7,21156.8,15491.4,16087.7,19682.9,20521.1,15556.9,19439.5,19290.6,20569.9,16907.8,20510.2,18246.9,19508.3,18414,19226.4,16081.5,15562.2,21331,20835.9,21856.4,22124.9,18882.6,17183.7,15953.3,21833,18490.3,17038.8,17891.2,19618.4,18594.5,20605.4,20478.5,20428.4,17418.6,19542.2,18062.8,18976.8,21161.5,16549.3,21828.8,19976.2,17726.1,20011.7,18012.6,18815.1,21402.3,19561.1,21715.7,22090.6,17033.5,19355.3,20773.8,17607,19992.5,16129.2,19677.5,16889.6,16074.6,21137,16716.8,19212.8,17927,16056.4,18236.8,20102.9,17978.6,20577.8,19869.9,16559.5,17888.4,19044.3,14969,18704.6,17279,15166.4,18564.4,21457,16653.6,17395.4,16070.6,18946.6,18697.2,16818.2,16738.7,17004.8,17953.1,19125,16497.2,18905,19660.2,19696.3,20470.2,15448.2,20207.8,21347.7,19120.3,19079.9,18242.2,16074.7,17848,17554.3,15205.5,21552.7,18940.9,22196,19652.1,18941,22147,17990.1,17455.8,16714.8,18011.8,17302.9,21173.1,18321,17827.7,18542,20197.4,21223.3,15096.4,15142,16212.2,19346.6,15404.2,15017.1,21009.4,19309.9,16651.3,18028.1,19511.7,18581.7,19868.3,18898.5,16964.3,15917.1,17595.1,18548.6,17064.3,17674.2,17533.3,20563,20769.8,19393.9,16049.1,18221.7,18463.7,21530.2,19489.7,18691.7,20668,19472.9,16659.6,21589.7,21972.7,20392.6,16323.2,19702.7,21520,16402.6,21192.4,21348.2,21603.9,17931.4,19141.6,17252.5,22015.8,22336.5,16025.3,18676.8,20952.4,20820.3,22159.8,15899.1,21014.6,17393.4,20274.6,16081.3,17738.2,22542.1,20694.3,19472.2,17664.5,17707,21489.9,18067,19801.3,20389,16953.1,21237.7,20435.7,19945.8,19397.5,22153.6,21288.7,16883.5,21556.9,18531.7,20499.1,20216.8,19594.9,21220.9,21722.5,16561.8,16619.1,16526.9,16360.2,19576.6,21632.6,18753.8,18948,18801.9,21819.9,21130.3,22192,17577.2,16165.1,20817,20470.8,22020.1,20587.2,20846.5,19927.6,16056.1,21072.5,19254.2,15943.1,21276,20665.2,18979.2,16161.7,17669.7,19346.9,20983.7,18903.6,20377.7,21218.4,16859.3,16092.2,17661.9,20972.6,18864.2,18080.6,17764.1,20351.9,17392.3,17114.8,19577.9,18983,16223.1,17995.2,20803.5,19816.6,20045.7,20571.3,17790,17408.1,17603.9,18036.3,19774.4,17596,17149.2,21602.1,20706.1,16696.6,16342,20142.1,19343.7,19521.2,17469.5,19872.3,16362.2,20262.9,18817.6,20713.2,19348.3,17751.2,20342.4,19776.1,18638.1,22214.4,16480.2,16218.5,18446.5,22751.6,17209.6,21838.5,16543.2,18534.7,16356.4,19514.1,21096.5,22743.5,18372,18377.6,21950,21189.6,23215.3,17386.1,20922,18378.2,21174.8,23750.8,22630.6,22695,21264.3,18983.6,19673.1,23049.5,23655.1,21662.4,18519.8,18587.7,22405.6,19841.1,24637.5,22525.1,21403.1,20640.3,19059.8,24013.6,21162.3,20841.2,22557.6,18634.9,23252.8,23756.5,24452.2,19601.9,24710.8,18556.2,20066.7,18544,22729.3,22534.8,17674.3,21819.7,23230.2,23317.5,17497.4,19679.9,18971.7,23619.4,22061.7,18304.4,17817.6,20449.5,18610.1,17523.6,17223.2,21878.1,21375.8,17776.2,21638.4,18600.7,22544.7,20953,21705.4,17482.4,19811.5,23336.2,18843.9,19918.8,22620.7,28007.6,29953.4,29534.3
33110.3,27974.6,25334.1,24724.7,21795.3,18579.8,19508.4,20385.7,18699.3,19753,17718.9,20035,18690.5,16978,18570.5,20463.6,15543.4,20310.7,19388.7,18847,20859.9,16566,17600.1,21637.8,17717,15430,19786.9,16321.4,16733.5,21484.7,16798.8,16610.8,20659.6,21952,20699.2,20130.8,20983.8,18065.7,20668.2,16629.2,16972.9,18349.8,20914.3,21184.5,17507.8,22006.7,16307.3,21957.1,18481.5,20808.6,18493.2,20746.5,21757.1,18128.9,18987.8,18858.7,17134.8,18239.7,16157.5,20369.3,16664.2,21186.5,18423.3,20403.6,20256,20589.6,18847.2,21178.7,19025.1,16527.6,15812.2,16384.9,18831.7,20620.3,20926.4,17828.8,18290.6,18043.6,21573.5,19180,21001.7,16240.5,19482.9,15732.3,20485.6,18229.7,15995.9,16162.6,21342.4,20328.2,16943,17916.9,17054.2,19432,19122.1,16656.5,19090.5,20428.4,16051.6,19971.4,17047.7,17714.4,16895.7,16651.8,15840.4,19497.2,16770.1,18526,20321.6,18530.5,20221.8,19525,16451.3,15074.2,17393.5,17270.2,21001.4,18073.4,16392.6,18067.4,21543.9,17264.7,20198.3,17785.6,20851.9,17898.7,19398.7,21164.9,22561,16892.4,16936.1,22595.4,20319.6,16189.3,15866,15580.5,17567.3,17248.7,15321.6,18874.5,17221.7,21240,21183.9,20041.3,18379.6,16334.8,18419.4,15194.9,15231.7,20682,20922.5,18975.4,16560.8,16860.9,17110.1,16185.3,16537,17802,17233.7,19452.4,19005.2,21884.9,18209.6,16944.3,19337.7,18299.2,15721.6,21158.4,22535,19864.7,19247.4,22665.6,21353.4,17149.8,21949.4,18122.8,19441.7,20444.8,22094.2,20539,19627.9,21383.5,20159.1,20029.3,18312.1,16687.5,16205.2,17244.6,17152.2,20193.1,19149.5,15804.6,15954.7,18316.5,17709.8,20233.1,19373.9,16304.3,20590,22606.9,19277.2,21483.8,20248.8,20198.3,22418.8,16877.4,19487.7,17602.8,22421,21825.8,19592.6,18365.4,20591.5,22063.2,17915.8,21019.9,21317.3,20961.8,18408.2,19862.8,22213.6,19391.3,17381,16162.9,20750.6,18611.7,21158.7,18586.9,18959.6,20977.7,22087.1,21043,19573.6,20995.9,17389.3,20661.5,21582,22161.4,18657.7,20808.1,19518.6,16050.8,19043.5,17767.4,21942.4,21281.8,16036.5,21144.5,20554.9,16189.4,19960.9,18830.7,20409.3,20394.2,20755.6,20369.7,16799.6,17780.6,20156.4,16942.2,17473.6,16241.3,16388.7,17686.9,15521.8,20288.7,17771.5,21940.2,21187.4,17027,18745.6,18313.5,16489.7,19316.5,19650.7,21452.5,19106.3,16950.4,20440.2,20398.8,17714.5,16726.9,19326.6,16208.9,16120.5,18907.3,19984.6,19401.4,19002.6,22633.4,22945.5,21975.4,17342.4,19499.6,20935.6,21995.2,16716,20481.3,16930.6,18266.6,22647,20037.4,22491.7,22539.6,17292.4,21601.5,22868.8,21945.2,20914.9,17380.4,22295.8,21637.2,21118.9,20187.3,18828.3,21859.2,19297.1,17594.3,17685,22712.1,20092.5,19594.1,17661.9,23967,23312.7,23435.2,22277.9,21674.2,19811.3,18341.9,21727.3,23375.9,21896.2,21489,20223.9,23433.2,24476.6,24521.2,20432.9,24344.1,22501.1,21095.2,22474.7,19368.2,19104.4,20736.9,20665.2,21750,21293,17950.8,20889.9,17616.5,18848.9,19689.8,20894.2,23076.2,20024.4,22700.1,17966.1,17518,21679.6,21825.7,22640.5,20200.5,21092.9,17906.8,20674.7,17196.6,22216.6,21057.1,23758,18092.7,23610,21227.9,19116.1,18428,20655.1,21584.9,18711.6,19347.6,20915.8,22053.6,29733.3,30049.7
35163.4,29648.2,26052.6,24543.2,19168.9,20570.7,17836.4,19943.7,18157.3,18473.7,20520.4,21068.2,19384.7,15545.4,20106,20556,17129.6,15609.7,20853.9,17703.6,15925.9,19882.5,17537.2,19614.7,17924.6,18184.2,16564.3,21071.1,20121.6,18929.3,18277,16780.7,16732.6,20287.7,20611,20198.1,16735,21472.2,16097,20736.9,21884.8,17066.1,17062.6,21130.2,19783.8,20950,19208.7,21091.4,21003.6,22183.9,20012.2,18857.5,19405,21223.5,16770.8,21405.1,20389.4,17143.1,16760.9,19382.1,16208.2,16878.2,17975.1,16657.4,20687.1,19566.4,20345,21780.5,21263.5,21585.2,20103.3,15512.5,21852.1,15916.2,16514.8,21637.2,20243.9,15378.5,21101.2,19917,14981.2,19097.8,19022.8,16008.6,15416,21215.8,20003.4,19931.3,19649.9,16499,19047.7,18111.2,19744.7,20461.8,19377.2,17118.3,14905.1,16823.5,16608.2,19804.9,14841.9,17332.3,16797.3,19800.3,20401.3,17663,18916.1,21017.9,17481.9,19506.2,19490.3,16168.2,20623.6,21443.6,20838.3,18726,21357.1,20507.7,15840.4,19505.3,19195.4,16024.3,17411.9,21207.7,16897.5,21596.7,18020.5,19336.3,17162,21194.2,18579.5,20843.3,18342.8,22226.7,19572.8,18461.7,16955.5,20683.6,16101.3,19772.5,15110.5,15301.4,17723.1,19926.9,18496.6,20280.4,18520.2,18257.8,17833,17599.1,17923.4,16638.5,15126.6,14946.7,17437.3,16834.7,19541.6,16876.9,19778.7,21672.4,16578.8,18365,20286.2,20670.3,15995.9,15892.5,22029.7,18351.2,22214.5,19680.6,16506.2,16580,19121.7,20541.1,18635.7,21872.1,16716.2,21098.3,22526.9,21553.9,20704.2,19971.2,16776.9,20053,20225.8,20587.9,20655.1,20853.6,19618.1,16327.1,16076.3,18509.1,20038.3,21003.1,21287,17040.7,17166,21851.1,17505.4,18088.3,21262.4,20411.7,18543.2,19739,19516.4,20705.5,18376.9,21416.3,16788.3,22532.3,20465.4,18395.8,18025.9,19151.8,22260.3,20276.9,16474.8,17067.1,18237,20790.5,20681.5,16115.9,18968,21813.3,20724.9,16853.4,19131.9,18352.3,18746.4,21223.9,19665.7,21403.7,17634,21960.9,19089,22355.5,19718.8,19389.4,18920,16093.4,20845,17235.8,19028.7,21035.2,21029.3,22368.3,21004.3,20049,19368.1,16943.7,19771.9,16716.9,19920.2,21919.5,15712.9,21092.7,20112.4,15330.2,20489.7,21029.3,21587.8,19338.3,19088.7,16526.9,17647.2,19126,18738.8,20317.7,18415.7,19962.4,21940.4,17044,21722.6,21005.9,17168.7,19065.1,17471.7,16374.9,21934.7,16214.1,19486,18394.9,21892.8,16378.1,19069.7,20900.9,18144.2,16903.5,18122.9,22344.5,16721.6,17453.2,16132.9,20985.7,17931.6,21048.1,22484.1,20974.1,21097.7,16852,20523.4,19881.8,19691.1,21855,20514.2,18008.6,20751.8,21082.6,22903.1,20654.9,19515.6,20471,17925.4,21486,22337.6,22580.1,23113,23600.3,23623.9,20387.5,22450.9,22003.1,23107.3,19026.2,23782.7,23649.8,21810.5,23702.5,19102.2,19687.8,20519.5,23748.3,21453.7,19520.5,20947.1,24865.6,23636.4,22327.7,19515.2,19979.2,22369.2,20223.1,18731.2,22423.7,23525.6,21592.9,22104.3,22772.9,23474.7,22472.6,17905.2,20645.2,18286,20243.7,19709.8,18402.3,23631,17846,21472.6,20865.3,19659.7,22119.2,16864.7,18630.5,19579.8,21907.9,22358.6,20839.7,20158.6,17802.8,23359.6,19026,20562.5,20672.4,22189.8,22025.6,20237.7,21206.3,18058.5,23455,21905.2,22133.6,26236.5,35093.9
31941.3,24988.2,25608.3,22919,23820.1,19466.6,22710,22515.2,18279.1,21382.8,16525.2,17813.3,18243.5,20307.1,20914.6,20354.6,17574.8,21027.4,16249.3,16130.2,17628.8,17596.2,19393.3,18077.8,18618.1,17453.9,19921.6,15935,15799.3,16831,18957.3,16501.4,16729.8,18973.2,16782.8,17429.9,18563.4,18083.7,20019.7,17881.3,19849.5,18712.3,18967.8,16942,15967.8,20739.5,17428,19248.8,22400.2,18101,18378.8,18905.5,18880.5,20971.9,22066,20914.1,20994.3,16578.4,20132.3,20984.5,17906.9,15817.7,16796.4,16593,16405.9,20021.5,17839.7,15822.4,21685.7,19215.7,19378.1,18786.1,20280.3,20300.8,20208.3,17043.3,16460.1,15947.8,19431.3,16483.2,21192.6,18785.5,18610.8,19861.9,15023.6,21301,16938.3,17047.6,17190.6,19048.3,15258.5,18275.1,18741.4,20531.7,16308.4,18427,16280.4,20499.6,17187.9,20237.2,17959.9,19171.5,14999.2,15800.6,14901.8,17344.6,16994.2,16753.9,20382.2,16908.7,19015.7,19645.5,20718.9,20855,18842.9,17070.5,16819.3,18710.6,17017.8,20160.2,18309.8,20723,17248.2,21452.9,16040.3,17941.9,17926.6,18842.9,21535.2,17282.6,18049.3,17181.2,16151.1,21287.8,19743.6,20132,19036.3,17844.9,16551.9,16565,19734.7,19148.7,14831,17033.4,15357,16087.1,18620.8,15935.2,20605.6,17190.6,19391.7,19316.7,19303.5,17038.5,16209.3,17558.3,18680.1,19433.2,16296.7,17348.4,20368.1,20379.6,19740.4,18334.4,21413.4,18836.2,18179.7,21280.6,16254.3,16391.4,17588.5,20808.8,23017.5,18744.3,22010.7,18900.2,21805.6,19806.4,18031.4,16542.8,18171.4,20337.9,20305,20158.2,22162.6,18375.2,22284.9,21617.7,21538.2,19669.3,17705,20770.9,22270.8,21973.1,18304,17744.6,18727,17540,17422.2,16339.3,20905,18094.6,21258.4,16252.8,17926.4,18399,18185.8,19072.3,20332.8,23010.9,17337.1,20298.3,21957.6,20939.6,21788.5,16899.3,19994.2,21788.3,21135.1,21510.9,16646.2,20127.3,19789.2,18832,20041.8,19663.4,15800,21662.1,20030.4,17057.2,18919.9,16372.8,20808.3,17693.2,21704,16090.5,22089.3,16348.2,17660.8,22368.6,21331,21342.6,18151,16127.6,19154.6,20122.2,15740.4,18786.3,15526.8,16245.2,16249.9,19637.6,17518.7,18165.2,17129.2,21356.1,19765.3,20715,21462.9,21283.2,21194,21128.5,19450.3,19775.6,20121.3,21607.2,19507.4,20096.5,17399.2,19710.7,21577.7,20042.1,19959,18305.3,15494.6,21581.4,17363.9,18987.3,19232.8,18579.7,17687.4,16044.6,16631.7,18150.6,19509.2,18429.5,21711.3,17462.3,16831.2,16593.7,18924.5,20199.3,16483.7,20673.8,20967.8,16976.7,17456.8,19494.1,19198.3,18629.8,19710.2,18731,22447.3,19658.7,22355.8,16799.4,20833,18307.5,18817.8,20181.8,21341.2,18503.2,22648.6,20123.4,19711.1,22288,21422.9,17684.5,21494.7,21975,24056.6,19324.8,20152.6,20349.3,20141.8,24179,24165.9,18857.1,22453.6,24300.7,20458.9,24327.5,24160.5,19713.2,21320.4,18539.3,18189.7,19186.6,20686.8,20370.3,19994.9,20012.2,24707,24209.5,18654.6,18258.5,18405.6,24510.7,24456.2,19679.4,23896.4,18036.2,18355.9,18511.3,18461.7,20007.7,20978.6,17988.4,22758.5,22901.8,22993.2,18850.5,16844.2,17584.5,18625.5,18192.9,20261.4,21690,20038.3,18443.3,20060.3,21680.4,21493.4,22500,19865.1,21015.7,17229.2,18692.3,21756.2,24918.2,26194.2,26384.1,29933.7,31592.5
35520.8,25667,25711.2,24680.7,20317.3,21115.5,22339.1,20751.4,18726.8,17080.6,16016.8,17310.7,17972.6,19572.9,19110.1,21928.4,18150.5,19737.4,21516,21629.5,19324.5,19141.6,18348.1,18482.6,21564.1,17032.3,20821,19731.1,21813.2,15396.2,19289.2,17933.9,16206,21143.1,20939.9,18517.7,18239.7,19029.2,21667.5,16849.4,17829.1,21183.5,17803.8,19780.6,16324.1,17511,16449.2,17674,21745.6,21453.4,19693,17490.9,19288.8,18259.9,19778.4,18268,19858,19215.7,21507.5,16552.5,21348.5,18064.5,20665.2,18159.1,17764.4,17892.5,17307,20902.7,17060.2,16357.9,20475.5,18573.2,20419.7,19170,21177.5,17346.9,18584.1,15305.5,17228.4,17143.9,15240.9,19737.9,19771.9,16620.5,19685,17090.4,16930.6,17217.9,20498.4,19714.7,20983.7,21136.1,19402.4,16113.3,14912.5,17695.3,19410.9,18731.9,17616.8,17055.8,18101,20009.2,18146.4,21017.5,18477.4,15440.2,20704,14724.2,20488.7,18733.5,18791.5,15644.7,20249.6,20353.2,17550.8,19258.5,16735.7,18029.4,18994.6,19777.4,21786.7,15762.2,19650,15972.9,20140.3,15970.1,18194,19019,18826.6,18640.7,20877.6,17742.7,18353.6,22301.7,21376.4,19064.1,17552.6,20260,16510.9,17408.1,18653.1,18651.3,19991.5,17292.2,16665.5,15098.1,21359.8,20125.5,17747.1,20088.1,18858.7,19824.6,15524.9,16345.8,15966.9,18955.9,19486.5,20901.7,19099.8,18432.9,18256.2,18012.7,19514.9,20434.3,17435.1,16559.9,18621.6,17829.2,18995.5,20223.1,21750.3,18162.4,21567.8,17828,19195.5,16185.8,20933.1,18194.2,18526.1,19736.4,16098,18677.9,22144.7,20836.2,20236.9,20929,20518.7,21701,21732.9,19524.9,19531.2,21022.3,20495.7,21566.6,16564.3,22037,21526,17090,22287.1,17550.6,18116.1,19157,20197.2,18797.9,18069.5,19603.4,22084.6,19867.3,22183.5,22340.5,21517.3,19539.6,22993,20784,21565.3,19108.5,21034.6,19123.3,17695.7,19022.9,16405.5,18225.4,21789.8,21944.2,19792.5,18767.5,17343.8,21872.3,21266.5,18468.7,16332.2,21133.9,16866.3,21589.6,22474,16273.1,21078.1,18332.4,19103.4,21567.6,20477.7,22345,17509.2,18082.8,19664.7,20171.9,16945.5,20198.4,16150.1,20976.8,22013,22029.6,21412.9,16284.5,15818.2,15859.4,15480.4,18386.3,21392.2,21459.1,19783.3,18769.9,16196.6,18799.3,16687,15724.8,16440,19680.5,18978.9,18166.1,18181.4,20563.7,18044,17197.1,18325.1,18993.1,18872.3,20812.5,19695.3,16987.7,18341.1,16180.2,17650.5,18901,19704.2,20267.6,19237.5,18391.8,21259.2,16735.9,19667,17380.4,17886.9,21169.2,18247.1,21795.3,20855.4,20761,22508.9,16275.5,18879.7,16591.2,21627.8,18638.6,22099.8,21067.5,22379.5,18863.9,17973.1,16949.3,20943.5,23217.9,21196.2,20978.3,22929.7,19853.4,17578,18004.8,19678.6,21682.2,23639.2,20060.2,22246.6,18426.1,21604.4,22241.8,18512.4,22995.2,23849.4,24241,17953.5,21323.9,20052.5,20206.5,20677.3,19548.1,21428.3,22883.1,19694.6,21577.6,18846.2,24859.5,24835.3,22270.2,19975.2,19800.4,21594.3,22338,19676.7,22016.4,20576,21876.7,23050.5,17761.2,19269.2,18726.7,21189.9,20748.4,17128.9,17206.8,21293.5,18008.1,23110.2,21144,21975.8,17550.3,20133.6,22917,20384.6,18246.6,21133.6,21164,19875.6,21175.9,23783.2,17835.9,18086.8,22806.8,18437.6,18818.3,25960.3,24392.4,27477.6,31300.6
35428.5,28756.3,25599.7,20708.8,21610.5,18698.1,17479.5,18079.1,17254.9,19015.8,19933.6,16259.7,20086.4,19953.8,16259.1,16785,18618.6,19020.3,18756.6,20771.6,18971.2,21410.6,20862,17159.9,17459.4,15999,16319.2,17291.7,16664.6,17810.6,17029.6,19200.3,17875.9,20556.6,19767.5,16215,16929.4,16541.5,16927.5,19694.2,20064.9,19148,20678.9,21847.9,19688.6,19799.2,18066.6,18309.7,18946.2,16802.5,16545.1,21452.5,18971.9,20552.4,20415.9,19924,20853.7,20624.1,17542.8,15914.7,21560.1,19584.2,16611.6,18726.6,21318.6,21190.1,20550.7,21762.9,16464.1,20185.5,19294.4,17527,17672,18854.3,17096.1,18162.9,20654.4,17958.4,18237,18182.8,19347.9,18451.1,15666.8,16829,17611.6,14802.5,17067.2,19149.5,20202.1,15419.2,20715.6,14700.5,14832.2,18198.1,17558.2,16015.2,16383.7,19078.8,17296.8,14500.3,19858.3,19021.2,17649.8,17091.4,18018.8,18906.7,15041.9,18101.4,18136.8,16790.8,17124.8,18167,18886,17809.6,21030.8,16258.1,20576.1,15544.5,17470.8,16902.8,19510.4,16445.7,19485.1,16204.9,16715.5,18067.3,22536.9,21413.4,17903.9,20531.7,20955.7,22621.1,16661,16928.8,21447.8,20345.3,16365.7,15657.5,16845.3,15231.3,17864.3,15664.2,15380,19192.4,18542.9,17412.6,15673.1,15759,17996,16784.8,20000.7,19209.6,17000,18446.8,19171.1,20131.4,19396.3,20807.3,19148.7,20694,21466.7,18134.1,19667.5,15801,20205.6,18409.6,19727.8,21465.6,17073,20404.6,16596.7,22347.8,21383.4,20122.8,17287.1,18389.7,22393.5,17096.9,19577.2,19754.2,20203.4,19734.2,16444,16191,16043.6,18203.8,16580.3,20100.2,19340.2,21792.7,19843.1,17618.8,20364,22076.3,22276.1,16687.1,21463.8,19939.9,19394,16982.8,16599.4,22515.6,20079.1,20461.5,18252.6,21941.5,20857.5,18188.1,20317.9,19190.8,16632.2,22844.1,23151.3,22048,21411.9,17482.1,18606.5,20585.7,21495.3,20517.8,20710.8,22404.5,16421.3,19240.4,21019.7,15881.5,20258.1,19031.5,15720.9,19418.3,17871.3,17617.1,17351.1,18093.7,20847.4,19747.6,18260.1,16908.7,20070.6,19107.3,18401.7,18070.3,17346.2,21840.4,20328.3,18384,18532.4,22201.5,20927.7,17023.8,19124.3,16307.4,18660.1,20616.1,19538.1,16238.8,19746,18719.9,15605.2,17303.5,16614,21208.8,20947.5,18646.2,16404.4,17682.1,16377.8,17982.7,17248.2,16908.2,21022.1,21390.9,18860.3,20396,22010.2,21528,17117,17226.6,17795.6,17884.7,20423.8,18575.6,15781.3,20057.4,20148.6,18757.4,18399.7,17116.1,19343,16323.8,15963.9,16606.1,20446.9,17073.6,16331.2,18243.6,19079.7,19666.5,22217.1,21331.5,17830.8,20036,21997.5,19259.7,20046.9,22216.9,19044.4,21969.8,21869.2,22247.1,22108.7,22384.1,20510.7,21452.4,20742.2,17485.8,21412.5,18152.3,21712.2,22228.2,19310.1,18004.9,21203.9,19751.6,20293.9,22274.8,24102.1,22168.2,22031,18739.8,23636.9,20459.5,20086.2,24919.8,20573.2,21156.5,20411.8,23817.3,23762.8,23830,18483.8,22998.4,23051.6,22345.3,19994.7,20373.2,24814.5,21792.5,20877.1,21040.5,22966.6,20871.9,18495.4,20282.2,19351,24034.1,19395.8,20297.2,23611.7,20148,21227.5,23357.7,22799.6,17200.5,18584.4,18182.2,22084.6,23253.8,22779.2,19164.6,19011.7,22678.1,22951.7,17287.6,18194.6,17640.5,17568.9,17624.8,22284.9,21308.1,25586.9,25644.2,25057,34436.2
34996,28309.5,28434.4,26242.5,24924.1,19003.8,17958.8,18505,21194.8,22161,16353.5,20717.4,18570.5,20492.2,15579,15572.7,21635.5,17460.8,19314.8,16436.4,21440.5,17389.1,17593.1,17491.8,16163.9,19486.7,16864.6,18986.3,18466.5,20411.6,20254.9,19253.6,18221.3,16662.5,20653.9,20735.9,16683.9,16749,21682.4,21823.2,16889.2,16777.4,20806.1,16715.6,18138.1,18524.4,17770.3,19402.8,19642,18995.5,20789.9,17285.8,20413.9,17568.9,16821.9,16844,16733.8,18146.9,17816,16298.2,16040,20386.3,21191.4,21808.8,18274.8,19498.8,19900.9,19171.8,17872.1,20959.2,18237.3,20517.6,16370.6,15680.6,16471.7,19049.7,19723.9,16044.6,16118.5,15666.3,16113.9,16397.7,17764.4,18335.3,18041.4,20587.6,18383.2,15367.4,15201.2,17871,17610.2,16993.6,15650.4,19906.6,20403,16974.9,18883.7,21335.1,19044.3,15821.8,20805,14756.8,17025.5,16953.1,14504.9,15798.6,17266,15428.4,18256.4,18724.7,18829.8,19737.5,18080.7,21465.7,20414.3,18927.2,18060,20270.2,19323.5,19709.4,16870.5,16803,19480.2,22081,17687.5,17822,19688.2,22282.5,18412,19777,17237.7,20447.9,20563.9,21688.8,17906.5,16879.7,19063.1,16306.1,20980.5,17694.9,18083.5,18768.1,21132.5,20397.9,21328.1,17397.1,16487.4,17624.2,18868.2,17299.7,15033.6,18692.3,17005.9,14925.3,14053.4,15116.5,20162.1,19131.2,20712.5,16528.6,19288.9,16814.7,16161.7,17068.3,21252.7,17394.2,21089.9,22210.4,16783.2,21645.2,21607.3,16457.7,22958,20971.4,17246.6,19623.2,18616.1,22557.2,19441.3,17234.2,18686,16969.3,16902.3,18134.6,17582,21899.1,16918.9,20070.7,21538.1,21589.1,16038.9,18309.2,17167.8,16674.9,16326.6,18443.1,18325,20127.6,18647.4,17740.8,16864.9,19484.3,17911.9,21703.2,18649.3,20445.4,19649.7,17488.1,22209.1,17205.2,17073.8,19051.3,23009.8,18300.2,19691.6,22750.5,20821.1,20231.9,16972.7,19485.9,20277.8,17290.8,20412.4,17110.4,16543,20332.1,16753.2,19056.3,16971.7,17674.3,19698.6,16577.3,21048.1,17343,22291.1,21084,15949.2,19450.3,21198.4,22648.4,17787.6,16925.5,21376.9,21872,21416.8,19147.7,20428.7,17251.9,15914,22344.2,20548.1,17383.3,15727.4,20496.6,20884,20294.2,21512,16844.9,18698,20934.9,17659.5,20872.7,17822.6,20229,15961.3,18661.7,22073.2,18584.4,20103.5,20613.1,22078.3,20680,19662.9,18862.7,19787.5,19117.9,19630,17121.5,16400.4,15807.8,19804.1,19030,16961.2,16932.1,20285.3,15672.2,21110.9,20008.3,21519.2,20875.4,18429.8,18189,21620,21523,19450.5,17095.6,16382.7,18474.1,21693.2,19827.4,21893.8,18465,17396.3,20307.2,21352.6,19775.8,19849.9,17334,16416.9,19089.1,17407.6,17556.9,17835.8,21806.5,22778,23299.5,18474.6,20030.8,17504.4,23788.6,21756.1,20850.7,22867,23201.7,23853.5,22543.5,19739.5,22229,20122.7,20525.9,22606.4,23479.9,19396.2,19071,19189.9,18232.6,22824.6,22503.5,20025.8,21634.4,21754.2,20502.4,24038.9,22103.2,24543.2,24739.5,24603.1,22026.4,22249.9,24258.4,23023.2,17925,21954.2,20839.5,22850.3,18874.8,17427.2,19544.3,21942.6,22518.1,18835.6,19328.2,21093.2,20641.6,17909.3,21544.1,23110.4,19023.2,18789.6,22887.5,19356.8,18654.5,23815.5,20971.4,18264,21028.6,23904.8,21381.8,20019.5,22970.2,20428.2,26823.5,31264.6,30646.8
35580,30292.4,24865.6,26081.1,23210.4,19989.1,20016.9,18843.5,21559.7,18952.4,16977.3,20668.4,20091.6,16039.1,17135.2,16172.1,20911.2,21649.1,15856.8,21628,21934,20390.4,21151.7,21171.7,18309.6,20630.9,18587.6,17621.8,17537.6,15890.7,20046.3,20995.2,16108.7,16244.2,20033.3,19607,21179.9,20425.6,19844.8,22332.9,18699.6,16920.8,16284.1,15971.5,19809.1,18274.1,21779.2,21250.3,17927.5,16419.9,19412.4,19579.7,21585.4,19801.5,18166.1,19237.7,22392.5,21907.4,20361.1,21272.6,20791.7,17745.7,16036.8,17461.5,21059.1,19741.9,20302.6,19824.3,17991.1,20619,15993.3,17981.9,19687.9,16452.7,17150.5,16802.9,18749.7,16313.9,17810,21134.5,18707.5,16366.9,17953.2,20370.5,21495.1,21073.7,16944.8,21159.8,16688.3,20027.7,18478.4,15550.1,18929.6,20883.2,14834.3,16154.1,20948.2,14989.6,21376.1,18842,19107.1,17595.5,20349.7,18586.8,14515.4,19591,16633,19351.2,14778,14806.9,19180,14790,17275.8,14877.6,20122.5,19925.6,15840.4,15785.5,19433.2,21510.9,18293.5,17570.7,17952.1,17263.6,21169.1,17662.2,19575.3,17262.2,21501.4,19410,17767.8,19568.5,22540.9,22192.2,22419.9,19831,16279.4,19331.6,18600.6,15554.1,21038.4,20463.4,19566,18757.2,15870.1,16755,21323.4,18825,18563,19317.6,17336.3,16404.8,18193.3,19225.2,18847.8,19318.2,21613.9,21217.4,20456.7,21116.4,18458.4,21127.3,18786.1,15862.9,17217.3,21613.5,21662.8,17416.5,16902.4,17943.2,21809.1,21783.9,20572.8,21706.1,20428.8,20047.5,20155.9,18737.3,18001.4,20363.9,17165.9,18999.1,22332.3,18649,16399,16649.7,16850.1,22311.5,21462.4,19679.6,22175,18289.9,21741.7,19701.6,21573.2,20640,16732.1,18139,17418.3,17764.5,21996,17782.8,18697.5,21147.1,21319.9,17646.1,17879.5,16674.6,21102.5,16872,21914.6,23002.2,17954.3,23241.3,22847.9,22300.3,21649.7,17097.3,22586.9,21060.5,22535.2,18398.5,16258.5,20761.8,19406.5,20457.8,22520.9,19561.2,20200.1,19279.4,21946.1,16249.6,16920.6,18562,20910.6,17220.6,18370.5,17698.6,16249.1,19368.3,21833,19074.1,17398.3,17626,19758,19693.7,21898.3,15764,16047.6,16011.1,15416,21752.9,18848.7,17195.9,19938.7,18055.1,20508.7,15488.4,18587.2,19957.7,19683.5,18614.5,20640.4,15502.5,20689.1,18341.5,16117.7,19943.1,16881.4,17835.1,16503.5,20632.8,18673.8,16021.9,18960.1,18351.6,17437.5,18711,16064.3,15758.6,21075.7,19190.8,17481.6,20373.1,16520.2,18140.1,18493.5,16838.9,20283.7,19807.5,18306.4,16527.6,19911.4,17012.2,20131.3,19941.8,18842.9,20585.6,20405.9,17680.4,18960.9,21184,23174,22665.7,16526.6,18194.1,20134,22242.3,21634.7,18693.1,18495,22463.2,19799.7,22803.9,22488.4,23606.9,17424.8,18545.2,23816.9,20844.1,23823.8,19300.7,21155.5,23926.8,20211,21716.1,24282.8,18782.8,23445.3,19423,22345.1,18965.7,22113,22903.3,18509.9,23461.4,19846.8,22997.3,20049.5,20372.1,23001.6,20467.9,22305,21502.1,21706.5,22365.2,23988.1,24702.6,22650.8,23257.6,19446.8,20997.4,19897.4,21021.7,22444.9,18602,19652.3,19327.2,21183.3,20262.2,21324.2,19714.4,20437.7,18529,18462.9,22945.3,18537.1,21290.6,21074.9,19978,22683.5,17865.1,17224.6,20289.2,19985.4,17427.5,17101.1,18501.3,20645.5,24011.1,23882.4,22914,25900.1,32129.6
33927.6,30507.5,24378.8,26071.1,23728.8,22925.3,21467.7,19010.8,17657,22046.8,17684.8,17056.1,20389.5,19062.7,19334,17791.6,22006,20138.5,17773.5,17450.9,15781.7,18025.8,15911.3,19454,20784.7,16232.7,16144.9,20465.1,18072.8,15559.1,19375.5,22051.2,18747.2,21357.1,17430.5,21544.2,17258.7,19451.8,21365.5,18155.4,18259.8,20304.6,21694.9,19785.9,17373.9,16541.1,22118.7,16177.7,22254.1,21829.3,20990.9,17202.2,20934.6,20197,16650.8,19304.4,19369.3,21111.9,19017.8,21677.7,20415.5,21881.2,22124.9,16650,18202,16521.9,16986.9,20440.6,21730.3,17428,15558.2,19645,15954.6,21474.2,20067,18598.1,18498.4,21069.8,17619,19485.6,18841,15444,16026.7,18298.3,16326.6,16371.5,17976.2,20106,19533.5,18287,20886.3,15508.3,20966.6,19415.4,19258.1,18738.8,20403.2,18286.4,21185.5,20551.6,18071.1,18876.7,18001.5,18933.5,17007.1,20714.3,16125.6,19477.1,18597.6,20830.9,15933.2,16973.5,15349.5,14979.5,20692.4,19007.1,21710.4,18852.5,20433.8,18762.3,19780.5,18842.5,20787.1,15745.7,21812.5,16376,18217.8,20447.8,17426.4,16129.6,19045,16673.4,18074.6,18901.6,18105.6,17466,16411.5,15829.4,18438.6,20253.3,20566.2,20353.2,18294.3,19496.2,16649.4,18708.4,18169.9,16722.4,19908.7,15003.3,19125.5,16487.2,18285.4,16762.6,18386.8,17599.8,18586.4,20506.6,20153.2,16126.3,16345.6,19366.7,20619.9,21326.4,19550.4,17717.2,22001.8,19873.6,21085.8,22100.8,20939.7,21708.2,22253.5,19616.8,18454.8,18866.2,19839.1,20555.5,17399.3,19177.4,21912.9,18997.9,19173.8,21115.5,18055.5,20343.9,22306.6,22201.8,17793.9,20941.2,19912.4,16236.8,16557.5,16665.1,21409.2,16552.9,20998.9,19554.5,16705.3,19467.2,16541.5,21159.5,18062.5,19814,18144.7,18893.2,18634.4,21743.7,19078.8,20868.8,16881.8,22701.8,17863.5,18721.5,17949.9,19428.9,21670.5,17650.7,22629.3,19240.3,17278.4,17855.9,18054.3,18776.5,17254.7,17118.6,21959,18037,17334.6,19136.4,18636.7,17466,20000.3,22246.9,19108,20358.5,21008.7,22553.4,20416.6,18033.4,17322.2,19646.6,16352.7,20136.6,17287.3,20888.4,16518.3,21265.2,18571.8,16596.4,18736.1,19696,21878.9,21998.6,16540.5,19572.9,18351,19283.9,18665.5,18401.7,17481.8,18915.7,17233.9,20867.7,20459.3,18811.7,16453.7,19977.6,17573.4,15974.1,19828.9,19817.2,17879.3,20609.6,19391.4,16234.4,20627.1,16362.8,21281.2,16628.7,17805.7,15736.2,16217.9,17860.3,20734.2,20276.5,21265.2,19436.5,21772,17170.2,22171.7,19769.5,20569.3,20023.3,18309.5,17211.7,18959.6,17337.4,22501.4,16289.5,19007.6,22631.4,22951.3,21325.8,21420.5,19668.2,21389.3,18447.5,18171,18118.8,21837.4,21249.9,19512.5,20805.9,20835.5,20893.2,19040.8,22025.4,19481.3,21424.1,19002.7,24053.2,18976.8,18128.3,21788.5,24311.8,23562.6,18818,22594.4,22516.2,23119.6,24434.8,23920.2,21890.6,23281.7,21287.3,21042.6,24301.7,21653.5,19842.8,23307.9,20805.2,24156.8,23674,22897.4,20986.5,24001.9,21811.1,23791.6,22294.3,20879.5,18504.4,23133,23235.4,21912,17884.4,18506.9,18169.3,20072.3,23108.4,22403.6,19850.8,20085.7,21967.6,17480.1,21742.3,22079.6,18943,23000.8,21327.3,23114.5,17739.2,18284,20609.6,21655.7,21512.8,19689.8,22605.3,22277.2,24171.5,22575.5,27532.3,28586.4,35589.9
35155.2,27219.8,22047.6,21845.9,22346.2,18099.9,19435.5,21446.6,18221.6,19297.9,17253.2,18893.3,17181.4,18705.7,21051.4,15958.8,21418.6,22058.3,21922,15712.9,18575.2,16862.8,20972.9,18050.6,18968.1,19835.3,20336.7,16571.5,18475.9,17296.5,15832.6,18524.1,16192.7,19406,21016.6,21379.5,21585.9,22084.3,18751.7,20879.7,19642.5,17799.1,21143.4,17818.9,16466.8,20084.5,16989.4,21748.3,17807.5,18895.2,16280,19790.8,18142.4,18108.6,16696.9,17343.8,17707.8,16518.4,17892.4,17362.1,16824.5,20306.1,18746.3,21904.6,20041.1,19665.7,19385.8,17872.9,20380.9,21657.3,22046.5,17371.3,17477.7,18608.3,18306.7,16481.3,17340.8,19763.5,20197.9,19504.8,16327.6,18138.5,16481,20450.8,18153.6,19652.7,19282.8,17420.6,17476.3,19371.1,19983,15056.4,21263.4,18697.8,15172,20502.8,15427.5,17498.1,16187.8,20243.7,17612.1,19890.7,15809.7,16420.2,17580.3,19413.2,19213.2,17591,17194.2,15939,17464.3,20832,18667.9,21360.3,20043.9,20467.2,17133.4,15469.9,15965.9,20424.4,17417.5,16446.6,20385.9,17138.1,19534,21354.3,20087.8,17760.9,18109.9,20327.9,18221.7,16377.1,21608.4,22611.5,17156.1,22197.1,20652.7,19393.2,20623.5,19630.5,20853.9,15618.6,19180.1,16679.7,18571.1,16275.9,16151.5,19148.2,16622,20260.2,15002.6,15365.1,19704.8,18375.7,16993.2,17943,17186.5,19784.9,19252.7,18035,19441.2,20057.1,21994.3,17074.7,19197.9,21666.1,16459.6,17118.7,18153,17136.2,22174.7,16500.3,19125.5,19824.2,21638.4,17159.4,20164.5,17834.5,22810.9,16930.1,17162.2,16135.1,22581.9,21492.9,16312.7,18233.9,22052.9,21752.6,18140.9,18116.2,19598.1,19825.4,21344.4,17918.2,21901.3,16889.5,22544.3,18612,17202.1,20801.6,16617.4,17160.8,18009.6,16792.9,17584.5,22110.3,16676.7,17873.4,17201.8,18923.7,19652.4,21679.5,19008.8,21406.8,17877.6,17048.2,17886.8,17714.7,20842.3,18163.9,21165.7,22225.8,17598.3,21171.1,18275.1,16391.1,16211.6,21639.1,17277.2,17526.2,17252.8,20904,22390.9,16811.9,17472.6,16218.3,17411.9,20085.7,19561.3,19207.1,17687.3,16758.5,16819.5,20775,18568,19669.9,21767.8,16342,20284.3,18189.7,15821.2,19142.2,17233.5,18442.8,18709.9,19918,17188.2,16401.8,17110.3,18210.2,21150.3,16509.5,15986.9,20755.4,18523.1,18473.1,20716.3,18902.2,19975.2,19509.7,20357.5,22280.1,20484.9,17719.6,17470.1,17478.1,15506.3,18426.8,18159.4,18867.1,18910.3,16584.2,17031.4,18166.4,16959.3,18986.4,18563.2,17538.9,19680.9,20705.6,17329.4,17724,20246.4,19290.2,21381.4,22195.2,19978,22510.2,17945,19611.3,17600.9,17954.8,20827.2,18210.8,20387.3,18109.5,19175.4,20232.2,22751.9,20267.2,22180.1,18094.1,18995.1,23223.7,18142,18056.9,22465.1,17930.3,21251.3,21314.8,21904.3,19457.8,18970,23590.2,19247.8,19754.8,19335.8,23246.3,20676.3,21151,20311.3,22106,23922,22554.2,24419,24491.2,20281.8,24251.1,23952.2,20532.8,23263.7,20229.4,23970.7,22736.8,24934.4,23373,22927.6,22699.6,24032.9,23016.9,20058.6,20622.1,23998.3,21885.5,19518.7,18858.3,21901.5,17762.8,23717.2,22613.9,18444.1,17554.8,17351.8,20235.2,18480,20766.5,17961.8,17905.4,20821.2,22443,20500.6,19027.4,20607.6,18871.4,24132,22752.7,20086.1,17708.4,22155.1,24397.9,22077.3,28070.5,26491.6,35944.9
34482.1,29596.3,28346.7,26086.4,21281.2,17501.2,21835.5,20167.7,16176.2,17028.6,18104.8,15911.7,20837.3,17103.2,21351.1,17916.6,18349.8,16388.9,16962.5,16930.5,17821,19276.9,16527.9,15303.5,17669,15514.9,20858.8,16851.8,15935.7,19346.8,18794.9,16272.8,15874.2,20749.2,16876.4,16454.6,18159.5,19431.6,16141.2,21052.6,17153.4,17185.2,16539.1,17319.9,21740.2,21528,19151.4,16790.1,18497.2,16854.2,17507.3,20301.8,21727.3,19980.1,19707.7,20522,21845.4,16594.4,21780.5,20910.1,18211.3,20928.5,20533.5,17831.1,19301.5,21910,17269.2,19443.6,16245.9,18492.2,15742.1,21576.8,20127.6,19071.4,17760.9,19609.3,20924.2,19129.2,19030.5,17602.9,20980.8,15301.4,21568.9,19261.2,20398.9,14895.3,18884.1,19719,19431,21375.5,18757.3,15673.6,18869.5,20217,18988.4,18797.1,16010.6,16725.6,20861.9,16975,17408,19943.6,15606.9,14629.8,14599.8,20116.6,19285.1,16586.1,19170.3,19840.7,19562.6,18844.6,18512.7,17599.6,18697.6,17104.5,21377.4,16011.7,16713.4,19401.1,18829.5,17717.4,16870.1,15970.8,18111.9,19422.6,18562.8,22341.3,20577.4,21595.9,18025.7,19604.7,21506.6,20322.7,19015.2,16101.8,19276.2,15796.5,19809,16295.8,20984.3,18629.9,17818.6,18277.7,18238.8,17529.4,16340.6,20048.9,21319.2,20337.1,17681.3,20413.2,17393.9,19266.3,15846.1,16125.5,20164.6,18872,17822.3,20995.2,17863.5,18546.2,17519.4,19155.5,20852.2,19135.5,20133.7,21390.7,20619.9,19151.2,22356.7,20108.8,17214.2,20687.8,21105.6,19376.4,18809.2,19061,18948.5,17622.2,19733,18402.1,16642.4,19570.2,19980.6,16131.5,19865.1,20229.6,21198,18108.5,16436.4,16625.3,20755,20150.7,21987.4,20100.1,18099.3,19032.2,19712.8,16210.6,22441.3,21219.4,21931.7,17403.4,21095.2,21205.1,20774.7,18542.8,16899.3,18473.8,20366.8,20495.7,19576.9,18421.1,19069.4,17625.3,17701.1,21128.4,21405.9,16626.3,19316.5,22399.3,16391.3,22293.1,20877.5,18783.7,17721.5,21277,17210.2,16593.8,16695.9,19505.2,17208.6,21576.1,20828.2,19248.8,19731.1,22304.5,20335.9,20223.2,19425.1,21657,19962.9,21558.1,21237.1,21070.5,17717.7,17527,18121,17668.1,16421.7,19758.7,18405.3,16358,20284.6,21930.6,19569.5,16574.1,19156.9,19803.9,20893.1,17133.9,20902.3,16670.8,16402.6,18773.8,21133.3,19420.3,17588.5,19188.1,17820.4,21078.4,16383.3,19828.4,18178.3,20137,19460.7,17047.8,17693.6,20536.3,21128.9,18017.7,21650.6,20235,20623.9,19706.8,21520.4,20284.4,21539.8,20848.7,20565.9,22116.9,19011.6,21958.7,22162.9,16792,16965.9,19279,19715.2,19655.4,17765.5,16925.6,22680.5,20520.4,19225.9,20065.8,21296.5,22140.8,18567.4,23071.8,22102.5,21709.5,20204.2,19074.2,17835.3,21847.5,22428.8,18775.8,21501.5,19821.3,18503.8,17760.8,23319.9,24104.8,22887.3,23981.9,18371.3,19536.5,23532.7,18724.1,22301.4,24203.3,19923.1,18452.6,23226.6,22529.6,22300,20290.7,22023.2,19316,23914.2,24094.1,20693.9,21647.4,21729.4,19431.7,19621.5,21527.7,21559.4,21326.6,17617.5,20672.6,21018,20412.2,24025.4,23723.5,20035.5,20329.7,20223.4,20095.5,18881.3,19592.8,22359.1,22179.6,19707.9,18707.5,20471.7,23543.2,18465.7,18197.2,22964.8,20077.7,18252.6,24267.8,21614.4,17805.1,23437.3,20786.3,19055.7,24165.9,24290.8,24825.1,28240.4,34605
36015.9,25702.2,25293.5,25428.4,22071.2,18172.3,23356,18428,21982.9,21271.9,17645,19243.1,19042.3,18848.6,19264.1,20401.8,18336.2,17979.7,21763.4,18551.2,16296.8,19847.1,16970.5,20960.7,20573.7,18993.3,18871.1,16677.1,18550,18038.6,16837.5,17435.8,21958.4,16302.8,19963.7,20953.8,16441,20227.8,16497.5,18762.3,16192.2,19074.4,18830,18826.3,20347.1,20432.9,16603.4,18038.2,22347,19804.1,21971.4,19979.9,21880.2,20294.3,19340.3,18483.4,19577.9,21467.2,20502,19694.8,15926.7,19728.9,19303.1,20360,18735.4,18687.9,18569.7,20534.3,15895.5,21479.8,21069.5,17880.4,18954,16319.5,17133.8,20433.1,20458.7,21198,16984.4,20429.1,15080.6,14924.3,20878.3,16010,19129.8,16502.2,18887.5,15240.9,19727.3,15830.1,15998.5,15771.2,19409.1,20106.9,18168.3,17410.5,18925,17299.7,20776.9,17609.8,20661.8,19554.1,19508.4,18270.4,17685.1,19632.9,15504.7,18168.3,17071.5,18945.3,18600.8,16805.8,17452.6,15711.2,16037.3,20671.8,17788.7,19415.6,20319.7,15728.3,21776.9,18810.3,16570.6,18141.3,17856.8,20650.3,17110.2,20886.8,21204.3,16629.7,16111.5,21379.2,17139,21386.4,22038.7,17341.1,19999.8,19049.5,21155.5,16222.5,20911.8,16218.3,18569.2,17813.5,16868.3,21384,20340.1,17789.9,17443.6,20291.2,21278.9,17117.1,15416.4,15929.2,15726.6,16556.8,16188.5,18570.8,17538.9,21097.7,19660.3,16337.1,15868.1,17223.5,21091.6,17822.1,19850.4,21235.3,20588.6,21800.6,21512.6,18396.8,17321.1,20927.7,19048.7,22832.2,22766.9,18305.2,19924.7,22009.5,22762.3,21139.4,21039.4,16930.9,18439.5,16694.3,18214.2,18883.4,15837.3,15806.2,18192.3,16940.2,20980.7,19848.8,19223.6,21561.9,17100.8,20869.7,18800.7,21705.7,21365.9,16714.7,19380.7,18328.3,20283.8,21602,19833.2,21808.8,22267.4,17932,20116,21846.4,18758.9,19488.6,17603.8,17123,19951,18196.8,20738.4,21513.1,19143.8,18506.2,21092.7,17319.3,22408.1,20482.5,16313.8,21788.7,21275.8,19726.1,21743.8,19057.4,22210.9,17266.6,16134.4,20961.3,19690.8,18969,20045.2,17823.6,19633,21678.3,19739.8,20788.8,18812,19791.8,16680.1,17535.2,15514.1,21226.3,16852,19418,16276.3,20953,17020.4,16105.3,22113.3,21253.2,18052.8,21094,19873.7,17282.3,15791.4,20416.7,21244.3,16915.1,21087.3,16377.7,17652.1,18984.9,19863.7,19012.2,19960.4,19171.6,20460.8,16391.4,18956.2,20948,21389,17185.1,17100.9,15607.7,17964.9,16658.3,15904.7,17320.9,21985,20540.6,16322.1,22013.8,21678.7,18614.1,16500.6,18246.7,18803,21337.7,16401.3,16160.1,20949.8,22658.5,20392.4,22170.7,18318.2,22727,22522.2,22416.5,19791.3,16350,18596.3,16854.2,21115,19698.7,22168.9,21999,21128.8,22802,22564.2,23519.9,23900.3,23986.5,17821.8,19103.9,17814.9,19110.7,22056,21651.7,23678.7,23695.6,20614.1,22000.7,21009.3,23315.4,21882.8,21847.6,24695,19512,20120.5,20694.6,20909.9,19230,19486.9,21924,24831.7,21462.8,20306.3,24134.6,19842.6,22569.2,20746.7,20423.5,22797.6,20828.5,23135.9,18957.2,23329.6,18894.2,18601.9,18423.4,21029.5,21820.8,21056.1,21555.7,22668,22555.5,22669.9,18292.4,23427.3,23127.1,22481.5,24274.6,20282.7,23134.4,18638.9,20526.2,19706.7,19815.4,18678.9,17909,22379.3,21746.6,21562.3,23623,30806.6,31689.9
34884.8,25892.6,25196.5,23751.6,23810,19793,19666.8,21379.6,20917.8,16536.4,20481.2,17096.8,18208.2,18274.6,21484.7,17627.5,16280.1,19770.8,20911.8,19043.6,17797.5,16352.6,21696.8,18207.6,16936.3,18604.4,17283,19171.2,19598.5,21458.5,18022.4,18354.2,18490.9,21235.6,18412.7,19841.4,17721.8,18239.3,22078.8,22322,22122,21923.2,17279.6,17813.6,16781.2,20823.5,16473.5,18318.5,20275.7,20744.1,21231.5,18206.4,22154.8,20929.7,19684.8,20329,19788.9,21133.2,21696.3,16429.1,18886.2,17193.5,18502.9,19751.8,21748.6,16912.2,20661.4,17799.3,17085,19164.7,16624.3,21628.7,16875.7,20973,17585.3,18553,18120.2,21002.1,16883.8,16190.9,15662.2,15244,16379.5,15761.3,17930.3,15181.5,16483,17531.4,16369.3,16268.1,16186.9,14859.1,18799.6,16580.9,17080.6,18225.2,16358.5,16388.3,18748.8,16992,20280.3,16355,15123.3,15400.9,15240,19737.4,16787.3,18427.5,19331.9,20424.4,17946.6,17775.7,15003.9,16457.6,20752.1,21229.9,20225.5,16052.3,15327.3,20751.8,20217,15691.7,16181.5,21570.5,18887.1,17898.9,17774.4,22129.4,17010.2,20907.4,20049.3,17259.1,16120.1,20670.5,16477.7,18806.4,19232.5,15634.6,17829.2,21335.8,20603.2,17119.4,15563.5,18673.2,15863.1,19948.6,15781.8,20543.9,16101.1,14957.5,17066.2,16335.6,18470.5,20193,14424.8,15575.8,19884,18185.8,21949.9,16665.4,16534.8,21042.3,21156.8,21569.5,17295.3,21635.9,21072.3,18956,19679,19524,17286.7,19175.5,21999.3,21018.7,18963,19087.3,20172.2,17891.5,18059.7,20848.4,19022.9,17139.1,20280.6,21002.6,17418.8,19705,18825.2,20572.5,19543.9,20512.5,18283.9,15989.6,21617.8,19603.4,17552.1,17755,22230.1,18571.9,19793.7,16586.5,16424.7,20976.7,17201.2,21264.5,19894.5,20192.7,19249.1,20662.9,16510.4,22675.8,19931.4,21124.2,16829.4,20168.8,21229.3,19927.2,17437.3,17871.7,18999.7,21238.9,16205.7,19673.2,22461.6,19574.2,20001,20532.5,22226.8,17272.9,18548.6,17675.1,18721.1,19435.5,16350.6,21568,21043.4,20145.3,20453.7,21544.8,21581.3,20428.8,17199.9,21543.8,18331.5,16243.7,20196.7,19765.7,21836.9,17591.3,16187.5,20348.4,18714.1,20885.4,21170.1,17943.5,18902.1,18099.9,19468.9,19989.8,16827.5,16060.5,17444.3,17305.4,21835.6,19803.1,16976.2,16066.4,21493.5,19772.1,19906.8,18313.7,19685.4,21553.2,20091.6,21883.5,17176.7,18836.7,19932.4,16288.3,19546.5,20137.6,16285.5,19098.1,18125.4,19429.5,17422.2,17940.7,21337.5,20467.9,17653.6,16620.9,20454.4,21982.4,20977.6,16294.1,18309.9,22266.3,18717.7,19162.6,21980.6,19587,21171.1,18948.1,19160.1,20580.5,20289.4,18935.5,21701.1,20861.8,17092.8,16552.3,21790,17943,21855.6,17535.7,20513.9,23127.7,22024.9,23795.2,18536.3,18589.9,22473.8,21172.6,19803.2,22893.5,20558.3,22531.5,18831,23230.7,18340.4,18528.5,21986.9,22807.9,24425.3,20827.8,23443.6,24221.6,23234.4,22145.2,21594.7,23434.4,21389.6,23186.2,24141.3,23102.3,18730.6,21136.9,21195.9,21455.8,20334.9,20594.4,23812.7,19680.6,21694.5,21408,17565.5,22489.1,18803.8,22523,22305.8,23514.7,17675.8,20271.3,19473.5,20872.1,22644.6,17179.2,20849.6,17229.8,19330.3,24089,22046.7,19388,18589.9,22444.9,21214,22823.8,21677.7,21718.7,18423.4,21556.7,21048.6,24827.1,29803.7,32478.8
35865.2,25333.4,26374.6,20014.9,22062.1,23122.2,22418.4,20065.4,18615,18638.1,21216,22229.9,19183.9,17552,18304.6,15933.7,17891,17089.6,18718,19130.3,18468.8,18453.2,17488.1,21530.5,21225.1,21095.9,16708.6,16020.4,21914.5,20206.3,17656.1,19278.9,16364.9,18567.3,21084.6,17278,19428.8,21635.4,17883.5,22246.4,19584.8,16212.2,20701,20646.3,20575.5,16876.6,17569.3,17447.8,20552,16124.9,17368.7,20329.2,19238.7,20839.8,17489.7,21949.2,19549.4,19262.3,21403.4,20703.5,16750.6,20503.7,16916.6,17651.2,16255.5,19994.3,15780,16156.1,17079,18440.6,21245.6,17720.7,21849.9,17097.4,20289.7,21671.3,16756.8,20758.5,15597,16428.6,17243.9,20644.8,15625.7,20924,18159.7,19964.4,17458.5,21043.3,17106.2,19798.2,18037.9,17194.8,17711.8,18250.5,18759.5,19292.9,18454.9,18625.5,15759.3,17738,17397.2,16146.6,14659.6,15628.2,19188.9,18783.7,16373.3,17534.8,16660.2,17783.3,18697.7,17319.4,15257.2,21191.2,17552.3,15427.2,19096.1,18900.2,16381.3,16000.8,19422.1,15560.9,19745.2,16667.1,19440.6,20303.1,17016.2,19349.8,16194.2,18145.5,22341.7,21857.8,22024.3,21470.4,19790.3,19483.7,20941.4,21645.5,21417.4,18463.6,18880.1,15157.1,17355.7,20142.1,17491.7,21180.4,19928.9,20430.6,16409.6,19919.1,19404.9,20399.2,20731.9,16193,15493.6,17473.1,16311.6,19186.5,16595.4,21301.7,19244.3,17817.4,20048.5,16032.9,17647.4,16038.2,19223.2,19247.4,20372.9,17565.1,18092.4,18812.1,21856.2,20134.8,22146.5,19687.6,18736.9,17378.4,21589.1,21840.7,20526.1,16746.3,20720.6,19693.5,22347.2,19730.4,17822,16884.8,16715.4,22320.6,16812.9,20768.2,19495.2,19884.5,18248.4,22186.3,17956.4,16241.4,22076.2,20987.3,21361.5,16690.3,17449.3,22881.3,20221.2,19072.4,19241.6,20921.2,17372.8,16901.8,21649.6,17312.6,20198.4,19687.3,22353.6,21543.1,22348.4,19863.5,22502.2,22442.5,16713.4,22013.1,17711,16737.1,18517.4,16233.8,18894.1,21172.5,21466.2,19954.5,20999.5,19205.9,19758.6,16315.3,22206.8,20565.3,20207.5,17132.6,21778.2,20091.6,17511.1,16405.1,19564,21415.1,17701.1,18052.8,17197.5,16535.5,15513.9,20744.8,21820.8,16795.8,19593.7,21975.3,18099.9,20196.4,18881.3,15688.1,19700.8,20827.5,21222.9,15981.2,20370.1,16831.3,17696.5,22015,19127.2,20054.1,15984.4,22242,20555.2,20812.3,19762.4,20331.8,20971,21137.1,19446.9,19316.3,19306.5,20403.5,17624.3,15876.8,17510,20033.7,17466.9,17607.1,20461.4,21716.6,21273.7,21848.7,16068.6,18359.8,17486,17020.6,17634,20792.6,19067.6,17464.5,20877.2,20638.2,22496.3,22318,19858.8,17293.8,20355.9,22292.9,18098.4,17834.2,22141.2,18894.3,20158.6,22385.1,22168.7,22659.4,20187.2,23219.2,17590,17999.2,19800.9,22269.8,17807.2,23023.2,24077.6,19909.9,21790.9,24731.2,18219.4,23990.8,22867.5,19599.3,21748,23887.2,18382.4,23712.2,19830.3,22816.5,20494.7,20995.9,23735.9,23895.6,21703.2,21939.1,23892,19279.5,18877.5,19733.2,22615.2,19227.9,21500.8,23234.6,22020.7,18728.2,19209.2,22179.2,21439.5,19596,20316.3,22078.3,20202.3,20626.3,20042.2,18325.9,21780.3,19159.5,21596.5,21524.7,20413.3,17808.9,20410.4,20306.7,23058.8,22670.1,23398.9,22547.6,22376.5,19135.6,19218.5,21593.6,19597.4,22968.6,25667.5,22515.1,31010.2,30476.9
31821.1,25732.6,27735.7,23404.5,24776.5,19012.1,18508,18132.1,16996.6,21208.9,16595.1,17628.6,19579,16274.7,21930.1,18710.6,19655.4,20190.9,21733.8,20694.4,18655,17789.6,17252,17372.2,20795.4,21114.1,20052.4,21091.9,21503.8,19185,21469,22062.7,18858.7,16655.1,18816.9,17676,20512.3,17290.4,19598.5,16218.1,19453.5,16054,21262.8,21973.3,19881.1,17950,21167.6,21122.7,18309.4,21196.5,21400.8,20628.7,21397.1,16672.9,16853.8,22361.6,16650.7,18471,19147.3,20603.1,16495.1,19661.2,18058.2,20659,21068.2,18768.9,21548.8,17261.4,19450.5,20153.8,20313.1,19604.2,21428.1,17327.7,19955.9,18151.9,19909.5,17633.7,19012.7,16694.9,19132.4,15645.8,15152.4,15868.7,19852.9,19685.9,17564.9,20818.3,17861.9,16262.3,20352.7,18149.1,17619.4,17510.6,16501.8,18234.8,17877.4,16085.3,15918.1,20053.9,18046.8,17247.8,15762.6,17549.5,17198.5,16630.4,17706.2,17298.3,18497.7,20287.4,18510.9,19934.6,15289.2,19703,18380.5,17885.9,20271.4,19515.9,21496.3,20232.6,15886.2,18892,21041.2,20988.8,18760.2,21908.8,20999.9,16966.7,17192.8,21903.2,21480.4,21866.9,22416.9,20994.1,21130.5,21166.1,20519.1,20349,16116.7,15297.9,17971.7,19407.6,16274.8,16661.3,16362.5,17173.9,19643.9,17970.4,17645.5,15750.2,19435.5,16386.3,15549.3,19138.7,14340.8,17263.4,17192.9,17723.3,20705.6,19543,19510.8,16148,19740,16492.6,17893.2,20608.5,20548.4,18521.8,17758.4,21457.2,22218.8,20116.1,18008.4,22044.3,17539.9,16913,20074.4,18881.9,20221.5,16474.9,17966,16527.6,17725.3,18737.4,16885.8,22051.7,18932.6,21693.7,18275.4,19667.8,21042.9,21571,18105.4,16451,20272.7,20676.1,18728.6,17008.9,17394.8,18168.3,17924.3,18460.6,21511.8,16305.4,20676.7,22563.5,20878.8,18186.3,21700.7,22213.6,16676.8,17770.8,17126.9,20122.5,22485.5,16786.5,17566,17605,20660.5,16691.2,18306.1,21930.2,17027.9,18322.8,22317.2,22352.9,17572.7,21351.8,21969.3,21292.3,16915.4,19856.6,21154.2,16838.6,18248.8,19238.5,22351.2,20920.4,20553,22624.8,19338.3,16302.7,18077.5,20074.2,21806.3,21571,22060.4,21541.6,20144.6,16444.7,16052.4,18709.1,17001.1,15708.8,19512.4,17867,21406,18467.1,18095.3,21659.5,19255.7,17356.8,16938.2,19502.7,19128.6,22104.2,21094.6,16903.6,16477,18736.1,16681.4,21954.8,20210.2,19469.4,20516.7,20755.4,20968.3,16873.9,18787.9,20726.1,17956.9,16804.9,15755,20536.2,16994.1,16545.9,20934.2,21125.9,21338.4,18335.4,17013.5,18181.3,15745.1,17294.5,16856.5,20304.8,17648.6,21976.1,20440.6,16961.6,19136.8,17172.7,17907,23021.4,22205.8,18676.2,16582.7,21887.7,20500.7,19052.8,17508.8,23059.7,22381.5,20255.9,17251.6,21813.5,17173.1,21981.9,22714.2,23948.9,22696.8,21186.2,20839.2,18733.2,24171.1,19310.5,23013.5,20651.9,20730.7,20711.1,19284.9,18483,24780.7,18937.3,22439.5,20305.8,19469.9,20542.8,22877.4,23507.1,23625.8,20634.7,23982.7,24109.4,23369.4,23195.1,22554.8,22021.3,20097.8,23775.8,21532.1,22657.6,20754.3,22466.3,20534.3,18919.7,23889.5,22575.7,23180.3,20497.7,17347.8,23490.9,19997.8,19849.8,20984.2,22608.1,20427.8,20019.1,17471.4,21243.9,18888,23592.2,23669.6,21000,21879.4,19975.7,20056.3,21453.6,22412.8,22648.6,23285.4,26144.2,28397.2,30937.5
33397.7,28200.3,27002.9,20882.6,23581.9,21633.9,22995.5,17142.6,18947.5,16877.9,18875.8,20527.7,20752.2,17503.8,16216.4,16042.6,19038.9,17260.5,20780.4,19079.3,20305.2,16432,18353.3,19707,17668,21887.4,20712.4,16738.8,20036,18314.9,20128.3,19369.4,17967.6,17300.6,20301.9,16306.8,18571.1,16527.9,17451.6,16787.3,21299.6,17501.7,18840.4,17455,20320.6,18101.2,17064.1,18010.5,21098.8,19187.7,21754.1,20829.8,19987.2,18023.3,21909.9,21610.2,21227.2,22221.5,20115.3,20357.8,16475.9,15915.2,19191.5,18105.5,15702.7,20219.9,18863.9,19422.6,21768.7,16086.3,20333.3,19644.3,16376.4,18374.3,19545.1,20011.8,20188.3,16145.2,18206.2,18006.9,15428.5,21053.1,16042.4,16547.1,19649.6,18905.3,19907.2,16263,19296.7,20891.4,16964.6,19632.6,19533.8,14693.7,15238.2,18487.1,17568,18299.7,16054.7,15642.4,16777.8,14971.1,14982.2,15840.6,14921.1,18724.1,15630,17529.1,15579.6,18734,19323.1,17899.1,20376.8,16754.7,15812.9,17845.6,18299.2,18277,18083.8,19396.9,17936.7,19831.3,16341.5,17032.5,21710,20452.8,18585.8,16645.5,18335.5,21974.3,19278.4,22375.3,22443.1,21069.9,20980.1,21531.1,21294.1,17804.9,19875.2,19109,17389.1,18089.1,16453.5,17202.3,15665,16396.7,19892,17530.3,15834.2,21340.5,16156.3,17252.9,15008,18481.6,18741.8,17850.2,15566.2,17984.1,21608.4,18003.8,17888.1,21868.7,20815.1,16874.1,22090,20698.2,17303.8,18694.7,16494,19999.1,17139.1,16816,20737.5,16962.6,18914.4,20322.5,18715.6,17701.7,21235.5,17613,21752.9,22637.2,20227.5,18613.3,21867.7,17335.5,17640.5,19554.8,16392.1,20726.3,22322,20729.6,21411.4,16036.9,17645.7,20682,21193.9,20732.3,20094.8,22514.1,20357.8,22517.4,19746.8,19498.2,19598.4,21940.5,20067.7,16234.2,16141.3,17370.5,16909.4,22091.6,22515.2,20108.2,16784.8,22783.1,20798.8,22842.1,20466.9,22144.9,18673.9,17033.3,20202.9,16287.8,19781.8,22683.5,22501.9,16768,20333,20501.9,20774.1,20812.5,16821.7,18305.1,18965.5,19667,18652.9,20811.1,17385.8,22530.7,21038.7,20563.1,16467.5,20436.5,18882.9,16710.2,19181.2,22108,16922.7,18470.7,18413.9,20815.7,17922.6,16297.9,16206.9,16255.3,19192.2,21661.2,20276.5,16426.5,17486.3,17285.8,15797.5,17042,17332.2,15845.5,18125.2,18396.5,22289.8,16925.1,20958.2,15963.3,20416.8,20221,19699,21183.1,17833.2,21166.2,20092.7,19821.2,18672.9,21119.7,16391.4,21756.7,19843.5,15331.9,15964.3,17105.4,17429.3,16113.7,16985,17718.5,20143.4,16793.5,18909.6,19870.4,17501.6,18376.3,19707.4,18364.1,22316.6,16877.3,18589.5,20545.2,20561.7,21403.1,20481.6,22511.3,18520.1,20197.4,22384.8,18740.3,21527.2,20820.1,17918.3,18536,21710.3,22582.4,21802.1,20759.1,22304.4,24542.2,22714.1,24225.7,19685.3,19845.8,21077.6,19142.4,19092.8,22101.5,23616.6,21853.2,19557.7,19870.8,24180.2,21947.8,20867.2,25149.5,20330.1,21639.1,22307.2,24320,20320.4,23516.9,19622.9,20834,20081.4,22250.8,23474.4,23402.8,18115,23277.4,21308.1,19672.6,18908.7,24250.9,19734.9,20298.2,23131,18445.3,17348.1,17717.2,19533.1,19254.9,21333.2,22486.8,22836.8,17512,18305.3,20994.1,20464.6,21666.6,19507.2,22331.7,22758.2,18795.3,21703.3,19650.4,19614.3,19948.9,22332.2,27178.2,28022.9,34772.2
31527.3,27082.5,24603.8,23870.8,21908,19819.3,21335.4,17542.1,16939.9,20854.5,17049.7,16391.3,16945.4,16124.6,18582.9,20885.4,18376.8,20008.8,18071.8,18495.5,20085,15605,18679.9,21547,17303.1,16647.7,19238.4,19811.9,20343.8,17801.1,20457.3,18319.1,17770.8,16716.8,20195.5,20498.8,16407.9,18291.8,19217.7,17998.3,22350,21293.1,18976,16456.8,20503,18792.9,16681.7,18313.9,19515.1,18795.9,19207.6,19703.5,20690,17559.3,18760.1,18534.1,18295.9,18757.8,16687.5,19988.4,21516.6,16298.8,19008.2,16115.8,16527.8,18469.6,20684.3,18566.2,19411.3,21848.5,16400.3,17305.7,17648.2,17519.2,18188.8,18316.6,15885.9,16698.9,20914.6,17755.2,15225.8,20027.1,21131.8,18489.6,19834.9,17810.9,17778.9,17736.5,20578.7,18597.9,19641,15070.4,14520,15666.9,16829.6,14591.1,19250.3,15161.8,19752.3,19531.6,18553.6,17936.8,17672.5,19658.6,19708,19921.3,16485,16745.5,19226.7,20643.6,17024.9,19274.1,15307.1,15063.1,19032.2,17521.8,15638.6,17544.2,18270.2,20083.7,16797.1,18863.7,16512.8,21783.9,21700.7,17968.1,20452.5,21067.1,16223.6,19111.3,17893.7,21478.7,21693,20721,20439.8,21337.3,19818.5,16625.4,16800.3,19442,15392.1,18210.4,17222.2,18284.7,20992.5,19785.5,19061.6,20958.2,17599.3,15273.3,15876.7,19097.3,20491.9,19181,17683.9,16814.4,17968.2,21399.8,18241.5,18996.2,19916.1,20147.4,21494.3,21103.7,17462.8,20722.6,21085.4,20224.6,18357.7,20990.9,16701.3,18602,19636.2,18471.8,21738,21666.9,18211,18790.2,18873.4,21260.6,17948.5,20166.6,17928.8,19258.2,17209.1,17355.2,17710.8,17972.1,19378.3,16656.9,18778.6,20774.8,22308.2,19600.9,18847.3,19716,21308.7,17555,18684.8,21610.3,19702.4,20411.6,16222.4,16986.1,18558,20952.4,16648.6,18298.3,16343.4,20316.9,18886.4,17799.3,17890.4,20531.8,17610.6,20475.5,17171.9,19451.8,17063.3,17653.5,20072.4,16260.9,21134.1,22158.6,19059.5,17454.3,21445.2,20659.9,17984,21186.4,20769.3,20480.8,20420.3,17943.8,17796.7,19890.4,19395.7,20503.9,17728.2,17451.9,21148.8,18265.2,16269.7,16228.1,15946.9,20992.5,21390.6,16647.5,20342.6,18123.1,19789.2,16874,19716,19497.7,21313.1,19008.6,19984.3,17569.3,15917.1,19265.9,16321.4,18489.9,17751.6,21216.5,15587.1,16518.8,18869.1,16395.1,22082.5,22362.3,19542.7,21603.3,15597.3,18913.7,18376,15390.9,16624.3,17595.5,17266.9,20785.4,18552.7,17422.7,21579.1,19941.4,21701.1,19075,18810.2,19378,19030.7,21500.9,19527.4,16114,17490.8,17482.7,17261.7,18577.3,18137.9,19063.1,16251.5,19552.5,17156.8,17449.8,20969.5,18815.3,22721.6,22022,16043.4,19408.8,21799.1,20020.9,22556.9,22701.4,20966.5,23192.2,17966.5,18815.6,19562.2,22194.2,21435.4,19925.7,20702,22241.7,20879,22805.9,24351.4,23089.5,20368,21908.6,24734.6,21309,23400,21477.9,20186.9,20568.4,21713.3,18089.5,18268.9,23334.4,19708.8,20924.4,22319.2,23170.7,22319.5,20658.9,21284.1,18828.4,21071.2,24493.6,23658.7,24481,22481.6,20666.8,20746.2,21472.8,19535.4,18530.6,18073.9,20728.1,23686.5,18817.4,18788,18434.6,19438.8,20440,21655.5,18839,20775.6,22467.5,21034.6,23933.6,19985.2,23118.5,22151.3,20044.6,23997.4,19020.7,23150.2,20661.5,22707.2,21647.1,24711.8,23650,29106.1,34035.4
30511,28232,26488.9,25894.7,18913.4,21044.2,19335.3,19650.6,19419.8,20254.8,17577.7,21803.5,16799.8,15773.5,16191.9,19524.4,20407.5,21728.9,17513.9,22048.9,15649.9,17827.5,16901.8,21025.5,20738,16635.1,21837.9,18739.1,16260.8,19290.1,19949.4,21639.3,19328.2,20290.3,17192.8,16827.2,19229.3,20492,22267.6,21021.1,20873.7,19862.7,19923.6,21791.4,21765.3,16379.9,20530.4,20154.1,16696.9,17573.4,18740.7,20773.9,21339.5,17632.5,20740.3,20464.5,17430.7,16170.5,18697.3,15826.4,17915.2,19729.9,17519.6,20203.3,17507.8,19151.7,15641.5,15779.5,17760.2,19714.8,17534.2,20610.5,20680.8,19255.2,20568.8,18975.9,20619,19045.3,16785.9,20123.4,16969.6,19550.7,19329,21704.7,21247.9,18398.2,20335.2,20788.8,15186.6,17424.4,15616.6,15404.8,17811.2,15616.2,18741.4,19616.8,20009.1,16484.5,16253.3,17653.7,20519.9,19307.6,17763.6,18374.6,20954.9,20541.9,17060.1,20116.8,19364,15331.1,16938.8,19490.4,16820.1,18284.9,18079.4,16613.1,21129.3,21026.3,16691.9,17100.2,20709.7,19190.1,16848.4,16051.7,19808.4,17783.3,20962.8,18137.6,22455.1,16357.7,19959.9,22749.7,19005.8,18879.6,18706.4,18546.4,18083.7,20961.5,18576.9,18869.3,19598.3,18467.1,17690.3,16396.5,15695.3,16142.6,16575.2,20182.7,21400.3,20462.7,19091.6,19041.5,18201,14965.7,14284.9,17304.6,20339.4,15726.3,18262.7,16874.4,19056.6,15984.1,19910,18444.9,16208,21672.9,18014.7,21305,16997.5,18327.7,21975.4,20948.8,21042.1,17620.1,22324.8,17467.9,18038.2,20253.6,20473.5,18978.6,18015.6,17708,17790.8,16863.7,16408.6,19818.7,17950.2,22246.3,16692.7,16077.8,18078,19963.5,17082.4,16588.5,20195.6,18451.7,19502,19470.9,16106,18251.5,20029.9,18578.8,21053.8,21806.6,16675.4,18202.7,18707.8,21652.9,19961.2,20832.5,17097.5,20288.5,22692.9,21482.3,21710.8,17494.7,20096.7,22697.1,17474,18459.3,16938.1,19165.3,21355.8,16960.4,19562.7,19491.8,19312.4,19297,22204.8,19562.8,18591.5,19666.5,20663.9,19246.7,18082.2,18305.1,16210.3,16687.8,18659.9,22517.7,21661,16320.7,18310.5,17292.8,18496.2,16303.4,18356.8,16437.4,16822.8,18358.1,16677.4,18405.9,19123,18887.6,16272.8,20847.9,21158.3,21751.6,18705.8,18198.3,21504.5,20871,17703.6,16175.6,17231.9,16762.6,16213.7,16349.4,21143,20073.8,21619.9,21829,18821.2,16852.1,19231.5,18216.5,16221.2,21972,16400.8,17116.2,19391.9,21165.5,15793,20657.6,15644.4,21879.5,16350.5,18430.7,21156.7,21401.8,16989.2,19942.6,19304.4,15852,19573.5,21137.4,17167.1,18152.6,16360,20144.6,22356.4,20248.6,22390.3,18425.4,18234.5,20521.8,19838.3,22522,18957.4,17051.5,18565.2,19054.7,17960.2,16915.5,19047.5,22507.6,22630.2,22357.9,21521.7,22914.5,19840.7,17890.3,19973.7,23505.1,21010.2,24343.2,20920.8,21319.6,19732.8,19174.3,23740,23948.6,22191.2,21085.5,22320.9,19079.4,18335.4,18761,24001.5,19535.8,22301.1,20599.7,23490.7,21024.9,22822.8,21522.6,24877.7,24643.5,19503.8,20759.7,21761,18972.5,22823.1,19145.8,23097.3,23626.5,19198.9,23106.3,17733.7,23248.2,17989.2,17804.7,18287.2,19938.6,23225.7,17290.7,18185.7,19144.2,18261.5,19525.4,21017.2,22488,20824.2,18141.6,22392.5,22528.3,19766.8,18542.8,18083.9,24099.9,20542,24079,27966.2,32781.5
36117,26338.8,25902,20204.6,21857,19258.9,23011.8,19170,19228.9,16315.3,19827.3,22185.7,19566.8,19730.9,16839.7,18374.8,21511.7,20650.2,17004.4,20063.1,21054.6,15624.3,19105.6,16907,19182.2,17555.6,20651.3,20394.4,19017,17777.4,19165,22257.7,22268.8,17232.3,17404.4,19745,20888.2,20524,17780.3,17852.3,19042.7,17361.6,17353.1,20074,16675.1,19437,21134.6,21673.4,17357.6,20059.2,18974.7,17709.9,20003.2,18741.2,21838.5,18587.7,19168.5,18457.7,17745,15988,16396.2,21391.6,17264.7,18147.3,18602.7,16569,20849.8,21856.4,19023.8,21171.8,19493.9,19275.3,20663,21275.3,20353.2,21500.7,16441.8,21586.5,21612.4,19895.4,17752.1,21449.5,21401.5,19200.3,16952.9,15344.9,20913.8,19888.5,21395.1,15865.7,20120.3,16014.3,18208.6,16353.7,18360.6,15631.3,17946.3,17812.9,18014.6,15756.8,15818.7,19640.1,14450.1,16529.4,15845.8,16860.6,19638.3,16011.6,18745.1,19215.2,18073.5,19763.3,17187.1,21420.8,18222.5,19619.9,20912.4,19000,16970.8,16439.2,20029.5,17998.8,16590.2,17795.5,18467.1,18341.8,20497.7,16858.6,19457.4,20878.2,20100.4,19210.7,20363.3,18018.8,16978.2,21939.7,16597.1,16467.3,17691.8,15761.8,20502.9,16190.1,17849.2,18258.3,16086.9,15279.3,16153.3,17101.8,17725.6,20619.4,20773.3,15519.5,21484.1,20192.3,14124.4,18352.4,16427.6,18211.3,17402.8,18973,20709.2,16004.1,15940.7,21515.8,19580.9,16896.8,22387.3,17294.3,16534,20919.7,20428.2,20059.2,16695.9,19365.4,19940.4,18525.6,21292.6,20327.3,16639.8,19709.6,16605.8,18462.3,19293.2,20860.6,21013.8,18828.9,19141.8,20955.2,18791.3,18071.5,21274.4,17142.5,18121,16082.5,17509.1,17909.8,19019.6,21231.1,19913.8,19719.6,18975.5,21448.9,19454.7,18561.7,19271.4,22236.3,17013.6,19638.7,20431.5,16643,21801.7,19961.5,21656.7,20310.5,18228.9,17131.7,19305.7,16906.3,19781.5,20337.1,18687,19454,19158.7,21087.4,21098.2,19301.5,20288.4,19535.2,19797.7,22586.4,21114.6,20842.3,16117.1,20297.2,18570.1,20476.7,16798.3,17161.6,18637.7,18790.1,21791.4,16501.7,17990.8,17567.1,17625.9,17214.5,21139.2,20361.8,20227.5,18399.9,19917.9,17984.7,17942.2,18540.9,21102.5,16537.4,20246.5,18167.7,21575.3,20251.1,20925.5,17357.4,19409.7,16166.8,19218.7,16527.5,18606.3,17048.5,17513.3,18109.7,19111.4,16396.8,19641.4,20007.5,18335.9,17860.1,21073.7,16663.2,16246.5,19328.9,20159,17735.3,15887.9,18285.3,17114.9,20882.9,15831.4,17286.6,18366.8,22060.7,16693.6,18163.5,21932.9,18352.9,16728.2,21541.7,17036.1,18128.8,16995.5,21904.5,16508.9,19362.4,18502.4,18486,16936.9,19435.8,19368.6,18086.7,18580.6,19830.1,18102.5,20427.7,18574.4,18463.3,21958.1,17447,18915.6,18581.5,19719.1,23540.7,23962.4,19831,18038.7,22983.3,20193.4,20168.6,19179,23772.4,22182.5,23632.4,19524,24032.2,23926.1,23383,22050,24745.7,19615.6,23390.6,19882.8,24741.7,21000,22683.2,23953.4,18914.9,19423.5,23167.5,24469.2,22188,19105,22057.7,19580.6,20933.3,22948.1,19454.5,19668.6,24174.8,20417.9,20032.2,20868.5,20782.4,21180.3,17816.4,20866.2,20096.8,20488.7,23668.5,18906.3,23512.1,23988.4,20020.9,20267.4,23670.8,22227.2,18259.4,23534.9,23237.5,20047.1,22473.3,18025.5,20513.5,22727,25864.8,28204.7,33126.3
30363.3,26911.4,26846,25164.3,21525.9,21019.6,17784.3,21044,19113.8,22151.7,18953.2,16159.1,17012.7,19620.7,20104,21202.5,20709.2,18227.9,19385.2,20686.2,16632,16894.9,19684.8,16000.4,17806.1,16506.4,18665,19098.6,16945.7,21591.3,19009.4,21211.9,21944.2,22179.3,20090.7,21961.7,18935,19308.5,18201,17413.6,20109.7,19737.7,17711.7,17635.7,20166.9,18085.8,20097.8,19941.4,16617.5,16377.7,22077,19274.1,16609.7,18307.9,19626.6,16574.3,20198.7,20117.1,19596,19474.1,21552.3,17022.1,20033.5,15908.2,21850.9,17929.9,16083.1,18186.5,20067.2,15845.7,19910.3,19627.3,22089.4,17547,20744.7,20085.4,21766.8,15330.4,17089.9,20535.3,16309.5,20312.1,21501.2,21847.3,20758.9,18847.1,20351.3,18236,20457.8,17907.6,18540.6,19574.7,20273.6,20199.7,14765.1,18844.6,18473.8,19950.3,17114.3,16265.1,20724.3,17767.4,17940,20059.7,17862.5,18519.1,16116.5,19498,17767,15424.8,16205.7,20772.5,19805.5,16407,21183.6,18506.9,16754.9,19486.8,20422.9,21838.8,19020.7,17614.1,19555.2,21814.4,17736.1,18828.8,18633.3,20257.6,16962,19103.1,19234.1,17157.7,21963,21118.1,16189.2,20936.6,21848.2,15895.9,18576.7,16051.3,21116,19119.9,16701.8,17850.5,16565.9,21465.3,20436.9,18755.6,20408.6,20368.1,21258.7,19910.1,16864,19084.7,13992.1,16614.3,19955,21538.8,19246.9,20180.5,16371.3,16910.2,18024.5,16878.9,16671.9,16232.1,20072.6,16497.3,16700.1,17619,19524.6,18444,17464.7,21986.6,17511,20059.2,19851.5,18375.9,21219.8,17248.1,18565.3,16939.8,16932.4,21015,16723.7,16154,15880.7,20451.9,21513.2,18014.4,19486.2,21421.4,19252.8,16916.3,16634.8,21810.4,20953.1,17520.1,16257.2,19819.5,16872,21818.3,16466.9,21347.5,22485.9,22401,21810.8,18493.6,19849.9,20640.8,20471,22318.8,19272.4,22893.1,20608,21899.5,18403.9,16688.8,21788.3,17814.1,21044.9,20414.7,20938.9,16806.8,16119.1,19385.7,17736.8,19938,16480,17749,18384.4,17479.2,19891.6,16734.7,18962.9,17286.1,21855,17202.6,16204.7,22483.7,19470.8,17091,19440.3,19305.6,17131.4,16355.1,19924.4,17902.5,17843.1,19274.4,17977.4,20410.1,19905.3,19755,15595.5,15913.4,20917.7,21965.9,17389.6,19312.7,15288.9,21272.6,15651.9,20060,16023.2,17799.1,15678.8,21875.5,20374.2,18120.2,22021.9,17815,18195.6,17095.5,18163.4,18158.5,21777.3,16552.5,15339.8,15649.9,20570,20340.8,16230.6,15837.5,17590.1,15675.4,21661.5,16365.8,21781.5,18005.7,19582.5,21835.6,21371.2,20777.4,16680.8,19280.5,21030.3,17216.7,17141.7,22473.5,20008,20572.2,21286.2,17473,17316.1,22240.9,21739.4,22053.1,19340.2,16665,21744.9,19898.7,17330.6,18976.6,23093.3,23303.8,21010,21295.2,20690.2,22656.2,22450.3,20727.8,17715.1,23736.8,23113.6,21018.2,21333.7,20886.1,24687,23422.6,20714.9,21918.3,23751.6,20919.4,19162.4,20117.1,23669.2,18562.6,20728.6,19731.1,19569,22958.4,22536.6,20589.8,25031.3,22711.2,19950,19445.3,19917.5,20040.1,21003.4,18893.2,21549.3,22368.2,21786.9,21700.5,21771.9,20552.2,21357.3,20608,19057.1,18705.9,23618,19772.3,18045.4,18916.8,17382.7,18561.3,20660.5,18774.8,22955.5,19690.9,20617.6,22335,19740.7,24470.5,18488,22487.3,19487,23151.4,24960.6,27328.6,25111.6,35303.3
31828.4,30302.4,26139.6,24186.4,20470.5,22359.1,22206.6,20977.2,19135.5,20202.8,20752.2,16751.1,19382.6,16396.9,18531,20416.3,20380.2,18985.9,16297.9,17103.1,17107.4,21029.9,17205.7,19005,20649,17946.3,15625.4,16343.5,19844.3,20900.4,20816.5,18229.8,17892.5,19511,16727.3,22046.9,22127.5,19109.6,22234.8,17240.4,17176.2,17334.5,20645.5,16301,20278.4,22317.7,16590.8,16489.7,17052.9,21796.4,19858.6,22288,22313.8,19838.5,22254.1,20931.4,18957.1,20050.1,20126.4,18744.1,16974.2,16693.5,17654.3,16068.7,18809.7,18489.1,19011.2,19920.5,20172.3,18354.3,16306.6,17094.4,16206.7,20649.4,20219.4,16722.6,20823.1,21497,15707,16957.4,21776.5,15942.4,20858.7,17932.9,15543.9,19462.4,21388.6,21355.3,16317.1,20653.9,20643.9,18317.7,21047.1,21292,21071.2,19134.5,18598.4,17760.4,16804,18097.5,20852.5,14957,20634.2,14670.4,15367,15751.1,14460.8,20508.8,17692.3,20067.8,21083.8,16546.9,19175.7,15517.2,17127.8,17109.3,21673.4,15607.6,21345.5,18608.8,21723.6,18478.8,20086,19262.1,21267.8,21990.2,20461.9,16228.9,17642.8,22652.5,19357.4,18586.2,20829.6,21410.4,20957.9,20839.2,19773.6,19397.7,17406.8,15271.1,20234.5,17377,15460.4,21065.2,18631,19378.4,15631.4,16914.9,21355.9,20338.3,19174.9,15999.3,21060,18451.1,16411.5,17739,15626.4,17780.3,16836.5,19955.3,21916.4,18347.4,20051.8,19417.9,19118.8,16390.9,19908.1,18657.5,21477.2,21617.8,17384.3,22460.3,20041.8,19180.6,18174.9,20008.4,18881.2,21148.6,17272.7,21108.9,22113.3,17835.8,17792.9,21303.1,16790.2,16725,21896.5,16573.7,16355.3,19050.6,19035.8,18345.9,17814.8,17847.3,18629.6,20916.6,17669.8,18150.6,17738.2,20480.1,21866.9,20038.4,17613.8,16370.9,21992.6,17209.7,21089.2,17517,20389.2,16793.9,18763.3,21675.9,18131.7,19681.9,20913.6,21908.2,22275.4,20129.5,19927.7,19497,20533.8,18471,22594.1,18543.4,16937.1,21478.8,19434.9,21424.4,17161.5,20502.9,21751.5,19522.5,18311.9,19368.6,22327.4,18085.4,21475.5,19068.2,18444.6,17704.3,18803.5,21374.2,21949.3,17516,20420.2,19667,19726.5,17372.5,19146.2,21652.2,17355,20915.8,16940.6,21070.3,18495.7,20439.6,20312.1,16175.8,15911.2,16926.6,20064.8,19702.9,16339.1,20849,18211.9,15897.8,19391.7,16701.6,17817.8,22402.5,16524.7,16848.7,15721.9,22268.2,20739,21803.9,16629,16507,18270,15959.5,21526.6,17783.5,16399.3,17840.8,18406.7,19915.5,18602.8,17302,16026.6,17646,16518.9,18411.7,16491.4,18855.5,19207.6,16784.6,19978.5,22446.7,18564.5,22862.8,21828.5,19044.8,21458.3,20673,21153.6,17427.3,20030.8,21287.4,18810.5,17103.3,17642.2,21964.9,18089.4,20343.5,22143.1,17788.3,20967.2,17769.2,18162,22581.6,19039.6,21236.4,23693.8,23202.5,22064.8,20841.1,23178.3,18373.3,20167.7,22446.6,21018.2,23612.5,24725.1,18448.7,24440.6,19880.3,18665.4,18583.3,20730.1,21703.7,23872.1,19886.1,22570.1,22193.1,23055.7,20576.6,18506.7,23718.8,19256.6,19445.8,23231.2,19407.7,24020.2,21311.6,23257.5,24129.7,21592.6,22561.7,19357.6,18644,22227.5,19893,20222.8,17949.4,23308.9,19085.4,21280.8,22797.4,18383.4,23042.9,21905,19419.5,19401.8,23846.6,23592,23636.9,24335.9,19772.6,22456.3,25044.8,22457.2,25070.5,27366,30487.7
30908,25960,25828.2,26278.6,20414.8,21415.7,21897.4,20994,17000.5,21803.2,19914.9,18858.1,16270.9,21697.1,17752.2,19922.8,19182.7,17834.1,19576.4,21663.1,22017.3,20291,19995.3,16644.6,18746.7,17795.5,16507.1,20075.2,21246.4,16083.6,17446.3,19908.9,21032.9,19533.1,22514,19435.1,20385.3,19837,22304.2,19474.4,19987.9,19123,17608.6,19808.4,17351,18562.2,17396.4,20274.6,18702.5,16490.8,18234.4,22363.2,16945.5,17864.9,22015,20085.9,20900.9,16735.4,19651.4,17568.8,16468.1,20453.4,21088.7,19124,17281.8,17443.4,20977.9,18753.6,19467.6,17664.9,17181,15956.2,18011.5,21913.1,17006.9,17712.4,18677.3,17720.5,16127.3,21226.1,18529.2,16940.7,17534.2,16332.5,15800.8,17400.3,18239.2,18253.3,20204.9,15826.8,21012.2,14888.6,19498.3,15106.6,14653.8,18678.7,14894.8,19800.9,21196.9,19804,16201.7,17555.9,16069.9,15112.6,15437.8,20153.8,18295.7,19774.5,15928.1,18950.1,16302.4,16866.3,20389.9,20617.9,18418.2,19198.3,20119.1,17710.5,19277.6,21873.8,19835.2,20650.9,18286,17188.3,22453.1,21272.3,19133.8,16148.7,16488.2,22266.9,17778.6,17789.6,17713.3,19811.3,19528.2,18189.8,21172.2,20792.7,18787.5,15967.5,15192.9,18185.2,15889.3,18597.8,20748.7,17073.1,20283.5,21071.6,20159.5,20586,18766.3,16990.6,18329,19213.1,18572.7,20494,17136.6,15543.9,20592.8,16991.1,18432.9,19173.8,16009.5,18336.4,17946,21396.9,21962.6,18783.2,22252,18985.7,16840.9,17923.1,17247.2,19693.9,17757.3,20469.7,20160.3,21015.2,18047.5,18046.2,21825.3,20396.1,22571.7,16928.6,16175.2,18606.7,16310,18173.5,19286.1,17141.3,21002.5,21954.8,18233.1,17027.9,16834.1,21951.7,18983.6,18010,17704.9,22183.7,18921.3,18171.2,21610.2,16429.1,22739.9,21199.8,18190.4,21249.1,19885.8,16980.6,20286.6,19033.4,21697,20208.9,22066.9,17611,16956.5,19917.2,16383.6,18685.1,20081.9,22037.4,16216.1,22147.3,16619.4,16921.3,19976.3,17574.2,19965.8,16863.5,21038.5,21186,20144.4,17631.1,21062.3,19018.5,18794.2,16761.2,18430.8,21669,19253.6,22089,19393.9,22178.3,18703.1,17153,21381.3,18116.4,17396.7,18345.3,17740.8,20742,16057,18367.4,16781.2,19544.1,21551.7,15715.4,18242.5,16135.7,18054.1,21084.4,16267.4,15485,16835.6,19116.9,17019.4,22078.2,18213.8,16808.8,16797.9,17456.4,21382.2,18890.8,19128.4,21362.1,17611.1,15887.9,19862.8,18482.6,17455.7,16381.3,21889.9,21591.4,17806.3,15957.1,16410.8,20150.1,19341.6,17646.5,15598.6,18823.8,18573.2,21571.1,16297.3,22233.5,18164.6,22430.9,20160,18168.6,21463.9,21949.4,21783.8,20961.1,18865,18306.2,16691.9,19788.3,17495.1,20182.2,19494.5,18358.6,18156.4,17336.7,21954.3,19373.6,21943.3,23897.5,17462.4,23790.3,21553.1,23201.1,20381.7,22266.6,23912.4,18428.7,22861.8,19642.2,21098.1,22903.8,21621.9,21443.6,22583.1,19972.2,23999.3,19432.5,19316.4,20371.4,19800.5,20394.3,22635.4,20194.4,23629.7,22529.9,23495.7,19482.7,19582.5,19500.6,19997.3,23347.3,22366.1,22221.9,18286.8,21123.8,21002.5,19928.4,23447.1,22981.4,21104.8,19284.5,23730.8,20362.3,20817,20939,20918.4,21889.9,23112.1,23111.2,23819.6,18123.3,20395.1,20646,21485.8,22708.3,20736.5,20284.4,19548.5,21248.7,24023.2,23400.1,23348,26285.2,27003,30551
31943,28774.7,26418,25838.1,24128.6,23899.5,19622.7,18377.2,19566.2,16284.8,20650.6,18352.7,16559.7,16178.7,17970.2,22091.7,22012.7,17608.5,18346.9,21256.6,20364.4,18917.4,18212,19365.5,20937.5,19170.7,15896.5,19912.8,20698.4,19374.8,21769.7,22495.8,22303.2,16429.1,20948.2,18911.8,17850.3,19015.6,18273,21713.7,18690.5,19598.7,17840.4,18722.5,20639.8,22682.3,17878.7,21375.2,18386.9,21974.6,21165.3,18390,16114.4,22003.7,21500.6,22467.4,17125.6,20771.9,16090.4,19155.1,19871.4,17561.5,18592.9,15811.4,17503.5,18154.6,18311.4,17289.1,15834.2,18277.9,21084,20830.6,19841.4,20607.5,19145.1,18404,16459.3,18603.6,16289,20932.6,19473.5,16712.8,20485.9,21588,16332.9,18267.1,21370.4,21799.9,17618.9,16736.2,15964.1,19294,18682.3,18275.8,18251.6,21186.1,17911.5,20546.2,20278.9,19196.1,20689.2,17187.9,18270.3,16935,14509.7,16740.8,17228.6,16337.1,21034.6,17586.9,17213.8,20368.2,17813.3,17856.2,17070,20790.4,16482.7,15535.1,15822.6,15377.9,17805.4,17123.2,20405.8,17743.6,16145.3,20413.6,18023.1,21786.4,18738.9,20275.3,17628.7,22526.7,19908.1,18676.8,17562.1,22164.1,19503.6,15347.2,19539.3,20846.2,19288.9,20988.1,16413.3,18683.1,15850.8,16902,18803,20601.3,20502,18055.6,16281.9,19571.1,16792.2,18150.2,19209.8,21088.9,16312.2,17719.7,17796.6,18149.7,17153,19052.6,20819.9,18859.6,16811.6,18624,20565.3,16861.8,21966,22651,17582.3,18666.4,20361.6,17123.5,18440,20816.5,20684.5,20949.3,16860.2,18216.1,17343.5,19574,22346.1,19628.3,16304,19141.9,19288,16697.5,20507.2,20237.8,17284.1,19727,15950.6,21004.2,17096.2,17863.4,20418.5,18226.4,22276.5,20272.8,21892.3,22218.4,18663.8,17848.3,21593.4,18189.5,21829.6,20323.5,17843.4,18998,22340.2,22596.3,23376.4,17570.7,21318.5,20744.9,19015.2,22509.3,20047.3,20836.9,18558.4,16854,19895.8,17746,21675.7,18898.9,21830.7,22672,21562.7,16643.5,19413,17621.4,16176,17808.2,20800.1,18298.4,22327.2,19619.6,16343.9,20615.9,20108.9,21906.5,20979.3,18464,18034.3,15947.3,15977.1,18325.1,21781.5,21684.6,19821.8,15979,20924.1,16825.6,21403.2,15834.1,18806.8,21500.8,16922.6,20720.8,19710.9,18876.6,15566.1,21115.9,16002.9,17188.4,20068.8,22404.7,20744.5,16132.2,18727.6,18436.5,20828.8,15896.3,18791.2,21545.9,16209.1,20281.8,15932.8,19395.6,19250.6,21587.5,17296.4,17617.2,16686.3,21875.1,20418.6,17812,20698.5,18158.1,18973,17255.1,17908.7,19094.2,17562.3,18461.2,19842.4,19224.8,20524.4,19469.4,21741.3,22362.8,20164.2,16477.6,18834.6,17080.3,22569.9,20673.2,16465.5,21256.7,16777.7,22588.2,22372,20818.9,22736.8,19501.7,19110.3,22894.4,22396.3,19865,19373.8,20590.6,23985.8,20061.6,22730,19082.1,21085.9,18927.8,19530.9,22925.3,19588.3,23544.9,21277.4,18495.7,22979.6,22221.7,20308.6,21991.4,23976.9,23522.5,22332.5,20575.6,19756.5,21499.2,19186.3,21466.7,21710,18989.8,24596.1,23325.5,21931.9,18292.6,19129,24072.3,19333.1,19049.7,24340.4,19454.8,18245.1,22033.4,23704.4,22635.9,18698,19793.6,19728.8,21952.1,17920.1,23545.2,19754,18530.6,20028.7,22551.3,23679,18296.9,18205,21167.4,20657.9,21975.2,23200.1,23009.5,20418.8,25266.1,28853,36112.7
30868.7,27615.3,24658.5,24286.6,21244.8,23696.7,23443.5,20769.7,21482.8,16852.9,21934.9,20177.8,16333.9,20579,19470.8,21355.2,17144.6,21630,18308.5,18583.7,21081,16367,18933.4,18777.3,22131.3,20570.3,21122.8,21252.4,18878.5,16616.8,19038.2,18745.9,22000.8,16835.6,19610.7,18658.8,20948,19163.2,17357.4,19044.9,16542.4,21463.1,22152.2,21486.9,18714.8,19332.2,20158.4,17377.4,16407.5,18241.9,20722.8,21222.5,18023.4,21879.1,21616.9,19651.8,16499.3,16343,17144.6,16287.7,19345.3,19561.8,18946.9,18011.2,18929.5,19497.6,16503,20513.4,16316.4,19032.4,19831.3,21650.5,21164.9,16508.6,21082.5,16592.1,21780.4,21067.4,21264.5,18305.2,16578.5,15354.9,21796.6,20634.6,15903.1,18111.9,20064.2,17501.9,21138.1,19702.2,16796.1,15037.3,17600.8,17173.2,18086.9,17640.7,20197.9,15570.9,20142.1,17614,15463.1,18548,20214.1,15405.7,14686.4,19690.5,15874.2,14552.8,19603,19610.3,14827.6,17334.1,18891.1,19030.6,19508.2,20887.7,17300.3,16602.4,19445,20391.7,16225.7,18130.1,21804.7,20980,21475.5,16493.2,16313,16465.8,18993.5,18519.4,17781.4,18268.3,19725,21890,22151.3,17595.7,17171.8,17368.6,20310.6,18861.6,21515.9,15406.1,17155.6,16085.7,19484.6,21363.8,17767.8,18865.1,21157.9,17012.4,18621.2,15742.1,15276,18145.5,15694.9,17653.7,21166.6,17930.8,19318,21153.4,17816.5,21895.1,20332.8,21903.1,16989,19484.7,17220.1,18748.4,19165,20648.4,23116.8,19136.4,21018.6,21804.6,20348.3,19302.6,20789.7,17845.6,17536.6,19402.1,18105.1,16992.5,22457.4,19382.5,20447.4,17946.6,20824.2,21921.4,16424,21877.6,22202.3,21147.8,19627.5,17451.5,20653.5,16771.2,22670.1,16452.9,21064.4,19095.5,20712,19496.6,17327.6,16885.8,20942.9,17401.7,21822.7,19307.6,21827.3,19810.1,19920.6,18481.4,20048.9,21287.2,17298.6,22697.5,18146.2,20268.1,20732.8,20378.3,19443.5,18180.2,21380.5,18426.6,17721.8,20521.6,19275,16423.9,17057.7,21435.2,17743.8,16399.7,19771.4,18419.7,22830.1,22252.6,17201.6,16897.6,18999.7,18606,18986.6,19592.4,16432.5,17821.9,20282.2,16156.5,20666.3,20954.7,18355.5,16773.9,21695,15946.8,19730.6,18596.5,20340.9,15698,16443.2,19772.4,18461.5,18120.7,19536.8,18976.8,18216,15886.7,21192.9,15820,21661.9,21699.5,17169.8,16992.2,17753.3,17047.1,19821.1,18952.1,19022.2,16255.4,18089.6,17738.3,17219.6,20385.8,20448.3,17486,16821.4,17851.9,17729.6,18377.1,18737.4,21330.9,20432.4,20937.4,20668.9,21539.3,17699.8,19247.2,16483,19250.5,18182.8,18565.3,19240.5,16773.9,20814.8,20677.8,19670.2,20742.8,19846.3,19461.7,20501.1,17981.3,22000.4,22414,18646.5,22704.2,17017.1,22864.2,22593,21215.9,23369.8,17326.6,18307.2,18488.8,21015.8,18312.8,23696.7,22739.8,18262,24089.4,24430.9,23507.9,20830,22586.6,21212.5,22924.4,22869.7,24200.2,20685.3,21568.1,22463.2,24809,20599.9,20980.9,24161.5,20086,19484.4,22983.4,19923.2,22291.1,20386.3,22503.6,18476.5,23908.2,21603.4,19878.5,23928.4,20575.8,18475.2,21644.3,21058.9,20407.4,17569.9,19843.9,20536.1,20886.8,20166.8,18288.1,17935.8,18304.1,18344.2,22539.7,18883.7,24785.5,19134.3,18655.3,19304.5,20576.6,22044.2,21082.9,20245.1,19718.3,21377.7,23886.5,21612,25486.7,28898.8,30818.2
32973.9,27551,23298.7,24504.3,20400.5,20483.2,19766,20779.1,21973.4,16388.3,18021.2,18135.9,21851.9,17138.5,20555,20736.4,18135.2,21328.5,22553.5,20737.4,21813.6,20565.7,17972.5,17239.5,17204,16616.6,19825.7,18284.2,16200.5,20173.4,18987.3,16984.6,18611.3,21500,20877.5,19956.3,22247.2,20427.1,19594.6,19885.1,22026.2,18614.6,19004.4,18132.6,21756.5,16404.5,18419.4,20201.8,19969.4,21425.3,16657.2,19374.8,21579.8,17388.9,22332.8,16550.5,18221.3,19779.2,16752.7,20092.2,18310.6,20117.6,20172.2,17405.1,18870.6,19246.9,17532.1,21276.1,16550.7,18113.6,16368.6,16093.2,19311.7,20969.3,18050.6,21552.9,16822,16583.4,15842.5,17400,18748.9,16020.1,15513,20587,15798.6,18178.5,16592.2,19077.8,17222.5,20584.1,19177.6,14872.6,19189.1,16902.5,17612.5,18345.9,15607.7,18728.9,20876.3,15330.9,16644.4,15583.2,18519.6,20574.5,14806.8,17678.6,16603.3,15516.6,20978.4,21240.1,21147.5,17164.6,15742.1,17820.1,17905.8,19511.1,19492.4,21730.5,15524,17743.9,15621,17305.8,15583,16965.4,20276.5,18988.2,19467.7,16534.8,19450.5,22555,16581.4,17747.5,22551.9,20381,16811.4,17110.6,15714.1,19780.4,20927.9,19624.3,20147.1,19256.3,17269.8,18149.4,19662.6,16974.3,20025,18536.8,19169.3,21112.7,16972,20896.1,19120.6,17786.2,14320.5,17757.3,19161.4,16432.7,20291,16262.8,20180.5,21287.5,17047.6,22152.2,19904.1,6061.39,18917.6,18542.8,21057.5,22026.4,16950.7,17640.9,17321.1,18418.9,20914.2,22781.1,17228.2,16858.3,19015.2,19197.2,19451.7,18450.4,21230.7,21245.9,20444.6,20058,20078.5,21758.2,19223.8,17938.6,21736.5,20321.2,19836.8,16955.2,21124.5,16997.8,18542.9,5540.23,20080.1,16367.8,22026.5,22860.7,16368.7,21671.6,19921,17299.2,21969.8,18285.1,22222.5,17361,16804.5,18318.6,23257.1,20011.7,21343.7,19437.9,18515.4,18327.7,19916,18687.1,19989.4,16563.6,18946.1,19205.3,17935.2,18472.7,22552.4,19242.8,16539.8,20499.9,18308.9,17087.1,22093.4,21690,18321.2,22254,16508,22530,19042.1,20316.5,21776.1,20501.5,19936.4,16601,15971.1,16967.9,18000.9,21393.4,17669.6,16395.6,15958.5,19354.1,17998.1,17537.9,21260.6,21562.5,17612.3,16839.8,20340.2,17673.8,21214.3,18366.3,16133,21550.2,16246.4,16279.1,16391.1,16342.6,17313.2,19556.8,19935.9,17301.4,17690.5,20224,18151.6,17022.6,16255.9,17334.3,20203.6,19701.3,19653.6,20710.7,19741.5,20118.5,16482.2,18265.7,20233.8,19545.8,17355.6,20052.6,20956.7,16619.5,18313.9,16675.5,15840.6,20910.1,18652.3,16152.6,18638.2,18131.9,22577.7,22810.8,19015.6,16829,16062.2,16966.5,21154.5,16079,18911,20938.8,21343.5,20349,21743.2,17742.2,21298.6,20346.3,23628,23621,20269.1,20090.8,21266,24107.6,19375,22155.3,24049.1,22603.2,18482.1,18326.7,23104.5,24329.5,21139.3,22756.6,23304.5,18599.2,19891.9,19567.7,20981.5,21979.6,19500.3,24728,20143.1,20495,20438,23466,20974.2,22674,21159.8,23084.4,24122.3,20688.3,20968.8,24280.6,20865.2,21634.9,20481.2,24011.4,22497.5,18336.4,19891,20594.1,23275.6,23613.5,20567.2,22929.3,19549.8,18814.7,19058,20914.4,24461.7,21227,19520,18073.8,21706.1,19146.8,22085.2,23567.1,22712.3,18309.8,21156.9,23966.4,19955.5,25670.5,29429.3,32877.8
35247.5,26262.2,23660,23199.2,24498,20838.2,19361,21530.6,19330.8,17003.7,22297.8,20020.6,19580.1,17553.9,20481.3,19590.7,17835.2,15978.9,17009.4,17212.2,15829.8,16334.2,17725.1,21990.2,19290.6,17160.8,16848,21185.3,17408.7,18131.6,21908.5,19296,20911.4,21425.4,19688.3,18678.6,19320.7,18680.3,17294.9,16567.5,16604.9,19243.9,21656.9,20178.7,19452.4,16708.4,21014.2,19414.2,21948.3,18299,21410.3,18305.6,17222.3,17679.5,17986.1,22125,20654.8,16395.9,18779.5,17898.9,20609.5,17939.4,20815.7,20933.4,17789.7,17752.8,19133.4,20169.5,21579.8,21844.5,17208.1,19716.3,16216.1,16966.9,20465.4,19608.8,20619.3,15541.2,15901.4,20151.7,15170.6,18998.4,20909.5,21852.7,18586,19834.2,21437.2,20256.7,17113.4,16097.7,15267.3,18841.9,19530.9,19731.5,17432,14738,18240.4,20145.1,17368.6,19096.3,19027,15751.2,17238.5,14465.7,20552.7,16944.8,19063.1,19587.2,20608.2,20617.1,14984.5,19746.6,16476.8,16793.6,21202.7,18737.6,16936,19468.2,16606.1,20286.5,16141,20974.1,16387.8,17401.2,17493.1,17375.8,17267.9,16650.9,15651.4,20480.5,16842.5,16516.9,20672.9,22147.2,16787.7,19520.8,20573.3,17923.4,19317.5,18993.5,16454.1,15464.4,19003.4,17244.8,17213.5,17143.1,15561.7,21411.8,19169.3,19895.7,16902.2,17716.6,18884.5,16794.5,18156.6,20165.1,20695.1,20280.8,21630.2,19803.7,16001.1,18183.2,16175.1,20757.9,22436.6,19679.2,22506,20487.9,18337.2,19703.8,17431,17225.3,20545.4,21528,17551.1,17934.3,16785.2,19741.2,21555.4,17037.6,20809.9,19216.8,20709,22018.7,20342.3,17942.4,16954,16137,19484.6,16368.3,20445.8,21356.5,20149.4,16932,16984.8,21215.6,20776.5,22503.8,16615.1,19660.3,19542.7,20265.9,19842.2,22721.1,18506.5,19050.5,17614.3,16653,22610.4,21757,18679.8,18778.9,20047.7,22125.5,19048.7,23073,19915.6,22640.6,21596.7,17780.4,17901,17882.1,21080.5,22285.9,19968.6,19736.6,16969.7,17908,21912.3,22381.4,16913.3,16926.7,18001.3,21548,18539.4,20163.5,18253.3,16788.7,17557.7,20945.4,21885.3,19791.2,19788.7,17804.2,20431.1,19477.3,19451.2,21241.2,16066.9,16657.1,18682.7,17397.7,16203.9,21868.4,20188.5,16948.2,21563.5,16720.4,21368.1,15855.5,19337.5,18023.9,15302,16644.4,19321.1,15537.6,17063.7,21537.5,19793.9,15848.4,16672,18542.8,21714.2,21911.7,16795.5,18400.4,16501,20744.1,17160.6,20722.5,18639.4,15999.1,20242.6,17793,18955.5,18643.5,17800.8,16438.9,19574.6,21690.8,19598.8,22173.7,15639.6,18212.3,16587.4,18158.6,20629.6,20301.5,20677.2,18686.1,17277.4,22647,21848.7,22083.3,21592.4,22191.8,16613.2,20601.1,17072.7,19505.9,22251.8,17834.1,18368.5,20093.7,21449.3,18876.8,22287.3,18366.9,21263.6,22871.3,23308,20795.3,19917.5,22895.6,20375.2,23512.9,23994.5,23182.1,24432.9,19526.7,20132,23578.9,19940.9,18385.1,22972.2,19250.1,19658.8,21536.6,23862.8,22823.9,19497.8,24631.1,25049.8,22910.7,19965.3,23422.7,21416,22375.6,19731.2,18638.7,19815.8,20882.2,20735.3,22176.5,24269.2,23830.1,21823.7,20384.4,19586.6,18807,22104.3,23416.8,22737.2,19585.3,23191,21651,21501,20288.4,19723.1,23442.6,24691.7,19016,21190.4,24399.4,18404.4,23064.1,20618.3,20759.9,19311.5,19711.4,20466.2,22318.3,27793.9,35127.7
32898.2,27955.5,28538.6,23957.7,19898.9,22136.6,19424.1,21136.4,20115.7,20904.8,17740.7,20484.9,20855.4,16696.8,21799.5,20897.8,19182.5,22502.7,22242.1,16666.8,18915.3,16962.4,19715,21527.4,15957.8,15879.6,19227.5,16244,19559.1,16455.7,17121.8,15898,22181.2,22352,20826.6,17085.6,17571.6,20116.7,18073.3,17762.8,19607.6,22115.2,22293,20365.8,18728.6,17546.9,21946,21770.8,20466.2,21298.3,22020.3,17240.2,19657.3,18369.2,21364.4,21522.5,19933.3,16943.7,16679.9,17908.1,18397.3,22276.3,17092.2,19491,21745.6,20345,20028.3,16451.1,17941.1,16248.1,17722.2,18908,18945.2,19829.8,16550.3,18880.3,15520.6,20867.1,20748.3,15874.4,18595,18425.8,16278.8,21098.4,19315.2,16935.2,18802.9,15456,17025.3,19789.9,16338.8,19237,19800.3,16272.6,15165,17010.3,16417.7,15242.9,21168.8,17787.3,16059.2,19339.3,20215.5,16847.2,14755.2,17806,15826.4,15787.3,16469,18479,16587,19833.3,20154.1,15717.1,17075.1,15574.7,21650.6,18798.9,19060.6,21667,20025,18475.4,17517,21850.5,18921.4,21555.2,19539.8,16112.3,18411.3,17838.1,22079.2,19305.9,20301.9,21824.6,16441.7,18922.6,17466.6,17176,21396.4,17376.4,19403.2,19232.3,19600.6,19325.9,17082.7,17592.2,18623.7,20094.1,20596.4,17522.3,20739,20789,15252.2,17969.1,16594.1,18455.4,17899.3,15563.7,20870.8,16838.1,20720.6,19572.3,18582.7,20746.1,20706.7,22382.5,22339.7,19019.1,19712.9,22300.4,18314.5,20232.9,23225.4,18113.8,23221.2,22503.1,19222.1,21634.7,19047.2,22652.8,18243.4,18899,22513.6,21813.9,21699.9,20725.9,19862.7,19765.9,20002,17811.1,18403.2,16766.7,20588.1,18849.5,17675.2,20836.7,22602.9,21688.5,22150.8,21130.4,22440,22296.1,21207.6,19155.1,19830.3,18742.6,18957.8,21139.5,20176.1,22596.5,17384.1,20499.3,20708.8,20803.2,21214.4,18062.7,17349.4,17521.3,21228.6,16896.8,17305.4,20505.5,19654.8,18980.1,16989.5,18640,22350.9,21488.5,20729.2,20500.1,19615.2,17727.7,19418.9,17620.6,20469.8,17158.3,21076.3,18306.6,17612.2,21440.7,16849.6,17178.1,16538.4,21126.5,19334.2,15851.1,18329.2,18936.3,18665.9,17880.5,19409.5,17577.2,18029.1,18484.6,21205.2,16325.4,21290.6,19837.9,17592.3,16883.5,16410.2,20347.8,15335.4,17313.7,21556.8,19093.7,18424.3,20749.8,20523.9,19799.9,21375.3,19305.5,22162.9,19044.9,19092,15840.4,16730.7,16467.1,15812.4,18093.1,17032.4,20339.5,21087.7,15550.3,16676.3,18801.9,21577.7,18420.1,17695.3,22000.5,20611.4,21041.3,18142.4,19292.9,22037.9,17181.9,19061.9,19637.6,22576.8,22225.6,21239.4,17947.3,16495.5,22369,20521.8,21711.6,19577.9,16585.1,16388.5,22686.8,22402.5,16980.7,21357.5,19117.2,22211.4,21410.3,17280.6,22834,18551.9,18019.5,18530.9,23498.6,23754.9,21815,19124.7,20879.9,21267.1,18599.8,20908.7,23310.4,20475.7,23845.9,24676.2,23190.8,23109.9,23593.2,24504,21033.3,24009.5,20180.8,21194.9,22761,24506,19817.1,22485.3,18922.9,24940.1,22967,18441.9,22498,24032.5,21779.6,22143.7,24329.8,18007.5,18316.3,22075.8,24196.2,18392.8,22214.3,18955,18125.9,19662.5,19518.3,20033.7,20828.2,22044.9,18114.8,18186.9,19413.1,18526.9,21613.6,23442.1,22510.6,18222.2,19590.9,22468.9,21402.7,19983.1,21900.9,25255.8,25355.1,27988.4,34571.3
36327.2,26066.7,24517.4,21016.4,20421,21300,19583.3,21442.5,16751,16518,19981.6,17516.5,17708.4,22170.5,21871.2,18197.3,20768.7,21534.4,18136.3,16861.2,20447.8,21384.1,18553.8,20164.7,18859.4,16664.9,19963.5,20821.4,20129.6,21119.8,18486.5,18304.4,22325.3,19014.9,20946.8,16718.4,21001.9,18159.6,17281.7,18066.9,19690,16018.1,19469.4,21012.7,17856.2,19861.6,20885,19548,20080.7,17023,16544.4,20607.2,17741.5,19405.8,22018,20227.7,18881.7,20735.6,20183,18802.8,21805.6,17115.9,20054.1,18939.3,21866.4,18434.8,21662.4,20602.2,18101.3,21351.6,17480.6,17172.8,16141.8,21168,16062.7,17700.7,17567.7,16312,20745.4,17019.3,17066.6,21286.6,15416.5,17725.9,18037.9,21573.4,17650.6,20829.8,16643.1,20275,17359.1,19385.2,19124.3,19811.7,16265.5,15373.3,19009.1,21193.9,18206.5,15764.3,16981.3,20723.9,20361.4,20524.4,19577.3,17797.3,16512.3,19096.2,21219.2,20985,16995.2,16448.2,20637.7,19329.8,16003.1,16084,17951.6,21191.5,16673.4,19840.6,20728.7,19784.6,17419.2,15917.9,20934.2,21764.3,19169.6,20697.9,17875.5,21276,22981.1,20969.9,18971.3,17889.6,20799.6,20265.5,16978.1,17818.2,20463.5,18354,18671.9,21094.6,17900.4,17524.5,18149.5,20182.9,19057.8,20959.5,18050.6,16309.4,19776.9,16726.3,18442.3,18680.2,19218.7,20089.7,20722.9,19335,20016.7,17669,21952.7,19696.9,16829.8,16823.6,20025.3,20242.3,17130.7,20171.5,17474,19005.7,17090.4,20475.2,18281.2,21553.8,20374.2,20797.6,22496.8,18801.3,19150.5,20368.5,22533.9,18964.4,18952.2,17974.8,16323.7,19151,17486.5,21392.3,20048.7,18499.3,20002.4,20770.9,19599.3,21427.6,16580.3,19523.7,21050.9,20851.3,17371.6,21675.3,20308.7,20109.2,16975.5,18002.2,21803.5,19215.8,18019.7,21302.6,16460.4,21239.7,22702.5,18047.2,18529.3,16774.6,21231.4,18128.8,16862.2,18617.3,17474.4,22075.5,16865.8,17494.8,21690.3,21629.1,19493.9,18168.1,20523.4,22670.3,18295.2,19572.1,18146.7,18450.3,22057.6,20008.7,16520.3,19601.1,17547.8,19464.8,20236.6,17531.3,21611.6,19843.1,19266.3,20619.5,18296,16499.5,19076.9,16096.7,19857.5,21619.9,17751.5,16225.4,19939.3,21466.4,21163.9,17480.7,21622,21451.6,17421.3,21534.7,18567.3,17616.5,18469.9,18552.1,20394.6,16699.4,21569.9,20744,16530.3,18764.6,18790.2,16432,17948.7,21124.3,19257.8,16333.1,17484.7,16454,18968.7,16033,21410.4,19987.9,19350.6,20823.2,17172.3,19841.3,19080.5,18059,15822.1,21520.6,16110.4,20580.4,19322.8,17847.3,22239.7,16515,20457.9,19924.2,18289.5,19386.9,17957.7,17410.9,19033.2,17444.5,16439.7,18290.6,19755.1,16136.1,20929.2,20149.3,18605.1,20540.4,20657,17030.8,23291.5,21960.3,22678.5,17967.8,18207.1,20203.7,20370,20254.1,21270.3,23738.2,19118,23844.6,18243.1,22003,24024.2,24167.5,18135.8,23833.3,20820.4,24506.7,18909.3,23797.1,18651.3,21672.8,18692.8,21832.1,22537.7,23936.9,18936.8,22457.6,20150.9,20179.2,19371.1,19433.9,22856.7,21844.8,20894,22157.1,22176.3,22353,24593.8,21634.9,20753.9,21825.9,22085.4,19124.6,19998.2,21779,20565.9,17392.2,18722.7,23582.9,20941.2,22860.6,22183.8,21914.9,23890.8,21736.4,18453,23895.2,22746.1,21119.7,23487.2,23598.8,21803.8,23764.7,21092.1,24044.8,26785.5,35907.4
32753.7,29066.9,27657.4,25849.2,21285,20372,18265.6,19296.8,17192.5,20712.5,17044.1,16956.6,16483.4,20749.5,20851.6,21984.4,16912.3,18470.9,20790.6,17755.2,18123.6,22128.6,18432.1,20860.9,21487.1,18301.2,17418.4,19141.6,21556.3,16605.2,21053.3,16547.8,21479.7,19265.3,17035.5,22307.2,17420.9,19943.1,20288.1,17092.6,16870.3,19264.7,19587.6,20591.9,22548.3,20868.7,20562.2,22577,16747.9,20733.6,19931,22181.9,17648.7,22537.5,22763.8,22118.7,19046.3,17712.6,20429.9,17127.2,19818.4,22252.3,17040.5,20257.7,16132.2,16958.4,17326.1,20668.4,18706.9,18901.7,19792.1,21113.4,20858.4,16129.5,16220,16094.7,15717.4,17717.1,19720.9,17772.2,18189.4,18208.1,21265.8,21543.7,17119.4,15452.5,19504.3,20180.9,19055.1,18447.5,19256.7,18577.3,15885.1,15281.3,15667.1,19155.5,17126.1,17789.5,17118.8,18868.4,20707.6,21043.1,16265.5,18317.1,19233.8,20087.9,20641.4,14668.3,16244,16025.6,18379.1,21026.1,18438.4,18618.3,16097,15024.6,17654.6,15922.5,15760.5,16690.6,19633.1,21978.8,20767.7,18257.5,22139.1,16230.5,16690.9,20352.2,18683.4,16901.7,16970,20713.2,17482.7,19565.2,18227.9,21414.8,21657.2,20973.8,18117.7,16299.8,16149.4,17866.2,19725.3,15606.3,17783.1,21369.5,19167.5,19599.6,20221.8,17281.7,20949,17737.5,21600,18311.9,19134.6,19981,21128.5,16963.4,15910.8,18386.3,19614.6,22040,22226.3,20417.5,18625.9,20403.2,19415.5,16396.7,20854.3,21431.6,22592.9,19127.9,22361.2,22735.3,17469.5,19551.2,19464.5,22293.7,16972.8,17514.3,21916,20035.8,20107.6,16463.7,16237.5,18685.4,17727.5,16437.3,16676.8,21609.2,20521.8,18272.9,16041.4,17604.9,22381.6,18046.8,18334.6,21115.4,19250.9,21310.8,17790.8,20143,16573.2,17239.5,20229.8,18173.7,21544.3,17706.7,20881.7,22085.4,20459.1,18784,20943.8,16962.9,19168.1,18871.4,21322.7,22027.2,17033.3,16792.5,21389,22336.4,17115.2,19061.4,20124.1,20174.2,21124.9,22122.8,22753.2,21883.7,18895.1,18936.1,20307.5,17904.5,16487.2,17737.9,22016.3,17833.7,17578.5,22239,19667.1,19200,19152.7,18025.4,17164.4,19877,15553.6,19077.3,15861.2,21150.6,16330.8,19531.1,16951.5,21491.3,15808.3,21840.1,16818.3,22076.4,19186.2,21768.3,18314.2,21261.5,15527.2,16767.2,18930.6,21239.4,19527.2,19209.1,21469.5,21502.7,16922.5,17028.6,20686.2,17721.2,20594.2,20364.5,18520.8,21756.4,17879,20214,17032.3,15811.3,16444.1,16241.9,19525.3,17265.1,18389.6,22018.2,21878.9,17468.5,15989.3,17941,18887.8,19923.6,19146.7,20487.8,19165.9,17771.2,19905.8,17258.9,17923.3,21190.7,22542.5,19731.5,20476.9,17403.3,17301.6,17392.2,16327.6,19976.2,18577.2,20203.8,17767.7,23032.2,19107.3,17214.2,20523.2,22275.3,21128.4,21408.4,24027,23970.2,22877.7,21804.8,22681.3,19542.8,23866,19417.6,22658,20609.4,19843.7,21278.3,24919.4,23742.7,21527.2,20222,24825.1,18413.8,20148.9,23781.5,20911,22374.7,23710.1,23951.7,21786.7,21473.8,22213.9,19717.1,23010.6,22785.6,23870.4,22670.3,22148.7,23899,19651.4,21509.8,19458.9,18482.8,23311.3,21336.9,18913.2,19130.1,22991.5,17630.2,20168.1,22663,19700.7,22968.8,23465,22713.8,19893.2,19458,22434.1,20940.8,18270.3,22785.4,18059.7,19622.2,22686.7,25029.1,23418.5,25607.4,28118.5,33800.4
34901.3,26704.3,22242.7,20496.8,20423,18993.7,21994.2,17256.1,18345.8,19516.3,21653.3,16446.2,16797.5,18270.1,18406.6,20925.9,16807.3,21818,18530.1,21231,19963.4,19459.8,18256,16718.6,16660.5,22200.4,19496.2,19365.8,16747.5,17622.5,19052.4,22219.4,20232,19436.3,18344.4,21887.1,20052.7,20138.3,17377.4,19533.3,18343.6,16743.7,18718,16946.2,19545.4,17924.9,21320.8,17603.8,22591.8,16567.6,17358.9,21388.5,20316,19014.5,21256.8,22098,18883.9,20909.2,19490.8,18514.9,18183.3,16297.7,18365.3,16269.3,17548.4,21336.5,18450.6,18538.9,15840.1,21225.9,17269.5,19749.1,17620.7,20170.8,19888.3,16873.9,21027.2,17585.4,16502.7,17606.2,16270.6,20017.1,16707.6,18574.6,18818.6,16097.9,18154.4,16618.1,15428.2,16289.6,16067.9,19438.1,16682.3,18063.7,20750.6,20242.1,17581.8,19034.8,15895.3,15278.1,17537.1,17644.4,18076.4,20308.1,18650.7,16399.8,21317.1,20782.1,16647.4,14707.8,15899.5,18024.7,20728.1,20412,19410.6,15482.9,15259.2,20369,16787.6,16092.3,20629.3,22083.1,16477.8,22070.9,16999.3,21339.2,21055.3,21757.3,17903.4,20627.2,22479.4,21307.2,21562.7,19619.1,18377.6,17221.5,18460,20068.3,18737,19487.4,16574.7,19997.1,19233.6,15366.9,16923.3,15477.4,15449,18527.8,18103.7,15738,16128.7,18304.6,20635.8,19704.7,14071.9,16331.3,20794.4,18068.1,20773.3,20519.1,20826.9,19563.7,16275,21653.5,22339.1,21814.6,18217.3,20195,22517.7,23188.9,19141.7,18990.5,18800,20802.2,23163.5,20031.1,17233.8,18236.5,16862.2,20237.8,20682.7,20473.7,20018.8,17160.5,16541.9,22157.4,21566.7,22471.5,20354,20682,19757.8,20016.7,22429.6,19753.6,18606.5,19636,21096,18077.3,18113,22275.2,20126.7,22157.3,17869.3,21002.2,22702.5,16528.8,21115.9,18093,19086.5,19629.7,19515.5,22877.5,19094.1,18417.7,22074.4,19559.4,18550.2,17326.1,19575.4,18059.2,21532.7,22544.3,21970.8,21947.9,18142,16659.2,20898.5,21959.4,16603.9,22096,17800.7,18498.4,17019,19774.6,16839.5,18783.1,18935.8,20028.5,17995.4,21030.5,16987.3,19936.1,20876.8,17302.1,18358.5,16124,15686.3,21774.3,16490,18921.3,17320.8,19292.6,16810.6,20210,20562.3,19858.3,18823.6,22226.6,20920.2,16000.9,18481.1,20646.6,19583.7,19789.4,17067.2,21984.5,17980.5,19463.4,17920.2,17427.7,18507.5,20764.4,16435.9,19212.7,16207.9,22053.8,20805.5,21255.3,18827,19155.5,19522.9,16330.4,19999.5,16444,20114.4,20476.9,16436.5,21206.3,21915.2,15658.8,18513.2,16431.1,16172.2,21586.8,19240.3,15910.1,18588.7,21215,21764.3,20341.4,16827.1,22412.3,17989.7,20671.5,18561.5,19073.1,17188,17296.5,18106.6,18514,16758.8,19663.8,23118.2,17022.5,20318.9,20933.9,17272.8,23744.3,19618.9,18745.7,23015.1,22700.9,18505.1,19390.3,19098.7,21730.9,24307.5,22343.3,23532.7,18836.9,23101.7,22037.3,20165.8,19088.6,20903.3,20354.6,19654.2,21323.2,23281.8,22419,20333.6,21973.4,20724.4,24272.6,24487,25147.9,25068,24056.2,24295.6,19598.7,23501.7,20077.2,24499.4,24051.9,19516.3,21907.2,22025.4,21094.3,23049.3,22842,20564.4,20769,18426.8,23600.4,20809.3,20012,23102.8,19220.8,19232.1,21777.3,18859.4,20117.9,19559.1,23394.6,24158.8,20516.7,19645.4,21721.1,18655,20397.5,22259.7,26838.7,28274.7,30104
35564.9,29063.6,28533.9,23821,20808,20061.5,20325.8,23024.8,23125.2,16709,22734.6,21914.6,21353.5,17169,21928.4,17940.5,16566.8,21841.6,20256.2,21849.1,19274.8,16537.3,22387.5,17857.3,21036.3,22105.6,22253.6,21347,16774.8,16800.6,21420.6,16015,19167.6,18583.7,17443.5,17809.1,19052,18831.4,22445.5,19139.8,17416.8,19086.5,17072,19913.3,19076.2,16490.6,22069.7,20749.1,18083.9,16531.9,22388.5,19050.9,17832.1,21974.7,20519.2,20589.1,20373,17335.7,22437.2,19613.5,18141.6,19968.7,17656.6,17348.4,17713,17598.6,17729.1,20881.8,22121.5,18332.2,19754,19956.5,16400.9,21215.8,16061.5,16034.8,17680.8,17586.9,22032.8,18192.1,21627.1,19287.6,15692.9,21717,19078,17843.1,17843.7,18955.8,18802.9,19914.4,20044.2,18070,18325.2,16384.7,18327.3,20967.9,15098.8,18738,17039.4,15145.9,17664.3,14920.9,19739.3,21214.7,17200.4,19975,18715,17170.4,20625.2,19232.9,16139,18987.2,16551.3,16470.8,15359.5,17070.7,16461.5,17593.5,20468.1,19486.5,19379.6,15671.8,16459.9,18264,22129.3,16375.5,17304.5,22140.2,18597.7,17172.8,17453.1,20755.5,22672.6,17563,22507.1,20860.5,18793.9,17369.4,18887.7,20213.1,15860.9,18573.4,16236.5,19653.6,18830.4,21203.2,18539.2,15792.5,20239.7,19701.3,18373,15963.5,19289.8,18527.9,16440.3,18091.5,16547.5,21491.6,19041.8,19639.1,15835.6,18975.1,16835.3,20125.5,21409.9,22202.3,18660.5,16788.4,20639,17514,20665.9,20009.1,17095.4,22204,20970,20274.3,21099.7,20346.8,22674.4,22179.8,18867.2,17749.5,21431.2,18564.8,20561.6,22409.6,21781.2,20886.2,17803,21697.6,21288.2,22456.3,16767,20893.4,16463.1,17421.7,22500.3,17807.6,17405.7,20374,18913.3,21154.1,22650.3,21564.2,18128.8,21736,16696.1,18279.6,19274.9,19230.8,17059.6,20077.9,21749.9,18854.2,22038.8,21703.7,22343.2,21704.3,22357.4,21958.7,18463.2,22513.7,16356.1,22178.5,20765.8,17334.2,21573.4,21964,20562.6,22231.1,22545.7,19486.1,19230,21216.1,21837.7,21353.8,21799.9,18100.4,19757.3,16616.8,16000.5,19488.3,17939.1,18093.4,20103,17290.2,19380.3,20591.7,21296.8,21046.6,15699.9,20438.2,22002.8,18370.4,21408.4,21041.9,21179.2,21358.8,20362.2,22040.3,17305.1,17875.6,15500.3,16924.7,16781.2,21047.1,17353.8,20156.9,19911.7,20416.3,20424.5,18561.6,18909.7,18214.5,19856.3,20120.1,19396.9,21664.3,19729.7,21018.5,20754,16445.8,18546.6,19622.5,19651,15800.3,21344.6,20976.6,18122.3,15669.8,19278.3,19865.9,21924.3,18847.1,16979.7,19198.1,19148.2,19535.1,19204.1,20365.5,19282.8,16429,16371.7,22350.8,17213.5,20025.2,16493.6,22155.7,17594.9,17688.1,18097.1,21559.1,21199.8,21193.1,21150.7,18401.3,17880.5,19312.3,21965.5,23790.5,22163.9,18890,21171.2,20240.5,20592.6,23936.8,21221.6,18439.1,24141.4,18381.3,23566.2,19011.6,22139,21919.4,20227.3,23047.3,21304.3,23180.6,18790.7,22344.3,21327.7,24553.1,19576.7,22172.8,20860.1,18762.5,18852.2,19949.9,23430.1,22621.1,18652.7,19471.2,22718.9,23434.9,18028.6,19045.2,20392.5,18484.9,18789.2,23148.8,21217,19553,23551.9,23829.9,20696.3,20355.9,24255,21679.8,23133.8,24111.9,22404.3,22472.7,24906.1,20245.9,21052,23266.7,18557.2,20090,18255,22790.4,21958.8,26387.3,25323.6,30718.7
34235.2,26876.8,25946.9,24939.8,19497.5,18243.5,20180,20428.8,18716.5,21612.1,17930.6,18908,17214.6,18559.7,17720.4,21943.4,21187.8,17943.3,18941.2,18744.9,16270.4,20130.2,19236,16510.8,16798,20931.2,18789.8,18832,20621.6,19104.4,16285.5,18017.2,20023.5,17094,20597.2,18204.7,17726.8,20763.6,20363.3,20890,16450.7,19394,21752.1,17599,18224.8,20468.7,20295.7,16170.3,21622.8,17628.3,17082.9,16247.4,18890,21844.5,17125.9,18523.1,22622.4,19928.9,21941.6,16071.6,17447.8,17111.7,19766.6,18400.3,19918.7,21795.2,17393.3,21007.1,17559.7,19867.6,16043.2,16465.6,17730.9,16742,17273.1,21145.8,19532.4,16391.6,19666.5,16287.1,17123.4,20847.8,19698.8,16925.9,21638.2,16507.3,15559.7,15965.3,16490.7,21411.9,20878.4,15257.2,16151.1,19653.7,21046.3,15267.4,21187.8,17976.5,20182.5,17904.2,15725.9,15027.8,18761.2,17511.7,15834.2,15286.6,19295.9,18703.8,21391.4,21243.5,19526.8,17010.3,21470.1,17219.6,20893.8,21406.5,15518.3,17680.7,19692,16701.4,17056.5,19921.7,17431.5,19614.6,21806.5,18919.7,20955.8,16706.7,18077.7,21085.3,19089.1,22551.9,21751.5,18340.8,19211.5,20149.6,19455.4,16632.1,20772.6,19818.5,16357.1,21383.7,16636.5,19144.1,19582.1,20891.9,21390.9,17586.5,18873.8,19438.7,18939.9,20379.3,20335,19231.1,15671.3,15870.8,15888.4,21475.4,19033.2,20163.9,19432.3,20730.8,16961.5,19921.9,22415.3,18183.3,21825.5,19591.3,17860.1,17344.1,20312.9,19924.7,22288.7,20081.2,20357.6,18563.2,23232.7,19260.8,22847.4,17997.3,21979.3,18777.8,20305.8,20191.5,16298.5,20335.2,19710.9,22314,21160.1,21288.1,16827.2,16407,21209.5,16762.9,17409.8,19404.5,22238,16870.4,17618.3,20402.1,17114.8,20138.6,20556,16864.3,16525.3,20062.8,18082.5,21057.6,22405.8,17000.8,18182.8,18187.1,19733.9,21940.4,17558.6,22304.9,18428.7,18756.9,21318.5,22385,18743.5,19173.7,20452.8,18593.6,19059.1,17143,20132.9,19802.7,18341.5,19872.1,18116.5,17162.4,16120.3,16344.5,21801.3,20819.5,18204.1,18078.6,19488,19976.7,19993.2,17765.5,16397,18987.7,19289.6,20808.7,19650.8,20018.6,21551.7,17124.1,21452.8,18851.4,17768.8,19166.9,18719.4,20793.5,21944.4,17517.8,17558.8,19068.5,21168.6,19661.6,17340.3,20726.8,21597,22242.1,20784.5,18191.3,19728.6,21402.7,20090.3,20980.6,16466.6,16424.4,17176.3,16771.9,17999.9,18186.9,19348.1,21085.9,22038.8,19049,22033.2,22181.9,17270,17456.2,22157.9,16466,16780.2,17327.4,21258.6,17348.3,17474.8,16470.8,21401.7,17228.2,19484.1,20721.5,18971,17602.4,20414.5,20446.2,19422.6,17077.7,19515,15955.8,20378.4,19169.8,20920.9,20055.5,18912.8,22229,20646,20148.9,19469.9,19334.7,19544.7,22066.3,19262.6,19638,19200.9,20667.4,19443.2,22514.7,20965.5,20788.4,18331.5,18570.9,19186.5,23013.2,24216.6,18304.5,21228.8,18854.8,23173.6,21234.6,20871.9,22293.1,23359.4,20845,24413.8,20665.9,21181.4,22132.8,21882.8,20554,21820.7,23877.3,24828.8,24045.8,20202.5,22614,19407.3,20280.2,19721,20450.3,23691,24293,23809.5,23276.6,24255.6,22381.9,18338.5,19215.5,20070.6,21882.7,22695.9,22728.4,23961.4,19819.6,19336,18377.8,18832.9,23146.6,24710.6,24893.8,22464.6,22221.5,24710.5,20383.2,25430.5,27411.1,28711.8,32821.6
36458.8,28843.9,27892.3,21544.5,22965,24118.5,17913,20992.1,18162.7,19346.9,18461.7,18813.2,19703.6,21391.4,21642,16415.7,20607.7,19718.3,19225.2,17851.2,22407.7,19872,17293.8,18872.1,20716.4,19116.3,22076.1,20585.3,17169.4,21040.5,19452.2,17149.7,17067.5,22229.1,19782.2,21539.8,20193.8,18228.9,20063.9,16488.3,21959.8,16696.5,17768.2,19655.8,20272.5,21191,19690.4,16528.7,16392,18409.1,21025.6,19493.8,22092.9,19188.5,22591.9,19857.1,20169.6,20196.9,17818.8,20465.6,19549.6,17697.8,18311.5,16993.7,19965.6,20641,16228.2,19015.2,20261.6,19387.4,19316.6,21747,20317.6,20414.8,16998.2,19238.7,22259.1,20764.9,15973.2,21545.3,19928.8,17200,21479.3,17715.7,16605.4,17740,17775.9,15457.4,20383,21398,20512.6,15751.9,15853.4,19315.5,19686.7,20592,21089.1,17068.7,16633.8,15543.4,17017.2,15426.1,16105.6,20665.4,18941.8,18197.8,18459.4,18900.1,20507.7,16462.9,19000.7,16058.6,20983.6,16383.7,20607.3,18729.9,16181.2,18939.8,22168.3,17515.9,20703.4,20385.6,17151.4,19170,19428,18857.2,18669.5,21310.5,21402.8,19405.7,21866.1,19247,20060.3,18054,22104.8,22571.1,18282.7,19014.5,16414.5,16609.2,19057.8,19993,16427.6,18707.6,20054,20402,21832,18743.7,17689.6,21919.6,17749.5,20018.8,16031.3,19335.8,17553,20998.8,20365.7,21560.2,16817.4,15868.3,20608.9,17765.8,16105.7,18794.6,16087.6,16246.1,20317.9,21906.6,20366.4,22793.2,19408.5,17086.4,23247.3,19880,19324.3,18960.2,20652,19674.6,17600.1,20611.9,16679,17306.7,22122.3,20286.7,20265.7,20535.3,16761.9,17213.1,19299.4,19150.8,20346.3,21770.4,21407.1,22493.7,19768.5,21087.1,17256.5,19853.2,20229.3,19581.5,21357.4,20331.5,18786.6,19098.2,22411.7,22886.1,22130.3,21810.4,20354.3,22540.5,20073.2,18344.9,17415.4,20456.6,20567.3,21480.3,23109.4,22907.2,18242.1,20318.3,18946.7,18112.9,22772.7,19647,17518.7,18502.2,17244,21445.3,20641.2,18667.6,17210.7,22368.1,17106.7,21979.2,17729.5,18272.9,22750.8,21077.8,18617.9,17714.5,17579.2,20196.3,19498,19308.6,19673.2,17001.5,19695.3,19655,18413,17176.8,19182.7,18016,21188.9,16966.1,20400.1,19073.4,21117.2,22455.1,19236.6,21035.5,19927.8,17903.6,16016.5,21829.8,20863.5,19706.6,21215.5,18237.1,16363.7,19281,19517.5,16348.1,17886.4,19474.7,17657,22073.8,21985.1,18604.5,21539.3,16152.8,22341.9,20063,21903.4,16466,19312.7,16826.6,18550.5,18639.1,20024,15550,15809.8,17934.1,19966.6,18799.1,18661.7,21208.7,19064.4,20641.8,22294.1,16339.6,20558.6,21888.7,21238.7,22358.7,18995.3,19145.6,16228.5,20647.5,21866.8,23144.2,20857.2,19614.3,21163.8,20669.4,22465.2,19276.8,19915,21701.7,18857.8,22367.7,22960,23002.9,21614.1,24175.8,21097.6,19640.9,22195,23092,19036,18609.5,24330.1,24855.7,20373.3,20241.4,22395.3,21913.5,22463.7,21424.9,22755.9,19613.7,22784.4,19560,20823.7,22497.5,18731.8,20045.1,23740.2,24620.5,23897.9,22916.7,24225.4,22683.8,24228.7,19781.8,20943.8,18899.4,22955.7,21929.5,19095,18009.5,19548.8,23038.6,19974.5,23395.2,21167.1,22993.5,22830.8,19936.6,19502,21824,18600.6,23934,22522.4,21831,23173.6,24902.4,23922.5,23868.9,21923.6,25204.4,20236.9,27114.3,31010.5,34410.4
31160.1,28599.7,25495.7,22546.9,24210.9,22963,19677.5,18954.9,20171,20946.9,21676.6,17339.8,18406.4,16603.3,16471.4,17834.4,18940.8,17995.8,21876.7,16742.7,19972.2,16871.8,19084.3,20546.4,17275,19552.7,19209.9,21945.6,21705.6,21439.4,22236.9,18961.1,19338.1,21992.6,22278,16779.4,16316.1,22502.2,16842.9,16354.3,20170.5,20410.3,18407.5,19749.2,20154.6,17081.2,21533.3,17972.6,16019,19888.4,19984.5,17455.8,19230.1,18695.2,21962.9,21255.7,17005.9,22377.9,21428.5,17826.7,17193.7,18248.3,20492.9,17910.5,21583.4,17974.1,17008.4,18915.3,17247.9,19226.5,20309.6,17805.4,19015,20163.9,16921.2,20335,21004.4,16665.3,20292.4,20657.2,15547.5,19380.4,17916.2,19436.8,21885.4,21712.9,17271.4,17883.4,18523.3,17353.9,18064.3,17720.8,17574.6,17990.7,21163.3,17493,15353.1,17301.9,16363.1,20966.8,18627.6,19449.4,17126.4,21192.3,15092.4,16316.5,17826.3,15840.4,18152.2,16024.2,15888.9,17856.4,17942.1,16531,19148.8,15570.5,21185.3,18076.4,17972.5,17402.5,19944.6,20019.2,20036.8,19643.4,17041.6,21343.6,19871.7,21999.7,18011.6,18577.5,21508.2,20987,20623.8,17492,21808.6,21041,20988.4,21178.4,18544.3,19975.7,18599.7,19835.3,20903.9,16254,15813.2,21510.4,18233.3,17431.5,19729.4,20242.5,17889.3,19721.7,16534.5,17067.4,15647.4,16985.4,18019,20532.8,20735.8,16952.1,19042.6,17335.4,20944.7,18619.7,21140.5,17268.5,19306.2,18985.7,17025.3,22382.3,18339.2,19186.2,17719.9,19918,19420.4,22260.3,21768.4,20139.4,23059.1,17707.8,22922.5,17026.3,17444,19445.3,16770.1,22430.5,20465.9,17024.5,22069,17324,21395.4,20067.5,22414.4,18977.7,19890.1,20291.2,20938,19864.5,17729.7,17022.1,20195.3,16608,16893.3,18449.4,22795,22729.7,18186.5,16920.3,17405.7,18307.1,16455.2,20180.6,17059.4,19338.8,17041.5,19988.3,21978.3,22231.1,22934.9,19378.3,18875.5,18201.6,21240.7,17760,20335.4,17355.4,20863.9,21306.2,21903.1,17410.6,21837.9,19610.7,19742.7,22436.4,22413.5,18565.9,18909.7,22432.7,22189.1,19218.3,19952.1,16516.6,18831.6,20420,17165.9,17589.4,21311,17124.4,17803.2,20883.1,15952.8,18030.9,16180.9,21024,18653.9,22015.6,16676,16737.9,17853.9,20164.2,18686.6,20956.8,20986.9,17846.8,19395.8,18736.1,22377.3,18627.3,20677.5,21408.1,19598,18861.6,19245.9,21844.1,19090.2,17000.1,21104.6,18691.7,19271.7,19804.1,20317.2,18407.4,19081.7,19556.7,15909,18056.9,19001.4,16921.5,20201.5,19133.8,15521.5,21392.4,20178.9,22186.6,16397.9,21488,18542,20539.4,21159.2,21900,20309.3,21822.1,16669.3,22321.2,17552.7,19965.7,20449.4,22668,21519,19914.2,17099,20684.3,20305.3,19736.4,18895.9,23187.9,23148.3,19320.1,22965.3,23681.1,18601.7,19040.8,22015.1,20255.4,19966.2,20362.1,20212.8,21375.2,21766.9,22625.2,22357.5,23189.3,20419.7,23014.9,21107.9,24107.5,18640.7,18953.7,18881.1,18370.5,19758,20655.7,23410.3,22326.2,23317.3,19145.6,20990.2,23727.2,19187.7,22130,18236.9,18868.3,18830.2,23429,19723.3,24199.4,23489.1,23200.5,19927.1,23927.8,21980.4,24160.2,22683.8,20321.8,20103.7,19138,23936.7,23068.9,23790.3,23208.5,19056.6,19991.6,20501.8,24281.5,19835.9,22378.4,21972.9,20872.8,22656.1,20509.7,21271.3,22411,31739.4,33962.1
34521.5,31401.6,28259.4,24917.5,22356.3,20807.4,17693.2,20748.8,19901.1,18744.8,17985.6,19836.9,21527.4,22681.5,18773.6,21410.3,18384.8,18154.6,20005,22156.5,21536.1,16864.8,21946.5,18743.2,19961.9,21213.1,18625,19233.5,20471.9,21721.5,18291.9,17860.2,17797.5,19947.9,18799.5,17124.2,18764.3,21385.4,18025.6,21495.5,21317.8,18359,17264.4,22215.2,18671.1,17971.2,21495.2,17925.8,20215.5,18363,20429.6,16716.8,21697.8,18237.4,16923.1,20066.7,19239.1,16721.2,16234.9,21641.7,16596.2,20235.3,21717.1,18861.6,21478.8,18248.6,16870.3,21232.1,19471.3,19856,22352.9,20932.8,18336.1,21363.7,21844.9,17069.6,16280.6,20460.4,21552.8,21492.4,15829.7,18594.4,19534.6,19378.3,20297.1,16531,16929.3,18499.9,21276.3,19614.5,20436.4,20179.9,18798.9,16054.6,15897.9,16698.1,16992.2,20194.3,21477.1,16739.7,17828.3,16126.9,18114.4,14922.9,20020.8,16390.2,16970.1,18152.8,18939.4,19763.9,16885.8,19161,21107.9,17889.7,19072.1,18008.3,19272.5,19849.3,21623.7,20088.6,20989.6,19820.2,20759,19643.4,20201.5,17991.8,19275,19870.7,21977.4,16610.2,21669.2,23041.4,18829.1,21138.5,18579.5,19044.5,17733.6,16280.7,16000.1,15391.8,18541.5,20920.3,16314.5,21169.7,20819.9,17497.2,19017.1,18899.8,21545.2,18955.5,17325.6,16734.9,20156.6,17216,19388.1,15325.1,20955.3,17621.2,21112,21443.3,21110.6,19539.7,16270.9,17690.9,18271.5,22159.6,16599.7,20323.3,20646.7,21552.6,19079.8,18111,23157.8,17197.6,21426.6,22522.6,16969.2,20675.2,17564.1,21017.6,18298.4,17503.7,22460.1,21977.2,22725.4,22027.1,16131.4,17873.6,19447.8,22481.9,17537.9,17839.3,20105.5,21127.3,19512.8,20937.3,20239.8,16917.8,19156.5,17130.7,19760.1,19276.7,22041.9,20089.1,18350.7,20218.8,21274.3,17110.8,18292.1,16787.4,18244.5,16666.5,22143.3,18352.9,18926.1,19759.8,23020.7,17330.7,18105.3,20465.2,20299.8,18044.4,22214.4,21079.4,19541.8,22815.5,18394.3,19148.5,16402.4,21495.2,16930.4,16766.7,21734.4,20201.6,17316.6,17016.4,21171.2,17307.8,18370,22331.5,17285.4,22139.7,17193,17476.3,16002.5,20591,22410.9,22178.1,21883.1,17247.8,22096.2,19293.4,20966.5,16641.5,20272.8,17977.5,18157.2,17185.5,20158.1,21312.4,19891.8,18517.6,17345.5,15714.5,16012.5,15995.5,18884.4,21983.9,16503.7,17471.9,16956.1,18410.6,21681.3,22403.8,19432.2,15778.1,18142.7,18800.5,17780.3,17568,18516.6,18743.5,22156.8,16654.3,21407.9,21238.1,20594,20923.1,21014,20767.9,21338.1,17425.7,18066.1,17867,20512.8,17037.6,17462.9,21732.9,21770.5,20541.7,20014.5,22335.4,20354.8,19688.3,21365.8,17453.5,21308.8,20144.2,18741.3,18110,18063.8,17667.8,18976.1,21441.2,21070.3,17893.4,22010.3,18155.3,20257.4,21485.2,20463,18930.1,20222.3,20029.2,18635.2,19495.9,21139.4,22065.8,22017.6,18439.6,19442.8,23282.3,20880.8,22030.7,21851.1,21348.5,21988.9,21492.2,19988.7,24603.4,24241.1,20871.2,23790.7,25122.1,18891.8,22720.5,21941.1,19462.2,19869.9,23237.4,21345,18420.7,21363.2,18447.4,18486.1,20159.7,21652.5,18318.8,20498.3,17991.8,23430.7,20364.7,18354.7,22630.4,21575.9,22140.2,21733.4,24230.8,23446.9,18625.1,22940.4,22749,21746.4,24720.7,21454.6,24698.1,18526,20362.3,23541.9,25031.7,26231.4,25749.4,30216,35927.5
33850.5,31139.6,27888.4,22340.3,19216.4,18529.7,19400.6,22518.7,21771.3,21912.5,22796,19447.7,19323,17820.6,17007.2,17864.2,22039.9,20331.6,19820.9,18027,20542.2,21959.1,21199.9,21062.8,20143.7,20418.8,19968.8,18679,16944.7,22160.3,18994.9,17809.7,20101.9,21863.6,18673.2,16632.8,16383.3,21947.4,16824.8,19905.6,21560.5,19268.1,16939.2,17166.8,20730.8,22129,18434.3,16117.5,18772.7,21391.5,16647.3,17833.7,16531,19368.4,18336.1,21963.1,21184.2,22522.6,16707,17338,18010.1,18591.2,18572.8,18160.2,16100.3,19737.7,17121.4,16911.1,17300.9,20176.8,16029,18654.5,17497.6,19152.5,16539.8,15843.1,15751.6,16656.5,19890.4,16186.3,16667.7,21192.1,17623.5,16834.9,21239.6,15770.1,20014.4,18655.7,17678.8,18074.8,16253.3,19207,16652.6,20219.5,16746,14968.5,14950,15525.7,21443.7,17590.8,18152.7,15563.6,15450.1,17650.1,17047.2,16196.8,17789.1,17301.3,17789.6,16629.3,17651.5,17276.7,19941.8,18170.5,21390.9,20426.2,16389.2,19051.1,22259.5,19760.1,21560.9,21034.8,22136.6,17678.9,20885,18932.1,17821.4,22340,16681.4,20473,16616.8,19210.3,19906.6,17046.9,18321.5,20059.4,17977.2,19928,21203.3,16250.1,17641.1,16793.4,19234.2,15951.3,21578.3,16636.8,20176.6,21804.3,21046.7,16844.7,16979.4,16300.9,16174.5,18590.3,18742.8,20018.5,17567.1,21430.2,17912.6,21832,16523.9,19576.4,16008.3,15984.6,17151.4,18440.7,20277.7,21447.2,18711.4,21268.1,18536.6,18291,23355.2,19343.9,18015.4,21480.9,19517.7,21065.1,18481,20162.9,17547.2,22340.6,19794.2,17280.4,16496.4,16827.4,21615.3,16457.1,21099.3,18689.4,18922.1,20778.7,21563.6,16165.9,22523.9,22352.4,21782.8,20928.8,19744.9,21895.8,22562.4,21008.3,19954,17735.8,18812,18064.8,18542.7,19102,17358.9,19029.8,21705.7,18255.8,17309.8,17747.1,20336.3,22333,21837.6,18602.8,17762.3,17317.5,20120.8,20637.9,16547.7,21404.3,21202.1,16835.4,19972.6,20602.4,20017,16833.3,17186.8,16380.2,19298.7,18446,22253.1,19032.1,20734.6,19323.6,20251.8,21740.6,17729.9,16612.4,21624,17548.9,20905.9,17373.9,17360.1,15939.5,19780.6,20738,19307.7,17832.8,20233.2,19077.3,20702.3,19299.9,20626.5,22389.3,18926,20651.4,18340.2,18780.1,18034,18497.4,21496.6,19270.2,18084.3,18316.5,20637.2,21734.9,19431.7,16930.9,22386.9,20514.6,17077.3,20159.4,21701.9,21168.5,20155.8,19613.6,17756.7,16400,21671.9,18628.7,17916.1,22178.7,19323.3,21051.8,17924.3,20687.2,21554.3,16437.4,17864.9,18823.8,16903.9,17023.2,16612.9,22471.5,17253,19014.6,20367.9,20697.5,16829,18517.7,21089.7,18641.1,21751.7,20491.8,17379.7,22772.7,21065.9,19432.9,20088.8,21922.4,21176.1,23319.2,21822.3,17399.4,19955.8,21959.9,17602.4,22950.4,21987.6,22656.3,24383.6,22670.8,19403,24891.2,23859.9,22065.8,23247.8,21223.5,23741,20105.4,21990,20824.7,22482.9,22651.8,20480.7,23528.8,24423,20739.3,19243.5,24394.7,22366.2,19810.2,23624.6,20055.9,23959.8,19163.2,21458,21131,18322,18861.7,22041.7,19236,23705.9,18418.7,23220.4,24589.4,18155.1,18749.8,17981.9,18678.2,18445.6,19043,19527.9,23369.3,19842.4,20344.7,22268.3,19261.8,18488.6,23317.6,19848.2,20490,19516.3,19940.7,21613.5,21122.1,21382,27465.8,29130.8,35089
36012.5,31660.8,23222.5,22643.8,22532.3,24238.1,17868.6,17147.9,20102.7,18837,16513.8,18331,20642,19401.9,23009,20408,20881.8,22270.7,20220.2,22400.4,17798,19077.9,21472.8,17626.3,16412.1,18932,17082.3,20834.3,22469.1,18016.8,22329.6,19923.6,19073.3,16539.4,21229.1,22098.3,22092,18163.3,22052.7,21809.7,21394.8,16328.8,20703.3,19107.8,22375.9,21013,19424.6,19587.1,19979,22150.2,17042.2,16672.4,21813.7,16282.6,20157.8,22253.8,16318.4,17439.5,16513.6,17202.6,20675.3,18181.1,18682.9,22102.3,21159.8,19282.6,19192,16831.6,20918.7,19353.3,17588.6,16363.9,18601.2,20890.1,20133.8,15744.2,20798.8,16670.5,20008.8,20259.7,20200.8,15839.7,21168.1,19091.3,22158,21954.7,17974.3,15724.2,17707.7,15657.5,20571.8,20952.8,15853.8,17499.3,20743.8,18043.2,15012.4,15854.1,15539,19647.8,20514,17937.8,16828.5,21099.8,17827.3,19515.2,17839.3,19265.4,17722.3,21348.8,21370.3,20205.1,19170.7,19120.8,21306,19441.4,17984.6,22132.7,20031,15832.7,17547.3,18251.2,21776.2,20486.6,15832.8,16739.4,16473.9,17686.2,18526.3,21715.1,18023,19002.9,21479.1,17620.4,21174.2,21279.9,17928.7,20260.5,19026.7,17106.4,16894.3,18493.6,15452.6,15611.5,18310.3,19754.8,19630.4,21454.7,21504.4,17820.6,21711.4,15916.4,18066.9,17558.4,18141.5,20263.9,17204.1,19994.3,16516.1,21090.9,21939.9,16497.3,18511.7,16696.2,19832.4,17925.7,21713.9,16768.9,20967,20616.4,18579.8,17369.5,21904.3,17316.3,19374,17467.1,18840.7,21872.3,22051.8,19876.1,20588,19506.4,22295.2,18158.9,22750.5,19236.6,18019,20119.3,19268.8,20500.4,18800.9,17368.5,17201.8,19275.8,21196.9,20151.6,21561.3,20317.7,20370.4,20330,22066.3,16805.1,21480.3,18555.3,17631,22045.1,20703.2,20367.7,18273.2,20441,19334.3,17791,19189.7,19134.5,17414.7,19134.3,17914.5,17415,22042.7,19019,22810.6,20389.6,17192.9,20185.8,16907.8,22130.8,21885.3,21883.5,22327.1,22684.2,21727.5,21170.3,18642.5,22178.5,19492.7,16552.8,21886.6,17522.2,21265.7,19249.5,18745.9,20389.4,21616.4,18607.5,17551.2,17739.4,21045.7,5579.34,17846.8,22370.9,15945.5,17781.9,21544.3,17994.6,22424.5,19431.9,21673.2,21761.9,22118.7,21269.8,20304.8,17439.4,19056.9,19864.4,17884.8,19075.5,22252.1,17766.9,19470,17143.3,17218.1,20126.3,16524.2,20526.2,21974.7,19581.4,16949.8,21320.3,17157.1,20907.8,18382.8,19221,17933.3,20432.3,18674,17447.5,19955.5,21590.6,19765.4,16144.2,21528.6,16200.2,21924.6,19342.6,17895.9,16525.4,22044.6,21736.3,16123.7,21817.7,17261.5,19040.1,19263,20562.6,20124.8,21051,20991,21616.1,18090.2,17932.2,17752.6,17770,20683.7,21779.3,20409.6,20193.4,23739.3,18152.1,23652.6,20823.7,23203.2,22450.3,21279.6,22399.4,19361.6,20596,20120,20351.4,21508.9,21658.5,19875.5,19658.3,23720.1,22668.9,19700.7,20035.6,20514,22308.9,18478.3,19954.1,22818.8,19648,22439.2,20511.8,24098.5,19268,21081.7,22726.1,19683.7,19018.7,22831.3,18409.7,22020,18995.1,20790.1,23018.2,21348.4,22542.4,22597.1,18666.2,20825.2,21588.8,20754.2,18655.2,22263,24122.9,20659.1,22162.1,20624.3,25137.7,21354.4,21270.2,20269.5,18585.4,18494.7,20695.1,20141,18386.4,23311,23503.2,23529,28348.3,31240,34858.7
31584.7,29832.9,23373.4,21215.1,24668.5,19826.9,17781.8,17620.3,22565.7,18532.9,17985.6,21000.9,19056.8,16945.2,18366.3,18346.2,20544.8,18174.1,16531.4,19344.7,20144,16594,18381.6,19115.4,21094.5,21663.6,19139.1,22438.9,18486.1,18941.5,19733.4,18021.4,22616.8,21046.5,22484.1,19184.1,17674.9,20395.1,21177.4,21037,18222.6,16723.2,22379.8,21203.6,21582.4,16768.7,18680.4,21768.5,17721.7,16033.8,21170.6,16328.2,16911.3,17451.3,17001.6,19893.9,18844.1,18128.7,17272,20871.1,18825.9,21442,18738.2,21262.1,17237.6,16845.2,17276.5,19767.4,17915.5,18587.6,17539.8,20482,16841.4,19008.4,21110.9,16841.8,19782.1,18022.7,15896,17019.2,20137.2,17410.3,20520.1,18953.4,15921.4,17801.9,20821.8,21295.3,19492.4,17861.3,22343.5,21738.4,17519.4,19951.2,15640.7,21313.6,18618.3,17380.2,18383.5,15812.9,16747.9,15283,20503.1,16518.4,15659.6,20840.7,15619.1,18996,18667.3,18612,19862.9,19428.7,17433.5,17738.8,20239.1,18409.8,16443.2,18909.2,21329.9,18874.1,17241.7,16963.4,19513.4,22301,19849.1,16808.3,19362.5,21963.4,17664.7,16866.7,22069.9,18386.9,18708.7,22149.1,20690.8,20201.9,17591.6,17316.4,17922.6,19750.1,17188.6,18923.6,15438.4,16069.8,19914.8,16268.6,20362.6,19389.3,16671.2,20078.2,19042.8,19842.4,16456.4,19874.5,17357.3,20322.8,17697.1,18048.6,18350.2,15856.3,16092.2,19200.8,19204.6,18642.2,17275,19386.9,21693.2,20462.2,19554.5,20009.2,17668.1,17254.9,17226,17835.3,21475.5,17006.4,21712.4,21873.4,20758,18736.8,19415.6,20814.2,22088.1,21432.2,20191.8,22591.4,20781.5,21176.8,18578.6,19594.2,22421.5,21120.4,20464,22312.5,22421.2,17588.8,20558.3,16461.5,18131.6,16520.1,19981.2,19561.8,17270.3,18464.3,18525.8,17983.7,22064.4,20366.9,21026.8,22481.5,22857.7,22330.6,19774,18754.6,21472.2,18195.6,20439.6,17120.1,22987.4,19946.9,21745.4,21428.2,22024.7,20634.1,20089.3,19437.4,20255,17006.6,22724.4,21306.8,17415.3,19234.8,18929.3,18922.1,16557.2,16640.6,16383.4,16650.5,18103.4,18293.4,18261.3,21084.7,18203,21158.2,18241.9,18557.3,21060,17872.7,19251.7,18293.1,21323.4,20802.4,19953.6,16180.6,17507.1,21887.6,18230.7,21696,20032.5,19834.1,21733.7,21928.5,19713.1,16623.8,18735.4,20283.8,21319.5,20323.5,21236.7,19862.2,20846.8,20359.2,19251.1,17169.9,17074.4,19810.1,17919.1,19938.2,22069.9,20807.6,18400.8,22063.7,19786,21751.6,21902.3,18087.8,21840.5,20003.6,21894.3,18796.2,16698.9,21105.7,20655.9,21481.1,16847.8,21999.6,16308.4,17148.5,19672.7,19193.9,20532.9,16202,22554.9,21708.3,16374.3,18247.7,18401.7,21906.5,21380.7,20325.5,18929.3,21282.9,20250.1,23184.3,20796.7,23685.2,19350.6,19016.8,20787.3,19722.1,19859.1,17927.5,23751.4,22955.4,20788,23977.1,21647.4,20036,24391.4,19680,22718,24144.1,24056.5,18403.3,20073.7,19622.5,22792.2,19938.1,19679.6,24028.5,20704.9,23019.3,24089.9,24708.8,21793.3,23037.5,25008.9,21513.6,23892.4,20541,23526,24108.3,24130.8,23462,22439.1,19729.1,18637.7,23305.6,23906.8,24592.2,23529.4,23535.6,21324.4,18431.9,17920.9,19851.7,18627.9,21875,21968.6,20405,20441.5,20640.2,23113.9,24944.3,22092.9,20638.1,23023.9,19405.5,22788.9,20840.5,25092.6,23139,27286,31551.6
36165.9,30371.2,25778.6,26536.1,19909.3,18777.5,22140.4,18967,17985.6,20120.6,20137.6,17887.2,19581,17679.6,22675.8,19955.8,17926.2,20154.6,20801.7,21059.7,20704.2,19452.3,19272.2,16438.4,19279.6,17752.8,18662.3,17995.3,19742.2,22510,21260.9,22597.9,20149.1,17228,19639.9,21648.6,19535.2,16385,19949.8,20080.1,20845.6,15997.2,19394.1,21361,18717.9,21351.3,16629.7,16834.9,17336,18709.8,20227.6,17861.3,18495.9,21018.8,20624,19558.9,20392.2,21949.5,20325.1,19945.6,19157.5,18032.8,18077.9,18846.4,19568.3,19115.1,22164.8,20174.3,17099.2,22392.2,19623.4,17732.8,19092,19118.6,17824.5,16726.9,17337.7,16494.1,20330.1,20475.3,16587.9,18691.9,20652.3,16984.2,21985.8,20854.8,19314.5,17204,19458.8,18833,16282.8,17451.7,19479.4,17561.6,16066.9,17480.3,19258.8,20239.3,17034.9,20733.4,19743.7,18459.7,18754.6,21053.4,19725.2,18826.2,20030,17880.9,15713.6,17838.9,20510.5,17963.1,18168.4,15362.1,18846.8,19841,19243.2,18640.9,19846.4,20398.4,19475,18543.5,20904.8,16673.5,20543.3,17389,16284,22284.2,16755.9,20040.2,19435.6,18423.9,20354.4,18976.9,16445.9,22524.1,16162.8,16696.9,17351.9,19098.1,16127.5,16577,17598.4,16279,21163.4,19614.2,19034.5,20389.7,20012.8,19700.7,17826.5,21265.6,21386.2,17579.5,19085.6,19274.7,17731,17637.9,15841.1,16570.7,16984.4,21071.3,18851.9,20010.6,17975.9,21704.9,18236.4,20502,19556.6,20181.2,19286.3,19290.1,17884.5,22344.7,18780.4,17729.4,17273.2,22208,21673.4,19850.7,20831.1,22506.7,22611.3,21143.2,20600.6,16702.8,21286.9,17944.6,21338.6,17548.4,18976,19435.3,19716.3,17249.6,18097.4,19169.1,19490.7,21036.9,19351.2,22461.6,22950,19741.9,17898.3,5319.24,22598.4,22834.5,20730,21367.7,18400.9,16527.5,16590,17782.8,17611.6,17371.2,20283.2,17237.4,21784.6,18863.7,22862.5,17826.2,19704.6,20702.7,16706.6,19203.6,20543.2,22912,22496.2,19488.3,22472.4,19269.5,17601.1,18009.1,18791.8,19572.5,19152.2,21248.6,22538.1,16716.9,20239.2,16905.5,20815.4,20783.4,21285.2,21737.1,19149.8,19529.7,16194.6,17128.2,19448.5,21997.1,18175.7,18027.9,19804.4,17149.3,17360.3,16596.2,16181.1,20979,16196.3,20255.1,21456.3,21926,19474.3,17560.7,20749.9,18804.5,19721.5,20925.3,16234.6,16805.5,18442.3,22187,21188.4,17844.5,20305.3,20077.4,20196.3,21688.4,16137.3,18422.9,16942.2,21675.2,18478.7,15836.3,19464.2,19283.8,17388.8,20849.6,18994.2,18010.8,17786.3,18116.2,18855.7,22019,22550.7,17965.5,19153.9,18780.2,17711,20251,22013.1,19563.8,18057.1,22562.6,22416.8,21748.2,19835.7,20820.7,17510.1,20543.7,17056.1,22351.3,20875.5,22057.2,18553.6,19716.1,23170,19659.6,19088.9,19819.9,20741.8,19316.4,23836.9,21972.7,18170.1,20856.4,20567,19098.9,19078.8,21166.8,24284.4,18282.9,21181.4,23980,19926.4,24574,18690.8,19264.4,22887.1,24206.2,22494.1,18648.7,24160.8,21028.2,21405,21852.8,24254.7,23848.4,21934.2,23711.9,19278.9,23125.9,21590.4,23108.8,23826.1,21054.2,20989.5,22366.5,24000.3,20561.6,19413.4,18964.9,19166.7,24288.4,18391.4,17942.6,24456.3,24379.5,21920.9,22017.9,23671.2,20447.9,22891.4,19139.9,20255.1,18453.4,20046.1,21045.5,25015,24162.1,20689.4,24653.2,30281.5,35170.2
35470.4,29613.2,22702.5,22563.5,25611.8,21113,22983.2,22721,17741.7,23254.4,17174,19321.7,17927.4,18462.5,22355.9,16833.5,21762.6,16936.1,17963,17367,18426.8,20166.2,17432.9,17832,20199.9,18775.6,16317.7,20677,16937,16966,16666.9,18325.7,22299.1,20068.9,17229,22436.9,19421.1,21729.1,18629.2,21457.7,20291.4,15967.1,19807.7,17766.2,16997,18710,18977.4,22038.5,18984.8,18477.1,16684.4,18013.4,22455.8,16253.6,17164.2,16868.1,21319.5,20823.8,20605.7,17245.7,19199.4,19987.2,21819.9,17716.6,20977.2,20075.2,18304.4,21872,17030.2,17936.1,18468.3,19575.3,21406,21076.6,21492.7,18747,16800.1,18105.3,19234.4,18726.8,17785.8,21774.6,21921.2,21017.9,18272.2,16063.7,20038.5,19606.7,20872.9,16775.8,16862.1,18895.1,21772.4,15245.7,16064.2,15497.3,15279.8,15664.4,20866.3,15441.6,21608.3,21132.8,16952.4,15530.9,16952.8,17899.8,21306,15317.6,17242,18832,19657.1,18771,18055.5,16010.7,16018.5,20857.8,19672.2,16574,20082.8,18415.1,17072.3,18277.2,16797.2,17336.3,22417.9,22400.8,18063.9,17337.9,23111.4,18441.3,18413.9,18407.5,22593.6,23118.4,20889.3,16605.9,18564.7,18931.7,20360.5,20786.2,20322.7,20479.2,17751.1,16862.5,17217.8,20495.1,20193.5,15857.1,18256.4,18207.4,15815.4,18955.5,21946.4,18607.1,19190.3,20608.5,16714.1,19202,15732.2,18626.6,17665.1,18399.7,20200.7,20290.9,19438.3,20054.1,15955.4,20164.8,16995.2,17442.1,16669,18358,19863.4,19044.4,18765.8,23037.7,18187.2,20460.4,19512.1,19731.7,19275.3,21369.9,17176.7,22691.5,21777.6,20449.2,18701,21841.9,21700.7,17208.6,21689.5,18848.6,16600,18568.7,16626.6,21469.3,21003.5,20756.4,17927.8,20681.3,16462.8,19319.5,18930.7,17812,19555.3,19009.2,17724.8,21144,17246.4,20908.8,16530.2,20647.6,21882.3,22739.6,18804.5,22634.5,20763.4,17140.6,20881.6,22215.2,22312.7,22250.8,17765.8,20736.7,21785.3,21705.2,20135.7,20370.9,16697.4,18082.6,18798.8,16845.3,22759.7,18948.9,20310.5,19265.2,17905,19783.6,21773,17401.9,17061.2,18573.4,17151.2,17937,20133.4,17843.4,18928.7,19265,20921.1,21236.2,19126.2,22164.4,17566.9,20334.5,21722.2,17382.8,16716,22134.6,20394,17465.4,20168.6,21807.3,18988.7,16172.7,16759.7,19441,21351.7,20970.3,16310.1,21336.9,20388.5,22495.4,18455,19705.8,16968.5,22219.4,20122.3,16414.6,20075.1,18802.2,18811.5,19615.9,21943.8,19177.2,19739,21161.5,22031,15936.9,20585.1,19191.5,15936.5,22346.1,22621.1,19816.6,19308.1,20357,17411.4,17075.6,17022.1,20072.4,22255.1,16560.7,18038.7,18292.1,21436.5,21156.2,21556.1,22457.6,18905.6,22394.2,16459.4,22854.6,23485.5,18774.3,19160.5,23461.9,19321.5,17943,23812.7,22284.4,23639.3,19322.3,21568.5,23867,24165.6,18358.2,20227.8,19145.6,22003.2,18984.2,18742.4,19179.5,18362.1,20234.5,20230.8,20512.8,20470.6,20315,22888.7,20325.4,18594.5,22720.5,21378.4,24411.8,22211.6,23909.2,25014.5,20117,21412.4,22703.7,23757.6,22735.3,18930,24856.9,23978.9,24483.5,20769.9,20951.8,19143.3,20380,17833.7,24116.8,18365,23748.4,19325.8,18790.5,24020.6,22404.1,20783.6,24672.4,24259.9,18834.9,24435,21746.3,22361.9,22522.9,18933.9,23658.4,19226.9,22245.1,27130.9,23190,26499.2,36256.9
36692.6,28315.6,27071.8,26016.5,22079.3,22991.1,17991.1,22523.2,21368.3,21338,17680.8,18741.8,20140.4,19752.2,18960.5,22748.5,19187,20022.5,20501,21927.4,18038.9,22215.5,19080.1,19297.4,20799.7,21959,19231.6,22409.9,21985.9,22177.3,17175.4,20717.8,19884.7,20634.5,17655,16847,16927.2,16657.4,21726.3,21235,16844.3,20995.1,16943.8,19106.1,18357.7,20445.7,16569.2,21943.8,17491.7,19588.1,19856.5,20292,17213.3,18684.4,18019.1,17281.8,20291,20780.7,17337.7,20725.7,20367.2,16999.2,20912.6,16228.8,19492.2,17976.4,18083.8,17403.9,21979.7,20982.3,19389.6,16820.4,17875.4,21415.8,20380.2,17031.7,21554.1,16433.5,21642.5,20796.9,17736.7,18469.5,17377,18056.5,19946,18403.8,20830.6,19747.6,18207.2,19894,17579.6,18351.1,19063.5,15820.2,21133.4,20710,21508.7,21509.3,18787.5,19496.4,21453,16227.8,20579.3,19816.1,18979,18809.9,19777.4,18876.2,19696.3,20720.6,19799.7,15610,17425.1,18240.2,15980.5,17411.8,19938.1,19700,17690.9,18154.1,18104.3,17758,16772.4,21237.6,19935.2,19701.7,20700.3,20096,17816.1,19440.1,21950.8,16967.2,22149.1,22642.7,19802.2,19894.4,18826.9,17500.4,21715.4,15515.2,16617.9,16006.9,17563.5,21066.2,15690.8,15926.9,16398.4,18088,15925.4,18197.8,16883,17349.7,18544.2,20248.9,15372.9,18246.1,16460.5,21285.7,16005.5,19660.3,21749.5,19346.5,18837.4,16317.2,17522.9,21266,17404.8,20103.3,20770,21914.3,17263.5,20601.6,22966.6,19543.4,17050.9,22709,17314.9,22341,22891.7,21170,22703,21950.4,17255.4,19328.9,17918.6,19421.4,21006.4,17723.1,16046.7,19072.1,22359.4,19884.4,19558.2,17327.6,22397.8,22157.2,19270.3,22269.9,19310.3,19388.2,20268.5,19708.7,21797.5,18715.5,22459.4,17387.6,18075.8,17891.5,17394.3,17010.2,18422,22946.4,20361.3,17816.2,22063.1,17343.6,19114.8,21428.7,20730.3,21690,17767.4,21207.7,17791.8,22375.7,17271.1,16503.3,22529.2,18158.5,20764.3,23096,19546.7,18138.6,20164.7,19651.9,18208.1,21072.9,20426.6,22036.9,16802,18146,16585.2,18673.4,21768.6,20152.5,20443.1,21830.5,21558.2,20094.1,21702.8,22522.3,20621.5,18033.1,18284.3,15882.3,18567.8,19127.1,16236.3,18298.3,19670.5,19605.6,18813.8,16110.1,17307.3,16291.1,16507,18148.3,16954.3,21510.3,18591.9,21572.8,17020.1,22615.7,18875.9,19960.9,19500.9,19642.4,19887.8,22535.9,18788.4,16345.2,19166.7,20601.6,21683.5,21242.5,19811.7,18911.5,18316.3,18283.8,17394.5,16063.5,17755,20954.3,19396.5,19819.4,18937.9,17774.6,17180.5,19347.8,21168,16768.3,21310.1,20604.9,19980.6,21504.3,20521.2,21609.8,22176.5,21404.8,18935.5,17447.3,22678.7,20606.9,21898.2,23575.3,18856,22613.4,21962.8,19875,22067.6,22973.4,17589.9,18622.6,19565.8,21376.8,21785.4,19579.2,23108.9,20328.1,19616.1,22600.6,22055.7,22159.3,23409,21136.4,21049.9,23409,23249.6,18785.5,23759.7,19852.4,19105.8,23293,22513.2,20394.2,22958.4,22182.7,23645.1,23897.5,20945.7,21417.4,24835.9,20342.3,20668.2,22299.4,22394.1,23038.9,21612,21580.9,24512.5,21591.4,22065.4,19474.1,19802.1,21118,22053.3,21903.8,23684.4,18265.4,20435.3,21417.5,25014.9,19557.3,22199.8,19008.5,18861.4,18551,21690.3,24206.7,24628.7,21572.1,20561.1,23888.5,29525.8,31556.1
36550.6,31306.4,26327.9,24407.1,23941.8,19467.3,20209.9,20636.5,18258.3,20782.2,18491.2,17344.8,21121.9,22019.9,21596.7,17134.5,18403.1,21711.6,22714,20425.9,17516,20078.6,18329.4,21072.6,17181.4,22403,19601.3,21392.1,17438.4,21847.4,18260.7,21981.3,18790.7,19190.6,22520.1,19474.3,19127.3,16830.9,19747.1,21323.6,19120.2,18776.7,20070.6,18803.3,19784.2,21096.4,20876.4,21021.5,19229.6,20688.4,21418.6,21668.9,21239.2,19706,19176.5,17702.8,21149.8,21953.3,21396.3,20689.7,22025.9,18113.1,19111.2,18350.3,22356.2,17706.1,22364.1,22170.2,19475.5,19562.1,19587,18689.4,21951,16661.7,21994.1,17621.2,18489.3,20421.3,21235.3,16421.8,21473.4,17564,16758.1,20487.4,16551,18836.5,20217.6,20570.1,20519.8,22078.4,22273.4,20326.1,21629.6,18260.1,20591.8,20086.4,18527.5,17618.4,18171.8,16110,19304.2,21611.2,19202,16574.6,18675.9,5640.28,15575.9,18466.7,19509.7,18656.1,18386.7,21161.7,15612.1,15447.9,15982.7,19663.1,20439.6,19928.1,20538.8,16323.8,20444.9,19061.1,16602.6,22219.5,18032,17324.1,22570,21381.9,18901.1,20180.3,22457.6,22860.3,22706.5,20462.9,18671,16259,20959.9,21280.2,18519.9,15945,16437.1,21169.4,18874.4,21526.7,20751.6,20679.1,19472.8,17866.6,17975.2,17016.1,18807.7,17174.6,16078.5,16645.1,19205.4,21414.9,19177.1,17533.6,16717.5,21970.4,16740.2,16581.1,15628.7,19805.1,20540.2,17611.5,21395.3,19181,20291.4,22044.6,23016.1,19601,22126.1,21866.4,17688.6,21569.4,17211.4,22239.9,18088.3,20870.3,16573.9,22920.7,21693,19161.3,21925.2,17751.1,20281.9,21522.6,16616.3,17047.8,19318.8,16542,17927.9,19105.9,16941.2,20990,20996.5,22576.9,20452.8,17043.1,16321.9,19785.8,18318.4,22299.9,18937.8,16926.7,16814.5,22695.6,17615.7,21618.2,20904.5,19167.3,19814.9,17112.3,20734.1,21094.9,18405.9,20744.6,16919,18384.5,18686,21496.3,16622.7,20284.5,20440.5,18856.7,16541.2,19401.2,20858.2,21930.1,22373.6,22711,17750.3,17014.8,21781.9,16806.3,19606.1,17824.8,19270.4,17472.6,17839.6,18396.3,16506.5,19855.5,19250.3,19970.3,20804.4,16466.1,17314.6,16894.2,18328.6,17488.4,21767.2,17859,16167,15977,16670.8,16827.7,18077.9,21861.5,17993.6,17511.2,19709.6,20922.1,18077.7,21579.9,21136.6,20443.8,22169.1,21692.8,22337.9,19567.7,16958.3,16221.2,18680.4,19835.9,22144.9,20578.5,20369.6,17088.9,20771.4,20431.8,17548.5,18736.4,19109.6,17188.3,21435.4,17848.7,17756.2,20913.7,21319.3,18084.1,20637.6,21301.1,19034.1,20996.6,16740.3,17824.1,15931.2,18684,17937.4,16375.1,16820.5,16330,19671.3,16532.6,16060.3,20571.9,17853.6,17573.2,18179.5,23147.7,18544.4,19241.9,19924.6,23125.9,17406.3,22093.7,19164.7,21720.1,19868.2,22362,23500.3,24263.4,23213.1,22932.2,19502.8,23258.3,20941.2,22997.4,19635.7,24059.6,24455.7,23603.7,20322.5,22631.9,23045.7,20906.9,20292.1,22964.6,21720.6,18844.6,21332,23572.9,19221.6,21784.8,24662.2,21127.7,23381.7,21873.6,24190.4,21578,22469.5,24410,21223.8,24486.9,18454.9,21354,19466.3,19795.9,18431,21312.3,18761.1,19046.6,21995.5,23698.4,19666.3,21546.6,19846.7,19874.1,23359,19831.2,19165.4,24035.9,24180.6,22801.6,19125.6,19016.5,19847.8,21818.2,25490.7,25172.3,25498.8,32260.9
35570.6,30791.5,28983.1,23987.9,19432.8,20692.9,19371.7,19879.3,22044.6,23209,20636,19153.6,21406.3,20186,19441.2,21761.3,20365.8,18019.6,22698.6,18511.1,21984.4,21021.5,20041.8,18178.6,17041.3,18584.3,19720.4,19949.9,21756.8,22341.6,19237.9,20455.3,18356,16564.3,20356.3,21567.3,16684.4,17224.3,22470.7,16832.8,16773.6,16411.3,20922.7,20193.7,20912.9,18900.5,17024,20225.5,21452.3,16703.5,17314.9,20598,18101.3,20954.7,20798.1,16824.2,16143.8,19028.9,17829.1,20172.7,17439,16190.2,19356.4,16647.1,21669.9,22413.9,21173.6,16033.8,19922.9,21978.6,19329.7,20167.9,16845,20761.7,20500.7,20871.5,16670.3,18469.6,17061.3,20811.5,16179.8,21371.4,21118.3,15910.3,21715.9,18731.3,18946.3,21194,22419.1,22084.6,15901,21128.3,16501.6,15906.5,15784.7,18766.8,16523,20073.4,21360.3,20994.1,17984.9,18875.1,15825.3,19544,18749.8,18572.9,17450.9,17274.7,19735.9,17604.2,17319.1,19200,17205.8,20298.4,16566.1,15958.4,21066.8,20993.5,16946.1,17908.2,18652.1,20521.7,17494.4,20684.6,21828.3,21193.2,16366,16573.5,20772.6,17928.7,18958.1,20568.5,17863.6,21695.9,17164.7,17462.1,17623,20021.5,15333.8,17811.5,17453.6,18091.1,15386.4,16840.9,20703.9,21361.5,21212,17838,19916.7,20095.3,21434.6,17554.3,20534.8,21495.7,14842.6,16066.9,19554.5,18516.8,16276.5,17281.1,21896.3,16582.8,16162.4,20734.3,17158.9,16018.9,21300.7,17909.3,18505.7,21278,20500.5,18109.3,18054.9,21847.4,19751.9,20432.9,21167.7,23336,21277.6,22175.7,22538.8,17172.1,21373.1,22041.7,19589.2,18225.7,18259.6,18431.7,21891.5,22170.7,18488.2,19996.3,22385.8,18510.5,21190.9,16547.9,19292.5,21587.6,20332.6,22225.2,19513,16900,22673.4,22592.9,20034.9,19576.7,22784.9,22089.2,21815,22698.4,20704.8,21000,19493.9,21481,18634.6,21803.7,19548.4,20001.2,19494.8,21761,17837.5,18316.1,17916.9,19763.1,22315.5,18129.8,19907.1,20948.7,20677.2,18445.5,16675.6,18635.7,17019.4,22520.4,17936,16720,21677.9,19920.1,20136,17076.5,18578.6,18339.9,17631.2,19461.7,20679.2,16552.7,19382.2,18393.3,18704.9,20090.2,19467.6,22104.9,16278.1,21365.1,18199.2,20207.1,21078,18492.4,21048.9,22034.1,22051.7,21651.4,21236.6,16895.4,20658.6,18513.2,19313.4,17803.5,21534.2,20765.9,17690.8,18370.6,19496.9,20817.8,16291.4,16225,20937.7,19199.3,19497.5,20098.3,16080.2,20238,22379.6,19421.7,19607,19772.8,20017.2,15997.3,21454,21040.6,17172.6,21135.1,19748.9,18703.6,17927.8,17500.3,22158.2,19539.8,22403.4,22702,19055.3,18164.2,21051.1,21687.4,16561.1,20317.4,20137.6,20238.2,16225.8,18222.9,16254.1,18913.9,17152.5,18438,18779.7,23039.6,22594.7,20063.2,21129.8,20745.6,19929.2,19229.1,19845.7,23172.5,23012,22701.1,20981.2,23911.4,24396.6,18738.9,19179.1,22656.4,20534.1,24425.1,23055.3,23571.3,19866,24347.5,20267.4,21169.5,18571.1,18261,22532.7,21271.4,24784.2,22099.4,23135.4,19168.6,22126.1,24429.2,19535.9,21945.9,22794,20440.5,23046.5,22877.5,19986.2,20381.6,20528.8,19909.9,21946.8,23388.2,23262.2,24318.6,24366.5,21598,22248.9,24134.5,22401.2,21465.5,24914.9,22313.6,22685.8,20802.5,22375.1,22033,19034.4,21521.5,23613.9,21290.7,25864.1,27763.9,26278.6,34867.2
36672.7,30065.9,27307.3,22611.8,22453,19766.6,21903.3,21711.9,19078.7,21624.4,22107.3,20721.9,17921.9,21730.8,22799.1,22396.7,17017.1,17505.2,22799.7,19470,22685.3,17456.7,20370.1,17554.5,21191.7,18978,19016.4,18206.2,21388.7,17889.6,19237.5,20914.1,20993.3,16723.1,22141.6,18891.5,17263.9,20237.3,18007,17486.5,20913.4,20374,18562.2,16018,19211.2,20418.6,22349.7,15968.1,21643.6,18280.9,17064.3,17558.5,19390.5,20292.4,16719.7,22488.9,22283.2,17491.2,16315.3,22025.1,20290.3,21531.5,19835.4,22035.9,19110.1,16821.8,20301.5,21852,20666.4,16400,21036.7,16232,17723.2,17914.7,17730.5,16969.3,16250.6,16119.6,22433.2,18730.5,17029.3,21119.7,17764.4,18660.2,19210.2,19342.7,16623.7,19746.6,21295.4,15697.6,19121.8,18535.8,18423.5,15730.3,19034,19748.8,15618.2,17006.5,20244.2,19420.6,16256.8,17278.7,20699.7,15876.6,16802.2,17917.1,16275.1,21752.3,18910.7,16236.7,15259.3,21050.8,17542.9,18718.4,21621.5,22108.2,18311.3,17266.5,20552.2,20277.3,21913.2,19228.2,22198.7,19115.3,19825.9,20894.1,16329.9,16692.9,19404.1,22498.8,21789,19581.7,18449.5,22622.5,22148.3,19766.7,17261.4,18852.5,19445,19124.1,16194.4,17553.7,17117.9,20400.9,16770.6,16682,18933.1,19115.8,20683.2,20561.8,19233.4,18581.8,15989.5,21390.8,18019.8,16310.2,17354.8,17852.5,17113.5,17966.1,17763.5,16213,18175.1,19319.4,17765.5,16692.7,22135,16792.4,19655.4,22435.2,18481.2,18604.7,22130.4,18463.6,20628.7,21436.5,22857.2,21844,18051.9,16900.8,17307.7,22640.3,17027,22703,22695.9,19726.2,22593.8,18105.1,17821.6,21307.3,21871.1,22694.5,16879.4,20654.4,22806.9,18145.6,21940.9,18688.5,18559.8,18568.8,19144.9,16806.2,22904.4,21458.1,23030,17533.3,22968.6,16812.9,21158.9,17672,21447.8,22801.3,20536.5,18582.2,17425.5,19308.3,22136.2,21523,20874.6,18095.2,19024.4,20649.4,17382.7,22727.3,17723.9,18189.9,20640.1,18555,19147,18479.5,21179.5,19700.3,16641.7,17300.1,19890,18635,16877.6,21560.7,19025,18058.1,21574.4,16696.1,19078.7,19354.7,17464.7,16419.3,20882.4,20506.9,17830.9,20131.5,19219,18005.2,17387.8,17035.1,16927.1,19751.3,21710.2,17341,16908.4,22166.4,21566.2,16842.8,21999.9,16411.5,15892.2,18376.6,20769.7,21728.7,19994.1,16729.4,18475.1,19186.3,17111.4,16316.8,22351.7,21876.4,16239.6,18238.8,16840.1,21022.8,18187.7,21645.2,22217.5,21961.3,17449.3,15619.2,16168.3,20951.6,18886.8,21633.8,17992.6,18600.4,21819.6,20497.4,20906.9,21453.5,17839.8,21944.5,16363,22026.3,18683.5,18539.2,22383.2,20145.8,20312,18043.1,19715.9,16376,19712.6,21017.5,16512.8,22511.6,22660.9,16938.8,20398.3,21161.1,22562.8,23411.3,22483.3,22447.2,17521.3,22827.2,22994.4,21806.5,21496,18429.3,18856.5,21882.5,20314.8,18643.9,21809.2,23865.2,19874.5,20272.3,22425,20031.4,22940.6,20628.9,23378.8,22048.6,21307.5,23605.1,19015.2,24667.8,25235.2,19213.8,19351.2,18827.6,22836.9,19970.3,22889.1,18227.4,18333.7,24615.2,21516,18490.1,22654.8,24351.6,20062.3,23194.8,22538.2,18261.6,24256.5,21986.1,22292.4,21276.1,19507.2,18462.8,24556.9,19626.4,19120.5,21949.3,21612.8,20804.8,21508.2,21565.1,24094.9,20969.8,24831.1,25217.6,22456.6,23916.2,29145.9,32423.4
34289.8,28377.5,23934.6,23153.3,19993.6,22697.4,20910.7,22546.7,17863.6,21402,18133.7,17216.8,20231,20414.9,16959.5,21145.2,18495.3,18059.8,18254.2,21862.1,16569,21201.4,20625.8,22219.4,18994.3,19375.2,21474.9,18211.3,21638.6,21776.3,20949.6,18076.2,18501.9,22530.3,21763.7,21896.1,19417.3,17414.1,21457.8,17505.8,18738.4,21409.6,19202.3,19439.6,20021.2,22032.6,21532.8,17822.6,18224.7,21460.4,20958.6,18502.1,21387.1,20865.8,18430.8,22463.3,21739.6,17857.8,20364.6,20948.1,21751.4,17690,21325.6,19439.8,21456.6,16747.2,21471.5,16147.6,20332.2,17554.3,22482.7,17759.3,18138.4,19777.8,19462.8,22313.9,17478.1,19073.8,21546.1,20859.5,19009.6,16460.6,22396.7,21982.4,17096.6,21143.1,16286.4,17931.7,20336.1,21027.8,19096.8,19278,19216.2,21874.5,16924.4,21701.6,17414.3,15084.2,20312.5,20690.6,17571.6,19430.8,19551.3,16376.9,17550.6,16823.3,16373.9,21128,18789.3,17397.7,20507.6,18557.7,20543.6,17114.2,21223.2,16468,22197,20502.7,18762,22060.2,22148.8,19813.2,21017.9,19284.3,19836.9,17544.3,19686.6,21127.2,19102.1,21174.8,22286,19757.1,16651.4,21248,20890.3,18400.1,19372.8,21808.9,20350.9,15920.2,17246.4,20574.2,17460.3,19576,21316.6,19969.5,21799.4,18747.5,21429.1,17338.5,20694.3,16973.8,19230,16739,17513.2,21544,19467.2,20862.1,16117.3,16350,21635.5,18401.3,20134.1,19039.9,18076.8,18092.7,20588.6,16785.6,21581.9,22052.4,17426.6,22486.9,17048.4,19203.5,19424.3,23084,20818,22465.2,19622.4,18143,16785.3,21778.1,17211.7,21118.1,21241.9,22436.7,17492.8,18182,21244.1,18315,20558.5,22258.2,22424.1,18769.7,16387.9,20025.7,21430.1,18171.5,17587.6,20845.8,21741.1,22007.7,20022,20094.9,20114.4,18641,21191.6,23136.2,20727.1,22336.6,17649.2,18739.1,17590.5,17254.7,23202.7,18585.2,23448,22552.4,22937.6,21205.7,22847,21066.2,21937.2,20951,16748.6,20532.7,20513.7,16760.9,17519.8,18156.7,18528,18331,17176.2,18064.4,17117.6,16494,18220.9,18317.5,17439.3,22132.4,19871.9,17620.8,16925.5,22378.8,19319.2,18940.1,20757.8,22048.9,19573.1,16720.7,20417,21577,17747.8,17571,16462,16423.7,19617.7,17417.7,18535.4,19536.8,22062,17939.1,21267.7,18605.1,19363.1,21158.9,16849.7,18142.5,19600.1,19432.9,16439.8,16815.4,18533,15997.9,16285.2,20633,17217.4,19328,21315,21580.3,22440.9,21753.8,22632.5,21171.6,19027,19461.4,20979.6,19492.5,16516.1,17426.9,17227.5,19872.5,21800,22698.6,22121.8,19336,18022.9,19622.7,16391.2,22301.6,19348.5,19170.4,21457.3,17288.4,17029,19120.8,18010.8,19369.9,19469.4,17100.8,22157.6,21498.2,22239.7,20949.7,20020.7,17365,18905.4,22645.8,23397.2,19963.8,19663.2,21775.4,19428.6,22237.8,23045.1,20983.7,21412.2,20513.1,19071.8,22399.6,20469.7,19696.4,19043.3,23414.8,24816,23513.8,24295.6,22847.6,20345.5,18306.8,24608.3,21396,22484.9,23093.4,22116.6,21886,24514.8,24293,23691,21368.8,18141.3,18773.2,19114.4,21515.8,22039.8,21213.2,23720.6,18725.6,24244.3,19419.4,24380.8,24173.4,23273.7,21726.5,22363.6,23705.9,18596.3,25023.4,24329.8,23096.6,20554.5,25380.6,22967.6,19968.7,18898.8,22897.2,22151.5,19036.4,20229,23919.8,26916,25097.1,27175.2,36742
34298.5,25987.2,23088.9,24505.8,19674.7,21040.3,19662.3,17701.9,18980.7,21027.7,20139.2,20504.6,20376.8,18393,16811.4,17293.8,21786.9,17414.1,19852,19269,17474.9,19558.1,21735.1,18318.8,16654.1,20059.8,20511.6,16543.2,18413.5,20809,20544.5,22211.5,19708.8,19852.7,21830.9,22074.3,16896.3,17375.3,16917.4,20462.9,21583.9,21637.7,16783.5,18398.2,18046.3,18099.5,17251.3,16276.4,20052,17472.7,18584.2,18464.2,21409.4,21278.7,19199.3,17726.4,22349.9,19139.2,20221.3,21625.2,22279.1,22014.8,20388.4,21398.3,18637.1,19897.3,16546.3,20292.7,16703,16990.2,17928.1,18753.7,16780.2,20928.7,22511.6,21009.9,21414,16605.4,16867.2,19789.2,21298.9,17496.5,22068,17055.1,21956.3,16769.8,21757.7,21417.6,18170.7,17925.9,21677.7,20510.2,20832.2,16175.3,18306.3,20545.6,19570.5,16757.7,19308,18315.6,18194.7,17586.9,16111.1,19143,16188.9,16322.7,17188.2,17392.4,21804.9,16781.5,20782.8,20029.6,19810.3,20791.2,17838.2,15521.2,15897.8,20525.1,20716.5,17313.7,18563.7,21761.5,15995.7,18263.1,16331.5,20002.5,17285.2,21919.4,17076,22165.3,23050.1,23029.9,16627.1,18753.5,22626,16394.8,20602,21441.9,18298.2,16722.2,20066.7,16647.4,21710.9,16682.2,19787.4,19582.3,17897.5,19328.1,21524,21840.5,20247.7,21127.5,21072.7,18521.9,15710.5,17612.3,17648.7,18818.7,16333.9,21499.3,19482.2,20173.2,15971.9,18843,20338.4,20508.7,20418.8,17193.1,22703.8,21196.6,23141.7,20578.9,22427.3,19994.9,19185.7,22574.7,22737.2,21669.6,17149.9,22728.6,16880.3,22599.7,20318.6,22891,21643.2,18390.7,18072.6,17565.5,19444.4,21868.5,20006.6,19931.8,22501.4,21932.8,22728.8,16907.8,17904.8,20273.3,18602.1,21060.2,17818.9,17106.5,18570,22285.5,20671.4,22176.4,17736.1,18386.9,21277.5,19844,21829.7,20669.5,22957.6,19213.9,16964.3,19710.2,22645.5,22033.9,19747.9,17809.9,18208.8,20110,22294.1,17696.4,17648.8,17135.8,22739.3,19798.7,20425.7,19021.4,20322,22041.8,21309.8,20762,17568.6,19662.3,21398.2,21903.7,20450.1,16763.7,21788.5,19808.1,19588.6,19914.1,20017.6,17414.9,17170.5,16717.6,18944.1,21454.8,16638.3,19230.5,21075.7,16080.2,19113.8,18375.3,18362.2,21800,16017.3,17079.9,15918.3,18880.1,21697.2,20720.9,16947.5,20383.3,18858.3,17031.5,19718.9,16345.1,22557.6,19767.8,21930.5,18239.1,17777.2,18606.5,17386,19201.5,22304.4,18983.8,20244.7,18582.1,22235.3,17062.4,21968,18964,19488.9,22137.2,21133.8,16597.3,21902.6,17450,19382.5,20096.8,19542.5,21164,18865.6,18284.7,17875,19751.4,18843.9,20017.5,19640.2,22359.9,22311.2,17491.7,17694.9,19840.8,20993.1,20467.5,18739.6,22769.4,20632,18595.9,19623.8,23136.2,20070.6,21213.8,17952.4,23417.1,20552.9,22173,19711.9,17847.8,21948.6,21063.4,18076.3,19425.1,21561.8,19808.3,21305.3,19783.6,22988.1,20358.6,23101,19112.7,24316.6,19410.8,23945.6,22674.5,19412.9,18404.3,24950,19040,21960.2,20544.9,20950.7,21411.9,24227.2,19469.8,23352.3,19987.3,23022.6,22132.3,19944.8,23287.1,18683.9,24279,19955.8,20410.6,17849.4,24065.8,23543.7,24140.9,20123.7,18870.4,20159.4,21567.8,22755.7,22832.2,20542.5,23545.1,21771.7,24632,20257,24284.4,22687.4,21714.4,23249.6,25519.9,23052.1,25931.7,27945.1,34302.7
36602.2,30989.7,28547,25208.8,20597.9,23761.5,22656.9,22403,22051.9,17326.2,19962.9,19981.6,17921.9,21324.6,22819,17900.5,20880.4,17660,21819.7,22319.6,18456.7,22353.4,22596.2,19434.3,20451.5,17198.9,21202.2,17010.4,17221.7,17250.5,17758.3,19480.2,22612.9,17862.7,20685.7,17782.1,18226.9,19995,16866,16126.3,19099.6,19322.9,20573.5,21975.7,21446,18191.7,18236.9,17444.7,18604.2,17341.9,19137.1,18369.9,21653.6,21596.4,17169.6,16417.4,20312.1,22218.4,21303.2,21465.4,18372.2,19405.4,21981.5,22056.4,16872.9,16482.6,16741.7,19288.1,16979,20237.7,17126,20401.6,17676.5,17183.4,17442.5,18710.3,16931.1,18656.9,17186.6,20886,18972.1,16386.7,18372.1,20647.6,16122.9,18750.4,18897.1,16498.6,22265.1,22334.1,16211,18052.8,18916.3,20694.6,16101.3,20267.4,20400.6,20297.2,21561.7,20126.1,15918.9,18419,19866.9,20157,21595.1,20707.5,20966.7,17580.1,21358.4,21116.9,19262.2,18275,18294,21094.9,20260.3,19237.7,20722.9,20765.5,16046.7,16755.2,21425.4,17664.4,19874,22177.4,19144.3,17210.3,21365.1,21865.9,19561.8,17624.5,18888,18756,17904,17122.8,16958.8,21272.5,16267.8,15996.5,20278.6,20844.2,17739.4,21225.1,19655.7,20803.1,18076.5,15564.1,16907.2,20676.3,20220.3,16429.5,21672.5,21750.3,21203.8,19129.6,16540.9,18208.1,16222,17025.5,18695.2,16813.9,20857,21316.8,18730.5,19156.9,21535.5,21583.1,21339.6,20354.2,20171.3,22879.7,21060.6,20872.6,17800,18252.9,19037.5,19937.1,19656.9,22778,19433.4,18191.8,16995,20908.1,21507.4,16992.8,22033.3,20915.6,17473.2,18387.8,22153,17662.6,19540.9,20883.5,16510.4,22649.1,18269,16808,22379.1,21237.5,18725.9,18715.4,20414,21460.1,16537.6,21012.6,20837.8,20798,17635.7,21062.8,19189.4,22499.9,20536.5,20449.3,21455,20042.3,21723.8,22745.9,17482.4,23167.7,19788.8,21314.5,20621.4,18181.9,18237.6,17961.7,21925.4,22586.1,22689.6,22620.9,18023.5,17172.7,18064.7,17583.2,17365,17109.5,22117.7,21672.3,16713.2,17887.8,16731.1,18755.1,17953.1,22250.8,17832.2,17675.2,16107.6,17047.1,22441.1,18919.2,22353.2,16667,18120.7,17777.8,19401.1,16893,18778,21537.1,18425.8,20011.1,22448.3,16555.5,21005.7,19961.5,21279.4,22468.9,20846.2,20266.4,22665.6,20925,22598.1,18668.3,21069,22812.7,16983.5,17546.2,16579.3,15966.8,16323.9,20102.9,16115.2,17562.3,17478,19923.3,17147.8,19770.6,20011.1,17899.2,16952.7,21992.6,19462.6,21060.2,22515.8,18197.3,20664.4,21108.7,16591.7,16072.8,16693.8,18227.4,19915.3,17227,19775.2,20495.7,21632.2,22164,21371.9,17982.6,21559.5,18368.8,22552.2,19060.6,21897.9,22553.1,21035,22899.7,17065.9,17905.8,22212.9,18318.3,20635.3,22995.4,19279.2,17682.8,19753.4,21720.8,21150,17946.8,17837.9,23269.8,23210.2,21338.8,19846.6,24274.9,18607.8,19248.5,21293,22169.5,18134.9,18813.6,24656.3,24430.8,20084.8,21621.1,19179.1,22794.1,24239.5,24076.3,20486,22247,24531,21723.3,23067.2,21797.2,23933.9,21216.2,23606,21343,19431,18613.1,22026,22075.7,22593.2,22609.3,17695.5,19192.3,22337.3,24583.6,23171.2,22974.9,23784.3,24598.5,23432.2,20056.2,22763.1,21236.8,18892,21113.1,21727.9,22124.5,21473.9,23747.4,21774.1,27502.1,27845.1,36254.1
36179.5,26415.1,26691.6,23293.7,19503.8,24209.7,24247.9,21498.6,20241.4,19965.4,19003.4,23257.2,18801.4,17147.3,22199.1,17131.4,18877.9,16759.9,21693.8,21687.7,21145.2,16867.2,22582,21742.6,16639.8,19465.8,18428.8,21475.4,16889.4,20083.7,22314.9,19436.3,18795.4,17814.9,20733.7,21080.5,17392.1,21407.1,20179.9,19342.5,19202.4,19011.4,21352,17705.8,21053.5,16873.9,17269.2,21124.2,16243.6,17737.2,18330.2,18350.1,21797.8,17094.9,16895.2,19935.5,18740,16582.2,18521.4,20263.2,18979.9,20293.9,21535,22238.3,20111.7,19284.1,16908,21760.1,21866.3,19120,17890.6,16856.4,16365.5,18179,17916.1,17484.4,16742.2,19900.3,16946.9,17629.6,16246,18928,17214.4,17817.9,16964.7,20842.6,17485.9,18595.1,19308.2,15934.6,22269.4,19614.2,17970.4,20258.3,15580.8,20414.5,21251.6,17686.5,18427,18199.9,15052.9,19733.5,19619.7,15614,20605.5,17237.2,19965.7,16431.7,20462.1,19115.7,16218.4,14991.6,18413,21029.1,20358.9,21650.3,18085.7,21418.2,19505.6,19097.2,18403.5,21897.3,19766.7,18314.9,19019.4,17194.3,19997.4,17185.3,16891.4,19846.6,20562.7,17333.3,20789,22518.9,22911.3,22070.7,19002.7,19972.2,18678.9,19019.7,18937.9,20324.5,19874.9,18676.2,21148.6,18139.7,17824.5,18421.4,17846.3,22064.2,18877,16950.8,21009.7,16051.3,19931.6,20800.1,21806.7,19629.2,16246.9,20945.8,21794.5,21146,18430.1,21399.6,20973.1,16189.9,17950.9,19653.3,18157.8,19996.1,21188.3,21253.7,21499.5,22783.1,20550.1,19948.5,22879.4,20164.9,17189.5,20816,22234.9,19767.1,19270.2,23109.4,19002.8,20653.1,18494.8,18511.8,20667.7,22180.5,21767.9,22662.4,17060,19923,16998.8,17127.4,19637.1,21011.5,21776.7,18240.7,21139.8,19012.3,17986.4,21287.3,17252.8,18797.9,16704.5,22040.9,17630,19510.1,24278.6,19641.9,19018.3,18618.3,22303.4,20103.1,21555.9,18570,17078.7,22341.1,22648.6,17203.8,16849.2,19775,22175.8,20919.7,18790.1,18150.9,17610,18642.7,21592.1,19419.2,22905.4,22565.3,20218.9,21174.6,19027.3,19465.9,20309.3,17985.8,18663.1,22665.8,19291.4,17661.6,21691,16576.8,19422.4,21805.2,18725.5,20953.2,17048.1,21844.8,19517.9,16764.5,19419.5,17021.4,16131.6,21194.8,18272.3,21798.3,21315.9,18162.5,18060.1,16925.4,22300.6,21143,22368.1,21669.3,20309,22777.5,19611,18754.9,18134.4,20179.9,21935.6,19216.6,17755.4,19996.5,19155.3,19784,20015.6,18108.2,18835.3,16345.7,21536.1,19652.8,21867,19222.6,19669.2,19827.2,18755.5,17015.6,22039.3,20520.2,19995.8,16949.1,20961.8,17395.4,22254.8,21630,22267.9,16544.7,16730.5,20512.8,21807.4,18084.7,22023.3,19748.5,17696.6,18951.5,22203.5,21287.2,18050.8,23180.4,22614.5,21855.2,23101.4,19934.2,22128.7,20875.5,20483.7,18957.5,21983.9,19882,23356,23991.6,21035.3,20391.5,19309.4,23550.4,20679.9,18277.4,24342.5,24275.4,18525.4,22940.1,19398.9,23353,18603.2,24486.1,24659.6,18811.9,19900.7,23207.9,21008.1,24880,24754.8,19999.5,24665,21578.2,24412.9,24450.6,19282.7,22968.1,23468,20930.2,24586.8,18520.1,23415,18529.4,24429.1,21608.6,23990.5,20502,20968,21417,18910.1,18389.4,22162.6,24066.4,24859.8,23962.5,19235,24645.5,21780.9,21549.5,22789.5,23909.6,24521.5,20076.8,22043.7,24835.1,28003,30517.3
30906.7,31270.4,25605,27173.8,22326.2,19436.6,22458,21535.6,20336,18193.9,16989.1,17394.8,17648.6,21598.8,21899.8,17764.3,19431.1,19921,18438.1,23143.7,19752.2,19714.8,20413.5,19662.5,22434.5,21228.2,18695,21504.7,22866,17097.3,18206.3,17103.7,20201.1,22409.2,20516,21103.8,19748.8,21362.4,21701,21789.7,18242.7,16509.4,16287.3,16262.7,22128.2,18974.8,18374.6,16781.3,20391.6,22375.8,17185.5,17712.4,20553.1,18336.8,16356.3,17410.7,19506,20668.8,16401.6,21108.4,16116.2,21834.9,19789.5,16914.9,18336.1,18474.2,20639.8,18635.5,19836.2,21937,17763.9,19260,16065.1,22037.5,19346.9,16647.6,18793,17127.7,16427.7,18668.4,17585,19842.2,18904.9,21858.9,21008.4,22214.6,18554.5,16389,16076.1,17861.8,16470.6,19463.4,16158.8,19963.4,20839.8,16475.8,16287.5,17240.5,20264,20434.7,16823.1,17822.7,17890.9,15870.4,15040.1,20895.3,15308.2,16823,21551.7,19134.9,21211.7,15670.6,16724.7,16788.5,15568.9,15908.4,21161.6,18523.2,20183.6,19013.8,18163.3,19625.5,17671.4,20244.8,20367.4,19252.3,19492.6,20419.9,16250.5,18641.1,22163.8,21108.2,22511.1,18068,18634.3,19136.6,18740.4,20080.3,16868.2,16123.8,17581.4,16982.7,19787.4,21119.2,16872.6,20461.7,15944.7,16924.3,21251.6,21349.2,16415.2,21950.7,19977.3,21384.3,20083.6,16237.3,21672.2,21558.6,18549.8,20304.5,19322.5,19237.2,20342.5,21841.9,16205.8,16461.6,15916.7,16939,17387,19232,20437.9,22642.9,22350.1,20159.1,17126.9,19182.2,18825.8,21554.8,22542.2,21744.7,16870.6,17691.2,16695.7,22929.2,23021,21802.1,18542.2,22194.6,22465.1,19999,18981.1,22528.4,21632,19116.1,21092.9,18026.6,18036.1,17210.6,17894.9,21894.7,18600.3,17881.2,19349.1,19072.1,20369.5,18934.4,17457.1,22371.3,18654.8,18401.2,20639.6,22735.4,23659.2,22792.9,20342.6,19631.1,17509.6,18894.9,20445.3,18397.5,17781.8,22941.7,17235.8,17415.4,20805.7,16699.8,17574.5,20007,19782.7,18842.3,22181,23118.6,17043,22536.1,21160,21171,18704.2,21347.6,16456.5,22475.4,20109.1,21063.1,16987,16486.2,18664.4,22284.6,18738,18470.2,21001.2,22185.7,19869.1,18493.7,20234.2,20992.3,21163.2,16298,19421.3,17715.9,20836.5,16961.2,15647.3,19900.8,20660,18085.1,20305,20815.4,20924.7,17785.2,17385.5,16841.1,17968.6,22273.3,18157.8,19072.3,19005.4,19020.3,22065.2,16861.7,15848.5,18114.6,20875.4,18818.8,19306.4,21577.1,22370.9,22318.2,16333.7,18754.9,21128.3,18053.7,18450.3,16842,16533.2,16492.8,17795.5,21167.4,22531.8,21976.2,16328.8,19563.1,17108.5,21155.8,20275.6,18518.7,19441.8,16861.5,19832.9,17439.2,17466,18276.4,19285.1,17911.3,18915,16706.9,22569.5,21263.5,17187.5,19739.5,19540.8,17480.9,21621.8,18210.3,18082.3,18753.8,19784,17820.3,20148.3,20990.3,23818.5,18738.9,21546.9,24315.8,18491.5,19020.1,18628.3,24924,25081.8,21736,24413.2,18972.4,19142,22914.1,19014,21802.3,25045,20130.3,20584.6,24402.9,23485.2,22894.4,22197.6,23259.8,21207.1,21183,23173.8,22419.6,24739.1,23808.4,19472.2,18245,20838.8,23266.9,22919.3,21813.6,17946.4,18703.5,21862.7,21807.4,19213.3,23477.1,21126.9,19770.2,18592.7,20921.4,22832.3,20289,21906,21283.6,19850.5,23307.3,27364.3,27850.4,26926.1,34167.1
36529.4,31727.2,24048.9,21091.8,25495.4,19595.7,20305.1,18079.7,23336.6,23318.7,22471.5,20847.9,22200.3,22406.9,21485,20698.5,19400,21430.7,18128.5,18443.7,16874.2,16795.9,21119.7,17337.9,17864.1,20490.2,19801.5,20000.2,20943.1,21613.7,22935.9,19579.6,22605.5,19718.9,21756.5,18972.7,22812.4,22582.4,18111.1,21820.6,17901.1,17834.4,16796.7,18441.6,17477.6,16122.8,16611.6,16371.8,20058.2,21134.9,20555.2,21075.1,17149.7,18001.7,21021.9,17062.1,18231.8,18717.5,22029.8,21074.7,21789.9,19985.9,22344.9,21111.6,18548.5,20171.7,18703.6,17744.2,16339.4,20516,21679.4,17030,18285.8,22093.2,19568.2,20209.2,21551.4,21630.3,18894.4,21684.2,22232.8,21088.4,17323.2,18180.2,18243.7,16669.7,16817.1,19328.5,18710.5,21716.1,18698,20434.1,20384.3,16268.1,20082.6,19243.3,21586.2,21701.7,17428.9,18374.8,20947.5,20163.1,17212.2,20741,17035.3,19239.3,18489.7,18229.2,21527.1,18266.5,15052,18496.1,18948.4,16139,21791,17452.3,19616.6,19904.8,18545.9,19608.6,21989.1,17437.2,21490.5,17203.3,19443.4,20126.6,16214.5,18597.3,20027.4,16508.7,20352.6,17979.4,19918.8,20441,18535.8,20299.5,21861.4,21033.2,20934.1,20410.8,16280.8,16915.1,21690.7,16499.6,19561.1,19854.1,19407.1,17428.7,19005.2,17292,16036,17228.5,20452.9,18576.5,17212.3,21710.5,20868.6,16034.8,21520.1,16199.5,16095.9,19778.9,21538.1,19328.1,21034.1,17270.9,21029.3,22111.3,17608,21751,22054.3,21372.9,19296.6,16917,20557.9,21562.9,22330.2,20312,21274.2,22639,19228.4,22657.3,20489.1,17230.5,18798.3,18089.4,18066,17867.8,18779.3,22192.4,17653.3,20034.7,19117.6,16538.6,17082.3,21379.2,22574,16582.6,22156.9,17661.5,17638,22389.7,17872.8,22206.7,20876.7,21329.1,19011.5,22464.7,23575.1,20813.8,20244.3,21172.6,20736.4,17938,19236,18568.4,18950.6,21896,17411.5,18897.5,18461.4,19902.3,20191.4,20466.1,22151.2,19991.3,18188.1,22582.5,18269.5,16761.5,20139.4,22401.4,16649.2,22459,19195.4,19649.8,22549.3,21076.8,20202.5,20014.8,20287.6,20944.2,22256.7,21623.2,16671.6,22595.4,21348.8,18584.1,22339.9,22678.9,22091,18191.8,18498.7,21988.3,22659.8,17031,16702.6,21950.1,18789.9,18176.2,16512.1,18736.1,18264.7,21708.7,21733.6,16454.5,22894.5,21036.8,18500.4,22091.5,16774.3,21012.3,17684.1,22026.2,18497,18893.1,16769.2,22565,18875.3,22631.4,16879.9,16320.7,18274.3,19502.5,16492.2,15964.1,17441.8,22315.3,20839.6,18858.2,16737.5,18881.8,20831.5,20684.6,20651.2,17450.3,20270,16500.7,16236.4,20205,20276.5,17427.6,22500.6,21107.4,17960.8,20076.6,19739.7,21981.8,18587,21278.1,17318.7,20926.4,20235.8,19504.9,19901.6,18995.6,18195.7,22877.3,23521.8,20131,22866.6,23893.9,22762.4,23614.8,19842.3,24204.1,23112.3,18576.8,24191.4,21705.6,21532.5,18335,19931,23907.2,21091.1,25066.3,21844.9,21498.7,20246.6,21004.2,23842.5,23663,24130.6,22888.9,23790.5,19078.9,18635.3,19315.5,24848.3,21443.2,23453,19286.6,20572.9,19986.2,18644.6,21363.8,20761.7,19798.4,22569.1,20833,21512.4,22686,22089,18091.9,22916,22855.2,24214,24215.4,22292,22892.1,24084.1,19942.9,20857.1,22784.9,23421.4,21457.7,20522,23105,24435.8,22806.8,22247.1,23951.3,28097.5,33472.8
36959.2,31525.9,25454.2,25042.8,22996.2,21832,23462.3,23713.3,18002.7,17632.7,23571.8,18815.3,19301.2,19450.1,21221.7,21569,18378.4,18832.6,21039.1,17157.5,22136.5,18606.9,20607.6,17506.4,18693.8,20158.3,22689.4,17525.5,20278.8,17754,20501.4,19250.8,21011.1,18849.3,22289.6,17404.4,20743,18686.5,20081.5,20147.4,18080.5,20249.7,22349,16395.5,16546.7,18210.9,19849.8,17977.7,19093.1,19552,18124.9,16939.1,18765.1,16212.2,21776.2,17076.7,18217.5,19682.3,21252.9,16169.7,21145.1,20190.4,17582.5,22289.5,20613.1,16283.7,18741.1,18000.1,18976.4,20340,19080.8,17572.3,19087.6,18763,16289.6,19120.1,19774.4,19109.6,16657.5,18284.1,19245.8,16786.1,19971.4,21129.9,17393,18571.2,18505.8,18590.5,21545.7,21951.2,20088,18276.7,17135.1,16974.7,17253.9,15976,16802.2,17421.5,15171.1,20000.5,17958.9,20494.2,16941.5,16247.7,18893.4,15809.4,21083.9,19636.3,16505.6,19910.8,17551,15435.6,20621.9,19584.3,18186.2,20392.4,15583.2,20449.3,19467.5,20713.3,22192.1,15930.5,17856.8,20439.7,18193.1,17445.6,20040.4,16430.6,22555.6,22878,21484.7,23075.2,17261.5,20049.3,18919.9,22237.3,16946,20969.8,16179.6,21042.6,17391.3,16623.5,18003.8,19391.2,19825.5,15622.8,17857.1,20257.2,17970.2,17173.5,17586.2,19238.4,20304.9,19478.1,17928.9,20404.2,16653.9,19746.7,19538.4,19229.1,22072.6,16538.3,16446.3,17766.7,17005.3,16029.8,15898.1,18909.3,21584.1,21886.1,18140.8,17027.3,18899,18022.4,19200.9,18907.2,20940.9,19549.3,23251.2,23239.9,21417.3,18501.7,21370.2,17014.7,18632,21254.6,17413.2,20813.5,20183.3,20015.9,17656,18904.2,19950.6,19128.1,19059.8,17294,17851.6,22128.7,20880.5,16840.5,17419.2,19186.4,20613.3,17833.7,16886.9,20521.6,17110.1,20707.3,21078.2,21817.4,22655.4,19809.4,19344.4,22388.7,19708.9,21720.8,22991.5,19898.9,23436.8,17153.2,20816.6,19925.9,19478.8,19370.9,22188,18038.2,21592.4,17585.2,23030,17814.9,22459.1,18906.3,22016.9,20713.6,19305.9,20848.2,16500.6,16388.7,21005.4,18805.7,19121.8,19508.4,21663.9,22645.2,22177.5,22695.2,21982.6,21790.5,22737.7,18094.8,19994.2,22619.8,19418.5,17262.4,19659.8,21567.2,21894.8,16996,17110.1,20883.8,20677.4,20273.2,15795.7,16321,22349.6,22290.7,21455.7,17899.4,17562.3,20536,16939,16857.4,21231.1,17246,18986.3,22185.8,20234.5,19260.8,20620.1,19874.6,20438.4,18722.4,21885.4,16346.5,19049.9,21373.9,17532.6,15964.7,21137,19654.4,16337.8,20278.5,19628.7,20406.4,16243.7,21700.4,17808.8,17689.1,16558.7,22095.5,20634.8,19791.2,17108.3,22614.2,22629.7,18521.1,17670.7,20587,20239.1,21620.8,17508.6,22202.8,20212.8,20246.8,20510.6,19152.4,22804.2,20870.8,22515.9,21343.8,19770.4,20256.3,19691.2,18996.9,21140.1,18599.4,17902.2,19775.5,20222.5,18832.8,19238.9,19135.3,23498.7,21801.7,18063.9,22252.3,24735.1,23249.9,21952.9,21444.9,23881.6,25046.5,19544.3,23586,22999.3,24531.9,20659,24097.2,22963.5,19652.7,19916.1,19249,24190.2,24557.2,22867.1,20566.9,20608,19518.9,23920.2,24575.5,20120,21070.6,24414,22261.6,21053.1,22350.5,20663.8,23192,20577.3,23139.7,21269.5,20180.9,24909.3,24524.2,19536.6,21535.6,23355.3,21033.5,20061.7,21178.4,20992.4,28203.7,31975,35564.3
35371.6,27629.5,28185.4,25407.3,23049.4,19476.3,22001.8,18516.6,17471.8,19994.1,17572.6,17048.7,20773.1,20275.1,18224.3,18463.9,17101.4,20230.3,17763.8,21336,18516.4,20343.5,21045.8,18083.7,22457.1,19716.3,21119.4,20904.1,18138.2,20719.9,16956.7,22993.6,18212.8,18863.7,19191.6,17457,20203.4,22648.2,21570.2,20246.8,16342.3,21678.3,18745.1,17585.3,21484,19827.2,18630.5,18855.5,21305.8,16223.1,21476.1,20341,20120.4,22527.7,20821.8,19100.2,16997.4,19967.5,19851.4,16252.5,17445.3,20130.9,19138.4,17019.3,17998.7,18298.3,18867.4,19812.1,20551.8,19695.7,20548.5,16949,17246.6,22531.4,17615.3,20593.5,22084.8,18130.6,20182.8,19024.7,17802.8,17783.2,17679.5,21218.7,19650.1,17338,16048.7,18472.4,21357.5,19165,17998.7,17142.8,22234.9,19368,21138.6,22283.3,22319.6,16586,17802.2,18160.9,16788.4,15375.5,21068,17559.9,15256.8,21314.7,18335.4,17580.3,18325,20128,19826.2,16226.1,16850.7,20201.9,16056.8,21248.5,18590.2,17091.1,19978.7,21350.7,20331.7,17790.4,19431.6,22445.7,17449.6,19974.7,21947.8,17129.8,21694.5,21936.8,19703.2,17452.7,22788.1,18294.4,20149.3,17922.7,19992.6,18302.7,17992.1,19725.4,16884.2,21290.8,21165.9,22042.9,19850,18231.3,18012.4,21294.8,19273.6,17196.4,16435.9,17000,20973.8,22170.6,15702,18355.1,21629.7,18166.7,18256.2,18018,16182.6,18426.1,21138.4,19690.8,22098.9,17154.9,16600.2,21629,18928.7,19934.9,17200.4,19885.2,17764.3,21624.2,23223.8,22604.7,19056.3,22985.8,18063.4,20512,17951.9,21565,19185.4,17345.7,17635.4,17535.3,19985.9,19031.9,19711.7,22353.2,21680.5,18461.2,18982.8,22070.9,19401.8,22585,21389,19451.7,21306.8,22057.8,22404.9,22397.8,19252.2,22541.3,21983.2,21787.1,22385.7,16712.1,17861.1,20859.9,22784.6,20554.9,23214.5,20627.9,20884.3,22584.8,17958.5,18245.8,17532.4,17560.4,17579.4,19739.5,16914.9,22057.6,17336.1,20786.8,21778.9,17531.5,19701.1,22442.8,18135.8,21214.1,17991.2,17144.9,19864.3,16556.6,18743.4,22576.1,21322.3,16694.1,17820.2,22076.2,17658,21723.8,21682,17170.5,20684.3,19653.8,17662.8,18136.3,21488.6,18188.8,21028.4,17766.1,20238.8,19100.7,17561.4,19329.9,17855.3,16260.6,21716.1,17269.1,18442.5,20679.3,20783.3,20885.3,19396.9,17241.5,16831.9,23119.8,22293.2,21725,17179.1,17260.5,21393.4,21407.5,19129.7,19564.4,22013.2,16161.6,20213.8,19028.1,22061.5,19683.4,16586.5,20940.8,20154,20744.4,17875,16991,21269.6,16853.6,21041.9,22731.6,21507.1,16968.5,20153.4,21661.5,18803.4,16325.5,15893.3,21878.4,19353.1,18082.1,16613.2,18760.2,21538.9,19073.5,20258,20050.2,20670.4,22882.1,20648.7,17159.7,20096.8,22890.4,22915.1,20710.5,19870.2,20419.5,20258,17970.9,23387.9,20380.7,24154.2,23476,18975.3,22659.9,19172.6,24465,24124.8,22647.9,18192.9,20905,24248.3,22927.2,20720.3,24785,21389.8,21924.6,24380.9,23141.8,19858.5,19479.7,23377,23139.5,22671.6,22355.5,20049.6,22640.8,24922.6,21624.9,19427,19715.4,21446.5,21768.2,22162.8,20829.8,23906.5,21676.4,21552.9,20867.5,23957.2,19029.3,19891.4,19825.1,21103.1,21003.9,18909.6,24727.9,20279.2,19197.2,19139,21700.1,22233.7,20509.5,20685.1,21327.5,19995.6,24194.8,23060.3,27832.7,32105.4,36216.7
31408.2,28005.3,23991.2,24295.9,25371.3,19070.1,21800.6,21966.7,20694.4,22996.2,19001.5,20635.7,18759.1,20396.1,20583.7,18052,22986.3,21179.7,19766.9,19727.2,16906.4,19802.8,18904.5,20808.7,17845.7,19747.8,17122.5,17313.2,18716.8,19880.3,19149.7,22697.4,20803.3,20391.5,20057.6,20054.8,20024.3,21676.6,17955.3,21304.2,22304.3,19188.5,19762.5,20434.3,16353.3,17065.4,18522.8,18446.1,18790.3,19237.4,20926.2,20894,18735.3,21886.8,17207,16207,17136.9,22250,17453.8,19428.2,22197.6,22169.3,21400.7,19895,20419.7,21416.4,17257.9,21454.6,19478.3,16712.2,20079.8,17110.8,20362.7,21993.9,18766.7,16688,16256.3,22569.4,19921.1,20124.5,20469.4,21395.7,16527.5,22558.3,18438.3,17244.8,20997.6,21943.2,19889.6,16634.8,19726.3,16107.1,19270.2,18007.8,21191.9,20404.3,22307.2,15785.1,21905.8,15376.9,17070.4,21789.5,21673.5,18992.5,15428,21134.5,20375.7,15975.4,20252.6,15711.6,21014.3,21252,20626.6,16958.6,19865.6,20355.3,18651.3,21790.8,16294.8,18670.7,19039.7,20358.5,16969.6,17524,19574.2,20288.9,18684.2,18407.3,22964.2,19991.5,17214.2,17272.3,20824.7,22758.8,20243.4,22554.4,20307.7,21688.1,15871.4,17655.7,16021.1,18307.2,21942.1,20717.9,17157.6,18491.2,18540.4,21928.9,19081.2,22130.8,21459.8,19692.5,17147.7,22006.4,18259.4,18279.9,17675.3,18833.7,18640.2,16268.4,19809.5,16742.1,18585.7,16918.8,19859.3,20678.2,16906.7,21723.6,19527.5,19660.9,19112.8,17390.9,22004.1,22368.1,20797.8,20971.8,22785.6,20394.6,19680.9,17634.5,21196.1,20044.8,16814.3,19053.1,22935.3,17152.8,19379.3,18381.2,22629.1,21930.3,21206.7,20641.3,21708.6,16693.3,18697.9,22260,21138.8,17194.4,19271,18228.9,18520.4,18530.8,18306.1,19782.8,22766.8,21274.1,17201.7,21413.5,19958.6,18828.1,21468.5,23028.3,22884.7,18871.8,19410.5,20807.8,17864.1,19502.5,20650.6,17528.2,18611.4,21240.9,22664,18041.3,18912,21185.1,18676.2,21811.7,22251.2,22998.1,20567.2,21569,19722.7,22344.9,20753.1,18607.7,21975.7,19618.5,18577.4,19483,21197.2,20961.8,22896.4,19707.9,19085.2,16769.9,17420.4,16963.5,19505,17477.8,21534.5,22944.3,18655.2,17749.8,18380.2,18679.4,22502.2,20639.7,21292.7,20854.1,19833.7,19106.6,18999.2,20404.4,20688.5,21455.7,18109,20102,20114.6,22441.5,19613.9,20199.5,17109.8,22045.8,21595,17414.3,18699.9,20896.4,19272.8,22625.9,20241.8,16689.3,22192.5,16597.1,17862.6,20759.3,18449,21352.3,16534.3,17179.4,16336.1,17998.3,17478.2,17540.8,21743,19008.2,20888.7,17492.9,17628.7,21800.7,16574.6,18685.9,17949.9,18599.2,16220.4,17111.5,16130.5,16901.5,20902.8,22539.4,21874.5,19472.3,16517,17332.5,18449.5,19952.2,19282.9,19123.1,21965.7,21141.4,18171.1,19808.4,17308.4,21866.6,23829.9,19225.1,21633.2,24484.9,20987.9,24219.5,24054.4,19110.2,23048.7,22059.5,22201.8,22812.8,23515.9,19445.1,18509,19374.6,22526.8,24986.5,24253.7,24778.6,19882.6,23052.3,22852.7,21052.5,18926.3,23259.7,24524.2,18893.7,24527.4,23628.6,22552.3,21232,21028.7,21935.3,21123.2,20620.2,18442.4,22303,18224.3,18835.2,19692.8,18954.8,22656.5,21484.1,21840.3,25081.2,23467.9,22301.9,24879.4,24418.6,24507.5,21040.1,21262.4,20884.9,20438.4,23199.1,24792.6,27059.5,31978.6,32110.8
37242.3,28904.3,24801.1,25948.8,24736.7,18590.2,23578.3,22998,18964.6,21717.9,21723.2,21966.8,19392.1,19894.3,22928.8,17348.6,21257.3,17678.8,17053,19636.5,21887.2,20663.9,21828.7,20726.9,22115.8,16933.2,19190.8,18868.1,17782.4,17157.4,21974.3,16954.8,21212.9,22399.8,21156.1,18277.6,16904.8,18001.9,19411,18241,21800.2,17588.1,17047.5,17905.4,16961.4,20689.3,18287.5,20798.4,19963.7,18715.3,20550.4,21443.4,21104.2,22028.4,20131.9,19290.1,16334.3,18218.4,17277.2,19224,16476.4,20744.9,19835.4,16567.1,16697.9,15914.1,21932.4,19573.1,17729.7,18663.9,19715.1,16171.7,22620.1,18443.7,20956,16936.8,19219.4,19048.4,20888.3,16513.5,16698.8,20053.5,17812,16678.7,17899,17294.2,21181.5,21042.1,17910.1,22717.2,22277.6,21673.6,20435.8,17107.3,16310.3,21630.6,19257.9,16238.2,21438.3,18345.8,21279.1,17483.9,19529.8,18474,20167.1,19530.5,20104.5,20047.8,18830.3,18529.7,19047.2,18513.6,15895.9,17645.4,17839.5,20534.3,16140.3,17950.9,16797.8,19114.9,18018.7,20715.4,20783.4,22247.6,16635.2,18885.9,22561.1,22832.8,22344.5,18650.3,20770.2,18451.5,23108.7,21679.6,20217.9,20691.7,20642.1,16316.2,16272.6,20347.2,21267.1,18765.9,20218.3,17656.5,19325.8,21533.4,20490.6,21069.2,19326.8,15730.3,21485.4,19562.4,21432.9,20434.4,20154,17966.5,20918.9,20756.5,18532.9,16465.4,18941.1,17808.9,18553.6,17845.6,15828.4,22214.8,17305.4,17870.6,19665.2,21343.9,20681.4,18043,21443.1,22171.4,17606.6,23412.7,18269,18800,18967,18741.5,21819.1,18762.4,21204.5,21624.3,19720.3,17190.1,17040.2,22681.2,19010.1,20839.5,22234.9,20088.5,20742.2,21400.3,16726.8,21556.2,20569.8,16833.5,16645.4,18137,20929.7,16660.7,18585.8,19400.3,21442.4,21607.6,22635.5,20382.9,21820.3,20712,17983.4,20657.8,21594.5,22760.9,17752.3,23246.7,19259.8,20492.5,20101.2,19067.7,17283.2,22771,22091.7,21589.1,18043.8,17388.5,19346.1,20629.1,22747.9,23316.3,16476.4,17959.4,21108.6,17923.5,18991.2,18318.1,17194.2,21001.7,17139.2,21009,21270.1,22897.7,22079.1,16511.8,18878.9,16557.6,17145.3,16511.6,22570.4,19314.1,22704.4,20588,22426.3,18946.9,19287.3,17187.7,17066,18970.2,21092.3,21139.6,17542.8,21543.2,21901.4,16829.3,20614.1,20290.1,21774,19287.8,21523.2,21729.8,16460.4,16423.8,22866.6,19493.4,19406.5,18450,18519.9,19236.6,20969.3,22146.5,17064.3,21983.2,21373.4,16656.1,21667.5,17761.3,16064.7,21112.4,22425.9,21831.3,17001.9,18469.5,18490,20707.9,19518.2,18839.4,21498.1,21773.3,18089.3,19568.2,17737.3,20465.2,21306.5,17267.5,22190.3,19765.7,16472.2,22467.4,17133.8,22203.9,19105.4,22082.4,19481.2,20223.3,23246.4,23314.4,22895.3,17497.7,23239.8,19796.3,21894.1,19125.7,19802,18864.6,17799.4,20591.4,21652.1,20678.3,18869.2,22897.1,22116.6,19978.3,23244.1,20174.9,19798.5,20800.6,22857.8,21163.6,22778.4,20596.9,20618.4,22980.6,22691.7,24981.3,21746.9,24702.2,20394.7,23586.8,23801.7,23638.4,20410.3,21866.9,24058.8,23670,20080.6,19983,24488.1,19842.7,23042.2,18420.7,20356.2,24398.4,22403.3,18500.3,19983.9,19123.4,20200.5,20216,19799.1,22436,20024.5,23850.1,23610.3,21966.2,19628.5,19521.6,23968.9,21062.6,24233.8,25832.5,22462.7,28298.8,29571,35252.8
31531,28464.1,25864.8,24078.9,24238.3,23943.4,23598.8,19435.2,17815.8,17500.3,19090.7,22402.7,20384.4,20017.5,17905.5,20193.4,19169.2,21765.4,20257.7,23642.5,20868.7,21971.6,23117.5,19315.6,20019.2,20210.7,22064.5,21703.4,22667.4,21437.3,19732,21909,21874.7,16944.7,20591,22567.9,19376.9,18935.5,21088.7,18139.5,21874.4,18473.3,20776,22436.1,19522.8,21550.8,17450.1,16167.7,18384.8,16712.6,18173.6,20101.8,17936.6,16362.7,22026.7,18337.1,21271.8,17139.3,15974,18451.2,18141.5,20415.9,17234.8,21616.5,16444.3,18736.9,20713,19532.6,16666.3,18986.6,18994.8,18019.4,19008.5,20742.9,19336.5,22418.6,21413,17436.4,20672.5,17324.8,19812,16765.2,19861.8,21119.1,21065.1,19563.7,20670.4,17303.9,20693.8,16084.2,18164,16097.5,20311.5,20295.2,21432,20435.5,16489.8,20804.3,19223.5,17380.9,18123,21722.6,15407.9,17006.4,20279.8,21334.2,19968.9,16717.9,21126.9,17650.5,15893.3,17622.5,15519.4,19727.1,17342.3,19356.9,21180,18314.9,17534.9,20775.1,15971,20240.1,21634.4,16214.6,21009.5,20195.6,20027.4,20675.7,20440.5,21866.3,20872.2,22184.3,17959.2,18345.5,18983,18225.6,17820.5,20935.8,18405.8,16350.7,16581,15951.3,17895.7,17990.9,18958.9,20918.3,19451.2,16807.8,16349.2,20253.2,21813.9,22202.3,17363.8,21853.9,18120.6,16246.4,17732.8,20469.9,19083.1,18086.1,19038.8,16678.2,18178,17285.3,17532.3,21176.3,19692.5,20218.1,21604.8,19785.6,20975.6,19063.6,20052.5,20507.7,21111.7,19445,17512.9,18539.5,22764.3,17509,17641.8,21605.1,19601.6,22399.9,21386.2,21962.3,22285.9,18164.3,18616.3,18137.4,16941.8,17032.7,19957.2,20568.6,19476.9,18366.6,22980.1,18006.3,17537.8,18120,19094.8,20143.5,21759.8,19317.7,21220.6,18534.8,21710,19323.1,21017.9,18908,17041.7,21896.9,17093.5,17231.6,22747.7,20743.8,22748.3,23051.7,18265.7,20421.1,17644.4,21570.2,17802.9,19637.6,20385.4,20587.9,20850.9,21037.1,21117.3,17753.5,18767,20662.9,17483.1,19541,19376.2,21588.7,16644,21945.4,20576,19264.1,16243,21007.1,20470.4,20602,19066,17490.2,21959.6,21462.4,22337.3,20625.2,22921.9,22430.1,22198.5,17754.1,21368.7,16840.2,18720.2,21605.4,18085.6,17972,16836.7,16398,18076.6,19397,21628.4,21602.3,18623.5,20727.7,21624.7,20219.4,21583.7,19237,21881.7,20556.9,17487.2,18910.6,16679,21814,16736,18504.9,20147.2,22048.2,18428.8,20237.7,16873.1,16152.4,17557,18116.4,16533.1,21253.7,22004.8,19012,20876.8,18949.2,16389.3,21046.2,20905.4,18742,20476.7,20450.2,18160.9,20796.4,22678.6,22313.8,17473.2,17090.4,20780.2,20566.6,17601.6,21689.5,18228.2,18669.2,17652.2,17059.3,18534.6,18698.6,21708.2,23325.4,22036.3,17612.3,21993,17876.4,23101.5,18509.1,22757.3,22138.2,24330.4,19187.9,18416.9,21285.5,20890.4,24413.5,21659.9,20808.9,24314.6,21341.8,18579.9,21278.8,18828.1,24612.6,18736.8,21876.6,23409.3,24070.7,22185.4,20702.6,20092.3,18753.3,24919.4,24876.9,21773.8,23984.8,25171.9,19778.4,23331.4,24800.1,20058.4,20337.2,18921.2,23124.8,21790.9,23466.5,20247.4,22171.6,22173.1,22673.9,23985.2,24855.7,22351.9,20017.6,23593.8,22925.1,23275.4,18878.6,20115.6,21948.1,18849.5,23113.8,21638.9,23149.8,25222.8,26396.3,28585.6,35176.4
31395.4,26331.1,28137.3,24849.5,21148.6,22165.1,20801.5,19970.3,18881.1,17984.2,19895.8,17501,18340.7,18902.5,20651,20171.8,18863.7,18468.9,19946,20818.6,22115.6,22586.2,17680.3,22110.2,18665.6,21422.6,21143.8,21074.1,19205.3,22848.5,21441.3,17481.6,22855.5,22332.1,22621.2,22746.8,22640.3,21808.8,19575.8,22430.4,21205.6,16049.7,19014.8,21965.8,22003.2,17125.5,21738,16955.6,18502.3,18979.1,22171.9,18005.3,19945,17400.2,19998.2,18778.9,21850.3,20838.1,20518,16722.3,21564.8,21202.3,19391.8,22114,17565.8,20446.4,21094.8,20121.7,22296.1,16160.1,18346.8,16507.4,18923.3,19397.2,19566.1,18610.4,21657.1,20912.4,18536.8,20451.3,17793.3,22377,16397.2,22475.9,19071,22623.8,16909.8,21845.4,18578.1,21733.5,19737.3,20428.9,18196.3,21804.6,16918.4,22262.9,20726.2,18951.1,20753.9,21426.9,16152,21173.5,19586.5,18953.7,19808.6,16172,17528.4,17171.2,19798.5,21321.9,20880.4,19672.7,19541.2,21567.5,19461.6,16465.9,17264.1,16209.6,21690.1,20912.5,20462.4,19518.2,17904,17594.8,21473.1,16463.7,18708.4,21303.7,17343.5,22111.5,20389.2,17841.7,18522.9,17683.7,22654.5,22474.3,16083.9,21821.8,20180.5,16450.1,19149.9,18976.6,20392.1,17378.8,20356.8,16521.5,18087.8,18903.6,16046.1,18394.7,17001.9,18705.6,17711.6,18468.1,20082.3,16197.5,21672.9,22305.6,16775.3,18718.8,22052.6,17599.6,20304.8,21065.5,22374.9,18690.9,16819.5,19131.7,18915.3,22608.1,17815.7,22894.6,20048.4,17559.9,17974.2,19724.1,22329.8,17639.4,20464.5,17410.1,20767.1,17380.5,22902.4,23185.5,20778.5,18464.4,22743.6,20416.4,21963.7,21853.6,17630.4,20911.9,19651.3,16583.2,17278.2,19074.8,17623.5,21244.8,21642.8,21239.8,19690.9,21977.6,18630.2,20520.2,16798.7,18290.1,17620,16344.5,20114.5,17989.6,19261.9,20322.5,22683.8,18783.8,22248.4,22349.7,18576.6,18273.4,21714.1,22633.1,19623.4,16914.8,17234.7,22873.3,18047.8,20948.9,20658.3,19955.9,22900.6,19323.7,19577.6,18489,17388.7,21909.4,21608.8,21513.7,17295.7,22021.2,21418.7,21591.1,21282.5,21532.3,20354.2,22362.2,16238,18226,18347.3,20896.1,16480.8,21637.9,17335.9,22164.8,21200.6,22364.5,17089.2,22641.6,16715.9,16940.5,16460.8,20031.6,20593.6,18812.5,19404,16526.9,18454.6,22314.8,18346.2,17192.8,20624.7,22328.1,20570.3,22635.9,17489.3,17114.2,21541.4,20116.1,21057.2,20815.1,21291.6,19335.9,17430.6,22689.6,17994.2,20173.5,22003.7,17738.3,21108.3,22018.3,17599.2,19706.6,17513.3,20817.9,19316.5,20513.9,16188.1,17124.1,17886.8,16626.9,20584.3,20277.4,18388.2,19386.7,19480.3,17341.2,19315.2,21389.7,18103.5,18390,21845.3,19037.4,20399.9,17660.4,22415.3,22557.7,22654.7,21323,21114.4,20637.7,21045.8,19639.7,20778.3,22490.5,18501,19671.7,24055.2,18962.8,20222.7,23836.5,18797.8,23447.7,21827.8,18835.1,19748.1,22592.2,24481.1,21152.1,21469.9,23438.9,19449.5,24834.8,20609.5,23857.2,18624.1,21567.6,25361.5,22329.2,18900.4,22087.2,20467,21144.9,21565.7,23989.6,21657.9,22158.5,19825.1,19851.8,18570.8,19802.5,23456.1,22990,21254.5,22046.3,19612.2,22426.4,22447,23897.8,22574.7,21567.2,19510.6,20096.5,20472.6,22702.6,22685.2,18991.8,23506.1,23401.1,24463.3,22019.9,23319.3,25861.4,25883.9,24481,27527.3,31948.3
31696.8,30792.1,28576.4,23282.1,21586.2,20276.8,21365.2,19236.3,23804.8,18135,19685.8,17719.9,22207.1,21385.4,17765.4,17996.6,19884,23470.5,18153.1,17536.1,19019.9,17199.1,21061.2,19028.6,17475.3,16830.8,21510.5,22801.6,20059.3,21683.9,17047.5,18416.6,18659.7,21910.2,19905.8,19916.2,21615.7,22707,22026.2,21867.3,17907.4,20678.8,21647.9,19353.5,18027,21566.2,21191.6,21155.1,21907.9,20054.2,16481,20081.9,17136.4,19432.1,16656.2,22040.5,18143,19279.5,19205.7,19243.6,21923.4,21067,17679.8,16304.4,17542.7,17046.2,21881,18623.3,20054.9,21985.9,19140,16340.9,19143.9,17112.7,18819.4,16686.9,21287.5,21838.7,16842.9,16560.8,18483.8,17049.7,19253.7,22392.5,22042.2,19511,21215.5,20806.6,20807.1,21802.1,22157.5,20651,19362.1,17967.1,20708.2,16840.4,18235.9,19545.2,17602.3,19816.5,19123.5,20904.7,16179.3,18918.8,15157.5,16583.3,21063.9,16538.1,15552.4,16468.3,20220.1,18967.5,19611.3,18805.4,21976.1,20820.7,16355.4,21159.3,17301.3,17291.1,21502.8,22097.8,16461.6,18393.9,18681.5,18151,19388.1,20089.9,18072.4,20997.3,19220.4,19870.7,18321.7,22919.9,17494,16853.9,19744.2,16434,16578.1,15816.2,21148.8,19623.8,19630.9,17467.7,20248,19951.1,19167,18680.8,21932.2,16956.7,21608.7,17094.3,17153.5,19085.2,15641.2,19053.2,22309.7,16666.4,20045.5,21166.6,19498.8,22368.5,21726.6,21456.8,17904.4,17877.7,18616.5,16321.7,21074.6,18277.3,21370.9,21983.9,19314.4,20987.3,23267.3,20513.1,19331.9,19260.2,21818.7,20750.9,23294.6,19252.5,21836.2,22511.2,17383.2,18908.7,17970,17289.2,21916.8,22017.8,21319.7,20153.3,22351.3,21234.8,22425.6,22287.4,20101.4,19604,18705.7,17877.4,21547.5,18495.8,18796,21624.3,22874.8,17790.5,19344.6,19736.7,18173.3,19885.2,21691.3,22515.2,19976.6,17907.2,22578.5,20072,18051,22069.5,19733.8,19914,17234.3,22836.4,22208.7,22871.8,22608.9,20136.6,18349.7,22767,22678.5,22411.7,18764.3,19369.2,22231.5,22028.1,19096.4,18881.7,17200.9,22095.5,21395.7,18926.4,18029.9,20283.3,19152.4,18068.1,16661.9,16862.4,20269.3,17647.5,16814.5,21397.3,16817.8,20892.8,22561,20097.6,17774.3,22090.9,22763,22059.8,20425.9,16749.6,19236.9,18251.2,19037.1,22551,21139.7,18975.1,17071,21978.2,18392.7,20045,17783.7,20383.6,19628.7,21614.4,16600.6,20612.4,16963.9,21131.9,21340.4,21978.8,17880.8,16837.9,18197.8,21160.5,21172.6,18168.8,20623.3,18650.1,20196.8,18049.2,21070.2,21194.2,22221.1,18518.2,22289.5,21831.2,21070.3,21738.3,21014.3,16662.5,18148.9,16747,19333.1,18495.5,20660.7,16059.1,16790.6,16980.1,22138.6,20682.4,21788.4,20466.2,18746.4,17127,21679.5,23014,20975.4,22084,21902.1,23831,22141.4,21095.9,19896.2,18130.7,21530.5,22189.7,23874.6,22842,22955.1,18436.4,19627.6,20902.7,24154.1,18802.9,23114.1,23260.7,20742.9,19976.5,22366,20387.5,23280.4,19577.8,20666.4,22793.2,23491.5,23567.8,19619.9,24227.5,20423.2,19590.7,24416.6,21206.7,21772.1,21815.9,23330.4,21218.3,23881.9,21312.1,23185.3,24231.9,24026.3,21256.5,20295.8,20808.6,18686.3,18454.4,23391.9,19708.4,22755.8,22293.1,20824.1,20298.7,24368.7,20817.8,22409.9,19850.7,24380.5,22149.6,21366.4,22341.5,23087.4,26115.6,29694,37211.9
32743.3,30083.7,26619,26809.7,23106.2,23336.7,24089.5,22814.6,19345.7,20478.1,19591,22234.4,17482.5,22239.9,18153.8,19296.1,18045.7,20652.4,18758.3,17000.7,17274.2,22467.8,18767.6,19695.2,23124.7,17732.8,19789.2,22476.3,22925.7,21614.4,20945.5,19199.2,19709.6,18975.2,21085,17983.5,20368.9,21892.7,21348.2,18710.4,18216.6,19765.6,20156.3,20462.3,18748.8,19561,21545.3,18501.2,16978.4,16277.5,21120.6,22251.7,17847.4,17451.1,16416,21844.5,21039.1,17305.1,21221.2,19085,19794.5,17423.2,21062.1,21479.9,21620.3,17536.7,21301.2,20751.5,16778.4,20690.3,16412.8,19056.4,20595.4,20186.7,22179.7,17303.6,18999.1,20703.9,16559.6,22690.8,16320.6,16192.5,20833.9,20162.9,19304.4,18293.2,21974.8,21315.8,16752.2,17556,22301.7,16605.3,16761.4,22455.3,18739.4,17457.8,16425.5,21513.2,17910.2,17762,21067.1,21237.1,21738.4,19016.4,17592.7,17570.5,20559.3,21440.7,16209.2,17564.4,16205.4,16576.1,15468.8,17953.3,18013.9,15702.7,22260,20927.8,21953.2,16605.6,21607.6,16642,17757,16177,18062.8,19491.5,21974.6,19430.6,19016.3,16858.6,19778.7,21568.4,20787.6,20861.4,20274.5,19322.9,18147.6,19219.7,21114.9,18513,17619.9,21013.3,21849.7,21000.3,15927.8,18607.9,20232.3,16199.4,21900.1,22175.5,17031.6,20938.9,18038.5,21508.2,18018.5,16683.6,20164.4,19810.8,17938.4,16665.6,19147.4,17655.7,17262.1,16135.4,22165.2,16385.3,22165.7,17406.9,22586.9,21943.5,21446.7,18623.2,21897.6,17842.5,19192,22068.8,22925.8,20796.6,17167.8,18082.6,23062.9,17991,20206.2,21546.4,22166.7,20595.9,21082.8,19444.8,22721.3,21790.2,18114.3,22397.1,18268.8,22477.5,17790,19453.5,20197,20334.7,22232.8,21593.3,18062,20753.1,22237.9,22224.6,17900.6,21895.3,16819.6,21694.6,21630.9,20382.6,20694.7,20041.3,20568.3,19277.4,17290.5,22121.3,18488.5,22766.1,20144.5,18434,19055.7,19606.2,17379.8,17551,20492.9,16890.4,19064.4,22639.3,17783.1,19675.8,21609.8,22152.6,18917.8,21569.3,19324.8,20512,17815.2,20639.2,18578.4,22239.6,19451.5,21765.2,19346.2,20683.9,20409.7,20972.4,18347.2,18342.2,20078.1,21778.9,16988.7,19427.7,17193.7,22808.4,21321.4,20491.5,22095,16825.2,19091,22238.1,17387.1,21279.8,19255.1,19952.2,21920.5,20121.2,19618.3,17629.7,20273.6,17754.7,20200.2,22549.4,18840.9,19368.2,18648,22320.7,19147.4,22105,16079.4,22431.9,16442.2,18050,19762.3,19125.2,22327.4,21772,22567.9,19637.9,17497.3,21609.3,16616,22450.7,21140.7,22347.5,16989.5,22286.3,21610,22727.6,21180.9,20585.7,18979,16198.3,22359.1,19894.8,17052.2,20648.8,20080,17287.1,20696.2,22475.1,19598.3,22397.6,20852.3,21441.3,21834.5,18298.1,20198,22234.9,18386.9,23923.5,22811.3,21791.3,19744.9,19985.9,20861.7,19437.6,18228.3,23593,22412,20203.3,18829.9,24201.5,20390.2,19884.6,22923.2,19426.4,18804,18823.3,24502.8,22810,18634.4,19243,24212.7,19170.4,22538.6,19389.1,20925.5,19048.8,19353.9,24818,21362.4,20177.3,24555.6,20571.3,19363.3,24728.3,20694.9,22234,18644.8,24446.4,23876.2,19667,17994.5,22271.2,23255.4,22323.1,23127.7,21446.9,21920.7,22387.3,21691.8,21006.9,24505.2,22272.7,25735.9,25663.2,20363.2,23445.9,19939.1,21170.1,22000.4,25847.1,28083.5,33320
32080.6,31689.6,29215.7,25627.2,19630.2,21354.7,20446.7,23715.3,20060.6,21148.3,22161.4,18644.1,18970.6,20968.7,22500.9,19542.4,22600.9,17371.7,22019.3,21872.2,21533,20972.3,23155.1,19068.2,19867.4,18141.5,19740,17437.9,21392.7,18105,21183.1,17920.9,17886.8,20102.1,19970.3,17489.5,16738.1,17156.9,19878.7,18092.2,21026.7,16538.9,18096.6,16273.6,20973.9,19719,22096,19063.2,19714.3,19344.6,20012.5,18444.1,16766.8,18377.4,20579.3,18297.1,19725.9,20142.6,18618.1,20717.4,19497.7,18814.6,19673.3,17298.1,19593.4,22166.5,21348.2,17006.4,19682,17947.8,18203.3,19278,22050.9,16762.6,19508.7,18434.7,18019,21462.7,20373.6,20572.2,21982.9,18018.2,20721.1,17300.3,19358.1,22459.7,21153,17058.5,22075.6,21005,22153.3,20054.9,16611.6,22338.7,20499.2,21452.7,20445.3,18803.4,16741.9,21204.2,20112.7,21757,15232.4,18136.4,20905.5,16191.1,18898.5,16597,19646.2,16311.1,18582.4,19159.8,18451.7,17196.7,15643.2,16193.1,15564.6,17339,19532.7,16428.4,21674.4,18937.9,16577,22503.5,22220,21476,18724.3,22106.7,16667,17091,18513.8,20962.6,20850.9,21658.1,17590.2,18127.6,17625.6,18017.9,16998.7,18899.9,20385.9,15772,19501.7,18915,16716.9,17135.8,21161.9,19596.5,17335,18669,18707.5,21542.3,20857.7,17943,16771.1,17125.9,16332.9,16138.5,17923.5,20863.6,18780.2,16651.1,17042.5,15834.1,18771.3,19774.1,16007,17367.6,21376.3,22937.3,22974.5,17370.8,18923.1,23372.7,20655.1,21428.6,17936.2,22794.8,19055.8,19353.4,22348.7,19174.7,18710.3,23354.7,19892.7,19571.6,18232.3,22284.5,21915.4,22926.6,17210.8,17417.2,17533,17308.2,21782.9,19709.9,17760.1,19668.6,22805.6,17235.5,17307.2,19295.7,18421.2,21583.2,18294.5,21951.6,16343,19063,22422.2,17587.4,17682.7,22300.9,18939.9,17742.3,17555.1,22513.6,21908,20989.1,18542,20811.7,19661,20171.8,21688.7,19716.5,22117,18537,20340.9,23139.4,21757.2,17826.4,17428.2,20700.4,22257.8,21244.7,20083.3,20442.2,21854.6,18119.5,20276.5,20567.3,21067.8,18010.8,17633.3,22431.2,20287.2,16767.8,16869.2,21360.2,20535.6,22315.5,18825.4,17406.1,22892.7,19467.2,22015.7,20398.4,19528.1,17643.2,18726.7,17756.5,22264.4,21207.2,17026.3,21416.3,21198.8,21752.2,16621.2,17886.7,19263.3,23011.5,18266.7,21545,18630.8,19390.9,17655.7,22413.9,17080.2,19410.6,19911.9,18245.1,20333.3,16456.6,22049.7,20248.2,20099,21001.7,21094.8,20630.9,19846.7,21779.3,21236.8,20906.3,21181.1,21468,18158.5,18315.8,18950.6,21063,21981.8,16476.9,16269.3,22719,22228,21338.3,21059,21082,22620.6,19633.7,18120.2,22061.6,18841.5,21581.4,22905.1,16663,22102.7,22496.7,19121.9,23113.9,19145.6,17904,20752.4,23005.3,23487.8,18079.2,20608.4,19993.3,19041.3,18697.9,19210.4,18936.6,19265.4,21034.3,21362,19541.2,22721.2,19662.4,20143.1,24685.4,21660,21928.1,18995.7,20260.5,21841.7,23104.5,19592.1,22150.4,20539.5,21467.3,24337,19639.2,24262.4,19981.6,19750.8,20460.8,20483.7,23395.8,21707.3,22052.4,24288,24158.1,20632.3,19424.5,19716.4,20111.4,18188.3,18670.2,19696.5,23150.5,19844,22775.6,22683.5,19579.8,21003.7,23131.7,21491.9,19244.7,24987.7,21425.4,20062.2,19933.9,21465.9,26082.7,28657.8,35342
36608.8,26842.7,26564.5,22700.8,24854.2,22591.8,24766.7,20751,18661.7,22286.4,23336.3,17635.8,20838.7,18871,22275.5,18953.3,22741.9,18690.8,20961.3,19624.2,21075.7,20385.7,19025.7,22009.9,17643.4,19755.9,17554.2,17771.3,17107.4,17496.8,21137.6,22817,20112.2,21426,17120.8,19517.7,22857.2,17498.2,18926.8,21894.4,19839.3,19524.7,20716.7,20679.1,19368.3,19144.3,21116.6,20096.3,18000.6,17690.8,18353.4,21786.6,17456.7,16599.7,19589.9,21343.4,19468.5,18884.8,18118.7,20513,19584.6,21408.5,21197.1,16649.9,18283.7,19672.4,20049.8,21194.4,20191.8,18369.2,18902,21228.2,22193.7,19276.2,18553.6,21644.6,20328.2,19953.5,19463,20248.4,22675.7,16899.8,17090.6,17986.1,20496,17384.1,21690.2,22865,19737.4,17914.1,18172.5,18153.5,16853.2,20713.9,22310.3,22697.6,21363.8,16832.5,20786.2,18096.3,18956.1,21283.3,15606.4,18721.1,18506.7,18448.1,20813.1,18391.1,21271.1,17578.9,16915.1,19021.5,16889.9,20354.5,21658.1,17608.7,21462.9,18795.2,16475.8,20181.8,19480.6,18826.4,16321.9,20431.9,22357.2,20402.5,21020.6,20387.9,22816.9,21332,22980.3,20770.5,17290.9,17017.8,18215.4,20523.3,16530,19495.3,21764.4,21756.9,20887.7,16752.6,21395,19027,19934.8,16580.3,16235.7,19509.3,17755.3,17359.9,20488.7,21810.6,20617.9,21787.3,14548.8,19412.8,20653,16700.4,16484.9,19641.5,21406.5,17553.6,19635,20089.1,20696.3,17148,16541.3,18290.9,17184.4,22827.3,21587.2,23535.1,22239.1,20943.1,21117.8,17530.7,19249.8,18451.8,20373.8,17279.1,19198.9,21225.6,22424.7,18224.3,22199,22300,18683.4,17902,19519.5,20594.6,18729.1,21812.8,21097.9,18394.9,18908.6,16923.3,16535.2,17813.9,18657.4,19499.4,19338.1,20138.1,22846.1,21087.3,17720.8,19233.1,19535,17714.1,16867.3,19985,22808,20634.5,18529.2,22758.9,22517.8,21858.5,18069.2,19085.1,22616.6,20148,18576.7,17187.2,18590,21487.9,17783.1,18768.1,23169.8,21268.4,19746.3,17265.4,16814.7,18156.2,21097.8,22244.4,18437.8,18734.7,17407,21079.1,18707,22057.7,20787.3,20206.1,16786.5,22197,18842.3,20052.7,16561.1,17798.2,20368.5,18361.7,19053.7,16375.9,19621.9,17204.2,21455,17537.4,18843.8,18578.6,21908.4,16310.1,18510.4,20762,22170.3,19180.9,16349.1,21220.8,17046.2,16683.7,21799.8,22139.3,17955.2,22194.9,22798.4,22730.7,16381.9,18586,16988.1,17787.1,18071.5,16378.3,20682.4,20641.1,20466.6,17184.7,17925.9,19138.6,18200.9,22857.4,21887.4,17075.8,18651.1,19789.4,16725.8,21850.9,20040.4,20593.6,17655.5,16674.6,18262.1,20077.1,16021.3,16740,16582.4,17978.8,16655.3,21049.5,21262.9,21676.5,16064.7,20421.9,19744.9,17812.5,22341.9,22521.9,19036.1,22603.8,20148.5,17570.1,17604,18020.7,21970,23740.5,21942.7,20150.2,23574.3,24529.6,18524.4,24305.3,23998.5,23839.6,19598.1,21623.3,21345.4,19853.9,23775.8,23150.9,20254.3,22911.3,21240.2,19158.8,22126.2,23564,19239.5,21412.8,22562.4,20236.3,22373.9,25186.3,23626.2,20516.3,21943.3,21271.6,23366.2,20563.4,22757.2,23253.1,21418.8,19347.4,19417.4,21613.3,19186.7,23394.6,18562.6,21660.1,19080.9,18369.1,21024.9,23706.9,21323.7,19880.1,19139.6,19280,21040.8,22632.8,19282.8,24071.6,24627.1,20466.4,19641.9,20161.3,25792.6,26575.5,32081.5,34036.1
36168,26919.2,29012.2,26512.5,21621.6,21106.3,24317.1,21756.5,20675.7,17602.4,21150.5,22929.8,18213.5,21530.2,20846.9,22288.3,22852.7,18893,22112.6,19043.5,21266.6,21253.9,20090.4,22368.3,20938.4,22180,23012.1,22076.9,18254.4,20361.2,19950.8,17024.9,21366.8,18172.9,23125.4,22962.9,17939.4,19932.8,22215.9,19724,20877.8,22442.5,19981.4,16296.2,17765.5,16999.2,21314.4,17986.5,16938.2,18873.3,17352.9,17639.6,19044.8,17484.2,22514.8,16829.3,19578.5,19379.9,21328.5,20099.3,21015.6,22044.2,20261.7,18282.7,21755.9,19017.1,18227.9,20168,18691,16397.3,16324.1,19923.5,22807.3,18459.9,22143.1,16713.3,20631.3,17582.4,22177.9,16645.2,16200.4,18796.3,18492.8,21327.5,17602.8,19758.8,21092.3,17490.3,22223,18190.3,22023.1,20659.4,18737.1,21470.3,22038.5,16678.2,18688.7,16680.2,21388.3,20650.2,17798.9,21064.1,15915.9,17720.1,18039.8,21608.6,20326.1,17452.4,20787.2,15603.8,17836.1,18914,21987,21476.3,21007.1,20289.3,17280,16492.1,21850.8,21385.5,17900.2,19543.6,20190.1,20344.2,20149.3,22014,19946.2,20226.6,21150.5,20435,19461.9,16526.8,23145.7,17112.1,21456.4,19692.7,18260.1,20026.5,16073,19312.4,17784,20251.7,18130.5,17120.7,19268.6,18506.8,19562.4,19682.6,21984.9,18114.2,22202.9,20441.2,17916.9,21341.4,20134.7,16851.7,17848,19959.3,22125.1,17839.9,17794.2,18683.4,22328.4,20917,21887.9,17482.8,19757.8,21737.9,20035.7,22282.6,20724.8,21326.8,19413.9,17683.4,17412.4,20040.4,21623.8,18450,18446.1,18704.6,17753.5,19438.9,18657.6,18410.8,18512.7,18371,21519.7,20985.7,21286.2,18385.7,21455.9,21483,18445.2,17552.3,20148.1,20629.9,17368.7,16510,20655,18043,17143.2,19964.8,19134.1,21162.7,19813.1,22728.2,22763,18835.9,19573.2,18740.7,17676.9,19595,19445.9,20029,22708.7,17790,18595.6,20954.1,18965.2,19001.1,18421.5,21322.4,18149.4,22724,21656.7,22573.8,20849,23537.1,22826.9,21913.5,21518.2,21405.3,17768.9,21457.6,17788.6,16923.8,21864.5,17843,19960.3,16669.3,18676.1,19716.7,22583.7,20228,18603.4,19224.5,21766.3,22434.7,20021.1,18884.5,19998.4,21476.3,18154.6,21424.9,19706.5,17805.4,19399.5,21520.3,16293,19616.3,16308.7,19280.3,20039.1,21474.7,22709.9,22576.1,22295.7,22223.1,18578,21207.4,22778.9,19770,17666.7,16947.1,19800.3,18849.1,19149.9,20944.4,16726.4,19915.9,22683.5,21233,21762.1,20073.2,17524.2,17461.3,17128,19068,20462.6,19573.6,18824,17098.4,22169.2,20397,17201.5,18690.6,22110.5,17984.5,18064.5,17020.1,19817.6,19184.7,21301.7,19498.3,20194.8,19301.3,22165,19630.4,21216.5,22455.8,19912.4,17426.7,19067,20572.4,16629.4,19656.7,22238.3,20517,21600.6,20605.4,19261.1,22349.7,20721.8,22443.9,23478.7,20742.5,21770.4,24359.5,19137.6,24231.2,22978.5,19087.5,17978.7,21551.4,21788.8,22567.4,18539.2,18505.4,19806.4,20618.6,21684,18426.7,24610.6,19921.8,19569.2,24589.1,23531.3,20622.3,19715.1,23863.9,23490.5,20307.4,21690.5,22082.1,19889.9,21601.5,21165.9,24550.4,19901.3,23378.2,19588,19937.6,19166.3,22732.7,22396.7,24624.7,24116.1,19168.9,23529.1,22770,25282.9,20667.8,22509.6,20964.9,19489,23631,21255.3,20129,20247.2,21258.7,24428.6,29016.7,31106,31961.7
34675.1,29947.6,29378.3,21631.8,21001,21005.9,21367.4,19533.8,23137.5,22942.4,21333,20905.1,19969.8,21432.7,22591.3,17838.9,20891.2,23011.8,22694.2,21974.5,18393.5,19321.8,21123.2,18482,22976.3,19442.7,22335.8,17055,21616.7,20128.8,19738.6,22948.7,19583.1,21360.7,19156.9,17318.6,19995.7,22593.2,19773.8,20459.8,20163.6,20362.2,19825.6,16320.5,17220.3,22318.7,22163.3,17489.1,18229.8,20618.6,19777.3,22198,16855.4,19676.5,17205.4,21940.6,18960.1,19827.4,20694.2,16778.3,16529.3,16624.8,19301.7,18780.5,22090.6,18416.4,16874.6,19365.1,16773.6,16137.1,19353.1,22603.6,19143.4,19772.8,21877,22050.4,19208.9,18206.2,23088.5,21492.4,16710.4,20589.8,21515.8,18230.4,21141.8,18331.3,21004.2,20619.1,21021.6,22043.2,16668.8,21783.8,16669.2,17524,18110.4,16247.3,18500.2,20939.6,16090.4,21514.9,18267.2,17258.8,18485.8,15340.8,16173.2,19705.9,15617.2,18219.5,20377.6,19654.4,21292.8,19660.8,21322.3,19234.6,17389.5,20088.2,16229.5,20076,18034.1,16397.7,18216.5,17935.3,16294.2,17752.3,19544.5,18648.7,21493.8,20793.7,18357.1,16600.2,21899.7,19858.1,19119.4,16979.6,20571,22519,18599.4,16468,20770,21186.5,16409.3,19268.9,18131.8,20731.8,16981.7,17274.8,17907.9,17401.3,20428.3,17055.2,21045.6,16327.3,19255.8,21362.3,14396.3,19153.9,20134.1,21975,17063.2,18493.2,18909.9,20620.7,20590.4,21200.6,18123.6,16089.3,20845.1,16430.7,19689.1,18043.4,18529.8,19970,21737.5,20114.1,19923.9,21450.7,22077,20594.1,18149,21223.8,20612.3,21801.4,22444.9,23223.3,21107.1,23011.4,16997.4,20785,21865.6,20611.2,19173.3,20459,20230.7,21255.6,20497.4,17061.5,17754.4,17867.8,20269.9,19344.9,18003.1,21975.2,21588.8,17483.5,20703,16797,18145.6,21065.3,20724.3,21413.3,18219.7,22327.2,20445.1,18815.5,21506,23152.7,19872.3,17367.1,17256.1,17631.4,20716.5,22229,17337.8,21523.9,21847.9,17967.4,17904.5,19941.2,23095.6,17860.2,17365,18603.3,22331.5,23090.8,18889.3,18607.8,19303.8,16950.2,20242.5,17065.1,18257.2,16574.3,21663.1,17525.5,16755.3,18585,20465.8,20372.7,21616.7,18352.3,18132.8,17324.9,20702.6,19160.7,19185.9,20146.6,22253.7,22612.4,18755.4,19714.5,21454.8,19873.6,20535.4,21371.5,19749.8,19784.2,18365.7,22260.1,20114.9,17234.6,17682.5,19299.7,20148.4,22318.5,22230.6,21637.8,20366.4,18610.6,20018,21543.4,21349.7,17774.9,22392.8,21937.5,16784.9,18015.1,21482.9,22649,17309.8,20390.2,16777,20301.9,18851.8,17020.7,16864.2,20324.2,19534.8,18097,18779.5,21959.2,18134.3,21337.1,17897.7,17679.6,18513.9,17282.5,20091,16635.8,16638.4,20025.8,17664.3,21997.4,22100.8,20579.5,19860.9,20880.3,18034.6,20324.1,19289.4,17546,23424.3,24124.8,23894.5,24491.6,21705.5,18170.3,23374.8,22662.2,20541.9,18679.9,24305.8,18750.4,19598.3,18089.7,23218.8,20150.2,23966,21788.9,22960.3,20280.6,19785.2,19806.9,19112,24335.8,24345.8,19266.6,21699.3,20241.3,23967,23944.2,20807.2,24536.5,21826.7,23760.7,19757.5,21768,19300.9,22043.3,23860.4,18604.6,18691,24449.4,22305.5,21822.6,23124.3,21168.5,19677.3,19771.7,23082,25769.2,23954.9,23526.9,20512.3,20579.2,22209.9,22210.8,24489.5,20976.3,21518.1,21646.9,27355.4,29272.7,29387,37136.1
35272.3,30152.7,28846.7,23190,20181.6,18704.9,21196.1,19649.8,21663.1,22596.1,20006.4,22991.9,23710,18266.6,18699.7,23236.9,18649.3,21387.7,21752,20131.7,21005.7,19790.3,18545.8,19940.5,23356.1,22304.1,21370.7,20915.5,20169.8,21058.5,21498.9,20210,20500.1,18712.5,19392.3,20745.6,18578.2,20028.1,18439.5,21595.8,17178.1,20115.6,22488.4,20054,17590,16907.5,22113.8,17824.8,16379.5,16597.9,19197.8,21751.4,20562.6,20727.8,17057.5,22311.1,20975.7,16537,18231.4,16898.3,21693.4,21810.2,21225.4,18945.3,19599.5,16508.2,20176.6,17579.2,22352.3,21623.7,17572.4,17056.1,17455.5,21915.4,23038.6,17068,18549.3,19347.8,19324.6,19313.6,19423.7,17989.8,17709,18580.1,18841.2,20186.1,20901.8,22907,22413.1,17582.2,21249.9,19683.2,22741.2,19557.3,17404.8,21614.3,18671.9,22074.4,16394.9,21133.9,18959.6,20653.1,19313.1,19390.3,17221.3,15266.2,17019.2,15335.1,16153.3,17195.9,17639.5,21245.1,20299.2,20178.5,15446.9,15577.3,19537.1,20333.2,20846.1,21831.9,20404.6,21901.8,18572.1,21755.6,19134.5,19062.5,18913,22434,22806,19633.8,20305.6,22515.8,18089,21039.9,16740.2,16291.3,19778.8,17674.1,18051.4,19572.4,16814.5,15697.7,20446.8,20944.8,16153.7,21976.8,17364.2,20568,20098.5,21425.2,19387,21153.1,16378.4,21401.3,17450.3,20842.1,16728.2,17090,20551,21405.9,18202.2,20442.8,18214.1,19943.4,16604.8,17623,19273.1,20617.8,19967.7,17383.2,18033.1,17509.7,17638.7,21390.3,23267.1,19815.2,22872.4,17409.4,17209.1,20141.8,22289.4,19378.8,19911.5,16998.7,18357.2,20751.8,21029,21484.5,18504.3,19530.1,22020.4,21675.3,18607,17065.2,22118.1,22386.2,20342,19985.9,16499.9,16377.5,21443.7,18355.8,20778.7,19214.5,19288.7,21436.7,18442,20364.7,17965.4,20925,22590.4,22059.7,21799.2,19856.1,17879.8,17097.8,17508.1,23071,18372.6,23551.4,18758.1,21969.6,18312.2,18026.1,18624.5,21482.1,19329.7,22394.7,23457.2,21580.5,21818.8,21128,21003,17517.6,19596.8,18425.6,17474.6,17128.1,18862.1,20562.3,22021.4,18649,22631.5,19600.4,17191.7,20687.2,17162.1,18467.3,22478.2,17245.5,21283.8,20587.6,18765.9,19766.4,20901.6,21812.3,22770,16525.4,20412.4,21124.7,16464.7,17402.5,18856.4,22164.8,21087,16622.4,16514.3,20814.5,19348.1,23161.4,20558.9,22696.3,19865.4,19020.8,19586.8,21626.9,18338.2,19761.1,17859.5,19891,16732.5,16961.8,19658.7,20621.9,17981.7,16181.6,20687,20199.8,22129.4,16260.8,16237.5,16124,21125.4,18112.7,18359.5,21040.3,19557.9,21502.9,17034.5,19359,21164.9,17812.7,17122.1,22689.3,17734.8,19385,21449.5,20825.1,16464.2,20901.7,19565.6,20961.3,19252.2,22825.2,17873.3,22016.1,22319.8,20286.4,21939.5,23496.8,19855.4,18469.6,18794.6,22341.3,23973.7,19423.6,18737.5,20519.7,17823.8,24530.2,21813.2,19683.1,22483.2,19670.2,24712.5,20445.9,24025.3,20641.9,22050.4,24312.3,23326.5,24786.3,20432.3,20336.6,21502.8,20507.2,19327.7,19849.6,18784.3,23928.6,18908.8,19507.9,21058.5,20001.3,23329.6,22250,24938,24986.1,18678.7,19258.4,24090.5,22746.5,22135.3,19910.2,18768.5,20000.8,24535.9,25232.1,24336.1,24276.5,23851.8,23110,24700.4,22875.7,24907.9,19868.1,24904.8,19176.7,25112.3,23284.9,22442.7,25090.6,30041,34380.2
34154.7,27805.8,27726.8,24058.4,22810.2,19003.5,24607.8,19383.7,22544.8,23080.5,19716.1,22887.7,20825,19255.3,19960.2,21565,19384.9,20043.3,22150.9,21314.8,22164,18838.1,23078.9,22543.6,19262.8,22431.9,21511.8,22869.6,18917.2,19503.3,18585,17882.5,21659.6,18570.4,21782.4,17601.8,22037.4,19990.4,20736.4,18138.8,17859.8,20193.6,18255.4,17640.9,20239.7,22367.2,20128,16259.1,17122.9,19257.6,22260.5,21691,18803,18083,16110.5,16926.6,21576.9,19587.5,20268,18958.3,21960.1,20727.3,20187.6,19274.7,18899.3,18864.5,16746.2,19569.8,18126.3,19417.1,16521.6,19630.1,20490,21266.6,19497.6,21576.8,21839.3,18448.3,19635.1,17511.3,20155.5,18400.4,22608.7,18967.2,19064.8,21457.8,18151.1,16995.8,21408.5,20315,20203.4,18971.1,20214.7,17461.1,21466.2,19895.5,22370.8,19102.1,19015.2,22152.6,18854.4,17832.5,20317.7,21636.7,16605.5,15857.4,16830.4,18626.3,18668.7,19253.6,17022.6,18736.9,19487.6,16536.5,17618.7,21315.1,21949.7,19953.6,20347.8,19558.5,19842.6,18881.6,19811.8,17994.8,16898.8,16802.1,19096.7,21951.9,21929.4,22655,19536.9,22441.7,18279.7,19411.9,21391.4,20510.2,20340.8,20767,18103.6,21209.4,21514.2,19477.9,18820,21031.7,21817.7,18216,16458,22035,16222.5,18446.6,17099.6,15878.5,17604.5,21494.4,16737.5,17744.5,17822.7,19789.6,18175.1,18229.6,16105.3,18424.2,18131.4,18546.7,19676.4,18564.1,16910.3,19573.4,17049.9,20979.6,18328.2,17429.2,19964.4,20624.5,17426,20202.1,17858.8,19333.3,18494.4,17360.4,22065.2,20466.6,23333.4,18581.7,22989.5,22509.8,22270.4,20019.4,17531.1,19566,20362.2,16822.9,20543.5,20674.1,21159.9,20853.2,22107.9,19983.1,18958.4,18444,19762.4,19730,17346.7,18241.2,19662.8,21515.6,19674.8,18270.7,17541.4,20183.3,19282.9,18993.1,19188.7,21858.1,17325.8,19131.7,21309.2,19558.4,22885.8,20949.3,18535.6,22947.2,18949.7,18408.3,20650.7,23080.5,21799.2,17992.2,22765.1,21511.1,22836.4,16754.1,22891.3,18873,22813.8,17293.4,22860.3,20055,16770.7,19595.3,20257.2,20054.8,18939.8,17770,16562.3,18675.5,18236.7,22921.6,20291,22075,21997.8,19237.1,17005.4,18456,18630.1,18652.3,21816.3,18732.4,20193.3,16130.4,19234,17969.5,17402.7,21330.8,20572.3,22435.3,17208.6,17382.7,19648.5,19178,21759.4,17902.9,21801.3,20145.7,22332.7,20013.8,22286.9,18832.7,22654.4,21941.7,21894.9,18461.3,17471.9,21214.5,16220.2,18693.9,19664.8,18993.6,18292.3,17371.5,21046.4,20272.3,16381.6,20880.7,20246,16037.2,20487.7,21517.9,17728.8,16651.2,20200.5,18828.6,20987.5,20257.8,22349.1,18604.7,16876.4,19821,16893,20298.2,21138.4,19662.3,20015.3,23452,22193.3,20440.6,23486.6,19286.4,18279.1,19307.2,22102.5,22973.4,19682.2,18944.1,19411,18935.1,23671.3,20854.5,18996.7,21378.2,20579.4,20408.9,23853,23785.6,19474.8,21011.8,23748.8,21724.2,21608.3,23136.7,20022.7,24402.4,19013.7,23733.8,20574.6,19200.9,22572.4,20243.6,23096,24918,23013,20674.3,23713.4,19438.5,22691.8,22277.7,23279.8,24824.4,19211.7,19813.5,19717.9,23134.2,18935.1,22629.6,23714.5,19817.4,24332.2,23601.6,22591.2,23551.1,19178,22800.1,22574.9,20054.4,22157.2,23057.3,21757.9,23149.3,24213.1,25095.1,27294.2,26382.9,28945.6,37489.2
31687.6,29373.2,27585.9,25065.8,23616.8,22905,20064.1,19448.8,18630.9,21329,23793.1,23640,17450.1,22447.2,19162.7,21184.3,23355.2,23146.8,22990.2,22120.1,20616.3,18566.1,19407.3,21878.7,22917.9,18362.5,20039.6,23378,22914,21211.2,20810.1,22218.2,18065.2,20773,21083.7,18151.2,16830.8,19933.4,20861.5,20629.4,20455.4,18450.9,18431.4,16833.3,16693.9,18142.5,22585.1,19306.1,22381.1,22327.3,20386.9,17737.8,17783.5,19219.1,18102.3,19673.7,21505.7,16864,22065.1,18019.1,21109.9,20365.5,18569.7,17597.1,17997.6,16559,18737.7,18120.3,20247.7,20648.3,22177.9,21008.9,22234.6,20095.5,18888.2,17785.6,18786.5,19598.4,17670.5,22683.8,16557.4,19024,17173,20427.3,21795.5,16595.3,17657.8,21038.9,22262.3,23126.1,21131.4,17053.8,21242.3,21996.2,18304.4,20186.7,22321.9,21087.6,15888.8,17391.7,19309,15610,17540.5,20309.5,22040.1,20395.9,20598.1,19897.7,17512.1,17320.8,16934.4,17278.5,20286.3,15474.8,18643.1,19881.5,17867,20445.2,18898.1,20717.8,17589.9,19728,20624.8,21868.9,21322.3,20939,17073.2,17670.1,22943.8,20300.2,19311.5,22584.6,18996.9,18579,16993.9,18276.8,18586.1,18624,21114.8,20027,17462.6,19189.1,17992.7,16598.9,20939.1,18298.4,21863.6,20101.8,15957.9,19277.3,21037.8,16695,19205.5,19161.8,17061.1,19105.1,17743.7,22406.8,20685,17225.6,19693.1,17007.6,18431.6,20401.4,17122.8,17840.5,17045.5,17689.5,20317.3,22940.3,19088.6,20292.5,17850.5,20021.4,19627.4,18370.2,17819.5,21143.5,19320.7,19907.1,17953.8,19427.8,22998.8,23114.4,22805.9,16787.4,17263,18966.6,17256.6,20476.9,20602.3,21703.6,21841.2,16865.3,16709.8,17385.5,21922,19968.3,20095.9,21829.5,18386.9,23081.2,21242.7,16941.9,17017.2,20863.3,20404.8,19245,23027.6,21379.5,17819.4,19103.5,20437.6,17594.5,20981.1,18868.9,19627,18929.2,18835.4,20667,19507,18095.2,21049.7,19301.3,20876.8,19321.3,19818.2,19013.2,18381.1,22884.4,17003.2,21736.3,18395,20354.8,22446,21199.3,5867.73,23514.4,22753.9,18581.1,18944.1,21741.9,20350.3,18701.9,18619,22367.6,16891.9,22295.2,22035.3,17975.4,21763.5,17534,16628.2,18996.4,18335.9,21830.8,19072.3,21444,20689.1,20782.1,16453.3,16853.7,18224.4,21507.4,20616.5,17232.1,19674.9,20987.3,21496.9,19277.1,17304.8,19082.1,22613.8,19393,22743.9,17168.3,17514.4,16881.4,19254.6,18217.4,21682.3,17293.3,16949.6,16922.4,18468.4,20549.7,21756.2,19309.7,19394.7,17730.5,21960.2,22820.4,18385.9,18383.8,18237.5,21796.9,17293.2,20504.3,18834,21487,19695.4,19747.3,21295.9,16952.7,16776.2,20621.5,21237.7,21407.1,22228.5,21108.1,18174.5,16717.6,22717.7,17823,21014.8,19634.5,23041.4,22121,20286.5,20840.1,20267.8,18392.9,18495.2,21086.4,20595.6,24113.8,21778.9,19406.2,24236.3,24307.1,24238.5,21660.8,24135.8,20740.8,19002.8,22972,21949.9,20487.1,23888,18634.2,19784.6,18657.2,20049.3,22765.9,22329.1,23827.3,22479.3,21510.2,22718.7,18954,21540.5,20793.1,21276.9,20920.8,21711.4,24833.3,24220.7,24807.3,20620.5,19100.7,21860.6,24047.3,19061.5,21018.6,22639.5,23319,24069.7,22851.5,18792.6,20894.7,24967.8,24149.6,19260.7,20991.4,21499.1,20529.5,23197.4,23986.7,24981.6,22998.8,24819.6,24795.4,31857.5,36576.1
33003.3,30851,26507.7,21828.5,24136.6,23802.8,22226.1,19198,18782.3,20019.4,19782.5,18883.8,22363.3,18763.2,22071.6,20808,23794.1,20126.9,21928.6,18005.1,20492.1,17724.3,22058.1,22279.6,18052.2,20386.9,22610,20551.9,17406,18592.2,20735.5,22888.7,22053,23276.8,22815.9,21465.1,19653.5,20747.2,19468.7,17598.6,18613.9,19083.6,21749.8,18452.2,19095.3,22552,22180.6,20234.1,18879.6,18427.8,20721.3,16348.8,16930.7,17626.6,20016.8,18179.5,21784.7,17424.5,22134.6,16462.6,17879,19788.2,20150.6,21088,17097.9,17936.2,18837.5,22176.4,21611.6,17996.6,20314.9,21123.7,21764.1,21002.6,20642.9,18266.5,18601.6,17451.6,19870.2,16746,19081.3,18043.2,17650.5,17346.2,19575.2,20312.1,18925.2,18569,21669.4,17922.6,20363.8,19026.3,21191,17362.6,17787.1,18120.3,18162.5,20870,21929.2,15628.5,15920,21814.1,20540.9,15283.3,21661.1,19241,18719.9,20584.7,16898.5,20378,17585.1,19438.5,17277.7,15900.3,16567.4,21632.8,21516.5,17770.3,20018.4,17805.6,16753,16489.7,19605.2,18610,19778.8,20820,20902.7,20408.7,20899,17151.6,21703,20255.8,22691.6,18708.1,21283.6,18090,22287.6,19516.2,17040.1,20522.3,16414.6,19326.6,15665.7,20085.1,16491.4,17817.6,18888.4,18356.4,21522.5,19086.3,22205.1,20355,20872.2,19336.4,18318.6,20505.2,20429,16942.8,16650.5,19855,16122.4,16425.6,20015.8,17095.6,18433.5,20897.6,19688.1,16339.6,16684.4,22926.5,19010.2,22127.3,19273.5,18423.3,17968.7,21952.6,22018.7,18242,20443.3,20430.1,22909,18232.6,18128.5,22929.7,22755.6,17133.8,16622.4,19928.8,20555.5,20815.3,22885,17709.4,18559,19515.9,22789,16974.1,22710.6,17192.3,19108.9,18394.6,20567.6,18318.6,19136.3,16886,17197.3,18276.5,16395.4,16376.2,20529.3,19817.7,20089.8,19237.5,20540.4,16948.4,20736.7,19588.5,19061.8,17956,22529.9,22777.1,18601.3,17140.7,21501.3,18513.5,20711,19606.5,17117.4,20157.5,18030.9,22578.7,20625.1,22433.5,20377.9,17712.5,18763.4,22179.9,20349.6,18696.5,21812,18244.3,18282.2,17080.7,17326,17048.2,22129.7,19147.1,20752.4,21117.5,18835.6,21650.2,21609.9,17927.1,20721.3,17591,19078.6,16535,17644.8,18963.2,17561.4,17380.9,20569.1,17276.3,16663.7,22744.5,18731.8,18419.5,19263.3,18694.3,17791.7,21580.7,21125.2,18409.7,20655.9,19937.6,16661.4,21226,16551.5,20960.6,18856.3,22226,21323,18889,20627,18032.2,17167.4,18748,22141.1,19564.7,19226,18454.9,20635.5,17972.6,20835.1,18198.7,16216.9,19346.1,18029.8,17626.7,21738.9,19702.2,16480.4,18676.3,19219,18531.2,21359.5,15905.3,20793.2,18292.8,22436.8,19119.7,21562.3,21516.8,19972.5,21114,16927.9,18229.7,18317.4,19782.9,18657.9,21113.4,21610.2,23913.2,22853.1,22776.8,23983.5,21607.2,20416.8,21886,21420.6,23538.9,23386.4,21094,22473.6,20102.1,24738.6,20776.1,22894.6,25095.3,23730.3,20970.4,19237.5,22496.6,20917.8,25336.8,21804.5,21437.9,24363.5,22261.9,20274.9,19902.6,23826.6,23859.3,20365.5,25004.2,25124.5,21707.8,24321.7,20814.6,21752.5,20361.9,18209.8,23418.4,23614,20713.7,18568.9,21585.3,23567.8,24402,20093.1,24535.9,25718.6,20868.6,19690.4,23212.7,25057.2,21136.9,23769.5,20467.7,24444.3,25240.2,25590.5,26263.5,29150.5,34969.2
33200.4,27781.3,27063,25111.3,23882.8,21846,24288.7,20461.9,21508.1,17501.4,18777.9,21009.8,23092.8,23652.6,18421.9,23104.1,18723.8,21591,19191.9,20446.2,20219.5,17800.9,20921.9,22175.5,18629.7,17804.1,18263.4,17186.1,20571.6,17165,22305.7,21849.4,22766.4,17305.1,18111.7,17972.3,22266.7,20394.5,20416.3,21752.4,16667,20428,19689.2,20747.9,21184.5,18518.4,17664,17719.9,17580.6,21919.3,21430.2,18708,18678.9,18245.2,22375.6,18586.6,17702.6,16271.8,18275.2,16309.6,20471.9,21749,19789.2,16214.8,20516.4,18106,20381.6,21949.4,18364.5,20816.7,16589.5,22592.1,18315.1,17788.9,22122.6,22847.2,20561.1,18199.8,19161.2,20064.4,17155.3,17543.3,22983.2,20623.9,21175.1,18678.4,20412.6,17029.1,21193.3,16742,22608.3,22141.8,19178.6,18746,20278.1,22119.5,20031.7,18553.1,17372.8,16814.6,18129.3,21923.6,16282.2,21263.5,21802.6,15494.8,20711.5,19076.5,19947.3,15961.1,20847.6,16760.9,21731.2,19166.9,18666.3,20736.8,17543.1,18790.6,20809.4,22517.7,16925.3,22211.5,17313.6,17828.6,22121.8,16879.6,17137,22345.5,20791,20223.8,20948.7,18430.7,20979.1,17836.6,16531.2,17276.7,19064.8,18476.3,20453.1,20706.9,18188.4,15770.2,21568.2,16162.6,21275.8,17986.5,19486.9,21760.9,17001.1,21145.8,20101.9,19334,20894.3,20526.7,15817.1,21254.2,16884.8,18743.8,17735.3,17783.4,16249.8,18932,21229.4,19531.5,19686.2,19065.9,16770.2,16987.2,19051.8,21436.8,19497.3,22840.5,22594.3,23276.9,20222.6,20071.2,17613.6,21917.9,23391.9,17821.1,17584.9,23273.4,21307.6,17828.4,19841.9,22304.6,16932.9,19639.9,20981.6,21902.9,21293.5,16848.9,18822.1,18902.1,17615.5,21846.5,17320.7,19068.5,17695,22980.1,19551.6,17102.3,19808.7,20194.2,20305.5,22227.4,17524.9,21247.3,19972.9,16696.2,18564.6,17112.5,19355.1,21585.9,18216,20400.7,19424.8,19331.1,18575.3,22363.3,18420.6,19211.8,19702.7,18227.4,17419.6,19423.2,23251.8,19662.4,18093.3,21236.4,21818.9,17867.8,23085.6,23176.8,23194.6,18595.2,20806.9,19101.3,22554.8,20899.4,19052.8,16823.6,16842.6,21061,22164.6,19941.7,17784.5,22637.4,18470.3,17053.7,16836.2,21375,21858.8,17516,20544.2,22396.7,16927.2,20021.3,18224.6,21837.2,19396.5,20117.5,22319.5,21513,20340.4,21374.3,19185.7,17206.3,18426.2,21548,20001,16986.7,21985.7,23174.6,18250.6,17524.7,21117.4,20200.4,19510.5,22639.3,22852.2,18318.3,16991.8,19348.8,18324.1,22326,21689.6,17402.2,18216.4,21853.6,16405.5,16885.3,16219.3,20807,20307.5,20923.7,18498,20196.9,16250.7,16586.8,15889.5,21638.8,17856.6,21273.5,22503.1,21665.6,18772.1,18206.9,16324.4,17793.1,18695.8,19114.2,18911.4,17220.2,22376.9,23570.1,19761.9,18373.1,22457.7,23578.2,22261.6,17834.4,18733.9,20414.4,24107.8,21228.1,22903.2,22586.2,22781.1,20789.8,22902.9,21417.3,22940.1,22970.8,19288.6,20602.5,20475.5,22707.7,20943.3,21780,19476.8,19997.2,23981.9,24348.1,22198,23396.3,25186,22318.6,24882.5,21731.7,20166.9,18815.3,24711.2,18691.3,21708.8,22769.1,19425.9,19504.7,22352.3,20840.9,21994.8,24080.8,23755,22567.1,24055.3,20363.2,18607.2,24146.6,20479,20065.9,25846.7,23380.1,19903.7,23056.5,20292.7,22176.5,23820.7,19468.2,19464.7,25230.1,26857.8,23467,29312.5,36103
35853,26732.3,28805.7,26950.1,26263.7,19198.2,24274.5,21050.1,21626.1,21306.9,20397.2,22099.5,23544.3,17535.6,22430.7,19613.9,20242.6,17428.3,23910.2,23182.4,19081.7,21190.9,22821.8,23181.7,22498.6,20451.8,23295.1,18513.2,23076.7,21972.1,22532.9,20041.3,20131.4,19306.6,19225.6,17102.7,17585.8,18542,18440.7,17760,22342.5,22067,17616.8,22012,20097,21183.4,18146.6,17388.3,22149.4,18627.3,20138.3,20493.7,20854.5,17092,18483.7,20101.8,22167.6,19796.2,15772.6,17242.5,19406.6,20212,19641.8,16337.6,19791.2,21447.4,15793.7,17287.9,18331.1,20750.8,22687.1,19352.5,19380.1,16431.3,21891.8,19435.2,20778.7,20156.6,17124.2,17771.5,16603.5,20144.1,21057.9,19817.2,21514.2,18599.1,21269.5,21594.6,19825.7,22024.2,18874.1,19522.9,20373.3,21301.5,18922.2,16646.8,22846.6,22060.2,22370.7,19321.7,18683.8,20896,21397.7,22023.2,21016.7,18815.9,17196.7,20621.2,21703.7,16504.1,15893.7,15285.2,15911.9,19686.8,16665.7,16617.9,19710.9,18719.9,20099,17700.2,18431.9,22447.3,17398.8,20818.8,17686.3,21285.2,20359,21493.5,22455,20409.2,17501,17893.7,21332.3,17047.7,18852.4,17345.5,21533.6,20941.3,19256.9,18835.4,18668.4,16900.6,19106,16554.3,18532.7,19684.8,18233,19491.9,17080.6,18333,19352.4,17389.3,21053.8,17795.4,15497,18104,22157.7,16517.4,20177.1,17877.3,20307,19481.4,22314.1,18788.3,22521.1,18205.4,16856.6,20826.6,22416,21314.6,20401.5,19448.2,22201,23086.8,19377.8,19910.1,23464,23603.9,21789.8,19289.4,23649.1,22379.8,17209.9,20001.8,22056.4,17004.1,19777.8,19416.7,22748.8,21721.6,19994.5,18249.7,22563.1,20179.2,17404.2,20332.9,19502.7,20743.2,17036.5,18434.1,22053.3,22178.8,21158.7,22012,22110,19124.8,16313.1,17509.5,20851.1,18032.7,19428,18140,21822.3,18190.1,19962.5,21557.5,20571.1,18261.2,19115.5,19923,19191.3,19426.7,20830.2,19255.3,20105,19359.4,23096.4,21476.8,19345.6,20184.3,19930.5,19149.5,20091,21191.1,22932.7,20236.2,16776,22925.7,18292.9,17677.9,17998,20583.9,19450.2,17721.8,22811.8,20222.4,19692.4,21772.2,18495.6,23275.9,19287.5,20740,17450.8,20402.8,17996.7,20832,22267,22469,21314.1,19696.6,19614.3,21042.3,18534.2,22860.6,18663.6,22839.1,23046,18927.3,18665.1,19129.6,22078.1,22047.7,18185.7,18153.7,18381.8,20089.7,16688.3,20803.2,22416.9,19750.6,22048.2,17848.3,16912.8,19307.7,21121.5,20458.4,17164,21594.5,16941.5,16981.3,21540.8,18867.4,22241.8,20488.2,17262.1,21108.4,16340.2,16141.7,16094.8,20337.1,20091.3,18449.3,18032.4,20869.9,17888.9,16364.1,19595.1,20823.3,21199.9,17225.7,20842.7,22694.2,22505.3,19421.7,20505.8,21552.5,21361.4,20174.9,20362.4,21265.8,17583.5,22700.5,19836.6,20245.2,21515.3,19317.7,24325.8,22651.5,23764.8,19543.2,18561.4,22941.5,23618.9,24252.1,19969,21749.3,18916.1,23736.5,24946.1,19345.7,20518.4,22741,19041.8,19438.5,22164,22912.6,19658.8,19384.2,24738.8,19131.3,20216.2,23041.2,23807.1,21401.9,23077.7,25041.9,20772.4,23631.8,23168.3,21722.6,20619.2,19196,19172.7,23138.1,24126.6,22267.6,22434.8,24547.8,25983.2,25306.1,25326.9,25140.8,20912.4,25586.9,25673.4,20597.7,21174.8,23111.5,22321.2,22935.5,24132.3,27234.3,27184.3,35751.9
33570.3,28534,24851.4,23486.1,20950.5,25317.6,21695.1,20682,23591.4,23590,22427.9,20519.9,17884.9,20389.1,23239.7,23854.4,18706.3,19749.9,23810.6,23534.6,21881.7,21161.6,22025.7,22738.1,21035.8,19493.1,19723.4,20001,20546.3,18639.8,21998.8,22157.2,22116.8,20509,21462,17891,22226.6,19539,21183.7,22726.5,20118.9,22569.8,16544.8,18468.3,22007.9,17668.2,17705.2,16997.1,17987.4,20854,19259.5,18382.7,17393.1,18213,17316.6,19067,19865.8,18781.2,19433.7,17025.6,19110.3,20479.3,18119.1,19626.4,19818.9,17272.2,15925.6,17552.2,19946.9,21163.8,18355.4,20325.1,16488,22832.4,18406.5,18668.2,22899.3,19099.2,20320.7,21666.7,19450.6,18381.5,17332.5,20398.9,19809.2,19804.5,16705.4,22965.9,20110.8,18349.6,22628.8,17102.3,17579.5,21970.5,18617.6,18902.5,21374,20746.8,18092.3,22371.8,16140.1,18306.8,21845.4,18433.7,20825.5,17956.1,19140.6,17230,18662.2,19758.2,21313.9,21160.4,16239.8,21588.9,15957.4,22007.2,17030,21386,19336.5,18852.7,19351.3,19528.4,20192,18126.2,22009.2,18206.5,16322.1,18915.1,20435.1,17238.3,19054.7,20837.3,20085.7,19765.7,17130,22368,16400.5,18828.6,16355.2,20831.9,17587.4,21441.6,16552.3,16584.5,18867.8,21502,20954.1,19009.6,20130.5,16056.5,20199.4,19502.5,22223.1,19011.7,18804.2,17991.9,16466.9,20394.9,20763.2,22422.7,21782.7,20000.3,17213.6,21877.8,21951.6,22115.3,17781.1,22551.2,18436.1,23268.7,22015.3,17211.1,22187.5,17500.6,18424.6,17761.8,20953.4,19100,23600.7,23724.3,23553.4,23514.3,19310.1,21495.3,18203.5,16917.8,22488,19491.5,23037,21721,22458,19267.6,18488.4,20668,19267.2,17701.7,20987.9,20778.5,18953.7,21881.8,20696.9,20475,22695.2,21068.6,22725.8,20330.2,17473.2,22187.8,19279.2,22628.2,20791.4,20177.8,19830,22352.5,18556.4,21521.7,22103.5,21345.1,18226.5,20821.4,21794.1,21316.9,17597.9,20182.7,22606.7,21825.3,21985.5,23423.4,20341.7,22267.8,22818.7,19979.1,18327.5,20619.8,16765.8,19545.2,20483.3,21354.7,16950.5,17226.9,20648.2,20565.4,17939.6,18760.1,21562.3,20530.2,16969.5,22873.4,21770.8,21937.1,16777.1,19552,23115.3,19301.2,19560.6,18581.9,18514.8,22103.4,20580.1,21354.7,19580.5,16726.9,19695.1,16857,22747.6,16714.1,16586.8,23494.1,20776,22948.8,18796,18542.9,20280,20784.6,22743.1,17460.5,20697.1,17212.2,18322.1,20023.1,20943.9,18072.2,18076,17357.7,20029.3,19058.6,20739.7,20737.7,18232.9,19793.2,16563.9,21105.8,17550.7,17292.4,19721.2,16777.3,17920.5,21713.9,18170.6,22491.2,16817.7,19478.6,21112.7,19633.2,19681.6,22356.7,20887.8,19308.9,21207.1,19637.3,17544,20646.2,21285.4,22984.8,22663.2,20259.7,22391.7,19575.8,17850.4,19988.3,20334,17659.4,20014,22438.4,20295.7,20787.4,21216.2,23283.8,18337.8,18799,22448.3,18299.3,21643,22450.9,23465.5,21139.5,20082,19913.2,20560.6,21036.5,22554,20662.4,19169,20358.3,18855.6,23990.5,20543,23414,18803.4,19400.2,23314.9,23312.2,22656.5,21587.2,21125.8,22841.3,21679.3,21288.1,21536.3,22182.4,21263.5,18276.4,21267.4,23610.8,22900.5,24588.7,20826,24456.6,25309.6,21719.6,24928,22776.1,21191.8,19337.4,25381.5,22612.6,25209.8,21632.8,21591.3,25977.8,26327.4,27317.7,26872.3,34508.8
32015.9,29624.8,28958.7,26423.3,20972.2,25324.5,20138.3,21365.9,19853,17904.9,20725.3,19862.8,19998.2,22062.3,21305.9,19813.9,23757.1,18273.1,22319,19975.8,22051.9,19231.1,21445.1,19726.4,22105.7,19842.1,17827.8,20901.8,21651.6,17788.5,21004.7,21251.5,21833.9,19943.6,20024.7,21797.9,22567.3,20077.1,16873.7,19695.7,20149.6,20816.4,16894.7,21074.5,16543.6,18324,19221.7,21929.9,21920,22165.3,20190.7,18636.8,16298,18399.2,22325.4,16785,21529.1,21498.1,19748.9,17128.7,17652.2,20613.9,17850.4,17922.6,19423.6,16692.8,16275.4,16297.8,18537.2,17265.1,21980,20556.4,19265.2,18290,19103.3,20645.5,22643.1,19949.4,20599.8,19019.5,19091,22821.9,18377.8,19544.4,20543.7,20388.3,20564,22904.9,21817.5,20390,18019.7,21721.3,18723.4,23008.1,17561.1,17001.3,22412.7,16336.8,20966.9,21155.6,16524.9,17121.3,20614.4,19797.6,16242.2,18172.6,18594.2,19240.3,20090.5,16264.4,18649.5,16761,20882.7,20354.9,19080.3,21309.2,17110.6,20581.5,20600.2,20927,19212,17824.9,20920.1,22375.2,21079,16269.6,20195.8,20685.3,19843.8,17106.1,21681.5,20243.5,17870.5,22900.8,21450.8,16429.6,18701.3,19316.1,16699,20481.6,18534.1,18565.5,15790.9,18461.8,17306.9,15937.6,20077.1,19749.7,16026,20104.7,20605.7,17498.9,18022,17042.9,15158.7,18723.8,22151.6,22045.4,17712.3,21922,16433.2,20708.3,21935.7,19716.9,21639.9,22207.9,16569,18413.1,21690.3,19994.4,20332.6,17409.4,19312,20099.6,23449.6,23520.3,18507.1,20274.6,17627.5,18554,21867.8,22582.4,22807.2,22730,19023.4,22266,16895.4,19366.4,21346.1,17798.6,21066.3,17727.2,22355.5,23389.8,19904,22237.5,19328.2,18047.6,21922.2,19139.7,20242,23033.7,19817.6,19455.8,18277.7,19084.3,19724.4,19032,16899,19604.5,18153.1,19692.5,16971.7,22713.3,21759.3,22005.3,20618.4,22493.3,22192.1,20832.3,20267.6,20760.4,22471.3,17930.7,22092.4,19186.3,22064.6,22069.5,21184.9,21643.2,20966,18577.3,21942.7,19490.7,18396.1,19169.3,18846.9,22588,17210.4,21332.6,22169.1,19256.8,18888,20477,18920.5,20835.6,22875.1,20603.9,19338.5,19010.9,22483.8,16992.1,23092.5,19214.6,20414.8,19155.1,19817.1,21747.9,20044.3,20277.5,19802.9,17510.8,18472.6,20714.3,18638.5,22967.8,22694.8,23514.8,21180.7,20327.8,18533.6,18225.1,17952.2,17866.2,18533.5,16479.7,21005.1,21655,21732.2,21784.4,21453,19280,21774.9,17920.1,20881.8,16836.7,22421.7,18875.9,18321.7,21950.4,22066.8,17940.7,19830,18293.6,16326.9,18595.4,20893.4,18646.2,21021.8,21480,18544.2,21546.8,19427.8,19587.3,16589.6,18029.6,20054.4,16346.7,19981.2,19466.6,21642.1,21867.1,17321.4,22104.9,20080.1,22398.3,20171.3,19143.2,20604,23717.7,23042.2,21055.6,20922.7,23875.1,17927.3,18951.6,21743.6,22203.6,19682.9,19184.6,23647.7,21273.5,22473.5,20249.2,24379.1,21464.6,22285.8,23904.4,24961.3,22787.1,19544.3,23763.5,19374,20976.6,19845.9,24705.2,21886.6,22339.8,24821.8,24277.9,22161,19151.8,19110.4,22652.5,23885.7,18916.8,23081.4,19966.8,18203.2,20372,19860.5,22295.1,23203.3,20933.7,22090,21362.5,22851.6,24561.5,25772.9,20270.2,21487.5,19394.6,21573.7,19409.4,24322.7,21322.3,25719,25724.7,22913.4,24464.1,26412.7,29709,30840.7,36379.9
32010,30526.2,24520.3,23149.5,22697.8,24801.7,23493.5,19402.4,18693.8,22661.5,23672,18593.1,23687.3,21727.8,17945.1,23330.7,18509.7,19019.1,23819,19041.9,23071.9,18927.6,18207.1,18697.2,18681.2,17241.4,17806.4,19760.5,20445.8,16946.8,17265.5,20360.3,17118.1,21022.7,18903,19935.9,21254.3,18544.6,16784.2,22359.8,21294,19014.6,18590.4,16414.3,18833.6,20808.1,21498,21877.6,18583.4,17169.6,18980.8,17786.2,20345.2,16465.4,21835,18106.5,17645.6,17962,15760.5,15874.5,15968.5,21042.6,17098.6,18757.6,18078.1,18421.3,17511.6,21247.5,18107.8,21954.4,16948.6,17181.6,18093.4,19746.8,17153.6,17974.1,20596.5,20207.5,18430.8,21388.6,19049.9,20157.7,18282.5,18158.1,17718.4,17118,21884.5,20272.5,20635.6,22356.4,18590.4,21505.9,22988.5,21960.7,22834.6,18176,22514.1,17971.5,22191.6,18001.5,22027.2,17876.2,16507.5,21563,19124.1,17298.5,18266.1,19630.2,18528.9,20976.4,16298.3,18741.5,17838.5,15959,21013.8,15647.3,19188.2,19826.3,17136.1,21493.6,17078,22231.6,19156.5,17913.1,17322.1,19502.7,22889.1,21076.5,17020.7,19879.6,21430.5,19421.2,17666.2,17907.7,22481.6,16127.3,17605.3,16480.2,21117.8,19184.8,19511.2,19567.4,21466.8,16293.1,15790.9,16252.1,21500.5,17778.3,20791.7,18549.9,16965.3,16458.8,19489.7,20119.7,19361.5,18452.6,17849.1,18781.4,18143.8,17008.8,18749,21057.1,16014.3,18013.4,18370,18040.6,22324.2,16596.9,21219,18356.8,21842.3,22737.2,22314.2,17309.7,20647.7,23789.3,19159,21769.6,18622.2,22072.9,19765,21273.2,17695.9,23752.6,22737.3,20513.9,17886.3,19212.5,22048,22820.9,19729.6,20530.3,18938,21614,17793,18557.5,19350.4,18318.7,16905.2,18083.9,20787.8,21674.3,20308.4,22933.6,18608.9,22709.4,16542.8,18490.8,18957.7,19130.2,17337.3,21457.6,22976.9,19628.1,17960.8,17055,22614.1,20070.2,20442,23353.3,17604.7,18117,17489.2,18806.3,18608,17063.2,16940.2,18072.5,20599.9,23504.7,19576.1,19487.8,20718.6,22575.6,21196.2,17235.7,19522,18163.7,20186.3,17134.2,19171,17963.3,19360.3,17748.9,19975.6,19820.3,18244,18060.8,16652.1,16861.3,21839.8,20428.5,21236.3,22750.4,20525.2,21791.8,21627.3,19850.7,20271.7,19013.8,17796.4,21914.4,18311.7,18844.3,19595.5,17365.2,19308.3,18098.4,17983.4,18944.3,19349,21393.4,18064.1,19362.7,17894.8,20972.2,22809.1,17102.9,19676.9,22055.4,22378.2,22563.6,19061.2,21546.8,19494.1,18648.5,22802.9,21586,22036.5,16790.2,16352.1,18182.2,17514.8,22439.1,18096,21708.9,17881.6,21705.4,21028.5,21946.6,21799.2,18579.2,16763.3,18277.3,16237,20211.2,19267,19566.1,20931.2,21344.7,20033.4,23189.6,17322.6,23383,17239.8,20156.2,21415.2,19003.5,18423.1,18215.4,19318.1,23461.6,19372.2,18747.7,23408.9,24352.8,21287.8,20615.4,18753.6,20498.1,24249.8,19543.7,23771,20048.2,24827.7,23642.1,19996.9,23850.1,20144.8,19804.9,22216.4,20475.5,21189,20754.3,18894.1,25169,23314.8,23786.9,20027.4,25227.3,20267.4,23578.4,23708.4,22242.4,19512.3,18821.4,23564.7,22716,20425.4,24719,21277.9,19722,19571.5,22979.1,19722.1,22479.3,21992.3,20385.9,24953.1,22057.7,19857,20280.7,20992.6,23964.1,21278.3,21795.8,22798.4,25501.3,20820.3,24467.6,26493.9,25021,29751.7,37329.2
32333.3,30567.7,28895,23049.4,21599,20830.3,19427,19331.3,21502.8,19393.1,22293.7,18638.7,21401.3,18633.8,23382.5,22739.4,18671.7,19209.2,18104.1,19183.8,22752.5,21734.8,21424.7,18115.1,17533.5,22941.1,17543.9,22330.3,21546,20526.4,21572.1,20384.2,17522.4,21474.3,19668.5,19551.1,22489.7,17676.8,17164,21181.5,21060,19448.3,22628.5,17912.7,21788.6,18149,20597.1,19075.3,20199.8,18622.1,19375.4,17056.9,18234.6,20375.7,22457.6,18131,20823.6,16387.7,20902.4,19780.6,17009.1,20931,19382.2,19779.7,16586.6,18436.2,17491.4,16871.1,21832.3,19702.4,17785.8,16819.5,21598.3,17632.8,18121.8,19805.9,17036,22020.8,20950.4,17087.3,22908.4,22813.2,19171.5,17166.8,17088.8,19091.8,23135.4,22156.5,6734.04,22956.8,22519.9,22141.7,22421.2,20325.9,17443.7,19213.1,22111.3,17529.4,17183.8,20039.2,21635.5,17797.3,16397.6,21620.4,17748,17581.4,17290.4,17749.9,16762.9,18897.5,18984.1,18396.9,20818,17599.5,18899.9,21814.5,18731,17376.9,22075.1,18430.8,16990.1,17733.7,19057.4,21860.4,17411.1,18518,21231.2,17497.2,17837.4,17780.2,21031.4,19137.4,20703.7,16625.1,17050.1,21066.3,20734.6,21181.5,15571.6,20708.4,19396.7,15952.2,18782.7,19381.4,16382.7,17067.1,22097.6,20374.7,22053.4,16892,16529.8,20823.2,22267,19984.1,17891.6,16729.4,19261.3,20168.2,20149.1,19985.2,20790.3,21619.7,18422.3,16211.7,18858.5,21642.8,17952.3,21172.9,23145,18885.8,21917.5,21882.9,22790.3,17692.5,21009.1,20965.3,20040.7,18623.3,19021.8,23514.9,17822.5,22404.3,20570.4,19808.5,21554.9,21345.4,16917.4,21235.3,20377.8,19647.5,22147.9,22092.4,17500.9,22540.3,20256.3,21830.9,16949.8,18684,17301.3,16901,18672.6,20717.5,19823.4,19425.2,19805.3,18708.8,22387.1,21780.6,18863,20730.3,17143.2,17007.4,17282.1,17708.9,21210.6,18660.8,22975.8,17182.1,21354.8,19982.8,18087.9,16878.4,20937.5,19945.2,21229.7,21585.4,21028.7,23378.2,17273.9,17337.2,20682.2,19614.5,19136.9,21336.8,17191,19124.1,18391.2,21162.2,22195.7,20541.1,21653.8,21464.7,16656,21667.5,23001.5,17121.2,20234.2,21122.3,17600.7,22300,16634.7,20744.4,22281.2,22431.8,17161.1,22994.3,20620.6,18782.2,18791.5,16956,19193.7,18075,17810.4,17970.9,17607,17557.4,20659.5,21489.5,17382.2,22636,19960.2,19814.3,19242.8,18956.9,19537.9,19345.4,22310.7,21004.5,19124.6,21048.9,16644.7,20897.3,22532.8,21568.7,20554.8,19733.1,16324,16570.5,19578.2,21545.8,20462.6,18836.4,19212.6,16309.6,16274.1,19761.3,19154,20051.5,20532.8,20371.2,17033.1,20391.9,21392.6,17684.1,22120.5,17436.1,21687.5,16251.4,17815.2,21061.8,16936.8,23212.9,18988,22330.8,18206.8,17580.2,21648.4,23751.1,19162.8,18092,23096.9,18573.2,17732.6,20200.4,23073.8,18248.1,22388.1,22351.6,20993.4,21217.4,21989.5,18564.8,18551.5,21030.5,24401.2,20392.4,23553.5,23094.4,21346.6,24712.9,24669.1,24903.6,22191.1,22826.5,19319.4,22629.9,23529.2,25273.7,23799.9,20485.9,24429.1,23465.5,19089.2,19078.2,22445.8,23183.7,20192.2,20620.5,20645.9,22421,24477,18253.8,22090.3,18523.7,18858.3,19934.4,21909,22056.3,25046.5,22924.6,20866.2,19278.3,22826.8,20165.1,20176.9,23546.6,24489.9,22450.1,23752.8,20273.3,21682.8,28285.4,30215.9,31990
32835.8,32406.6,24021.7,22165.4,19835.2,23266.7,22476.1,22826.5,19141,20441,18326.7,22766.7,23535.8,20735.1,20026.6,23358.4,18515.1,22632.7,21373,20088.2,22398,22147.2,18750.8,21501.2,17617.2,21771.4,18452.5,21834.9,18332.5,19776.5,17993.4,20331.8,20442.2,19244.9,22368.8,21967.2,16989.5,19746.4,19001.4,22486.2,18360.9,19401.9,18093.5,16995.8,18690.6,21495.9,17769.8,18234.8,22297.6,20844.4,17868.5,19968.5,20370,22419.3,19581.6,18872,19205,16674.3,19931.5,20376.3,20578.7,16175.3,16517,22000.3,19664.4,16136.4,21220.9,17331.7,22033.5,21586.8,21628.7,19735.3,17471.1,20870.8,18242.6,19019.8,20493.7,17055.4,20909.6,20322.5,22620.4,21341.6,19842.6,17406.1,19736.1,23102.7,19639.3,18681.8,21534,18110.7,22579.8,17192.2,19262.5,18510.1,17981.2,19340.5,17749.4,21264.8,17231.3,20276.1,21013,18124.3,17897.8,16177.2,20526.7,21832.7,15379,15939.6,18849.1,18778.2,16251,19093.7,21368.1,21162.6,17768.4,16293.3,17260.9,18737.9,19580.9,17043,17671,21783.1,22233.4,22020.9,18975.8,19018.1,18485.8,21459.6,18928.9,20005.3,21524.1,21929.9,22921.1,23133.2,20644.1,19207.9,20873.2,17957.1,21281.2,21503.8,18715.4,17500.9,16927.9,17458.5,21087.4,16751.5,20008.9,20933.9,16356,19184.3,18527.5,17780.2,16857.6,19435.9,17670.4,18231.4,17578.7,20588.2,17374.3,17328.8,19705.9,19954.1,20022.1,19236.4,17223.8,19337.3,16186.1,19442.5,19607.4,17872.3,20950.1,18755.7,18333,23612.9,22169.7,19194.4,23521,19519,17825.5,21213.6,18514.2,22421.5,20650.2,17561.4,20419.6,18855.4,23103.8,19544.1,17743.2,18358.4,22701.8,16980.2,23088.1,17182.2,20347.9,20856.6,20600.5,21303.4,19668.2,21781.5,20966,19694.5,19160.3,21477.1,18578.3,17036.2,17620.8,20640.2,16865,19552.2,17271.6,17841.3,22091.8,18814.7,22610.4,19038,19189.5,18621.5,21201,22001.9,17541.9,22621.8,19269.8,18773,17381.7,22702.2,18110,20355.7,23390.3,17772.3,17458.2,19066.7,22136.7,21476,20519.1,18606.9,19819.4,20241.6,22659.2,21301.4,21296.6,17384.1,19187,21208.8,17863.8,20946.9,22502.7,21104.8,22351.5,18612.2,20423.7,17168.2,22280.7,19067.1,20659,19174.9,20128.9,20645.2,20888.9,18803.4,19112,16314.4,19367.6,22633.7,20411,21027.2,16939,18636.7,19506.7,19867.9,16825.8,21405,17601.1,19640.8,22728.8,20378.2,17616.8,18926.9,21637.9,20245.5,20789.8,21002,17956.3,18220.1,21563.4,21052.4,20332.8,17568.2,21017.4,22372.5,22653.2,19978.1,21906.5,19856.6,21599.8,17495.8,21822.7,17032.5,18250.6,18238.1,22173.5,22708.5,20606.9,18762.6,17911.9,19372.6,18974.4,16232.2,17553.2,21599.1,19178.8,23193.3,22900.1,16971.6,21921,23308.9,18054.5,18510,18155.3,22505.6,20494.4,22799.6,21776.5,20302.6,23020.7,17875.2,19064.7,23232.3,23370.3,17797.7,19692.9,22720.2,21220,24944.2,24820,20911.2,19095.2,19971.2,20081,24164.9,24886.8,24037.9,18915.4,22714.9,20892,20176.4,23436.7,20496.2,24773.2,22170.1,21637.4,23994.9,23253.7,23216.9,18994.9,23754.5,24750.8,20554.1,19785.3,20222,19631.6,22890.5,20918.1,19488.9,23269,21977.8,24336.9,19978.7,19510.3,19749,19500.1,21004.7,19185.9,24435.5,25587.6,22316.6,21398.3,26107.6,24221,22569.1,26950.5,28745.6,31316.9,35952.5
34697.3,28101.4,24595.9,22837.6,20732.6,19124.6,19719.5,23457.9,24066.4,21024.1,22467.8,19796.2,20030.4,22426.8,23523.4,23437.3,22569.9,19099.3,21899.7,17611.8,17971.9,21194,21746.8,23327.5,20345.2,18019.4,17878.3,23012.2,19317.7,17975.3,17768.3,19639.6,20331.2,17843.6,20576.7,18218.5,18000.4,18223.3,21008.9,19772.4,21416.1,18564.8,16301.2,22272,18712.8,18619.3,18820.2,18361.7,20832.9,20709.2,18057.4,17031.3,17245.9,21217.9,18004.6,19967.3,20043.3,17599.3,21683.9,16019,18936.8,21830.8,19321.6,17743.2,19564,21775.1,17810.1,18110.5,19689,18168.9,19505.7,21212.8,17893.3,18115.2,19133.2,17700.7,18226.7,21769.8,18787.9,22162.9,20989,20684.7,19090.3,22416,18789.3,22942.5,23232.1,18366.5,21454.9,18768.9,21156,17428.4,17063.1,22707.3,19381.6,21207.5,17444.2,21645.8,18714.2,17520.4,17800.8,16706.9,17750.1,16816.1,20804.1,20665.7,16073,18785.2,19809.5,16599.9,19339,18976.6,18220.8,20673.9,17266.4,16560.5,19171.8,21040,18093.4,21269.8,21321,22417.8,20781,17359.3,21493.5,16511.8,18380.9,18293.4,22028.9,20242.5,20814.5,20390.9,21366.2,20238.1,20554.6,16446.4,20770.5,17045.9,16809.8,20930.7,17775.7,20006.9,21915.5,18064.1,21441.8,16953.3,20092.7,17599.6,20287.1,20872.2,21047.7,19144.1,17598.3,21338,17302.1,20780.2,18146.3,20417.1,16936.4,17397.1,22239.8,21530.6,19914.5,19682.4,18387.5,19563.5,19075.7,21036.7,20100.3,19093.2,20640.4,22100.9,19385.5,20514,21584.9,21767.3,23629.3,22700.4,7447.74,19061.3,18912.5,18645.8,19526.6,17611.6,22232.1,19903.8,18315.3,21105.5,17683.5,19065.4,20956.2,21021.8,21567.1,19683.1,17709.3,18743.4,18433.1,21054.5,20003.5,21619.1,20344.1,16672.6,22757.2,18914.8,18786.5,22635.2,21229,17284.3,16430.2,17623.9,20673.6,22383.6,18250.2,18635.9,22286.7,18995.8,21792.9,20407.2,18160,18302.2,17764.7,19799,19694.8,23084.7,19604.7,18686.6,18493,22681.8,19317,22386,22856.1,17710,21841.8,19402.9,17549.2,17470.9,17514.2,18760.9,19555.9,22868.7,17686.7,22377.8,17464.4,20178.6,17451.9,17165.9,21339.5,20936.1,20230.2,21614.2,20974.6,22035.2,21290.7,20822.9,22185.9,22915.8,18204.7,20126.4,16500.6,17812,18973.1,18764.2,20085.4,20595.7,20586.3,21024.1,18705.3,22310.6,22536.8,19044.8,22658.7,19917.2,22969.3,16770.4,17122.1,19855.2,16885,18571.8,18598.4,17287.2,21687.4,19853.9,17738.9,16289.5,16351.1,20723.7,20883.5,20089.2,21926.7,20400.8,21164.2,17211,21364.8,16354.9,20882.7,20472.5,21612.9,16198.4,18139.6,21123.8,22652.3,22105.9,20009.6,16700.1,22365.1,17687.7,19585,22742.5,18072.1,23300.5,19099,21187.2,19462.7,20850.6,19076.6,22198.6,22816.8,21395.3,18815,23079.6,23536.4,20485.8,20647.6,17685.4,19055.3,24207.6,18720.7,23418.4,23842.8,22223,23310.3,23731.6,23336,24994.8,21844.7,25264.3,21622.1,21855.5,23076.1,20920.6,23272.4,23456.1,19230.7,21923.1,20483.4,24123,21041.2,20720.1,20130.4,20003.8,20564.7,20983.6,18785.4,23051.9,21535.8,23720.2,19140.8,21877.2,22512.2,18912.9,19680.7,19594.3,22504.6,24701.7,22285.6,24333.2,20533.8,19026.2,23891,25012.9,25170.4,25431.7,24040.9,21125.9,25051.6,22574.8,22584.5,24863.2,21463.6,23332.5,22312.8,28147.9,28994,37776.4
34071.6,31729.9,23811.2,23203.1,24055.5,19276.2,23855.2,20191.6,23255.2,21135,19481.9,18414.7,18436.5,21000.9,23118.6,20936.2,18249.1,20015.8,22376.5,23193.1,18416.6,20151.1,21750.4,20687.4,21545.2,18353.5,22489.4,23409,21608.2,18137.9,19106,21987.7,17786.4,18588.5,17425.6,20516,19163.7,17688.6,20090.8,18291.8,21238.2,22609.5,19873.2,17398.6,21452.5,18359.6,19191,18706,18587.9,16889.8,18528.4,21959.7,21657,16037.2,18607,16907.1,15988,19888.8,18323.8,21615.7,19058.5,18446.6,16997.1,15739.9,19297,20198.4,17473.7,20474.9,19484.9,17856.1,20441.9,19583.2,17846,21477,21615.1,22518.7,18014,16806.3,18683.6,19279.9,21128.8,17911.1,20686.4,17370.4,19124.5,20203.3,17684,19174.5,20173.9,17098.8,18552.3,19029.6,20194.2,17384,16999.7,21183.8,18254.3,21078.2,21885.1,21048.9,20127.5,18326.8,21459.3,16110.1,16324.5,20105.7,21082,20599.9,18104.1,17160.4,16877,16942.7,16347.4,18918.1,17427.5,21527.4,15895.2,20859.9,17250.8,18686.4,16633.8,17174.8,16743.1,20587.3,17620.6,17177.5,19591,16295.2,21865.3,19266.5,23038.4,17523.4,16413.9,17594.3,18218.4,17317.4,22112.1,21730.3,17093.1,19477.5,18005.1,18866.3,16711.5,21283.4,16207.2,18944.6,16046,18121.5,19210.7,19579.6,20825.1,22024,17300.8,16719,17959,20613.7,18519.5,20712,19702.7,18848.4,19239.8,20431,17648.4,19281.7,18338.9,19798.8,17709.6,17262,21285.6,21939.8,20848,21007.2,17938.7,23680.3,23364.9,17784.2,19943.7,18818.9,20145.2,19643.8,20916.8,19132.3,23369,18697.3,18491.7,18414.1,20637.8,19288.6,18280.9,21100.4,17825.3,20293.4,18368.5,17824.8,22875.2,17079.9,22336.5,18018.1,19043.4,21705.7,19976.5,19219.9,19164.2,18178,17994,18351.5,22510.4,20062,21537.3,22683.6,20309,18941.8,16779.5,22706,22701.8,20662,21146.8,18421.2,18057.8,21090.7,22922.8,21137.4,22696.6,19835.3,19334.6,21215.9,18869.4,20132,21692.9,19940.3,21734.3,18371.6,20270.7,20551.4,20036.7,16697,19320.8,18968.5,19387.9,22952,20342.1,19729,22594.6,20438,19670.3,16623.6,21496.4,22062.2,21626.4,17955.8,22822.1,23107.7,22865.6,19677.8,21783,20117,22532.8,21868.7,17488,21021.4,19960.6,19361.8,22124,21450.6,19889.1,22933.5,23344.7,19831.6,20623.7,19483,18191.3,17982.7,22593.6,18955,18409.5,16995.7,20814.5,18772.8,17817.4,16486.5,19979.5,22418.8,20012.3,19171.4,19793.9,16468,21894.9,19186.5,19105.6,21709.1,21883.7,20761.7,20763.8,19001.6,18727.7,19251.1,20315,22389.8,20213.5,18799.4,16400,19291.5,16838.9,20606.6,19084.3,15925.5,17824.6,22834.4,20494.5,21531.3,21138.8,18349.3,18689.2,20713,21536.1,18240.9,17832.5,18462.9,22613.7,18599,19462,18180.8,19894.8,22945.5,22114.7,22941.9,23559.7,24228.1,23082.3,22981.8,22423.4,23873.7,18224.7,22144,22240.3,23733.2,20643.7,20424.5,23070.3,22538,22660.6,20363.1,22514.4,25199.4,20315.9,23488.3,21204.2,24337.7,21376.8,23670.8,23383.5,21771.2,22627.6,22138,23932.1,19472.9,24378.8,21203.7,19971.8,24142.4,23454.8,21033.4,22271.2,23457.1,23383.1,19783.9,18755.8,21184.9,20192.1,22935.9,25223.5,23598.9,19766.5,22867.8,20833.2,25717.4,21468,22322.2,23169.4,22036.9,25832.2,24827.9,29637.9,37663.3
34116.9,27837.7,28428.8,21969.1,20949.1,20075.2,24497.5,20883.1,18982.8,19251.3,22007.5,19288.1,20455.8,23087.5,21187.4,21250,19143.3,19603.4,17632.2,22589.5,20322.4,17117.7,17514.1,17748,21154.1,20965,17748,22302.2,22887.2,17660.9,21569.2,23604.4,18910.2,19840.1,22714.2,22439,17831.2,22167.5,20907.7,19950.7,20561.5,22533,19260.2,17407.5,22708.3,16523.4,20794.8,18726.9,18272.9,18244.5,21579.5,20635,17192,18351.7,20246.9,21983.4,20093.2,20398.5,21238.1,20112.1,21846.1,19002.9,21385.8,16941,17591.4,20765.2,16600.5,15840,18796.2,17575.3,20892.9,20793.8,22885,21500.1,21581.4,20170.7,21927.8,17312.7,17898.9,16978.8,19628.9,18019.9,21398.9,19785.1,17637.3,20219.3,20087.6,20357.9,19092.6,20803.9,21132.6,21741.9,22633.4,17196.3,21397.6,21243.2,19041.1,21129.8,21288.8,17439.2,16906,16241,16104.9,20478.2,16106.6,17662.5,16182.3,17986.3,16950.9,20843.6,21867.8,16866.9,21560,19261.6,16899.4,20086.8,17451.5,17717.9,20428.7,20962.5,18416.9,21995.2,19408.4,22785.5,21310.6,21252.5,19347.7,17263.9,20934.1,18212.5,18509.8,17882.3,17667.4,20796.7,21469,19095.3,20533,20387.4,17050.7,19535.7,18241.8,20532.1,19452,18120.3,20556.8,16993,20271.4,19559,18672,16497.5,17371.4,20848.5,18684.3,18741.6,19340.5,21716.6,22370.7,21122.2,16652.6,20475.4,17571.3,17799.1,18020.7,16210.5,21520.6,22603.8,18508.7,18617,19031.5,21777.7,21506.6,19395.8,17676.3,17990.7,18771.9,19234.8,17940.1,19412.2,19475.9,20628.9,19621.6,20317.8,17627.2,17725.4,19356.3,22959.1,18368.7,19019.9,17687.1,17149.8,17090.4,23095.2,20550.5,18826.6,17701.8,22003.8,22067.8,17432.9,22401.5,17687.9,19319.3,21699.9,19526.3,20038.1,19226.5,19102.9,19182.2,21749.5,21588.8,22494.4,20538.7,19883.9,21547.2,22658.3,18314.4,17335,22072.2,21473.4,17150.4,22210.5,21762.4,22666.5,19396,18198,19565.1,18228.9,19859.8,20654,18378,19438.6,20780.5,18390,21651,23136.6,22316.5,17750.4,22831.6,18725.5,19706.8,22999.9,19145.6,17187.5,20397.7,20167.2,19991.9,20876,18709.7,17273.9,21903.1,18088.5,19845.7,20618.2,18415.1,17584.1,21109.1,22885.9,20834.3,17483,19397.9,18889.8,16629.1,20946,17218.4,19525.2,21887.4,23133.9,23276.3,23651.1,19924.4,22123,22775.8,20327.3,20494.6,20719.8,18146,22624.2,20047,22305.8,20895.9,20341.5,18854.7,22584.8,20788.1,16679.4,17472.8,18239.4,19282.8,22346.9,17980,17395.9,16363,18165.1,16802.9,20154.9,21997.8,20763.8,19280.1,19778.4,21279.3,19173.6,16667.1,21039.5,21077.6,20530.8,18667.2,17610.6,20837.3,17329.3,20333.1,17545.3,21203.3,22259.2,23255.9,23465.1,17088.9,23344.8,21425.9,18728.8,22390.4,22500.9,23273.7,19590.7,23272.3,24234.4,22190.4,24050.4,24356.9,19552.3,18246.7,23569,23033.5,20320.4,20079.8,23612.9,24867.7,19053,22936.8,23753.1,24392.2,21370.3,18528.4,22569.8,20943,19793.1,21263.9,24045.9,25268,23685.7,21639.8,20407,20635.5,25402.1,21956.9,25103,25186.8,22218.8,22429.3,22539,24201.1,21048.2,24038,21207.2,22010.8,23358.2,20306.3,18715.8,19476.4,22978.9,25155.9,21610.1,20625.5,19567.2,24369.7,21653.9,24578.9,22519.7,21789.3,20425.4,23293.7,23025.7,21507,26308.6,28613.6,35754.3
35308,31518.8,29588.2,27404.1,22813.2,19290.3,19985.8,20752.9,23457.8,19110.4,22713.6,18698.9,22891.8,21680.2,21979.7,20756.3,22920.9,20673,17824.1,22151.6,21906.8,19514.4,18837.4,18524,23684.4,19392.6,20431.2,21701.5,20837.8,18667.1,22743.6,21958.9,18331.5,20523.4,22074.5,19487.6,18750.7,22019.6,19447.1,20418.5,20341.6,18697.9,19139.3,18903.9,19035.2,20557.1,17240.8,16964.6,21972.3,21667.4,20003.6,21428.8,18903.7,19239.3,19776.6,17413.6,21595.6,16936.2,20687.1,20121.4,19205.9,18664.6,19225.7,21108.8,17136.8,21107.3,19459.7,21446,17120,18393.7,16782.3,21933.7,17386.3,18273,20426.7,21723,19493.4,19109.4,20753.5,19057.4,16967,22241.7,17397.5,21119.3,20566.9,21189.1,20014.8,19569.4,21694.6,17890,21821.4,18540.6,21487.5,19855.6,19472.6,17856.6,17786.8,21791.6,21840.8,19042.9,22525.9,20652.6,21133,19197,18932,21486.3,18957.7,19845.4,15925.6,18098.6,20150.5,16875.4,21519.3,15745.6,18780.5,20879.5,16139.6,16316.6,17961.6,20548,21651.1,19520.6,18272.5,16444.2,22158.2,19316.7,16773.1,21815.2,20119.8,17033.6,21929.6,19630.3,21157,19683.2,21541.4,17276.7,18388.9,21153.2,20537.2,18109.6,17839.2,16615.1,21203.5,18004.2,16661,19359.7,18242.8,21457.4,17418.7,19511.8,18741.7,19137.9,17456.9,21615.8,19895.6,16789.2,19609.1,19960.7,20902.8,20274.7,21579.9,16192.3,16418.7,17714.3,18710.1,18401.7,20959.7,21328.9,20457.6,20130.6,17359.5,22118.6,19902,22731.4,18728.5,21219.8,17616.8,17985.6,20817.3,18492.9,20650.5,22490.5,23185.4,20938.6,23370.2,21592.2,20545.8,22647.5,19757.9,20555.9,17046.8,23024.1,22958.5,21489.5,23159.7,18786.1,19379.7,19223.6,22364.2,19396.5,20535.6,17607.7,21050.7,16764.5,21890,21168.2,19045.4,21197,19950.2,22961,20111.8,22864.4,20807,19762.9,17346.7,23189.7,17819.5,21145.7,17750.9,21615.9,22572.5,19568.1,20349.1,19097.6,17696.8,22883.2,22680.3,20755.3,18403.9,17260.8,18771.9,21346.7,16818.4,19081.7,19119.6,21226.6,20461.1,20574,18990.6,19405.4,23195,17740.2,20019,19967.6,19482.5,18903.6,21514.6,20401.7,20687.9,22696.8,20339.4,22457.3,22555.5,18016.2,17098.3,20657.6,20566.5,22617,20736.1,16669.9,20905,21139.1,19275.3,20704.4,18025.3,18413.7,17730.5,17238.9,18660.8,17177.4,22033.2,20975.4,23103.6,22392.7,21563.1,18415,21100.5,21166,21521.8,22653.3,23208.3,17956,21342.7,22169.8,19696.9,20944.9,20778.5,19515.6,19466.9,21121.2,22006.5,22769.3,18655.1,22564,17237.7,22465.6,17059.1,19437.8,18029.9,21518.7,19920.4,22564.7,18004,17222.7,16573.8,22110.1,18843.9,20134.2,19428.7,21521.6,22696.5,16794.9,21101.7,21996.6,20317.4,20872,20549,20088.4,23103.5,19925.7,20172.4,22102,23014,19292.1,19945,18580.4,21856.8,24635.9,23596.5,19458,22549.9,18206.9,23874.1,19862.3,24647.3,21294.7,24107.2,24506.9,23850.6,21950.9,24370.7,20121.2,23225.4,22286.9,23274,24370.5,20714.2,20002.3,24755.5,24806.4,21693,21193.9,23985.2,23907.4,19518.1,24489.5,19078.4,19953.4,19390,21374,20961,24382.4,22111.1,19146.3,24110.3,20669,20965.4,22482.6,20417.8,22495.3,22989.1,20802.5,20200.6,25199,20424.5,23790.7,23857.1,20518.3,20193.2,25955.4,27142.3,26193.5,31677.2,37405.1
36517.4,29813.7,23931.3,24137.1,20258.8,22483,22507.4,19645.3,20276.2,20903,21113,18897.2,21591.5,20644.7,20285.6,19995.3,24012.1,20329.9,23680.5,22095.8,19265,21853.1,21017.2,22771,17148.5,18513.8,23001,17518.4,23143.8,23671.8,23414.1,23029.5,22072.6,21264.8,22099.2,21057.7,19306.5,18345,22818.4,18536.9,20300.7,17998.8,19484.2,16323.1,21135.4,18732.4,17311.2,21079,19278.7,16730.6,20559.3,21930.8,18073.2,20653.2,19343.9,15939.3,20892.9,19693.8,17932.7,16069.3,19870.2,20445.3,16925.8,21958.2,16504.7,19250.4,17197.1,21492.9,17027.9,16154,21211,17410.5,17603.7,18314.2,17822.5,22705.3,22372.7,18575.8,17892.6,21006.1,18588.7,19847.4,17118.7,21745.6,19266.7,20756.8,21682.1,20909,18378.8,17519.2,19193.5,19412.2,21365.8,19506.3,21101.6,16635.8,23207.7,22707.3,22782,20790.2,19370.6,17064.1,20924.1,16461,19918.9,18946.6,21467.8,19786.7,19732.6,20656,21852.8,20029,19065.4,18923.2,19274.6,16041.9,15794.6,21506.6,18662.2,18469.2,21419.1,18369.4,20672.4,18046,20498.4,19336.9,16548.6,21918.5,18838.5,19168,20452.9,21686.7,18120.3,22601.7,20293.1,19260.3,20612.4,16956,18704.2,16286.5,16701.8,19089.3,18921.7,21172,20729.1,21329.1,21674.8,21382.2,17026.4,19623.2,17518,20298.6,20760.7,17496,17184,20091.5,21108.9,20848.4,21239.6,18575.3,21168.4,17203,20604.2,16815.7,17129.3,18335.2,17898.2,21761.8,22776.3,18073.8,5631.9,23326.5,20867.7,19202.2,23204.4,20152.7,21907.5,18296.6,20790.7,22908.8,19243.7,20481.7,21180.8,19051,18440.4,23166.7,19737.7,18664.8,22189.9,19195.2,21124.7,17362.4,19940.8,19293.4,19161.4,20915.1,21943.3,21321.8,21878.3,20269.9,20722.3,21305.2,22111.7,18671.3,18151.9,22331.4,17577.4,18884.1,16492.9,22668.6,17107.7,19766.3,22379.2,19287,17086,20397.6,22039.9,21899,18155.4,19106.6,18784.3,18754.5,19921.4,23529.8,22171.9,19885.7,23529.7,20091.3,23308.3,19613.6,16705.1,21484,21984.9,21684.6,21372,19974.5,20258.5,17123.4,17357,18208.7,20087.2,18542.6,20644.9,17684.7,17202.6,22793.4,17931.7,16970.6,20445,18932.8,22242.4,21199.9,20305.9,20831.7,18733,19722.8,16566.5,19271.4,20067.8,19403.1,21163,18131,19013.2,20296.3,18575.6,21897.3,16842.8,19915.4,18807.7,22265.6,20157.1,20760.1,19034,17849.9,17866.9,17613.2,17144.7,18208.2,19976.4,20790,22904.6,22413.7,17099,20095.6,21639.3,22962.5,22727.3,17252.5,17814,16287.7,20004.8,20344.6,17045.7,17239.8,22024.7,21123,16870.9,21460.1,21165.1,20169.3,17496.6,22730.2,18313.3,18146.1,19195.8,20367.9,17502.4,22203.9,22879.1,21384.3,20152.8,20534.6,22757.5,17389.7,21897.4,22689.7,17081.8,20368.8,18757.4,19500.1,18789,22842,18529.8,23802.5,19760.7,21718.2,23687.2,19593.8,21399.6,20923.6,19225.6,18289.9,24651.6,19208.2,21651,19264.8,19355.1,23148.4,21215.2,22818.1,24216.8,21821.9,18864.2,23624,23321.8,22517.4,22433.6,24521.5,23287.5,21090.4,25179.6,22484.9,21350.9,19464.6,20216.7,25429.8,24164.5,18764.3,21403.6,21238.5,23874,18787.5,21376.6,18894.7,19261.8,21269.4,24160.4,19502.2,21402.9,20894,19990.6,23236,23094,19377.6,25980.8,20693.9,23913.5,21328.7,22864.1,25103.3,22924.6,28008.1,30661.3,35313.1
36485.1,29123,26822,27576.9,24570.7,23013.7,18994.6,23989.7,21142.2,18462.3,21490.6,21453.8,23237.5,21958.2,22823.1,23362,20340.7,18848.4,19247,23131.6,23089.1,20525.4,21046.1,21472.9,17771.9,21737,22865.6,22593.2,18884.8,22329.3,21531.7,22888,21897.9,19037,23192.9,21549.4,21618.5,18160.3,20016.3,18498.7,21384,22171.1,18677.3,19337,19538.2,20970.1,22083.6,21970.9,21207.1,22088.8,18636.3,20934.5,19379.4,22131.2,17779.3,20499.6,18429,16303,18529.3,19201.3,18551.7,18274,17974.8,16370.7,18336.1,21792,20382.2,19947.7,17934.9,16618.2,17220.4,20185.1,17680.2,16777.1,18603.2,20115.9,17352.4,22583,21881.3,17425.7,20575.1,21828.7,18541.5,18014,20414.4,22886.6,18548.8,20638,19842,18724.2,22167.8,20451.4,19605.8,19857.6,22080.3,18473.3,23121,18192.2,21793.6,18540.7,22172.5,21191,19186.8,18657.7,18443,21041.3,18440.6,19622.8,21092.1,21960,20128.1,17750.6,15908.3,21892.3,16810.8,17692.1,17415.7,18125.1,20154.5,21591.3,19712.1,20000.2,19590,19464.6,16907.8,17016.4,20025.9,21214.6,16627.7,20161.1,22261.1,22432.4,19105.1,19817.4,18045.6,16261.3,16646.5,21334.4,20976.6,21454.9,20042.9,15789.7,20186.8,21918.6,19633.4,21191.1,21636.2,16829.3,21497.6,19423.8,19721.4,18547.1,18483.8,22143.4,20297.3,15714.3,19036.3,19665.8,16678.5,20204.4,21833.8,17421.3,19864.2,21717.4,22004.6,22521.3,18279.4,22626.3,19351.5,23094.9,17856,23077.1,23840,22330.5,19624.6,22456.4,19785.8,18285.8,23235.8,20435,21061,24014.7,18371.7,19379.4,20698.6,23111.3,21744.1,23055.1,20172.4,18779.1,17486.6,16756.2,20979.2,18571,22052.3,19708.2,23095.9,22247.1,17032.8,22794.3,20820.9,19729.4,22719,20477.1,21278.8,22425.7,19463,19439.4,19354.9,19864.2,19004.2,22111.7,18444.4,18995.5,16781.7,23230.4,19132.2,17924.6,20984.5,22945.3,18494.2,18748,21372.2,18934.7,22008.8,20857.6,20192.2,19745.4,22655.5,17006.4,20220.5,19876.6,20027.8,18372.8,22312,22845,22427.8,18689.6,20848.4,20734.8,18266.5,18418.9,20243.2,22060.9,22083,23079.2,17489.3,18842.3,22655.6,22130.7,22083.9,18133.6,22763.1,17214.9,22363.7,17732.1,16985.6,21418.2,20577.2,18400.5,16264.6,17459.5,16984.7,17653,19809,16718.9,18547.3,22240.4,19705.3,22925.3,22630.1,20809.1,22028.6,17959.4,17529.2,18486.3,21044.9,19798.5,22686.1,18173.8,19642.5,17860.9,19426.6,21082.2,18629.2,17089.7,21680.1,21683.5,16328.2,22469.9,16569.2,19709.5,18885.7,16980.7,20013.6,20316,18669.5,22296.6,16834.8,19253.6,19690.5,17003.3,19697.2,17102.5,20115.9,21405,21447.7,20134.5,17327.6,22696.2,18514,20347.8,19324.1,22791.3,22287.8,21899.5,22268.2,23136.6,22191.2,17560.7,19552.7,18305.7,22846.7,18517.7,22262.9,21154.3,18900.8,21654.9,21552.6,22291.5,19059.3,18666.3,20677.1,20103.9,24737.7,22024.9,23184.5,24339.4,22026.4,19258,23166.8,20909.4,22719.1,20301.4,24701.7,20230.9,24718.8,23910.3,23145.6,23191.6,23808.6,19972.7,19192.3,22292.4,18920.8,19793,23771,23399.1,20541.4,18862.6,23911.2,23963.9,21189.5,18805.7,20149.9,22064.4,19544.1,22956.4,21476.4,23572.1,20366.9,20980,23586.9,25664.6,23682.2,20672.3,25901.2,23201.3,23673.7,22951.5,25745.8,26436.7,32689.7,31580
32793.4,31602.2,29586.8,23163.8,24616.9,20667,24384.8,20726.9,22947,21835.7,21104.9,22838.5,18721.8,21157,22657.1,19204.5,21101.8,23946.6,18094.8,18069.3,21310.3,22069.3,18789,21942.6,20343.4,17223.6,21379.6,22093.1,20503.4,20200.1,23284.2,23343.7,18799.6,23299.3,19909.2,21755.1,20305.3,20855.3,16941.2,18813.3,21492.5,21541.1,22328.1,18139.9,20874.2,19575,21221.1,19097.6,18957.9,20921.9,19377,21978,17934,21083.1,21209.2,20116.1,16498.3,20446.4,16796.4,19393.4,17107.8,21321,19604,20610.4,16929,17718.9,19251.5,17679.2,20288.7,18964.5,17230,18423.9,16670.5,22095.2,20266.6,20977.8,22951,20331.7,20630.4,20150.3,20997.8,22279.9,19260,23263.6,17842.7,19014.1,19646.5,23255.2,20620.5,17142.6,19768.3,17505.7,20377.4,21381.3,16701.3,21646.1,22553.3,19720.8,21660.8,19453,16689.3,21295.8,17056.5,18000.1,18293.3,16096,20763.5,19066.7,15738.4,21008.8,18880.9,22236.7,21410.2,20413.2,15560.6,16651.2,15750.5,19766.2,19267,20124,17974.3,19175.7,21914.2,17793.6,20058.3,21195.4,22354,18167.3,21683,20572.3,20334,17124,18085.3,17521.3,17021.5,17910.4,15901.9,18320.7,16226.7,18323,17157,19118.3,18424.3,16680.4,17161.9,20602,17561.7,20858.2,22209.1,19302.9,18396.9,20268.4,19361.5,21898.8,17977.4,17528.1,21441.4,22117.6,22063.6,22721.8,20277.8,22231.8,19411,21776.1,21749.7,19796.1,21903.1,19375.5,20149.5,21717,23655.2,19569.5,22154.3,19868.2,22989.5,19134.9,18559.3,23000.7,21888,18838.1,21829.2,23571.8,18952.3,18260.2,20315.1,19701.2,19452.6,19473.4,21837.4,18907.4,19163,21422.5,22314.4,19417.4,17482.9,18974.4,23247.8,19474,22944.3,21152.5,19173.8,17003.7,18151,19841.5,22677.6,17829.3,21840.6,21053.2,17456.7,20697.6,18565.4,21234.9,22001.6,19785.6,23138.8,20409.3,17731.1,21069.8,19477.1,20917.2,17898.5,16919.9,22973.5,21483.8,21119.8,20547.5,20824.3,20880.8,17965,18496.6,22807.6,16809.5,20881,16820,18293.5,20397.8,22679.4,19389.9,20226.6,19841.8,21162.2,22256.3,22717.5,21469.8,18546.7,21088.9,20001.2,20140.4,22362.5,21901.6,19531.8,19053.1,20144.4,18020.3,18279.8,22663,19275.4,17115.1,22646.1,21188,17371.7,17597,18530.5,19913.2,19351.7,16932.1,19158,22801.4,18387.6,23127.4,23445.9,23378.6,22467,19710.6,23028.4,17301.4,19588.1,22227.5,22055.2,17734.8,19425.3,21999.3,21976.1,17125.8,18373.4,17444.2,17385.8,18629.7,22767.8,21395,19233.3,20845.8,22932.6,19364.5,18894.2,18259,21054.6,20441.5,21386.7,19309.3,17037.9,16529.4,20038.9,21151,19565.4,20259.2,18218.5,20479.8,18800,22276.1,16800.6,21853.5,18958.9,19203.5,19547.5,21909.5,19091.1,20882.5,18233.2,17681.8,23435.3,20146.7,19716.5,19592.1,23863,19699.4,18211.6,20172.5,23919.8,20288.8,19086.3,19550.4,20964.1,24672.1,22609,21070.8,18434,23484.1,22396.1,24249.6,21478.9,21196.7,23019.7,24435.5,20221.4,20413.6,23185.5,20791,19938.1,20436,22535.2,22403.5,24942.9,21151.3,25278.9,24153.8,20999.6,21481.3,20387.1,19251.2,24540.7,23661.4,20833.6,22813.3,23017.5,24111,18530.9,22563.7,22821.2,25955.3,23268.3,23051.8,24378.5,23054.2,24586.8,25446,25862.7,23786.3,21554.5,25276.4,27957.9,29323.2,29866.6,31781.6
36838.3,27443.1,27393.9,22425.5,21645,25183.2,21676,22150.6,19452.6,22834.7,18564.1,21605.1,19313.6,23881.7,18074.5,17742.5,23536.7,20032.7,22833.2,17805.3,22337,23455.2,18600.3,18375,20408.4,19836.9,22652.5,22266.2,17570.6,23218.7,20965.1,20807.4,19776.8,20335.3,18239,20227.3,22132.8,21212.3,17225.4,20986.1,19754.8,17004.2,17692.2,21894.1,20868.8,19046.3,19023.6,21049.6,20892.9,19957.8,18736.2,21025,19491,20635.1,18183.5,18175.9,16161.9,21982.3,17247.6,17365.4,21648.2,19908.6,18720.1,16187.1,16104.8,20206.3,19801.1,21883.9,20135.5,22240.7,18683.1,16053.2,16687,17003,23146.2,21580.1,22339.6,21561.3,21846.3,19811.1,18437.9,19309.5,19327.9,20958.3,21744.1,21856,18617.6,17221.9,19532.4,20469.9,21370.1,19268.3,23086.9,21376.7,17662.8,18461,19975.6,16700.5,21584,17552.3,22139.6,21010,19821.2,19798.7,21999.7,18177.8,19475.9,18289.9,19764.3,20335.8,17903.1,20388.2,18577,18894.4,19166.4,18547,20562.1,18913.3,21919.9,21365,17393.2,21757.8,20880.9,21885.1,21870.3,20868.5,16519.6,17797.5,21172.2,18264.8,20401,20997.7,22503,18438.7,19524.7,21979.4,17185.5,16032.7,21284.4,18048.2,18229,16598.9,15943,22228.7,20699.2,17978.4,18614.5,16205.1,16250.3,20969.9,19271,19589.9,16544.1,20062.8,17201.4,19772.9,22284.1,17073.6,18197.3,17965.5,22097.9,16884.3,21512.2,18460.3,17955.9,16369,16618,22109.4,19735.5,21804.4,17726.4,22052.7,19067.8,22529,18381.6,20870.7,18416.9,20707,22050.1,18619.8,21666.3,23225.9,5895.72,24208.7,21389.2,22638.7,19358.2,20527.5,21197.9,23049.9,22542.8,20133.5,19494.5,19024.3,18431.4,22172.1,20882.7,21344.3,22412.8,21978.5,21273.5,17252,18238.5,17444,20493.6,22326.7,17981.9,20439.8,18676.1,18248.7,17629,16636.5,16736.4,18157.4,17466.1,20315.5,22241.7,21633.9,18388.8,22947.9,22176.6,22004.3,18007.1,17999.7,19710.2,22595.8,19421.7,21264.3,22684.8,18889.4,20762.3,21070.3,21356.9,19340.6,19582.4,22182.4,18109.8,18269.9,19115.5,17259.9,17857.5,17020.6,19703.5,23025.4,20306.1,19017.4,19379.5,17895.4,18362.1,19184.5,20282.5,22173.8,16752.5,20974.8,17132.4,20878.9,23029.3,21697.8,18889.6,22104.4,20646.3,20477.5,16545.4,18672,18409.7,20446.3,20805.8,19450.5,19046,17847.8,17685,17016.7,23365.9,21032.6,19749.5,18590.6,20797.2,21849.1,18921.9,23127.9,22066.8,16924.4,19728.8,19664.9,20865.2,16510.5,19700.5,19574.7,17323.5,17503.1,17884.6,17685,19737,22025.8,19189.3,16423.3,16748.1,21548,19648,20917.4,16636.6,21512.2,21078.7,17151.7,16828.5,17158.7,17819.2,21979,18683.8,20848.3,18596.4,20416.5,23260.9,21771,20312.3,18763,21022,19996.8,22009.5,22212.5,20084.1,21777.8,20546,18314.7,20467.2,18841.3,19715.7,21693.9,22498.1,22643.6,19744.7,22275.1,22404.2,18829.4,20586.4,22085.8,22830.6,20551,20467.6,21279.4,23791.7,23597.9,20542.8,24770.8,20443.8,22856.3,19747.5,21284.4,20341,21667.1,21845.5,22682.2,23975.4,24380.5,22234.9,25366.4,21978.5,22971.3,24500.4,20746.9,24195.3,22074.7,21257.2,22201.6,18537.7,20355.9,20010.9,23443.6,23077.1,21330.6,23210,22441.3,21731.4,20069.6,23696.6,23894.6,25608.2,22757.6,26128.8,25974.3,23986.6,25203.6,31344.4,32915.1
32555.1,28868.9,24561.1,25892.3,21064.3,23549.7,21083.2,22526,21439.4,22160.9,20798.6,20028.6,21893.9,22650,23907,21494.2,17738.3,22092.5,23348.3,20321.5,17856.3,23219.5,17497.5,20937.2,22098.6,20887.1,19837.9,17907.4,21087.5,18429.1,21026.8,23389.5,21560,22009.8,20449.5,20485.2,22023.5,19267.7,18496.5,17846.7,22004.4,19016.5,19157.4,18603.9,21617.9,16843.8,20098,21443.3,18291.2,18513.6,21935.6,19932.6,21107.3,20339.8,17793.5,20962.5,19463.6,19447.6,17595.3,22095.6,16949.9,21032.5,16724.1,21000.2,21053.2,16111.8,20801.8,20441.9,20786.9,16992.6,17227.4,21389.8,20180.5,20649.2,21655.3,17311.7,17594.3,21417.7,18690.6,18683.3,19879.4,22561.8,21104.6,19718.9,17150.7,17461.4,21629.2,19269.7,21332.5,22231.8,17515.8,19747.3,16917.6,21144,19068.1,22177.4,22366.8,19571,17645.7,16510.9,19000.7,22183.1,21087.7,20666,18168.1,21385.8,21466.9,17443,16693.6,19781.5,17967.6,18636.2,22095.3,20998.3,16693,15603.9,17724.7,16510.4,17649.9,17828.3,20567.5,21430.6,19795.9,16676.7,21020.4,21886.6,22590.5,20847.3,20569,18936.7,19802.1,21253.8,18842.7,21852.6,20315.2,17698.7,20552.2,17578.8,16217.9,18494,19243.1,20899.3,18436,20479.4,18192.6,18396.9,19694.9,19278.5,17013.4,19073.4,18439.8,16679.5,18766.2,21913.9,20088.6,17068.1,19396.3,18494.1,20925.2,16945.1,18213.8,21347.3,22431.2,18790.7,16510.3,21227.1,17945.2,18338.7,19257.3,23244.3,17646,19313.3,21406.5,22300.5,21788.5,23141.5,20131.8,19593.4,19253.4,20418.9,20928.2,23208.5,20912.1,23156.7,22628.8,20697.6,17212.6,18985.9,19585.5,22522.6,19391.8,17979.2,19227.5,18581.5,17823.4,17027.7,22471,19558.2,19458.6,22443,20860.2,21147.8,18743.1,20246,22520.6,17075,20844.6,20367.5,18946.9,22408,19097.3,22551.8,22485,21218.3,20220,17986.8,22454,21872.4,23508.2,20360.2,17755.8,19507.5,19574.4,17379.2,18295.3,22952,17761,19103.4,19719.2,19836.3,22680.8,18782.4,18586.1,20819.2,18669.4,22453.1,22071.1,18252.9,19050.2,17860.3,23118.3,21018.3,23177,19626.5,22012.7,19806.6,21809,22208.2,17532.9,17854.4,17876.6,21574,23189.4,19039.1,20282.7,22133.7,21343.3,19304.3,22557.3,17235.8,19691.7,21760.4,19733.8,17250.9,16450.2,19378.4,22580.8,23160.5,21782.9,22225.7,17614,19787.7,18305.3,22375.7,20352.8,17542.6,19088.5,16888,18207.4,20105,21305.5,17516.9,19078.6,16962.4,19666,16991.7,18391,17087.6,18886.6,17450.5,17887,16562.1,19988.3,19470.7,21052.1,16917.4,20910.8,20240.5,19775.4,18844.7,17789.7,21472.3,19102.2,22736.3,17194.3,21923.1,19161.1,20480.6,17268.5,17063.2,19420.1,23102.6,21522.1,20769.3,22673.4,17051.1,17738.9,23670,18107.1,21970.9,19338.5,19465.6,19247.4,21438.8,23010.8,24462.7,20269.9,22336.8,20954,23924.5,20922.6,19984.7,24583.6,24960.6,21497,22066.9,24401.1,22866.7,24686.4,19488.9,19818.5,19860.4,20570,25517.7,21735,24921.3,21982.8,22966.4,20465.4,20112.6,19376.3,23999.3,24140.2,18894.5,19400.2,22450.3,22826,24781.9,22831.8,19909,21141.1,20022.6,19354,24598.9,22971.9,23026.3,19265.8,23191.9,23230.2,22066.2,24587.3,22067.9,23754.1,25925.8,26235.7,23087.3,22979.4,23309.2,22683.9,21597.4,25335.3,25789.4,29208,37606.9
31790.5,26582.3,26668.1,27654.7,21810.2,21460.7,19299.9,21071.5,20111.8,19891.2,22161,22535.5,21396.9,18851.9,19621.8,23537.7,23588.2,23784.2,21020.6,22514.2,18409.8,18036.1,19083.7,20031.3,21780.5,23602.2,22616.1,22703.9,22076.7,21561.7,22734.8,21679.3,23085.4,21059.9,23067.4,21649.8,21523.4,18308.5,22879.2,19593.9,20262.4,21717.2,18297.4,22155.9,19823.7,17534.2,18204.9,18943.2,17155.3,21338.6,18486.4,16161.3,19736.1,18818,18219.6,19525.6,20880.7,17011,19238.3,19354.6,17545.2,19207.2,20186.7,19088.4,21946.1,19219.5,21144.1,21165.8,17749.8,21557.1,17225.6,21396.1,17701.9,18511.7,20981.1,21311.8,18970.9,17600.4,20456,21825.7,19918.9,21259.8,21132.6,21397.7,18961.3,21137.3,22056.3,19558.9,20992.1,22630.4,20779.2,18918.1,17424.4,16819.2,21542.7,18940.8,21909.3,21904.2,16531,21446.7,19496.5,22012.4,20237.3,16948.6,20599.5,17720.2,21709.6,20707.9,16360.7,18701.4,18455.6,21417.4,21339.2,20570.9,19167.6,18300.8,18030.7,20783.6,18277.8,19540.5,21051.2,16502.8,20136.9,17603.1,20436.9,17177,22551.4,19324,20941.9,16996.5,17773.6,23057.8,22442.5,21774.7,18399.6,22411.2,16658.3,21294.1,21407.4,21342.8,18410.7,20152.3,16141.7,15950.5,15957.8,18909.5,20666.5,21620,18294,17953,17337.9,20403.1,16949.2,19142.4,16077.2,17380.8,21802.8,19609.5,21407,17665.3,20863.6,21426.4,17694.6,20733,20106.9,17029.8,18820.3,21138.8,21213.7,18645.5,22641.5,22398.2,23184.8,19392.9,22868.9,17748.6,19432.7,17792.7,23609,20879.7,22305.3,23526.7,22173.3,21563.5,18929.1,19257.4,23438.9,17202.2,17235.9,22344.5,18059,22071.5,16781.4,16949.5,18910.8,20979.1,19423.9,22691.4,21527.7,20023.4,20470,17839.4,21696.4,22181.9,20094.1,19505.5,20739.1,17370.5,17125.6,16432,19844.5,18309.1,21803.4,19550.1,18235.7,19575.4,20150.3,17317.3,22297,20970,18737.3,20545.5,23077.9,20540.3,23146.3,17583.4,19173.3,17986.9,22184.6,18856.3,19035.6,18723.9,22393.3,21417.4,22530.3,20273.4,20959.1,17008.3,18212.2,21460.8,22015.8,23388.7,21408.4,17637.2,18112.5,19509.7,19547.8,21238,22557.4,20996.6,23008.6,17829.3,20374.7,17898.5,20131.5,22549.3,23144.6,17533.6,19765.3,19118.8,18486.7,17389.4,22463.8,18429.7,21871.4,20749.6,20526.5,18362.3,18833.9,23378.1,21392.6,21709.9,19388.2,21506.5,21938.7,20260.6,19926,21694,17192,23213.4,23306.3,21549.6,18714.5,16605.3,17890.7,19924.7,17002.1,19189.9,21680.5,16472.6,19970,18344.3,19736.2,17829.3,16996.2,22365.9,16241.7,19417.9,20999.4,18742.8,17315.2,21795.2,23010.2,21477,16984.2,21196.4,20169.7,21958.2,21800.1,20771,21245.7,17157.6,18610.9,18450,20812.3,17930.6,20270.1,19510.7,23432.3,19619.4,22175.1,23731.1,22564.4,23706.8,19287.2,22463.8,19124.9,22376.9,18380.8,21345.6,21098.5,23832.5,24243.7,24151.3,21866.8,20425.6,24432.8,24428.4,22396.5,21229,23699.6,21263.3,18770,24266.8,21911.4,21999.3,20509.6,22307,18889,19417.5,22883.1,23010.4,21038.1,23864.8,21456.5,23288.2,24176.7,20176.2,23793.3,23283.4,21314.2,18555.4,18287.2,19897.3,20403,20899.3,24620.1,20365.9,22350,22216.9,20798.4,23955.5,23544.1,19986.3,23229.6,25643.9,22786.5,23845.1,20763.9,23829.7,22627,29312.3,31139.1,37151.2
34707.8,28493.7,27817.3,25144.3,22159.8,22631.8,24029.6,22840.7,22672,19913,23812.9,21656.4,21188.4,22051.2,19742,20087.8,21785.7,19876.9,22599.5,17748.2,18984.1,18696.2,23135,21057.5,19845.8,21549.9,23142.1,19100,23426.7,21233,19468.9,21090.9,22336.2,19316.6,23660.8,23321.2,17763.3,20796.3,17821.1,22629.1,17120.5,21356.8,18883.8,19520,22373.5,17526.9,20347,21798,18405.7,18137.6,19019.3,19389,17294.8,19580.3,22348,16141.4,18099.4,20307.1,19813.5,19394.7,19835.6,16325,16797.1,20826.2,20191.9,18954.1,19209.7,18613.6,16956.5,20815.2,16610,21969.2,17476.3,21509.1,20741.6,21130.6,17161.5,21871.8,21219.2,21292.4,20030.1,22263.9,18160.8,19471.3,21524.6,22812.1,19656.8,17365.8,19777.4,18966.5,20336.9,22594,20896.2,20012.3,18532.1,21157.3,23354.8,21668.6,21479,20401,20679.2,17859.3,15930.7,19803.1,21888.9,19182.1,21372.8,18674.2,18766.8,16074.5,19250.8,18873.9,17304.4,20270.7,19976.5,21394.6,17778.8,20461.3,19273.9,18031.6,19185.8,18404.9,16973.2,20082,21136.7,19785.9,16432.1,21616.1,22552.5,20204.6,20465.5,17461.3,17259,20025.4,17973.2,18967.7,17449.4,18625.7,20469.3,18240.5,18905.3,20151.3,21574.1,21149.2,20328.7,16054.4,17000.9,22120.6,18562.6,20854.3,20380.1,19059.2,22408.3,22239.9,15721.4,19945.5,21580.3,17692.5,17895.4,20123.9,19006.7,17545.1,19447.5,22147.1,19383.8,21467.1,20930.8,16703.2,23113.8,18494.9,19902.6,23069.9,18817.6,19933.6,17392.5,20850,21024.7,23509.1,20970.8,22488.3,23199.3,19104.9,22685.3,22022.8,17671.9,21239.1,23252.6,22861.2,18735.9,18272.5,19114.9,19058.3,20635.4,22515,16944.8,18269.8,20312.4,18264.3,22491.7,21477.8,22417,18115.6,17678.9,20418.2,17696,20332.4,18115.1,17078.3,18724.2,17653.6,20583.8,17316.8,19223.2,20677.3,17892.4,20002,19424.5,17910.4,18963.9,22580.6,23072.8,19001.1,20023.1,18055.1,22338,18073,19920,18353,23076.5,20444.4,20106.3,18115.1,20907.7,23192.6,19206.7,22905.2,19795.8,20252.6,19191,16999.8,18105,19335.1,22502.6,21927.4,22316.6,21452.5,17064.5,20089.3,20670.7,20422.7,19695.9,20560.9,20737.8,22716.4,18496.8,20270.7,22019.3,17522,20651.7,19365.2,17260.8,20889.5,19851.8,22155.1,20867.4,23434.3,21849.2,18652.4,22833.2,19447.2,20893.6,21138.4,16804.8,19930,22658.2,19902.8,22673.1,17503.1,17672.8,17110.7,20884.8,21814.4,22147.3,20212.9,20014.6,20146,20523.5,21441.7,21569.2,22048.1,19669.6,18401.5,18072.9,22071.2,21606.8,19348.4,16774.5,20409.9,20643.5,16969,21501.7,19818.4,22851.1,21005.6,17684.1,19144.7,21178.8,19877.9,19213.5,18509.3,20249.6,17337.8,22272,20364.5,19483.5,19133.5,18904.7,17563.6,21973.4,22869.8,21330.7,21246.5,21499.1,22599.6,23379.1,21436.7,24163,22940.4,19863.4,18223.7,21535.7,23782.8,18678.8,19349.6,19736.6,23028.9,23705.7,20751.5,22029.4,20209.3,21859.7,22376,22311.8,21923.4,22994,22442.2,20866.7,24934.2,20565,20780.2,22261.1,23261.1,22742.4,23407.7,23379.4,20593.6,23410.4,20639.3,24462.6,22025,22781.1,23995.3,23573.3,21307.9,22912,18888.3,21588,22606.7,24083.4,20928.9,22417.5,22511.7,25280.1,22551.7,24140.6,25107.2,23786.5,19553.1,20868.3,22630.1,27110.8,25581.7,29842.8,33785.5
32868.5,28618.6,26989,23916.7,24500.6,21812.8,23953.9,18582.8,24096.4,20119.4,22526,19500.3,22942.2,24186.2,20455.3,21918.4,23718.2,23580.2,22822.9,20233.8,17779.4,20012.6,20584.2,22296.8,20426.4,18734.1,18573.9,22472.4,23491.2,21943.7,17433.9,20265.3,19394.6,17787.8,19690.3,23284.3,19596.6,20806.4,21731.9,22637.4,17566.5,19221.4,21505.6,17461.4,16705.8,16982.1,19448.2,18014,19672.2,21726.1,22411.3,21402.2,16557.3,19980.7,19513.9,16471.9,18345.6,20634.2,18520.4,19153.5,16481.4,18235,16399.4,18061.1,17581.8,20255.2,16274.9,19141.5,19492.6,16174.7,16446.6,16521.5,18855.2,17526.2,17250.8,20661.2,18218.6,19220.4,20522.4,23106.2,20022.1,20359.3,23278.4,23173.5,21820.8,17948.1,18126.5,20739,19431.9,17682.3,22825.6,20258.7,21600.3,21242.7,21693.9,19556.5,19772,16544.1,16495.5,18564.6,20619.6,16562.2,21179.2,20029.3,20204.5,19799.6,20156.7,16909.1,20140.3,20112.2,21911.5,16052.6,16690.9,21179.7,16704.2,21820.7,19410.2,21371.7,20528.9,18330.3,20908.2,21868.8,17151.4,17629.2,23000.9,20972.8,17485.8,19428.6,21372,17366.4,18621.9,23338.9,23155.6,22967.8,17064,22177.3,20807.8,19410.8,21881.9,20296.4,21984.6,16001.4,16464.8,20096.6,20450.7,20089.7,20493.5,18939.2,19093.1,20879.1,19347,22369.5,18794.5,19214.9,20474,20409.7,17735.6,17528.6,17084.1,20802.8,22693.1,17214.2,21662.7,16858.4,20479.8,16867.8,16267.8,17933,16939.4,17846.5,18421.1,17464,20992.3,18361.1,19256.4,23198.2,20512.9,22558.3,19299.9,22852.7,21553,19549.4,23428.2,20843.9,22582.7,22834.4,23594.1,20101.7,18756.4,17145.3,20099.1,17504.2,17096.4,19449.2,21341.9,20876,23003.1,19390.7,17191.7,20053.6,19576.1,20148.6,18678.5,21061.8,17088,19357.2,19818.1,18866.8,21537.4,16762.2,17122.3,21961.2,17994.5,19870.2,20585.5,19660.7,18111.1,22164.6,18257.9,18249.5,19351.4,16921.2,16939,19045.7,17314.5,20691,20579.3,22298.2,21365.7,22852.5,19771.7,18876.9,19722.1,16850.1,23253.8,18950,19476.4,20225.2,20034.3,22014.3,20386.8,21455.2,18888.9,20564.6,18453.8,22543.4,20030.6,17217.3,19248.5,17587.8,21287.3,19729.3,23184.9,21730.3,20045.4,18566.4,22610.1,19549.4,22306.4,20291.3,21021.8,20274.3,17057.7,18849.5,21426.1,18842.5,20420.2,17021.3,17315,17873.9,20676.1,21019.7,21370,23377.4,19619.9,22674.5,19681.9,21904.3,19932.4,19000.7,20303.7,18331.5,17173.3,19732,17829.3,20327.7,21912.6,20339.9,18472.2,18483.7,21362.6,21137.6,17949.9,17823.3,19649.4,22080.5,21715.5,16988.2,17975.5,20380.9,17402.3,19614.6,17117.9,20754.1,21249.3,19549.7,17981.1,17637.9,22751.1,22783.3,18914.5,21352.4,20232.2,22156.2,22283.4,17290.3,20807,20062.4,17702.6,20817.3,22961.9,24233.2,22102.1,19462.3,22952.6,23861.2,19119.2,21820.5,24203.1,24497.1,21017.5,24641.3,23928.7,20511.7,21998.7,24523.3,20860.6,19112.9,21755.6,21668.1,19720.3,22519.4,20028.3,19918,25047.2,24973.1,24624.9,22109.2,21095.4,24072.7,20701.2,24127.9,22902.9,24891.6,22370.4,24351.4,24263.2,22441.8,20929.3,18759.2,23597.3,22811.3,19793.5,22935.7,20457.1,20349.1,23764.7,19083.5,24970.8,21420.7,22859.3,25770.6,22748.8,24509.2,23511.1,21551,22844,24835.1,25018.9,25184,26418.6,24907.1,32962.5,36198.7
35239.6,28741.2,25124.1,22933.7,22868.7,25306.8,24990.5,22872.2,23608.2,18865.6,23825.3,19259.9,23572.2,20403.3,19552.9,22387.2,21581,23695.4,20553.3,19476.9,17637.3,20165.7,18408.8,23406.4,21099.9,19238.2,18951.6,23289.3,20430.8,19381.7,17838.8,23450.4,22939.7,22737.5,20023.8,18744.7,20598.4,22616.2,18835.5,22179.7,18303.8,18837.5,20719.2,19879.8,20040.2,18517.7,20168.3,16956.1,17044.3,22270.8,19799.1,16567.9,17683.6,18546.4,19048.5,20897.3,17734,17105.6,16477.9,17216.5,19445.4,21609.7,20738,18769.1,17483.5,21035.1,21525.6,16425.8,17923.3,20369.1,21962.8,22057.6,18029.2,17584.1,17951.1,19476.9,22857.3,18540.3,22169.2,19999,19077.8,21427.1,22272.3,19295.5,22959.4,23386.1,19625.5,23320.4,19569.7,22599.7,19408.9,22948.6,21941,19943.4,19254.9,17041.6,22820.2,22236.6,19036.4,17668.4,18556.6,17296.8,19028.3,16485.2,19392.1,20425.8,17881,17838.5,17873.2,20244,16786.7,18647.9,20273.9,17476.7,20692,20180.9,21526.8,20304.9,22232.6,16773.1,22105.3,22387.5,16404.7,16292.4,19051.5,22230.2,16692,19491.1,22855.5,17531.8,20904.4,20988.9,18364.3,19854.7,22751.2,18402.4,19268.7,21009.4,18138.5,19837.3,20225,16403.1,17613.2,19384.8,17966.6,17410.9,22371.2,20463.5,21416.9,20442.7,19614.4,17834.8,17461.2,18094.4,19872.8,20971.9,20204.9,19682.6,20092,20024.6,21797.8,18534.2,21139.2,18680.2,20926.2,18912,21656.7,22238.3,20513.6,20942.2,22536.6,23828.9,22657,22281.8,23030.9,22067,18143.2,18947,20601.3,21140.3,22845.1,17751.8,19484.2,19223.6,19918.3,23659.3,21042.9,19238.6,22626.5,20489.9,18164.8,22339.4,19773.2,19366.5,18506.5,22795.3,17345.1,17781.2,18617.2,22377,18766.8,22029.1,18080.8,19197,19773.4,19797.5,19109.4,18451.4,18665.2,18006.2,21049.2,21551.3,17339.4,21466.7,17934.3,21663.9,17062.9,19983.1,19229.6,20382.4,19415.8,22118.4,19430.5,21102.6,22837.9,18305.5,18960.3,19643.7,19930,20809.9,18593.3,18288.8,18352.2,17426.8,21909,22921.6,20984.9,19399.2,20360.7,22068.3,21021.3,17515.8,17594.5,21670.8,16596.7,20195.9,17526.2,21689.5,22562.3,19008.5,22808.6,19658,17416,22512.8,19137,21405.9,17773.5,18635.6,20462.3,17063,19412.3,21088.5,22432.7,17627.7,18107.7,23031.3,20285.2,18288,21074.6,23464.9,17734.9,18441,22432.1,20573.8,17047.4,17880.3,22389.1,17686.2,22736.4,21235.7,21077.5,19730.2,21487.4,17042,17506.6,20516.3,20758.7,20057.8,22455.5,16642.1,21039.6,18444.2,20537.8,16896.5,18794.6,22504.3,17753.1,18402,18703.6,20580.1,20861.2,20162.6,17331.6,18849.3,17525.3,19592.3,17781.5,18321.4,17683.2,21521.3,20700.6,17339.8,18633.4,18226.7,21777.3,20536,18185.2,19299.6,18720.3,20528.2,20590.6,18521,17703.7,21704.8,24639,23993.9,19679.5,20649.2,22024.3,22841.7,23159.4,20553,20894.8,18982.7,22419.6,20780.9,19034.4,21623.5,22456.5,19287.3,21115,22636.8,22793.1,21053.8,19391.8,25794.2,23159.8,21545.4,19907.9,23528.1,24413.7,20869.3,19615,20543.8,19058.5,20737,19705.4,24236.7,21713.6,20611,22932.8,22790.1,20738.8,18307.2,20766.6,20109,21670.3,23800.9,23121.2,21169.2,25014.5,23393.2,23786.5,25830.4,24379,21953.1,25055.6,22792.6,25613.3,23795.8,26136,24238.4,28361.3,31813.5
33623.2,29057.1,28060.6,21912.7,25997.3,24914.4,21957.1,20881.5,18715.7,18172.6,23870.4,22784.3,20603.6,21043,21300.7,20698.1,22675.4,22843.7,21071.7,20276.1,22236.9,23032.5,19763.1,21770.3,20077.5,19671.8,18008.8,22388.8,21694.3,20427.5,21125.2,23708.1,19001.7,23396.3,21781.5,18048.7,20650.3,19528.8,22177,21544,19672.9,18694.5,21136.5,16596.6,22756.9,17698.5,22392.2,18435.5,21457.9,19393.4,17564.6,17926.2,17976.2,16561.8,16719.1,20023.2,16003.5,19372.3,17695.9,21250,17660.7,21356.7,21525.3,17789.5,18355.1,21698.3,16647.7,20745,22199.1,17283.4,16560.3,19324.5,16751.4,16297.3,21382.5,18980.5,17129.6,16975.1,21977.9,22301.5,20102.8,18546.4,18615.7,22081.2,20407.4,21465.8,23158,20977.9,20591.9,19586,16998.6,17056.8,20383.9,20108.8,19158.8,18813.9,17934.8,22246.7,21649.5,21233.7,22441.1,16299.3,19730.7,20487.4,17212,21198.9,17636.1,18860.6,16320.6,20808.2,17673.3,16779,15636.2,18549.9,19645,19942.1,21753.1,20673.6,18012.7,18192.9,22191.8,19639.1,22079.4,16859,20555.4,21431.6,21182.9,22701.2,22345.3,18406.2,18765,18232.3,20187.8,18113.3,20268.3,19083.7,20494.3,19439.8,17027.7,15655.9,17853.7,16983.3,18459.5,21248.7,20499.8,21904.7,17886.1,16601.5,20572.8,16748.5,19129.7,18887.7,20450.2,22599.7,16442.9,17998.3,22955.8,19172.7,21610.8,21294.9,19855.7,19478.1,18652.9,17856.2,19801,20687.1,17889,19727.2,20162.8,23088.2,18226.4,21533.5,18334.5,20451.5,23510.5,20531.6,18821.9,23772.6,17298.9,21283.2,17639.4,21100.1,17626.5,23550.1,22048.3,19412,21079,19415.7,20165.5,21372.8,20662.9,19958.8,20269.8,22362.8,18363.8,17860.5,17141.9,17772.2,18452.4,16958,22571.3,21921.2,17100.2,21040.7,18114.5,22630.6,18521.1,17941.8,21137.2,18033.2,17022.2,20257.3,18029.5,22796,21564.2,19550.1,18361.5,17357.4,17893.5,19785.8,17227.7,23028.5,22206.2,19074,21539.9,18384.3,18213.7,21433.5,21736.1,17778.4,21631.2,17280.4,18528,22987.8,20256,22454.2,20387.2,17874.9,22760.4,21570.4,19270.1,23141.9,17721.5,22416,19031.5,22490,22874.9,19449.4,17242.2,23093.2,22561.7,21788,22506.2,19680.2,16908.1,18647.8,17394.1,17924.9,22830.2,21515.4,22732.2,20042.7,16769.1,18599.7,22508.7,22901.8,23342.6,21003.1,20753.8,20397.2,21860,22828.9,20776.7,18423.4,18069.6,20792.6,19264.3,20751.9,22048.3,17629.7,23586.5,20791.6,19222.7,18622.2,21080.6,17643.7,20397.5,17801.4,22130.2,22778.7,19805.8,18714.9,19724.7,18845.9,19068.7,21103.6,21749.7,18651.8,20217.1,16487.5,21497,17036.9,16473.5,22747.6,20240.7,18812.3,17032.6,17716.7,18498.4,21108.7,18434.7,21117.3,19540.7,21485.1,19651.2,19088.3,21279.8,21943.2,22483.6,17729,19288.7,18487.6,22209.8,19131.7,23344.5,21883.7,22794.2,24322.3,24631.3,22824.6,18378.7,24680.6,18619.6,21507.1,19640.8,22447,19129.3,23050.8,18556,18595.6,22723.9,22023.7,21125.4,23650.4,25196.5,22963.9,22165.2,25739.3,21186,19301.8,19092.8,18924.7,19530.9,22451.7,24958,20400.4,21089.5,23623.5,20136.8,21168.9,20140.2,18603.8,18531.8,18942,22171.5,24282.4,19073.7,23485.5,23331.8,20572.6,21060.3,22803.5,19378.6,24308.1,20204.6,20396.3,20859,23680.4,23960.4,21552.2,22008.9,24311.2,28779.4,36730.1
32532.2,26486,26058.9,24286,20896.8,22488.3,22821.4,23576,19915.3,20241.4,19523.5,21728.6,23997.4,23661.5,23857.4,20961.9,18601.5,20468.5,21738.1,19634.3,22190.7,22837.8,20042.9,19751.6,20569.5,21998.8,18479,21389.8,18795.7,20016,18346.2,19861,23030.6,22799.1,17324.5,17909.7,21631,22408.5,21893,22542.9,21441.1,20418.8,18355.3,17017.5,21398,18649.6,17341.3,18944,20027,21402.2,20979.4,19694.1,18228.6,20207.9,17710.7,19293.2,20350,20580.5,16196.2,17586.8,15775.4,19571.7,18712.3,20343,19057.8,20419.8,18291.5,22192.3,19140.4,18135.8,18539.2,17540.2,22483.6,19118.1,22820.9,19192.7,16804.6,17431.1,19252.8,20507.1,20856.6,19480.9,21599.3,23081.4,17457.1,20666.7,23167.6,17430.9,17638,19222.4,22882.3,16927.7,23332.4,23224.4,19800.2,22270.5,19729.6,20655.2,19155.2,19831.2,20254.8,19513,15774.8,17204.6,20493.6,18191.7,16053.1,19487.6,19185.1,21425.8,16061.2,17980.4,18928.6,17729.5,19279.9,19420,19904.7,18414.8,20391.1,17790.5,22034,18371.3,16472.2,16442,23040,17194.3,22352.7,17639.2,21055.5,18630.6,17046,16671,18154.8,18421.4,17778.8,17400,21209.4,20277.6,17059.8,20264.8,16458.8,17068.3,17483.6,20870.8,18006.6,16543,21209.7,16162.2,17341.1,17486.4,19855.9,16746.5,18327.3,19222.5,18590.8,19819,21883.2,17542.8,20086.3,17907.7,16803.2,16613.7,21546.5,19733.1,19612.5,19051.8,19292.2,18474.4,22214.7,17850.1,22846.7,18568.2,21474.4,19464,23633.4,18501.4,22414.5,19660.6,19700.7,17515.3,20938.5,21758.2,20209.7,19487.7,22607.4,20924.1,18174.2,17161.4,21400.2,18876.2,21420.8,21601,16930.2,18825.2,23008.4,18982,20977.4,17316,17857.8,21035.5,18119.8,21432.2,17527,22361.4,19936.4,19552.9,16726.7,18967.3,22102.1,18834.7,22276.2,18112.5,17184,18009.7,18798.6,21976.7,20984.9,22746.7,17259.8,18069,22019.8,19244.6,18889.7,19391.3,20499.8,23537.5,17645.7,22792.5,21309.3,21086.6,20607.4,22034.5,19690.9,21753,19771.4,22724.8,20573.8,19139.1,20556.5,17611.1,20452.5,20981.4,22703.2,18523.7,17512.1,19878.5,20761.6,17945,19088.4,21858,21806.3,21963.2,18051.2,21687.6,17441.7,20616.3,19564.7,17877.6,17817.3,22620.2,21725.4,21094.4,21746.1,22531.9,23216.7,22521.2,17751.9,19670,22291.4,18328.8,22540.2,23458.7,21578.4,23589.8,22299.7,21018.6,23141.8,22659.7,22475.9,20036.8,23087.8,23109.8,17626.8,18410.5,18573.7,22501.3,22718.8,18736.6,22075.9,16687.9,19434.2,21107.1,19594.9,18484.8,17081.7,22544,18431.2,17493.6,20728,18889.6,20480.4,20630.5,18554.5,22254.1,17276.7,17760.7,19161.7,18256.3,21113.6,19152,20778.4,18742,22266.2,18121.7,21644.7,21327.7,19995.4,20360.6,18487.4,23553.1,21436.4,22342.9,22899.6,21426.9,21020.8,19653.5,23557,19308.9,24550.5,20232.5,19458.9,23662.6,18566.2,23331.8,22794.9,21554.1,24410.2,20436.2,19965.5,18473.2,19478.4,24579.7,23244.9,24989.3,21167.8,23446.7,23004.9,20241.7,24628.7,23691.8,18930,21620.9,18897.9,20593.6,22758.1,22949.5,19557.5,21743.7,21899.1,20683.3,22080.2,24407.9,24226.4,21430,23973.3,24685.3,20223.2,19309.8,24754.5,21098.9,19779.6,25027.9,21556.2,25164.2,19367.8,23717,19598.5,23444.3,24651.4,21172.3,23582.3,24876.9,29580.8,36671.1
35048.3,30959.4,24762.1,23642.3,21133.8,19689,20647.2,20060.1,21811.8,19859.5,19575.9,23687.7,19324.9,20553.2,18133.4,22182.8,18475.7,17888.2,18786,19976.8,21368.8,18114.6,23732.2,17812.5,21014.7,19682.8,19462.9,20218.1,22832.6,19277.9,21970.3,18759.1,20744.3,20694.6,23255.8,22325.2,23008.7,20048.3,21274.6,20282.6,18119.8,22774.8,21266.5,19583.1,19500.2,19892.4,19829.4,18890.7,20742.5,18809.8,19014.8,16465.5,16232.3,20189.2,18664.5,16075.4,18750.8,19794.3,15945.2,16415.7,19420.9,20337.8,17134.3,20132.9,17905,18511.2,21518.5,21470.5,22054.2,22018.4,20017.1,21070.7,22562.6,19949,19201.7,20301.3,18619.8,19256,21629,18231.6,17971.9,18772.9,20801.2,20943.1,22028.7,23032.3,22699.5,18450.5,22857.6,17661.8,22867.6,22092.5,21395.8,20681.9,21376.7,17950.8,21162.5,19642.8,22447.7,16158.8,16909.6,16533.7,15929.6,17673.8,17848.2,21569.6,19627.9,15755,19105.9,18314.3,20919.7,18936.4,16882.3,19592.7,18048.6,16045.9,19009.6,17964.3,17648.8,16330.3,18574.6,20662.9,21226,18621,19571.7,16377.9,18251.3,19587,20615.1,16881.8,17509.6,18728.7,19869.3,22785,20280.2,18951.8,17396.8,17961.5,21366,20899.8,20422.3,16665,21277.1,17910.9,16885.1,15918.3,18430.5,19035.2,20369,21433.7,22091.5,17371.2,18520.8,21281.5,17648.1,17382.7,20277.9,18999.4,17860,17474.4,17230.3,21482.7,19377.7,18938,16725.4,21505.6,18805.3,19799.9,16490.8,19821.5,22342.9,21628.4,21841.1,20801.5,19489.8,17629,20025.7,18852.5,20250.3,19434.7,22177.9,19902.8,18794.7,23305.3,22110.2,18600.6,19795.7,17797.3,21439.8,18951.2,18644.9,20866.1,19543.9,20699.3,19951.1,21597.1,20254.2,20931.5,17728.7,22344.9,20725.5,19743.7,22979.4,17417.1,21428.2,17813.7,21691.9,21617.8,17456.3,18646.1,21670.7,18492.2,17834.7,17843.1,20892.7,21309.1,19705.2,19522.7,21470.2,17880.6,19380.9,21218.4,19844.9,21469.6,18439.5,17666.7,18337.2,21613,23260.3,20891.7,20631.5,16835.2,20022.9,22327.3,18203.4,22127.9,16885.8,20618.9,18619.1,18283,20260.1,22213.7,21188.4,18296.4,17956.6,21160,19594,17526.3,17592.3,22172.4,22796.7,20584.1,20539.7,18430.9,23274.9,18936.1,18128.1,20718.4,17527.7,19392.8,19362.2,20337.5,19403.2,19197.4,16832,21430.1,22003.6,19009.9,20446.6,17743.4,19951.4,22154.2,21755.5,20050.6,21338,20607.7,17253.9,17845.8,23040.6,22578.2,22065.6,20948.5,20344,21343.4,19062.9,19145.8,20249.3,17720.5,19594.4,20260.6,18185.6,20591.7,18768.3,22641.8,20764,21855.6,18269.2,17930.9,18113.9,17392.2,19267.9,17706.4,19653.5,21221,22292.8,17507.5,23166.3,18231.5,22094.3,22484.9,20306.1,19092.9,18106.5,21039.1,23233.6,22065.7,18832.3,17582.1,17524.2,22365.1,22896.3,20057.7,24216.5,21146,18083.3,23777.6,23941.8,20097.5,24372.3,23471.8,23298.1,25035.6,23229.3,22654.5,20677.6,23021.1,19699.3,20539.5,22423.2,24958.9,22076.8,22228.8,21086,24558.5,20036.3,21677.7,20355,19393.9,20028.2,24054,19097.6,22859.3,19299.6,20574.8,21512.5,23795.8,24393.1,23553.2,21376.3,19198.2,18808.6,20347.8,23638.9,19612.4,21903.7,23562.1,21724.1,25002,24707.3,20816.4,23077.7,25797.1,25845.5,22576.7,19316.4,22796.6,23571.7,21117.9,25316.6,25051.2,25228.8,23791.7,29375.1,32017.6
35483,33036.5,26101.4,23641.1,24512.4,24343.7,19313.2,19559.9,22899.9,21818.2,23434.3,18952.5,23559,18358.7,20541.6,19665.8,22809.3,21593.8,22531.4,23495,18604.6,19704.1,19567.9,20399.2,21033.5,18463.7,22236.1,20068.4,20951.6,21076.4,23305.5,19554.1,23995,23190.3,21325.4,17156.5,18718.3,21953.9,20965,17401.6,20722.9,17743.1,20438,16420.1,19403.4,17856.4,18076.6,21617.6,22514.8,16354.5,19400.1,16988,18350.9,18168.1,18740.2,19984.3,21927.4,21893.8,16415.8,17950.1,17468.1,18720.7,22016.4,21008.8,17742.8,19436,17917.5,15972.1,17961.8,19587.8,18780.5,16226.7,20034.7,19431.7,17417.7,21018.4,20634.5,21451.9,20194.8,17705.6,20287.2,17765.6,22698,19025.6,22572.7,18702.7,21675.5,20335.8,19999.5,20264.4,20355,18539.2,17761.9,23039.1,21659.1,17741.9,20563.8,17380.6,16880.9,20368.2,22240.6,18119.7,20284.8,22318.5,22142.7,17476,20994.5,15935.8,19872.7,20373.8,15642,21098.5,20374.3,19396.6,20299.9,18965.1,17727.9,22264.4,19650.2,20728.5,17734.5,18196.9,18838.5,19417.3,23057.5,19192,20655,19765.6,21453,17082.7,22362.2,19102.5,19206.1,21939.6,21646.6,19747.7,16868,21486.8,21891.3,19122.7,17450.9,21044.1,18760.9,20597.3,19762.3,17494.3,22107.8,21795.9,21336.5,19178.8,17852.9,16585.6,22337,19447.7,19216.1,16189.4,22139.3,18535.3,17943.2,19427.9,16867.8,17668.6,20592.1,22362.9,18385.8,22334.7,16648.7,20924.5,22740.7,19974.9,20351.1,21793.8,19003.6,22421.5,18543,22388.4,22889,19860.2,21841.2,22851.7,17511.7,18433.4,22883.6,21240.5,22779.7,21878.9,20463.1,20159.4,22856.1,21925.5,22950.3,22610.2,19295.6,18269.1,19847.2,17939.3,22523.9,20608.4,17949.1,22277.5,17858,17491.3,22934.5,20034.1,21593.8,17575.1,20112.1,20079.9,21658.9,20680.4,19259,19756.7,20327.1,17429.2,21476.4,17888,21235.6,20913.9,20746,21795.7,18648.9,19927.4,18648,21075,21890.6,21131.6,18778.3,18682.2,22639.8,21599.2,17121.4,18778.1,22252.6,22185.8,17911.9,21731.2,18272.8,21212.9,21431.5,21796.3,17559.5,18661.4,18648.1,18220.5,17224.3,18266.7,22729.2,22466.5,20994.2,22381.7,17414.1,21316.9,19030.3,20088.8,21988.1,22853.5,17409.6,22336.8,16464.7,16595.9,21633.4,20766.5,22134.2,17066,18202.6,23036.2,17254.1,19506.9,21345.9,23788.2,21931.5,20437,23154.4,19332.6,19291.9,18055.3,18772,20185.5,21922,23353.2,20872.1,23276.7,20319.5,19900.5,21972.3,18881.9,21811.3,19438.2,19101.8,18663.3,18075.8,17125.7,18865.1,22235.5,19374.7,21367.9,19168.5,17536.1,16434.4,20209.3,20498.8,20227.3,17350.1,18678.9,18127.6,19668.1,16973.9,17077.3,22537.1,23137.4,21317.3,21566.4,19056.6,22962.8,20842.2,20044.8,22984.1,23301.9,19828.8,22575.6,21419.9,21503.4,18964,22353.5,23751.5,18208.6,21699.6,21561.9,23288.7,20393.3,19521,24675.8,18780.8,22384.4,20478.8,19045.6,19823.2,19679.2,18843.3,24534.9,22039.5,24289.9,22962.8,24562.7,19821.2,24518.1,21424.6,23915,21014.5,19213.7,22840.2,22601.9,19781.3,23627.9,20847.3,22470.1,25010.9,19495.8,20055,19270.2,23137.6,21239.3,21210,21407.8,19369.9,23467.6,18457.5,24651.8,22524.7,21039.7,20044.4,22816.3,20969.8,25743,20354.9,24038.5,23968.1,26053.6,24479.2,20892.9,21557.2,28105.4,30348.3,33075.3
33368.5,29476,28321.6,27885.1,24168.1,24965.4,23009.1,22774.4,20036,24486.8,19899.6,20070.4,23341.2,19356.8,21729.8,22550.2,22795.6,21685.1,23963.6,20151.7,22580.7,18397,22056.1,17770.7,22531.3,23487.4,20568.8,19271.9,17869.4,17837,23348.9,19609.6,22621.4,18600,22003.7,20063.3,18389.4,22904.2,23423.5,20492.1,22834.4,20564,18986.5,20524.6,19826.9,19510.9,21328.7,18888.6,18049.6,17611.7,16213.4,21412.9,20622.4,18627.6,19152.7,17744.5,19240.2,16027.3,17633.3,17057.5,20931.6,19672.7,18714.1,21909.1,16895.6,19831.4,19971.2,17545.9,19322,16318.5,18049.2,18366.2,22704,22096.3,17556.9,18107,19886.2,22959.6,22641.3,17337.9,22868.1,21682.7,21915,22280.1,18370,22480.3,17728.5,18837.2,22714.1,17392.6,20115.9,20247.3,18513.6,17081.3,19656.1,22935.7,16985.5,18429.6,20038,21343,22335.9,18025.9,21133.8,20008.4,18664.5,16190.4,21806,20374.3,19919,20741.8,15637.4,22000.2,20447,20171.7,17931.2,18866.5,19445.1,18170.8,16284,19332.5,22573.8,16935.6,16652,22190.7,16815.5,19006.6,20570.1,17684.7,22757.9,23253.8,18246.9,19999.9,17915.1,20991,21092.6,20311.3,16433.3,17435.4,18202.2,16087,17376.8,16623.7,21420.5,16366.3,21561.9,20946.2,21350.6,16974.5,18627.3,21286.3,18486.4,19110.7,19464.9,17807.8,14574,18721.5,20831.9,17298.2,17451.6,19098.2,21707.1,17687.4,21506.9,16946.8,20231.6,17752.4,18783,21811.5,22667.3,19413.9,19462.2,18118.9,17949.6,18547.2,20177.9,18872.5,18607.2,20934.3,20206.3,18635.3,23432.7,21265.3,19243.3,23444.7,21824.2,20264.1,18719.7,17467.2,21370.6,20441.4,20541.1,20613.1,19231.2,22589.1,18708.3,21874.4,22816.4,21283.7,20744.9,20053.1,20699.9,19382.4,23151.6,18081.1,17565.7,21124,22081.2,17301.8,21058.7,17243.7,19878.9,22792.2,21124.1,17140.8,17453.3,16889.6,18775.6,18087.3,16997.8,17569.7,18702.1,18594,21979,20688.5,20144.7,23423.7,19090.8,22168.6,23228.3,18557.7,18415.2,19280.5,20356.5,18737.6,20442.9,16708.9,17458.7,22924.7,18500.5,18326.7,19823.1,20315.7,21921.8,22055.1,18772.9,18839.4,19751.3,20028.6,23254.7,23609.2,22443.4,18094.7,20906.8,17808.8,22411.4,17178,18126.5,16920.4,20445.6,17230.4,17753,21119.4,20938.2,17508.8,21602.6,19534.2,20508.4,23544.9,19536.5,20602.7,21435.7,22141.6,22349.5,20182.7,19185.5,18843.1,23571.3,20718.2,21554.9,20460.8,19855.2,17982.2,18764.3,22531,18623,20026.5,17138,20273.4,21394.1,20148.4,17489.7,18082.1,21631,20688,16957.3,22610.2,17525.7,17883.3,18275.3,17241.6,20239.6,16826.9,18203,18298,17723.8,22674.4,21897.8,21214.4,19881.2,20667.6,20768.9,22748.4,17466.4,21556.4,18679.5,22665.1,17517.5,23023.4,20124.6,18070,18969.4,21200.1,23879.7,21126.8,21052.8,20269.1,21918.2,24331.1,24258.6,20365.1,20679.8,21069.9,21130.2,24913.1,23319,18792.8,20228.6,21085.9,24000,19083.6,19894.3,25078.5,22072.4,18977.5,20827.5,20344.5,25132.5,23851.9,18911.7,20844.2,23495.1,20547.8,19082.7,23473.6,20039.7,20611.9,19189.2,18923.5,23398.6,19837.1,22924.2,21206,23714.6,18861.7,19312.8,23663.5,21972.2,20632.6,21868.1,21835,25775.9,20354.5,23661.4,23499.6,20826.9,22812.4,21266.2,23961.5,24656.1,26701.4,22384,29578.3,30196.4,35263.4
36212.5,27385.4,27295.5,27365.1,25764.7,25452.1,22580.9,22969,23976,22086.8,20537.5,19459.2,20603.4,22130,21266.7,22054.9,19423.3,22931.3,22422,20856.5,18413.3,20189.7,18187.1,21614.2,18483.4,19339.5,18889.6,17749.3,18808,18325.5,19439.3,22195.7,22079.7,20227.6,19428.5,17106.5,22584.1,23496.8,22707.2,21447,21592.7,17557.9,17924.4,20606.5,21191.3,16682.6,19343.3,16828.7,20503.8,21730.1,18759.6,21735.1,22321.2,20557.2,18315.8,22440.7,18645.6,19615.7,16013.3,18110.3,20180.6,17444.5,17217.8,18433.7,17833.2,18618.2,17077.4,15979.6,21167.3,20365.2,19543.1,16733.2,18142.9,21190.3,20839.3,20245.1,21172.9,17238.4,20896.6,21622.4,20610,18153.4,18220.8,17999.5,18269.1,20446.1,21706.9,19103.5,23077.3,19659.8,17752,17009,17992,20360.9,18498.5,16863.5,17928,20482.5,21786.8,22268.1,17062,21715.6,17566,19382.9,16281.6,18952.1,16143.1,16566.3,18989.7,17588.4,17558.1,16136.4,20912,20811.5,21994.3,20475.4,22099.8,17467.8,16329.4,17284.7,19663.2,22155.6,19122,21369.9,21801.2,19642.8,16931.6,17921.6,18042.4,21285.9,19843.1,21532.4,21090.6,21358.9,18984.9,16989.2,17995.5,18608,21967.1,20120.3,16460.4,19603,20228,21139.5,21810.7,18686.9,20577.3,16366.5,18499.3,20019.5,18482.3,18685.3,19906.7,20098,14710.7,19016.7,17985.1,20412.8,21891.8,20148.1,22780.1,17668,18058.3,20355.9,20591.4,22468.2,22036.2,19004.7,18243.7,22664.6,20955.9,18916.8,23615.9,21080.7,20388.7,21376.3,18335.3,23455.7,18935.6,20896.6,17493.5,18120.3,17478.5,19567.3,23606.3,22869.7,18125.3,18260.2,22125.9,17837.1,19327.7,20794.4,17874.5,19862,22054.7,22695.1,22875.1,17733.6,21215.7,18482.3,19434.7,22167,20451.5,19018,19971.1,17802.1,21435.2,22051.1,17982.4,17845.1,20554.6,19267.3,16762.7,17203.5,19224.4,21699.7,20450,20343.1,18897.1,20102.8,22563.7,20211,19421.4,18333.3,19760.6,23439.4,19129.7,19140.9,22990.8,21993.8,18144.6,23033.1,18555.1,20940.3,19627.5,16772.3,17296.7,20001.5,20644.3,18942.9,20203.6,19385.9,21221.8,19641.8,17411.2,22292.2,17431,20834.8,17592.9,21563.4,18646.4,22279.2,21080.3,17942.8,22333,22648,21124.8,19667.1,20362.7,19542.3,20310.4,21781.6,17918.7,16811.4,23218.1,19693,20351.7,18224.3,20907.2,19147.6,22699.8,18181.1,20716.9,23984,21419.8,19427.5,17885.6,23711.9,20989.9,22876.2,18772.5,20162.8,22764.3,17074,21813.9,20847.1,18247.8,22171,18887,19607.1,21359.3,22016.7,22404.4,20265.1,19012,16995.3,17080.3,18871.3,17973,17938.6,16480.4,20160.7,19769.2,17200.8,16972.3,21243.8,20255.2,21066.2,19228.6,21066.7,16958.5,18497.1,22083.3,18019.1,23026.3,20523,18916.2,19373.7,17874,19167.1,19201.6,19305.6,20953.5,20490.2,24186,19409.6,22629.7,23163.3,19746.6,21745.5,21315.1,20664.6,24450,24995.8,23640.3,23066.6,20420.1,20283.7,19269.4,22505.3,21220,24851.8,22845.2,24043.3,25719.3,24277.3,25239.9,19467.9,20667.5,22839.6,20497.3,21734.9,20760.7,19434,20758.2,21758.1,20182.6,18740.9,20301.2,19093.7,20810.7,20414,19994,20412.7,23676.9,22867.4,22150.9,21021.8,19368.8,20020.4,25557.3,23552,19788.2,24164.7,20672.3,24796.2,23983.5,23326.2,24371.6,24789,22408.7,28495.6,26870.3,31721.6
36038.5,31395.8,24884.4,25139.1,20926.7,24586.8,19703,18959.9,22201.7,24230.5,24603.1,22924,21803.1,18518,23172.3,23038.1,23355.2,20389.2,24536.6,23708.1,21501.7,22325.8,19798.9,22129.6,21694,23467.9,20159.1,21386.3,21988.6,21677.9,22461.2,23558.7,20765.4,21919.9,18701.4,18897,22304.7,23395.8,20957.2,16996.3,16846.1,20137.2,21916.7,21468,17929,16975.7,19499.7,20927.5,21992.2,20480.5,20782.8,21809.4,20813.2,18930,19028.7,20665.6,18125.7,16372.1,17487,21686.9,18683.8,16551.1,20165,20557.1,21071.9,17823.9,16188,19609.2,18674.3,20854.5,21083.5,16521.6,18882.9,17827.5,18250.9,21787.8,18642.4,20651.5,18139.6,19093.1,19941.1,17039.2,20959.5,18850.5,19708.7,21563.9,21357.4,23563.7,18508.6,23235.4,22084.6,22771.9,17276.2,20644.1,22820.2,20592.3,22557.8,21437.6,19843.5,21234.9,18856.4,16542.8,21701,18708.2,20622,18218.4,21125.8,16692.5,18959.7,19920.9,21374,16400.1,19686.7,20284.6,21246.4,18992.3,20718.1,17111.5,22484.5,20696.8,18771.6,18832.3,19542.2,20256.1,18190.2,23081.4,18221.2,23120.8,21786.2,22997.2,17059.4,21467.5,22402.1,21607.6,19553.6,17723.2,22167.2,19138,20220,18446.5,17847.9,19828.2,16108.6,16145.8,20747,19319.8,21704.7,21300.3,17804,17302.6,17918.6,17768.9,21769.7,22002,19187.2,19893.8,17027.6,21260.1,16643.6,18268.7,22319.5,20850.5,19594,20055,18273.3,18982,21126.4,21846.3,16495.3,18418.6,18675,18546.5,21266.6,18317.6,20011.4,19430.7,21755.4,17479.5,21277.1,17823.3,20171.6,23075.9,23255.3,23953.6,20995.8,23971.8,23084.4,17661.5,21164.3,23243.7,20571.3,21344.3,20508.8,18738.1,21331.4,22279.6,16864.6,17550.8,19325.3,21054.8,21286.9,22715.7,20098.8,20378.5,19535.1,17953.2,22348.9,16581.8,20352.8,20666.1,20990.1,18117.5,17171.2,16960.4,19322.8,20914.1,22719,18404.6,19064.7,19309.8,23360.3,22770.8,23299.3,17564.6,20814.6,18819.6,19043.9,21596.4,21951.9,18921.5,20535.4,16917.7,18252.5,20151.3,20823.1,17675,20559.7,16816,21227.3,18256,21469.1,19708.4,17230.8,18633.9,18786,22497.2,17300.4,17469.7,19497.2,18981.3,21475.2,16975.3,17556.1,18119.1,20848,23236.7,17223.1,17655.2,22186.2,17403.7,17862.1,22859.6,16881.9,22383.9,19662.2,17092.1,17015.6,17564.1,19114.7,22911,17194.1,21930.8,22736.3,19476.1,19815.4,17768,20136.1,20345.1,23395.9,19604.1,18185.8,19996.4,22109.7,21862.9,18414.1,18171.7,19903.6,18037.2,17598.9,18864,17901,19832.8,20939.8,23065.2,19271.7,16899.7,17218.3,19950,17507,21374.1,21144.3,19194.3,17219.9,18522.6,22344.1,23284.1,19748.3,22051.5,23068.4,18809.3,17276.8,20924,19369.3,17880.2,20966,19504.1,20544,23487.9,17694.1,21477.4,21621.4,24376.3,22011.3,21804.2,19455.7,18775.9,18773.6,20607.8,24202.2,21449.3,21241,19632.1,21743.5,20349,24236.9,21093.6,23003.3,24092.9,19371.1,24666,18379.6,22837.5,19306.9,24659.3,23978.7,23636.6,20290.7,22736.8,21083.7,20265.4,20331.1,23693.9,19646.2,21190.5,22116.2,20839.3,23140.8,19331.2,23282.3,22992,21047.2,24492.7,18336.1,24300.8,19114.5,24775.2,23368.1,18940.6,24208.3,19926.4,21422.7,22614.6,24763.6,22066.5,21620.3,25508.5,24667.4,26272.3,20997.4,21253.3,23569.2,24528.5,26578.7,37571.5
33381.2,29994.7,27657.9,26260.4,23255.4,22139.9,22310.3,21937.1,23634.3,23951.2,21918.6,23491.9,21153,20717.7,23396.3,20184.2,19320.8,20953.2,19524.1,18555.7,18642.9,23842.2,19473.3,19715.5,19179.9,21971.6,24058.3,18827.2,21572.2,23298.8,21015.4,19960.5,20161.5,17865.9,22358.3,17449.8,21756.9,18293.1,20397.8,17030.4,22662.4,20044.9,22765.1,21489.2,21474.1,20395.8,19319.6,16895.1,22468.4,17063.6,20644.4,19774.5,19718.3,21490.4,18144.4,20133.9,16306.8,21077.7,16928.1,19736.9,17421.8,16236.7,21564.5,21477.8,17575.1,17525.2,20356,16549.2,19117.8,21446.6,17954.2,16981.8,17033.2,16895.9,17063.6,19411.9,21581.8,18013.3,21877.2,16818.6,19055,22135.7,19314.5,22041.8,21985.7,22599.2,17840.7,21204.8,22645.7,20407.3,23284.3,21456.1,20602,20224.2,22197.8,19636.2,19444.4,20539.4,16288.6,21793.3,16387.5,21779.2,16499.5,22266.8,17969,20377.8,19232.4,18323.5,21556.4,19979.5,21336.1,21693.1,18414.3,20516.7,21988.7,20547.1,21590.6,21271,17028.8,16760.6,17655.3,18134.2,18094.8,17966.2,18532.1,19367,18215,18101.4,19148.6,22479.6,20733.8,22698.8,23347.2,17650,18460.2,21308.2,19998.8,16145.4,20447.5,16310.5,16591,20064.8,21312.9,21841.6,16068,19920.1,17252.8,18277.6,19586.1,18580.9,18631.3,16622,19587.6,22386,15687.7,15929.8,20866.5,21052.8,21102.2,17049.5,22556.2,20641.6,21243.8,21442.6,20876.4,16679.2,16782.8,22380,22446.4,17122.4,17097.5,17967,21657.8,20540.9,17197.5,21102.7,21499.8,23600.7,18340.3,20091.5,21962.8,22117.9,23838,20674.7,18896.4,19389.3,21063.9,20486.4,17140,17430.4,19471.7,19316.4,22850.8,21689.3,20105.3,22177.8,23470.6,17634.8,17795.9,19670.6,21563.3,18437.4,20116.4,20252.4,20444.1,22050.8,18137.5,21650.5,22532.5,17282.2,20432.8,20607.2,19447.1,20164.4,17338.2,21662.5,17434.7,17765,22341.2,18991.8,21160.7,22004.3,21996,19367.7,23568.4,21926.5,18599.2,23010.2,17103.6,22571.2,22054.4,16795.5,22716.5,23170.4,22545.8,19412,20880.9,23186.1,22516,17791.5,22454.1,19666.6,21181,19874.4,17038.5,17776.3,20791,21422.9,21770,18136.1,23147.4,19159.9,20257.4,18918.1,20949.2,20318.3,20711.3,20009.6,17812.8,20315.5,22455.9,20311.7,17961.9,21073,18062.3,23415.9,22862.8,20679.6,19506.4,22700.3,22888.3,23492.8,21692.4,24184.8,19613.4,17673.5,23717.8,19811.5,18573,18945.6,23354.5,23668,19603.3,20821.5,21242.2,21764.3,16966.6,20802.5,19880.3,21180.9,19997.7,20649.9,17275,21551.5,22180.2,18100.7,18859.6,20993.7,20851.7,18493.3,18389.9,19615.3,19681.2,19300.3,18174.6,20639.8,17900.8,20741.3,17264.2,19652.9,18389,21061.9,21517.6,21184.5,22254.2,22659.6,20440.9,21545,23555.3,20160.9,20547.3,18424.3,21483.6,22254,20602.4,21406.2,22478.1,21700.6,22906.7,21725.6,19936.7,18762.1,19306.5,23627.2,20430.7,20260.4,18396.4,21408.3,24015.8,24707.4,21052.3,25052,24895.9,23028,21139.9,20036.6,24576.7,24204.4,24124.8,22941.1,19388.9,18992.7,19590.2,23709.9,21976,19240,21756.6,19030.3,20331.7,24300,23350.7,20062.3,20317.9,21933.8,22616.7,22739.4,21382.9,21673.6,23345.7,22232.8,22701.2,21888.9,22390.8,19577.8,22880,19904.4,24416.2,23703.4,25355.6,24331,25508.7,27550.6,26436.6,36804.9
31653.3,29171,29571.7,27635.3,20666,23910.8,21084.2,23796.1,23090.4,23624.1,18901.2,22781.3,20321.3,23476.1,22689.9,23576.8,19475.5,23674.3,20796.2,22033.3,19336.5,22547.9,22302.8,20122.4,21311.8,21478.7,22751,20348.1,24191.3,19661.8,20270.4,18649.1,23312.9,19253.7,17488.2,19802,21758,21065.7,17572.1,16939.8,23151.2,20408.5,19425.8,19256.3,16903.5,20392.2,21556.7,18259.4,20407.6,19332.2,18159.9,17006.5,16358.7,21434.7,17585.1,19961.6,16967.5,21161.8,21908.4,16922.9,20111.8,19500.9,16576.5,19990.6,18330.7,19272.7,21442.6,16346.2,21833,21390.5,19849.5,19541.2,16864.5,18748.7,16283.5,17511.7,22297.7,17799,21532.5,19902.9,20313.7,17938.8,17514.2,19925.4,19762.9,23116.9,18184.8,21560.8,19276.9,19802.3,22560.9,22267.5,21431.7,22587.9,22976.6,22940,18450.7,22739.8,17318,20789,21618,16824.9,19324.7,17673,18626.4,15717.7,20609.2,21042.6,21192.2,16353.5,17021.3,22186.2,16762.1,21696.3,19567.2,22408.7,19723.3,18374.1,21706.7,22563.1,18463.7,19733.8,17502.2,22572.8,17895.9,17019.6,22187.8,22957.2,17649.4,17105.7,17239.5,20242.3,17241.1,22066.1,19073.6,18990.9,20750.5,17494.4,21863.5,18593.5,21234.3,16636.8,21954.6,17313.3,19910.7,21531,20811.1,18898.5,19466.6,17945,18977.5,16731.7,19424.9,19988.9,20021.3,21246.6,17545.8,16659.4,22866.4,23006.2,20558.5,20364.3,17384.9,19772.9,18979.2,17934.1,17607.7,19674.7,17200.1,19926.2,21164,19591.1,23122.8,18330.6,18154.7,21938.5,22749.5,19451.6,20041.1,20907.5,22978.6,20301.3,19200.4,19886.3,19268.2,18754.8,22721,21725.8,20598.5,22216.7,20467.8,21045.8,18442.5,19223.5,17548.8,17616.2,19025.9,17873.3,18509.8,17714,16729,22312.3,18262.6,23107.9,17332.8,19420.8,20749.1,19061.5,17231,18199.5,19094.8,22548.2,22999.2,20320.9,17067.3,22988.5,21677.2,23331.7,18330,18532.4,20192.6,22555.6,22270,18736.4,21232.9,18439.5,21592.4,17549.6,17793.6,20339.8,22787.5,20980.2,18730.3,21888.2,21721.8,17580.8,18173.7,22320.3,22241.6,18346.3,17018,23103.6,20419.9,17811.4,21282.1,22569.5,19954.9,17294.5,22518.6,20779.8,18828.9,23548.1,23143.5,21952.4,21620.1,21944.9,16812.6,21354.1,22952.6,23114.1,18617.7,22012.5,19446.7,17240.9,16623.8,20019.2,20298,18819,23315.7,21788.2,19498.7,19152.4,18345,19330,20858.9,22351.6,21710.9,19144.3,21861.7,20600.2,20217.2,20520,22435,21636.1,23348.8,21059.5,19216.8,21325.4,19302.4,21848.9,20783.7,21505.3,17354.7,19267.3,19814.1,18508.2,23125.6,23049.1,20054.3,16991.2,19715.6,18710.5,20492.3,20073.2,18575.7,17131.8,20596.3,17655.4,18413.1,20690.2,18340.9,23794.2,23455,20544.9,23557.5,17994.4,20895,20928.5,23073.7,23160.1,20089.6,20583.3,21649.9,22754.8,20475.4,21248.4,20941.4,20954.5,20546.8,23908.3,22424.9,22755.4,21973.1,22945.8,20462.3,18847,22703.9,22354.9,20265.8,21070.3,24532.4,23482.8,19666.3,20308.8,24768.2,20982.3,22996.6,25032.8,24689.1,21572.1,20816.1,22039.8,19854.6,23990.8,19725.7,23262.4,20857.5,20132.1,18811.6,21248.2,20052.8,20853.5,21720.3,20165.2,22984.7,23272.2,21963.3,19432.4,20612.7,22610.6,20403.7,21991.5,20634.1,19544.8,20302.7,25022.7,21944.1,21471.6,20381.9,20221.5,25034,29243.4,31971.8,31090.5
34199.4,27147,27228.9,21816.3,20497.7,24968.7,25660.9,23401.7,24492.9,22441.1,22663.4,19347,22794.7,22469.3,18844.4,22576.6,22030.6,19464.8,22648,18100,19519.3,22416.1,20603.1,17843.8,22601.6,18881.7,22731.7,22317.6,24183.6,23591.7,19807.2,18912.5,17769.1,17787.9,23594.7,21617.8,18382.9,23051.5,20232.2,21378.6,17384.4,21992.5,19630.9,21788.5,20128.1,21632.6,19724.9,19798.9,17980.2,18164.5,18153.5,17579.6,16451.5,16269.7,17094.8,20493.4,17692.8,18591.7,22187.4,19549.2,17440.9,20162.6,17296.6,22035.3,21466.1,21291.5,16678.7,21582.7,22250.4,20985.4,20455.3,20679.5,17063.4,22501,17221.9,19781.4,17912,20735.7,20113.9,19101.3,17075.3,18181.3,18788.8,18059.3,22383.9,17448.1,18180.9,19770.1,22162.6,18003.5,21542.9,21250.6,19183.8,16745.7,17249.9,22252.5,19412.6,20949.4,18579.4,19163.4,17637.7,19750.3,20041.2,17972.7,16995.9,21495.6,20718.7,21734.6,21387.5,19822.6,18733.5,19892.2,18094.3,19138.3,15862.4,16890.5,21324.8,19258.5,22382.6,19318.8,20523.2,21615.6,16598.9,21843.9,20099.7,21009,23006.5,19404.1,22726.9,22523.8,20754.2,18776.5,20319,19600.1,17945.7,20337.3,20863.5,22338.9,18557.7,18891.4,17467.7,21026.7,18759.1,20780.4,18926.1,21749,17026.1,18245.9,20320.3,18179.7,19494.4,16929,19493.5,20650.3,19502.8,16504,21685.7,20543.1,20201.1,20807.7,17121.6,23050,19474,18442.9,19261.3,17163.7,19512.3,20419.9,22156,23326,19990.1,21937.7,20683.7,21670.2,18247.9,20939.6,19258.9,19568.6,18187.1,20840.7,19790.6,20405.9,21347,22054.6,18274.4,23799.7,21606.9,22661.7,18787.2,18296.6,23146.9,18146.3,20712.8,21073.5,17378.9,23225,17810.8,20077.9,20628.4,20825.5,16998.8,20121.1,17236.7,18652.3,18268,21240.8,22358.1,21456.6,17886.9,16706.8,19335.8,18478.6,17343.6,18532.8,20775.2,19869.1,18290.3,18804.9,19731.7,19619.8,21325.4,17884.9,20603.5,20185.9,22396.1,18171.1,21351.2,18585.6,22230.5,21242.5,23229.8,21626.9,17906.1,22820.8,19747.1,18320.7,17196.8,20267.3,17550.4,19803.2,20269.6,18334.8,23143.5,23027,21791.1,17918.8,18472.3,21737.9,22867.2,19383.4,17069.8,21351.3,21765,21062.5,20605.1,19719.1,17689.6,23029.6,19410.4,19584.1,16604.7,20729.4,17531.7,23248.6,21289.8,20028.7,21387.7,17447.1,18736.8,23773.1,18212,19152.3,20272.7,23356.4,20696.6,21926.7,20447.7,23451.9,20094.8,20364.9,19369.9,21080.9,23240.6,20902.9,17205.8,23090.5,20147.5,21500.6,20748.3,17407.2,18788.5,16761.6,20537.9,16929,19443.4,23024.5,19015.1,20037.5,18590.8,18748.2,21594.4,18888.4,21670.4,21974.4,23389.7,22654.3,23570.8,20018,22404.2,21596.6,22177.1,18722.2,20842.6,19457.9,20388.6,22604.5,19997.6,21625.5,22822.1,19086.6,20279.3,23995.7,23194.7,22626.3,19340.2,18677.3,22190.9,18317.5,21540.7,18959.5,22789.5,23179.1,19734.1,24431.9,23611.3,21932.8,19961.3,18584,18734.4,24934.3,18569.3,21306.7,24846.8,20285.5,19471.8,21253.4,21107.1,20511.2,24212.9,23171.7,19297.4,20936.9,21219.2,22610.2,23541.5,19806.2,24197.4,19105.3,24595.4,20409,24649.1,20520.1,18321.4,22513.4,19602.7,20759.1,23088.5,22083.4,23515.2,22809.1,24517.3,22598.8,19552,23721.3,24992.4,24807.3,23571.2,22437.9,20307.3,23095.2,26065.1,24770.2,29980.8,32568.5
32961.2,28179.1,23701,27759.7,26471.4,25708.5,24427.3,19320.2,22369.2,21391.8,23321.8,24045.4,22193.9,24673.9,21065.3,22320.4,24496.4,18835.4,24451.3,18342.8,23660.5,21092.5,20534.9,20036.8,22169.9,19886.4,18041.8,18183.7,22532.2,19854,20787.3,18244.3,18086.3,19772.9,21674.1,22711.8,18818.4,19175.6,17604.5,17735.9,23052,17292.7,22190.8,20452.6,18471.4,18057.3,21757.4,21272.1,20127.9,19121.6,20175.6,20239.9,21714.7,16482.8,19022.1,21321.9,17244.8,17540.5,17635.5,20996.2,17050.6,22360.8,21957.6,16206.5,20002.3,22248.8,20925,19710.9,21630.8,20844.9,17867.4,16831.3,17437.2,20829.5,18387.8,18808.9,17285.1,22833,21700.8,21236.3,22267.3,17484,21353.9,17484.8,16980.2,17498.9,16986.5,18639.4,19922.8,16890.9,18541.7,22941.8,21050.6,18332.9,21966.5,20697.4,16599.4,19788.2,19890.6,19328,21842.8,22407.4,22652.6,19144.3,16321.6,18830.7,19525.5,22438.1,21870.7,20081.2,16261.2,19986.3,20723.7,20152,17625.2,16047.4,20782.7,21368.3,21651,21867.4,22121.8,18829.2,18838.1,18862.2,20038.6,17205.3,23210.5,18688.2,22777.1,19217.8,23465.6,23331.3,17584.3,20807.4,17042.6,21798.9,16698.1,22056.1,16068.2,22134.8,18287.9,19955.4,16476.6,17798.1,18980.4,19688,16958.3,21694.1,17502.8,18679.7,20606.8,21229.2,20024.7,18652.2,14993.7,20622.6,20279.5,18673.8,20095.1,17117.2,20391,19790.1,17190.2,16934,21661.4,22049.8,19919.3,22341.2,20564.8,21894.8,22196.8,23417.7,22279.1,21587.5,19737.2,22751.1,19218.4,23600.3,22168.2,21817.6,21204.3,20228.3,20917.4,20813.2,23925,23094.6,23377.7,20704.3,23245.5,19075.8,21240.5,21949.8,22191.4,21788.5,20667.7,21939.5,21607.4,19795.4,23130.2,19580.5,17567.7,21652.4,18001.5,19757.7,17121.4,22036.6,21832.4,22083.1,19078.9,17166.5,20831.4,17209,21578.9,20201.6,17864.8,20898.3,19449.9,22208.5,18053.2,22238.9,19660.6,22125.6,22210.7,20529,20931.3,18449.2,23522.3,18405.4,20218.8,20176.3,18975.1,19044.3,17394,19669.5,19617,18976.7,22923.6,19540.7,20220.2,17104.7,20832,20611,17440.6,19422.4,20499.7,19073.7,22311.8,20492.3,17960.5,19130.8,19716.5,19922.7,21280.6,20798.1,17253.6,17320.2,19389.6,17356.1,19641.2,18904.1,21555.4,20884.7,17620.3,22730.6,21606.9,18630,18399.2,21152.2,19261.6,19336.8,17781.5,19337.2,21591.7,20782.1,22084.8,20499.8,22890.8,22956.7,21863.8,22318.3,19677.7,21691.5,17148.1,22898.9,17741.7,20763.2,21523.8,21893.9,22006.9,16899.8,20476.1,19411.6,22556.3,18190.1,20385.8,17030.1,19469.9,19013.9,18964.9,16832.5,21263.4,17305.2,23439.2,22481.7,21592.5,6249.34,20145.9,17931.9,22227.3,23980.9,19098.4,22222.9,20683.8,23451.1,18069.8,20229.6,19696,19813.2,23618.9,21403.7,22453,20293.2,22771.7,21779.1,23846.5,23359.2,24323.6,23637.8,22849.8,23879.8,18808.5,22585.4,22597.1,18602.1,18524.9,24464.7,18734.9,21230.4,20308.5,22441,19901.4,22422.4,25144.6,23686,24557.1,25310.1,23034.7,22445.4,22107.7,20493.6,21845.5,24540.3,21798.1,23813.6,21622.4,20774.4,23527.1,24205,18973.6,22479,20402.5,18819.3,22365.5,20922.6,24455.4,22059,20391,22465.1,25714.9,22559.5,23456.7,20174.2,24273.1,21474.8,19625.5,23440.1,22200.9,23600.3,24343.7,24195.8,23173.7,29482.9,26371.8,33840.2
37682.2,30489.2,29020.3,22017.3,24928.4,19653.7,20684.7,19620.6,21561.5,23659.6,19232.8,19034.2,24224.8,21544.1,23292.8,21942.8,21846.7,19795.6,19235,23613.4,21529.9,18165.1,23932.3,22662.2,24053.7,19869.9,22349.1,23784,23920.3,18175.1,19546.2,21317.8,19228.4,22908.8,19640,21541,17579,20186.6,18192.5,18898.4,16944.6,20128.4,19652.6,17297.9,23125.3,21231.3,19638,19779.9,17349.7,17797.7,20156.4,20528.8,20467.7,20827.3,17405,20179.5,18154.8,16813.3,21455.6,16557.7,16957,20816.1,17096,18214.1,19569.4,17946.5,16104.1,19595.7,21755.5,16058.1,22290.9,17656.3,18671.6,22577.8,17662.5,21655.4,21789.1,18143.4,17858.5,20057.9,22064.8,20270.4,17976.2,18201.3,22057.3,19131.4,16737.4,20100.5,19981.7,22581.2,17052.5,20221.5,21878.6,20549.3,17228.3,18592.7,16993.6,20301.7,17520.5,18669.4,21441.5,17815.7,19602.5,18210.3,21808.7,20089.3,18483.6,21623.5,17517.9,20324.6,20872.4,20263.9,22053.9,19546.9,18431.8,18763.3,17006.3,16611.5,16751.5,17937.9,16541.2,17844.8,17751.8,19250,22624.8,18670.9,17837.4,22878.7,17712.9,21850.7,20508.5,21210.6,23459,21159.9,19319,19773.5,22305.7,22092.1,20745,17661.1,21389.2,17969.8,20928.2,22008,20252.5,18633.5,20596,17912.3,19096.9,21714.4,18020.3,19692,20092.2,22116.8,20055.4,19784.7,21612.4,23122.8,19643.7,21346.6,19840.1,17399.1,18093.5,18258.3,21409.6,19572.4,22512.8,18575.5,22850.3,17800.6,19706,21201.7,20652.4,20132.4,19001.4,23309.2,19816.5,23410.7,17978.2,21607.9,18555.9,22938.2,18477.3,18683.1,23323.3,19973.6,19733.2,20958.5,18270.9,23154.8,22978,17457,17114.9,20972.8,22022.7,17770.2,19471.3,19743.7,17323.9,21572.2,22121,22287.8,21837.3,17028.9,21789,21812.5,22092.7,21372.1,18019.8,16936.8,21822.6,17492.7,21333.5,18458,19092.8,18348.3,21932.7,19850.8,19938.1,16685.8,16764.4,18465.5,16898.6,23419.7,17441.1,18332.7,18955.4,18369.6,20732.4,21958.6,19240.3,22335.5,17789.3,22918.9,21200.9,19159.2,21267.9,19533.7,17495.8,20749.6,18406,22997,21144.2,22936.7,21867.9,18633.3,20727,19847.1,17901.3,20173.2,22896,22036.9,19356.8,18500.3,23225.2,19366,17483.7,18686.1,20103.8,20041.9,21739.2,21305,21545,17672.9,18152.8,20617.3,20127.6,21446,21583.3,18424.3,19877.2,17758.8,19999.1,22949.7,20799.7,20127.3,20557.6,20709.8,20145.3,18513.1,22442.4,18665,19953.5,23515.3,20006.3,21994,18382.4,19637.2,21557.7,17190.5,22447.9,18394.9,19099.6,17147.5,21890.1,18429.9,19951.4,21060.5,18672.6,22000.2,20910.9,23447.5,23659.9,20410.7,20007.1,17192,23393.1,18683,19330.7,23572.3,19567.2,20169.7,17829.2,21963.5,19264.9,21671.8,22839.9,19817.3,20425.2,24510.7,22828.2,24117.8,21701.2,24293.6,19719.8,20068.5,18791.8,18948.6,22089.7,22757.1,22518.2,19259.5,21513.2,20458.2,21421.2,19602.1,19138.7,19410.3,19630.1,20016.5,18398.5,22246.4,19501.2,19650.9,20946.5,21992.5,21306.2,21328.1,20930.4,24111.9,22722.9,24442.6,23765.8,19091.2,25457,24605.1,23978.2,19942.5,19559.6,22467.1,22048.2,21988.8,20787.4,23717.2,19938.5,22238.3,21172.5,22742.2,20094.1,25220.7,24959.3,19663,22631.9,21572.2,21935,23562.1,20422.8,23812.1,24855.8,22766.6,26743.9,28251.2,27559.6,31405.4
32850.8,30913,28178,26630.3,23636.7,20625.7,21689.9,21121.5,21036.1,23955.8,20802,21074.4,21819.2,24485.8,19873.6,24004.6,21758.7,21768.5,19723.1,18525.2,20326.5,19691.4,19449.3,20330.8,18682.1,18504.9,21345.3,19678,18569.4,21440,23928.4,21381.4,19382.6,22884,18995.8,19692.1,22016.6,19785.8,20474.3,19937.1,19923.6,19427.8,16926.5,17791.1,22545.7,21341.1,19709.8,19222.5,19964.5,18412.5,19651.1,16749.1,18012.7,18260.8,18868.5,17458.9,18977.8,19878.9,19483.1,18787.5,18285.3,16770.4,18128.9,16272.8,19301.8,20897.6,21721.5,19597.4,16187,19696.8,17481.3,20375.6,21863.7,20337.5,17656.7,18797.5,20624.2,17662,20812.2,22824,19761.5,20669.1,19974.4,19029.5,21463.1,20496.6,20017.5,21512.7,22340.1,20086,20070.1,17350.7,18176.1,20298.9,20758.4,19485.3,7066.06,18957.5,17592,20207.7,17289.7,21593.5,17074.6,18868.9,16278.3,17863.6,21486.1,18561.8,16246.3,17013.8,19079.3,19526.5,18900,21136.3,20797.8,20590.4,22014.2,20409,22739.8,17866.4,19912.3,17832.3,23122.7,18166,20342,17486.1,21170.5,19156.6,17936.8,18583.7,18006.4,20457.9,21692,17292,18486.1,16457.5,19783.6,22175.8,22064,18574.9,16823.3,16291.4,16921.2,16677.2,20033.3,22253.2,22237.6,18755.7,18011.9,17591.6,16147.6,21619,17949.4,17776.5,15188.5,17792.4,17347.8,21465.4,20207.1,22095.9,17896.4,22095.6,19358.9,20022.2,23155.1,18240.4,23049.3,23038.5,19561.9,17464.8,17475.2,17435,18035.1,23067.7,21971.8,23407.8,18444.9,23655.1,21324.8,22129.9,17899.2,18908.3,19617.7,17719.3,20654.6,19229.4,18413.5,22155.9,20820.4,22347.6,22044.6,21976.8,21727.7,23406.1,18597,17271.4,19288.5,18669.6,17805.6,21250.1,22197.7,20060.2,18060.7,23116.8,21968.6,19735.6,22189.6,16814.3,19518.1,21876.7,17798.2,19352.6,17165.3,20154.2,21337.3,22677,23177.5,18428.8,20497.6,17565,21109.9,18729.1,22870.6,18510.5,22277.4,19531.7,20270.1,19230.7,20650.4,19358.7,20502.5,19002.7,17570.6,20309.5,23194.1,17166.2,21052.9,21950.1,20085.1,21634.7,19816.7,22468.3,17485,20405.7,19356.1,21486,18271,17974.1,22448.1,18330.2,19179,20734.8,18908.4,23553,22617.3,20437.4,19878.4,20884.4,23041.5,19321.6,19050.8,21770.2,20147.8,18260.4,23149.1,20156.7,22315,21413.3,19912.6,21520.7,23011.7,22237.9,22468.4,23713.3,23922.9,20652.2,19655.1,21202.2,17354,20454.8,20923.9,19173.1,21270.8,17944.4,18838.3,21945.3,21817.6,21910.5,17096.5,22662.9,19435.5,22739.4,23017.3,16739.5,17452.1,18524.7,22993,21536.3,18529.5,18294.5,18538.1,18089.4,19164.4,20102.8,18486.9,20009.5,20600.9,18611.1,18330.2,19983.5,22971.6,19799.4,22134.2,19742.3,21946.4,22292.6,18859.3,20609.1,20774.9,20913.1,21847,19718,23957.6,18913.5,21937,23328.9,19881.2,23416.3,21391.3,21130.6,18500.6,24819.9,23564.3,20244.7,21525.6,20613,24316.3,18472.1,21431.8,23620,19793.6,20684.8,19596.2,23370.4,23771.6,21618.2,25055.3,21601.4,22259.8,20796.4,20704,19707.4,21976.4,22811.9,25475.2,21119.1,24230.5,23809.2,19078.6,20832.7,20619.1,21086.7,22793.2,22157.9,18719.8,23297.8,23993.4,21667.2,19129.5,23455.9,22184.9,22885.3,21425,21097.7,23707.9,23221.8,19963.4,24330.1,21931.6,26553.6,25826.6,25932.2,30173.1,31294.3
34555.6,28437.3,27984.4,26740.2,26468.5,24345,22439.6,25224.8,21305.7,21168.3,21867.2,22741.9,18281.1,23061,20453.2,20067.7,18387.9,20646.3,22091.7,20645.5,24182.8,22087.6,20448.3,20951,21004,18767,23953.4,19584.6,19452,23010,21070.6,24253.8,21635.6,20224.8,19005,22007.8,20315.2,20567.2,20678.5,18041.6,20503.2,18399,20296.7,20071.5,21810,22922.3,22002.9,20755,18224.6,18590,17752.9,20842.3,21861.2,17495.1,21571.9,18727,17289.2,20340,18954.1,16225.8,21439.7,18708,20653.3,17528.1,16959.4,18710.4,19526.4,21033.1,20359.8,21007.6,19234.5,16773.6,21979.7,19896.2,17776.9,22504.5,19653.2,18564.2,18170.9,16701.2,19175,16614.3,19302.4,22858.1,22485.3,22843.4,19599,19972.7,17469.8,18209.7,17312.8,22246.8,18102.2,19861.9,21025.5,21648.1,22033.7,19912.4,17873.5,18392.7,21853,17151.7,20872.1,20441.3,18911.3,21107.2,17739.7,19214.5,18778.3,22456.7,21716.2,20589.5,18629.3,17531.6,19563.2,20252,21868.4,21770.8,22539.2,18007.3,22600.1,18418.1,20298.2,19959.2,20638.2,17521.2,17828.7,21245.7,19175.6,22643.3,20203.1,18867.6,20671.3,18433.8,23093.7,19610,20893.5,21223.5,20445.4,20550.1,21342.6,18024.2,19933.7,19806.3,19201.5,16596.1,20176.5,18925,16493.6,20087.4,18064.1,18556.6,18480.7,17073.4,15016.1,16755.7,20671.6,22391.6,19819.6,21614.5,17793.8,20040.5,18091.6,21730.8,16940.1,21005.2,22032.9,17592.3,20326.6,22883.6,21416.7,23530,18688,22295.5,19017.3,21597.1,19138.9,23569.1,19119.5,23170.6,18936.6,17499,17816.4,20447.2,20915.1,17831.5,23770.2,21835.7,23555.4,23853,23195.5,22074.4,20437.4,19579.9,19362.3,20698.1,23765.1,20135.2,19512.7,18189.3,18200.4,21793.7,17374.8,17331.2,22165.4,18540.5,17184.7,16634.4,16340.9,19111,21986.5,20760.7,17400.2,21459.2,18080.5,22239.6,16854.1,20174.2,17059,18744.8,20949.3,18070.9,20189.9,18311.7,20412.8,23317.8,22204.1,23109.1,20013.1,21521.6,20553.4,17217.5,18816.7,17850,16985.2,21469.7,19432.9,17412.8,19077,22038.9,17871.7,20951.5,23556.8,22722.7,21050.5,18781.1,19596.8,20865,23136.7,19606.6,19359.4,19556.5,19913.7,18868.6,18763.9,20400.1,20211.1,22762.5,19463.9,17933.1,21951.3,19687,22315,20241.7,19878.9,20992,22041.4,24031.8,18516.2,22670.7,21936,22922.9,18816.3,19396.3,21619.7,18500.7,22730.4,23593,17383.3,19504.3,21073.4,20320.6,20186.8,22738.5,22804.4,21309.5,20726.4,21716.1,19218.4,22421.1,20119.7,16823.5,21050.7,21228.6,19937.8,17822.2,21732.6,20098.2,16631.4,16620.7,22827.5,17659.6,19487.3,21885.4,20984.5,21729,17652.7,21340.5,18242.3,22518.9,23124,21076.6,20628.5,18461.7,22398,18552.2,23349.9,19772,23767.5,18821.5,18235.3,19903.1,19034.2,23875.9,18551.9,19413.1,21660.7,24716.9,18445.1,23988.3,18686.7,20053,24546.3,23576.6,22012.4,24085,21860,25174.1,23686.2,25090.7,24414.7,19359.6,23158.7,20831.5,25713.5,19545.1,20745.3,20373.7,24789.4,25262.8,25238.6,21997.1,23194.8,25115.9,22612.6,19440.9,22769.5,21253.3,22173,24700.6,24378.5,22956.1,18803.2,23037.7,20153.8,20832.8,18826.7,19933.3,22511,20081.1,19776.2,21742.4,21154.1,20109.7,25219.4,23506.9,23845,20590.2,20707.9,22059.2,24643.8,26260.6,31525,31457
33420.8,28396.7,24870.7,24576.9,21097.5,23980.1,19325.2,19441.9,23801.8,22140.1,18313.5,19689.2,24570,19133.9,22278.1,19029.1,22247.8,18061.4,21289.7,20938.5,18874.4,18065.7,20894.4,20883.6,23880.3,19673.6,18103.8,22658.1,23283,23454.9,22747.9,19936.5,22801,23026,19862.5,22183.2,21759.2,22368.2,19194.1,22044.6,20081,22579.7,21951.3,19601.1,22249.2,21602.6,19330.2,18727.5,17745.8,19238,18822.5,20697.3,21350.1,21507.5,16874.3,16715.2,19272.1,21961.5,17981.7,18163.6,16769.7,20254,16302.4,16257.1,21197,16789.4,16092.3,18898.1,21539.7,20878.2,22427,17278.5,18866.5,22106.6,18421.6,22171.9,20744.7,19171.3,21603.7,19458.5,17462.8,21143.9,19684.5,22763.7,19063.6,20117.2,18807.5,22888,23141.3,17709.4,22153.7,16973.6,20317.2,22625.9,20414.6,20192.5,17153,16562.5,16919.5,22328.9,17950.4,21964.3,22412.3,18637.8,20603.2,17172.4,19745,18260.1,18180.9,18429.1,18042.3,18947.3,21143,18511.1,22513.9,21703.2,18700.2,21812.9,22083.4,19911.1,18409.2,17730.6,20689.5,19642.1,22675.3,23315.4,19654.2,23104.5,21931.9,19753.3,17606.3,17116,20184.7,21855.3,17276.1,19866.5,20184,20504.8,21498.5,20704.2,17298.5,16133.8,16467.3,20830,16391,17569.1,17325,19514.3,16809.5,19048.9,19257.6,19811.9,19108.4,21334.4,17664.8,20549.1,17313.3,20036,20056.9,21552.7,21756.3,19037.7,22140.5,20694.6,22067.5,22358.4,21354.6,22848.1,18809.1,21106.1,22940.1,18410.3,18751.4,17368.9,22341.7,19932.4,18424.8,22396.2,21028.9,20708.4,20055.3,19514.9,20716.2,18128.5,23850.5,22717,19303.9,21927.3,22957.9,18949.8,23534.9,20178.4,22044.8,19075.5,18365.1,21960.7,19621,16961.9,19678.3,22903.5,17679.6,21273.4,22803.1,19694.6,21616.9,20025.4,19241.7,22298.4,21129,23175.6,22879.2,17973.2,21069.4,20476.2,19609.7,19469.7,21661.6,20895.7,19711.1,22139.4,18991.2,22389.9,21683.4,18741.1,22555.5,22367.3,22279.5,17187,23266.6,19518.8,21279.8,19629.2,20542.7,17088.7,18354.8,17221.6,17495.4,23545.7,5793.39,21342,18504.2,17364,23094.2,20716.1,20384.8,18376.4,18891.4,18097.8,17562.9,17177.7,22572.4,19129.3,20832.4,18243.3,22017.3,17304.1,19731.2,23227.3,16785.3,21654.6,22894.3,18266.9,21336.4,17390.3,17978.8,19639,21446.1,17605,18197.7,19926.1,22486.6,22434.8,21633.8,18248.9,18386.9,18114,22896.7,20032.5,17042.4,18321.3,18051.4,18593.4,18140.1,22323.4,20472.8,21612.3,17843,22379.7,21302.9,22914.4,23146.3,19253.1,19184.6,18195.9,22481,18995.6,22027.6,22476.2,21200.6,19938.5,18157,18299.8,19787.7,21492.9,16996.1,18942.2,23347,20232,20268.7,19733,18088,23713.5,18085.2,19604.3,19451.9,20492.2,21826.7,22340.1,19344.9,22228.3,18415.2,21583.6,21348.1,22575.1,19810.5,20554.3,24044.4,19684.6,18381.8,20758.9,21163,19459.5,20112.8,19812.8,22342.8,24374,24460.2,20587,18814.7,20408.7,23208.5,21191.3,18998,23224.2,20549,24201.2,20958.9,19508.3,22355.3,20459.8,25231.6,25036.2,24207.5,21634.9,21283.3,25026.4,22174.7,20387.8,20158.1,22680.9,24403,23838.4,22538.3,20813,24474.5,21277.9,23400.8,21348.1,22656.2,19626.4,20437.8,20877.9,19701,19572.2,25653.8,22321.5,23462.3,23731.1,20210,20655.4,24897.3,26028.8,30513.1,35726.8
34756.1,33025.5,26042.8,26484.6,25438.5,21372.4,20148.1,25068.6,22445.7,21875.8,22142.1,22758.5,19678.6,21157.2,19946.1,24110,20776.6,18903.4,18968.4,23922.3,21056,18878.8,20534.7,19919,18493.6,23664.4,22484.3,18876.3,23592.5,18169.3,21940.3,23591.4,23457.5,19849.2,20178.1,19440.3,21721.6,21343.8,18238.5,22390.3,19728.5,18040.7,17382.7,21533.6,19294.4,18374.8,18740.7,18244.2,22887.2,20658.1,17059.7,16950.7,21227.2,22212.4,22842.9,20811,19838.6,22302.6,17582.2,17501.4,19316.1,19514.6,19663.6,17452,22278,19693.5,17296.2,20514.9,19899.4,21657.7,16683,18196.8,17031,17601.4,20723.7,20170.1,17872.3,21386.6,22137.2,21572.5,17392.7,19820.6,18272.4,16788.9,19086,20039.6,17754.3,16900.9,18166.1,18755.5,20339.2,22791.4,17000.8,23185.8,21789.6,20489.5,17727.6,19200.7,18320.5,19893.4,17509.3,22593.7,19288.8,21897.9,21899.9,19885.1,21552.4,18135.7,21453.3,17209.6,19435.9,17281.2,19165.1,20875,18189.4,17351.5,22365.7,22852.2,22892.7,19996.3,17941.2,20406.4,21147.4,16726.6,20281.3,19375.7,20154.8,19748.4,18816.5,22930.2,21761.1,20219.5,18165.1,17339.4,21390.5,18427.2,17033.3,19135.5,19143.9,18675.2,19962.3,16630.5,19058.1,18212.5,17260.3,19478.7,17443.1,19940,16962.8,16898.3,20431.7,22136.5,18047.6,20627.8,15421.5,21976.1,20388,22830.4,18402.4,22767,18755,20959.5,17168.1,16788.8,21473.5,17567.6,19821.1,21860.4,20421.4,22877.3,19682.6,21481.4,22253,18302.9,17818.4,22180.8,19259.2,17519.9,21941.4,21630.2,18041.8,20395.1,22288,23145.4,20347.6,22220.9,20539.9,23461.1,22277.5,22851.6,17359.6,17090.4,22936.2,23494.2,20675.4,21857,18441,22195.3,19545.2,23124.9,17247.5,20702.2,17197.1,19536.1,19607.9,16824.1,19793.3,20410.2,19657.6,19831.1,21144.3,22268,19846.2,21575.4,21945.3,19608.6,17273.4,21545.6,17637.2,18764.4,18141.1,20710.7,20142.7,21198.6,23342.4,20109.5,23005,19764.7,20265.9,21156.5,18601.4,18532.5,21121.8,21102.2,18339.5,20134.3,21707.5,19778.1,18593,19064,21511.3,19486.6,18788.2,23480,19549.1,23436.8,18494.4,17980.5,21106.8,20962.8,21103.1,21766,20302,21897.8,21917.9,17542.2,23220.5,21288.1,16966.1,20144.4,21860.8,16797.7,20307.9,21625.9,20086,17217.5,18174.4,20108.6,19054.3,23219.4,23770,22715.1,22587,22879.1,22187.9,23220.7,21367.6,19598.6,20546.2,22651.5,20315,19598.4,19277.1,22282.6,21778.6,17025.1,17565.9,20993.1,19184.7,21128.3,17620.9,21500,16670,22996.6,22815.9,22303.2,17793.2,22485.8,23266.8,18607.9,17410,22706.9,22490,18858.8,18902.4,18982.2,19525.2,21466.8,23607,18885,21462.9,18724,23664.9,19832.7,20431,21053.3,20855.2,22592.9,22101.9,21621.6,22573.2,24680.9,23023.2,20776.9,24063.6,22666.2,21928.6,23443.3,18745.8,21342.5,24603.3,18624.2,19838.4,23720.8,19762.1,24008,24003.4,22118.3,19159.9,20628.7,21014,21816.8,24069,23898.8,24680.7,21515.1,25530.9,20167.2,21009.7,21524.6,25058.7,19294.9,19722.6,21718.7,24314,21484.2,21978,23441.2,24019.7,21727.8,22505,20396.7,21102,24542,21988.8,19235.2,24338.5,24354.2,21455.3,25566.8,22948.7,23022.8,20392.3,23952.6,25203,23705.9,20336.2,24258.5,20535.7,21914.2,21429.9,25528.7,31828,35581.8
34471,28615.9,26951.2,26974,20785.8,21202.8,23856,21697.4,21481.7,19723.1,19091.3,23540.6,24624.3,21359.2,22279.7,24223,21324.1,21806.3,23588.2,19127.9,22729.5,20432.8,21767,18208.5,22116.1,21537.6,21652.6,18978.8,19272.7,22135.3,22684.4,24378.5,21571.3,22901.9,18565.3,23333.6,19870.9,18049.9,18661.8,18310.3,22673.5,20301.4,20066.1,20302.1,20916.5,21410.4,18489.9,20595.4,22973.1,20808.1,21487.2,22684.1,22345.5,18650.1,19631.8,20173.7,17442.1,20585.4,16697.4,19976.8,17063.1,21623.2,21004.5,21954.4,22235,20684.7,21689,19554.2,16922.8,16098.5,17071.3,21523.5,20260.6,18389,18457.6,17893.9,20582.1,20705.4,19747.5,18470.2,17929.2,17769.8,18639.5,18349.9,22619.5,20702.3,22703,19682.5,17031,17151,20573.6,18296.3,22806.2,20508.4,16947.8,16729.9,20554.4,19201,19655,20580.2,21802.6,18658,16455.8,18477.1,17201.8,20557,19862.8,19203.9,16688.7,17199.8,21070.2,19647.5,22110.1,22188.2,21872.6,20141.6,17961.3,16602.7,22706.6,22607.7,22740.3,21765.7,17990.9,19948.7,18502.1,21927.4,23151.5,18009.9,22034.4,23353.8,17586,21275.7,21159.5,19616.2,19478.6,21384.6,20944.9,16038.7,17691.2,15862.9,18105.1,18487.6,20727.3,17512.2,19766.6,18671.4,17157.2,22308.6,19755.8,16265.1,19865.4,18702.9,19269.5,16998.1,18734.2,17175.7,19121.9,19407.8,16855.7,19195.6,20476.4,17891,21226.9,22128.4,21840.4,21469.9,18196.3,22628.7,22168.7,21861.6,22688.9,18944.8,22194.4,18889.1,19933.1,20490.4,23258.6,18013.4,21050.1,18475.4,21832.3,23722.1,21825.8,22045.6,21773.3,21754.4,20449.4,22004.4,22600.9,22970.3,18257,19807.2,18862.5,19658.4,18693.3,20108.3,23007.6,19553.9,20206.5,17605.3,18467.7,22431.1,17266.5,22102.2,20485.3,19544.4,20779.4,18426.7,19942.6,19543.9,18075.9,18456.1,19605.7,21119.5,17546.5,20771.2,18407.9,19089.8,20516.3,20130.6,17132.5,23090.4,21817,18186.2,18684.3,19319.1,19066.1,19344.6,19628.5,18479.1,19572.8,22756.6,22699.6,22069.9,19460.5,19374.3,21961.5,19552.6,17023.9,22603.6,17726,17774.5,21127.8,21964.8,18874.9,18793.4,23094.7,22415.5,20097.2,21252.2,22940.9,20674,19240.7,22025.4,19988.9,17202,20159.4,23101.8,20951.7,19640.3,17034.4,22376.7,17761.9,22611.2,22332.8,18246.6,20151.9,17781.3,19627.4,21609.6,24417.3,20427.4,21059.7,22497.6,19163.3,17913.7,19489.3,20075.3,23636.3,17637.1,17292.8,18611.4,23323.3,22631.7,21532.1,19595.4,20309.4,18627.6,22348.2,22674,17386.8,17223.4,18740.5,16747.8,22970.1,19312,17287.7,17708,22363.1,22995.7,18045.5,22146.5,22266.2,18310.8,22726.9,21963.6,21691.5,20911.6,22427.1,21362.5,19661.5,21709.7,18541.9,23069.1,23423.8,18946.8,23151.3,19418.4,19786.6,23421.5,19448.8,23718.3,18985.5,19552.3,24287.6,23249,22972.6,18580.6,19864.7,24458.9,19344.2,21588.9,19193.5,18423.3,22316.5,23457.2,23949.3,20460.4,22649.9,19013,20199.6,25095,23278.3,25835.4,19835.7,22184,22698.7,21871.6,19078.1,19592.6,23673.2,18968.9,23657.2,20310.3,19916.2,25280.9,23124.2,20547.3,22531,18983.7,19851.2,22130.1,18342.5,22809,22822.1,22320.3,23271.6,22869.7,24061.1,20714.5,24377.6,19866.7,21648.7,24877.3,20618.2,20480.5,20346.4,21393,22000.8,25355.1,23444.5,26192.5,31547.2,34345
37796.7,27423.8,29955.3,22954.7,23743.8,22276.8,21204.6,20170,20662.4,22227.3,20849.8,22800.1,23863.4,19294.6,21766.5,18183.2,22150.2,18218.8,18511.2,20505.1,19614.4,18085.1,23752.1,20749.3,23698,20388.3,23075,19541.3,21216.8,21829,20712.6,18282.6,20525.4,23690.3,21761.6,21591.6,23765.2,17685.4,18487.7,19879.9,21198.7,19688.8,23013.7,19907.5,18981,17820.6,20375.7,16735.6,21859.8,17028.7,21106.5,18667.1,17777.7,20555,17801,17888.6,19712,18755.5,17516.4,18433.1,20858,21062,19158.4,17807.2,21465,21199.5,20502.4,17737.5,22325,17054.6,20326.9,20762.5,19429.5,21424.3,22325.7,17839.6,19660.6,21811.4,16931.4,22615.8,17893.4,22062.2,18947.6,16978.9,18715.4,21456.5,23174.2,18591.6,16652.8,20814.2,20578.2,21755.8,20489.5,20945.3,21509.2,22998.8,21820.3,22102.1,19822,19504.3,19320,21955.2,16217.9,19110.1,20354.6,21389.4,22018.9,21416.7,19154.7,20925,16149.3,21869.2,22503.5,16151.8,21858.6,17238,17191.3,20519.6,19288.1,20863.9,17310.7,18339.6,17083.9,18334.1,22242.3,20651.3,19338.8,16931,20982.5,20845.9,18653.9,18149.9,16948.4,17307.3,17210.2,18844.9,19058,22185.3,16547,17682.4,20867.5,16781.3,19245.7,16563,21496.3,18513.5,20478.1,17031.9,17730.8,21201.4,17290.4,21513.2,17614.4,17365.8,15786,19554.4,20523.1,22663.8,22336,17286.9,22313,21266.3,22256.9,20453.5,19188.3,22561.6,18263.4,17307,20851.1,19057.9,19998.1,21422.4,22730.9,21324.4,19095.6,18674.6,17484.7,22842.6,19037.3,23338.8,22500.8,19975.3,23380,19168.9,21367.1,20107.2,23359.9,21422.3,20538.8,20302.7,22258.9,18564.4,23170,20572.7,17140.6,18498.9,19337.3,19748.7,17816.5,20847.4,18233.3,18479.3,18171,21970.5,22768.6,20656.4,21723.9,21934.7,20365.7,21817,23070.2,19835.3,22939.2,20271.6,17293.5,18146.5,22228.6,22898.6,17115.4,20657.4,17530.2,20904.4,17704.4,21432.6,18113,21706.4,22256.1,18675.6,21033.4,20362,19098,19032.7,22892.1,20739.7,17016.8,17372.5,19069.2,22694.8,22326.4,23846.6,18484.6,18872,22273.2,22721.5,18099.1,21580,20715.7,22151.2,17494.2,23395.3,22669.2,21522.4,21516,22102.5,21879,17369,21082.3,18069.8,18916.9,19631.8,19356.5,17052.5,16830.4,22192,22600.6,23544.8,23991.3,22627,22280.3,19072.3,20154.1,19175.4,23326.3,22197.5,23883.2,19779.4,20965.1,19261.8,22557.6,19646,22962.9,19314.1,19062.1,17107.2,23027.7,21584.3,21796.8,21146.2,21643.6,20349,17032.4,19206.2,18519.3,22195.1,22418,21019.8,20448.7,21352.8,19205.2,17660.5,20114.8,18780,20329.7,18549.5,18497.1,21289.2,23549.3,17216.3,19545.9,18887.7,23160.2,21154.5,23443.3,20699.2,20039.6,21189.3,23417.9,20496.6,23864.4,21935.9,18359.9,21672.3,20286,23487.6,22505.7,24035.3,20158.6,20977.6,20337.2,20475.5,19236.3,23684.3,19980.1,22532.6,22544.5,19500.2,23808,24113.4,20606.9,20810.3,23723.1,22452.4,25506,24513.9,20078,21158.1,19457.3,19253.7,20304.6,23323.1,21962.8,23274.5,24515.9,19514.7,21716.1,25311.9,23071.1,22697.5,18691.1,20950,19608.6,19736.3,21888.7,24821.8,18573.8,22647,23027.9,19943.9,23793.6,22239.9,25185.8,23622.2,26023.3,25114.1,20394.2,19997.4,21927.9,20954,20384.1,20833.6,21892,27084.1,30932.6,37061.9
32772.6,30132.5,27298,23571.5,25637.6,22071.8,21812,24875.6,24506.3,22107.9,21436.7,20534.1,18274.4,18688.3,19662.9,18957.6,22212.9,21547.4,23287.1,21002.2,21765.7,21567.2,18458.4,23564.3,18840.1,19481.7,23706.7,23565.4,20692.1,18122.2,21738.1,19358.8,20979.4,18968.2,21811.3,20800.2,19627.3,17779.2,17801.4,21624.5,19079.3,19165.1,20064.3,17250,18984.5,17840.1,19546.1,21919,18092.4,19320.4,17550.2,18698.6,21854,22450,16893.5,16898.2,18301.2,22435,16431.2,16670.7,16535.1,20510.9,19454.3,22490.9,20224.6,20156,17414.5,16619.4,20698.3,21588.1,16491.6,20876.3,18887,17116.8,21788.1,19450.2,21200,17317.4,17453,21246.6,17892.2,18401.9,18812.9,18595.4,22361.5,20994.3,18831.5,20514.7,17225.9,22152.1,19763.1,18764.4,22198.7,18017.7,20173.9,18825.7,17728.3,21722.7,22640.2,22713.1,20339.4,17383.6,16510.6,21148.5,22229.6,17847,16633.1,18053.4,21085.8,17875,19712.9,20469.9,16514.3,17061.7,17041.1,17832.3,22153.6,17335.6,20761.1,17092.4,16858.8,19703.7,22284.5,17671.1,21857.4,23162,22265.3,19628.4,19025.7,17068,18447.8,20914,20874.7,20862.3,19183.6,18161.2,18240.6,18285.8,20574.3,21097.8,21161.8,20904.6,17903.7,18028.1,19249.3,21693.3,19261.7,16268.3,18273.1,20697.6,20516.9,22030.4,20472.6,19972.1,19787.5,16696.9,21834.7,18463.6,20456.6,22997.6,23027.8,19104.3,21054.5,23074.8,18024.6,17721.7,19317.6,20201.1,18962,18271.8,20764.3,19040.5,19925.4,18020.7,19581.2,21842.3,19350.6,17582.1,19779.8,21804,23104.3,23330.4,17541.5,19672.8,22231.7,18851.3,20759.4,22692.3,17814.8,22714.6,17834.5,20830.9,17683.4,23234.8,18871.1,23586.2,23646.4,18481.4,20245.4,23330.1,17877.1,21051.3,19735.8,22030,23035.5,21055.9,20257.7,18527.8,19611.3,22854,20428.1,21485.1,22072,19192.5,19901.8,20429.3,23211.8,18420.1,16911,19175.5,20183.8,21947.2,21116.1,20505.1,17388.2,17573,19380.6,19407.6,17900.8,20842.4,17853.2,21499.7,22374.4,20929.3,22386.5,17751.3,18175.7,21157.6,21182.3,20869.7,17693.9,21294.1,19974,19707.9,20971.4,18967.1,20432.8,21483.6,23724.8,18767.4,17434.9,19697.5,21310.3,19782.7,19470,19708.8,19377.2,19229.2,20400.2,17981.2,18466.9,16831.5,18421.3,18598.6,18598.9,19557.6,22415.4,21555.6,21331.1,22950.5,23737.4,17949.2,18184.4,18588.2,18289.8,22302.7,20956.8,21679.8,22809.1,22499.4,22069.7,17942.9,19608.2,21302.2,19477.1,20333.6,22361.7,18221.9,17902.5,16885.6,19763.1,22423.9,22695,22298.2,19912.1,22197.5,19181.3,21150.8,17491.4,22088.6,22531.7,21100.5,18306.6,22990.4,17339.2,17362.4,17566.7,17526.3,17030.6,21640,22331.8,17754,21341.8,21456.5,23604.1,23223.8,23351.2,23513,23984.7,22512.8,19456.8,18247.8,18530.6,22249.7,22887.6,19532,18352.8,18994.4,18191.6,20654.9,21034.6,21569.6,22403,24057.3,18783,23933,18485.5,21018.3,19590.6,22139.1,20789.5,20763.3,23030.5,24113.7,24699.4,22907.6,23862.7,21188.2,21508.3,21621.1,19551.7,22791.3,21945.7,24623.3,22695.5,22669,25026.5,22982.3,21405.1,19032.1,23377,19200.7,20944.9,20966.5,24364.8,24035.5,18767.9,20933,22571.6,22135,22199.1,21520.6,21833.1,23150.8,20640.1,24310.6,25560.7,20752.3,25827.3,26584.2,22288.4,25673.1,29517.2,33558.3
34279.3,32789.9,24328.1,22999.9,24022.9,23287.1,20494.4,22078.9,20167.1,23161.1,19958.2,21114.5,22371.3,23674,23157.8,23273.6,24420.4,18695.7,21905.3,21244.8,21709.1,23977.4,18667.6,20580.4,19500.7,22040,19242,19687.9,19022.4,20255.8,20588.4,22227.8,18681.2,24436.5,24398.3,24075.3,19003.5,18401.4,22387.3,17550.5,18130.1,21599.1,20444.8,18672.3,21552.6,23018.6,19337,20290.9,17527.7,19074.9,20942.8,19166.4,21399.6,17332.3,22528.2,20060.9,18666.5,18257.5,21715.1,18353.6,19493.2,17613.2,16629.1,16445.7,16551.8,21058.4,20174.2,17954.8,20871.7,19190.7,22047.5,21722.4,16658.9,20858.4,20390.5,16380,18552.3,17047.7,18081.8,17907.9,20057.9,22573.1,22303.6,21012.6,20679.4,22272.9,18223.5,17908.1,17764.6,17294.4,16648.1,21927.4,21963.9,17169.9,20332.5,21333,18169.2,21723.4,19382,20083,18688.5,17511.7,21027.3,17088,17770.9,15877.3,17510.4,18288.6,21636.2,18491.2,18829,21589,20162.9,21917.1,16855.9,18958.2,17229,20918.3,21972.6,18660.2,20023.9,20486.6,20721.8,19737.7,19262.2,18660,21612.7,17367.6,19998.1,21535.3,23205.8,17813.1,19034.1,18449,17360.3,18115,21381.4,18549.6,16196.4,17447.1,17641.7,22027.7,20539.4,20609.5,17681.5,18722.5,17064.6,22104.4,17026.2,21371.3,21144.9,21130.3,19890.3,16417.5,17807.9,19634.7,20735.8,17098.7,17786.5,17955,23118.4,17401,20875,19584.3,22656.7,19317.8,21482.1,21821.2,20670.7,19207.3,18660.3,19069,20630.9,21941.8,20001,20109.4,21217.2,23168.4,21047.5,21137.2,19236.5,23136.9,23438.7,20424.8,22939.1,23999.1,21173.1,19508,22390.4,19515.1,19664.4,17551.5,22395,19059.1,17638.8,21085.9,23596.3,18299.6,18377.8,23376.5,17369.8,19368.5,22628.4,22962,18904.4,21941.1,18304.3,16884.9,16707.1,22387.5,18402.8,20983.6,19239.4,22052.4,20983.2,22719.7,19811,21861.4,19828,17609.8,18528.3,16966,20538.6,18971.4,21017.7,17342.5,18804.5,23692,22127.3,23225.7,18346.2,22454,18826.9,18602.8,17950,23434,22398.8,22500.9,23193.8,19940.9,18361.2,18525.6,19737.8,21209.7,18788.7,19852.3,20562.5,18467.3,21121.3,21980.2,18696.4,21380.2,19632.5,18851,23458.4,17119.3,17569.3,19862.5,22254.6,21709,17685.5,21108.2,22263.6,21537.4,21681.2,23206.8,21040.3,19717.4,23765.3,18082.4,19415.7,23810.5,21317.4,21512.8,19096.9,18283.6,18419.8,22825.3,17726.6,21886.5,20063.8,20201.1,17666.2,17280.4,22498.8,18511.3,17995.3,22505,22575.2,20218.6,18243.6,22843.1,20296.1,17639.3,17946.2,22898.4,19806.3,18697.4,22865.9,21298.2,17888.7,22791.5,19360.8,20471.7,23376.6,23323.4,19956.1,19259.9,19300.8,18460,18088.4,18005.8,20816.7,21548.2,22010.5,23821.6,23156.5,20344.9,22775.1,18341.9,18266.9,19685.1,22157.5,21272.6,22032.5,19237.5,23776.2,18326.1,18750.2,19615.5,20884.5,23235.4,18398.2,19712,20217.8,24794,23818.3,21518.1,18890.3,20681.1,25120.7,24746.6,19349,22018.9,24546,26108.6,21792.4,24929,20468.2,20100.6,20351.5,23988.2,19580.7,19010,24208.9,19776.1,21534.6,22937.6,22515,22076.5,18741.3,24793.1,19045.8,20361.5,18651.8,21431.7,23453.2,20299.8,19974.1,24136.3,21517.1,25758.3,21633.7,25360.2,21661.4,22866.7,19937.3,22643.1,24718.8,26841.6,23227.4,27731.6,31562.9,33716.9
35663.8,28132.6,25665.3,22930.8,25951.7,21038.5,21224.6,21800.1,24453.1,24010.2,18749.6,19009.1,23327,20700.4,18064.5,17802.4,18167,19521.9,22102.1,20077.3,20571.8,22507.8,21382,22884.1,18858.5,19865.6,17996.4,22723.8,21082.6,23447.9,21452.2,22252.2,20092,18691.9,19610.6,23265.7,19470,23603.3,22470.5,20283.5,23044.1,19108.6,18418.6,21243.3,21522.6,19697.1,17169.4,21333.3,17292,17224.8,16937.3,18537,22339.9,20046.7,20830.1,21706.7,17817.5,21972.4,20860.5,22310.3,18720.8,20938,21620.4,18872.7,18005.8,18296.5,19841,15980.3,16439.1,18894.4,17351.9,18246.5,16738.3,21736.4,22219.5,17080,20371.7,22607.4,16557.5,21624.7,18148.1,18667.7,16973,19893.4,18444.8,23128.2,16895.6,17913.9,23179.2,16719.6,17718.4,23095.2,19728.9,19347.1,20451.8,16315.3,22082,19314.7,22855,19323.9,22249.4,22525.9,22609.3,18244.6,20290.5,19943.4,21988.5,17832.2,18945.7,20271.4,18080.5,18877.2,21714.8,15993.3,20625.7,17583.3,20284.8,21986.8,18519.5,19967.4,21114.9,17748.8,21749.4,18417.2,18885.6,18742.3,20660,18368,20029.3,22413.4,21520.2,19048.6,23267.2,17374.5,20058.8,17759.4,22297,16780.5,22166,21980.8,21120.8,21604.2,21109.7,20151.7,18690.3,18293,21689.5,19902.5,16866.7,20660.4,17416.9,21592.9,19120.2,18448.9,15541.6,19237.1,22810.1,18740,22568.3,21913.6,23388.8,21083.9,22161.8,20196.9,20851.6,20061.8,22299.5,20081.1,19484.8,17755.7,21817.7,22240.8,24063.5,20773.1,17726.2,18333.9,20833.6,23319,23831.9,20888.3,21001,20968.5,20504.9,23953.5,20449.5,20405.7,20949.5,24127.9,18366,17909.4,23486.8,17685.1,17816.7,21368.5,18115.5,17331.1,22572,17173.9,19700.8,21447.5,20282.8,18643.3,19303.8,20726.3,18177.6,18011.7,22868.5,19124.6,18484,22932.6,20398.9,23003.5,17693,21255.7,19855.1,21312.5,21405.3,17238.2,19031.2,18342,16699.1,17824.1,18113.4,21682.3,20882.1,19435.6,18449.1,21335.9,23187.2,22151.4,16940.2,21023.2,21150,17919.1,17124.9,23439.5,18729.4,20937.1,21731.9,20795.2,21707.3,18454.1,18181.4,20588.3,17540.1,22925.8,19792.1,18869.1,18545.7,22679.5,22506.3,18066.6,19105.2,17856,22538.1,18630.8,21088,22287.8,18363,18954.3,22889.9,22703.9,17136.8,23227.8,19883.3,20681.6,19902,18248.2,19637.8,22420.1,24219.6,18814.2,22184.2,21135.7,18808.9,23929.5,19730,17879.2,22894.3,22177.3,19656.5,19951.8,20740.4,20414.1,20861,23046.3,18223.7,21654.2,19114.5,17651.7,21172.8,19498.5,21072.6,21053.8,22331.6,22350.8,19526,17964.3,21891,22073.4,18949.4,18048.8,19645.3,17530.5,21828.6,17111.2,17699.8,20793.4,21924.2,22820.6,19843.7,19607.5,20593.5,20615.8,17541.5,22851.7,21751.1,19406.9,18508.1,21511.3,23216.5,21170.1,24713.9,23053.8,20004.2,19497.9,20010.6,24700.7,19818.1,20512.1,21537.2,22519.3,23777.5,19810.2,24637.5,24074.7,19930.6,24883.1,24353,22399.5,23525.1,22402.3,21368.2,21706.3,19565.3,24860.3,22226.7,22363.6,20235,24496.7,24346,21990.7,19129.2,23676,25365.1,25180.4,21716.3,22157.1,21352.2,24243.6,24935.8,23411.1,21103.7,23732.2,25100.8,19465.2,20745.6,25294.5,24543.7,23083.4,19457.2,20887.2,20062.1,19790.4,21132.3,20703.6,21738.9,20131.6,25742.7,26575.6,24013.4,24299.2,30843.7,35413.2
34178.6,28648.8,30138.3,22651.4,27011.4,21605.5,21661.4,21076.4,24689.8,21299.7,19152.1,20557.8,21740.3,21415.8,22813.7,20716.7,18107.4,20483.9,21824.6,21602.5,18567.8,17878.5,21574.7,21256.2,22608.9,23131.4,22624.7,19127.7,22410.1,18731.3,23218.8,23808.8,18607.3,19086.7,22970.8,23112.6,20243.1,18494.1,20547.8,20583.7,21086.7,17467.3,21352.7,20782.5,19213.7,19278.4,19330.7,21676.6,22012,22719.1,22725,18835.8,16678,16628.4,22567.3,22770.5,22279.5,21673.9,17291.7,20971.4,22406.1,22081.2,20991,17828.7,21519.1,18998.1,20685.7,20221.2,19497.3,20548.6,20423.1,20928,19559.4,20454.4,16858,18564.2,19428.2,20487,21209.3,21830.2,22072.2,21537.5,20392.8,22817.7,17640.7,16654.7,17507.7,20920.9,22164,17500.3,22436.7,22800.6,19993.8,16839.8,20138.7,20897.7,19438.3,22646.7,20214,17770.7,19983.2,17978.6,21929.1,19823.4,22310.3,22220.5,19007.7,16474.3,16860.2,17053.6,18776.9,21323.8,17510.3,22479.2,18803.9,19553.5,19239.8,18424.2,18278.6,18867.9,22277.4,20651.4,19383.6,16997.1,17106.6,19148.4,20401.7,18478.6,21645.8,21200.2,22353.9,22248,17892.5,17720.5,21247.2,18386.1,19264.6,19921.5,19127,21997.1,18967.6,18737.6,17115.6,18195.9,20109.4,20309.8,21870.2,22129,21446.4,17889.9,22293.4,21316.2,17557.7,19461.6,16810.7,20591,18406.7,22696.3,18315.6,21137.4,20373.9,17732.5,22838.8,17689.9,22198.3,20452.7,17509,18442.1,19227.4,20781.9,21518.9,22282.5,19277.1,17660.7,23653.3,18047.2,19744.9,23114.3,21307.8,18073.6,19836.9,18598.8,23082.6,23783.8,23873.3,23043.9,21169.7,18134.5,18572.1,19167.7,23645.2,24039,21445.6,22144,17810.1,22735.6,22366,20888.3,22973.8,19009,20440.2,21323.1,20864.9,19737.5,22927.9,21573.3,21299.9,20397.2,19748.7,19619.6,23189.4,20903.6,17342.3,16934.5,18519.6,22643,21148.8,18892,17537.7,17269.5,19222.6,17525.8,23132.8,21935.8,18582.1,18616.4,23349.2,17442.2,19625.3,17823.6,17550.7,22737.7,18979,20029.1,21358.2,18716.7,21433.5,20564,18045.3,18351.4,23317.5,22106.9,17669.3,18366.4,21009.5,20422,20186.1,21989.4,19294.2,22511.1,21163.9,20115.4,19814.3,21071.2,22442.4,17256.2,20067.8,18450,16940.5,20322,19558.5,21989.6,21896.9,17999,17708.4,23461.6,20521.6,23151.5,22211.4,22416.3,6429.67,23866.9,21584.3,17811.7,17770.9,21177.8,23316.2,20121.6,20145.9,20598.9,23573.8,17674.4,23379.9,17176.2,20657.2,20952.2,21520.4,19991.1,20647.9,20913.1,19745.7,17312.4,19480.6,17598.3,17032.5,19853.7,17956.1,22935.7,17821.3,22399.8,16880.7,20786.1,21407,18957.9,21089.6,20482.1,22124.5,16963.9,18443.1,21166.5,20224.5,17910.5,21797.9,20424.2,18714.8,18041.6,21708.1,21735.8,23927.4,20525.6,18879.9,20340,18261.7,24141.9,22375.1,20525.1,21364.5,20324.2,18283.9,21898.2,22677.9,21367.2,20909.3,22087.5,22023.1,19351.9,24740.1,25100.7,24591.5,19214.8,22153.8,21848.1,22774.5,23656.4,25331.1,24524.9,23583.7,21186.1,23414.9,24803.6,20380,21630.4,20595,20023.5,19505.7,18948.7,19166.3,24998.9,22005.4,24763,21091.7,20340.9,22585.7,23169.4,21477.1,21266.4,23461.6,21273.6,21699.3,19675.9,20705.7,21011.5,24446.5,22302.9,19519.5,20001,20013.8,21443.2,19840.2,21662.8,25163.4,30183.1,31353.3,33894.2
37141.7,30525.7,24851.4,27385.2,23253.2,20032.3,24145.8,24063.7,24053.8,20273.5,18836.2,18388,22514.4,21977.4,22877.3,23838,19712,22430.9,22753.8,24148.3,21326.8,19106.4,23818.2,18281.4,23226.9,18002.4,24036.3,18273.4,21833.2,22193.4,20607.5,24387.1,23231,21202.4,23692.4,19130.3,19925.9,24054.7,22915.9,20470.4,19805.7,21913.9,21688.8,21605,21575.9,18961.4,21452.7,21158.1,22057.8,19439.5,22580.6,22941.9,18911.7,20764.2,19521.9,17160.8,20051.4,16736.7,18272.5,22179,21278,19270.9,21857.7,20615.7,18455.4,22220.2,18443.1,21648.9,21808.5,22456.7,21107.4,17038.3,22706.2,17066.3,22701.6,17602.2,18790,19823.8,22610.5,20366.9,17523.4,17660.9,22414.2,19799.6,20193.3,16583.6,21424.4,20898.2,21727.2,19620.7,22501.6,21831.5,21358.8,21407.1,18707.9,18765.3,19421,20464.5,20915.3,20052.1,21660.3,17432.1,18044.1,20486.5,17797.9,19837.9,17831.5,17834.7,16991.6,20762.7,22587,21547.3,20646,18685.2,21778.2,20246,16147.8,21367.5,20610.7,16613.3,19357.3,21791,20259.7,20916.3,23502.2,17168.6,22187.7,22096.4,18411,20851,22365.1,19997.9,20680.6,22441.4,19710.1,22136.3,19540.7,21458.5,18579.9,17518.5,20739,21843.1,18819.5,17992.7,21488.2,17182.5,22361.7,22307.2,19810.3,21540.1,21023.4,21672.7,18813.2,22185.2,20620.3,18011.9,20656.3,17477.7,22876.2,21937.9,20311.7,19954.5,21371.9,22909,21179.4,22578.6,23358.6,20821.7,19271,21674.6,20761.7,20759.9,21230.6,20986.7,22025.6,18104.2,19807.7,24064.2,18395.9,18516.2,19007.4,23628.2,22421.5,23374.4,19122.9,20760.3,20006.2,19765.2,20664.2,22610.3,23753.6,22387.8,23057,19576.2,21623.3,20231.3,19314.9,20494,22037.4,19255.4,17713.8,19078.3,17571,22660,22502.9,17238.8,19723.1,17662,18590.7,22121.4,18391.5,19022.5,23172.9,22073.8,22871.4,23054.9,17268,18501.3,18797.3,22243.7,23307,20668.4,20944.2,23009.9,19174,19925,17536.3,22972,18357,23219.4,20648,22857.5,23302.3,21160.7,20224.1,19823.6,21537.5,22859.8,19050.5,23344.3,19786.8,19337.2,17594.7,19951.4,21928.1,22089.1,21386.7,17754.5,21266.3,23125.9,21754.4,22184.8,18035.8,20246.6,23445,21575,22215.6,19911.7,21092,19410.7,21900.9,23122.5,22134.3,20338.3,22215.6,19921.3,18355.3,21414.5,20458.1,21706,21451.2,21658.1,23211.1,22501.6,19577.5,20560.2,22034.9,18544.9,20481.2,20431.6,23428,17363.9,21279.1,21098.2,16964,22131,21519.4,17250.4,16940,17315.9,18814.7,23426.3,19543.9,21922,18473.5,22079.2,20403.3,18195.7,18476.5,21376,19882.1,18096.7,19298.4,21320.3,20330.7,23261.8,20008.4,23160.2,19774.3,22100.4,22935.2,23951.4,20228.3,22114.5,21366.7,22460.2,18182.8,23296.3,22031.8,20178.8,18869.8,23146.3,21532.6,24999.9,24866.2,21603.3,23248.5,20764.1,21259,23002.3,22786.5,24996.8,20091.4,20556.2,19109.2,19131.3,23197.3,24707.4,19118.2,23067.8,24260.6,21594.3,20618.7,25154.5,22624.2,22413.5,23440.9,25164,19439.4,19988.7,23948.2,21707.7,24111.6,21762.6,20022,21930.3,23908.6,23148,20911.7,24036,23893.9,22635.9,20206,20301.9,23787.9,24559.3,21406,21420.7,21044.4,19897.3,24941.6,19506,20014.6,22626.2,20903.4,23973.6,24855.9,21460.1,22076.5,23404,21568.1,29452.5,32098.8,37224.8
36918.3,27179.6,29740.3,26968.9,22854,24494.8,21204.5,21019,24002.1,19553,22356.7,20516.9,18495.6,24356.4,23528.5,18670,19533.3,24051.9,18562,23796.8,19308,17928.2,18765.9,19177.8,23392,23818.9,20267,20979,18050.7,24029.5,19711.6,24029.2,24229.7,24188.9,18107.6,22184.4,20551.6,23985.2,18658.5,18039.1,19645.7,16976.2,18407.2,20388.8,23116.1,22064.5,21386.8,17130.7,19242.6,20726.4,16627.8,18726.6,20540.3,22793.7,22493.5,19949.5,20028.4,17043.4,17338.9,20002.4,17590.3,18151.6,16919.9,19499.3,22265.3,16634,20812.2,18585,17560.9,21209.9,21558.1,20441.5,19551.5,16948.9,21568.9,16933.7,19245.8,21282.3,20358.2,17439.7,20133.4,17825.1,21106.7,19467.6,21084.8,20947.6,18188.4,19776,21219.5,22849.3,19045.2,16388.8,18202.7,23313.2,18024.8,17572.7,19019.1,19621.4,21628.1,18101.3,18694.4,17382,18951.1,18973.4,19155.7,21928,20651.9,21069.9,17992.9,21872.8,17290.2,22458.3,21492.7,17096.4,16961.3,17941,16978.3,16305.6,19428.9,18062.8,21894.6,20817.2,16802.3,17316.8,21342.7,22436.2,18548.3,22827.3,21015.1,23339.3,21094.9,22615.4,17412.7,20893.5,17804,23088.1,17092.7,22088.2,16696.7,21645,17276,17465.5,19248.5,18000.8,20135.2,19052.9,20009.4,18105.5,19048.4,21160.9,19275.8,22782.5,19005.5,17982.7,15878.2,18650.2,18968.8,23066.8,19317.9,18000.9,19518.8,22378.7,18906.3,22917.5,18056.3,17568.1,22264.9,20698,21025.8,22499.5,21487.7,21424.2,20822.7,21893.3,21742.1,19182.7,23866.4,22272.4,18582.4,23509.7,24750.5,22216.8,20066.5,22216.7,21356,21427.1,22047.9,18350.6,23543.2,21256.9,19823.2,19063.9,19201.5,21912.9,21331.3,23402.2,19309.4,20868.7,18071.4,18073.9,17587.5,23212.7,22711.7,21551.9,18264,17686.5,20233.9,19740.2,20350,19692.6,22470.2,20256.6,18642.3,17439.6,22829.2,17541.6,23147.5,19232.1,19427.9,16450.7,20873.2,16565.5,19414.6,21727.7,20603.2,21754,20251.9,18719.2,20002.4,21997.5,23280.5,20691.1,18570.7,19781.6,22547.4,23186.9,19090.5,23550.8,18777.9,19289.5,21340.2,23483.3,18465.9,19587,20515.3,19278.9,20439.8,18325.3,18679,19223.7,19756.7,22016,21781.9,19676.6,17256.9,22168.1,19962.5,22027.7,22404.8,21169.4,18249.6,18470.5,17842.1,20537.3,22061.4,17516.6,23827.7,21204.4,18403.1,19312.9,24139.3,23360.7,19898.9,17786.7,18948.6,24069.2,21067,18596.4,21894.1,19310.5,17665.8,20533.1,20984.8,19183.3,21530.1,23030.5,18996.7,19418.1,22763.6,18359.5,20333.2,19687.3,22561.6,21427.5,19758.9,22089.2,18971.8,17274.5,20092.1,17467.1,23041.1,21025.4,18991,17131.6,19088.6,22337.4,20583.1,17460.9,18929.8,22029.8,21376.6,22547.3,18514.5,22485.5,21167.2,20738.1,19670.7,22729.5,22541.4,20818.2,21515.1,20070.9,18627.1,24556.1,25035.7,22800.6,21496.5,22513.2,22560.8,20805.2,21392.2,18637.6,20512.8,22383.6,22223.6,20842.3,20990.9,21272.4,20930,21602.8,19586.1,22645.8,19764.1,24764,23045.6,22598.9,21851.5,20339.6,22423.1,20748.1,22444.7,20515.5,24740.7,23224.3,21838.8,25350.7,24314.7,22849.2,24449.8,25023.4,24297.6,23932.1,22886.2,23108.5,23112.5,19186.2,23042.9,25667.9,24815.3,25197.6,25489.1,21641.1,21267.5,24653.7,20911.9,21174.2,24941.3,26038.3,24277.6,21849,24610.6,27212,31698.6,36518.4
33969,32169.3,29022.7,25424.7,24000.1,22602.6,19457.8,19373.5,20123.8,23511.5,23105,19103.2,19870.2,21235.8,23071.8,20927.6,18260.7,18394.8,21437.6,20581.6,23566,22158.2,21784.1,19225.5,18496,20593.9,19922.8,21303.1,21364.9,21700.9,23001.8,21661.8,21942.6,20718.2,23701.8,19088.6,19570.4,19818.4,23436.3,18981.8,22842.2,20859.9,18888.5,19886,18551.9,19325.2,17372.7,18609,18248.5,21858.5,17391.5,19883.2,18999.9,17533.1,22077.5,21298.8,22760.4,17142.9,20789.6,22104.5,22292.6,20703.1,21977.9,21910.8,19528.4,22075.9,22115.8,17261.5,22269.6,19432.1,19253.9,17066.1,20971.6,16509,19681.6,18149,22885.6,17346.2,22795.7,21077.7,20553.6,18953,21491.3,20287.8,17214.8,17194.7,19144.6,19984.4,21159.8,17951,17363.4,20320.2,20905.1,22476.8,22368.2,23151.1,22396.1,18526.3,21781,21017.6,21077.6,23019.4,17402.5,21620.4,17817.4,20748.1,20011.6,22356.1,18782.9,18820.1,20308.5,20702.6,18672.3,16137.5,21184.7,20881.5,21521.9,19110.9,16408.3,22880.4,20216.3,22398.3,21073.3,21549.6,22325.7,18087.4,22527.5,22678,17955.8,21676.9,17493,18810.8,17549.7,23341.2,21221.7,19710.9,18580.4,22443.1,16833.9,16919.4,18457.9,19986.7,20909.4,17217.2,18577,21189.4,17248.9,19840.4,17172.5,17317.7,19316.3,19631.4,22219.8,18774.9,17873.4,20940.8,17904.9,17902.3,22112.8,19637.1,17525.6,20100,23198.4,19323.8,19387.1,21755.2,22241.1,21501.7,21364.2,20864.5,23717.5,22512.1,24049,20069.8,21964.9,23418.5,23653.9,22678.7,21651.6,21279.5,18534.8,20548.6,24246.7,19940,20080.5,19441,24215,21080.7,19277,21456.7,23453.4,21228.6,22994.9,20979.5,21618.4,21050.5,20861,22829,21735.3,18368.5,22860.5,18484.7,18333.2,22060.8,20592.2,21394,23190.1,19685.3,20047.8,18012.1,20655.5,20191.7,20031,18957.6,22023.8,21858.1,19040.7,19930.3,18375.1,17019.9,17503.7,18766.7,17936.5,19258.3,20144.3,18717.8,22781.4,19920.9,22965.5,21653,20197.1,19861.2,20037.4,21092.1,17739.6,20887.7,18557.3,21679.5,20738.8,22341.1,19706,22641.7,20367.4,20370.1,17604.3,18783.5,23533.6,21589,20533,20366.5,23633.3,18504.4,22647.8,22411,22483.4,20837.4,23313,19594,18208.5,20647.9,18840,23202.5,18177.9,20995.5,23642.4,23871.9,18947.6,20015.8,18005.3,20312.3,23830,22165.7,24135.4,17785.4,21796,23947.1,18423.9,19525,17521,19471.6,20658.5,18967.3,19563,17654.3,23364.8,18667.8,18617.1,19242,17882,16885.1,17353.1,17364.7,17395.4,23096.5,22745.7,20019.6,18475.5,19188.9,18122.6,19224.5,22735.8,21216.5,20343.2,23024.5,17067.9,19908.2,18357.5,20246.9,23162.3,17526.1,21000.1,22054.6,20698.4,23983,22973.7,23725.1,18357.8,20604.4,24248.2,20092.1,24110.1,19496.9,20282.1,24911.3,20296.3,24747,19400.6,19458.8,23496.9,19421.4,21882.3,22147.7,23029.5,19025.3,19924,22751.6,24117.6,23505.7,25398.7,24402.8,24695.6,23596.3,24155.9,21649.6,19938.7,22362,19578.5,22812.3,21934,23339.4,23940.9,22063.1,21306,23986.9,20672.8,23053.6,18810.9,22847.7,20265.1,21862,24100.4,22629.3,21775.1,19728.5,24079.5,22542.2,21323.1,24581,23098,24336.9,24386.4,21136.8,19659.8,23426.8,24509.4,23728.2,21156.2,22306.3,21789.9,22523.1,26229.5,29317.1,27346.2,35277.8
34534.1,30640.7,28096.2,24259.8,23189,25141.6,25062.7,24669.2,20400.6,22098.7,21338.8,19201.8,18862.6,19380.8,18635,23897.5,22582.1,21311.6,23201.5,23529.7,23533.6,22181.2,22273.6,18096.8,20683.4,20284.4,20090,21680.8,24271.4,20289.7,19176.5,23817.7,18917.3,23106.9,18516.8,24108.8,24237.5,24105.7,22769.2,18957.4,18415,19114.5,23188.6,18976.6,19514.9,21355.9,20382,21338.2,22438.2,17826.8,21784.3,18400.9,17547,22788.7,18747.2,18957.7,21344.6,18093,17356.1,18400.2,18969.6,16115.1,16190.5,20808.4,22122.3,19155.8,22416,19408,18110.7,18653,19991.2,21146.1,16708.7,19088.6,21980.8,16902.4,17918.2,21137.8,22295.9,20987.5,18656.1,22334.6,17210.1,21543.5,17760.3,22105.9,19526.3,17032.7,17246.7,21311.4,16711.7,21897.4,21323.5,22030.5,19520.6,22777.8,16648.7,18472.5,17867.1,22776,22999.9,21653.3,17256.7,16808.7,20342,21668.3,20555.6,21502.6,22573.3,22815.3,22731.9,16970.4,19603.6,16606.5,22317.9,17902.4,22345.4,20175.8,20852.9,16752.4,18331.1,16695.2,21569.7,17947.4,21887.6,21093.6,22777.7,17298.2,20678.5,21070.7,19950.3,23137.7,23692.5,23569.7,20333.2,19884.9,20155,21350.6,18758.3,18443.1,20299,19051.1,20617.1,17697.2,19658.9,16121,18883.4,19837.4,17378.9,21436.3,22644.1,16885.8,22962.2,18755.4,18906.9,19480.8,19008.8,17307.1,19360.5,17289.9,18224.2,19714,19092.3,17758.6,18368.9,21579.6,21292.2,22321.7,20312.3,22275.2,21139,18916.9,19955.4,18740.8,24315.9,20268.8,20888.5,20632.6,19378.2,18618.3,22503.8,22277.1,5834.97,21632.9,22632.6,18744.8,22899.3,20276.3,17989.7,18207.2,22453.3,21740.8,22318.4,19776.5,23121.6,19155,19716,21701.5,18348.9,21591.5,17425.1,22405.2,18146.1,19878.6,19553.4,17454.1,21113.9,19008.8,21047.5,21578.9,18316.3,22041.9,18279,23268.6,19114.1,22187.7,17761.1,18241,19328.3,20394,17957.7,20017.8,18458.1,17425.5,20246.9,20614.6,18030.6,18974.8,20395.6,21269.4,18406.8,19773.9,17465.9,18685,22872.3,20176.3,20248.4,22164.8,19690.4,23686,19441.6,18107.3,19086.3,17180.9,19492.5,19324.2,23173.4,21140.5,18599.7,19829.3,18282.5,23424.3,21723.9,19641.7,18377.7,23153.8,20491.5,20104.8,21832.2,20591.3,20093.3,20736.3,22067.6,21129,17505.9,19699,18755.9,19848,19329.6,21979.9,17935.7,17935.6,23353.2,23293.7,18247.4,18776.5,18900.9,18487.5,20391.3,24016,22070.1,19401.9,21093.4,21438.9,17787.6,17122.8,17390.4,22106.3,18379.8,21811.9,19707.8,17324.3,17088,16967.1,21965,16983.3,18877.9,17803.5,21356,22119.4,18289.6,21132.7,21426.5,17933.6,22939.3,23028,21552.5,21050.1,18725.9,21873.8,21461.5,21603.1,20273.1,22361.8,20836.4,23215.9,22626.6,19311.3,21328.8,20173.9,18964.5,23195.5,21653.5,23536.7,18588,20429.3,21596.7,22493.7,24659.2,23505,18605.7,20092.3,21512,19092.6,22837.8,23564.4,25129.8,21636.4,19803.4,22896.3,21225.6,24381.7,24297.6,20299.2,25422.8,22657,24489.6,25630.6,22986.4,24744.7,20492.2,19129.7,19902.1,24667.8,25206.4,23875.4,25000.2,20620.9,18708.5,21068.8,19343.2,23251.1,19012.8,20031.4,20405.7,22015.5,19653.7,24298.5,25433,23844.9,25572.2,20268.1,24064.1,24799.8,20165.4,24571.2,22140.5,24085.6,22478,25026.9,23857.1,30256,31096,34247.2
37694.9,29433.5,26375.7,26577.5,24007.2,21861.6,20815.7,25234,20789.4,22210.8,24392.9,18810.9,22873.3,20769.1,23024.5,22013,18528.7,22482.3,19793.3,20864.6,23307,19373.7,19323.2,23751.9,18695.8,24240,19173.2,18405.2,22664.3,21847.8,20797.3,21705.2,24078.9,18297.6,20959.7,22769,22306.6,19100.7,19871.7,22103.6,21017.8,18763.7,20098.9,22126.5,20013.7,23198.7,19421.7,17476.5,19253.6,18039.2,18580.1,19981.8,16683.8,19871.1,21613.5,20845.4,22380.5,21626,21066.2,18493.3,17891.1,17398.4,21052.6,20397,17965,21905.5,18355,19370.7,17655,19367,19808.6,18004.6,16516.3,18679.7,21992.8,17338.6,20231.7,16721.1,22288.3,17447.1,19778.4,22641.1,18686.9,20046.6,17514.4,17300.1,17774.7,17070.7,18343.2,18046.9,21718.5,20547.7,18122.4,16767.7,21399.6,21838.5,19493.2,16803,19262.1,19571,23209.5,22961.2,21683.6,20717.1,19410.5,17975.2,18518.8,17681,20089.9,20430.2,17299,22451.8,16763.8,21738.7,21791,19682.7,18534,16747.8,21604.4,21561.5,18756.4,18767,22266.2,19374,18291.7,20431.1,22601.2,19613.7,20862.2,19055.3,18822,21172.7,20149,20268.5,22245.9,19291.3,19004.1,21371,17361.8,18721.1,18991.1,16792.9,20021.5,19254.5,20490.4,22072.9,18905.4,19929.6,21153.2,18820.2,16428.1,20396.5,16902.7,19773.9,18027.9,20569.3,17530.3,17691.8,16903.5,21263.4,17832.3,20136,21847.1,22746.5,19269.3,18558.9,17393.9,17970.2,17365.1,22989,22781.8,22015.7,20954.5,24213.4,21092,20420.7,20789,23359,21595.3,20562.8,24437.8,23841.3,22604.1,23112.9,19111.6,23501.5,22984.4,21106.6,17866.1,22329.3,18753.8,19201,23161.3,21492.3,21782.3,19405,22436.7,16863.3,17485.9,18600,18953.2,21624.9,22641.3,18666.2,23418.9,20906.4,19015.3,19134,17684.8,21448.4,18293.1,20074.1,21408.9,20257.9,21118.7,19304.5,20385.1,19692.6,23349.8,22829.2,19568.9,19221.7,19710.8,22138.8,20418.5,18476,20771.6,21581.9,22997.2,20055.9,20697.8,22003.7,21661.2,19515.5,17686.6,22193.4,20839.3,20907.2,19497.7,20254.4,21424.4,19928.2,22206.1,23349.2,18092.2,18611.5,21167.4,17338.5,20005.3,19706.4,20578.3,21757,18210.6,21904.6,23409.7,21640.3,19020,19006.3,22436.3,20042.8,20755.2,17940.5,17414.4,19480.3,20716.8,22549.4,21594.7,22956.5,23894.4,20150.4,22374.8,22519.3,21495.1,23306.8,22757.8,20097.2,19496.3,18824.4,23560.5,23717.4,20459.9,18299.8,20817,20387.5,23229.9,20338.5,23284.5,19060.3,21052.6,18741.5,18569.2,22294.9,17836.8,18323.7,20768.8,18104.6,21161.7,17202.1,20647.9,19482.4,17819.3,19994.3,23472.7,17555.6,17245.7,18899.1,20171.8,22921,20939.2,21599.9,19661.8,20233.7,19975,18252.9,17943,23973.9,18817.4,20936.5,18479.4,19502.1,21201.3,23928.4,20261.4,24431.9,20788.7,21272.8,18431,18954.7,20561.4,24667.7,22595.8,22194.1,23333,24860,24018.4,25481.9,20306.4,23523,24502.5,25542.5,22444.8,23705,23078.6,21523.2,21200.6,21057.1,24290.5,23904.7,24192.7,22388.1,22706.4,24002.3,21903.8,19770,23504.9,25573.3,22991.8,21959.1,23820.5,22259.3,24553.4,23006.5,24199.5,19280.7,19433.8,22365.9,20261.1,25657.8,21294.6,25211.2,24188,24586.6,19641.4,19956.2,22722.4,21881.8,22019.2,22944.6,21309.8,21190.5,23753.6,27852.5,31242.8,32729.7
36331.3,32958.4,24145.2,22607,20828.2,21524.6,22942.4,23533.5,23622.5,19162.6,19942.5,23688,21230.4,18246.6,20491.7,21243,23354.6,22388.7,18657.4,21504.6,23836.7,24000.7,21602.3,18961.2,19142.7,23763.4,21814.5,20104.2,22197.4,18499.6,23907.5,21767.2,18986.5,21748.3,19607.9,19634,23340.9,20471.7,20442.4,20448.9,22105,23139.8,20003.7,20501.8,20606.9,20423.1,21064.4,16930.2,22740.8,20411.2,19886,20990.3,18298.2,17875.3,19146.3,16947.6,19912.8,19915.2,17558.2,22428.2,21490.6,21200.2,20197.8,20494.4,22031.7,20740,17696.1,22204,17591.1,16329.7,19318.4,17236.6,18950.1,21384.2,19602.2,22999.5,21036.6,19096.5,22389.8,21836.6,20880.6,18428.4,22415.6,18642.4,18138.8,17164.6,20770.1,19641.6,17606.6,22283.4,17547.4,19507.5,20663.5,21129.1,18153.3,20270.6,18715,18419.1,19099.7,21555,19657.2,17298.2,22928,18555.7,20036.7,19215.9,21750.7,17611.6,17756.8,22430.9,19872.3,20683.1,19935.3,21260.7,21326.9,20777.8,19043.9,21648.4,19082.1,19937.3,21598.6,17750.1,20196.3,18567,22549.2,21613.7,21319.9,21683.3,23805.5,23119.3,21643.6,21435.4,17810.1,22927.2,18778.6,19786.8,20377,16891.4,17733.3,22428,17070.7,20380.3,18335.3,17367.9,17355.4,21669.2,20320.2,20427.5,16456,21659.6,19989.6,21881.4,18395.7,23102,19503.7,18797.7,17548.7,22556.9,22553.3,18430.6,18954.5,22481,18177.9,17032.5,20605.8,20938.2,19504.4,18601.5,22313.8,24096.4,18991.9,21686.6,20357.6,18809.9,22038.2,22817.3,22781.9,19722.8,23170.1,19768.1,20176.5,24399.1,22404.7,22004.4,19426.1,22692.8,21468.1,23177.1,18849.9,23804.1,20108.3,22016.1,18532.8,20546.9,21787.4,19131.3,20542.6,18335.4,21650.1,19759.7,21233.1,17538.5,22303.8,20065,19815.6,23058.5,22653.2,21104.7,19605.3,17769.4,18278.1,17460,21058.4,22672.8,18259.3,19201.9,23177.1,19779.3,20632.1,19741.6,20516.6,22112.9,23115.4,18648.3,21459.4,21488.2,20689.9,18451.4,22742.3,17155,17804.6,23340.7,19858.5,20689.6,17274.3,19883.7,21299.1,18767.5,23028,20135.4,23413.5,23089.9,20596.7,17191.4,20305,19802.9,19176,18491.8,20556.3,19446.1,21554.7,20020.8,23464,20639.4,19750.7,21635.8,20497.6,20807.8,21157.4,21073.8,21310.3,17955.5,17252,22151.8,18117.2,18833.4,22760.7,23278.8,22126.7,23167.6,18281.2,19210.1,18765.1,21867.7,21006.1,21845.8,20499.8,21808.8,21955.9,19931.6,20439.2,21005.4,19537.6,23531.6,22490.4,21361.5,23071.8,22611.4,20039.2,20104.8,19493.8,23606.7,19995.3,21924.5,17601.9,20571.9,17635.2,20740,17679.6,22271.5,16957,18610.1,22322.3,19666.2,21846.7,20209,22535.5,19884.1,17921.3,20245.8,22186,24085.5,18691.6,19101.4,22508.6,24366.6,19696.1,22848.3,22583.6,19585.1,23800.7,23603.8,20671.7,23888,24347.8,23514,23326.2,22741.5,22873.8,20025.9,24457.1,20867.6,23609.9,23791.3,19499.4,23305.5,19462.2,23446.7,19317.5,25169.8,20731.6,25951.5,24149.7,23383.4,22303.3,20760,24076.5,25996.2,22274.9,24832.5,23467.6,24151.7,24709.4,21109.2,19111.5,23811.3,19936.3,22906.7,19465.8,21174.4,20435.5,23143.5,23343.9,23243,19308.3,20140.9,24227.1,22622.4,21692.5,24333,25236.3,22159,21669.1,23919.9,24336.2,25401.3,20517.9,20235.7,23647.6,22587,24089.8,23923.5,29744.4,36037
33467.6,33326.6,29700.9,26009.4,20942.6,19674.3,21694,21213.9,18851.9,24529.5,21096.6,20220.5,21601.6,18710.2,18781.5,21071.4,22570.1,20179.6,24143.3,21353.2,23499.1,22267.6,20693.4,21758.8,24060.3,20786.6,19675.3,20324.3,23289.9,18257.7,23470.4,23852.1,18476.1,23854.6,21028.9,21198.3,21644.6,19371.9,22929.6,20476.5,22997.3,17551.6,18036.7,22103.8,19374.8,19058.6,19464.1,19514.3,21737.4,22127.3,21080.7,20988.4,20482.2,19888.6,20686.8,21228,17512.4,21605.2,21543.2,20766,18687.2,19993.8,19401.3,19112.9,18624,17543.8,16311.2,17050.9,20397.2,18105.3,17004.4,22164.8,17420.5,21301.9,22550.9,19493.4,22387.7,23136.8,21523.2,19319.5,17232.8,18670.7,18775.4,17457.9,22218.4,19148.9,20242.8,17373.6,21756.9,21924.6,18983.1,21613.7,17241.1,20466.7,20564.9,17328.9,21672.8,18515.3,20981.3,18257.1,18009.5,18672.5,18429.3,22520.8,21440.8,19204.3,21065.2,21456.6,19639,19113.4,22800.7,21895.1,21965.5,16277.9,20599.4,17254.3,16849.7,17256.4,20307.5,19436.7,23005,22904.4,21181.7,17317.3,18860.4,19280.5,17124.6,19742.1,22472.7,20137.6,18783,17513.1,22361.5,20325.4,19676.3,20247.5,21090,21415.4,17604.6,20892.8,18257.3,22140.9,21219,19377.1,20950.1,21634.8,22824.4,18183,16730.9,16338.4,22844.6,21629.5,21599,19957.7,16659.6,16444.2,16949.9,17588.2,22192.1,23200.1,19438,19967.3,17928.1,20078.1,18530.9,20961.4,20365.9,21639,17687,18369.8,22043.2,19449.6,21548.5,18839.1,23729.1,22651.6,17797.6,23335.3,21555,21268.1,21923.8,20841.1,20003.1,18392.9,24014.1,19279.6,20787,19191,23198.2,21454.1,19732.5,23633.8,19580.9,19277.2,18765.6,21873.3,24149.9,23212,23186.9,22029.6,21134.1,23348.9,22056.9,21137.9,17286.1,22455,18704.3,20826.2,19654.1,18068.1,22784.5,18254,22368.2,18367.1,21125.3,20018.1,18493.1,22880.4,21199,20831.3,19652.3,18151.1,17334.3,20016.2,20389.3,21291.1,20873.6,21330.3,21918.3,19455.7,22383.7,18835.7,22115.9,22751.9,19670.7,21884,23233.2,23014.4,21940.1,23201.1,19900,18127.7,17995.7,21220.1,20002.7,19805.7,20143.5,20889.9,22620.2,23434.4,22693.8,23137.8,21355.9,20137.3,21193.9,21960.5,21377.3,17658.5,21129.3,22694.6,18449.4,21206.7,21996.1,21471.3,17813.3,23290.3,20731.6,23817.5,19043.9,23339.1,22810.9,23728.3,23142.5,23934.6,22528.3,17808.4,18689.5,22983.4,19037.4,20038.8,18156.6,4759.65,18696.4,20937.3,21784.1,20700.1,23351.8,23197.3,20732.3,23431.4,19939,18331,21209,21734.9,20085.9,19993.4,21270.6,20211.6,21890.2,18824.5,16961.1,19769.6,23579,19682.2,23676.3,17464.5,19430.7,20775.8,23666.3,22769.3,21985.2,18702.5,20831.2,18866.2,22748.4,23668.7,21746.8,22715.8,22241.6,19207,19311.4,18912.2,22791,22503.4,20449.9,24796,22556.6,18610.2,22167,20736.7,22411.6,25188.1,24081.7,21288.9,24165.8,19557.3,25163.5,23593,24598.2,23256.8,22162.2,23389.2,26033.4,21972.4,20304.9,19721.3,23030.5,24351.2,21589.5,23763.3,19276.6,25474.8,20788.3,21643.2,19832.5,23838,23117.5,25138.8,22130.9,21602.9,21858.5,22662.8,21310.6,22830,21782.8,21860.9,22036.5,23656.5,22777,20859.7,22677.9,25006.5,21522.4,20670.6,26047.7,25436,22477.3,25833.5,23665,26925.5,24803.1,30114.1,31314.9,31732.2
32868.2,29473.4,29372.5,23427.8,25813.7,22537.7,24098.1,23631.2,21678,20193.8,23379.4,21739.4,24672.9,23744.6,22435.3,24832.7,23312.3,22341.1,21155.3,21896.1,20451.5,20701.4,21170.6,20895.3,18940,19663.2,22449.7,19116,20309.8,21969.5,24376.2,20486.2,21962.3,22277.7,18852.4,22581.1,22471.2,18080,19747.3,20889.4,23517.2,17290.4,20314.5,17031.8,21576.6,17414.4,20373.9,20935.5,18923.9,22318.5,20615.2,19667.3,20937.5,18442.3,17985.3,21872.4,18660.1,17218,22115.9,19288.9,21469.8,20953.5,18787.4,21849.2,18544.6,22256.3,19030.2,16927.8,17828.1,20898.1,18320.3,18103.1,18609.3,19288,16774.3,22354,21310.1,17627.5,21145,20500.2,19583.5,21415.7,20846.8,17492.7,21643,17806.3,18268.4,22033.9,17348,19696.3,17160,19135.7,21291.8,18926.2,20391.7,17954.4,22476.1,22194.2,22241.5,19148.8,18870.1,22154.7,19363.5,17158,17781.7,22501.8,22589.3,22645.1,20936.6,17236.9,22564.7,17620.5,18096.9,19285.7,20851,19442.1,22225.7,18525.7,18315.1,22803.5,16765,20014,20991.8,20022.1,22993.4,18691.1,21888.2,20079.5,21692.2,23980,18887.1,21232.2,21767.6,20068.9,23013.9,19065.8,20140.3,21035.7,21048.9,18240.1,17439.7,21873.1,20113.9,19634.6,20369.5,17474.8,16536.9,18173.8,20976.6,20024.4,19329.3,19228,19762.7,19467.8,19056.8,18302.8,21411.4,22239.5,20877.8,19845.4,21056.8,21898.4,18567.2,17104.2,19042.9,19119.6,20901.3,18305.1,19198.3,23920.4,24072.8,24208.1,18967.8,20139.6,23889.2,21927,24057.5,24691.7,18574.1,24868.2,22260.3,22667.3,24901.9,22852.5,24120.1,24658.6,21301.1,23457.2,24446.7,19539.9,18502.1,23634.8,23987.5,22867.5,22694.9,22090.5,18144.1,20672.7,21968.9,18466.1,19684.9,18066.8,19223.4,23744.3,22877.3,18297.5,22943.1,19350.2,20488.6,19161.9,20572.1,20058.6,18152.1,23285.9,22876.7,22764.8,23051.4,21415.2,17468.1,23482.6,19428.2,22446.9,17407.3,18990,22292.5,22954.4,17541.2,18483.5,23251.4,21321,18229.6,22524.9,18471.8,23570.2,21178.8,21047.7,23346.1,17466.1,18184.8,22270.3,20603.9,22004.5,18628.6,18636.4,17252.5,21378.1,21654.8,18376.7,22633.3,22127.3,18259.6,23894.4,18705.9,18862.2,19303.6,19476.3,23074.4,17698.7,19236.7,19607.1,17076,18678.9,21653.6,19985.4,20112.3,21535.9,22279.1,22544.5,19034.7,23651.3,19401.3,19798.3,20574.2,21327.2,23871.9,21405.1,22843.7,21572,22738.3,18474.3,19394.8,23333.8,18589.4,18225,19645,23230.1,17877.4,17533.2,20306.6,22531.5,21034.7,19714.8,22227.8,20234.1,20514.2,21491.6,19265.3,21091.8,19653.8,18112.5,17805,17306.1,18513.9,21815.8,17346.9,17405,22358.9,18073.4,22893.8,22680,18829.3,19457.2,19152.9,19916,22691.5,20894.3,20457.7,22443.3,20858,24545,22963.8,22651.3,24066,23210.7,20197.3,24504.8,24648.8,18548.9,19701.9,19044.7,22910.2,23198.5,23555.1,21701.9,22815.9,20352.5,24700.1,23660.5,25366.8,25575.1,24385.2,24906.9,24712.3,23246.4,20872,24906.3,22456.1,24670.3,20698.2,20114.3,23104.3,21588.5,21689.6,22026.4,18903.2,21909.4,23484.3,22831.2,19329,25255.7,22033.1,22878.4,20268.8,21254.5,22814.6,24366.3,22269.1,23213.8,19903.3,20850.4,20868.2,22412.2,20766.2,24286.9,20711.9,25532.2,20312.8,24802.9,24473,25565.7,25661.7,25973.2,28649.2,33260.8
35336.5,31864.3,29609,28192.3,21149.1,25047.1,21765.1,20121,22083.5,24376.1,19035.3,20126.6,23810.1,22289.3,20516.7,24228.1,23947.2,23616,20033.9,23168,20059.1,21882.9,23257.7,21225.5,23737.2,21916.7,23843.7,19882.3,20446.7,19669.9,21359.1,23814.5,18733.5,23960,19247.5,20095.9,20927.7,23206,22510.6,18378.7,22842.9,18716.6,21652.7,19392.4,21461.6,20070.8,21205.4,18920.9,19297.8,19729.7,20740.8,19983.1,21362.3,18342.9,21907.5,18429.7,21097.8,20764.6,18479.9,20871.8,18678.3,18857.5,18418.8,21357.3,20365,19486.3,20418.1,18228.2,16764.5,17971.7,16532.8,22439.6,19264,21248.2,17270,18513,18489.2,20072.3,22132.1,18929.1,20317.3,19361.3,18847.6,23217.4,19021.7,17867,21728.4,16823,23002.7,22223.8,20582.9,19801.1,16977.6,20747,23205.6,20918.2,22209.5,22266.4,20104.9,22424.9,17524.2,19878.3,19223.6,18665.9,22970.9,21089,17435.1,20613.5,22358,17093.8,16420.4,17364.3,20565.6,21636.6,16772,22479.6,17151.2,20389.8,20691.8,17243.8,19350.9,18152.9,17825.3,20202.9,19457.3,20381.4,22555.2,18446,17727.9,17717.2,22933.8,21192.6,22377.2,19765.2,22314.2,23415.2,18054.6,21333.5,18909.1,21811.5,19363.4,21702.7,20107.3,17214.2,16400.7,18307.3,20201.9,22231.1,17648.7,16693.5,22610.1,22335.5,16953.1,21562.1,18132.2,21505,22380.5,22220.6,21581.7,22846.5,20108.9,19518.5,19229.1,19962.9,20282.8,20025.9,19681.8,21549.5,20239.1,18436.5,21373.9,23361.4,22364.1,18999.4,22290.3,24018.9,23687.5,20998.8,19623.4,24580.9,22726.8,22514.2,19976.3,24563.4,20773.8,18231.5,21030.6,18696.6,22414.4,23767.2,23799.8,19340.3,18530.8,20186.8,24224.3,19103.6,18068.1,18986.3,17924.6,19237.2,23761.4,18641.7,17460.7,18751.9,21481.1,19774.7,19355.1,17087.4,19600,20575.9,18058.4,23219.2,21798.8,17876.2,19996,20841.6,22671.3,22376.2,21467.9,19500.4,19943.4,21753.1,21295.2,19759,22597.6,21838.7,20707.5,23400.3,22495.6,18156.3,23016.1,23265,20885.8,18655.2,18884.6,21233.8,17505.4,19803.5,18719.3,18376.9,19565.4,20202.4,23577.5,20482.5,19048.7,22242,19721.4,23647.4,20680.6,22739.7,18830,21493.5,21607.3,21003.8,18550.6,21750.3,17290.3,17471.5,21625.5,19375.6,5063.23,22908.2,21306.9,20664.6,19671.6,20051.3,21922.1,22907.8,23619.8,21716.7,23928.5,23248.6,22588,19693.6,19548.6,18588.6,23354.1,19496.9,19216.1,22422.2,17921.1,22163.8,22644.6,23088.6,19089,17773,21432.1,19502,19824.5,21770.2,19121.9,17187.6,23447.3,18552.3,19687.5,20681.3,19474.8,18582.5,19979.6,18619.1,17438.5,21411.8,21121.1,21228.1,17636.1,22167.3,20919.3,22078.2,19271.6,20347.4,19001.1,24053,17842.7,22566.4,18512.6,21443.6,20589.6,23320.2,23327,19932.6,21403.2,24371,19752.7,18798.2,22730.3,19961,19252.4,23397.1,24928.3,24939.7,23708.1,23259.4,19428.7,23210.2,20951.9,21500.4,21517.3,21738.9,20703.2,23721.8,23286,21984.1,25639.9,25113.5,24470.1,22920.9,26040.5,22180.7,19265.9,20723.7,24330.3,24900.8,23080.4,22998.9,24364.5,20789.4,23227.5,20991,22415.3,23814.2,24950.3,22437,19908,21355.2,23357.7,22574.9,20506.9,21902.4,23062.5,24188.1,21008.7,20545.4,24150.6,21081.1,24933.9,22503.3,21081.9,19552.9,24032.7,23965,22913.3,29162.1,32873.5,31479.3
37824.2,26953.9,26519.2,23329.8,23442,19940.3,20259.7,20978.4,21951.7,22069.7,20082.8,21508.3,20036.9,23764,6088.39,21653.4,23365.7,21663.3,19031.9,21187.2,19196.6,22809.9,19432.6,21344.9,18953,22433.4,18266.2,19797.1,19375.2,18812.3,18651,22982.5,21835.7,18978.8,23274.6,23343.3,23781.9,18675.2,22159.9,21078.6,21058.9,19094.1,18370.3,22114.9,19864.8,20090.6,21015.5,21535.3,20581.6,20353.5,18894.1,17573.8,19741.2,21850,18687.2,17855.8,18606,19788.8,18488.4,16683.8,16445.1,22671.3,22436.1,19126.5,20296.2,20540.2,20372.4,20561.5,18627.3,17429.6,19730.7,21396.3,22869.1,18063.6,18067.8,18829.2,21069.1,20848.1,22900,19642.7,22533.4,20540.3,17707.5,19534.4,23387.6,17979.2,18651.1,16729.7,17738.1,20600.1,20816.6,20138.1,20607.7,16804.7,18789.7,22399.2,19486.8,21253.6,21486.6,21246.4,22798.2,17012.2,19134.3,18468,18398.3,21964.8,20981.7,22055.1,17752.4,21750.3,17147.8,21464.1,19540,20170.6,17566.8,19300.4,17800.6,17210.6,18351.8,20473.1,17346.9,17966.5,23055.5,21464.8,21582.5,18477,17568.8,18125,19377.9,21903.8,18919.8,22510.8,22919.1,23917,20379.1,20506.6,18701.3,16542.1,17887.9,20607.7,19107.5,17382.8,16391.4,18058.6,19583.6,21351.6,21087.4,22231.1,18575.1,21607.9,20151.2,19142.4,21593.4,18169.7,18815.1,18483.9,18323.2,23292.8,18443.5,20542,21235.4,19267.4,17690.9,23419.3,19592.2,17379,23184.2,20999.8,20193.1,18277.8,17868.1,23828.3,23693,18658.2,20755.2,19041.4,22445.4,21575,22411,18482,21070.3,20009.9,18996.4,22069.9,20854,18709.4,24301.3,21255.3,24165.9,19134.9,23557.5,18617.5,18052.5,18520.5,19474.2,17805.2,23171.2,19372.7,23902.3,23822.9,19829.7,22396,22180.2,19183.6,19864.5,21412.9,20789.7,17932.6,22114,20166.2,21981.1,23710.1,22319.3,23672.9,21331.3,22684.9,19938.3,22475.3,20939.9,18147.7,21075.5,20058.6,21640.8,23712.3,20730.7,19579.4,18781.8,17845,23267.2,18312.3,21859.2,18321.5,19774.3,17749.1,22057.7,21918.5,18451.1,21021.7,18624.9,20412.5,21768.7,18736.3,23777.1,17674.2,19442.7,21898.3,18263.8,19988.8,19162.5,19987.1,19533.6,18067.4,22752.8,23473.6,22305.9,23518.4,20271.4,19260,19977.2,17964,20109.8,23717.5,20071.9,18473.9,17328.8,18520.5,18738,19769.7,20583.4,17928.1,20507.3,21408.2,23346.2,17730.8,23112.4,22403.7,22219.5,18339.9,20170.9,20856.5,23584.1,18490.6,19134.3,20624.3,23174.6,17330.6,22843,22679.5,18029.2,19259.6,18589.1,22738.3,21756.8,18529.3,20322.2,20518.5,22391.1,18385.6,21507.2,21394.9,19720,23184.2,21674.6,22925,18910.9,22656.2,23421.7,22029.8,20187.8,22424.1,17529.6,19289.6,18917.8,24238.5,23100.7,19506.8,17879.5,19315.2,19681,23219.7,20651.1,22678.9,19377.3,23005.5,18584.3,18802.1,24735.1,19964.4,20734.4,24004.1,20721.6,18871.7,24631.3,22756.5,19233.9,25223.8,24405.5,20135.1,20517.8,22830.5,22498.3,25674.9,21752.7,21062.3,24593.1,25543.9,21389.7,19441.5,20648.8,21073.8,21441.9,20035.5,24357,21374.1,21795.3,20141.9,19428.9,20303.9,19016,21785.3,23063.7,19842,20053.9,25126.9,23269.8,22139.6,21405.8,20638,19291.6,24144.7,20922.7,22466.6,22310.2,25775.7,22433.7,23422.5,25665.9,21390.6,24210.5,21679.2,22603.1,25347.7,31855.9,32849.7
36159.9,27409.8,25143.8,26859.3,23298.2,24015.8,22945.2,18950.3,19193,18849.2,22797,20240.4,23411.1,23632.3,19663.1,23730.4,21969.2,19880.4,23629.4,19516.6,22657.2,19877.2,23547,22725.8,23063.7,19453.2,18196.4,22848,20017.3,19364.7,19291.7,22950,19805.7,23484.8,22453.1,21619.4,22122.9,22692.6,19083.6,20700.1,21433.7,22144.1,18130.6,23114.9,21975.3,22043.1,22615.3,22961.4,17637.5,21565.6,19381.6,17806.7,20528.6,18504.1,20500.9,21396.2,20732.1,20266.7,17927.2,18642.7,17606,16831.4,22360.1,18853.8,18277,22419.9,17765.6,19537.1,16859.9,20192.4,20984.1,22039.1,19873.3,19554.8,21275,17331.1,19874.7,19388,21821.1,18601,18580.6,18170,18295.1,19012.5,19478.2,20981.1,19883.2,22450.5,18412.3,19979.1,21667.6,21652.3,17552.8,22319.3,16866.9,20145.4,21874.3,18048,19884.7,23044.2,17202.2,17149.9,17778.5,18773.3,22366.2,20964.2,18349.7,16568.1,18833.3,17225.1,20929,21778.8,17174.7,16674.8,18084.9,16776.1,22721.6,20972.7,19721.6,20361.5,18192.1,23010.2,17111,22648.3,23928.1,21947.5,23654.9,22059.4,23116.6,21319.8,18091.4,21192,22147.4,24361.4,21654.8,17596.3,19176.2,18189.9,19475.3,19275,21219.2,21732.3,22403.4,18180.8,20393.7,16825.7,19646.2,18389.2,19231.3,22930.2,22891.4,19329.7,21773.5,21171.4,20305.8,17891.8,19553.4,21538.6,19212,23324.4,21935.9,23049.6,21270,20224.8,22184.5,18415.7,21310.8,20879.8,20987.6,22370.8,22121.4,20684.6,23057.5,22650,21559.2,23721.9,18789.9,19233.2,22924.7,23245.4,20459.5,19431.9,19545.5,19135.5,22477.4,24110.9,22214.9,20343.2,20155.6,19227.6,19564.3,23940.4,19003.7,24124.7,22178.3,22273.2,22390.3,21481.2,22897.1,22965.7,18906.8,17956.4,19219.7,18225.8,23468.9,19004.8,17969.5,23130.9,21434.9,19607.8,17230,17585.3,23437.8,23462.9,17827.9,21820.9,23122.1,20930.4,21488.5,18212.5,20572,18232.8,18708.1,21744.6,19548.5,19238.9,22638.1,19991.1,20930.3,21569.8,19185.2,19958.8,22224.8,20811.5,22740.9,22109.6,19714.3,18423.1,21646.1,22859.3,17942.3,23362.7,21268.9,21262.7,23192.6,20517.1,22888.5,20440.8,24055.3,18367,18734.6,22997.6,23181.1,21712,18614.2,21134.3,21353.7,17628.8,23024.4,23071.1,21759.6,22631.4,17859,22542.5,22596.9,23884.2,22185.9,19575,20723.2,19398.1,23299.4,21875.7,23404.6,23944,23316.4,17560.8,22526.6,22134.2,23776.5,23639,20348.6,23816.7,18136.2,18831.2,20275.8,21910.5,18982,19695.8,20720,17102,19737.7,23490,17328.9,17128.1,23002.2,17739.3,17496.1,18115.7,17818.9,19980.8,18911.4,18647.2,21280.1,22866.6,18180.7,22425.8,20316.6,19449.8,18790.5,20919.9,20189.1,17494,23579,24300.3,21872.7,22844.7,18802.9,23780.5,21734.6,21534.9,22181.2,23719.8,22190.4,23417.1,21909.1,22895.1,21723.6,21962,22521,24389.6,19297.1,22714.7,24185.6,22060.2,20569.8,19249.7,23771.3,22509.6,19815.2,24993.7,25212.7,26267.7,20725.4,24462.8,22219.4,24344.6,22440,21925.1,25403.3,21289.4,23772.7,21281.9,21917.8,23238.8,21753.4,25391.3,21447.4,20130.6,22309.8,24906,21526.1,19705.1,24633.6,20768.1,19506.8,21096.8,24967,21101.3,23403.4,20573.4,23574.1,22526,23810.3,22128.5,21698.6,26014.5,20560.7,18540.7,21882.4,25160.5,21673.5,30288.8,33101.7,33719.7
37902.3,27376,28615.9,22746.4,22493.5,20832.9,19600.3,21877,22522.7,19229.9,24062.9,23267.9,19939.8,22170.7,21312.4,21119.4,18936.9,22201.2,19660.8,18955.9,22678.6,24151.7,23766,18426.2,18855.4,21326.6,23101.5,22718.6,19494.5,20715.9,18515.7,17978.9,22461.1,18529.2,21072.3,23780.3,23630.5,21790.6,21286.6,23270.9,19419,18149.9,21525.9,23163.5,17132.1,21755.1,17112.7,17808.4,18822.5,22048.3,22410.9,22580.1,19714.9,22268,19451.2,19552.2,18282.8,19105.9,19920.9,18233.9,20843.4,19250.2,16797.2,21432.5,19734.9,22690.1,17646.9,17847.9,18102.7,21842.3,19870.5,17027,17870.2,20603,18676.2,21733.4,20521.1,23052.5,18691.9,19701.8,20383.2,22955,18354,20375.6,17171.7,21260.6,17185.9,20619.1,17801.1,17122.6,22527.5,23196.3,21622.3,22109,17862.8,19642.3,22503.1,22956.2,22522.3,17311.2,20754.2,21181.6,19320.7,19750.1,22329.3,18847.6,21857.2,22104.1,20862.1,18876.9,16364.7,20598.5,21536.7,16598.6,21189.8,19390.2,23304.7,20096.9,21527.9,20459.9,20670.1,21040.5,20940,21053.4,19565.7,17360,23901.6,24059.6,21569.7,17739.7,19871.8,18514.2,21683.6,22869.8,22922.3,20258.8,22072.1,21634,20204.7,20540.5,21352.4,21739,18476.6,18072.3,20386.4,18697.7,19964.7,18685.6,21856.7,20337.8,21200.4,23027.8,21030.6,22282.9,16959.6,22088.3,23387.7,17172,17782.2,17737,17907.1,18970.7,21178.9,23123,18850.2,20293.9,23508,21921.8,20545.5,20540.4,22244.1,21279.9,23173.7,23801.4,24697.7,21490.6,21535.3,20695.7,21775.3,22433.7,24906.1,24273.5,22674.3,20059,24736.7,23761.4,23315.6,23881.4,19195,20755.9,21186.8,23179.2,21491.3,20148.7,22779,23001.2,20259.3,18025.1,20278.2,20703.4,21153.8,18468.6,17269.3,22315.5,21528.8,18252.2,20164.4,20282.1,21408.9,19772.2,19758.7,21934.7,21618.4,23226.5,19407.6,22291.1,23095.5,20700.6,18200.7,18877.8,19689,23382.5,21600.9,19731.6,20748.9,21619.6,20074.8,23055.5,19496.8,18320.8,20107.5,17774.3,17633.6,21704.5,23455.3,17781.6,23174.1,21459.7,21603.3,24048.5,18140.5,21443,24297.2,19830.5,21895.2,19148.3,20115.4,21487.7,20856.4,20077.6,18890,22197.7,20827.4,22524.2,19898.3,20604.7,21420.7,18225.4,21508.2,22102.9,19453.3,19819.3,22346.5,18777.2,19118.3,18202,17556.4,18103.2,22720.2,22162.6,18552.4,21377,17506.6,22790.4,23041.6,17933.3,21309.4,21248.6,21260.6,23495.9,23933.3,18774.4,19748,20936.4,19123.3,20857.7,17110.8,19856,18136.7,19358.9,21721.5,17367.6,19634.2,18816.2,19223.4,21955.4,23339.4,19075.5,19959,20459.5,22892.5,17609.3,23009.1,17956.1,19524.2,22812.6,19043.9,21178.2,22502.5,22577.2,22968.5,21277.6,22693.9,22152.3,22973.1,24417.9,21578.9,20566.7,19611,21246,22795,19947,22615.8,20787,19307.4,21965.4,22825.1,19138,23972.2,22861.7,20086.4,19727.4,21701.8,24454,20979.9,25086.3,19627.7,24487.4,23090.3,20859.8,20015.6,19816.2,25417.5,24387,26166.1,20607.8,23910.1,20062.8,20540.8,23340.9,19334.5,23790.6,23318.3,24379.5,23137.4,23342.3,23704.1,23438.4,19097.4,25391.1,19863.1,23656.4,23038.3,22035.4,19392.3,19648.8,25220.1,22246.9,21474.1,26040.1,25009.7,24929.7,20877,22952.6,20871.3,20090,22783.3,20883.9,23164.4,20441.9,24103.2,30208.7,29790.9,35745.5
34550.7,29536.2,26011.4,23639,24709.3,24787.7,24744.9,21354.3,23137.4,18648.1,22518.8,21432.5,22127.8,23771.8,20399.1,22414.9,18735.8,22443,19870.3,23001.9,20206.7,18660.7,18472.4,21779.8,20129.4,20873.6,22317.5,22641.9,22154.1,18657.1,22495.5,19596.9,20472.7,20129,23903.7,24183.2,18623.6,21774.6,18409.5,23351.5,19290.9,18434.2,20125.4,18887.3,21405.6,18965.8,17154.3,18996.1,18150.4,19193.3,17382.9,22579.7,22003.9,22889.8,22889.6,21933.6,19446.6,19661.9,17295.4,17819.6,21539.7,17019.1,19178.1,20921.4,18864,21320.5,18055.7,18114.4,17482.5,19171.6,20157.2,17643.6,19647.1,17180,22947.4,16757.5,19237.1,17139,22049.1,17832.8,16998.3,21264.7,21170.7,17288.9,18454.3,17725.3,20525.3,21959.9,22346,20265.8,22959.2,20523,22173.3,21126.8,17844.2,23260.6,22677.9,17627.4,18198.6,19023.6,22663.9,23104.3,18231.6,21983.9,21583.1,19476.3,22284.3,17881.8,19120.1,21193.2,17622.2,22034.8,17790.8,22412.2,19540.9,19179.3,20663.4,21502.7,20624.4,21715.9,17071.9,20933.1,20630.8,21854,21346.7,22924.5,23836.6,21261.1,23828.6,20616.3,20535.2,20272.7,18576.7,21339.2,22147,20564.4,17275.1,17671.3,20418,22405.1,22227.7,17069,19214.3,20113.3,21974,18333.6,18414.7,18097.6,17009.1,21204.7,21294.4,17110.5,22427.9,20853.9,19633.7,19400.3,18301.4,21209.9,19263.7,17564.2,21789.7,22236.4,23401.1,18568.8,22695.3,19527.1,18021.9,19936.1,19802.6,17822.8,19012.2,19451,22727.3,23064.2,19979.6,21333.6,21406.1,20757.5,23229.8,24555.2,21348.2,22826.4,19931.4,22242.6,23194.5,23379.2,20364.1,23712.1,18233.8,19505.2,20939.2,22526.1,19643.4,23583.8,22606.5,23119.1,20264.1,23821.2,21119.4,21777.9,17597.6,21559.3,23562.6,23592.4,18483.8,18405,18130.3,20433.4,19918.4,18746.7,23544.8,17959.7,17413.6,23656.8,21001.7,20707.7,19734.2,22620.3,20434.5,20056.6,22185.6,21904.6,20840.4,21192.2,17574.4,19169.9,18296.9,22793.8,17102.8,19052.8,21690.2,17354.7,17091.1,20946.1,21431.5,20213.4,18985.3,22615.5,20524.5,23095.3,21648.3,20818.1,21448.1,20387.9,20737.4,22861.8,23235.2,19246,21404,20404.1,23393.7,23358.3,19236.2,23809.1,23062.8,23742,23696.6,21673,20728.6,19855.5,20964.1,21746,18471.5,22621.7,20707.3,23003.6,19598.8,22355.7,18635.5,21950.7,18353,23784.5,18510.3,18146.1,22592.6,21909.9,22780,20150.4,23134.6,17506.8,17588.5,20710.5,20433.9,17256,21389.4,19126.9,23041.7,20834.7,23420.7,22580,22294.2,20091,21624.1,20464.2,17786.9,20270,17610.2,18425,22275.7,20767.9,22732.3,19255.7,17359.3,23484.9,20765.5,21474.7,23419.1,19045.8,18534.1,23195.9,21873.2,21265.8,17524.7,19325.3,18963.2,20945.2,23914,24111.3,23377.1,21556.2,22966.5,21570.2,18451.1,18329,23715.8,19751.9,21906,21923.5,23617.2,24710.4,18962.6,22604.2,22762.8,21479.2,20213.3,19815.7,22943,21022.1,23698.5,20673.4,20714.9,20949.5,21921.8,26100.6,23831,22490.9,26015.4,23084.7,24894.3,19776.6,19346,24889.3,20211.9,22207.6,20238.2,22306.7,25313.3,22615.3,20079.4,19750.2,21537.7,22487.7,25189,21171.2,25310.5,25312.9,21493.9,22124.9,19698,26012.9,25946.5,25744,19926.4,21039.6,25953.5,22783.5,19710.8,19575.9,24371.6,25938.5,22713.6,26193.2,31739.7,35968.9
35108.1,27893,26577.3,24661.2,20936.2,22241.1,22044.9,20743.1,24662.8,19804.5,18817.3,24606.4,19545.8,24035.7,19204.2,23256.7,19613,21273.2,20620.4,24455.2,22432.5,21355,19656.5,23161.5,23068.8,18985.9,24085.4,23364.4,21074.1,20268,18098.9,23549.9,21314.4,18118.3,22958.6,21014.5,23961.5,18728.7,19238.5,18649.4,21052,23255.5,18849.4,18100.8,22841.4,19869.7,23125.2,23263.4,22920,18897.4,17949.4,22673.1,19313.5,18989.7,21987.3,17726.5,22855.1,21611.7,19279.9,17832.7,17941.2,16802.3,17745.1,22793.1,21537.9,20776.8,20715.1,19986.8,18967.8,20582.6,20460.5,20414.5,17519.2,16563,19771.8,18143.3,17542.1,19883.2,22237.6,20350.4,19036.6,22035.7,16962.9,18398.6,21870.9,18107.4,19135.5,20569.1,19903.6,16861.7,17626.4,21113,17962.1,20730.5,20032.1,18624.4,17253.4,22048.9,18702.5,19797.6,21873,17425.1,22223.9,18058.1,18571.5,22941.1,18158.9,18631,19478.2,20332.7,20665.9,22164.5,16588.8,22917.7,22625.5,19164.9,19171.5,22368.7,20859,18229.8,19023.4,21704.5,19945.7,18842.5,22596.1,23156.5,19305.4,22075.7,23049.2,20157.2,19388.4,21229.7,22312.2,23764.6,22764.9,20818.5,17077.4,21149.7,22716.1,21171.6,17167.4,20534.5,16769.7,22656.7,20066.3,21654.3,20154.6,17698.2,22311.8,19202.2,18627.2,22349.3,18331.5,22434.5,15151,21278.5,21896.1,18974.6,23366.3,20677.8,22759.5,18687.5,23621.7,18695.2,18090.7,19253,22654.5,20255.6,19286.9,23954,24094.8,19129.5,19160.6,18585,19402.3,23824.2,23915,24096.8,18678.5,23524.5,21333.5,19960.7,21912.4,19894.7,22799.2,23746.6,21820.4,21688.4,23914.7,24251.7,24572.5,22751.7,23121.2,21494.4,23887.9,23671.6,19080.6,20991.9,23928.4,20390.6,20526.3,22042,23064.6,22506.1,20356.8,20067.8,19565.5,19673.1,17256.9,18343.3,19750.8,21524.6,19764.1,22837.6,20060.9,22594,19693,21425.6,21088.1,18062.3,21677.2,17152.9,19416.5,22757.3,23287.9,17927.3,22289.3,21852.2,22976.2,21739.1,21958.4,18789.9,23260.7,18767.9,23474.2,21648.2,21809.4,19105.2,19739.2,17758,22463,17974.9,20515.5,23105,20677.8,22953.6,22490.9,20778.5,18543.3,18848.9,23438.8,18975.7,18277.4,22877.4,22886,18768.6,22750.6,20478.7,20365.9,18589.9,18918.7,22601.2,20659.2,22375,22321.4,21764.1,21647.4,17596.4,17959.2,24206.7,19447.8,19418.6,23033.2,20668,21686.9,22717.4,21848.4,22009,20935.5,23285.3,20934.9,21057,17871,19372,18748.1,21844.1,23587,17366.9,22768.9,17975.2,22770.8,19265.3,22334.7,17363.8,22511.7,21336.6,20057.6,17466.9,18241.7,22372.5,22218.1,23016.8,18319.6,21354.1,17890.5,17728.6,21566.3,22301.2,22638,19779,19191,17930.2,20049.1,18991.7,21057.4,21346.9,21287.8,24450.5,22686.1,22101.1,22833.7,24252.5,23992.3,20454.1,23677,23399.5,20700.8,23342.1,22320.5,25073.2,21455.5,20462.9,21529.1,25246.7,22347.1,21142.2,24462,20309.6,21624.5,25007.6,22635.5,19711.1,23215.4,23367.8,21478.2,20679.4,21446.2,19946.1,25290,22100.6,22906.6,24249.6,20312.9,20818.8,20632.8,23206.7,21982.2,22405.3,20870.8,22377.1,20569.6,18949.7,21292.8,19589.4,20523,24101.9,23885.3,21367.2,26107.7,20531,22048.6,22651.4,26250.9,20572.4,21815.8,23731.7,21161,22626.1,20028.4,25851.2,24899.5,23993.2,32571.6,35393
34004.6,32508.1,28832.6,22658.8,22968.3,26347.9,26215.4,24041.8,19094.4,23815.3,20950.1,23100.2,21666.7,22757.3,22829,23926.5,23818.9,20909.5,24600.7,18421.8,19742.8,18127.9,18962.1,18396.5,20914.4,18589.5,20726.8,22306.3,22581.4,20559.3,18046.5,17985.6,20676.7,21817.8,19667,19792.2,23132.1,20487.1,18680.9,19075.7,20514.9,22986.6,21028.8,19433.8,21421.8,22561.8,20878.7,20823,18411.4,22845.5,21625,18260.2,21117.2,21792.7,16934.2,17921,18435.7,22214.1,17532,18558,22625.6,21013,21161.9,18637.7,19292.1,20083.6,17877.5,20774.1,21613,21444.1,18187.6,23028.6,20782.4,19464.6,22306.3,21088.3,17917.2,20387.3,23158.2,16786.8,19243.1,18891.2,19404,22528.2,18945.2,18987.6,17952.4,22512.7,20828,18873,17048.3,22279.1,17898.3,20746.6,21498.1,21278.1,22424,20395.7,23391.7,17180.8,22403.7,20232.2,21666.9,22620.1,18723,20867.8,21427.2,20778.9,21302.1,21167.3,17950.1,21095.8,16844.3,19601.3,20572.5,18752.4,20286.3,20417.4,21660.5,17036.6,19645.6,21821.6,23598.4,21098.9,22143.2,22557,17759,23578.4,18565.6,20719.5,22038,18532.5,20638.6,22809.4,20876.7,21452.5,20206.3,16569.9,20697.5,18938.3,18660.4,20564,21661.2,16482.9,16765.4,22274.6,22091.9,20625.3,17568.6,21896.1,21988.9,18777.6,20726.8,21324.7,19523.9,17484.4,19623.2,18162.6,19717,17654.8,22214.5,20204,18073,21902.5,22284.5,20616.6,23239.9,19472.7,23270.1,18414.2,21317.3,20277.1,24412,22280.7,22803.4,20363.7,20787.9,20522.2,19094.6,19107.9,23690.9,21261.2,20515.3,24225.5,19802.5,24462.8,24627.6,20480.1,21157.4,21026,23281.2,22199.6,19091.1,22549.4,20628.1,19359.5,22181.7,18438.2,19064.9,18035.2,21028.2,19533.5,21489.5,21823.8,18920.3,22801.5,20283.3,19542.6,22832.8,17745.6,18457.8,20318.3,19864.4,20476.1,18607.5,20635.3,22815.1,19432.5,20653.9,23646.6,19128.7,17461.9,22867.2,18184.6,21718.4,18224.6,22620.1,19964.5,22100,23509.9,20953.6,18351.8,23400.6,20537.2,20794.9,21798.7,23795.4,20372.3,24094.5,23227.5,23475.9,18764.5,19180.6,5939.21,23116.2,22267.1,23195.4,19243.7,22961.9,20733.8,23623.9,22052.1,17762,19718.5,19293,20452.6,17375.1,17340.9,19434.6,20896,22199.5,20006.6,20984.5,21212.9,21216.6,17219.4,19931.5,17767.4,20583.5,20494.7,21456,22759.9,23519.1,18162.5,22174.4,22326.5,22882.5,20974.7,21869.8,23794.8,23213.8,20074.2,20519.5,23332.8,20472.4,20589.8,22686.6,21267.9,19931.9,17071.8,21643.5,21052.6,22528.4,23092.7,17307.3,22381.3,18709.8,21210.9,22746.4,22558.5,21511,23307.9,17654.8,17083.5,19125.7,19175.9,17666.2,22077.9,20233.8,21314,19436.5,21878.9,23698,24114.2,24066.3,18798.9,23110.3,19368.8,21453.8,25126.3,20859.9,23345.2,19116.8,18658.9,24617.6,21962.2,20648.8,22954.3,24123.5,21707.3,24474.7,25598.6,22439.2,20257.3,25161.8,21199.2,24414.1,20324.6,20007.8,22807.1,25270.4,21785.7,25232.6,19929,19995.4,20790.9,20703.4,22003.6,20048.1,23063.2,21086,23422.3,24548.8,24367.5,19540.3,23693.5,18995.7,19828.6,20823.2,20713.8,24028.7,20362.6,21564.3,20586.4,20429.2,21228.5,23287.9,23983.1,24775.3,24887.5,22228.7,20616.1,26161,24122.2,21410.6,20179.9,26160.2,24329.3,21363.5,24563.4,24203.2,28089,31389,35474.1
37020.7,27673,24292.8,23948.7,23879.3,23299,21099.9,25392.8,19881.9,20027.1,20248.6,23536.5,21910.7,22509.5,20091.3,23639.6,20226.2,20488.1,21786.7,22698.1,21970.2,19038.5,19628,23591.5,21373.4,23668.8,24284.6,20254.1,20180.9,18455.2,22828,20914.4,23096.1,21617.1,18292.8,23250.9,19874.4,19109.7,21086.3,21987.7,21654.6,17129.8,20235.9,20407.9,21364.6,22971,19105.5,17432.7,18330.6,17261.4,18029.8,20357.9,20183.8,19160.2,18759.9,17546.3,20117.1,21789.1,18201.8,21592.3,19957,17990.8,21016.1,17204.5,21643.4,20869,21680.8,19397.5,19038.9,18649.4,22780.1,17709.8,18892.7,17802.5,22540.8,20823.1,21315.2,18734.3,18642.8,16835.7,19547.8,19467.6,20150.8,17901.3,23432.8,20883.7,22755,21180.1,20526.7,18555.5,18913.8,22190.1,19639.3,19802.9,23492.9,22896.4,18468.6,17196.5,19354.9,16764.7,23110.8,18241,18053.8,20923.1,22571.4,22958.6,16934.5,18740.6,20616.8,19449.9,18207.7,22658.6,17375.3,18061.8,18539.9,19702.5,17778.8,16976.7,20089.2,17376.9,18743.9,22921.1,17288.8,18693.4,19746.3,23653.6,23874.6,22296.2,19224.3,21903.4,18187.2,17888.4,19664,23027.1,20719.2,21078.3,23224.3,18115.6,22654.8,19614.7,20104,20309.8,17366.3,18565,19525.7,16982.2,20349.6,17373.5,16678.4,20613.7,22589.4,22211.8,19132.7,20017,14948.4,18974.6,18985.1,20062.8,20380.3,21182.4,21367.2,23105.8,23568,21919.1,17845.5,19168.5,17387.3,18660.9,20158,22134.5,23554.4,19019.1,21942.4,20362.6,20883.3,22425.7,20884.6,22955.2,22318.9,21689.9,20817.9,23865.6,19078.6,23410.5,24304.2,23232.5,23198,24407.5,23766,19737.6,19307.2,22650.6,19967.6,23718.5,19720,22711.9,21702.5,17975.7,19502,18440.6,17647.6,20508.7,20985.2,18546.1,23593.8,19876.4,20040.2,20587.5,22022.8,18636.5,20559.4,22627.1,19971.9,22838.2,17792.4,23303.5,21846.7,18925,22545.8,18035,23168.5,19066.6,21042.3,19878.4,18638.8,21684.1,17608.4,21812.2,21361.8,20596.5,19115.6,21844.5,19332.7,21335.7,19463.3,17769,21213.9,18584.9,19013.9,23117.4,21330.3,23406.9,23914.9,22500.5,22207.1,22626.7,20954.8,23543,23585.5,22707.7,23702.5,21316,18683.9,17454.1,21378.5,22109.3,19859.3,23248.6,20861.1,22901.6,21869.1,17438.8,21331.6,22271.4,21990.1,20596.5,21431.9,21669.6,16528.7,18554.2,21556,21622.3,18122.9,22854.8,23194.3,21314.9,19650.1,18536.6,18664.7,18806.7,23209,21258.3,21030,19040.3,22328.9,22382.1,22735.1,20973,18614.3,20745,20548.5,17885.9,20793.9,20152.6,21642.8,20855.1,17719.8,18813.9,21563.2,20980.9,17579.4,19822.3,18727.7,21218.5,19594.7,18349.3,19221.7,22905.6,22404.9,21636.9,21116.7,18502.1,23574.2,20183.6,21920.3,24140.2,23871.4,18647.4,23955.8,20755.4,20881.9,25174.4,24854.3,19474,18638.7,20028.1,23951.5,18931.6,24668.1,21643,21606.3,19372.5,24208,19210.9,20603.3,20493.7,25197.6,23033.8,21860.7,20372.4,22874.5,25820.4,19881.2,24899.2,19853.3,19914,19764.3,21105,20661.7,24712.1,22486.5,23061.1,24478.6,24008.6,20827.6,24855.9,23844.6,21513.6,22423.3,21848.2,25168.4,21277.8,25512.6,20461.7,21381.1,20212,23001.6,20916.6,24549.3,21652.2,23439,21485.1,26313,21744.5,24759.2,26312.5,22177,25432.2,24938.2,24854.4,27143.9,28261.1,28162.6,37122.3
33876.6,29146.9,25503.4,28401.1,24256.7,20348.4,25140.5,21287,20411.2,23319.5,24092.4,24364.3,24706.2,23729.9,19067.3,23016.8,19578.2,20409.7,21600.9,20285.4,24436.7,21101.1,24058.4,20653.5,19870.9,23323.6,18149.5,19163.1,19992.5,18449.7,21020.1,23940.9,23875.8,24272,23925.5,18561.7,18273.2,18980.1,18757.4,17723.2,21441.4,17189.5,18632,21290.9,23489.1,21632.6,23135.4,20782.3,20446.6,18953,19421.8,20313.6,17606.8,20593.9,17360,21396.5,23035.5,19772.7,17757.6,19398.8,16925.1,19184.9,17524,22635.2,19073.7,22594.2,20575.8,21987.4,17321.6,17632.8,21217.9,18871.5,17180.5,17850.2,20744.7,18344.6,20584.8,19065.9,20492.5,18709,17426.3,17589.2,18766.7,18602.4,21080.6,23206.5,18115.5,21533.6,20973.8,19037.4,20419.8,20754.9,19682.7,18705.8,18908.7,20523,19075.8,17419.7,17362.8,22191.8,21448,21706.4,19859.3,23196,17824,23180.6,22612.4,16757.7,21715.1,18247.1,17342.7,17847.3,18690.2,22749.3,21383.4,19854.3,22658.5,23281.7,23839,21627.5,20991.8,19067.5,19756.3,21336.1,21821.7,17647.6,21867.9,24097.9,19761.5,18497.6,18517.1,23832.8,19813.9,18429,23389.4,21178.2,18463.6,18329.4,20020,19826.8,22546.8,17511.8,22188.3,21807.2,22132.6,21552.2,20913.7,19642.9,19692.6,23143.6,20618.7,19640.2,17640.1,19151,18456.3,19395.1,18489.8,17587,20838.2,22720,19172.1,20916.3,23078.4,17902.5,22688.2,20291.3,23616.9,23712.8,19362.1,19543.9,22103.7,23009.9,23051.1,24411.2,22548.1,20897.3,22769,19598.9,21518.2,19073.5,21491.6,19498.2,20534.6,22000.8,21044.2,22910.3,20510.3,23730.3,23393.2,20385.7,20109.3,19284.5,22954,18493.4,23468.7,20345.9,19429.7,22182.3,21619.7,17923.4,19664,23619.8,21010.4,21871.9,21951.9,22611.3,21388,23920.9,23262.2,23208,18131.6,17590.9,20189.5,18113.1,18562.9,18983.4,18802.5,23731.5,20029.8,23489.7,20417.1,17490.1,23350.2,19289.4,23490.3,19574,21470.5,18046.3,22523.3,19908.5,18769.4,21462.9,20447.7,17363.8,20236.8,19356.7,23245.1,21245.5,20869,23714.9,21447.3,19909.4,24154,22521.6,18115.4,20298.8,20620.2,17479.1,22645.5,22079.6,17620,22148.1,23601.6,20227.7,22706.8,22942.1,22743.7,19416.7,18856.1,22627.6,17367.8,21961.8,22634.7,20445.3,19260.9,21382.9,20820.2,18328.8,22378.1,19369.2,19026,19982.6,21206.5,20229.4,24059.5,22952.7,21597.4,19583.6,21716.4,23727.2,18788.6,20110.8,23447.2,20763.2,17495.3,23127.5,22331,20030.6,19943.8,20319.9,21051.6,23506.6,22593,17305.8,23448.3,19172.4,23327.5,18088.6,19205,22119.5,19161.3,21029.7,24028.3,23114.2,19843,20747.3,23082.5,19994.8,17997.5,20657.1,17394.3,21644.9,23060.7,18679.3,23694.5,18360,19325.8,19485.2,19924.5,21779,23790.8,20739,21057.6,21730.9,19024.4,21487.4,18902.8,22604.3,24998.4,22464.3,22249.6,23468.4,22581,24930.1,19461.3,23821.1,21281.6,25331,25814.3,25376.8,25361.9,21316.7,20177.2,24291.8,19675.1,19724.1,24299.5,21451.9,26005.2,24611,19551.9,24156,21349.9,25310.7,23550.8,22632.3,24285.8,25149,23512,20569.5,24070.7,20876,20495.6,21701.2,19711.7,20557.2,20749.4,26042.1,25742.1,20377.7,20879,24292.9,24881.5,20407.6,22368.2,23684,26171.6,25236.6,22308,23460.5,26973.1,26916.3,31015.8,37059.5
32480,29215.8,27432,23611.4,21147.2,20652,24833.6,25325.2,24196.1,20331.9,21059.9,22876.2,23527.8,22023,21127.3,22112.1,21083.1,19833.2,19414.4,19451.7,18099.3,18319.9,19443.1,19366.3,22700,20552.8,19198.3,18592.3,22764.4,18392.3,20754.5,18135.7,22529.2,23102.3,21715.4,22412.2,19404.9,21364.7,24052.8,21233.7,22906.9,21035.7,23362.5,19768.4,23279.8,21671.5,20402.5,19860.4,20953.5,21797.4,21563.9,21669.7,17315.4,18070.4,23189.6,17400,20527.1,22609,17586.1,19997.9,21910.6,22544.1,16653.2,19515.6,21219.9,17714.6,18199.3,20371.3,19666.1,17400,18740.1,18517.3,23033.9,18284,18650.2,18921.4,17833.6,18839.9,17581.9,23002.3,16774.1,16935.9,23104.4,22591.2,16999.1,23296.5,22352.3,17854.7,20589.4,19144.2,18003.5,23276.3,18073.8,21130.7,21439.8,17390.1,18143.4,20775.1,17788,23036.5,22042.5,18484.3,21024.3,20257.5,22101.9,16929.3,22017.1,18272.3,19274.2,22586,22265.3,22623.3,21654,17265.5,21894.3,23242.4,17490.8,21890.1,22389.6,17813.2,22460.9,23469.3,22305.4,19788.1,18327,23682.8,22255,22729,19271.7,22984.1,21364.8,24175.3,20035.2,23829.1,22984.2,18350.4,19240.1,18591.5,20441.3,20650.7,22697.7,18113.5,19093.5,16634,22390,19509.1,17367,16887.3,20160.6,21167.4,22563.8,21051.7,20541.1,19720.7,20953.9,20861.8,19262.8,17959.5,22092.6,19446.8,22584.5,21316.9,17865.1,23918,20737,22417.9,19098.2,21385.2,23883.5,21479.5,24083.1,21369.8,23405.8,23515.8,20028.5,24550.7,24564.5,24142.4,24567.2,21012.8,22886.6,21024.9,18957.7,21045.2,21027.6,21294.9,24782.5,24453.6,20001,24119.6,23318.1,17938.4,19441.1,20613.2,18794.2,20392.2,19598.8,22398.3,21138.4,18995.8,17913,19137.1,19855.9,18138.9,20599.6,17983.3,18184.1,21352.1,23719.7,19291.2,22590.9,23760,20465.3,20574.3,19404.3,20167.4,20426.9,23007.7,22963.7,19502,23529.9,19872.5,17788.8,20410.5,22301.3,18950.5,20578.2,18862.6,22633,21362.8,18084.6,18225.1,17510.3,17543.8,17144.4,18382.5,18408.5,18291.7,19261.4,18770.4,19928.4,22570.7,18191.4,17803.4,22904.9,21336.3,22185.4,20275.1,23463.2,17683.5,22599.9,20444.8,24007,23571.5,20585.4,17713.4,21164.2,23257.2,21031.2,19587.1,20895.7,19671.7,19603.3,20913.2,20110.4,22335.7,20847.4,20135,22903,17956.3,23936.9,21650.1,18892.1,20405.4,18982.6,21841.7,24112.7,18274,18932.5,22976.3,22054,18535.1,18455.2,18366.7,17814.6,19603.2,22275.8,18947.6,19729.2,20327.4,21293.3,23687.8,21088.3,21111.2,19724.9,19883.2,20302,19694.9,22449.8,19827.3,17836.6,18129.7,23910.6,23552.5,23370.3,20902.7,20256.4,22606,20892.8,18216.4,21009.8,18506.8,21281.2,18101.4,23735,19922.9,18799.8,18803.5,20810.9,20783.8,22687.3,22031.6,20325.7,21157.6,24425.8,18913,21896.9,24716.7,19562.2,24631.6,21471.8,22440.3,23633.9,20575,22937.2,25401.3,21458.2,23010,25610.1,22331,24723.6,20496.2,25474.2,25975.8,24267,20770.9,22103.7,21858.9,22573,25495.3,23121.1,20580.5,19231.5,24424.7,19452,20526,22287.2,20288,21128.9,25138.3,19325.7,24357.9,19544.2,23329.1,22068.6,19608.3,20736.4,23489.7,21334,23911.4,25195,22052.8,22569.7,22389.7,21765.4,21507.8,22787.5,25669.2,21855.6,26654.5,24667.8,24917.6,27206.1,37565.4
34363.8,28850.3,24639.5,23293,6549.6,22294.3,25919.5,23853.9,21303.3,19301.5,24857,19454.3,23777.3,23201.6,20116.3,24389.9,18431.1,22053.4,24099.5,21715.7,19950.8,23737.4,20209.7,23553.4,24340.2,19439.1,19196.5,19643.3,19183.8,20064.5,22972.2,20951.4,22526.6,19230.7,19807.1,18774.6,18579.7,22247.4,19063.8,19066.1,20310,20970,19983.8,18729.3,19110.3,17559.6,18197.8,22115.9,21553.4,22839.2,17472.1,22223.8,20441.3,20090.3,22703.8,22378.3,18830.5,20047.1,17687.9,22067.6,16784.5,19664.1,21186.2,22986.4,18349.8,20546.8,22086.5,17372.4,17747.5,22163.9,17557.1,20388,17317,20828.6,23288,20003.5,18023.5,22508.2,22902.3,21033.9,17594.8,22418.3,22715.7,21658,20777.4,18554,18164.5,22198.2,23104.2,21320.2,19515.3,22470.5,22256.2,20256.4,17529,22661.2,20941.2,20066.3,19899.2,22081.7,22931.5,18032.1,21513.7,22934.8,19474.6,18168.2,16612.8,20710.5,20542.6,19397.2,19877.7,20242.8,21757.9,20471.8,22852.2,21274.2,17140.8,22796.5,18940.7,18219.9,20950.7,21605.3,22531.7,23197.9,20789.1,20032.5,20463.8,20953.2,22250.7,19529.8,24126.8,20118.1,18383.4,19784.9,18897.2,17805.8,22915.4,16643,19511.8,22265.8,17103.4,18432.5,20101.7,21611.7,22406.7,22450.7,19752.1,22390.5,21084.1,18879.7,17866.6,18526.2,23376.2,19191,16879.8,20776.5,21601.2,21677.9,23214.1,18950.9,19347.3,18097.5,21196.9,21140.4,22468.8,23800.9,21469.6,21368.5,22145.6,23327.4,19926.7,18305.6,24128.9,20925.5,20517.5,18279.1,19174.4,21323.1,19846.9,22615.8,21814.5,24300.7,24571.7,22465.6,24279.9,20579.7,19442,18967.1,20524.6,24407.4,24545.5,20278.4,18289.7,20367.6,22966.1,20866,23912.8,22651.8,19163.9,21564.3,19819.7,18078.8,22460.5,19273.4,20179.5,21904.6,19187.2,22236.1,21955.1,23343.4,19422.5,18355.1,18523.8,22784.1,18847.8,23336.1,23658.9,21888.4,22633.3,22809.6,19958.5,22800.5,22155.7,19124.4,18587.3,22069.7,22840.3,23171.8,19888.8,23292.6,21210.3,22576.4,20762.3,18480.5,23195.3,22536.1,18000.5,23746.7,18515.1,22774.6,21177.8,20022.6,19527.9,24030.5,23844.3,23727.5,20834.7,22905.4,24132.2,20950.6,18660.8,18337.5,22664.8,18490.2,23588,23706,21398.7,20005.5,20611.5,19076.4,18851.8,21950.6,20060.2,22340.4,19422.4,22612.3,22130.9,19298.9,19396.2,20582.3,23812.6,18189.9,23533.3,18136.9,23040.3,21114.4,22748.4,18652.1,19082.7,21167.8,22737.4,23284.6,18329.9,17790.2,22886.4,17485.4,20888.7,23126.5,18482,19210.9,21320.7,20093.9,19954.2,23251.8,22727.1,18496.8,18759.7,18806.9,20982.7,18497.8,18888.1,22914.6,20790,21174.9,23494.3,22336.4,20851.2,23196.4,21252.7,21559.1,23824.2,22485.2,23460.1,18135.2,23671.4,19915.7,18553.6,22991.1,21684.5,20877.5,19965.1,20341.9,22332.9,19813.5,21637.9,25170.3,25120.9,21011.6,20602.5,21162.2,22220.8,21801.7,22079,20152.4,20251.6,23845.2,25646.8,26072.3,22277.1,21474,25066.4,24609.1,25831.3,26443.6,25867.9,26175.9,25797.8,20444.3,20400.2,22919.9,20148.3,22168.3,25618.2,21180.1,24844.2,20018.3,24088.9,21085.6,24599.9,24299,20515.8,21115.4,19037.5,19876.1,20880.7,22824,20943,22950.3,25442.1,25140.7,25205.9,20849.4,25393.6,20560.9,22505.8,20178.6,22956.4,22282.9,23229.8,25467.8,25503.6,26200.7,31038,34121.3
35294.6,31046.5,27812.2,28693.9,23314,25043.8,23039.4,21776.2,21402.4,19003.6,20345.1,24163.5,19304.3,22901.7,22933.5,21423.5,22025.1,19315.1,22280.4,18761.5,19217.2,22409.2,18220.7,23427.2,21371.5,18919.8,22704.7,23909.4,20067.2,19249.2,20320.9,23161.2,22382.4,23816.8,22272,20304.4,21738.7,20400.2,18423.2,19496.8,23232.7,21147.2,20493.5,17239.1,20319.2,18075.8,22413.6,20291.7,19368.6,18608.8,21197,18427.2,19772.7,18092.2,21893.5,17523,19076.8,22135.9,18778.6,21263.6,18270.2,22027.6,18075.6,17266.7,21244.2,22236.4,22395.8,19442.3,19233,20726.3,18160.2,20695,19068.2,21325.2,19798.2,16776,20601.7,17602.5,23076.4,22859.5,22942,21520.2,18516,17529.6,22840,22534.4,20793,19722.1,18735.4,23462.2,17795.6,23200.7,18359.8,17185.8,23372.8,21567.7,23743.3,21982,22417.9,23278.9,22171.5,21227.1,22581.7,20829,22294.4,20870.1,19782.3,20295.2,19278.4,22286.5,18717.5,19240.4,21134.4,20438.9,18084.6,21897.7,21190.7,18712.5,21557.9,18361.7,18554,21976.4,19098.9,21209.5,22535.1,19060.4,20098,19772.7,21781.9,18451.9,22792.1,18052.5,19244.4,22104.4,18392.5,19334.8,20683.2,20169.7,19532.1,18793.9,22362.9,17097.3,18403.4,19615,16690.4,20189.7,21413.7,22980.8,20672.1,21644.7,21265.4,20879.7,20482.1,18205,20320.4,17915.8,17393.6,19620.4,19978.8,22214.1,18269.7,22918.3,18610.8,19766.8,22179.3,20634.3,21719.9,20151.9,23440.4,22832.5,22550.1,23729.6,24684.5,21052.1,23771,18737.5,19532.1,18572,18775.4,20562.5,23206,21083,20422.5,23930.8,23002.3,19982.4,22219.8,19255.1,19152.2,20118.9,22717.6,20437.9,21495.1,19529,23736.2,23619.3,22703.8,22774.4,18697.6,22687.8,22505,23340,23773.8,20819.6,20556.4,22311.1,21843.2,21518.9,23892.8,20598.5,20516,20752.8,23073.3,20117.3,19081.5,23848.8,19188.4,22849.9,22237.9,18619.7,20482.9,19353.1,23217.3,18789.6,19939.7,22994.9,19327.6,20512.4,19882.5,19990,20689.9,20868.5,19541.5,17674.8,19901.1,21001.8,22998.8,22206.8,20197.8,22168.9,22725.6,21531.6,23564.3,20721.5,21187.1,21985.8,18474.2,18948.8,17639.7,22515.9,19442.2,19565,21627.2,21886.3,18932.6,19546.5,17851.8,17761.9,19561.7,19649.6,18416.4,17293.4,20253.4,18091.3,19251.8,22675,20062.4,17575.1,18739.1,22434.2,21951.1,24188.6,18497.1,18803.2,23313.1,18506.4,22687.2,17746.5,20915.6,19830.7,17786.9,20425.4,23191.9,20338.9,22543,20119.1,18586.4,23194.2,21913.4,17123.7,20822.8,19749.1,19202.8,19751.2,22005.3,21186.6,22168,21732.9,23565.1,19739.8,16854.9,18136.2,18476,20178.7,23422.2,19217.6,18704.2,19162.2,17768.3,23353.2,23570.6,23447.1,23461.1,23712.3,19644.2,22360.2,18908,20199.6,23010.9,20999.9,21775.1,24433.9,21758.7,20379.1,20909.5,18900.6,20586.9,23114.4,19009.8,19936.1,22501.1,19247.8,25340.3,20552.1,21825.2,23371.2,21176,26219.5,25493.7,26299.5,22654.4,25512.3,21309.2,20154.8,21588.4,19993,19864.7,23236.2,25050.7,25288.7,22080.4,24990.2,24921.8,23301.6,21531.2,19944.6,19599,22728.2,19881.2,23688.7,23023.9,24884.7,19436.5,21685.1,20284.2,22490.3,24736.7,20649.1,26178.9,22722.6,23760.1,21593.5,23688,20957,24878.4,19768,20021.7,21913.5,22820.5,20494.3,26466.3,25224.4,31937.5,35322.9
34409.4,29051.5,27755.5,24774.5,26139.2,25260.3,21767.4,19553.3,25072.6,18606.4,18710.3,22288.4,21180.6,18733.4,21597.6,20606,18792.6,20120.8,23349,21193.5,24056.3,21220.6,23151.6,18038.1,20604,23999.1,19093,23192.4,23242.1,19553.4,22338.2,23161,20305.6,22101.3,22166.4,21808.2,18648.3,20365.1,21053.7,21881.9,23293.9,22647.3,22993.9,17546,17162,19545.8,18857.9,17045,22488.5,22488.3,20273.7,23055.5,20966.2,17759.3,18522.4,19695.4,20874.8,18674.7,18811.2,22022.7,19514,17800.5,22890.8,22385.1,22452,22520.7,18729,19756.5,19960.2,17221.9,19508,17737.6,21316.4,19629.8,17410.3,22550.1,17258.9,22316.9,17298.5,22589.2,19717,21036.8,21493.8,20433.5,18884.1,23341.1,18019.1,20754.1,21844.1,22943.8,19222.8,18297.2,23298.1,20172.5,18669.6,20802.4,20377.7,22152.3,18210.7,23041.4,19254.3,23579.3,18083.6,17806.9,17352.3,21946.3,17428.4,22857,21307.9,17727.7,23069.9,16715.3,21295.9,22161.2,18887.1,20160.3,21464.5,21770.9,23340.7,21758.7,17498.9,20034.1,18991.8,19828.1,21768.7,18240.4,18768.6,21195.3,19125.7,22800.7,19091.2,19167.1,22579,21543.6,18667.9,22178.5,21728.5,23043.2,16929.9,16410.4,17519.9,19418.5,20298.4,17930.3,22717.9,22890,22565.8,22631.1,17376.9,21472.6,18454.1,19336.8,21404.4,21982,17536.1,22299.9,21037.6,21082.9,17406.6,23456.8,22510.1,23621.6,22252.1,19345,21087.7,22531.1,22363.8,23255.8,18477.8,24167.2,24783.6,22003.1,24463.4,19091.2,19839.4,23779.4,20513,21528.4,19682.9,20297.1,24270.2,21785.9,18754.7,21318.5,20038.3,21927.6,19371,19651.2,21589.8,24452.9,18734.2,19405.8,23247.7,18637,24362.8,21951.5,21590.7,22281.1,18843.2,18524.4,23446.3,23898.3,18053.8,22139,23949.9,20707.1,19893.4,23320.7,20768.7,23892.3,23594.4,21000.8,20821.3,20911.7,19936.8,21570,19339.5,17678.1,21906.2,18164,22514.3,20176,23407.2,18404.2,17824.5,23800,23004.3,19692.7,19814.6,18915.2,22261.9,22743.5,18532.3,17356.1,20482.8,21020.1,18679.5,21308.3,20134.8,19166.8,17607.5,20654.8,18921.8,23667.6,21659.8,21460.5,18265.3,23096.4,23853.9,22943.6,23730.5,18072.3,19689.3,21624.1,18630.9,20088,18722.6,23049.8,20370,18674.8,18447.8,20322,22945.7,20497.6,21842.7,19337.9,19603.6,17865,21339.9,22161.9,21520.6,22017.4,22692.7,19902.7,23215.7,17757.9,21235.1,19759.8,19976.7,21815.1,21284.4,17847.5,23285.9,20061.7,21361.2,22589.3,17055.9,18193.7,20172.5,19110.8,23424.2,21610.1,22313.4,20582.3,23169.1,23368.4,21495.2,19182.9,20825.8,21895,21830.5,17425.7,23940.8,20735.7,22880.3,22211.5,19183,19645.5,18691,20044.7,23944,21887,22068.6,24318.6,20984.2,24583.6,23383,23979.8,20712.5,23049.6,19608.2,19903.3,20727.2,22433.2,23659.4,23626.5,24648.5,25408.3,20717.8,20327.2,20521.2,20474.5,23781.4,24208,20859.7,24729.2,24872.7,23740.1,26108,25212.5,25151.1,20938.7,22063.9,20498.8,25322.3,21969.9,25040,21656.2,24401.8,24735.3,22167.3,22810.7,23894.6,21108.7,25216.6,22997.1,20537,24253.9,24036.8,25075.1,20080.7,24566.6,24680.5,19782.9,25502.3,22039.5,22941.9,19934.8,25590.2,21933.6,21177,20969.9,22701.5,26125.8,24236.4,20993.7,24396.2,25945.7,22342.1,23936.6,22128.5,24789.9,32077.7,35888.2
34126,32482,28428.1,27355.9,23455.7,21493.1,22620.5,20393,22240.5,18995.6,23979.4,18378.2,21615.3,21546.7,21059.3,21855,23127.5,22107.7,20903,24116.7,23291.5,20719.1,19827.2,22740.2,19128,23599.5,21011.9,20147.6,18419.7,22836.5,20800.8,24047.2,21152.7,23427.2,18725.1,21210.3,19105.2,22862.1,23941.3,23408.5,17457.3,23360.6,18820.8,22629.5,17655.2,21566.3,21682.4,21409.4,17210.6,20492.2,21004.2,18152.5,19501.9,21192.4,20438.6,19077.2,17994.1,21058,19896.8,20980.1,20241.5,22585.4,18576.3,17942.6,17771.6,22507.7,17965.6,21335.6,17785.8,20445.2,18608.4,21914.8,21423.7,18726.2,23196.3,23484.3,20568.8,19453.4,19249.6,20696.8,22365.9,21834.5,21769.3,23393.6,21548.4,17029,17983.2,22873.1,22944.6,21088.4,18794.6,22347.1,22193.9,23680.2,18073.2,21712.1,21491.5,19789.4,23707.5,7055.27,17490.8,19307.7,23520,17683.4,19903.9,22770.6,17772,19916.2,17502.4,21630,18164.5,20540,23352.6,19191.8,22259.4,21649.7,17717.6,21862.6,21318.9,17259.2,21000.5,22309.1,19826.7,22194,22507.9,22216,20323.9,23569.2,22094.3,18416.6,20941,20282.4,23608.9,24305.5,20573.5,20952.9,21802.4,22185.3,21091.3,16874.3,16692,17569.1,20101.9,18034.5,17273.7,22886.9,17013.2,22125.2,18188.6,19176.4,18897.9,19487.3,22771.2,19567.8,15448,22616.4,21764.2,22682.7,18402.7,17590.1,17416.5,21876.2,23832.9,17692.5,23203.1,23017.6,20464.8,18247.7,21815,18505.6,18334.3,23385.9,23724.8,21068.7,21053.6,20246.6,19517,24950.4,20970.5,23445,20111.7,18797.5,24613.6,24653.5,23629,19667.2,19262.2,22215.3,18992.2,18805.3,23087.2,22092,24251.6,23958.4,18948.3,23876,18613.4,19088.9,21101.2,21335.5,21405.2,18520.9,18514.1,22492.3,20896,17974.5,22163.7,23310.6,20359.3,18229.6,19599,19307.3,19281.6,20837.7,19441.2,17817.9,19690.8,18760.6,18503.2,17909.9,22891.8,17605.8,21464.7,20754.8,20352.9,18432.8,22478.3,17320.6,17754.7,21645,20771.6,20722.2,19585.8,18925,20714.8,21170.2,17166,22539.1,18667.8,21643.5,18059.9,22793.6,23934.8,23378.1,23097.7,22071.1,20904.7,18674,21187,17662.1,21977,22199.8,20324,23207.1,18896.3,21336,21503.5,17780,22349.1,22215.8,16821.3,20755.1,21705.3,19331.3,20718.3,21545.2,23859.9,19077.7,24077.6,18290.1,18436,20100.2,17557.9,21475.4,19792.5,21502.8,19017.9,18634,20490.3,19007.7,18740.6,23679.2,21447.6,17381.6,19065.3,17629.6,16954.4,21524.1,22822,22701.3,21955.9,17570.8,17005.9,22605.2,22510.8,17785.7,19494.9,22969.5,18171.8,17700.8,19839.7,18145.3,23678.5,19696.8,18056.2,23936.9,19259.2,22163.6,24127.9,21147,22106.8,22784.9,24024.6,23745.4,24490.7,21637.9,23117.2,21133.7,20073.8,21247,21253.2,20628.7,23360.5,23385.1,21580.8,24497.2,20433.2,25282,19780.4,25238.3,24460.1,25178.9,24822.5,23230.9,21084.4,25170.2,20531.2,22183.1,24495.4,25445.7,26042.3,24134.4,26005.1,22901.9,20015.8,20584.6,22508.6,23638.2,20025.6,21655.4,25392.6,23767,23388.9,23754.8,22521.5,24101.1,23738.6,22199.8,19840.7,23456,23391.4,21304.9,21897.6,25847.9,23770.3,21123.2,20970.4,21538.5,19991.9,20809.7,19769.9,26433.5,22730.4,20901.3,23259.4,24124.1,20360.6,23508.2,20102.9,21018.9,27228,24522,32733.3,35727.5
37825,27577.8,25783,22116.8,25677.3,21877.4,23624,21020.5,19097.7,19942.7,23712.1,24237.6,21743.1,19242.7,18768.4,19242.5,20715.2,18130.8,22398,18279.6,18735.8,23680.2,21400,19407.4,21085.2,20933.1,21866.8,22496.2,19145,22469.2,21159.5,20380.8,18239.3,23784.4,21317.6,19684.7,17924,23801.1,20103.3,22350.3,18279.8,19129.3,19365.3,19804.1,17424.6,18271.5,17419,21929.2,22783.1,20782.9,22201.1,22833.7,21979.3,21502.2,17741.4,22781.8,20443.8,21821.9,22390.4,22734.6,19854.4,17522.5,21297.9,19642.1,21099.9,20372.4,23294.2,21957.8,19192.2,21610.6,23501.5,22041.4,19879.6,17282.9,19270.4,23375.5,21178.5,20986.1,22486.6,23142.5,19026.8,17403.7,18929,16990.3,21423.4,20584.7,21047.7,22267.9,17950,21079.6,17636.6,18710.5,21777.6,22078.7,20675.3,22127.8,18730.2,21195.3,17769.8,19966.3,22155.6,21551.8,22672.3,20221.4,20971.2,17140,20401.4,21398.4,22051.5,20370.7,21676.1,18910.7,21915.4,18152.1,19972.1,18456.3,22635,17837.1,17383.4,20386.3,19885.3,21893.7,23473.4,17814.7,21757.1,22397,23428.4,20649.6,20248.5,18289.8,21852.9,20258.3,24501,19544.7,21042.6,21675.6,18682.4,21323.4,20834,20999.6,21895.1,17981.8,22051.1,20811.2,21319.8,18362.9,16977.2,22812.8,17593.8,18501.1,18896.4,22351,22131.8,16792.8,16821.9,20496.4,22212.6,23445.7,22358,22760.3,22007.3,23896.9,22479.9,23990.1,20885.4,19875.2,19155.9,19767.3,24487.8,20315.6,21269.2,20586,19731.3,23015.2,19209.9,23219.6,20491.2,21533.5,22536.2,24569.4,22022.7,24552.5,19580.1,20817,22073.9,19745.3,23109.4,24058.2,23526.1,19814.6,18830.6,24699.3,20009.8,22147.7,23080.8,23768.8,20713.2,21104.5,23667.3,24043,21240.2,23013.1,22216.9,20057.6,18019.4,22615.5,18142,20063.3,22833.9,23308.3,20312.5,17939.4,17593.7,18291,21012.4,18649.7,19048.7,18578.3,19437.8,18536,18275,18837.4,20717.7,23304.9,18576.6,23550.7,21955.9,21803.9,18395.9,22507.3,21321.1,20208.3,20100.2,23340.4,21130.4,21291.9,16935.9,17841.1,17305.7,23124.2,20463.7,23926.4,23956.1,21107.5,18068.7,20507.1,19603.5,23906,19873.2,18566.8,22579.8,19637.2,19286.6,20713.4,23141.6,19929,17767.7,22222,17151,19124.6,22891.3,20826.2,23432.4,20259,23307,22452.2,19576.2,18743.4,22997.8,18472.8,22765,20814.7,19427.7,22314.4,23937.6,17566.3,17363.7,22776.6,23880.9,21868.3,20303.6,19692.9,18959.3,22401.9,20486.5,19389.8,18360.5,20177.2,17263.7,22031,19932.4,19574.1,21304.5,21882.3,17987.5,20076.2,23215.2,17200.6,17833,19972.7,18351.6,20733.8,21883.4,18581.5,17993.7,23166.8,18013.1,20761.3,18539.9,19889.4,21632.2,19419.3,20114.9,20366.3,18166.1,23012.6,24802.3,20725.9,23307.5,21944.9,21702.6,20485.6,19745.2,24266,20717,22887.2,20492.4,23887.2,20875.6,21402.2,19050.7,23303.1,25075.3,21347.8,19899.6,24637.2,23746.8,25383.6,19851.7,22087.2,25890.3,20628.8,26001,24812.9,25574.5,22932.9,21518.3,26103.9,21493.1,20992.1,22841.3,25577.1,24677.9,23913.2,25113.7,21721.2,21080.2,23344.7,23909.9,25201.7,19559,22359.4,22108.1,22709.1,20953.4,21101.4,24821.1,23975.6,23897.7,20192.9,21866.8,20654.9,20815,24666.6,25483.1,20728.3,25785.1,22013.7,22040.2,23697.6,23892.1,28847.7,27032.8,36426.1
32668.5,28162.4,25232.8,25843.6,23105.3,20167.1,19976.9,22176.9,22924.5,19136.2,19263.2,21602.5,22591.5,24351.9,18584,19216.8,24320.8,22127.7,21124.3,23920.3,22803,20154.3,21630.2,19924.8,23176.9,21840.2,19521,22175.3,21835.8,23269.1,19357.6,22190.1,20004.3,18565.5,19159.2,18286.6,18600.6,22389.4,19969.6,23713.5,22962.8,20440.5,21210.3,22943.3,18713.8,21510.1,21720.2,21278.1,19261,18920.5,17818.8,20087,19292.2,23286.9,19854,22684.5,21186.2,19426.3,22596.2,17011.9,18086.8,19232.3,17907,18280.1,17461.7,22056.6,21570.5,19745,23145.5,17491,23033.5,18422.1,18107.9,23141,22024.7,19152.5,19161.8,21420.8,20250,17222.9,22716.8,17498.1,17271.7,20759.9,17031.2,19344.1,19734.3,18379.9,21366.5,17265.4,20919.2,18041,19848.2,23114.5,22327.5,19980.2,20205.8,18796.3,23872.9,20919.1,17875.1,19059.9,17071.8,20918.8,19324.6,17000.2,16933.4,21962.4,16800.5,22745.9,19333.4,17796.6,22783.9,17240.8,21185,17783.9,22538.6,20769.4,23578.1,21853.6,20248.3,20479.2,18690.1,20787.2,22700.6,23101.5,21818.9,18580,23085.5,21095.9,21234.6,22723.4,23600.9,22081,19168.6,18529.3,22487.5,20518.9,19856.4,19672.1,21331.3,17561.3,21470.6,23047.4,17089.5,21277.1,17170.9,17989.9,17047.3,18081.2,17797.9,23185.7,20957.3,23079.9,15629.2,23072.5,21671.2,17929.2,19899.5,20736.3,23961.2,22145.8,22321.5,21453.9,22479.7,19494.9,23288.3,21185.2,19744.1,22854.6,20474.9,23182.9,23308.6,21453.4,19991.1,22310.4,24915.5,19715.8,21903.4,22076.4,18911.2,22193.2,22643.8,21319.4,24246.2,20962.7,24856,19152.8,23682.3,21414.4,24260.4,18431.4,22395.3,19664.5,19495.4,20333.3,20934.7,19598.2,22870.9,24506.5,21292.2,18278.9,23262.9,23618.5,23165.1,23775.6,21881,17942.4,21169.6,19236.6,18541.4,23282.7,19889.3,19240.1,22622.1,19017,21745.7,17910.2,20358,21886.5,20243.8,18835,20191.4,21326.5,23750.9,22942.8,18955.6,18744.4,18400.3,17945.1,17920.7,21062.8,22060.8,21815.1,20339.8,19459.7,21177.7,19582.8,18150,20048.1,21546.2,19846.4,18734.9,22560.5,19350.2,20478.1,23582.5,19266.6,19674.4,23229.2,20350,24109.4,20063.7,20420.6,17785.6,19037.6,23017.2,20683.6,19207.6,20679.1,17659.9,20460.1,17371.7,21594.1,21579.4,18076.1,23222.6,23874.9,19687.1,17692,23003.9,22075.2,18339.7,21494.7,18057.1,20792.2,21276.4,23644.5,20799.4,18237.9,18956.1,20505.5,17040.3,17523.8,20181.7,22495.5,19390.1,19837.7,22959.5,22123.9,18946.9,22730.3,20221.9,22423.7,18216.8,22243.3,17121.8,18008.9,18147.5,19888,20492.2,22309,19060.7,21843.5,18571.5,22639,21281,22584,22005.6,23115.8,23793.8,23291.7,18977.6,18292,19234.5,23388.1,19761.7,21192.1,22879.8,24542.1,21935.4,25177.8,18930.4,21107.4,21884.6,23733.4,23884.6,21622.8,20535.2,23514,19737.7,24726.2,23933.5,21656.6,21746.3,24730.8,19685.1,25182.1,21013.8,22270.6,22483.5,22082.6,20856.5,22004.3,20573.7,22977.8,24593.8,25906.8,20043.7,21761,20241.2,23536.5,21651.3,24819.3,24107.5,21939,22957.7,20114.5,19184.8,23110.6,19729.5,19270.5,21667.8,20235.1,22912.8,19804.5,23153.5,26131.6,21985.5,24858.2,24809.9,25790.4,26304.7,25673.6,20994.5,23644,22077.1,25007.5,22090.8,24541.2,26539,26621.2,28653.4,37405.5
37027.9,30165.9,30079.6,27775.7,25892.5,25054.3,22273.3,24502.9,22422,22620.4,22031.3,20135.5,23873.6,23124.1,19652.1,24358.3,23051.7,24283.7,22407.8,18020.6,21333.2,23919,19917,20657.8,23940.5,21961.6,22441.8,19549.8,18145.2,20508.6,20841.6,23271,21993.1,21381.3,20787.1,21703.8,23579.5,19870.8,18487.9,20858.6,23720.3,19212,20956.7,21841.1,19046.6,17719.7,18118.1,18490.7,18931.1,17875.5,19159.5,20338.7,22430.9,18215.2,17410.2,19408.4,17668.9,22466.5,22349.2,19532.7,21243.5,23040,17320.9,20917.4,16789.7,22216.6,20083.9,18190.9,22478,19208.4,22020.5,18973.3,18318.6,22795,17813.8,22585.4,22465.2,23235.3,19764.5,22833.1,17506.1,17336.7,18783,22301.3,17617.2,20220.4,22870.5,22293.6,20327.6,21578,21667.9,18214.8,23630.7,17437.1,22298.9,22159.8,17613.3,21256.3,20597.2,22127.9,17312.1,18364.2,17012,21736.7,16978.5,17588.5,21928,19364.2,19157.5,19663.4,19244.7,19946.5,22228.5,22723,19824.2,22941.9,21392.9,22119,21163.1,23396.4,20247.9,20922.9,20614.9,23337,23429.8,18238.3,22335.9,20139.7,18432.1,18396.8,21187.3,19293.2,23978.3,19627.4,20512.5,19643.1,21110.7,18091.7,18976.1,21982.8,18300.3,21226.2,19444,17255.6,18824.7,19798.2,19375.7,22331.2,18024.7,22373.5,20232.7,22087.4,21844,18980.7,19897,23290.7,23172.5,21194.8,17649.2,19952.2,18064.3,22005.4,22908.8,20120.7,23396.5,18944.4,18241.8,20127.9,21870.9,19508.1,21369.2,24582.5,25079.8,20460.2,22295.6,24658.4,24167.1,24818.1,19867.9,25155.8,18881.2,24418.6,25223.8,23509.7,25060.8,25351.8,18983.1,19511.4,23775.5,21660.8,23930.7,20770,19253.3,18653,20569.9,19532.4,20801.9,19431.1,20050.2,23472.3,18563.8,18305.3,20680.6,18235.5,23437.6,19250.5,18769.9,20104.1,17941.2,19684.4,22371.8,18694.4,18198.3,21350.5,22590.1,20650,20668.8,20073.3,21417.2,22231.1,19378.7,19932.8,19104.9,20632.1,22306.9,18489.1,22598.5,20411.3,18238.8,22289.9,19011.7,22968,17718.8,21912,18847.6,23468.1,20010.2,23761.7,21751.4,20733,22899.1,20488.4,17873.7,18095.7,23217.9,23175.5,18261.7,17783.6,23873.1,22639.1,20966.4,23851.9,21548.2,22855.6,20168.4,21750.3,21369.7,23428.1,19941,17807.7,17778.2,20967.5,20618.8,20431.3,21873.3,23294.7,20580.8,18398.5,22507.8,21023,21868.9,22931.4,21581.6,20570.9,22220.6,23148.5,18393.6,21127,21854.6,22103.8,17710.4,18178.2,20467.5,17820.6,22950.5,17035.7,18161.7,20608.7,21595.2,23724.7,20459.4,22993.8,19230.9,21675.3,21393.8,18095.4,21634.1,18554.1,17605.2,21530.2,21064.2,19694.8,23147.7,19010.4,17741.6,17604.1,20676,18133.4,24218.5,24203.5,23594.9,22852.6,22914.4,19974.5,18242.8,20935.6,22436.6,22291.9,20183.7,23991.7,24969.7,24557.1,19936,19832.3,21831.4,21413.2,22697.4,24121.9,25474.4,23265.7,24078.6,24435.3,24978.6,21030.8,19527.6,21988.9,26189.7,25153.5,21320.3,24758.8,19872.5,23215.7,23118.1,22571.5,24256.8,24518.8,22795.9,23703.9,20712.3,25320.8,20121.6,20697.5,20257.3,21329.6,25580.5,21559.7,22194.6,20119.9,20056,22589.8,24880.7,24136.6,25240.2,22962.7,23207.8,24963.6,21887.7,24733.9,20535.6,24073.9,24357.8,20013.3,24413.9,22514,19867.4,20878.2,24131,21864.1,21099.8,21545.4,27548.8,24690.9,31235.6,32918.7
31023.1,32547,27359.2,23680.5,23543.8,20112.5,25021.9,19014.1,24845.3,21042.5,21916.4,18220,22855.8,23343.3,24005.3,17994.4,21863.1,24109.9,23459.3,21479.4,19085.1,18782,21210.8,20837.4,20469.9,23053.3,21977.6,21193.2,23432.7,18631.6,21212.4,21872.1,23970.9,18934.9,20440.2,21598.6,21392.2,20297,21498.4,20868.4,23279.9,18200.2,23035.2,17632.5,22791.3,18453.4,19304.2,18243.3,22016.1,18427.2,19162.8,17654.1,21378.7,22441.6,16976.5,18153.6,18191,19053,19153.9,18231.5,17122,21557.5,22915.4,21900,21306.7,18261.1,21417.7,21433.5,21847.9,21451.4,19840.3,21909.4,20332.6,23097,20687.9,21429,18521.2,19267.6,23277.1,18674.7,20386.5,18910.3,18265.1,17562.8,20191.8,19833.1,17529.3,21073.7,18782.6,23238.7,20902.8,21230,21046.8,23176.9,18656.3,21049.6,19069,20868.5,23108.1,21098.4,22243.1,21062.7,17625.4,19538,18192.1,18453.6,20055.7,20040,16960.7,22940.3,17082.5,22663.7,17202,22033.7,17813,23267.3,21877.7,17904.3,18046,23631.5,21183.8,23085.8,18123.1,22150.3,21844.7,24122.6,23848.4,22355.7,19702.2,22119,19562.5,20821.1,22256.2,24771,22762.3,19192.9,21018.6,22868,19940.9,22214.9,19221.9,19082.5,21419.4,18603.2,18869.7,16773.9,19642.8,18527.5,18122.4,20036.4,18068.6,21339.7,20966.5,17271.1,18825.1,22047.6,22976,20568.7,22867.1,21617.3,23089.2,17919.5,22323.2,23755,19764.5,19090.2,21350.9,20441.9,19388.7,21196.2,22599,21904.4,24738.9,24399.8,22859.6,24648.2,22282.6,19100.8,21318.5,21348.2,20573.4,21052.8,23491.4,25049.4,24334.9,25018.4,21067.7,18821.5,21992.5,19444.1,23109,21061.3,24828.3,18530.2,22940.4,22682.3,21386.4,24731.7,18489.8,20144.2,23307.1,21180,19643.4,19472.7,19942.8,19291.6,20258,17833.8,22468,19070.3,19523,19191.6,20678.8,20718.1,21361,23776.4,22515.6,22878.2,17612.6,23549.2,17996,18573.4,21531.2,19340.7,21654.5,24026.4,21227.7,20995.4,19904.8,18665.6,20735.4,18442.3,18617.2,22440.4,18252.2,17584.8,17750.1,21310.9,20278.9,19805.2,19583.1,21971.5,19781.2,21525.4,20288.9,21064.1,20757.8,19585.9,21862.3,24178.2,22956.1,23083.7,18959.5,24184.2,18216.7,20691.5,23091.3,22103.1,19373.9,22167,20461.8,17353.3,17870.4,21402.2,20067,21105.7,18103.2,21421.3,23290.4,19090.2,23936.9,20924.7,21232.8,21844,21307.3,18000.7,17790.8,21364.6,23513,17577.4,20173,17835.1,17245.2,17263.2,20656.5,21037.3,19635.7,23499.5,21611.8,17950.7,21586.9,23479.3,18158.6,18973,21591.1,21884.3,21591,20155.2,21075.3,18869.4,17638.9,17811.9,20567.5,24164.3,18879.5,23063.2,21419.7,21869.8,22913.1,18706.6,21942.5,23382.4,18163.1,24820.5,18805.7,24498.4,19277.1,18811.3,23675.8,19472.8,21436.3,19529.2,23910.8,25348.5,22021.9,23652,19346.8,24026.1,23480.6,20297.1,22227.2,23916.7,19410.8,20369.6,23170.6,24499.1,20531.7,20067.1,22062.4,22117.4,19909.3,23241.5,26056.6,21784,23780.9,24601.5,25484.8,23605.4,23740.2,22280,24587.5,19514.5,25184.4,23914,19727,21762.8,22102,24872.8,25150,25258.5,21849.7,20704.4,22173.9,20431.9,20967,25787.7,20708.8,23478.3,20720.2,21897.3,25360.2,23833.9,23158.3,21414.1,25992.5,20677.4,20380.2,25165.7,24833.2,23537.9,28258.6,26923.5,33493.3,38223.1
35325.8,31753.3,23780.1,24682.8,25235.3,24002.6,25261.7,20759.4,20468.7,24526.1,19272.5,20248.5,23755.7,19963.1,23802.8,21195.6,23039.3,22025.1,21236.4,23494.8,18544.8,18694.9,20967.9,19156.7,21605.9,23001,19409.8,19050.8,22737.8,21296.1,19456,22742.5,23169.1,19761.5,22007.2,20943.9,22641.9,23966.4,18718.4,21044.9,21863.6,19752.7,21239.3,22133.8,18705.7,18905.6,23050.1,17158.6,19086.7,19100.2,21583.4,20210.4,19077.6,19444.4,20933.4,22711.1,18893.7,20140.6,21326.3,22419.7,22078.1,20765.4,18069.2,20518.8,17336,19119.8,18184.5,17975.8,21443.4,21723.4,21382.4,18945,17564.5,20788.5,20434.9,22685.1,17587.6,20799.5,22134.4,17729.3,22248.7,21935.6,21588,21172.2,21015.7,17531,21931.8,22495.7,19685.2,19775.5,23537.5,19569.2,21011,21809.1,19724.2,18041.2,18871.9,18343.5,19002.7,16970.4,21769.6,21518.3,20837,19015.5,22446,19884.9,23027.4,21514.4,18575.1,23012.1,20509,19862.5,23115.4,17115.4,18579.2,21338.9,21189.5,23181,22395,23886,19100.8,19782,22502.6,19699.5,23492.2,20415.5,23491.5,24503.2,24502.9,19129.7,21911.4,24326.4,24211.9,18217.3,21342.6,18470.6,23539.8,19424,20201.7,23059.6,20010.7,18876.5,16743.7,19956.3,19277.5,17467.2,20585.4,21049,19251.9,19187.7,17406.3,17792.4,20988.9,18922.2,17613.4,22312.7,21836.3,21165.8,19598.6,23912.6,22394.5,19462.8,21077.9,20038.5,18545.2,20254.2,24257,19689.1,24308.1,20703,20413.9,19705.5,18928.8,24615.6,24342.1,19821.8,22559.6,21521,21484.5,23345,19048.7,25123.3,25121,20367.6,20723,23555.1,19249,25244.3,24242.9,19865,24182.7,22365.3,22475.7,21083.3,21624.7,24351.4,20715.4,21823.2,20165,23807.5,21375.6,18407.9,24448.8,24653.6,18931,20724.2,18419.2,19643.1,20834.3,21047,18327.3,20986.7,20001.3,24174.4,22840.2,22404.9,19861.6,18523.8,18290.1,21074.3,20786.9,18919.9,18216.1,20248.7,20587.8,18356.2,20235,20644.4,23618.5,18077.1,18733.7,19471.1,23209.8,22054.7,18235.9,18474,20360.5,20867.5,19970.8,19867.1,21877.5,24140.8,21617.3,20698.7,21982.3,22452.2,23097.3,23970.5,24308.5,20397.7,21569.7,20387.4,19036.5,20375.5,20460.7,20092.7,22455.1,19080.1,20012.8,17364.9,19469.6,23151.5,18517,20442.6,23021.6,20412.6,20088.3,17951.4,23753.4,20878.1,22875,18757.2,22946.6,20773.1,18596.4,18960.3,20148.8,21843.7,19973.9,20663.2,21292,19616,21545.3,21059.5,19971.3,17336.6,23503,20575.9,22600,22497.3,21588.4,18583.7,19544,21819,19547.3,19427.5,18158.9,20229.6,22833,20076.2,18753.6,19527.3,19528.4,18953.2,18879.6,19141.3,21577.4,20582.5,20609.6,22840.2,19135.2,21692.4,20599.9,20204.9,24194.9,23796.3,18886.8,19423.8,25228.5,19088.1,21005.4,23172,22367.1,22482.9,22905.5,22088.7,23360.5,22351.7,23946.6,25038.6,23164,20810.7,24464.3,25512.7,23760.7,25729.4,25965.4,22481.3,22672.8,21083.6,21453.7,25134.2,22098.6,22818.8,22835.8,23556.2,21506.1,23375.5,21531.9,22674.8,21085.5,23424.9,20784.8,21604.3,22478.9,25450.4,23649,23946.7,19177.8,24980.6,21320.1,23054.1,23731.2,20268.2,21416.2,24505.2,22548.9,24926.6,21690,25060.7,20970.4,20180.9,25901.3,20075.5,25166.3,21009.8,23071.8,20539.5,21662.6,25304.2,22514,27390.2,27119.9,31451.8
31729.1,32674.4,27539,24111.1,26583.6,22006.6,25340.1,19916.9,21210.5,23490,21002.3,20637.9,18480.5,18966.2,19026.4,20713,18845.6,21222.3,21969,20055.4,21044.5,20787.4,19350.6,19386.4,22900.5,19710,21020.4,20988.6,22004.9,23905,18177.2,22467.6,23353.9,22140.6,19403,18568.7,23304.9,21435.9,20440.5,22765.9,20937.1,17947.9,19619.2,20097.3,19102.3,21064.2,17896.7,18569.3,22494.5,17687.4,17859.2,20869.3,17498,18741.5,17989.4,22833.5,22044.8,18575.9,16821.2,22498.8,19165,23171.3,18870.7,19016.7,19717.2,18923.7,19445.1,22068.6,19609.2,20050.4,19688,23354.7,19171.9,18477.2,23015.7,21779.2,23784.8,19777.8,18857,22802.9,20314.4,23505.1,18982.3,19472.8,21473.9,19445,18897.9,20594.1,19053.5,17518,21868.3,18910.9,20192.2,20102.4,17583.3,17790.7,21153.2,22609.4,17134.8,18275.1,18554.5,18321.3,20242.1,18796.1,18447.6,20632.6,22806.4,18348.7,19158.8,17041.1,18024.7,17064.2,17842.4,18213,17566.3,19768.6,19251.6,20554.3,23700.7,17593.3,21312.6,20313.4,20501.4,21463,18712.1,18307.5,22928,23035.7,20325.4,22918,19669.2,20050.7,24711,21005.5,18947.7,17879.6,19860.9,19597,19531,16977.5,19221.8,18235.2,20057,17082.8,19597.7,20119.6,16938.4,18783.1,19441,23004.7,21729.7,17285.7,22305,19923.9,15423.3,19102,20044.8,18878.3,22525,19778.4,20674.8,20109.8,18530.7,20381.6,20933.7,20133.9,20648.2,21163.7,23456.5,20284.3,23824.1,24159.6,21268.8,21131.6,22193,24116.4,23534.8,23896.8,20970.9,22858.4,22542.1,23497.9,24200.1,24130.4,24748.8,20902.4,20768.8,21115.8,22765,23499,18880.8,19204.6,20855.9,22611.5,23144.7,19604.3,19361.8,21030.7,24644.5,23755,21186.1,20634.6,21644.7,21858.8,22385.9,18542,22603.3,20835.2,19915.5,20952.3,23571,23680.3,20046.2,23610.6,24185,21812.8,19045,19820.3,23934.4,22357.6,20974.3,21360.6,18557.6,24136.9,22730.4,23447.4,24005.9,18251.5,22552.7,18258.3,22641.2,23431.3,22073,19116.2,20876.8,20546.8,17333.8,23318.2,17990.3,18077.8,22042.5,22576.5,23499.7,24275.3,23978.1,19859.6,22696.9,20281.9,20509.4,18736.3,20403.2,21527.9,22926.5,21209.3,23224.7,23444.8,18572.8,22107.4,20378.4,22801.3,17166,20517.7,20387.6,21362.6,18824.6,21813.6,23039.3,22010.9,19796,18917.1,20687.5,19290.5,18777.1,22210.4,17878.5,20111.8,20926.9,20339.4,17202.1,21182,18733.4,18261.9,21686.6,22768.8,22799,17129.5,22896.4,19604.1,18303.3,20496.9,21194.3,20096.1,20819.1,20483.2,17946.4,19412,17694.1,22904.3,20935.3,22577.6,23406.1,20259.8,17851.3,22210.3,23710.3,23858.3,21968.9,20684.2,23228.6,24537.8,19056.3,22003.7,21568.4,19079.7,22307.8,20602.8,19323.4,19780.3,20248,20517.6,24313,23033.7,20849.1,24680.7,20384.2,23333.8,25231.2,22586.3,21397.1,19177.1,23176.2,20450.4,24996.2,23574.1,21876.2,24538.8,21229.1,20846.4,24712.1,23494.6,22238.3,23423.5,20631.1,22544.4,23343,23093.2,23967.4,24904.7,24619,22379.6,23977.9,20043.3,20757.4,23561.1,24298.3,24034.8,25885.2,22673.9,23623.5,19841,24949.8,23508.4,21658.9,25305.3,25564.7,25621,21265.1,19664.2,23480.4,25544.5,21893.7,20504.2,23362,24793.8,24988.3,25910.4,23964.2,20397.8,21337.7,24333.5,24581.2,24862.2,30417.7,33568.8
33178.1,30375.5,25802,27665.7,21471.1,25753.5,23473.6,20783.4,20815.5,19543.1,21269.1,20806.4,18110.4,22870.3,20165.8,19292.2,21385.9,19259.5,23124.2,20999.9,21313.6,20186.7,22695.4,19007,24035.4,19446.5,21942.9,20534.9,17972.5,21791.5,22949.4,24009.9,24499.2,19253.6,20126.3,19028,20510.2,17793.4,17755.4,19805.7,17741.2,18179.4,17869.8,17181.4,17476.2,20470.4,21315.9,20334.2,17545.2,17065.3,19148.8,23252,19234.7,17243.5,19998,22814.4,19186.7,19704.3,20107.4,20565.7,22914.5,20038.9,22221.9,21399.2,18447.7,17069.2,18447.7,21585.5,21716,21255.8,18738,22021.9,20697.7,22118.3,18837.4,20523.6,19598.2,20222.8,19616.8,18232.5,22120.5,20972.6,17875.8,19068.2,23352.8,21563.6,19763.1,18109.8,18782.6,17270.8,20415.4,22441.6,21555.9,18947.4,22525.5,23320.5,18213.1,22007.1,18568.8,20297.7,20431.8,22042.4,22767.3,19654,17020.2,18883.2,19885.1,19357.4,17201.2,22563,18049.9,22375.6,18442.1,18244.3,17525.8,17406.7,23375.7,23117.2,20122.9,21835.4,18462.7,22717.3,17690.3,22179.3,18015.9,18289.4,18845.8,17849,20495.1,23049.8,18857.8,21468.2,21247.4,23785.2,24327.2,22390.4,19271.4,19718.1,21324.6,19789.9,21405.6,18189,16905.8,18837.3,19103.9,18135.6,20901.5,21654.8,20342.9,22566.7,17494.3,18393.4,22495.3,20289.3,16578.1,17025.7,18428.9,23006.8,23780.9,20349.3,23107.2,21564.3,22390.6,19366.8,23788.3,22806,23597.8,20052.2,19355.3,18690.6,25152.8,24803.1,20398.2,23879.4,20918.1,21303.3,23849.9,21669.7,19284.5,24963.6,25265.8,21062.2,19215,20014.7,22959.5,20500.8,20426.3,21981.7,20052.9,22800.8,23620.7,21761.4,21444,20601.2,19137.3,20993.9,24496.9,24444.9,23083.7,21790.4,18653.8,23641.7,18641.4,21457.2,21753.9,20313,24053.1,22703.4,19418,21925.8,19702.9,21146.3,18209.4,18358,23038.9,18499.2,21534.8,21424.3,22726.1,24201.1,20824.9,22023.5,21350.2,21260.3,17967,24187.3,23982.1,20381.2,20851.2,21869.6,17158.4,21433.3,18020.6,19883.4,21579.6,23482.6,21741.9,19053.8,17711.1,17488.9,22240.8,22001.7,17643.3,23455.1,24100.3,21682.6,22681.8,21951.4,22236,19837.6,18953.8,24208.8,18911.2,24003.6,20147.3,22937.5,22239.1,22062.3,19871.6,20702.7,17569.4,19207.3,20500.1,23579.6,19471.7,19585.2,21235.1,21499.1,18746.3,22206.4,23709.8,22750.3,20724,19136.4,17695,20217.9,19086.3,20571.9,17179.2,19893,20517.4,23547.7,21853.1,21277.4,21441.4,21706,23425.8,22759.6,23141.3,21771.4,18891.5,23806.5,18742.5,23309.4,21111,22153.1,18136.2,18317.9,23229.6,19786.4,22924.2,23626.8,17524.2,23790.8,18271,23852.6,21626,20948,22948.2,23258,19906.9,23963.7,22355.1,18892.2,21398.5,24662.7,18820.9,23900.9,24814,21154.3,20622.2,25217.4,18848.2,24582.5,22947.4,21348.7,24695.6,22632.9,20437,18863.8,24826.9,22390.6,19326,24381.9,21830.1,25055.4,26340.9,25667.2,22912.1,23366,21051.2,24364.8,23290.6,20606.5,21946.7,23721.9,25470.7,25974.4,22771.2,25089.3,21541.7,20992.7,20742,25418.8,22195,22773.6,20750.4,23446.9,20366.3,24589.1,22367.7,23559.7,22387.9,24439.1,20464.6,23216.5,23239.4,21563.9,20621,24589.9,21715,19842,22845.9,23744.7,21793.3,20061,24944.4,22062.2,25012.7,26343.7,25506.7,23860.9,26820.3,34370.3
36205.2,32766.8,29469.6,26039.3,24828.1,21290.4,19557.6,19634.7,22272.3,21882.1,22291.2,19167.1,19732.2,23836.6,19702.9,22832.1,19898.9,22802.2,21883.3,23607.6,23551.4,22957.2,24193.2,22470.1,20230.2,20445.2,19916.4,22234.7,21815.6,19337.2,19115.7,19297.9,23800.5,19867.1,24137.8,21742.1,20701.6,19010,22089.6,22029.8,22374.8,22070,20376,19722.5,18118.5,21456.6,22096.9,22674.1,20119.9,22827,21482.3,22408.9,18115,20387.1,21167.3,17804.8,20763.5,20897.2,19087.7,23137.8,17212.9,21989.4,18305,22882.3,23148.4,22228,21883.3,23187.2,19722.5,21032.8,22273.8,20475.9,19108.7,19442,20505.3,18340.7,22687.1,20405.3,18587.2,19853.1,18442,19979.1,19404.2,19611.3,20381,20524.5,18917.6,22679.7,21337.8,19136,17732.5,17658.8,21906.1,20858.9,23262.7,23391.3,23667.5,18638.7,20404.1,18154,19297.1,20408.2,20252,22948.4,22983.3,18478.4,20754.3,23194.7,18115.7,16790.4,19939.2,21365.7,20901.8,20762.4,17492,18293,17267.7,20985.4,17433.2,19157.2,18625.6,22688.4,22409.8,22291,18425.9,21761.2,22073,18519.1,20878.2,20221.6,18621.7,23713.5,20351.6,24008.2,19650.8,21666.8,18069.6,20404,21927.1,23258.7,18555.1,16884.9,17951.8,19401.5,23224.5,22507,21777.6,21175.2,22691,19057.1,21445.7,20229.4,18554.5,22564.2,20422.2,18684.2,23509.6,22163.1,21545.8,19071,20590.3,22812.8,19740.6,19061.1,20616.2,19918.5,22519.2,19578.5,23836,24986,22865.7,22925.2,24601.4,23948.9,20637.5,23943.7,23520.1,20854.5,18957.5,24569.9,24270.8,22668.4,22529.2,19978.1,20556.9,20188.7,19314.1,25093.1,24807.3,20944.8,19042.1,21589.3,20947.8,23939.9,21706.2,19164,21453.6,24644.1,21342.5,22237.8,22633.3,22457.5,21653.7,19082.8,21432.1,22443.8,19547.5,23289.8,18053,20699.4,19664.4,19629.4,20795.4,19784,18486.6,20701.9,20304.6,23839.4,22954.6,18107.3,23116.8,23398.4,20194.7,24391.9,19142,22263.9,23948.5,19211.4,18361.5,22503.5,20539.1,19231.2,21419.7,21985.2,20047.3,22309.4,21111.9,23516.4,20423.8,20917.8,23385.6,22093.9,23839.7,19800.4,17679.1,19664.9,22966.6,18453,22641.9,20054.9,20268.1,20340.8,23944,22048.4,23778.5,23472.9,18936.8,19630.9,18195.9,23772.4,17695.9,17880.3,18607.9,21822,20110.2,18308.9,22333.1,23232.8,23454.3,22702.8,21092.5,19486.2,17850.4,22935.5,21532.2,17622.5,23496.5,22349.5,21174.3,23231.9,18322.7,21532.1,21317.5,19229.5,22688.7,21178.8,21042.7,22313.6,23413.6,22270.4,22110.4,23133.1,19564.3,22513.8,21953.8,22832.7,21057.2,17352.3,23673.9,23562.7,18634.4,18064.9,19200.3,18899.9,18940.6,21489.7,23242.5,17808.2,22136.2,21454.7,21689,22991.8,23387.7,22183.7,21722.2,19633.5,23916.9,20776.1,19148.2,22811.3,20660.8,22230.3,20854.1,22292,24404,22927.8,25536.8,21110,23485.4,22853.5,21931.3,22026,20541.9,23997.6,25444.1,25158.3,25710.9,20800.3,23273.5,25031.2,22332.7,24454.6,20654.1,25815.6,24999.8,22009.7,22883,21950.1,25632.7,24641.7,22794.5,24994.5,24255.8,20986.3,20918,23820.4,21037.5,24817.1,21859.7,24716,25690.9,22103.8,23333.4,22833.7,25691,23889.4,24286.9,23079.8,20820.6,25599.5,19807.4,20958.6,19486.5,22282.6,20561,23805.4,22034.5,23259.2,21366.2,25332.8,22020.9,24311.4,27474.8,34705.2
34995.9,27338.9,29657.7,27081.9,22346.4,23239,20440.1,24575.2,24069.7,18241.2,19136.3,21787,19954.5,20292.4,19178.2,20906.8,22813.4,22560.7,22072.4,20413.6,20189.2,23928.5,21421.2,24096.1,18448.1,18150.9,18952.3,20026.7,23302.6,24164.7,21832.1,22701.8,23301.9,23326.1,19163.3,18605.2,18117.6,20747.6,21285.5,19944.4,20193.9,22974.2,20039.3,18557.8,22770.4,19363.4,23001.6,19463.3,21860.5,18729.9,22304.2,19600.4,20318.8,18913.5,17443.2,18941.3,17749,17021.2,22335.9,18601,20046,20499.1,21573.4,19736.3,21763.4,23168.6,17006.6,21720.2,19514.2,17105.8,23222.1,18009.7,17349.5,20782.3,20054.5,21875.6,22971,20244.2,23556.1,20630.8,20436.4,20966.2,19481.3,23608.2,21814,21801,20612.1,19452.2,19740.5,22196.7,21636.3,20927.1,17223.3,21233.3,22291.2,21755,21962.9,21233.6,23499.3,20318.3,22501.5,17670.8,21303.5,19143.5,22020.8,18461.4,20847.5,20993.8,22924.1,20436.7,20144.3,20568.1,20808,17282.2,20535.2,20368.9,20386.1,17487.7,19182.8,20794.4,19038,22359.5,18397.3,22431.7,18982.6,19633,19867.5,23820.2,20641,24340.7,24608.2,23289.6,18238.5,24631.4,21182.1,20153.3,21268.3,20137,20126.8,22199.5,21976.3,17613.9,17284.6,21974.2,18174.4,19165.5,18900.5,21635.6,17731.7,20399.6,23423.3,19545.9,18340.5,23057.7,19068.3,17055.2,20099.7,18830.1,17660,20546.7,19867.4,18032.9,23536.3,19498.5,22359.6,20288,21546.8,20010.9,21866,24614.2,23285.5,21689,22602.8,18741.4,21606,18946,19529.8,21709.9,22243,23935.4,23276.1,19655.5,21440.6,23781.9,23824.7,25680.5,22703.2,22947.2,24241.7,23095.4,22850.4,19551.5,24173.4,21617.2,23653.8,18885.7,22373.6,23176.4,20621.9,20882.8,24550.5,22819.3,21399.8,21084.5,24651,18927.5,19557.6,22177.6,18274.1,23391.8,23109.7,19241,19377,18586.6,22257.1,23701.1,19596,22537.6,18656.5,19284.1,20922.3,18680.6,18792.2,23576,19303.3,23781,19943.4,17686.8,18395.4,23649.9,18960.5,20046.8,19182.9,21165.3,19313.9,20891.8,17240.9,17410.4,17916.1,23771.9,23127.9,18138.3,21767.7,20103.2,23357.8,19913.7,23145.9,21887.3,22226.7,19543.9,21937.7,21994.2,18829.1,18072.2,22041.6,21226.2,18465,20873,20699.2,17824.4,18761.8,19036.6,17926.4,18674.2,20186.9,20818.8,19191.7,19017.3,22686.8,19946.2,23518.9,20475.9,23676.8,21506.1,21819.1,18452.1,20346.2,17886.6,19888.4,21409.5,22511.9,18048.1,23534.8,18962.8,17832.8,20207.7,20811.1,19428.8,21396.7,17833.6,20765.1,17287.1,21267.1,18960.4,17180.3,22198,22971.7,21896.5,23615.1,22457.9,23664.1,18791.7,18271.5,21441.9,23491.4,21075,23315,22133.4,20091.1,22352.7,23204,20442.6,19662.1,24294,23867,21343,21873.5,19324.1,22606.9,23891.9,24624.3,21999.9,19308.9,22413.2,21607.1,23894.2,23629,23061.1,23742.9,21132.2,23173.3,21407.3,25260.7,20339.4,22786.7,23129.1,25221.7,25705.3,24379.1,24357.4,25910.5,23660.8,20561.6,25012,20377.6,23152,25969.8,21716.6,21917.4,22854.3,20846.4,20033.2,22167.1,22066.4,20036.7,19800.2,24424,22640.5,23704.4,20753.7,23250.4,22289.8,24126.6,25044.3,21226.7,22204,22254.2,25381.8,20985.6,25390.3,24193.3,24935.5,19976.5,19979.3,26047.4,25732.6,25663.8,21842.9,24608.2,20816.8,23525.6,28340.7,33436,34358.3
31649,30865.9,30157.9,26769.2,20847.1,21262.9,24004.2,20713.5,20729.5,22153.8,22354.9,19524.1,21445.4,19835,19646.4,23021.6,23450.8,23510.2,22239.7,21598.3,18163.8,18036.4,23283.3,23855.4,23700.5,19735.5,20121.6,21906.2,23740.5,22428.9,23706.5,23564.4,22513.2,20774.6,23250.7,22689.5,24018.1,18394.5,20116.5,22303.1,23006.4,17921.8,19944.6,18563.2,21128,18288.9,23654.7,23169.8,17923.7,20811.9,17435.1,22599,21893.1,17342.8,22193.2,20625.1,20348.6,21103.9,18421.8,22505.1,19246,21186.2,20326.4,22044.4,17724.5,20845.1,19864,21951.6,20358.4,19783.8,23166.7,18290.1,19089.5,19321.4,19537.4,18037.6,18292.4,19664.7,23357,19132.4,22681,19221.2,23392.3,19920.9,22819.3,19540.2,18349.7,21084.4,19286.5,21728.4,21989.3,17581,21508.6,18968.2,23120.2,23923.5,19490.4,19448.8,22194.8,23152.7,20535.1,21641.2,17175.7,18100.7,18420.5,19180,17396,22855.7,18151,23176.5,19958.6,18716.3,19918.8,23208.8,20115.9,18296,20056.3,23226.9,22077.5,22412.5,18588.7,22256.6,19010.3,23276.4,20493.3,23698.5,18065.9,18909.3,23020.2,19701.6,23838.2,18997.4,20717.4,24504.2,22765.2,18772.8,19277.7,22813.8,19123.5,18087.3,16859.2,20790.7,17534.6,21548.3,23306.7,21766.9,18760.9,21993.9,19325.7,22847.6,18071.1,20445.5,19923.9,20548.1,20963.6,18475.5,18592.9,22074.5,23478.9,19382.7,20288.2,24097.2,20877.8,19274.9,19521.7,19009.8,23795.7,20616.4,24823.7,18960.8,23195.9,23954.4,23057.9,24657.8,22153.1,20351,22224.6,24393.3,19280.3,19912.1,23450.9,21373.4,22687.7,24182.6,21329.9,20208.2,24582.2,20963.6,24742.1,22984.7,19318.2,19003.6,20721.2,20424.1,23076.6,19046.1,22619.9,24296,24081,23987.7,24014,23926.7,22114.1,22166.3,19608.2,18481.1,22075.3,18345.2,17955,19601.4,18451.6,18445.9,18423.7,21589.4,22265.2,20355,24217.2,17975.1,19982.1,20458.9,19399.8,24308.4,22111.7,20740.9,18655.5,19592.4,24193,22886.5,22760,23172.4,17761.7,21807.5,17598.3,19753.6,23573,20115.9,20143,19058,18283.8,22944.9,24130.8,21270,23583.4,22030.3,20878.4,24240.5,18049.2,19831.9,20932.4,18873.2,20553.5,23404.9,21283.5,20618.3,23912.5,23818.4,21149.5,19731.5,17716.4,23714.1,17794.2,17587.2,17999.6,23347,20459.1,22620.5,17692.5,21244.4,20096.1,18936.3,21995.6,20011.6,23777.9,20637.1,20339.9,23784.5,21587,20536.2,22816.7,17731.7,22374.3,22538.6,21531.4,21373.6,22188.1,17477.8,20730.6,19532.3,21526.5,20355.7,18413.3,18446.5,20924.8,17698.8,17469.7,18248.8,18519.4,19720.4,23480.3,18201.7,22027.2,23451.7,24144.4,19917.5,20185.2,23487.8,20612.9,17864.8,21660.8,21796.3,19382.3,23650.2,23736.4,23483.5,18602.5,23000.2,20929.1,24880,22085.7,24768,20708.8,21209.3,21069.2,25442.8,20482.9,20052.5,22378.7,19555.3,22793.9,23483.5,23997,19857.8,24978.8,20731.2,19814.7,26297.6,22111.2,23205.7,26214.2,21931.5,20400.6,24648.1,21821.4,21830.5,20831,20618.7,23151.1,25658.6,24716.8,25300.2,21589.7,20144.1,19632,25686.8,23300.1,19599.5,19682.5,21138.2,21245.5,22616.3,24834.8,21928.9,24775.6,25681.2,21109.2,20135.2,19449.4,24621.1,20099.1,20087.4,20072.3,22163.8,21263.2,23464.2,23492.9,24535,20603.9,22350.7,24949.8,24438,22422.5,24576.8,27479.5,32126.9
35452.1,27832.1,27095.4,26059.4,22994.1,24674.7,23984.2,23487.2,20843.8,24332.7,23732.6,19540.8,21399.8,18110.3,18447.3,19057,18900.3,23480.9,22529.2,19112.2,19463.1,21887.8,18750.4,23747.6,19006.1,18833.7,22300,18316.2,18019.8,19998.9,19923.8,20358.7,20108.8,18258.4,19779.4,20397.3,21872.7,20852.4,20841.8,22281.4,22291.2,18451.6,19426.1,18381.3,22194.8,19002.2,22848.9,19120.9,19530.3,17778.1,19156.6,17639.5,22248.3,20698.8,18580,22424.7,20121.1,22555.8,20122.3,20201.1,17362.5,19278.5,18215.3,20928,20456.6,22341.1,20116.1,17514.5,20405.2,21713.7,17862.2,22163.9,19875.3,17271.1,18266.6,21241.9,22821.8,19803.2,17741.5,17492.3,23219.8,17499.2,21795.9,21603.8,22549.4,21856.2,22006.8,20390.4,19804.8,23602.1,19270.4,17460.2,21728.8,24011,24039,19982.4,18774.8,20646.2,21008.4,18412,18992.1,19852.5,18564.9,17486.6,23368.7,22761.2,23579.6,20689.7,21974.9,21473.5,18583.9,17168.6,17380.6,17789.8,21746.7,22407.7,18820.4,18843.7,23823.4,21676.9,19522.2,20540.2,18628.7,19059.9,20933.9,20094.7,23055.5,18947.7,18685.9,24228.9,21016.6,21280.9,23986.3,18858.3,23600.8,20742.6,19221.3,18361.8,20167,18739,17680.4,20725.1,21450.6,18780.3,17136.9,19959.3,17871.1,19666.8,22022.1,23684.4,18549,21550.7,20643.4,21440,19495.8,19924.1,20564.7,20204.6,22828,24005.8,22051.2,20396.1,20806,17629.8,17974.5,21834.7,22873.8,22404.6,23423.3,22460.8,23289,23808.6,23151.5,22426.7,24382.3,20523.4,22928.2,20054.4,19102.4,21227.3,23532,22230.8,20215,19662.2,25086.4,21951.4,24905.6,24837,21836.6,23154.3,22758.8,24099.9,24912.3,20901.4,23841.8,20452.9,18915.5,21456.1,23228.3,19475.1,21746,23953.3,19718.6,23909.5,18634.3,22566.1,19231.5,20265.2,24208.7,24083,19172.4,21238,20190.9,23446,19913.2,21044.1,22053.2,22172.8,18078.1,22426.3,19533.1,19787.8,18267.6,23691.6,23062.3,18307,18148.6,22996.7,17981.6,19363.9,18957.4,18376.9,22593.3,18834.3,20148.9,17954.7,19893.8,17593.9,21244,22303.6,21488.8,23672.2,17821.1,21386.6,17835.5,21754.2,17831.7,22419.9,22717.3,21345.3,20714.2,20650.7,18264.6,24431.7,24211.4,19012.7,20636.5,20751.7,23012.2,23540.8,19673.2,19844.2,17988.1,20571.3,18099.2,22345,17996,18007,21851.3,21134.2,24224.3,22848.2,20095.2,18772,23372.2,19128.7,19532.1,22679.8,21922.8,20725.9,20213.8,23262.1,22338.1,21830.8,21326.9,19406.8,18321.5,19757.9,21854.6,23508.9,20203.8,18514.9,18089.5,22119.2,22279.7,20348.4,21121.1,22006.5,22706.2,22509.3,22854.2,22937.2,20839.5,21283.5,20600.4,19609.8,22096.3,21719.3,20663.7,18374.2,21319.9,19670.9,24314.2,23171.4,22362.4,23928.2,24478.2,19926.5,20217.5,23038.3,25165.1,19353.9,23430.6,20737.1,24730.3,23763.4,18782.9,20056.4,20757.3,19135.9,20629.2,20096.6,22510,22755.1,22947.9,26343.4,22676.7,22457.8,25620.5,24053.7,22628.3,25096.9,23131.3,22335.7,24291.7,22588.3,25511.6,22725.8,24433,23603.3,22717.3,20908.7,20218.7,25367.8,23796.7,25304.3,25973.9,22617.8,19887.5,25480.8,24178.6,25540.1,25494.3,19530,25393.4,21561.5,22496.9,20072.4,23671.8,25737,21939.8,21072.3,21328.9,22538.3,25819.7,25124.6,22257.6,25096.7,21732.2,24960.1,25078.7,27928.4,27372,33876.8
33980.9,32160.5,25541,26386.3,24981.7,24246.9,25432.8,21765.1,24602.7,18852.8,22026.8,18621.5,19443.9,21712.6,23195.8,21954.8,23109.8,18981.9,20663.1,23612.4,18396.3,20000.9,20621.5,23833.2,23853.4,20223.5,21514.7,20802.7,21041.4,23920.6,19306.1,20718.7,20934.4,18253.3,19035.9,20336.8,18693.7,20300.3,23604.5,23688,23716.6,17713.1,23062,21880.5,19056.2,20549.3,17387.6,21112.8,17371.7,18319.7,23430.1,20320.4,20546.2,18304.2,17308.2,23316.7,17647.4,23351.5,20161,20819.4,17318.4,21395.3,19322.9,22302.1,17653.7,22987.4,23530.3,21863.8,22490.1,18607.9,17266.5,20932.2,19854.2,23105.3,20892,23644.4,18845.2,21485.4,17496.2,20326,23764.5,18128.9,22970.3,20113.3,20609.8,23564.2,23611.4,19428.7,23959.4,21806.7,21047.1,23237.1,22047.2,18135.9,21317.5,23025.7,17712.2,23585.8,19677.2,21370,19169.4,19867.7,18564.2,19368.9,18007.8,19214.8,19268.8,22162.4,19334.6,17115.4,20617.4,20489.5,23672.9,19999.2,18185.1,17439.7,17875,22085.6,22810.1,18186,22833.2,18641.6,20870.9,22128.6,18102.3,24340,19085.4,17941.8,22936.8,23149.4,20485.7,21122.7,19648.4,23983.8,20076.8,20906.9,21208.7,21077.3,19099,21656,17421.3,17099.3,17934.5,17781.1,21667.2,18679.1,17420,17394.5,23711,18829.7,20442.8,20457.1,18177.5,20371.8,17041.7,19002.1,19491.1,21111.7,23697,20312.7,18919.9,19599.1,22412.8,19328,21865.6,20974.1,23160.6,23445.9,18961,20274,19192.3,24753,22135.7,20240.3,20195.3,25005.2,25045.8,19426.3,23633.4,18987.4,21063.6,21837.9,24498.5,20862.1,23075.8,24729.6,25074.2,22768.6,22850.5,23053.5,21126.5,24348,23789.8,23473,24388.2,24837.3,20071.1,22837.2,20654.6,19035.4,23079.7,19155.3,22854.7,19292.5,20931.2,22605.1,22186.7,19122.2,18147.9,21872.9,18680.1,20129.9,24131.5,20384.8,22483.6,19592.7,20444.7,22680.9,19005,19336.3,21599.2,23758.1,21299.9,24171.3,23614.2,23635.1,19818.7,18658.5,23508.6,17820.6,22231.9,23115.1,21429.9,20595.6,17773,19215.8,19213.3,19091.9,21363,20398.2,20828.5,21162.6,18292.5,21742,18180.7,20085.4,24037.5,18207.4,18893.7,22998.1,18252.2,18048.7,24144.9,19470,24006.2,19443.3,18114.7,17567,23344.5,19581.8,22096.1,23632.5,21353.2,22918.5,17416.4,19128,20256,23543.5,20969,18362,23140.3,19525.3,18017.7,21863.4,21759.3,22402.1,22490.9,22832.8,20311.2,19558.9,19957.3,20342.1,22340.8,22218.7,18288.3,17863.5,21332.8,23384.9,19270.2,23590.6,17924.9,17388.1,22778.4,20685.9,17504.1,18627.4,22866.3,22198.9,21840.7,20080.6,19222.5,18689.8,18902.6,20808.8,22716.2,18198,20826.3,21667.8,22708.2,23708,21403.4,24289.7,20180.7,20922.9,22908.9,24728.2,24247.9,21235.7,20604.8,20660.4,23582.9,22995.1,19555,24732.7,25119,21855.2,21067,21285.2,24946.9,24026.3,20864.7,21667.5,20075.1,20423.3,24458.6,24154.2,26017.6,24579.8,22592.3,22800.4,20205,24528.9,22444,22643.9,21493.6,20721.8,21016.5,22509.1,23534.8,23129.3,25917.9,20749,19485.1,20829,19943.3,20724,19872.3,19890.4,19933.2,20666.8,21950.3,22080.7,25606.6,21721.4,20561.5,24026.2,21308.1,19552.1,22450.3,20188.8,21535.2,19637.5,25861,25005.8,25008.8,23983,24275.4,21640.7,25126.3,21614.5,24720.6,27560.5,28184.2,36290
36748.2,30574.9,25769.1,25819,25598.2,20742.8,23174.2,21751.1,18671.5,20279,18434.8,19073.4,20558.4,23256.6,23465.7,21511.1,19428.4,21686,18909.8,21739.3,23973,23326,20084.7,20890.4,20970.8,19268.7,20244.4,21338.6,24166.4,23906.2,22823.5,21031.4,19859.2,24207.9,23389,20554.3,20526.1,21659.7,20673.7,23146.9,19129.3,21230.3,22652.3,23133.7,19082.5,23660.9,21209.7,19102.8,17606,20590.5,22873.6,18776,17835.5,20824,18464.2,18805.3,20757.5,18675.6,20636.2,17434.2,20874.6,20191.9,19202.5,21567,22365.7,19149.9,20972.2,18069.1,21312,18973.8,20412.4,20447.9,22303.7,20060.6,20363.3,23030.1,21058.7,17560.7,21808.9,19482.7,21621.9,19560.8,19516.5,21871.7,18350.6,19462.2,17700.2,21004.7,21164.2,21365,22444.7,23550.1,20955.6,21537.1,21121.4,20525.7,21831,17807.1,17306,18119.2,23643.1,18427.8,19970.8,21729.5,17521.6,22682.4,17721.3,22953.4,23237.4,18921.3,22032.3,22529.4,22949.3,18891,17208.2,18113.9,20842.8,22220.3,19415.9,23261.8,17883.2,18195.9,18051.9,22890.3,21680.6,21626.2,24270.4,20384.6,21391.1,19343.7,19608.5,23588,21508,18803,23022.9,23026.4,18932.1,17249.4,18805.4,17987.5,20126,22314.5,19498.8,18545.4,18410.8,19520.8,22401.9,23024.3,19452.1,22310.2,18489.5,22110.4,19878.1,23301.6,20205.5,20447.9,20157.3,18190.3,18648.9,22496.6,22534,22433.9,22463.2,19974,22128.7,20513.1,23194.4,23974.5,23499.1,24282.7,23530.8,20920,21474.1,20194.6,19773.2,21694.6,21825.2,19912.9,19964,19202.3,21129.9,23901.7,20128.6,20826.8,23563.6,19854,22009.2,21668.2,24590.3,19651.2,21699.5,20041.3,18733.1,19486.9,20848.1,20694.1,20147.8,19662.6,21170.7,20792.5,20664.9,23695.9,22811.7,24974.2,21393.2,18183.8,18531.1,20594.8,22109.1,22186.5,18732.3,20405.3,23774.1,23818.6,20642.3,21861.6,23573.2,23919.1,24546,22720.9,22590.8,23307.4,22564.9,18831.4,22320.4,23394.3,20351.1,22912.6,24009.1,18059.8,19116.8,20077.3,19128.3,20162.9,21370.6,17898.7,20035.6,21099.4,20390.9,19812.8,22864.3,19994.6,18353.3,17654.8,19723.5,24052.5,23627.1,18270.1,23507.7,21302.4,19782.8,19703.6,21176.5,22607.4,23834.5,23040.4,24218.4,23746.2,18507.1,21563.4,18149.1,23406.9,19064.5,22317,20147.7,18702.8,19337.6,23952,22013.4,21882.9,24330.8,22910.9,23801,22074.6,22892.4,20729.8,17967.4,20567,17368.6,22440.3,23869,21192.6,21840.7,19540,21042.4,17186.8,20650.7,22685.8,22406.8,17565,21658.8,23365.8,18955.2,19043.8,17745.1,23140.3,21766.6,17489.8,23566.1,22796.5,17682.7,18296,21502.6,20906.7,20523,23655.1,22258.2,22210.3,20137.9,18505,21856.9,24056.7,22662.8,20702,19287.9,22655.9,19327.8,24458.2,22415.4,20080,18976.7,22341,23768.6,22783,19142.1,25371.6,19688,23018.3,20525.9,21822.8,20642.9,24760.3,20004,21612.7,25224.1,24344.9,22197.3,23106.7,21155.4,26395,23046,26069.9,26149,21278.9,21648.4,22399.3,21032,24907.8,24657.6,23114.4,25562.6,21682,19397.8,24707.3,22221.7,19791.8,19342.1,22086.5,21016.8,24945.1,20075.8,25523.8,24517.2,20426.3,21182.3,22130.3,24532.3,23691.2,24419.8,24308.3,25591,22722.4,23290.2,26279.4,25670.5,20626,22605.5,24943.9,21184.7,23154.4,26199.2,27867.8,29570.1,32226.9
31903.2,33037.2,28555.6,25857.5,23898.6,22331.2,23624.1,23835.7,21886.6,23848.6,24569.9,24298.6,20696.4,24270.7,20002.5,22152.8,21713.1,24192.3,22425.6,23651.4,19644.7,19858.9,18579.3,23262.5,23520.3,19757.5,21017.7,21112.3,20812.7,20884.1,22091.1,22037.5,21003.6,20064.9,18793.1,20294.8,20171.3,22273.5,23783.4,20975.9,22284.3,20170.2,17728.5,17651.1,21865.7,23078.9,19118.7,22458.4,21399,22881.1,22408.4,21590.1,20940,22099.8,21074.3,18178,18202.4,20985.2,19572,23033.8,19970.9,19260.2,20953.4,19229.8,18153.1,18827.9,23257.5,22732,19486.2,22072.4,22350.5,19393.8,20214,23639.4,23471.6,17380.8,19234.9,18917.2,20938.2,22161.3,22599.2,19708.2,18755.9,21322,20316.1,17607.3,22886.2,21262.2,20338.9,23492,22404.7,20751,23834,23683.3,20884,22301.9,21158.1,19277.8,22943.8,22249,22627.5,17650.4,19016.4,18372.6,17317.3,22655.7,18544.7,20133.4,23263.4,19557.3,21140.5,17394.4,21499.1,18555.5,18024,22727.6,18678.4,23173.3,17550.6,23620.2,17498.8,23924.4,24305,19587.2,23477.6,18375.3,19897.5,24176.6,20519.3,20611.7,21314,19238.4,24192.1,23391.7,21900.1,20540.8,23656,19571.1,21120.7,22313.4,20364.1,20470.6,23335.3,20642,22288.2,20619,20118.9,19105.1,19147.7,23361.8,20837.5,19116.6,23476.2,22992.4,20267.3,20873.5,22596.2,19130.4,18174.8,20738.9,21315.9,24067.3,23160.3,21856.5,20314,21172,20087.8,21618.3,20830.3,25007.7,22159.2,22612.9,23406.4,22414,20155.7,19951,24003.4,24515,22338.5,21839,19554.8,22370.2,22748.2,22471.8,25266.8,25573.2,19506.8,22361.2,19435.9,24321,23870,21484.5,23776.9,24951.9,21727.5,25022.1,25230.8,23173.5,23876.5,23934.6,20739.3,22678.4,20788.8,20927,18429.6,20627.2,24539.2,23235.8,19614.5,20933.7,20190.4,23763,18873.2,18762.3,24528.6,22496.8,19094,19119.9,23996.1,5702.89,22628.7,22659.9,18696.9,21924.6,18561.8,21218,18699.1,19628.5,23077,20398,21792.8,20026.2,21422.7,18367.8,18148.2,18737.2,19056.7,21848.9,21138.5,22850,18303.3,23456.6,20463.6,23477.7,19828.7,19116,24299.4,24384.1,23868.2,21373.7,21489.6,22277.2,22684.6,21519,18344.1,18158.3,19814.6,20137.7,19992.3,19907,17644.1,22465.6,21756.3,20097.2,20845.2,20949.8,20739.7,21121.9,19149.7,24207.3,24388.5,22622.8,18089.6,23350.2,17860.6,21108.9,20120.8,23108.4,22861,21610.4,18023.9,19417,19794.7,17195,21785,20195.8,17419.4,22682.1,20157.3,18369,20183,17373,21795.2,23422.1,21382.1,17992.2,19863.1,23751.3,20184.2,23230.2,20392.2,17601.1,18616.2,18647.5,20696.4,21546,23393.3,23130.5,24089,22830.7,22521.8,19162.5,20796.4,24245.2,20605.5,24532.6,22639.4,21188.6,22194.3,20954.6,19528.8,21636.2,19567.4,23174.6,22081.6,25557.6,25669.1,22553.6,21760.4,25403.8,19107.3,25458.7,20784.6,24684.9,25840,24678.2,23859.5,25895.3,21070.7,25174.5,25568.5,25577.1,22972.5,26005.8,25347.5,26344.7,21324.2,21578.3,22133.3,23307,21044,25745.3,24330.6,24257.1,20126.3,23236.3,20978.5,22748,21289.9,26043.1,22256.6,20400.7,23883.2,19639,19213.9,19480.3,21404.1,20349.4,23947.9,23417,23742,23095.4,22938.9,21038.2,22666.8,23418.8,25080.1,24006.3,22897.7,21191,26101.1,29618.9,30111.8,37602.1
36488.1,28399.3,25540.9,22778.5,25623.9,24412.3,24728.8,24515.2,21450,24530.4,23546.9,21871.5,24326.2,21583.7,23546.1,19206.9,21443.6,18812,19086.4,19575.5,23995.5,23741.1,18931.4,20044.4,21917.5,18893,20093.6,20224.2,18966.5,18415.7,21124.5,23827.8,18102.6,18648,21115.3,18975.1,23291.9,18212,20528.7,23702,22749.6,20821.4,19133.6,18447.4,19381.2,20605.2,20409.8,18453.1,19919.6,22364.6,22970.3,18718.8,18586.5,21408.6,18869,21746.1,18692.2,20738.8,20174.1,20200.2,21646.3,20687.7,17735.2,17187.8,21234.8,18174.5,19923.6,17384,21888.4,22687.6,18323,22448.1,20635.4,22425.1,18518.4,20397.9,21163.4,17935.6,17923.7,19427.8,19620.6,17403.1,20387.1,17449,21686.9,20567,21223.1,24076.8,20518,23407.5,20752,22037.2,23566.1,17524.9,21452.5,19441.1,18494.8,18683.5,19957.6,18347,21730,20400.5,21085.6,17410.2,21438.6,22062.4,19212.7,23083.9,17946.3,20710.2,21646.2,19243,21765.2,18761,21344.8,22777.5,17629.2,19124,18767.9,21817,22378.5,22112.8,19778.8,22630.5,23345.1,23711.6,20159.6,22530.7,21045.3,23890.7,23784,19380.4,22155.8,23646,22134.8,18942.3,22928.9,20446.3,22581.9,18747.8,20895.3,20865.1,21835.4,18158.4,18015.7,20028.3,22335,18742.3,19306.3,19850.8,20717.7,19212.6,18507.9,22832,18647.8,21589.5,22748.1,19487.2,23782.3,18027.8,22070.3,19821.9,22848.5,18220.7,23477.9,22017.9,18555.5,22651.9,23095.9,22788.5,19284.8,23534.5,23411.1,24083.9,20187.4,21645.8,24668.3,24369.2,19244.2,22069.5,20498.1,23264.6,23884.8,22956,19301.6,24134.6,19678.6,24725.3,22593.8,23387.3,20725.8,23150.5,19644.9,19405.4,23790.4,22688.2,21313.7,23841.4,19666.7,18558.5,18948.6,20811.1,20167,23777.8,18485.5,19509.6,21454.8,22649.8,24379,20472.1,18673.8,24536,23375.3,20178.7,19097.5,24680.4,19638.2,19347,19366.1,20376.7,19942,18396.7,24237.6,18716.5,19320.1,21598.4,23582.9,22520.4,21463.5,17785.4,20130.6,21555.4,19339.8,23663.4,20222.5,18484.5,21970.3,18009.9,20425.7,23454.3,19794.1,23426,21623.1,20742.6,20735.2,18094.2,21256.2,20205.5,19136.1,20219.6,20243.7,19909.5,22317.7,21766.2,19210.3,22501.6,22128.5,23254.3,21556.4,21939.6,22187.2,17941.5,21481,18981.6,21126.7,23070.6,22378,18280.5,22115.4,22558.9,19239.2,18259.4,20053.7,19485.5,21487.2,20334.3,21387.5,20714.8,22207.1,22411.2,18321.6,21263.9,17284.1,17470,18454.1,20743.3,18809.5,23593.7,23358,21496.8,17770.2,21832,22399.5,21915.1,21565,21757.8,19701.7,22845.4,18534.9,19212.7,21867.3,23370.9,23359.9,24491.6,23111.9,22264.2,18735.8,20861.2,23902.8,20870.6,24264.8,24511.3,21684.7,20687,18887.3,20788.8,24195.5,24066.4,25334.6,23615.2,19551.6,19979,21200.9,21860.7,19752.6,21361.1,24869.2,21366.7,23028.9,19946.1,23595.3,21732.2,26106.7,25080,22612.8,24635.4,24044.5,24852.5,20649.7,23313.3,24225.3,26310.9,24935.2,21151.1,22541,21674,23137.7,22065.3,21497.4,26131.2,21904.2,22373,24580.5,25077.9,22148.9,21584.9,21439,24730.3,25291.3,23259.8,21993.6,21504.1,21755.3,22073.8,20552.2,20595.6,22271.1,24623.6,20022.3,19887.9,22937.8,24436.9,22991.4,25064,23093.8,24143.6,24742,23016.6,20189.4,24553.8,23208.5,24316.9,27668.5,31640.1
32565.6,29556.1,24629.9,25909.7,23073.3,23754.1,21400.8,22950.5,23615.4,19307.2,23612.4,20319.3,20069.4,24056.1,19829.7,22075.8,18348,20490.4,24510.4,21646,23689.8,18495.1,19245.3,21889.2,20207.1,23412.2,20044.3,21665.3,21401,18098.6,20486.7,21080,23648.9,22071.6,22192,23388.4,18602.5,20199.8,19658.4,21001.8,19012.1,21482.2,20965.5,19972,22394.2,20767.6,22346,22607.5,19446.9,22319.4,19618.6,18164.6,19450.3,20759.4,23244.5,20409.6,20905.4,18417.8,20021.9,22002.1,18883.6,17969.6,18441.1,22550.8,20626.6,22183.7,21554,18538.3,20045.6,23034.3,23039.4,19719.2,23767.2,23054.5,20093.9,18591.5,22188.5,18057.6,22042.7,19036.4,17908.3,23305.5,20620.8,18801.6,23552.7,23496.1,21424.4,17986.5,19810.8,23745,21609.7,22214.4,19767.8,20298.7,20085.8,23889.6,19677.7,18822,22043.4,20374.7,18237.1,22876.6,17888.9,21378.2,19433.9,17121.7,20433.5,21255.8,19109,23260.3,23662,19914.9,21484,21400.4,23070.8,19828.6,19380,21080.2,19150.5,23047.9,22616.3,18549.7,22035.6,23379.5,22951.5,24543.9,22681.2,23719.8,18468.6,22255.1,19695.6,24380.3,24495.2,23541,19024.7,21834,17787.6,23321.7,16984.9,22779.9,18245.8,21940.2,19088.5,21580.5,22289.7,20722.5,21160.3,20562.1,21382.4,17796.3,18346.2,20007.1,22403.5,17659.6,20864.3,17508.4,21976.7,20145.3,20899.1,20932.6,18399.7,23178.7,23079.5,20422.4,20242.1,23866.9,21990.5,20066.3,19328.2,20392.5,22008.5,23342.6,19685.2,19033.3,25164.5,25223,19111.4,19928.1,19022.6,23039.3,20425,23219.6,25453.1,20063.3,22568.9,19502.9,24240.7,25164,19439.6,23356.6,21128.4,20044.7,19894.5,19375.7,24877,24542.2,20823.9,24417.7,21554.1,21373.3,19230.5,21002.7,19268,21750.1,18951.6,18631.6,23235.5,23431.1,20904.5,20204.8,21195.4,22175.1,18772.1,22641.7,23823.4,20744.8,21197,22128.7,22008.8,20415.9,18116.1,19977.3,20678.6,21699.2,21685.4,21596.1,18783,18198.1,21914.2,17872.6,18165.2,23136.9,20283.3,18735.7,21256.6,20322.6,20971.7,23450.1,18657.7,20313.9,19264.7,24023.9,22714.6,22009.1,21305.7,21607.4,20320.5,23383.5,23580.1,22697.2,18849.5,20583.6,24242.6,18003.9,20827,19950.2,22736.6,19404.4,17750.7,19623.7,17738.7,21138.6,20707.6,21026.4,21356.6,19644.1,18735.8,21447.2,19785.6,19589.1,18318,21382,21035.7,20236.7,18249.3,17827.4,22259.1,23086.8,18487.1,18874.9,20870.2,18593.1,20621.3,17084.1,21032.1,20809.8,19055.5,20660.4,22280.9,17764.2,23643.3,18872.6,18708.7,22402.9,18421.9,19294.2,19669.4,19685.2,22372.5,18740.2,22405.7,22272.4,18410.2,20957.2,20780.7,19286.3,20885.7,24088,24335.6,20347.1,19523.1,21230.5,20075.4,21060.4,22795,20571.1,23487.5,19754.5,22038,23980.4,20608.7,19456.4,19709.1,24224,23774.8,20723.1,21942.1,23743.4,20142.2,21471.5,22035.2,25959.7,22835.4,21782.8,23550.7,23071.5,20322.7,26567.3,26430.9,20715.6,24866.8,25223.2,22104,23764.6,23557.7,20410.4,25745.1,25674.8,26124.8,21783.8,21866.7,23600.5,22035.1,20451.7,23681.9,22017.6,21043.6,25423.1,19837.4,19956.5,21700.6,19799.3,20746.5,19303.8,21528.9,23935.8,23821.2,26002.2,20548.3,26143.3,20247.2,22595.7,24447,22711,21077.8,21065.9,20943.5,21716.3,25895.2,21833.5,22329.9,30075.7,32825.2,34249.8
34937.9,27416.4,29811.8,24347.1,23188.3,20800.9,25448.4,21737.6,18589,23105.4,21048.7,21155.9,20404.6,20396.6,23485.3,18058.1,23021.6,22731.5,20338.5,18353.8,23757.8,18341.6,23190.3,19430.7,21495.6,22097.1,18916.1,20162,20318.7,19747.8,19124.1,24157.4,20344.2,20087.4,19179.6,17996.3,18381.4,21268,21277.5,22540.7,21871.3,19577.7,19245.6,18845.9,20920.1,19260.3,23709,19504.8,18236.1,18092.5,21207.3,20048.9,22351,21761.6,22110.8,17814.2,17376.6,22673.5,22053,21720.1,19595.8,22252.8,20185,18070.5,21054.7,20401.6,22340.9,20975.5,19662.8,17954.6,22258.3,17516.6,19638.6,22303.1,20538.6,18482,21587.5,17939.7,23918.3,23216.8,23882.7,18477.3,22624.5,21730.2,21033.6,19230.5,22284.7,17964.8,23361.4,20270.9,17950,18747.7,21832,17602.5,22392.3,23716.7,20464.4,23416.4,22025.5,23721,23639.4,22545.5,17122,20636.2,23722.3,17696.6,19771.3,22500.2,20373.5,19952.1,22589.3,23232.9,19094.7,17450.3,19514,21093.9,21098.2,20878.8,20449.4,20021.1,17844.7,20840.6,20230.7,21532.5,17949.4,22118.4,22974.6,18862.7,22673.8,20593.7,19762.5,21112.8,18305.5,21421.9,20418.3,20287.3,23821.8,17259.7,20254,17055.1,22649.8,17418.3,21536.9,22941.5,22671.7,17730,22081.4,23411.2,20571.3,21744,23002.8,18628.1,23540.5,22443.9,18977.5,21784.7,18079,18468.6,23833.6,20662.5,20784.4,22481.2,18750.8,22715.6,21789,18523,18197.7,21871.3,25018.2,22685.1,20047,25153.2,19189.8,20703.4,20056.2,21956.3,21909.8,21941.4,22898.8,24125.4,20399.3,23549.6,20706.6,19564.5,24124.1,22611.8,24919.8,24583.6,21167.4,23262.4,19454.6,24638.5,25199.7,24566.9,21445,23715.3,23513.9,20933.8,22560.5,20181,18868,24063.3,22170.3,21165.4,19883,20972.5,21328.3,24537,22176.1,19595.3,21507.4,18648.9,20511.3,22191.1,22015,23542.3,19218.7,21527.8,22690.7,22065.4,20169.7,22483.7,23763.8,21703.9,21679.7,23716.2,19760.5,18862.1,20681.7,22572.2,23015.2,22779.7,21688.5,21251.1,18399.3,20167.9,22218.9,17789.3,23714.5,19053.4,23211.7,22820.8,18822.9,18082.7,19009.7,21575.5,21634.8,22414.1,19652.1,23324,20694.3,23182.8,21615.1,23636.5,21322.5,18802.4,22067.8,23182.3,22887.5,20429.2,18122.7,23764.4,23661.3,19817,17399.9,22836.5,21575.7,19402.8,21246.3,22608.3,24480.6,21499.2,22648.1,19550.6,20445.7,17707.5,20711.7,18034,19389.1,22857.1,21958.4,19702.2,22858.9,21413.4,18906.2,19902.8,19588.5,18033.4,22048.2,21704.6,20479,23396,21703.8,19269,18821.2,22101.1,18936.1,22240.7,17836.2,20319.7,22931.2,19357.9,19032.2,23879.8,22004.3,23090.9,22467.5,20664.6,17875.1,23365.7,18568.1,23452.6,21059,24347.1,20034.3,19175.9,21134.1,21212.3,24146.9,19425.6,19734.8,19434.4,25338.7,24250.4,20679.5,25470.7,24653,20270.1,20196.5,22961.3,25684.6,25573.8,23208.6,20503.5,24213.7,26037.8,21709.9,24354.2,25038.7,23789.8,23495.7,20910.3,24953.5,20557.7,21372,21210.5,25757.9,21833.3,26187.2,23087,21068.9,19491.7,22446.9,19625,21720.5,23031.5,23044.5,25540.2,21730.2,24178.6,20369.9,19966.2,25512.9,21560.6,20527.8,20479.2,20666.8,19613,24923.7,22931.8,25675.8,21062,22082.3,26113.3,25766.5,23329.9,24339,26217.8,25134.9,21252.8,24820.3,27175.8,31971.3,36703.1
34084.4,27329.8,23655,25360.5,25541.2,23340.5,22243.5,20295.7,21236.2,22621.7,20764.3,23167.9,20873.1,23024.4,23515.2,18099.8,23472.2,19863.9,22751.9,20401.4,23254.8,22744.9,20070.1,18257.1,23639.8,23454.3,23497.8,21866.4,22312.7,19305.4,19029.6,20541.4,20976.8,22589,23718.9,22968.8,22259.8,22723.5,18884.1,23245.8,19278.2,19661.2,17757.4,21862.7,18850.8,21356.7,19027.7,22581.4,18813.5,19291.7,18563.6,21567.1,19139.2,21162,23192.1,23323.4,22702.4,18012,21949.4,17031.5,23418.7,21274,22346.6,21299.1,20343.5,19712.3,17315.4,17100.1,18309,21798.3,19104.7,22262.2,23118.9,22821,19366.4,18990.6,20458.7,20629.7,24040.3,19658.8,19246.8,21491.8,23945.1,22595.8,23066.7,22710.7,21345.7,19540.8,20208.2,21861.1,23303.2,19681.8,22735.7,23151.1,20255.3,18866.6,22530.6,18631.6,18786.3,17455,17714.8,22365.3,18058.2,17731.2,19419.8,17049.5,19699.1,22192.9,23494.4,18630.5,17748.6,23465,19399.1,21952.4,19797.3,22979.6,21077.8,19801.8,21675.1,21695.2,17553.5,18402.1,22126.4,23374.3,20997.9,24391.1,23024.8,22332.2,23028.6,24701.3,20792.3,23705.4,24019.2,20803,22909,21394.6,23763.1,17067.4,17288.4,18780.1,18274,22840.5,21561.1,20078,18712.9,20326.4,20506.3,19296.9,23549.7,18805.3,20449.3,22670,19049.2,23074.8,20102.3,18822.4,19598.8,19040.9,23042,23031.6,22323.9,24434.4,20420.8,18115,21209,24173.8,23444.8,24676.9,19253.8,20310.3,20201,19221.4,23821.3,18843.4,20805.8,24792.9,21669,20730.8,24688.9,23148.4,21033.3,22463.6,19437.8,19288.8,23254.1,25555.9,24875.9,20916.7,23520.6,25277.7,19518.4,23220.8,22575,25026.8,23745.6,24378.7,22897.6,24217.8,20465.9,23878.4,19877.3,22879.7,23936.2,22491.7,24979.6,23063,18820.1,22975.2,19280.5,18918.4,19506,23195.8,20123.1,20815,24081.3,21649.1,22272.6,21773.4,19771,22643.2,20730.2,19811.7,18303.2,18257.7,18587.2,24254.4,19471.6,22206.6,23150.8,20053.9,20012.5,21344.4,21579.9,20399.6,19970,21367.2,22542.8,23241,19124.9,19548.4,17839,17718.4,20098.6,23106.3,23008.8,23815.6,23949,18855.4,23330.8,18558,21098.7,19191.2,19356.4,23154.6,19482.2,22027.3,21003.3,20418.8,23552.6,18045,18043,18185.4,18981.7,20990.3,21947.1,22225.5,18204.7,23842.6,19163,18389.6,23869.9,23658.4,21737.9,22780.5,18605.2,21666.2,23891.4,23078.8,21995,20449.5,17470.7,20451.7,23338.3,22901,20010,20323.6,19631.3,20528.7,19339.7,17668.8,18813,21519.3,20303.2,22963.8,18719,17413.6,22147.8,17899.3,20882.1,20595.7,21346.6,17980.2,19246.9,20707.7,22435,19944.7,22676.8,22683,17952.2,20844.7,22987.7,20659.4,22802.1,18568.3,24159.3,19239.9,24782.8,22194.4,25182.7,24850.9,19308.8,20813.2,21411.8,20593.3,21239.8,21027,19707.4,22028.4,25339.8,24078.2,20531.4,20257.2,24825.5,22723.7,21958.2,25716,20854.6,24874.3,24633.9,25960.5,26032.2,23054.8,21998.7,20574.5,26476.8,26798.7,20668.5,24787.9,23656.3,22696,20467,24459.3,21190.6,24309.7,22790.4,21481.9,21420.6,22970.8,22901.4,20824.7,23019.4,24325.7,25994.3,21187.8,21176.7,21322.8,22555.2,24064.7,20903.6,22049,25958.5,25955,20588.3,21505.2,26079.8,20012,26248.9,26525.4,23190.4,23775.5,26078,25177,32763.1,35549.6
35248.2,27470.6,24824.2,22123.6,25616.9,22682.7,19463.5,24254.1,21037.2,23710.6,18872.7,19826.2,23368.4,24508.3,24357.6,19974.6,22682.5,19890.1,21804.3,24561.5,24128.3,22283.3,20317.1,19756.8,21714.1,19998.9,18402.6,23092.9,18647,18156.8,20859.1,18250.3,22200.7,19216.9,19976.2,22426.9,20938.3,20131,18815,22281.7,22845.5,18888.6,18345.1,19172.6,19000.8,22401.8,22355.8,18885.6,23283.3,20578.1,22379.3,19239.8,17401.9,19707.7,19471.8,22566.9,18952.3,21289.2,20998.6,19478.2,18161.7,23086.5,20723.4,22427.1,19982.5,20930.7,18148.3,19799.7,21906,23341,21433.8,21385.3,19387.9,21142.5,24055.5,21099.4,20484.5,20769.7,22812,21981.1,18066.8,21879.4,23439.1,21484.8,19803.2,20881.6,21950.9,18798,18002,21694.5,22656.8,21647.5,19783.2,18602.1,22673.6,20996.1,17423.7,17441.2,19045.7,18351.2,22908.7,20310.9,22600.9,22402.6,21037.5,18126,18854.4,22358.5,23443.1,17629,18983.4,22363.5,23756.9,20256.1,19997.2,17280.8,18480.6,22673.2,22146.5,18906.9,22554.7,21526.9,18970.4,22945.7,22667.3,22713.8,18444.6,22104.8,18653.2,18258.2,18543.3,18988.4,22401.4,23708.6,20992.6,22067.9,23610.7,22958.8,21159.8,22001.4,21214.9,19898.5,17598.7,20473.7,21195.7,19480.8,22789.2,18175.6,17703.7,21738.2,23663.5,18893,22459.7,23351.9,18177.2,21578.3,20045.2,21238.7,23599.8,22544.9,23720.2,20213.8,21821.6,23191.3,24344.6,18614.7,19042.4,20246.3,21114.4,22595.7,21916.8,22667.1,25167,21576.5,21302.3,19695.5,20110.1,21667.4,21885.2,19832.2,22542.4,23735,22584.1,22624,23357.8,20430,22081.5,23395,20753.5,23722.4,23038.3,23772.2,23388,24830.7,19623.5,23335.6,24716.7,21016.3,22338.7,18994.9,21580.7,24592.5,20694.3,18716.8,19483,24183.7,18896.3,22248.7,23156.6,20478.5,23528.3,21932,24515.3,24378.5,23388.4,23741.4,19354.6,20036.3,23623.1,18972.1,23873,20495.5,24540.2,21726.4,24588.3,22714.6,23655.9,21545.3,24152.7,21458.4,19850,18712.6,17997.7,22801.1,21141.8,18979.5,23489.1,20069.6,21152.9,23096.2,23413.6,24241.3,20716,18914.2,18416.2,24395.3,19598.7,21884.1,19709.3,23853.6,22959.2,21530.5,22643.5,21161.8,18076.1,19838.4,18549.3,17728.4,17510.9,22165.7,21526.5,19552.6,20949.4,23221.7,22176.6,23258.2,20760,21960.7,22649.1,20692.5,22989,21717.4,19545,23966.9,21292,20726.7,21385.8,23010.1,18487,18486.5,18923.3,17731.4,18745.8,20634.8,17716.4,19183.2,22009.6,22893.4,20517.8,18332.5,20923.2,21875.2,21142.1,17936.4,18039.6,22400,23957,23665.4,17554.1,18190.5,22592.8,20866.3,21692.4,19012.9,20939,22520,23342.4,18398.8,21842.4,20576.3,23195,23236.8,21515.7,20123.4,24614,25309.9,22073.1,20449,22662,22901.3,22231,22215.3,22055.1,23137.8,24669.2,23117.4,20549.2,21062.8,24344.4,25195.7,24470.1,23482.4,26028.4,23500.1,21970.5,22155.2,21239,22766.3,26042.8,24838.5,23702.9,25050.9,24735.5,24869.3,26521.4,21808.4,25014.9,24538.1,25583.3,24120.6,20621.5,20216.2,19881.8,24919.7,20049.6,20629.4,19515.2,24857,22535.2,21725.5,25654.1,20323.8,25755.2,23211.7,23361,20654.6,24376.2,23528.9,26186.7,20997,26047.7,23885.5,22734.9,25543.1,25119.4,22418.9,21308.6,26377.3,20577.4,21882,21646.5,25431.7,27959.7,32471.2
36652.3,31669,25770.4,21819.7,26121.8,20551.4,20893.8,18981.7,18920.2,22501.6,18208.7,19511,24372.1,18307.2,20324,19188.1,21540.6,18564.5,22781.2,19714.7,22541.1,22772.2,18207.9,21138.8,22524.3,19719.4,18156.5,20078.3,19952.9,18542.7,21115.7,21438.7,22146.8,20356,21183.6,21346.5,24068.9,18206.8,23181.4,18745.9,18865,21807,22236.1,19806,19712.6,20340.8,17955,21800.8,20453.4,23190.1,20572.5,19239.3,21894.6,21033.5,23831.5,21055.8,20501.3,17174.7,21909.3,18371,22696,21736.2,20628,18729.9,23095.9,20517.2,21077.3,21578.7,19869.9,22205.4,17507.3,22898.3,20786.9,21794,18048.8,22831.6,17941.8,18588.3,19297.3,24174,22857.8,22494,18631.3,22734.3,19067.1,19227.2,18130.6,21136.9,18258.4,18974.8,19247.8,17567.8,18839.6,21023,19566.8,19040.1,19566.8,21139,20361.4,20158.6,18786.9,18972.7,19848.8,19062.3,20901.1,18591.5,22941.9,19472.7,21036.6,20440,18710.1,19832.7,18188.6,18098.3,18530.1,18101,23321.2,17601.9,19147.8,17422.6,21080.6,20693.5,21852.9,23387.6,23576,23615.7,18304.5,19711.2,19585.8,22523.3,19074.2,18411.5,21416.9,18727.8,23571.6,20035.9,21775.8,20140,18865.5,22113,22971.7,20272,21043.8,22201,19589.5,22261.8,21293.2,23197.4,21531.9,20145.7,22962.1,22769.7,20214.2,23151.5,15931.3,21668.9,21878.7,22564.2,19391.2,21459.2,18491.2,18194.4,24088.7,20275.8,24022.1,22179.5,22953.7,21505.5,20774.7,19239.3,22891.2,19219.1,20603.1,19061.1,21202.9,21223.7,23489.6,22494.4,23761.4,22116.2,24348.9,24170.7,20757.1,22629.8,23171.4,19442.7,24671.5,21513.3,25102.1,19811.7,25278,19607.9,8729.97,24498,22370.8,19302.5,19137.1,21184.7,23194,22211.4,20632.9,19492.8,22607.4,23752.7,22637.1,21641.4,20430.2,23846.3,19427.5,24738.4,19184,22405.2,21518.4,19545.5,21317.5,24344.3,20276.1,20920.9,20955,20010.1,21870.6,23036.2,21937.6,22010.2,19992.2,20138.3,21659,22852.1,19179.6,22615.3,23221.7,19008.2,18824.2,18581.4,23617.6,19695.5,18521,20013.8,23271.1,18941.6,24017.3,22852.4,19044.5,20166.3,23196.4,21094.2,24321.2,22171.7,20853.7,19644.3,22080.5,21769,18959.4,20265.8,20914.9,21166.4,20187.1,20258.1,20113.5,20784.4,22578.5,20363.5,18383,23581.3,17412,20977.9,20269.8,21718.9,17888.3,22018.4,24031.4,19734.6,20279.8,20705.3,20418.6,23118.5,23756.7,18497,17281.9,22883.6,19831.1,19252.3,19852.6,20818.6,21452.6,20052.8,22917.8,21165.4,22757.1,17738.8,19461.3,19908.3,17931.6,22004.2,21380.7,21397.2,20438,19492.5,18087.2,19406.9,20902.2,23507.3,24219.9,19357.5,19356.2,23680.6,18690.8,24192.5,21148.7,23141.9,23656.3,21330.2,23436.9,19363.4,18463.5,20098.6,22905.8,24288.6,25331.6,21251.4,24683.6,20827.9,19190.8,25800,21725.1,23845.1,22691.7,26079.1,19628.1,21476.4,21690.2,23737.1,22642.2,21344.8,22523,20357.1,25692.2,23725.8,20132.3,23134.8,25774.9,25595,23677.8,24676.1,20182.5,23670.4,24163.4,24972.9,24626.6,24548.5,19921.9,19736,25545.3,19453,24268.4,20163.6,23152.4,22663.5,22402.6,21021.4,20565.6,23008.2,23551,21615.2,21500.7,21900.9,22044.9,23379.6,20290.5,26222.2,21970.6,25236.2,23514.3,22276.6,25135.1,23350,22008.6,21336.2,24481.7,24245.8,21726.4,29980.7,32144.9,32675.1
31475.1,31768,27834.1,24577.2,25035.2,21300.5,24369.5,22342.5,22199.3,23747.4,23699.7,23460.7,20106.9,18821.4,20813.1,19089.4,22998.1,20532.4,19011.4,19844.2,22204.2,22002,18075,23007.4,19833,23206.2,23912.8,23799.6,22332.5,23266.5,19816,23399.1,22014.5,17986.5,22595.3,23101.8,23910.3,23156.1,22068.4,17557.7,20494.9,22816.7,21205.3,20381.6,17632.8,19155.8,23650.1,21084.1,20148.7,22153.5,21819.5,21826.1,19413.9,19170.6,23500,18265.6,23449,22543.8,17271.5,21449.4,22308.1,23203.7,23120.2,19793.5,18948,20345.3,22337.4,19531,19585.1,21993.8,22425.1,22075.6,21185.3,23054.4,23038.5,21141.3,22387.7,21385.1,21940.6,23786.2,22241.9,19393.4,22085.4,18737.2,18061.1,19410.2,18767.3,23950.3,18516.7,21879.4,18673.2,19835.2,23452.8,20001,18169.2,23157.1,20310.3,23396.4,19659.6,22673.6,23874.9,23412.3,22086.3,23792.6,23295,17313,17568.3,23097.7,21272,18317.2,18208.4,20669.9,19124.4,19115.2,17840.9,18172.8,17357.1,17979.3,23128.8,19465.7,17754.5,23691.5,20190.9,18656.4,22539.1,23056.3,18360.6,20651.7,23191,18328.8,20394,19203.3,23526.1,24474.4,23020.5,19243.3,21195.5,17697.1,19502.7,19519,17757.6,22388.1,21966.2,22367.7,19578.9,21885.2,23661.5,17435.1,19468.4,21734.4,23305.1,22547.6,21792.1,19713,16402.4,21012.9,23792.9,18721.8,21580.5,24119.4,21390.9,19128.8,20527.3,22003.3,18202.1,24458,22778.2,23798.3,25275,19259.5,20059.6,25468.6,24012.2,23474.3,19317.2,20154.6,24940.7,20764.6,20435.8,22554.8,19538.1,23890,20695.5,24475.2,19686.4,25362.1,19598.3,21675.3,25060,22441.5,23646.6,23911.4,20703.7,23464.6,20889.1,24151.7,24746.5,19894.8,21253.2,18974.9,19638,23395.8,22229,20605.2,20384.7,19070.7,24804.2,24278.4,24042.5,20386.5,22178.3,24052.4,21154.2,18998.9,18952.1,19144.3,22867.2,19138.9,21333.6,22979,18975.9,19337.9,23334.9,20895.6,21435.1,20250.1,21627.3,20424.8,23213.5,21372.4,19779.2,19120.5,19804.3,20422,22775.4,18824,20335.8,22136.8,22471.8,19095.3,20735.5,21858.5,18321.4,22926.3,20504.4,24099.7,23787.5,23548.7,23103.8,23477.9,19233.1,20231.8,20932.2,20234.1,18294.7,17835.4,21888.2,19636.8,22208.2,23333.1,21340,22440.3,20267.4,22213.2,22169.2,19167.3,20710.9,20265.3,18169.3,19132.3,18256.2,23358.6,22667.9,19089.9,20865.2,18363.4,22973.8,18147.1,20617.4,22515.2,21386.8,21556.6,18893.9,17987.3,18509.2,20496.8,22668.4,22274.5,22691.8,20346.4,23110.2,23103.6,18266.8,19374,18433.5,22976.8,18532.5,24069,21767.3,18517.7,19576.1,20734.6,18345.3,20187.7,20692.7,20736.3,19492.5,22082.6,23728.2,20939.2,20495.7,19116.2,23003.1,19010.2,23383.5,20070.5,23695,21406.3,22993.9,20765.1,25105.5,21697.7,19808.8,25625.7,20583.4,24664.4,22487.9,21458.6,25620.1,23880.4,21424.9,24065.2,24191.5,20949.9,23495.8,24540.7,23578.3,25356.6,25878.7,21664,26268.5,22659.9,24645.8,24672,22618.3,20647.2,24936.2,25606.4,22275.5,23371.8,25487.7,19755.4,22530.1,22240.2,22076.2,21182,24617.6,25706.1,25306.2,21223,20755,23936.4,25640.8,19398.5,21488.5,21014.7,20615.2,22507.1,19603.5,19792.4,25815.1,26321.5,24428,23785.5,22395.2,23535.9,24644.4,24579.1,24465.8,25439.6,22252,29705.8,28352,34162.9
35277.4,31880.3,24271.3,26932.4,23392.4,24018.2,23744.6,23955.5,24237.1,23603.7,22311.9,21618.3,19629.7,20786.8,23248.9,24299.5,24147.4,22502.6,20627.5,21108.6,20157.4,20288.6,23160.2,20770,19096.1,17813.1,20675.1,21730.2,19020.6,21317,23926.2,20645.9,19653.1,21580,20100,18034.3,22837.8,22358.4,22988.7,18292.4,21957.5,17209,20953,18971.7,17654.9,22544.8,18544.7,17561.8,22042,22820.3,19748.5,21987.5,18434.5,23143.9,18358.3,20913.1,18825.6,22641,19497.7,21292.5,21030.1,22853.5,23299.4,18345.3,20834.9,21502.5,18155.2,22464.3,19674.3,21363.3,20129.2,18480.1,22416.4,18361,20331.2,23180.3,19685.2,19950,20206.3,21194.6,21152.2,23132.8,17818,22228.4,19421.9,24080.7,22530.6,24009,22866.5,17967.6,19221,23644.6,23738.7,20171,19454,22198.6,18895.3,23428.4,20286.1,20022.7,21366.3,20238.2,17625.8,19681.6,22029.2,18778,23200.5,22802.7,17665.4,22897,23431.5,23556.9,18452.7,19611.1,17597,22672,17580,18390.4,17663.3,17952.6,22148.3,20482.8,21086.3,23313.3,21300.3,21283.3,23971.5,22133.4,19538.6,19529.3,20402.6,21240.2,22424.1,20137.7,22077.9,21291.1,20649.1,21863.5,19141.4,21531.7,19424.3,20343,19425.9,18384.9,17618.7,17597,20354.8,19041.7,21345.8,22670.2,23373.7,22744.8,21785.4,23563.5,18299.9,23143.7,23915,22670,22974.3,23966.9,23884.2,19495.3,18097.2,22262.3,19263.6,21149.8,22068.4,22399.5,21335.1,20228.1,23847.8,24053.3,19273.1,23750.1,23480.2,20939.3,22769.2,22354.8,19090.4,23819.2,21553.1,25648.4,21578.2,19549.5,21950.6,23711.7,20336.1,24016.4,23230.1,21009,24972.6,21237.7,19483.7,22141.9,22247.2,22433,22379,21539.5,22032.4,20339.9,24868.5,24682.6,18622.2,24819.5,21242.3,22774.2,24158.2,19156.2,23938.9,20031.9,22576.6,24831.8,20690.3,22619.3,24521.8,21527.1,23009,19462.3,22887,20840.2,24706.6,23387,24025.2,24462.5,22597.8,18589.3,24829.9,24120.1,23846.8,18178.4,20245.8,20696.8,19307.6,22318,19596.8,18806.5,21781.3,20500.5,18714.3,22661.5,23312.7,21520,20014.1,19822,22415.2,18431,19379,18843.3,24153,20248.9,19892.9,23274,19014.3,23863.9,19653.9,21694.3,23540.7,22889.9,22822.8,21022.3,21869.8,17921.9,22133.9,19337.7,18857.5,18576.4,19921.8,19293,22863.3,18905.7,19583.6,20110.4,21412.8,22012.9,22007.1,23538.2,22417.1,20689.5,22575.6,19469.4,18279.2,19002.3,20198.1,19823.6,23264,17260.3,19963.5,22684.4,17541.5,17251.2,23410.5,17910,21029.1,21825,22326.3,23320.3,21557.9,20150.3,19636.8,24056,20871.5,23454.8,23227,22093.5,21232.6,20469.5,19483.3,18292.1,20828,18100.2,18336.7,21161.8,22920.7,19035.6,21222.3,21358.9,24473.6,20578.1,21762.1,22082.2,21583.8,20480.6,24888.1,21747.2,25566.7,23361.6,22131.1,20905.6,20459.2,22111.5,23893.1,20644.5,22151.8,25473.3,25199.2,24969.3,24584.4,23505.9,21198.8,26180.5,26149.3,25190,21023.2,21043.6,22420.1,24653.9,24885.8,24988,21749,19618,20853,24743.7,20193.1,20602.3,20160.8,22713.5,21693.2,21268.4,21933.7,21378.5,20566.7,21384.4,25122.2,19412.5,23593,22493.5,25410.8,22081.1,20685.9,21808.1,23257.5,20760.5,19535.1,23526.7,19650.8,26496.8,22442.4,23702.4,23126.6,20886.9,25894.4,29792.2,30508.3,33423.9
35616.3,31661.2,26200.1,21819.7,21329.6,22371.5,22593,20247.3,18864.1,22380.4,19690,23712.5,22016.3,23185.6,19577.4,22454.9,23861.6,22409.5,21331.5,24037.4,24298.4,21232.1,23253.4,22346.7,18889,22004.8,18074.4,22938.3,23517.8,21235.3,21678.1,23604.1,20874.6,23574.5,20558.8,22659.4,23212.5,23438.8,19339.5,19542.6,22845.8,23569.1,20701.1,21061.7,22281.7,20341.4,22767.8,18306.6,21979.5,22608.1,21814.5,22766.7,23735.1,22248.5,17827.6,22945.2,22834.7,19277.8,17679.6,23255.3,17855.4,19092.3,21160.1,17944.4,19881.2,20469.8,21646.1,20319.8,19815.9,22103.6,18238.7,17757,22023.4,20274.3,19961,23171.9,19021.2,19608.9,23455.7,20414.3,21834,22362,22039.4,17572.3,17911.2,18734.8,22137.6,20256.6,24056.5,19844.2,22746.8,22127.2,20743.8,17966.9,17814.3,21426.5,18861.2,23483.2,18222.8,23764.1,22129.2,18891.4,22545,22428.8,22739.2,22226.3,20536,17781.2,17329.9,21791.5,23857.7,23444.7,18642,22209.6,17107.4,22634.4,22225.6,21510.6,22245.1,17600.2,17559.6,17461.7,19483.1,22271.4,21312.4,21615.6,20381.3,20589.9,22266.7,22984.6,20852.5,24433.7,24718.6,24595.6,22532.8,20725.4,18665.5,18025.4,20831.5,22379.8,21074.5,21129.8,21833.9,17553.9,18768.7,22943.4,20968.4,20537.6,18841.7,21000.9,22147.4,21289.9,19382.9,17369.1,20512.5,18140.7,19462.2,20058,21775.9,23018.9,20601.7,23986.6,18540.3,22565.7,19446.4,21234.4,22595,21566.6,19251,22598.5,22541.1,21811.5,21130.9,22208.9,22967.1,24502.2,19126.8,23239.5,25132.5,23187.4,23167.6,22598.9,22541.1,19844.4,24766,23156.8,23439.5,21916.2,22026.3,25815.5,21100.4,23459,20702.3,24400.6,21726.2,20951,19719.5,20518.8,22275.7,25053.5,21877.1,21967.1,23242,21090.9,20850.7,20951.5,24660.4,22834.8,20754.7,19827,22354.7,20199.2,22617.1,20967.8,23411,20535.7,19655.4,21037.2,18373.4,21979.5,20930.8,23099.4,24244.5,23418,24752.8,19978.8,21244.4,19375.5,19737.3,18997.8,22488,18494.3,18218.5,20657.1,24397.2,23414.7,24307.4,23755.6,24360.3,20547.9,20180.4,22814.8,23256.4,19397.1,23735.3,21924.6,20367.8,23829.2,23529.1,24721.6,18243.9,21944.5,23630.5,24594.1,19738.4,22751.7,18636.6,22891.7,20679,22053.3,18526.6,19697.7,22721.9,18229.4,17239.7,21820,23457.3,22195.8,23157.9,20302.8,20531.4,18048,21704.6,22206.5,19635.9,18378.9,21439.4,21352.3,21791.1,17495,19223.7,23950.4,23412.7,19647.9,22829.1,19838.2,22671.2,21126.2,19091.1,18548.6,22948.1,23391.4,20129.5,19932,20687.7,18293.4,23853.6,17939.8,19978.1,19094,18245.2,22571.8,21719,22984.9,22615.5,18665.6,21913.6,18125.6,18132.7,18839,23244.1,19848.5,18738.9,24468,18706.8,21995.4,19836.2,20519.8,25297.3,20744.8,20006.5,25799.7,19561.3,21056.2,22308.7,20939.8,19578.8,20220.2,20515.6,24337.9,23495.1,20818,23524.2,26377.5,24863.4,23979.3,25121.1,20172,21385.2,22245.6,22056.2,19796.2,26274.4,21502.5,24200.3,24771.7,24173.1,20957.9,25744.4,22061.8,21088.1,20076.8,22793.1,22368.6,23698.8,23382.5,20665.6,19880.6,19741.2,21897.4,19585.7,23768.5,21208.3,23022.5,19831.3,24965.1,23814.6,23105.6,20228.6,24495.7,22524.2,21064.9,22716.5,22101.3,20935,22066,23240.2,24874.5,22931.3,21543.1,24019,30052.9,26811,31934.2
32681.7,32456,28080.8,25478.2,26645.5,20841.2,20743.7,18899,19592.4,20235.5,23557.1,24394.9,18850.8,24519.4,23286.6,21121.1,23078.2,20688,19634.6,22903.9,21065.6,20421.9,21131.7,20165.4,18019.9,21171.7,19418.9,18789.1,18376.8,24098,22057.5,20283.8,19256.8,22912.9,22848.9,23584.7,23776.4,17851.8,23434.8,19587.8,21076.6,23025.9,20996.5,23480.7,20632.5,19817.6,19225.2,20713.3,22744.9,18043.5,18135.9,22634.2,22320.4,19118.3,20263.7,17195,18611.8,18635.3,17982.4,23288.3,18044.2,21595.2,21893.5,21740.1,19548.6,17239.3,22866.5,22422.1,19861.2,20076.2,23688.5,17958.3,20453.1,22224.2,17686.3,19577.6,18334.5,22525.3,20024.9,18499.7,21163,18644.6,18072.7,23216.1,18193.7,18358.4,18410.3,19140.8,20716.2,24282.1,22185.8,23904.2,21623.6,18216.1,18736.5,21877.8,23923,21931.3,21176.8,23373.2,22179.8,20763,21189.7,19244.5,21443.3,17141.1,20439.5,17918.2,22977.4,22396.4,19165.3,22544.8,19636,21768,21656.1,19773.5,22641,22815.7,21041.6,17666,23495,23281.4,21613,23777.4,20361,24014.3,24373.5,19589.2,22049.6,23692.9,23154.6,23485,19157.6,21367,18143.9,22294.1,19202.9,20662.3,17564.7,21302.2,23394,17538.8,22541.6,17604.1,18164.8,22509.2,18915.5,18410.8,20863.8,17632.3,17600.1,19673.6,23928.4,19476.1,17577.5,22884.6,18722,17685.4,20873.3,22326,18333.2,23098.7,19643.7,23916.4,22290.1,22014.8,19366.4,22269.3,24147,20329.7,19187.4,22578.6,22395.1,22071.2,24863.5,20633.2,25153.9,25382.8,19904.9,21179.9,24362.4,20047.4,20141.6,19520.8,23618.4,23615,25293.5,20989.3,23948.6,24321.5,24793.7,20736.9,20218.2,20982.7,19826.3,23309.2,21088.6,21745.3,19962.1,18936.6,19583.2,20552.8,24974,18945.8,19806.8,19300.3,21812.4,22487,19494.2,23648.9,21092.5,24661.1,22402.5,21924.4,20981.8,19135.2,19291.6,18983.9,21417.7,20087.6,18763.1,24339.9,18845.5,23233.1,20548.2,20586.8,24689.5,24132.1,19612,21101.4,23928.4,23562.9,18933.4,22544.9,23315,20645.9,23474.5,18996.4,19356.3,19117.3,21609,19793.1,22365,22296.1,20151.9,19835.3,20867.8,23025,19034.9,21185.2,20204.1,20552.4,19517.5,21532.1,19515.5,21274.4,21251.5,21378.9,20651,19328.3,21013.9,20538.8,23071.2,20498.9,20352.9,22246.8,23316.1,19801.3,18304.5,20184.2,19363.6,23922.8,19600,22342,19350.5,18311.8,18926.8,21471.5,23680.6,17611.6,19290.4,18204.2,22504.3,17991.6,17579.1,22880.2,21467.2,23392.7,22342,21371,17409.9,21612,18515.1,23568,19975.8,21845.9,19035.9,23828.7,18759.5,22937.3,20101.3,24151.4,20137.2,20408.2,20093,24124.2,21039.8,24493.5,19501.1,24146.5,18966,25116.7,19296.7,25170,22492,18632.9,24818.1,18873.6,22311.8,22434.1,22274.1,21998.2,21307.6,19714.3,20214.9,19444,23098.8,19797.3,21678.7,22812.9,24700.5,20006.3,19937.9,23059.9,26099.6,25677.9,26088.6,25654.9,20360,20178.1,23922.3,20987.8,20346,23304.2,26280,21992.6,21364.5,23549.7,19978.9,23924.3,20730.6,25415.8,25228.7,25931.1,25000.7,25298.1,20769.4,23364.4,20392.9,19959.5,20823.2,22803.8,23812,20443,23692.8,24758.3,25733.5,25879.2,21165.6,24579.6,24404,19821.6,22537.8,22777.8,25368.3,19720.1,23042.7,26015.3,20726,26578.6,25740.9,24807.7,30222,37707
31515.5,28531.8,29308.1,27510.9,22641.2,20527.1,19243.6,20387.8,18684.1,18448.6,21327.6,22526.3,19260.2,19825.5,19870,22858,22167,23718.7,20762.4,21472.8,19616.4,19543.6,20893.2,20952.7,23111.9,21230.1,17826.2,21379.8,20607.8,22970.4,20709.7,22633.5,23318.5,22727.1,19911.9,18656.2,24075.9,22311.9,23590.5,18610.7,22221.3,18375.5,21759.7,18580.8,18743.1,21854,21135.6,17793.7,23423,20951,20237.5,20485.1,19452.6,19993.8,22098.9,21220.6,17412.1,19279.1,18762.9,20308.7,18742.8,22958.5,17442.6,18227,20434.2,21137.6,20579.2,21645.8,18650.6,21671.3,18899.5,22211.7,21409.9,22651.5,23892.4,21330.7,18894.5,18967.8,19179.6,22674.9,18688.1,21437.6,19235.5,22615.8,19819.4,22917.2,21573.2,22274.9,21107.5,22398.3,19631.3,23861.9,23725.4,18639.9,21114.3,18984.5,18007.3,23972.9,18945.3,22789.6,23588.2,22286.4,22340.2,19182.1,20578.1,18900.1,22314.3,17944,17977.6,18150.1,19310.2,22774.7,19187.4,18302.4,20350.3,17802.4,20090.6,22172,18725.1,17685.4,18023.3,23411.8,23153.2,20769.8,22714.8,19179.2,19464.6,23701.9,21936.8,22938.9,24874.3,20675.4,19724.6,23810.5,24400.9,24197.3,19700,21088.2,20925.7,21454.6,18666.7,22788.8,23447.6,18261,17363.1,17984.6,20631.6,20579.9,23035.7,21195.6,21420.8,22705.1,18753.2,22217.4,20979.9,22288.5,23815.4,21005.2,23362.4,18258,18924,20217.4,19760.3,21418.6,22283.8,23889.4,24421,20958.9,24719,19567.4,24306.1,24091.8,21611.5,23355.3,22952.2,21551.5,21170.2,21023.4,24850.5,25343.4,23664.9,19246.4,20400.5,22554.1,24231.8,23853.5,23670.3,23848.4,22065.4,21227.4,19700.9,23712.5,22493.3,24864.9,23815.1,23859.9,23199.6,20665.2,23668.3,24790.2,25004.3,24467.6,24883.2,20633.4,21908.8,21416.6,24555.8,19336.7,19864.3,24110.1,21727.6,22504.2,22379.5,23923.1,22656.7,22495.9,21806.7,23238.7,22537.4,24595.2,18981.1,21713.2,24428.3,20240,19481.3,19034.4,23771,20312.7,22930.8,19949.3,20863.1,19177.5,21100.7,24360.5,19510.1,22408.9,18682,23032.5,23575.1,23726.7,19977.4,22197.6,18790.9,20397.1,22406.8,24705,23468.7,23459.7,21309.5,22350.6,23690,21953.6,21464.3,18080.3,23136.8,22350.4,20910.2,18826.2,22140.3,20391.7,22772.4,21889.2,17265.1,23054.2,20203.7,22797.3,20334.2,22632,23078.6,20355.4,18988.4,18280.9,18377.1,20824.1,24003.4,20993.3,23775.4,23666.6,17837.2,22045.9,23525.6,21185.4,17943,20069,23003.7,19563.8,20933.5,22101.6,19155.7,20341.6,19345.6,18008.8,22917.4,24066.7,21878.2,20847.6,24029.9,24170.9,23850.3,21815.3,21360.3,21318.8,20701,22729.7,22591.2,20630.8,22527.6,22440.1,19107.8,20316,20743.3,20999.9,22148.3,24443.2,19939.2,20150.1,19768.8,23573.5,24262.2,22681.5,23396.8,19941.8,23700.5,21317.5,22713.1,23763.5,19976.5,23489.2,19628,24884.4,24740.2,22169.2,25218.4,22193.2,23320.1,22695,23822.8,25199.4,25005.9,20634,22581.3,24162.2,23630.2,26053.7,23766.6,24789.1,23003.6,23242.3,25533.4,25816,23069.9,23208.6,24566,20766.8,22502.5,20289.3,20045.8,22112.1,23473,21673,23528.5,22575,21995.7,21022.3,23962.8,22394.4,24415.2,22407.6,19691.8,25600.9,23896.3,22893.9,19674.7,26094,23965,20665.1,20508,23429.6,23232.9,22422.4,21937.6,29341.4,28284.2,32151.8
37175.9,32373.7,26294.4,26113.1,23601.9,24004,19415.4,24735,23717.9,22502.4,22435.9,18002.4,22588.2,20019.5,20604.6,20179.9,23025.2,22033.7,18708.3,19834.9,20038.7,21284.9,22249.3,24039.7,22331.1,20748.7,22852.9,18675.4,20334,19685.3,23122.1,21712.9,22099.1,23920.2,20133.7,18849.7,18512.8,19314.2,21120.9,23620.7,19509.8,22053,19154.2,19026.7,18476.2,19160.3,21152.2,23401.7,20395,18117.3,22349.8,20667.2,23480.5,21168.5,18549.4,23187.7,19275,23043.1,20018.9,21846.9,18230.7,17611.6,17570.8,18795.2,20885.5,20219.4,20655.7,17725.5,22595.7,20814.6,21840.5,18809.4,20947.8,19340.2,19941.7,18360.2,24199.9,23408.8,19350.4,21220,19345.9,19017.2,19493.2,18372.9,20044.7,20493.4,20823.2,24444.8,20900.6,17947,22359.7,22415.6,21044.6,18057.4,18410.5,23226.9,21234.7,17979.9,23633.8,18803.8,19798.7,21633.6,22850.1,20264.7,20838.4,16947,22275.2,23189.9,20042.4,23361.2,21455.8,19926.4,18671.4,23499,17353.4,17652.7,18466.1,20298.3,19108.8,22584.7,19130.5,22990.1,20723.5,18926.6,19511.9,22575.9,18393.6,20904.6,19203.8,18894.1,20445.5,18320.2,23978.7,24331.5,19934.7,20748.6,17674.4,17483.8,18872,21294.7,20229.1,17510.4,20626.2,23030,22883.7,17788.3,20364.1,23277.6,21189.9,23348.5,18805.9,19545.8,18256.6,18812.8,20880,21299.4,21323,19497,22799.5,22650.2,22502.8,22482.3,21264.5,19092.5,20791.3,23150.6,20035.9,23526.6,19965.4,25299.6,23319.5,25084.6,24591.3,21965.6,22108.4,22290.8,25124.1,19785.9,22700.1,21348.8,23103.3,24607.3,22757.7,20354.2,25143.9,23465.6,25666.8,19435.3,22167.3,22457.5,20412.4,22663,21029.5,20423.9,22696.6,23410.1,20361.3,23057.1,19858.9,19540.7,21383.2,20762.5,18818.9,22637.2,18830.1,18941.3,20623.5,21455.6,20747.9,20766.3,22724.6,18770.6,23929.9,23408.1,22450.4,22913.4,19739.7,24146.9,21811,21488.9,22572.1,23827.9,18395.2,18200.9,21904.5,18813.8,20548.3,19516.2,23773.1,24557.5,22132.1,18426.1,20195.9,24402.8,20745.8,18765.5,22421.1,22135.7,5704.8,18660.4,22057.1,22538.6,19068,18503.8,22615.4,24571.1,23899.9,23478.9,24402.1,21039.7,21660.7,21641.2,24427.5,24040,19409.1,21820.3,20682.7,19812.1,21750.8,22325.6,19187.1,20098.9,18314,19342.9,19303,20197.8,24101.1,22808.2,19214.1,22550.2,22015.8,20647.7,22111.2,21040.2,21562,23760,19685.3,24139,23847.8,23837.4,17628,22625.5,19664.6,21207.6,23018.1,18685.6,20346,17948.6,22942.9,22041.6,20918.9,23605.1,18386.4,20457.7,21070.4,20702.5,19134.3,19235.8,19539.2,19903.1,20897.7,19508.7,21113,20899.6,18611.4,19224.4,24178.6,22089.5,23254.5,20466,19037.7,24257.1,22914.8,21808.8,18985.3,23367,20039.2,23998.7,24258.7,22431.4,23322.1,24816.8,22766.6,24307.2,23915.2,25822.5,21362.8,21523.7,25794.1,24856.1,22158.7,26456.6,25703.3,24925.6,24132,23439.7,24552.1,24601.4,24189.1,25969.6,24976.2,23981.1,21250.9,23189.7,21962,22951.9,23102,21368.6,23998.9,26042.5,24070.6,25482,24281.9,20732.5,20759.4,20204.7,21559.3,24601.9,20430.9,25387.3,24911.4,22842.5,19781.5,21015.4,24100.6,22796.1,24066.6,23653.7,25756.9,20825,25500.3,22884.2,21769.4,25170.3,19936.9,21159.4,24424.4,22037.1,23398.8,20677.3,24713.3,30194.2,31692,37126.4
33445.4,31979.4,24373.8,21766.9,23644.6,22452.7,21955.5,22038.1,20289.7,21748.6,23607.2,22813.5,19090.3,23430.9,22164.7,19264.3,19009,21295.2,22746.8,20428.9,21325.6,23415.4,22234.5,21066.8,20481.4,19140.1,20664.5,18484.2,18423.2,23012.6,23493.8,23628.1,24236.7,21143,23803,22585.8,19613.4,23363,17821.3,18306.3,21064.9,20683.1,19037.6,18849.7,17627.2,18216.9,23493.3,17347.4,21201.7,18426.1,19462.8,18932.7,20624.8,20627.9,22878.7,20570.6,20231,18681.9,22229.4,20574,21684.4,23201.5,17490.3,23416,22752.4,22079,19474.3,19066,17517.2,19120,20467,22158.2,20985.9,23349.2,21711.6,23065.3,18277.9,19185.8,24446.8,22830.7,24116.9,20702.1,21554.7,23332.1,19071.9,19211,19374.7,20809.2,21114.1,18488.9,19253.8,19862.6,23889.7,23813,17645.4,20071.1,22235.9,18365.9,23829.1,22964.3,18974.6,17588.7,17735.3,18365.5,23402.5,21165.6,22302.1,19723.8,17768.7,18808.4,18488.6,22693,21258.4,18122,22205.7,19178.2,19055.8,23613.1,17577.5,17902.3,19005.3,20025.2,19450.4,18424.8,17932.3,21549.6,20763.8,23277.1,21783.6,24776.2,20212,22519.6,24574.2,18684.6,24671.9,23239.4,21012.3,22410,17593.3,21195.3,19450.3,20100.2,20129.3,17330.8,22999.6,20618.9,21862.5,23061.7,18839.1,20381.5,19852.1,21241.5,18953.6,17980.3,17554,17031.8,22364.2,17789.2,18745.5,19378.9,20176,18617.9,23481.1,19573.4,21931,18852.6,23524.7,18772.9,23714,24298,24053.2,24627.5,24029.1,20017,21384,24078.2,19370.2,19820.7,23610.9,21078.3,22038.7,23419.7,19923.5,23497.2,19735.7,23217.9,22604.8,25108.2,25131.4,22907.5,19497.1,24296.9,20680.8,20533.7,24474.2,21111.4,22170,25257,24585,24968.5,23903,20247.9,18782.5,24868.3,22822.3,21756.5,22956.5,19084.7,21328.1,20756.4,22707.8,23749.8,23884.9,22267.7,19451,18853.1,21591.4,21523.8,22699.5,21346.2,22500.6,18306.9,18407.7,23880.4,23506.8,23365,21244.7,18561.8,22223.4,20515.3,23613.2,23056.3,19151.1,21641.2,23441.6,18497,24117,21644.3,22741.8,18671.2,22413.5,18496.6,18888.9,23571.4,19800.3,21340,18843.2,24301,21958.3,21636.5,20377.4,22018.4,23221.8,23363.4,23817.9,22947.7,22992.3,18104.8,19693.7,22467.9,20961.9,20524.5,18333.2,22565.7,17881.4,23806.9,22323.5,18106.2,22160.7,19799.7,23891.1,23177.4,20483,21546,21231.6,19484.5,23310,18496.7,21421.3,19110.5,19478.2,22129.5,22317,20364.3,19617.2,18851.9,23795.9,23057.2,17702.4,23246.9,20430.7,19309.3,20778.8,17989.5,19363.7,20654.8,19146.3,22381.4,23053.8,20919.2,22810,24218.7,18768.6,18436.2,18979.9,20859.8,19598.6,22294.9,21638.2,20302.2,21127.9,21518.2,22167.3,23003.2,22837.8,23208.6,20997.2,22111.2,24777.6,24751.5,23596.7,21276,24428.4,22941.9,19623.2,25202.4,20805.8,24379.1,24535.6,21749.4,23886.7,22107.3,22698.4,22827.8,21899.2,24309.9,21609.6,24350.7,23985.9,23091.1,24401.7,24562.9,22618,26630.8,24243.6,26258.4,22361.7,20301.6,23371.2,21689.5,22104.6,24582.3,19929.2,19636.3,22305.7,23871.7,24941,23392.3,23690.8,23720.8,21322.1,24657.7,24839,19346,21137.6,24676.6,24088.3,20061.1,26060.8,21906.8,21051.4,25442.4,24086.3,20227.4,21717.9,23556.7,24377.7,23938.4,25898.3,26744.7,24432.9,25403.2,32373.9,32821.4
35155.6,30518.1,25062.4,24885.4,25562.9,22448.2,19768.1,19665.2,19241.6,18315.7,18263.7,18378.2,21177,21846.8,19867,21874.2,18102.4,18349.5,23267.2,19125.7,21978.6,19294.3,21465,23364.3,23930.4,21274.9,23440.5,19604.8,18872.9,21738.6,18485.1,22915.6,21161.1,21271.8,23163.1,22941.3,19058.5,17802.2,21457.4,18434.7,23484.7,22251.7,18161.5,17513.5,20136.8,22573.1,23329.1,22142.1,21496.4,18636.1,23403.9,21530.6,19972.8,20754.2,18607.4,19677.1,19326.3,20815,18375.8,19429.6,22931.6,22784,18503.3,19753.2,17405.4,20280.7,18354,23266.7,21904.9,22246.2,19457.1,18906.9,20383.9,18068.3,23958,23557.6,22250,18393.4,22532.2,20802.5,21493.9,19797.9,18502.5,21183.7,22378.5,22280.8,22061.2,20462.9,23423.6,19235.3,24496.2,20160.9,24043.8,21311.8,20521.7,20012.9,20954.1,18920.5,23531.5,24023.9,23360.3,18972.2,18670.7,23493.4,19665.5,22537.3,22866.6,23735.1,21664.5,19954.2,23665,20884.7,21559.7,21666.5,21993.1,19963.3,18527.1,17598.8,20384.4,18749.3,21819,18499.4,23457,19544.5,22624.8,18638.1,22825.1,21170.5,20664.3,18573.8,19556.9,18936.4,22414.5,19490.8,18206.3,20061.8,20398.7,22353.2,18347.3,23293.7,17221.5,17749.8,20242.3,17730.7,19694.3,22271.8,18627.7,19292.3,18870,20134.1,18071.7,22894.3,22697.1,19222.2,16949.1,22856.4,22765.9,18751.1,21771,19833.9,18142.5,22976.8,23803.9,23700.8,20690.6,18657.1,23341.6,22520.1,24269.1,23697.8,20886.9,23189.3,22868.4,24676.1,20349.1,20432.7,20101.7,22734.4,19062.4,20712.8,22029.1,25162,24061.3,25681.8,25015.5,24542.2,25772.8,20621.6,25613.2,19976.7,23396.6,23345.7,23532.4,22425.9,25623.6,20074.7,20147,19237.7,19051.4,24814.3,22469.1,19644.6,23043.2,23698.8,22736.4,24320.9,18946.8,24146,20220.8,21205,22048.3,19005.7,23753.7,24795.4,18559,19419.8,24839.8,24168.6,21038.9,22943.9,23612,19066,21047.8,22522,18858,23668,22741.6,22338.6,24680.7,23448.6,18049.6,19113.1,22282.9,22024.5,21254.5,22557.3,23084.3,18925.9,20017.7,24181,23249.8,20590,19499.3,23579.5,20399.3,21182.5,19932.2,21394.1,24907.9,20743.1,22639.1,19331.9,20202.3,21590.2,19014.3,19552.6,23989.9,23324.8,19420.8,22464.6,18554.1,21146.5,20596.5,21150.8,20811.5,18795.7,20748.9,19538.7,22175.4,23749.2,21210,20351.2,23809.8,20763.4,21541.2,24201.3,19579.8,21882.9,23246.1,22262.9,24071.2,23307.4,19009,17839.7,19679.7,18715.4,19662.3,18826.5,21600.1,22206.3,19127.9,19180.4,21641.8,18571.1,20723.7,21719.6,21465.2,22767.7,18731.1,19054.5,18468.5,19513.4,23479.6,23080.9,23662.3,18889.2,20268.9,24062.8,20421.3,24486,21729.7,20202.5,20505.1,18552.8,20195.3,22192.4,23272.2,23735.5,23318.5,25322.3,23547.7,21436.5,19992,20750.1,23504.4,20802.3,22660.5,24880.9,25876.7,25070.1,21403.1,24281.7,20233.4,24505.8,25520.5,22007.7,25136.4,21608.6,24941.7,21259,25655.5,20442.7,21780.1,20382.2,26515,23590.7,25354.3,23675,21639.4,19918.7,21544.8,24170,19709.7,24669.9,21680.2,25353.7,25124,20051.3,24209.9,20494.4,25503.4,21613.8,20168.9,20122.6,20962,24080.9,24566.8,25911.4,23425.3,21555.8,22368.9,19761.3,24259.1,25533.4,24110.1,20131.3,25330,24064.3,21125.7,23583.3,26283,26162,32766,36580.2
34989.5,28345.3,26587.4,22321.5,21731,22954.7,23579.5,21999.6,18724.7,21726.9,20066.3,19597.7,19693.3,24362,19536.5,21782.2,21154.1,18585.4,24418.8,20285.8,21887.8,22192,18585,20930.6,17835.1,20558.9,22990.3,20916.7,22989.3,19411.7,23803.8,22240.6,24103.9,19756.2,21041.3,24172.9,17915.6,19984.9,23702,19228.7,17611.3,19445.2,20429.2,18958.3,21474.2,19632.9,22137,19860.2,22634,22876.2,22343.7,21255.5,17447.5,19915.2,18628,17534,22589.3,18559.2,23172.5,23165.9,20694.5,22031.2,18607.2,18830.1,22148.8,17744.6,17600.3,23663.5,21458.3,23622.2,22323,19965.1,21178.9,19731.2,22750.7,17994.6,18246.1,23384.1,20942.1,17987.5,21613.9,23698.4,19743.9,22742.7,18592.3,22040.4,20087.4,21378.6,22382.6,23137.9,23039,21602.7,23827.9,18236.4,18375.8,17813,22664,24067.1,19626.2,23695.5,23509.4,19628.3,19280.3,17228.3,20565,21644.3,18238.6,17888.7,21587.4,17485.1,17925.6,20520.9,21004.6,23675.9,17762,17413.4,18005.6,20526.5,19404.5,20126.3,21841.8,19773.8,23588.4,21227.6,21289.1,19965.1,22652.9,22294.7,24842.5,24675.8,20374.7,21834.2,24919.1,23478,22510.4,22879.7,20938.4,17422.1,23371.2,17977.8,20354,18723.5,18727.4,17391.4,18296.4,19422.3,23344.1,20289.7,23174,21556,22887.3,23008.7,23482.8,19504.1,17064.2,19959.6,20257.5,21611.3,21419,20967.8,23777,24021.6,24229.8,17957.7,19106.4,21778.7,20589.7,20487.4,20163,19815.5,20828.4,23447.5,24368.7,23706.7,20922.6,21281.4,25005.7,19894.8,21830.6,20454.8,24707.6,21353.5,23893.7,23690.5,21885.4,20187.2,25698.4,25215.5,25374.2,22221.8,21737,25102.5,23076,23137.2,25682.7,25183.5,21662.9,24337,23381.4,20396.9,24227.6,20929.6,19338.1,24688.8,22176.4,24446.8,20361,18610.3,24611.2,20148.1,23799,20818.1,21731.4,22882.1,20459.8,20677.3,18914.7,20731,23615.9,22148.6,24322.1,23339.7,22705.8,22210.1,21703.4,20639.2,22046,23010.5,20047.2,22541.7,18062.3,24267.3,23129,22738.3,19201.2,22033.9,21175,22075.6,18152.5,23817.7,21247.6,24316.7,19904.5,22032.9,18378.7,22059,23484.4,22073.7,20578,23227,19947.8,21645,24346.6,21327.7,24028.3,20873.3,20662.6,18026.4,22183.9,19099.3,19489.6,22223.5,17405.8,19542.5,19803.9,19038.2,20746.4,19336.7,19702.4,22072.4,22480.1,21145.4,20696.1,19482.3,24016.1,20563.3,20130.8,23113.2,23507.3,22553.4,22893.2,19811,21355.4,21008,20996.9,20374,23647.4,22541.8,18612.4,20316.4,19565.8,21779.4,20093.9,20610.2,21401.6,21104.9,19059.9,18867.3,23709.9,18437,18742.4,21410.4,22571.9,20705.5,18471.8,22117.8,23824.4,23069.8,18843.7,21133.5,22475.9,19548.5,23455.6,22429,21459.2,25047.6,22999.9,19667.8,21364.3,21439.7,24571.6,20316.3,24237.6,21597.8,22371.2,24441.4,20408.9,21562,26182.1,23989.8,23269.8,23336.9,20487.7,22499.8,26472.3,22886.5,21853.6,25072,25703.6,20180.5,25986,23158.1,20075,20244.2,23899.2,22697.2,19811.4,21167.7,19745,22064.2,23881.4,20618.1,25663.7,24468,22272.2,22838.2,24875.2,20665.1,21903.7,22931.5,20755.3,23567.4,19775.3,25579,22331.1,20389.8,24332.1,20850.5,23797.6,21739.7,21549.7,22321.9,25492.9,19851.7,25595,20896.6,23402.1,20121.8,23160.7,26601.5,23490.5,28224.8,29931.8,34219.9
35546.1,32033.8,29081.4,27414.9,24284.3,24607.8,23823,21638.8,18550,18499.7,23069.7,18075.5,19871.3,21257.9,19795.3,19738.4,24220.7,19691.4,22511,23394.9,18381.4,18313,23150.8,23666.5,19964.8,18127.9,18122.7,19763.6,18203.7,20413.1,23946.3,20683.4,23468.1,23779.4,23214.5,20052.3,20758.9,20685.1,21337.3,23879.9,19080,19032.1,20853,19093.5,23264.8,21600.5,23190.5,19847.2,20715,19256.8,21110.5,19322.6,23465.9,22865.5,21474.1,23425.1,22237.5,20399.4,18097.5,19965.3,18974.8,17556.2,18912.5,23509.6,22159.8,19935.6,17640.1,21591.1,17911.1,18167.7,19729.2,19547.7,18039.4,22707,18209,18082.3,18624.5,21053.4,22256.3,18818,19393.8,20276.7,21185.8,24382.7,24366.2,18169,22750,19956,22067.8,23542.4,24052.5,19286.7,20291,22383.7,19638.2,17973.1,23127.4,23652.9,21168.8,24047.6,24103.1,19178.3,23479.7,19719.1,20976.8,23640.9,23547.6,19144.3,21041.2,19248,22068.9,22947,18366,20600.7,23550.1,22594.5,19017.1,19256.3,22186,21462.3,17162.4,19570.2,24104.2,21472.1,20655.4,18396.5,22491.1,21706.9,18781.5,21369.7,22196.5,20457.8,25001.6,23904.3,19648.2,21873.3,22995.2,20317,22696.1,20027.6,21653.9,18652.6,19011.9,22545.8,22065.4,17658.8,21959.5,18157.8,20093.4,21325.9,17934.5,21879.3,20232.2,23137.1,20286.5,20240.3,17787.8,19246.1,19056.7,24075.2,18831.9,18383.8,19731.8,21568.9,21300.3,23015.2,19223.2,21157.2,23555.9,22640.6,20760.8,24118.4,24973.5,23987.6,21930.4,21894.6,20770.9,24355.5,21954.6,20447.8,19589.7,24505.4,23450.9,25156.5,21594.6,23682.5,20372.6,23633.8,22844.2,24498.3,23879.4,21855.8,20569.6,25028.1,23775.6,25590.2,19534.4,18794.5,22307.1,23720.4,19672.7,20957.7,25219.4,19281,19145.2,20199.8,22071.6,21033.6,20571.6,23825,21053.8,24596.4,24813.4,20754.3,20843.3,19911,20032,24807.3,19332.4,20668,23804.5,20684.7,18680.6,20730,18477.5,23532.4,18940.2,19602,24084.3,23892.2,23644,19730.4,18949.8,23036.3,18451.5,22278,20307.6,19668.3,20582.7,19512.6,20647.9,21805.3,19632.2,20027.1,18724.9,23750.7,24982.9,24058.3,21764.6,24365.1,22573.2,22998.4,22296.9,22751.6,22593.1,22872,24344.4,21915.6,24205.7,23341.3,22325.7,19414.9,17615.4,19080.5,18245.1,17652.4,23256.5,20665.1,21478.1,23889,19323.6,19232.9,19819,21687.4,23711.3,18821.6,17843.3,17909.7,20489.9,21116.2,19964.4,20252.6,21413.4,18198,18367,18105.3,19908.1,20191.4,20546.4,18820.5,24641.4,23721.1,22880.4,25097.5,22654.6,21212,22500.2,22911.7,22660.4,22022.5,19166.4,24322.6,21462.8,20692.4,22859.1,21511,23549.7,20070,21538.6,24541,19782.4,24958.5,23521.8,20420.2,19323.6,24284.8,22561.1,20553,20521.7,21928.5,21920.6,19430.2,20987.6,23125.6,20753.1,23230.2,21196.1,23862.4,25060,26194.5,20044.2,26307.1,26012.6,21084.7,25493.3,26255,25581,20406.3,20746.9,26270.9,21987,26322,22044.3,23169.1,26522.9,26284.8,21594.5,25983.9,21486.5,21210.5,25603.4,19462.1,19140.5,25330.4,23418.2,25930.4,21210.2,22327.7,21317.4,21076.3,22726.5,21758.8,21575.7,25251.9,19767.8,21956,22022.9,20198.7,26034,26302.7,26353.5,22580.2,20737.9,25176.1,20811.1,21975,25846.8,23937.5,25951.1,22003.2,27613,27280.5,29949.1,31930.4
30908.9,31895.6,27406.8,22591.3,25414.1,23242.6,20468.9,24432.9,24087.3,24287.5,22681.6,18306.4,22102.9,23801.4,21488.7,20448.3,21855.2,21194.5,18905.6,24309.1,19869.4,19339.4,19476.9,22638.4,20943.7,18563.9,19341,20479.8,23274.1,19708.4,22672.5,19982.3,24194.7,18704.4,21251.7,19181.9,18700.1,18381.5,18564.1,19937.1,21477.8,20685.8,23400.5,21906.6,19571.5,20122.3,22152.5,17412.4,22719.7,20931.8,22950,21199.8,20708.6,19736.9,19243.5,23458.1,21537.8,21658.4,22138.8,18597.6,20394.8,17970,19240.1,22747.4,21812.5,21047,22005.9,20376.4,18911.9,19579.8,20843.2,21247.3,21627.6,23607.5,19369.9,23949.6,19140.3,20436.8,21415.6,20474.5,22281.9,21952.9,19749.2,20255.9,22491,19766.3,22778.4,23779.8,19234,18209.3,20109,19170,21014.6,19393.7,20992,21260.4,20423.6,21432.8,24170.7,18917.5,20070.7,23466.7,22495.9,18884.8,17700.2,21631.2,19490.2,23317.4,18107.1,17661.3,20181.1,21064,23053.5,21551.1,18716.2,20339.6,21836.9,18876.9,20470.8,23563.7,20504.7,17487.9,23447.9,21558.3,22230,19278.1,23348.7,18943.3,18891.6,18515.1,23358,22175.2,19000.8,20308.8,23651.9,23452.5,23482.1,20844.2,17294.8,20257.2,20077.9,20967.8,17987.1,18064.2,21916.7,21484.1,20352.5,20636.5,19703.7,22117.5,18072.4,17810.6,23624.9,22823.7,18520.9,18430.8,17855.4,21191.4,20711.3,19072,21556,20234.2,20718.8,23558.8,22449.4,21795.8,20698.6,22001.2,19314.2,23579.9,21856.7,19788.3,25338.3,23946.2,22422.7,21907.3,23346.3,25257.7,19965.2,19214.3,19944.3,24001.6,22466.9,24421.6,21668.7,20997.4,23924.2,24351.9,22843.4,22893.3,25254.9,24908.1,20259.7,19384.2,22589.1,19322.9,21819.8,25093.6,20417.4,25214.8,20010.5,25026,20472.6,19313,24516.3,21520.6,24052,21572,23290.8,25091.4,22257.7,19613.9,20300.3,24518.8,23301.4,19982,23135.3,24432.6,23378.1,24418.8,18407,21581.1,22324.9,19190.6,20103.1,21251,19514.3,21882.5,24696.8,19490.1,23066,24062.9,21974.3,18602.9,23291.6,20920.1,19332.3,18894.8,23927.1,20043.6,21895.1,24131.2,19751.5,20109.4,18158.1,24427,24215.8,18574.5,23135.6,23539.8,22456.6,24713.2,20513,22252.9,21984.1,23302.9,22036.4,19928.2,18169.3,21182.4,18042.6,17937,23146.1,22255,17573.4,19648.5,23928.6,24504.1,19822.4,21833.4,21566.8,21561.8,22402.2,22231.3,18212.4,21490.3,21427.3,18259.2,22937.2,20077.6,20647.6,21364.3,22783.2,17607.8,19363.4,23329.9,18442.7,23883.1,23366,23738,24844.7,23274.3,25450.6,24780.2,24690.2,23600.8,23168.9,23605.3,23470,23719,23412.5,21633.8,22005.7,24002.5,23244,23434.6,22205.9,22317.4,24419.3,23713.6,20173,22185.1,22147.3,23382,23174.6,20533.6,19148,18782.4,18982.9,21758.2,19370,19018.4,18865.6,21903.2,22348,25739.4,22154.3,25296.9,26216.7,23285.7,20517.9,20652.3,21195.3,25948.7,22518.8,23705,20329.3,23549.8,23593.8,25802.2,21607.8,20099.3,26335.5,20290.1,24648.7,25531.3,24177.3,20337.4,20735.2,21149.9,25501.5,25743.6,20930.2,22145.2,23161.7,22855.1,20704.5,22939.7,23038.7,22513.6,24513.5,19628.3,19168.1,19416.9,20655.1,25124.3,25830.9,23174.3,24624.5,20998.2,20858.5,24842.8,25032.4,23586.4,21605.7,19797.4,25736.3,25911.3,21453.3,23552.2,27097.1,26721,27671.4,35522.4
34570.1,26919,28223.1,24079.4,25872.7,22337.7,21461.9,23773.9,24424.3,23901.9,22787.7,18097,21862,19287.9,23394.5,22997.7,21106.2,24042.4,22147.5,21797.4,19691.9,23510,20683.6,21963.8,20030.3,22783.8,22276.8,18535.7,21924,22494.6,22653.1,23805.4,18845.2,23950.1,20961,22170.9,20481.5,22665.9,21681.1,18825.4,21014.4,23269.8,22576.7,20817.1,18978.5,18429.8,18692.4,21818.8,19975.7,20530.3,22766.1,21091.3,23237.9,20745.8,19549,21595.1,23658.3,21674.1,20263.2,20126,18123.4,19149.6,22206.4,22681.1,19450.1,23603.1,20407.7,18742.8,21588.9,18011.3,19460,24156.2,20407.6,18401,21397,22395.3,23245.6,21291.7,23745.7,20618.9,20019.2,19085.7,24193.6,19028.2,19445.2,21943.8,20418.2,21277.5,24561.2,20100.5,19557.8,23434.1,18732.8,21200,20840.8,22261.7,21432,23529.3,18470.8,24102.3,21275.4,22691.5,19131.9,21246,20537.1,21525.2,20370.6,20143.2,18981.9,17422.7,20375.5,19730.7,20514.6,22599.3,21719.4,20100.3,17521.9,20527.5,22003.6,20034.5,22322.5,18744,21195.5,21743.4,23341.2,24493.9,22007.5,22663.3,22642.5,24343,19943.3,18620.1,23025.3,24691.8,22385.5,24371.3,22073.1,19184,19273.2,17399.9,20905.9,21731.9,19752.3,21752.2,17606.4,18597,20889.9,18416.8,18841.3,18792.1,22605.4,20716.8,18475.7,20236.8,19833.7,20398,23852.5,19564,22349.6,22498.3,18710.1,22137.3,20196.2,21703.3,20386.9,24690.9,23394.5,19898.7,18785.1,19616.9,22687.6,21876.4,21048.2,20992.6,20025.7,21452.6,24992.5,22401.6,19692.9,21020.2,21996.3,22662.4,22243,25692.7,19611.1,22962.7,24356.5,19841.8,22362.6,23261.4,21799,25201.3,22588.2,25916.6,22875,24465,21899.5,24027.8,25156.9,24799.6,20528.1,22994.8,21447.6,24052.5,21914,21602,19754.7,20668.4,19869.9,23016.7,22216.4,20354.5,19997.1,21764,24209.9,23975.3,23224.8,25081.2,23025.7,21563.5,18321.1,20649.7,23458.7,20532.2,24749.7,20174.8,19566.5,23643.2,20984.5,23903.6,20986.3,18527,18197.3,22075.6,22237,22174.1,20662.3,21730.4,19127.9,23894.8,19209.4,19443.3,18148.3,19980.3,19862.6,22610.1,20104.8,21388,20290.6,25310.9,20498.9,18644.3,24814.2,24118,24788.8,20783.2,21472.6,24044.2,19673.8,22809,19091.6,19060.4,20566.7,22301.5,21222.4,20566.3,22711.6,21227.5,19756.5,20951.9,19446.5,23387,21221.4,21170.8,21045,19137.3,20558.7,21161.3,21869.8,19803.4,21443.7,19030.7,22791.3,22321.3,23287.8,21725.9,23891.6,19389.2,19938.2,23500.3,21835,5744.35,27657.3,25438.7,21454.6,24520.6,23873.9,21746.3,21014.6,18821.7,17856.4,22536.6,23836.2,23424.5,20452.6,22589.8,22458.8,22674.9,22512.6,21630.9,18745.6,22417.9,24425.3,24554.1,19979.2,21572.9,20570.8,24776.1,23135,24111.1,20316.6,23871.4,21742.4,20064.8,20850.3,23364.1,24274.3,23680.1,23357,23982.2,23032.7,20747.6,20916.8,23677.8,24646.5,22115.9,21513.5,22204.6,20293.3,20363.7,26306.3,22310.1,23771.1,20825.4,21890.6,22283.9,22536,25024.1,24489.7,22537.9,21784,23829.5,22032,22999.2,21165.6,25933.1,20796.3,22728.7,22199.1,21892.5,24736.4,22593.3,22997.4,24120.4,19029.4,20214.7,20894.5,20904.8,20444.6,20875.9,22560.2,24209.3,25080.8,22571.5,21438.4,25899.9,20828.7,22663.3,25036.4,20433.2,21531.9,26428.6,30360.5,35473.4
35663.6,26748.4,24349.9,23469,22719.7,24626.2,19914.7,24731.3,24722.1,24719.1,22673.8,19032.2,23628,20453.1,18604.1,22092.6,23051.8,19547.2,23535.2,19629.2,20012,21763.7,24102.2,22978.7,22917.3,24272.2,21191.9,20484.8,19669.2,18709.7,19051.3,19896.8,20992.6,18812.6,18997.9,21895.2,23221.6,23730.7,21754.8,19959.1,18509.3,17941.5,18851.4,17707.2,18840.6,19036.4,20677.2,22813.1,17620.1,20735.9,20063.6,21978.3,23465.5,18718.2,17718.1,20564.4,19692.4,20606,21938.5,21348.2,18678.4,21668.1,20793.7,17280.7,22966.4,19201.1,22417.7,23868.7,19430.6,22300.7,18783.5,17886.2,18100.2,18659.2,20329.9,22407,19513,19088.2,21119.9,18483.2,21259.5,23887.9,19305.8,21088.6,19789.1,20291.5,21814.7,23441.9,18812.1,22493.5,20861.2,20223.4,17977.2,18480.3,24130.8,21688.8,20982.2,23435.3,21089.9,19236.8,22166,21642.6,21786.9,18125.2,19575.3,20993.3,19038.7,19994.4,21396.8,21641,18774.2,23389.1,21201.5,17246.1,17848.7,17256.8,23213.8,19321.1,20349.2,18374.7,17718.7,19031,19840.7,21565.5,21386.4,20319.2,23391.3,22656.5,21837.4,23105.8,24444.3,22479.3,21820.5,21181.7,22318.9,21580.3,17811.8,23185.2,19972.8,23193.4,22855.7,22378.8,19840.2,17331.5,19031.7,22626.5,22007.1,17751.1,21923.8,23671.7,22584.7,18038.4,18489.4,19989.7,15964.1,20000.6,20030.6,22239.9,18853.7,20769.1,23193.8,22796.4,19515.1,21701.1,21311.4,21882.4,21005.1,22190.9,20853.6,22397,20845.1,23686.1,20708.8,19095.4,20980.6,19378.2,21212,19014.9,19696,20801.6,22379.8,19633.9,23987.1,25246.7,23164.4,21055.5,24834.8,20228.7,20442.1,20698.2,23939.7,19600.3,19413.4,25663.4,21173,21793.8,19329.1,19286.2,21888.1,25200.3,22315.5,24115,21807.3,22853.2,23569.6,22852.1,24807.9,22060.6,20395,23734.1,19306.8,21649.7,22176.8,22955.7,19676.9,19939.7,24342.6,22289.8,22079.3,23053,21105.9,20643.4,22199.2,24918.2,22524.4,21779.2,24904.7,22689.3,24179.9,24430.5,18195.7,19544.5,23633.3,21602.2,22877.2,19138.8,20635.1,23034.5,22855.8,18699.3,19692.3,20983.7,19605.6,22505.7,19872.3,19602.5,21653.6,23204.6,21792.9,24551.3,24510.8,19195.4,20076.5,24377.7,23006.1,22954.4,19400.8,18350.8,23511,17949.7,17449.9,17752.7,23201.1,22720,18470.1,22343.7,20690.5,24387.9,18602.8,22010.6,21731.4,17949.8,23910.5,19288.8,18637.4,18954.2,23377.5,20140.2,18759.4,20599.7,19046.3,20711.3,22051.3,20865.8,17916.4,22252.1,24264.2,20961.3,24548.1,22210.7,20036.8,5574.61,2576.97,21634.3,20043.9,20238.3,19955.9,21847.6,24510.9,20375.6,20812.5,22887.8,23220.4,21651.1,17901.9,20773.9,22012.7,22423.4,23471.3,23547.4,21749.6,18815,19613.6,20141.2,24370.8,23340.7,19024.3,22871.6,24915.8,20191.3,18932.7,22055.7,25110.1,23510.6,20601.7,22776.6,19883.7,21273.6,24114.5,25998.3,23236.1,25536.1,24615.7,20770,23245.6,24486.6,20824.6,25426.7,20491.6,22367.1,23952.3,20240,20020.5,20564.6,25513.5,21960,23875,23379.4,23356.7,22406.1,20935.5,25162.4,22835.2,22912.1,24745.4,22420.4,20490.3,24687.7,22808.1,22700.2,24977.8,20624.9,22629.5,20959.4,25530.8,21335.8,25168.3,25212.2,24534.6,20879.1,24610.3,24716,23797.4,25976.9,25209.6,19559.4,24473.4,22864.3,22873.9,20483.8,28113,25777.9,31915.3,34232.3
35122.2,30211.7,29659,27786.6,24426.1,25689.8,24705,25109.7,19393.9,23849.7,18757.2,24467.3,23717.6,24103.2,21228.6,24024.5,24225.3,23734.2,19052.2,18188.1,20661.4,19632.3,24068.4,21118.7,21772.2,22544.8,22924.2,21776.6,21930.8,20454.7,21545.9,23532.1,19680.5,17968.7,18342.8,22944.8,23368.8,22040.7,20792.8,19037.1,20620,22289.5,20384,23178.9,21354.7,18767.9,20815.2,18737.9,21296,17380.8,22616.4,19870.7,20372.8,17872.7,19310.2,21796.3,19978.2,21752.1,19410.2,18795.2,21822.4,22693.3,19411.1,20729.6,23524.5,20467.2,20330.1,23934.5,20457.5,19865.8,23223.5,18328.4,23966.7,21941.4,20590.6,23296.7,23411.7,18885.3,23226.6,22942.2,19605.9,20454.3,18252.7,24520,19690.9,19722.1,23327.3,20232,18557.4,19872.9,20768.4,23438.8,21152.8,23131.5,22761.8,19596.1,21868.2,21389,18891.1,22305.8,21466,19869.2,20605.6,19794.5,22808.4,21775.5,20046.8,21206.2,22015.3,22537.7,17804.8,22541.9,22419.4,17852,23266.9,19591.1,23591.8,21424.3,20413.9,22970.2,21044.4,23941.3,22109.8,21510.5,17986.4,24347.5,23486,24598.9,22089.4,22508.8,21839.3,21236.9,21674.1,23763.2,23721,24065.2,23457.6,18933,19668,22371.4,23424,18206.9,18375.2,20707.9,22802.8,19895.4,20081.8,20077.8,21653.9,19022.5,22071.1,21371.1,23340.3,19499.2,20841.2,20340.5,23288.5,21887,24153.5,23636.5,22722.5,20196.7,18784.7,19813,18882.1,21913.2,21949.1,23326.3,22695.2,23972.9,19366,21086.3,21184.8,20309.3,21787.1,22132,20340,23592.2,19995.7,22028.4,21958.3,20929.8,19061.5,25256,19804,24870,24457.6,20868.6,20714.4,24953.1,20784,22255.5,20953.3,23568.9,23445.7,24250.3,21114.2,25205.2,20703.6,23725.8,22176.5,21784.6,22921,24047.4,19541.5,25085.6,22249.5,24087.9,19598.4,23653.1,19282.5,20594.3,19905,21025,24115.2,24130.5,22386.9,21284.4,24782.9,24346.8,23669.9,21609.5,18953.9,19835.5,21335.5,22845,19146.7,18730.5,24205.7,21706.4,20737.8,19522.7,22682.8,23487.9,20518.7,18531.4,22492.7,18853.3,23515.7,20218.4,18703.1,24248.9,19368.4,20853.3,22661.9,21892.3,20502.1,23197.3,23536.4,23574.2,18849.8,19084.1,24501.2,20360.8,24603.1,24006.3,24694.6,23318.8,19566.8,23903.9,21828.7,22297.4,23870.2,22958.6,19460.6,18991.2,21586.6,22704.5,22214,17953.5,23221.3,20182.8,23302.8,18592.6,18268.3,21210.9,18906.6,17970.8,17793,22172.6,17731.9,22191.1,21168.4,19085,18633.6,21458.5,22153.2,19739.6,19506.2,19505.2,21791.2,22691.2,21744.7,22821,23945,19155.3,20891,18307.2,18515.1,19712.1,22506.5,21811.6,21607.4,19858.1,22385.3,23288,22232.9,20686.4,19599,20548.2,24278.5,23841.9,18672,21629.2,20946.1,18955.4,21444.8,23020.4,20701.9,23868.6,22816.9,25762.1,20624.7,21180.4,21681.8,23365.2,20798.5,22099.3,20351.4,23030.4,24312,20782.3,20124.2,24220.8,25306.2,20204.8,23056.3,24182.6,25607.5,24762,23647.2,25216.8,23755.1,21299.1,21096,24102.6,25639.2,21668.1,24137.3,21002.3,20040.8,21485.9,22973.7,21241.1,19650.8,26075.7,24855.2,25873.9,20658.4,23234.4,22209,24753.3,21158.1,22662.1,20058.5,25049.6,25422.2,24476.3,20892.3,22726.3,20652.6,21635.1,25189.9,24081.9,19893.1,20276.5,25074.4,25335.7,20228.6,22040.9,25632.8,24710.5,31270.6,34006.9
32498.7,32284.4,24812,24526.1,21247,19996.4,21008.5,23882.1,21865.8,20604.8,21364.9,24498.1,18395.7,24293.4,23747,24391.9,19162.8,23931,20366.8,23583.4,22038.9,20071.4,21587,21757.5,21132.7,20342.7,18678.5,19865.5,22844.3,17819.8,22582.5,22824.8,18966.6,22658.6,17999.5,20049.2,20877.1,23522.9,22258.6,20527.7,21512.7,18631.7,21876.5,18321.3,20963.5,18566.5,18230.8,19549.3,20694.1,17356.4,20938.1,19527.4,22428,19767.7,23229.3,19221.9,17810,19764.3,17544,22117,19648.5,17912.9,19997.4,20636.5,19419,17776.4,19346.5,22078.4,18115.7,20574.7,22912.8,20822,20279.8,22653.8,19884.9,20492.8,19042.6,19170.6,18610.1,21830.2,23196.8,20631.7,19062,21460.8,20524.3,18998.4,22822.9,22090,24738.5,18473.5,24751.9,21183.9,19357.5,20361.2,23990.4,19748.7,18301.7,23483.8,21552.6,18812.1,23437.3,20062.6,23908.1,20362.9,19150,20999.4,20730.9,18636.4,19917.1,21942.2,18921,21110.8,19020.5,18141.6,18894,19650.6,22106.2,19284.9,18387.5,23564.1,17874,20626.8,19808.6,20933.9,24228,19933.2,19150,20778.6,24266.2,23918.8,24613.8,20185.4,19486.2,19925.4,23019.4,18306.3,18820.9,21030.9,18776.8,20955.2,17347.7,17735.7,18362.5,22031.8,17894.5,20421.8,20845.4,21832.8,22401.1,23269.1,17578.9,20689.6,19908.3,21395.7,17799.4,19360,18006.9,23695.7,18014.7,18328.1,22337.5,20299.3,23512.8,21089.2,24153.3,21094.2,18980.3,18892.3,21980.2,24311.5,25046.7,20484.2,21759.4,24617.8,22738.1,19633.7,21950.4,24159.8,22236.8,21498.9,23346.9,24252.4,24153.6,21379.6,21652.3,20286.4,22487.2,21326,19718.8,20827.4,23856.2,20419.8,20960.5,21666.2,23577.1,24926,24686.8,25721.8,19859.4,20389.7,20297.4,24941.8,20552.7,24938.2,24191.5,23444.3,21777.5,19934.4,19890.3,24157.1,20019.9,21164.8,21102.8,21666.8,24686.1,18863.7,20312.1,23106.6,19133,21172,19834.7,22996.8,19260.2,19104.1,22597.1,25157.9,24800.1,19007.1,19273.1,19697.3,20067.9,23856,19309.2,23611.2,21128.7,20347.4,23600.4,23441.3,20386.8,20144.7,20147.9,19351.2,22124.6,23605.6,22585.7,19442.8,23261.7,21269.1,24519.6,22064.7,21067,25161.5,22936.5,23519.8,18382.9,20113.6,18838,18683.9,20858.2,23076.3,19753.7,19205.7,18127.3,22089,19395.7,20943.2,19795.9,21514.1,20240.1,22823,24189.6,23499.9,22278.4,18922.6,18548.5,23446.1,21007.5,23834.6,22593.5,19616.3,23098.3,23288.6,23830.2,23729.2,19669.8,20670.2,23184.2,20348.4,24697.6,24612.8,23053.5,21171.2,19413.6,19922.9,25026.6,19290.3,23084.6,18589.3,22843.6,21736.7,20383.1,21502.6,23479.6,20695.3,18606.6,22835.7,23993.6,19591.8,20588.4,18917.7,19356.3,23445,23196.6,22493.4,21236.2,18584.1,23825.4,21011.2,20619.2,19002.3,20478.2,21631.9,22909.6,20900.8,19924.7,19898.3,25628.7,21572.6,22781,20092,23893,20556.8,23936.5,21963.9,25807.4,26204.5,23498.7,21147.7,19905.7,26345.1,24327.2,24517.3,22227.3,24093.2,24886.4,25450.5,26067,23549.5,25158,23931.2,25553.4,24786.5,24914.3,24665.6,21473.5,24381,26239.1,22285.8,21912.8,26216.2,24178.3,24964,23295.7,21912.2,23948.3,22625.1,19727.6,24034.3,25398.7,21737.1,23213.6,22307.1,25832.7,22464.7,23244.8,25704.6,23242.8,23319.8,23108.5,26057.8,24076.7,25613.8,33187.5,33769.8
31297.4,30122.5,29001.7,23449,26947.6,23819.4,21504,22197.1,23811,24046.8,24666.7,22740.7,22318.9,21814.6,18577.8,18293.4,18121.4,21409,24303,23668.6,21559,22804.2,21900.8,20615.2,18346.7,20467.8,23651.8,21534.3,19635.9,18742.7,23728.3,18227,18600.9,23551.1,22631.7,21325.2,23329.2,21964.3,18586.4,17596.8,19069.1,18373,22587.5,19183.1,22685.9,21786.4,23244.9,19618.1,19891.6,18083.9,18127.1,21336.9,20150.1,17662.9,18680,21235.2,17912.2,20850.2,21623.5,22853.3,20519.8,22992.8,21453.1,20547.5,22084.5,20100.3,20739.6,20130.6,21362,23678.4,23513.2,21673.5,21711.6,23872.4,19054.4,21260.8,19223.4,21547.8,24653.3,20730.2,21819.8,18919.4,21481.5,21564.4,22395.2,21750.8,22275.4,19772.9,19563.2,19394.8,19856.8,21239.7,20323,24608.6,24108.5,23667.1,21384.2,21207.1,22000.1,23876,20499,19594.7,22474.2,19872.5,19771,18095.2,23709.3,23202.3,22481.7,21635.6,23483.7,20711.9,21809.3,19895.8,18650.4,18351.6,20943.3,18426.2,22009.4,22361.3,18118.2,23588.4,23922.3,18143.2,24133.2,18412.1,19217.5,23474.9,19705.9,19269.5,18566.2,25057.2,19142.6,20945,20874.2,22370.8,23598.6,18636.5,21395.3,22066.4,22693.3,22839.6,22742.9,19554,23337.7,17846.8,23301,20985.6,23772.6,19360.3,20276.9,23030.1,22641.6,20767.7,15559.7,20728.7,23474.1,20458.3,22375.2,18306.8,21337.7,19616.1,21655.2,20950.1,21530.7,19410.1,23109.7,20256.9,20982.1,21187.4,24316.3,21278.7,20318.7,25405.5,24712.5,22433.7,20974.6,18818.6,19867.9,20917,19488,22433.7,23717.7,21870.1,25291.6,22073.2,23081.8,25668.7,23826.1,21010.1,23098.9,21919.8,22006.2,20166.7,24265.7,21009,21028.5,25776.4,23128.7,20953,24791.8,25436.7,25452.1,23387.3,22641.9,23110.8,24099.5,24284.5,19136,25236.7,23571.5,25348.9,22974.7,24019.8,19446.8,24697.3,24940.5,22354.8,22496.3,24171.5,20575.9,21242,23960,22992.6,22045.2,21390.1,21823.5,23267.6,23197,21118.2,21060.5,18900,23281,19189.1,23879.1,23302.8,18168.1,24202.4,18130.1,24108.8,19375,22498.6,22327.9,22293.3,19047.7,24729.5,19079.4,23892.3,23157,23012.6,21393,23162,24578.9,22425.4,21951.7,22616.8,20440.9,22916.4,23912.5,19701.4,17964.9,22644.4,23838.9,20389.4,18215.9,20861.4,24206.5,20592.4,23261,21606.7,22391.5,18886.3,24272.4,23311,22196,20637.4,19457.2,20594.1,19867,22331.2,23167.1,18758.7,22290.4,24156.1,20346.7,20866.6,21851.4,23279,21610.4,21889.5,21822.5,22172.9,23737.6,23176.6,24746.2,19108.7,19262.3,22438.5,22028.8,20741.5,22566.4,20863.3,22668.6,21660.3,19920,23507.2,23293,20561.4,23076.6,22846,24405.6,22720.6,23556.8,22850.5,21424.2,22806.3,24095.6,20210.9,21025,22552,19673.5,20128.7,24638.1,21871.6,20042.5,23959.9,23697.3,24178,22976.8,22263.8,19909.7,20424.4,22099.2,26018.2,22316.5,25170,22686.6,21979.2,23901.6,23409,23014.3,21091.4,22966.9,26532.6,25771.6,24518.1,20231,21934.8,25656.2,25519.2,22124.1,21147.4,22951.3,25282.7,20966,24277.8,25928.9,23059.4,20823.4,22366.9,24339.5,22140,24528.2,20916.2,24172.6,22220.2,22184.3,19853.2,19717.5,24095.1,20158.5,19340.4,19355.9,25812.4,25030.4,25377.4,22664.4,21830,23713,22285,26464.9,29302.4,28512.6,34168.7
33182.1,28008,26745,27705.7,22645.6,24142.8,20649.4,22718.8,24467.8,24082.8,24415.2,18714.4,22608.5,18409.8,18506.8,23684.2,20605.8,18591.7,19285.3,24397.8,19372.5,20577.7,22143.8,20131.6,19371,21946.6,19680.8,18324.5,22033.1,19950.9,23822.2,18276.4,23168.6,21926.8,20398.6,18986,21541.2,21723,22022,22808,22623.2,19000.1,17435.5,22804.9,18972.9,20567,19125,22188.9,17983.6,20199.8,18563.6,17686.4,20075.3,22105.1,21222.7,21963.5,19861.9,22640.4,19372.7,17631.9,23567.4,21255.3,21663.9,19390.3,24032.4,20277.8,19354.5,20911.8,22737.4,22827.2,18896.7,23358,18172.7,20409.8,23353,23085.5,19606.5,19435.4,23883.3,21273.5,18548.5,21772.3,22962.8,18630.8,24254.7,22852.4,18696.9,22914.4,24055.9,20662.9,20005.2,24668.3,19555.2,22115.5,19795,18821,24471.2,23643.9,23340.5,23717.8,22335.6,18144.4,22301.6,20474.3,20189.8,19296.4,20231,18630,22802.8,20622.2,22293.2,21916.9,23552.6,21208.7,23749.2,23845.3,17564.4,22645.4,20146.2,17621,19912.4,22784.8,20656,22389.9,23083.4,18789,22739.9,23499.6,24690,21827.1,24109.1,24191.5,19068.3,24462.3,24695.9,21941.4,23479.3,21575.9,20752.8,20396.1,22533.4,22460.4,19081.2,17565.2,20402.3,17343.3,17553,20317.4,17520.8,20933.8,22762.1,22555,19518.5,22138.9,19290.2,20336.1,18212.7,21141.7,22525.8,18273.8,17948.2,20425.5,24082.4,21185,23403.6,22102,18517.3,23459.1,23419.4,24708.7,25147.3,21941.5,23192.7,23728.7,22256.8,19667.5,21425.7,20034.3,22165.9,21607.8,21590.8,23815.9,20592.5,22424,22292.2,20013.9,25901.9,23774.4,21028.6,24898.8,19571.6,20851.6,25237,21103.1,23893.5,22992.9,22564.6,23304.6,21509.2,21541,24607.9,19379.2,19144.2,19551.9,24445.8,24388.4,23170.7,19205.4,20646.7,21213.3,18939.7,20210.2,20930.6,20565.5,19158.5,24959.2,19861,21930,19951.5,21593.2,23538.6,22267.7,20666.1,20519.3,20596.7,23295.2,18978.6,20317.8,19121.5,19739.1,19836.2,22244.2,23156.3,22920,21079.4,20657.2,19162.7,19895.1,21321.5,18873.2,19511.2,24159.4,18969.5,21049.5,23131.8,20860.5,22105.7,24755.6,18952.5,25536.7,21729.8,20961.1,22393.7,21261.5,22273.5,20159,23503.6,19121.6,21056.6,22296,23448,23231,19421.2,19914.7,23662.3,19433.4,21712.5,19033.2,18466.1,24648.5,22935.4,22827.2,19286.5,22781.5,23767.9,20274.8,24319.4,20433.8,17591,21226.5,22923.8,22743.3,23195.3,19298,18132,17596.1,18522.6,19227,22789.3,21193.5,21919.9,22848.3,24131.8,20447.5,20683.9,19902.9,18348.1,20953.6,21925.5,18640.3,21214.5,23183.5,23386.3,24026,18323.2,22313,24381.9,23986.3,18808.5,18233.5,20123,21521,24924.5,23394.6,24379.8,24094.4,20125.1,24584,19337.8,21530.7,22585.8,22413.7,23050.2,20361.2,25531.3,20318.3,21488.1,24032.9,22694.9,21558.4,24997.4,21785.2,20658,20195.4,24854.4,25072.5,22794.8,25867.8,21923.5,20860.2,21245.2,24913.9,24441.4,23285.5,23695.3,21598.4,26187,25257.1,19817.8,23879,23190.9,24063.1,22151.7,20225.8,19756.8,25980,24868.4,21227,21622.3,22282.2,19724.4,23753.3,23060.8,23501.1,20027.6,21863.5,20504,20411.7,23402.1,20506.8,25199.3,24685.6,24210.8,22659.9,23358.6,22348.6,20582.1,25439.2,23620.7,25512.6,25935.4,30022.5,26915.2,34347.5
32999,26586.4,26974.8,25602,24439.7,22211,24371.3,20111.9,24173.9,23747.6,24163.9,19146.9,20153.4,22349.1,23956,21212.1,21616.2,22805.4,19960.3,21133.7,20545.9,23678.5,23842.7,19718.4,20615.1,18778,18190.2,19743.2,24180.2,23756,21000.9,20989.2,18399,22122.4,22236.5,21375.2,22577.6,19399.9,22011.8,22050.4,19587.5,17808.1,21828.6,20383.4,20342.7,20140.3,17705.6,17937.2,17754.9,18160.6,19445.7,19126.1,23085.2,22780.5,23874.5,20144,20308.6,19546.9,19129.9,22076.7,20386.8,19753.3,22574,18019.7,21402.5,19308.6,23856.7,22692.9,19944.1,23860.6,21550.1,22313,21208.5,19769.8,21425.5,21159.6,21163.5,23344.7,21485.4,23624.3,22780.8,22096.4,18567.5,22889.5,20554.7,21335.6,22269.3,18835,19597,19676.7,21352.8,21029.4,23507.7,20360.6,21620,18924.7,21633.5,22041.1,18085.9,19626,20702,21443.5,22680.8,22104.2,20102.8,20494.9,19731.8,21834.7,21052.8,21036.9,22643.8,24270.3,22967.8,18199.9,22309.1,21867.6,23698.2,17959.8,18320.7,21848.3,18634.9,20710.2,18014.9,20229.5,24054.7,22537.6,23134.8,18741.9,21577.2,23194.5,20667.3,21641.3,20962.9,24872.1,22454.4,19001.4,19976,19082,21816.7,20839.4,21634.3,18210.5,21386.1,23662.6,19367.4,23315.3,21396.4,17363.1,18150,19934.8,21707.3,21193.6,20241.5,18506.4,19986.3,21119,17968.4,24063.6,18173,19347.4,22830,21849.3,19052.5,20147.1,23850.4,21019.8,21193.9,23811.5,21353.5,22071.7,22407.5,21437.6,22734.7,20251.1,24607.2,20246.5,19257.3,22058.1,21290.9,25471.7,20500.4,25143.1,21026.4,20145.7,22048.5,24349.8,24509.9,23205.9,23622.4,20436.8,20573.9,21871.5,22367.2,25085.1,24636.2,20371.6,22335.5,23600.2,21642.3,25652.4,23665.5,20744.5,20451.2,23097.5,24561.4,22430,21234.2,22316.4,19219.4,23653.5,21763.5,19442.7,20622.2,23565.3,18878.1,23456.7,24099.5,22146.7,22701.8,19539.6,19134,19067,19725.7,24835.2,23487,24346.4,22593.4,24340.5,25115.8,24340.5,19672.9,21419.1,22350.1,22186.4,24486.8,20141.7,20589.3,20470.2,22343.5,24756.2,18646.2,23347.5,18092.2,20853.9,20914.8,19334.7,19216.1,23255.5,25087.8,22235.2,23919.3,20239,23757.2,20212.7,19196.4,24515.9,21164.4,21440,19230,21006.3,20689.3,21740.8,20708.3,22112.5,23348.4,23717.9,20240.1,19378.7,24230.8,23099.8,23310.7,19419.8,20628.6,23313.3,22885.7,18602.3,24161.8,18687.1,24272.1,23302.6,23833.4,19125.7,23420.9,18439.9,19479,19576.6,23909.5,17957.5,19084.8,18776.3,18906.2,21152.2,23128.8,23837.6,21612.2,22628.2,23784.6,19000.6,21429.5,18187.2,20234,20359.8,18271.2,18978.8,18134.5,18186.2,19389.8,23606.9,20488.6,22390.1,21798.4,20547.4,23070.2,24400.6,21626.8,23283.3,19869.1,21549,23142,19931.7,23772.6,23014.7,23202.1,23777,21184.9,19505.8,25240.2,23685.7,23057.4,20868.5,22437.9,23093.6,22044,26085.5,20826.3,26078.7,20837.9,24268.5,21825.6,20718.6,21635.3,25673,20748.8,25325.4,21120.2,22371.1,21112.5,20202,21103.5,19668.4,21024.8,21643.1,20572,22293.2,23585.4,20163.1,23208.5,22645.6,20517.9,26056.3,21061.1,22079.2,19890,22446,21584.2,19614.9,25323,24065.8,20705.6,24470.9,23279.7,22396.1,22834.2,23076.9,24467.7,19711,22012.7,23457.5,24220.4,20853.9,24942.9,26333.3,30144.6,35197.5
36536.9,31322.3,26807.7,27009,23059.8,25347.7,22733.3,20158.3,23238.8,20338.9,21118.1,20342.5,18582.2,23491.8,22566.1,18465.1,19340.3,18273.5,19810.4,19214,20546.3,20448.7,18323.4,20650.4,24078.1,17900.4,20968.5,21104.8,23409.3,18653.9,19593.2,20155.6,19395.8,20122.7,19685.3,20334.4,18993.1,21378.6,17961.9,22550.1,20560.7,18672,23459.4,20772.6,21905,17817.9,19145.9,18028.3,17741.5,18167.8,19559.5,23801.4,20445.7,18264.5,19720.5,21254.6,24022.8,23143.4,21558.6,21275,21099,21319.6,19688,22339,23722.3,18771,21378.8,17776.7,20919.3,20148.1,22831.6,20396.4,23800.2,18329.9,19727.3,24285.8,21215.8,20429.5,23927.7,20789.9,20436,23781.2,20154.7,24332.4,20344.8,20782.5,22223.7,18496.4,19206.5,19333.5,24000.3,23894.6,20032.8,19409.8,24283.9,20213.5,21932.3,23811,23280.8,19032.7,18620.8,20399,22115.8,18196.6,18373,23722.5,23407.3,18780.8,22971.2,22797.8,17736.4,23898.1,20507.8,18885.1,19195.4,21145.2,23000.1,20226.2,21092.8,23015.9,20361.6,19758.9,23544.2,18026.9,20429.7,18587.5,20735.1,18382.1,23841.7,20154,22562.4,19932.6,20797,25067.4,18984.5,23533.9,23523.8,23712.4,19249.5,21330.8,23603.5,21670.9,18027.8,20756.9,20137.8,22494.5,22454.1,18757.5,21918.1,19528.9,18808.7,21959.8,22730.7,21249.8,19140.2,21870.2,23248.8,19835.1,23829.1,21108.5,20401.3,20119.9,22418.4,22547.9,19975.4,23420.3,24319.5,23651.7,24576.4,22818.3,20691.7,23573.4,24977,24720,25344.7,25375.8,20990.3,23478.8,25285.5,23145.1,19931.3,22758.3,19833.4,22353.8,24049.2,20553.9,25967.9,23042.1,20156.3,20304,21481.6,21653.5,23510.6,25902.8,23523.3,19489.1,19951.7,21773.4,25251.9,20897.6,23542.9,24663.1,20912.8,19291.2,23033.6,22665.3,21117.2,24794.1,23182.2,21475.6,21784.2,21768.5,20593.3,20697.7,24613,24117.7,21429.5,22567.4,21212.3,22145.1,20360.3,23715,20880.1,22916.4,21262.2,23082.7,22083.6,19730.8,22153.1,22984,20229.2,22550.8,23174.8,24054.7,23284.2,20661.2,22380.2,19830,24019.7,22077.2,19288.7,19610.1,19338.5,22349.1,20944,24367.8,20937.4,21489.9,25146,19395.1,24052.1,22605.6,19791.9,22759.6,21228.9,24703.5,23768,18736.1,19859.8,19752.4,22772,18126.6,17581.9,20991.7,20457.7,23235.3,20734.7,24060.5,18420.8,21921,21263.8,18754.9,21626.8,18151.7,23066.7,20420.2,19508.2,22027.6,22647.7,18651.8,21759.2,18429.2,18531.1,17763.6,19205.5,21366.1,24186.1,24071.2,23960.6,24331.8,18306.4,21321.6,23235.2,23707.9,24701.2,22469.2,18397.6,21616.7,20355.5,18339,22682.6,21836.7,19541,18495,23999.3,22475,21859.8,19375.3,21947.9,23108.3,21900.8,21981.9,22744.2,25187.7,23799.8,19081.4,19157.7,23780.5,19676.6,24929.7,23407.8,24635,20629.3,25919.5,20502.4,23425.2,24429.3,23764.5,24499.8,20807.8,22338.4,21783.4,23953.2,20609.3,25348.3,25019.7,22390,24045,20955.8,23849.3,26121.8,24910.7,25221,26179.8,26309,25914,21680.3,21688.5,19709.7,25211.9,20860.5,24939.8,20174.2,23154.9,25341.1,25378.8,26198.4,21943.2,20588.7,21388.8,25762.1,25439.2,19896.9,23525.1,23798.7,21155.1,24705.6,20930.1,25587.2,25126.3,21557,19589.3,19720,22549.2,19786.5,23705.3,21803.3,23636.6,24843.8,25244.8,25517.3,24669,28967.2,33983.4
34244.2,30852.7,25159.7,26182.3,25812.8,23271.8,19611.5,23507.5,19882.9,22479,18676.3,18746.1,21407.8,19771.4,23360.2,23695.3,23677,19382.8,21585.9,21018.2,23702.3,22397.3,23278.8,20378.9,19565.5,23122.3,19148.1,19422.3,24213.8,24279,21044.2,19234.7,18413.2,21059.3,19545.1,18160.6,19413.2,22187.4,17837.5,19975.6,19435.2,17335.1,19727.8,19364.4,17542.4,21948.7,20000,20944.2,23350.1,23701,21459.2,18753.7,21274.5,21425.8,17892,22341.1,23152.7,22980.1,23262.1,20865.3,23165.4,21927.9,23654.2,18825.1,18587.3,21251.3,21918,22682.1,17255.9,21080.7,22304.7,18098.1,24697.5,24250.1,23927,20511.3,20826,23299.3,19547.7,18514.4,18492.8,23956.7,21490,19251.3,19539.6,20936.1,20821.7,21338.7,18890,24950.4,23436.8,22083.3,24200.3,18769.4,24753,24461.4,21682.2,18437.9,23155,17661.4,18189.1,22185.9,22119.3,17965.9,20118.2,23652.5,23711.6,17738.4,20891.5,22932.7,19820.1,19000.5,24173.7,18599.9,18607.2,17820.3,21329,23156,18250.1,23688.6,19428.5,21232.4,23010.6,22700.9,23946.4,23096.3,21560.3,18768.7,20319.7,23952.6,23084.1,22457,21067.9,20053.7,18861,20486.6,17837.1,22717,21548.8,21169.8,21700.7,18462.7,21743.9,21939.7,22401.5,19702.4,20753.5,23546.7,23017.9,20250.6,22550.9,22320.2,18026.8,19242.7,20107.9,19337.9,19799.7,21725.9,18327.2,20156.4,21638.6,22465.3,22581.7,22148.1,22383.6,22683.1,21488.2,24675.4,23715.6,23095.7,25378.7,23721.1,23175.2,25181.3,19880.9,20783.4,22809.4,20386.9,24685.4,20774.6,19136.3,24438.1,21240.4,21908.2,19679,25319.2,26033.8,25211.1,21614.7,21285.5,21943.2,21787.9,23486,19356,19286.2,23277,24011.7,23365.2,24405.8,23364.4,22198.1,19364.5,25056.2,22900,24660.9,21129.1,19531.3,21612.6,20581.8,22544.8,24221.9,19949.1,24377.1,18936.1,19835.9,21523.6,21587.5,22340.1,21207.7,19716.6,24242,19426.5,23184.6,19658.3,18848.8,24550.5,18957.8,20707.9,23006.6,22931.2,22255,19926.2,19523.2,24034,20012.6,19616.5,20619.4,18390.7,19745.8,19134.7,24107.5,18366,20878.6,19595.4,23486.8,21972,23311.3,22636.5,23487.5,24612.8,22492.2,23473.4,24457.1,22652.7,18545.2,18999.9,19772.1,18918.5,18789.2,19960.4,19790.5,20761.3,23363.3,18569.7,18844.9,23154.8,20454,24191.8,23240.2,20675.3,21843.4,19315.9,18468.4,24384.4,22277.4,21617.3,19276.2,20248.1,19459,23500.1,20531,24487,19676.8,19224.8,21697.2,18021.4,20530.8,20996.2,22185.7,17857.2,24204.7,18372.9,22204.2,22941,22685,21566.9,22946.1,19619.8,21377.3,23957.2,22571.4,18768.8,22181.2,22267.6,23414.5,23550.9,23401.9,19399.3,21664.2,23988.3,23716.3,21855,22348.4,18511.5,21966.4,21117.4,18926.5,21241.5,18683,20020.4,24588.9,24208.2,24880.2,22068,22774.2,20292.3,19945.2,21521.9,24598.7,23982.8,26159.1,23481.4,26237,24806.4,26328.5,24283.9,23810.2,25047.4,24118.4,24796.3,23042.8,21308.8,23054,26686.7,24469.5,26483.9,22341.6,22251.1,22615.7,19946.1,22515.9,19424.5,22698.8,21619.1,22577.8,24751.3,21989.4,24285.4,20029.4,21023.9,19742.1,25136.6,22717.3,24011.1,25548.2,19761.1,19533.1,22662.5,23165,23709.3,20861.2,22680.4,21901.1,25223.9,21343.1,24001.5,20607.9,24177.4,20274,25208,22437.9,25872.3,32082,31973.4
34157.2,27082.5,28952.2,22110.5,22818.6,25307.8,21146,23405.1,24932.5,21160.4,23582,20468.4,21064.5,20713.6,20115.5,19720.4,22511.3,21605.3,20175.2,23034.6,22177.2,18788,21779.9,18959.5,19418.6,23349.2,22103.5,21911.2,22400.3,21752.8,22813.6,19552.9,23554.2,22278.2,23947.9,19576.9,20089.5,19243.9,22368.4,17683.5,21346.5,23642.9,23726.6,19656,22853.4,20077.4,22846.2,19299.7,18318.5,22355,23444.9,21615.7,21101,21492.6,23114.5,19392.3,23502.1,23343.8,21284.9,20756.6,18247.3,19290.4,18545.6,22187.6,23424.1,23075.2,21072.8,21755.8,17862.8,18394,18131.4,21584.2,23260.4,24103.9,19949.2,23642.3,23868.9,18914.5,22192.6,20011.4,20990.8,22368,21337.6,21381.6,19976.2,19375.8,24885.5,18571.5,23955.9,20034.4,21665.6,19344.4,23764.3,24910.1,18463.6,21552.5,23804.7,22544.5,23137,19221.3,23828.8,21416.8,19237.2,23393.9,17782.4,22991.6,18006.2,22813.1,21221.9,17499.1,17401.2,20081.4,19874.9,19807.5,17626.3,23916.8,23517.2,17197.4,17108.7,22654.2,17711.7,23799.4,22838.2,23108.9,22410.3,22077.4,22491.6,23929,20949.2,20132.9,21458.4,22786.3,21054,20588.2,24805.1,21331.1,22430.8,18503.3,17545.6,21400.6,19656.2,21500.2,19477.4,21075.6,19518.5,23323.6,19031.9,22537.5,17651.1,17789.5,17551.1,23619.9,19044.9,18854.5,20587.7,19305.3,23821.6,21072.2,22056.8,19666.1,23763.7,19344.5,22627.4,19592.5,19615.5,22344.2,21918.3,19395,23472.2,20184.5,20643.6,21137,19965.7,19676,19423.4,21419.2,20973.4,22248.8,22727.2,22573.3,23624.5,25459.2,24156.6,22118.4,19638.4,22755.5,23471.5,25778.2,21738.7,25767.1,25032,21724.3,23757,23849.2,22728.5,24696.8,22984.5,19136.1,21454.2,19376.6,20120.2,24013.3,24005.7,22522.7,23170.4,22780.6,19909.9,24124.8,21043.1,19538.3,24770.7,19747.3,22643.1,24967,24073.5,21276.5,23985.7,19058.6,21814.6,19787.9,22879.1,23762,20776,20706.8,20570.2,24573,24937.9,20846,20639.4,24743.2,24098.6,20995.1,18989.8,23223.2,24280,23620.4,22779.2,21990.8,23375.2,22607.6,18538.3,23104.4,22901.1,22691.4,22387,22222.5,22552.1,20384.6,24458.3,19306.7,20422.3,21843.4,20702,19336.5,19433.5,22408.2,19351.1,24237.9,20116.5,19022.9,18240.9,22785.3,23426.8,20692,21117,21507.2,23815.9,22934.4,23646,21447.4,19644.3,18419,18548.2,24316.8,22034,22855.7,20594.5,22121.5,21773,24380.1,18105.9,18430.4,20599.4,18961.4,23397.7,19028.2,21768.7,23458.6,18186.6,21995.4,22322,23719.3,20069.1,23058.6,19085,21393.2,20218.7,19129.5,21026.9,21234,18474.3,19477.1,21865.1,21023.6,21299.6,20017,18964.7,23095.8,23027.5,21335,22813.9,19272.5,18668.6,24100.3,21475.3,20236.3,24341.9,22384.5,19334.7,19970.8,24529.5,25804.1,25453.3,21677.9,22824,19606.4,20833.4,22243.5,21808,24667.6,20548.7,23357.7,25580.2,25618.8,25983,24458.5,23001.4,21884.7,24721.7,20455.4,23182.8,26153.7,25821.5,22287.6,24601,22924.7,21531.6,21617.9,20270.4,21040.8,21641.7,19787.5,23156,21052.5,21340.2,21423.6,20874.5,25290,23279,21298.8,21381.4,23913.2,23349.8,21549,22223.7,22760.8,22845,22994.7,20129.3,21836.6,21891.8,23852.2,21024.5,25696,23199.1,21877.6,19826.1,20169,26219.5,26762.9,22977.1,25067.8,26851.6,34510.2
35638.4,27990.9,28137.9,25921.7,21160.3,24354,19260.8,22976.2,18662.4,18271.4,22601.9,23905.5,20234.1,20967.6,21160.2,19682.2,23505.5,20053.4,22084.2,18408.4,20895.6,20946.6,22793.1,20796,20341.5,21649.6,18909.7,23723.1,18095.8,22330.4,22958.6,20796.9,18783.5,19171.6,21430.3,18904.9,19972,20305.7,18012.1,21336.9,20499.1,18227.9,23527.5,23387.3,18789.4,19561.2,18190.4,18840.5,17552.6,22136.8,20269.8,21902,21297,23660.9,19334.6,23904.6,23713.2,22828.2,22715.5,21245.3,20753.1,18876,17431.8,17472.2,19220.3,22130.3,23366,22522.7,18060.8,17220.8,20995.5,22324.5,21123.6,21078.8,23182,21354.2,23898.4,21985.7,23613.9,24393.2,18437.4,23254.7,18696.1,23776.4,18671,18745.7,19924.5,18446.8,20994.3,23743.9,23441.5,22497.5,21896.2,20424.4,21045.6,18311.3,20174.2,21128.2,24048.6,20329.3,18444.1,19697.9,23972.6,23052.4,19215.4,22681.2,20722.2,22236.1,22322.3,19269.5,22625.2,18827.3,23544,18015.5,23497.7,19908.6,18799.8,20557.7,20998,22191.4,20025.4,17735.2,21235.1,17880.3,21047.4,18083.3,22988,20666.3,23705.4,21475,20559.4,19954.4,21802.2,22714.6,19847.6,20331,22062.9,20770.7,17450.9,20073.5,18022.8,22631.7,23582.2,18785.6,17710.4,20887.8,19535.8,18835.4,21690.1,22502.1,19968.1,22885.2,22387.6,22426.9,17661.8,19614.7,21083.2,18981.3,18026,22423,21108.1,22310.4,19565.3,22703.9,24005.2,22111.1,20916.4,23574,21155.7,23385.4,19423.2,19632.2,23510.8,21262.8,23229.9,25261.6,20249.1,24037.5,19932,24954.7,24812.9,21988,23678.5,21007.3,22629.4,21078.3,21811.6,24765.4,21745.3,25058.2,24593.6,25396.3,21744.6,23841.2,21856,20756.8,20782.1,19291.9,25119.6,24390.5,20575.9,21516.6,22584.3,24509.2,24297.9,20037.5,24294,19013,19462.3,23941.7,19136.8,21946.2,20491.1,22549.8,19423.6,18937.3,22862.2,22515.4,20276.7,22094.5,23224.1,24002,23514.8,18670.9,22222.5,20690.7,24463.1,20924.6,21614.5,23236.4,23613,23151.9,19135.1,20181.1,21678.2,24694.8,22092.3,21287.6,20652.8,24389.2,19735.4,24069.4,24636.6,22014.6,23003.8,24530.8,19222.7,20592.7,20251.7,20752,19912.5,21671.5,20293.7,19953.8,23051.9,20267,19200.2,18335.8,19882.1,18281.7,18582.5,19150.9,22377.7,18035.6,24197.8,21630.9,23288.5,23252,22414,22603.2,19957.1,23615.1,22391,21540.6,19736,23265.9,18813.2,24011.5,21307.6,22411.7,20339.4,19480.6,17730.9,22579.2,21857.4,21220.6,20088.8,21825,23166,18315.2,19728.5,20641.5,21425.3,21570.8,19449.7,19959.9,23992.4,22190.1,21955.6,18625.9,18338.9,21046.9,18704.6,23920.2,19429.2,20177.5,19364.3,22658,24054.3,19979.9,23807.3,22394.4,24747.1,20583.6,22458.3,19233.9,19642.1,22097.5,20564.4,19614.1,23176.2,21439.8,21817.7,24486.4,22045.8,22223.8,23197.2,22243.5,21299.5,24486.5,23913.4,26544.8,26471.2,21789.1,23013.4,22869.7,22582.5,25982.3,20160.6,20141.1,22221.5,25138.5,21893.2,20404.6,20394.4,24087,21493.9,25725.4,21897.9,19613.2,21913,24671.8,21306.8,20053.3,24405.2,22509.4,23749.2,22084.8,25620.7,20237.4,19435.2,24391,21790.7,22835,25691.6,24038.7,25286.9,21923.1,24990.4,21410,21760.7,24231.3,22198.2,19997,21044.5,20674.9,20094.9,24653,23479.8,20646.6,27875.8,30385.7,29763.5,33074.6
36788,30465.1,24698.7,21857.6,21485.6,25397.7,23293.5,22981.8,23576.9,19759.5,22002.2,20205.6,20211.6,23491.8,19263.7,22915,19796.4,22722.5,21236,21845.1,18849.2,22619.5,19457.7,20859.3,23315,21610.1,22765.4,20981.3,20137.2,17916.1,20925.6,17885,21231.9,24150.1,23691.1,24201.4,23539.7,23121.8,17852.7,23101.9,20648.2,23371.1,22372.8,17576.1,23794.2,17982.1,23735.4,21164,18165.6,18297.5,19587.7,21796.5,18659,19096.3,21162.4,20976.4,18231.5,22109.6,20610.1,18314.1,23304.8,23016.9,23185.2,21024.6,23633,20199.2,17940.1,20854.3,18440.4,21479,22426.1,21065.6,21184,23606.7,23942.5,20110.1,19231,21491.3,21832.2,20852.4,24236.7,24781.8,20498.6,20737.7,18633.1,23403.1,21269.5,19053.7,23322.7,21680.9,19595.4,18619.2,23989,20102.1,19370.4,23554.4,19756.9,24467.7,23924.9,18069.3,21346.7,20531.8,20526.9,17692.8,22226.1,18917.8,24007.4,19830.8,22812.7,24052.5,17989.2,20980.8,21085.7,18521.9,23891.4,23777.8,18790.7,23765,18725.6,20252.3,17286.9,19104.1,23656.4,23000.4,21393.5,18563,19004.9,20570.3,22286.5,19262.1,23312.9,21468.7,21438.6,23110.3,19738.5,24464.7,22005.9,22437.2,23103,17846.8,19152.9,19359.3,18914.4,22858.2,21812,21711.1,19298.2,23613.4,22558.4,19081.7,19513.3,23911.7,17916.9,21702.3,18410.1,17969,20164.2,20242.5,18261.2,20311.5,22885.5,23407.2,21563.9,21228.2,18850.4,18426.3,20347.5,24870.7,20102.9,18971.7,21882.7,25158.7,24420.8,25148.6,23090.2,25560.1,23078.6,20866.1,21460,25501.6,19213.9,22811.7,21466.6,24099.7,20450.9,19805.5,24458.9,23678.3,21120.8,24943.2,22746.9,23263.9,21665.9,20770.8,24747.3,23385,23273.6,24059.9,24031,20154.4,23342.3,20875.8,25267.7,20451.2,24552.1,25297.4,20458.7,21771.6,24704.2,24845.6,24571.7,23120.7,21181.3,20340.8,23823,21334.5,22564.4,23549.6,23568.4,23617.6,18532.8,18894.2,21899.8,19114.7,21868.9,19674.3,18995.4,22532.4,19255.1,22127.6,23537,23787.9,23550,23419.1,18851.3,20566.7,20541.7,19210.9,21319.4,21196.4,19538.6,22230.3,20235.7,24227.1,24740.6,25208.4,21319,19741.7,22087.1,22927.9,25422.8,19797.2,19410.1,19437.3,24237.7,21483.6,19349.1,19198.7,21958.5,22770.3,20776.3,18043.7,22020.3,23335.4,20106.7,19485.2,18744.3,24030.3,23120.1,23642.7,21983.2,23913.5,21384.5,23055.3,18832,22367.1,21527.2,23636.7,23911.8,18569.5,22126.8,22663,20110.5,20206.7,17712.3,18733.5,19986.5,19692.8,17644.7,19930,18085.3,20420.4,23295.9,23163.8,18135.6,18567.1,24154.4,19956.1,19690.4,19652,22694.1,19858.5,22660,20030.5,20135.6,22951.3,19068.2,21302.9,24527.1,18521.8,22226.6,24116,23903.6,18617.9,21153,21573.4,21581.4,20981.4,23581.4,21050.8,20681.2,19497.7,24461.8,25850.1,25324.6,24438,24105.1,25583.6,20530.1,23700,22031.1,22970.8,25208.4,22684.1,26343.4,25153.7,22767,22216.7,22440.4,23240.5,22754.6,26066.7,20410.3,22321.4,26560.5,26151.5,21962,21384.8,20157.5,24184,21503.3,20083.6,23125.1,20985.6,23451.3,20773.1,24757.8,20647.5,23372.8,23817.6,19610.4,20348.5,22096.3,21136,24398.4,24529.7,20921.4,20963.8,23826.7,21296.5,25643.9,20267.9,25924.4,21465.6,21340.6,25755.1,20821.9,24766.4,25819.6,25570.8,23832,23602,30338.4,32542.4
35117,30408.3,26087.3,26201.7,21889.1,20500.2,20787.4,22828.6,20603.8,19008.1,19763.3,20928.3,18933.9,22965.2,21470.8,19476.7,19469.9,21805,22530.3,19056.9,18711.2,18768.8,20841.7,23172.5,23217.3,24056.6,20652.5,23488.9,20281.5,23841.4,22351.6,18912.1,23833.2,20861.7,19309.7,20587.8,19256,19214.8,19100.6,19908.2,22481.3,18046.8,23673.1,17682.1,21017.6,18757.4,20215.6,18826.3,22283.9,23687.7,20841,18749.5,23546.4,20427.2,17630.9,23339.8,24064.9,21168.8,23710.7,21142,18594.1,21818.8,20330.4,19316.6,23855.4,20253.1,20126.5,21541.5,23151,20959,20467.8,22357.4,20848.2,23654.1,23912.2,23084.4,4668.43,24976.7,20164.4,22736.2,24406.9,22090.1,20131.2,19738.7,20244.6,23705.1,23546.3,21183,18839,20871.7,21215,23645.2,18832.9,18698.2,20748.6,19300.9,24035.7,23183.6,20448.9,18485.2,20145.7,20670.9,17991.9,24053.8,20713.5,20151.7,19947.5,20132.4,18755.8,23883.9,19913,20507.5,18706,18162.1,20395.9,20873.8,23970.5,23850.5,22649.6,18731.3,19535,17533.8,22311,20039.7,22796.5,21861.7,20341.5,20540.9,19748.1,19587.5,22937.8,22554,20539.4,20883.5,22629.3,18700.2,22933.1,18745.3,19488.2,17734.4,18116.6,18861,21695.8,22224.2,22866,19383.7,21546.3,18285.7,18160.8,20334.4,18108.4,21877,19632.2,20920.2,18715,22041,18222,19761.1,19508.4,22146.8,18364.8,20753.9,23885.7,18770.2,19759.5,23018.6,20720.8,19278.4,21638.8,22700.5,25037.8,23210.7,21279.5,20142.3,20748.1,19691.1,22767.4,21455,19638.9,21853,25478.3,21334.2,24331.6,22842.9,21657.4,25587.1,25465.3,24164.5,25869.2,21921.1,20265.1,19845.4,20236.8,22789.4,23171.6,21600.6,22851.1,25112.8,22315,24862,21372.2,19829.8,23492.2,22921.8,25224.3,22746.2,22959.4,22635.5,24711,24681,25649.1,21355.2,19821.7,18937.9,20842.5,25294.5,21730.2,18849.2,20410.4,23944.9,24266.9,20324.2,21049.5,20944.2,20791,19189,23104.3,25135.6,24163.6,24793.2,19475.1,19954.6,24387.8,19145.6,23821.5,24347.7,21671,23252.5,18808.4,20458.7,20821.4,24237.5,22965.7,22074.9,23201.4,23953,22491.1,21315.8,21684.6,25466.6,23914,19776.3,19147.6,21306.7,18549.6,18876.9,21203.5,23829,18549.8,20319.6,18598.6,18581,21271.1,21485.3,20161.9,18754.8,21062.9,24100.3,24666.4,19094.3,19180.9,19474.8,22039.4,20467.2,19306.3,19442.4,23246.3,21179.1,18416.8,22195.6,20771.5,17996.8,20188.3,18887.4,17970.6,21586.9,21356.2,23271.7,19667.2,23403.8,22775,23855,18497.9,21915,19396.4,20763.3,18783.7,18264.9,19088.1,19021.3,19145.3,23760.3,23504,19459.9,21674.8,21792.1,17953.7,22439.6,20024.5,20314.9,24453.1,21820.3,20499.4,19765.7,24478,23716.5,19863,24959.3,20482.2,21216.5,23226.1,22760.6,21247.2,20719.6,19974.4,23553.8,24491.6,23566.3,25713.1,21284.5,23102.2,25600.7,21390.7,21133.6,26424,23017.4,24325.6,25129.4,19737.4,23228.3,23830.2,24758.2,23718,25808.7,20835.8,23284.5,19720.5,21505.9,23633.4,25862,21154.4,21115.1,21186.6,23515.3,20329.1,21977,22274.6,24442.2,23020.3,25985.8,25362.2,20252.1,23695,25225,23355.9,21643.9,21770.2,23690.3,23018,21805.4,22314,22585,23826.8,19941.1,24154.2,23172.9,20990.2,22192.9,22898.2,21778.1,26437.9,25785.9,29522.1,36198.4
31646.9,29088.2,24339.9,26226.3,25487.9,23776.8,25144.1,19277.2,20487.4,19319.5,19534.4,18096.1,24349.7,20320.2,22520.9,18777.3,23373.6,24044.8,20961.8,21612.1,20111.3,23371.1,20688.2,19622.2,23257.5,24126.8,18473.8,19635.6,22126.7,21693.4,19899.9,20233.4,23123.2,18497.7,23566.4,19182.7,19474.9,17788.5,18521.9,22324.4,20982.7,22465.6,20606.5,22290.9,17680.9,19059,23291.2,21775.7,21708.3,18567.3,21262.3,21461.5,19208.2,20686.4,20682.2,18254.8,18321.2,20707.2,18605.8,22356.1,20676.4,22936.1,19282.7,19752.4,18354.9,17855.7,20778.3,21349.7,20906,21291.1,21554,22371.6,18608.3,22926.7,21288.2,24726.2,24848.9,19374.2,24242.8,23219,20050.2,23018.7,19508.6,24795.3,20154,18184.4,19313.1,18832.9,20246,22498.6,23857.4,21574,22684.5,21311.1,24068.5,19343.9,18333.8,22973.5,19513.9,23594.3,23424.1,20802.2,23784.7,19917.8,18639.5,23211.1,17614.6,18856.7,18198.3,19012.2,20677.8,22280.9,20460.4,24188.6,20259.7,20673.7,20448.9,21720.7,20013.1,21737.5,21432.5,19285.7,22776.3,19444.6,18626.9,19200.9,23952.4,19999.7,22093.6,19838.4,23727.8,19328.2,23514.2,24537.2,24209.5,18171.6,20059.5,19434.9,17372.8,21143.8,23691,22318.4,19402.4,18790,21995,18309.8,23359.7,18754.1,21049,19929.8,22426,18234.9,18814.8,18725,15886.6,17323.4,23746.8,18100,20162.4,19609,23306.5,19929.4,22926.5,24534,21902.9,24448.5,22375.2,20126.4,22927.6,23754.6,19523.4,24532.3,21763.8,24160.4,24943.7,19913.2,25168.3,24449.2,19376.6,23887.9,21123.7,24118.9,20905.5,24600,23439,20528,19931.1,21563.2,24339.4,20135.6,22656,22714.9,25086.9,23915,21151.2,23457.8,22932.2,24736.8,25497,23194.5,22083.8,21718.6,20783,22807.1,23762.9,23172.3,23203.2,22690.1,24193,19690,23726.7,24119,23454,22027.7,19418.2,21486.2,21336.2,24454.2,21261.6,20790.4,24525.2,24199.2,24402.9,19380.9,24700.4,20595.2,19777.8,18829.2,21139.4,24334.3,22616.3,19302,21692.6,23168.5,22602.1,21484.2,20994.6,23234.6,21180.2,22332,19480.9,24016.3,23947.4,18859.9,21286.1,18628.4,18916.5,21787.7,22216.7,21630.4,19551.7,25025.3,21523.8,23560.7,20408.7,23508.7,22810.6,19692.8,24555.8,20280.4,18573.4,22472.4,24246.6,22728.8,23216.4,24030.9,23979,22225.6,18768,21717.6,19206.8,23324.5,19032.8,22489.7,19649.2,21510,21928.3,25094.8,23341,20808.2,24063.8,22840.2,21847.5,22168.7,20696.2,18962.1,23614.5,23520.3,23684.3,23921.1,24341.6,20119.8,17951.5,21527.4,21425.6,24528.4,21889.8,21481.1,18680.4,19961.7,24318.3,22510.5,21558.5,18356.6,21863.9,22024.3,23052.1,23988.6,19084.2,20621.1,22556.2,24793.7,24582.1,23382.8,21119.9,21053.8,21343,25383.7,22861.5,19715.9,22027.3,21228.8,22336.5,19565.7,25381.2,22117.7,23579.1,21887,22305.1,21679.2,25334,20396,23529.2,20863.9,20284.6,22820.3,26435.4,25613.2,23626.8,24504.4,25883.4,22709.9,21611.2,21518.1,19993.2,25711.5,25458.6,21759.3,25010,26084.4,22867.1,21234.6,22174.8,25651,25801.6,21482.8,21331.1,21342.5,25024.4,22310.6,25485,22725.2,20511.5,25160,23240.9,22882.8,23601.8,24805.1,21104.4,23458.4,20391.2,20459.4,26069.4,24832.7,23464.4,21681.3,25176.9,24861.1,20796.5,25111.2,23427.1,29044.3,26769.3,35858.3
31647.9,27470.9,27730.8,23371.5,26690.3,22022.7,23960.9,20178.5,23295.4,21241.1,20274.4,20755.2,23501.5,19135.3,19648.1,23346.6,18430.4,20141,22798.7,22354.3,20027.1,21530.3,20812.7,23605.6,24108,19592.6,19967.6,20669.2,20133.1,19913.7,23526,21190.4,20903,19607,22245.7,19347.2,20258.9,18802.7,19049.1,22016.7,23793,21475.2,20164.2,21627.3,20924.9,22894.4,22467.6,17958.6,18327.9,20441.4,19415.4,22883.7,23806.6,23033.1,18713.3,22863.6,19715.2,21943.9,18191,17920,18533,22138.5,18342.7,21800.3,24008,21117.2,24393,23023.6,23654.1,21481.5,21376.2,19556.3,24592.4,20685.4,18075.7,23038.5,24967.4,23021.4,23192.5,21747.6,24080.5,20190.8,23793.4,22889.7,21214.7,18656.1,22407,22947.7,19487.8,18650.6,22842.5,23416.5,20456.7,19487.3,20840,23022.6,22744.9,19899.7,18228.1,19390.8,18980.8,23373.4,22863.6,24243,20003.9,19187.9,22942.3,23156.4,18161.8,22571.1,18097.9,22201.4,23081.8,18958.5,22704.5,19492.1,24019.5,21959.4,21110.9,21653.8,18251.8,23668.9,18471.5,23173.3,22647.3,18753.6,22873.6,23862.3,24897.5,19293.5,18663.8,18532.3,21005.8,18787.4,22779.4,20334.8,23993.7,17475.7,22308.3,20158.5,22433.8,20727.2,22699.1,19197.6,23405.7,23103.8,20036.9,19697.7,20135.4,19968.4,22589.1,20522.7,22477,23041.5,19462.2,19412.7,18372.3,19931.7,20618.9,20363.8,23606.5,19300.8,18502.2,21848.2,22263.3,20943.3,21550.5,21047.6,23611.9,22066.8,20617.5,24930.1,23838,22339,21879.8,23717.6,24652.8,23267.1,23795.1,23064.7,20056.5,21342.6,25075.8,19966,22240.7,21289.6,22073.8,25294.2,26171.3,22455.9,25049.6,19975,25242,24579.9,21354.6,25870.3,23054,24713.2,21672.4,20397.7,19898.3,24923,19711.9,22481.2,23411.3,23606.2,20572.1,22817.3,19845.5,19419.3,20054.2,21083.2,21264.9,21486.4,25099,23798.6,21013.9,21735.4,23633.3,21424.8,21515.1,19018.8,19007,23299.1,22927.4,21657.1,20285.7,19057.2,19443.6,20376,23602.7,24279.9,18896,21057.2,19438.3,20403.8,23896.9,22996,19883,22336.5,23207.2,22335.2,19901.6,20685.5,19076.3,24291.1,22323.5,19986.8,25442.1,24754.2,19543.2,21711.1,24173.8,20681.2,20998.5,19445.7,22783.6,20110.7,19419,22217,19300.1,23128.6,22875.5,20371.2,22231.5,24035.5,22012.5,22393.2,18589.7,23574,23375.8,23913.7,22753.2,20084.1,24955.3,19364.8,23684.5,19736.4,23553.8,20430.9,23386.4,18372.6,18652.3,20039.9,22899.8,19882.2,22024.7,24131.1,23335.8,18840.2,20589.2,19495.1,20662,21917.9,20584.6,23074.9,20065.2,23208.7,17823.2,23731,20842.4,22490.6,22032.5,21126,22769.4,22036.9,18800.6,22508.2,23275.6,24228,23128.1,24775.5,21140.9,20373.8,23379.7,19497,19981.1,21995.6,18520,21469.5,22873,22495.7,21452.1,20580.5,23633.4,22847.1,21951.5,23801.6,22256.4,21558.2,21630.6,20060.1,22903.3,23254.8,26484.6,20082.9,20827.3,20532.4,26417,25201.3,23375.6,22349.8,25920.2,24713.9,21652.3,25572.6,23010.6,22373.1,23222.7,20706.9,23060.4,19937.2,23029.1,21486.3,23243.8,24615.2,22414.3,22551.8,23500.7,24004.9,20613.9,19507.6,24301.3,20614.8,23033.2,22881.4,25056.4,22373.9,24949.5,21490.8,23177.6,21480.2,23866.9,21121.7,20092.9,25735.4,21579.8,26248.6,21938.4,21078.6,22032.2,25308.9,30852.8,33553.6
32058.9,32208.6,25178.5,21544.2,20732.5,20182.3,25178.7,20620.7,22195.2,20374.6,24551.5,21733.4,23000.6,24234.8,19638.3,23010.8,19437.1,20119.4,23408.9,18182.3,22306.5,21664.4,20470.2,19540.8,23043.7,21807.5,24271.7,19233.5,21938.1,23578.2,24162.8,23981.6,22960.3,22472.3,21898.5,22739.7,19826.3,24132.7,21059.1,19091.5,22407.2,21050.2,21613,21364.5,22647.1,21421.8,18708.4,20896.9,21394.2,17722.1,20248.9,22469.6,19028.6,17924.5,18866,22938.4,20443.4,19183.5,20963.8,19321.6,17525.1,23809.7,20285.6,23022.6,23498.2,21153.5,20736.8,19612.8,18356.9,19817.2,19040.1,22671.6,21391,20880.3,22467.7,21032,24326.9,20611.4,18836.1,24307.9,24854.6,24645.6,18860.7,18600.3,24908.9,23439.6,23420.1,18507.7,19051.4,24060,19534.6,22014.9,24376.5,18508.8,18994.4,23828.5,18356.8,19790.9,23181.3,22011.3,20294.5,21962.4,18208.2,21823.5,21608.4,18368.4,19237.2,18842,22654.6,23413.5,24411.1,19728.9,21939.9,20054.9,23247.8,20109.1,23280,20889,23306.8,19581.7,23190.9,19863.7,23880.7,19858.4,20897.9,22711.5,18203.5,20420.7,21107.1,24147.3,21085.3,21040.7,18566.2,18568.4,22609.7,19516.7,22197.3,20406.5,19552,20274.5,20368.2,20035.3,17980.5,20177.9,17933.3,19020.2,24099.1,17778.2,18013.4,19442.6,19050.2,21648.1,22796.9,20635.7,19519.6,22449.3,19037,19689,24155.2,20043,21911.6,23620.8,24333.1,21984.9,24338.5,18713.7,22077.2,18866.8,19544.1,22755,19505.6,22438.9,25581.4,22914,25154.1,23304.3,23981.8,22154,20160.8,21463.6,24311.2,23911.7,21956.2,25506,25550.1,22495.4,24295.8,19882.9,22463.6,21352.9,19963,25362.6,24448.4,21083.3,23706.9,21397.8,23603.3,22664.4,19707.4,19773.9,19328.9,24784,23341.6,22119.5,24245.3,23024.3,22879.3,23749.7,22954.9,25533.9,25312.2,25585.5,20947.6,21767.5,19565.7,24678.2,19657.5,24462.3,24780.2,20546.8,20693.9,22825.2,21653,18840.2,21693.4,21585.2,23115.3,21873.9,23587.8,23020.4,22151.9,18679,20771.7,22129.3,24766.6,20441.1,19027.2,19267.8,20285.5,21621.5,20999.5,22902,18551.3,21982.9,21813.8,22019.6,19059.1,21072.4,23749.3,24425.5,19345.9,25383.1,20310.6,21244.9,23201.2,25215.1,22752.6,19851.7,19082.8,23794.7,19322,22035.7,18092.7,22424.1,23416.8,23440.3,23015.2,21207.6,24409.8,20695,20833.3,19644.7,18820.9,24950.3,19590.8,20085.5,24938.9,24617.8,24443.3,20867.4,21195.4,22601.8,23744.4,20890.3,18557.5,22070.7,20319.8,21387.7,17979.3,21802,24202.5,23008.9,19313.9,22546.8,18951,23629.8,18974.3,21670.1,22698.4,18211.2,22494.5,20575.8,24497.6,20532.9,20194.2,23322.9,18318.6,21461.4,23443.2,22185.9,22578.4,22099.9,21023.5,22486.6,18446.8,21185.7,22468.4,22773.5,20330.6,22604.6,20710.1,21110.1,20091.1,24225.2,22918.8,21488.1,21279.9,24059.9,22565,19885.5,22866.1,24247.9,21092.7,22078.3,25361.7,21384.5,20191.5,22540.1,23068.1,23829.5,25761.9,22791.2,22255.7,21083.2,21709.7,24341.4,23179,23124.3,22960.2,25976.7,23249.8,23444.7,21226.1,25201.4,24282.1,24849.8,21404.6,22889.9,25735.7,26080.8,25430.4,23629,24452.2,22609.8,19225.7,22176.7,25531.4,20133.3,23810.6,22860.3,20467.3,25090.3,19359.3,23944,20629.4,23202.3,21369.5,23925.5,21966.3,26093.2,27319.9,28614.6,33067.2,35688.1
32600.4,26051.1,24865.8,24186.5,24983.7,20404.9,20427.9,20437.7,23925,19370.9,18670.4,19913.7,20760.1,22781.9,18524.6,18812.2,23491.3,20089.8,23966,21689,22478,20642,23886.5,23735.4,22542.1,23587.8,23533.9,19695,20749.5,24139.1,21402.6,21453.3,20032.8,22409.2,23755.9,18190.1,18120.1,19097.1,20382.3,23267.6,23086.2,19972.8,23253.9,20983.3,19379.8,18201.9,17620.1,22932.1,22746.8,19912.2,18511.2,23627.1,22579.1,19209.8,22937.6,19450.4,21624.8,21838.6,22064.2,22309.7,20000.4,19734.5,21824.8,23390.8,24080.4,20634.4,21449.8,18603.5,21371.6,18570.2,23489.8,20337.7,21198.2,23392.9,23726.4,20657.9,23543.6,21298.1,23756.7,21650.1,24519,24771.5,20258.1,22204.9,24064.7,24406.7,22854.2,23491.6,18595.4,23712.3,19349.7,23238.7,22473.8,22343.3,23350.7,23161.2,20259.9,20729.2,18693.9,18714.1,24662.4,22961.6,21066.3,21978.3,20152.7,19946.3,19033.8,22222.2,20208,22878.1,23672.3,18290.1,19287.2,23849.1,18652.7,18370.1,21336,18388.9,19884.9,22694.2,21802.4,20369,21745.5,19735.7,18204.2,19356.1,24949.5,23763.6,24177.8,25086.8,22000.9,20979.9,24450.5,25381.1,24212.7,19261.2,24039.4,18759.7,20463.3,21585.5,23487.3,21854,18352.3,20622.6,23563.9,17566.2,21980.4,21201.7,22853.7,20511.5,24205,19657.3,19149.5,21967.3,20977.4,21867,21616.6,20936.2,23854.3,19397.1,18524.6,23010.8,20218.4,21895,20428,23837.8,21527.2,21959.5,20095.4,20177.3,21877,22134.2,24752.7,20340.7,25018.7,19378.1,20989.7,20817.6,24125.6,20058,21700.2,24690.2,24484.5,20029.4,24777.3,22398.4,20861.7,24946.1,24608.6,21839.5,24540,22402.5,20048.7,25891.9,21653.3,24858.9,26114.5,20506.8,23691.6,23866.1,22214.8,21770.6,22729.3,26106.5,20851.4,20362.8,19455.4,25441.1,20705.3,24122.9,21002.5,20574.3,22064,23259.9,21292.6,19027.6,23225.5,21302.6,22131.8,22278.8,19721.7,23085.2,21595.9,19162.9,25043.5,20086.2,22704.3,22204.3,24572.1,22483.1,21410.8,21451,22260.7,20762.1,21475.6,19197.6,19667.3,19569.5,18630.5,19154.6,20577.9,18562.8,21374.4,22044.1,22770,20454.3,23261.6,22510.7,25644.7,25747,20007.1,24044,22151.1,23106.1,24677.9,24131.9,25079.6,24915.9,20647.3,22710.9,20853.3,21849.2,18372,21481.8,22278.5,23812.1,19620.5,19494.7,25386.8,25150.5,18922,25167.5,25074.3,23381.8,24026.8,24386.8,24909.1,25255.4,21929.5,22672.9,19238.7,22423.1,22355.8,23652.3,20263.3,23551.5,21456.2,19116.3,23209.9,21493,23587.2,18656.3,22430.9,21686.4,18553.1,23108,20581.3,18546.4,20649.7,19707.6,18529.6,18297.1,19149.1,21097.8,18331.3,23907.7,17961.9,21537.3,22841.6,21163.4,22837.7,18547.3,23740.9,19252.5,22473.2,19693,21769.6,18759.6,22846.2,24130.1,24224,25292.7,24420.2,21294.9,24699.4,25998.6,24042.2,25201.6,23279.8,26021.5,24529.7,20236.9,19890.4,21696.6,23512.1,23704.4,22864.2,21828.3,19719.5,20692.6,22800.5,22163.3,20445.8,20897.3,25994.6,20158.6,20685.5,22678.7,23265.5,24298.9,22109.5,21858.6,19927.6,21541,23263.6,21536.8,20157.3,25699.7,20696.3,20430.6,25303.5,25130.1,20141.7,22327.5,19914.5,20572.1,24967.2,22216.8,21987.2,21140.4,21709.1,20018.9,20537.7,23055.8,23976.9,25201.9,20201.9,24519.6,24735.5,23281.2,22080.1,26717.4,27634.8,32128.6
35114.8,31810.4,25604.6,27084.3,20753.3,19911.7,21522,22369.3,18594.9,21094,20062.2,22615.1,23440.5,18273.6,22349.9,22826.9,19994.2,23668.8,23876.7,20673.9,23115.5,19747.1,23363.3,23766.3,23831.9,18219.7,18789.9,22615.6,22426.2,21354.4,23867.3,22660.2,20429.4,23757.8,21507.6,23436.2,19862.6,22352.9,23953.4,20160.1,19140.4,18390.4,21434.7,19815.3,17914.2,18690.7,23792.6,22445.2,21858.7,21368.5,20228.3,20534.2,21787.4,18709.8,22560.4,17756.8,22278.5,23324.3,23426.9,21777.8,18782.4,23486.8,21714.8,22739.4,23807.3,20544.1,18896.4,23564.4,18745.1,21946.1,18772.2,24159.6,23682.2,18724.5,24494,23983.7,21915.1,23270.1,23684.7,19262.5,22037.4,22139.9,24956.4,20457.1,22408.8,18483.5,23210.3,22457,18662.9,22472.7,24083.2,22171.8,23183.5,22373.1,22624.9,24770.1,18678.8,22159.8,23880,21159.2,20332.9,20401.3,23230.8,20750.6,20443.7,19676.6,21774.2,19222.9,24135.2,18520.5,22757.4,22408.8,20774.8,19901.1,19623.9,21823.6,19176.7,21801,18666.5,21132,19281,22873.6,21703.6,19295.2,17739.5,19067,21226,22233,20038,24818.3,21284.7,22803.2,24065,18710.2,18857.9,18785.2,19953.1,17693.2,22872,22380.7,20691.8,19156.3,19362.7,23873,18104,22664.4,20832,23972.6,18088.5,22477.3,23944.5,23461.1,23464.6,22760,20316.1,18633.8,18773.3,17957.7,17806.8,21243.1,20509,22098.6,18872.2,23949.8,19144.4,24297.3,21376,19008.5,25184.4,20612.2,24509.8,23694,22593.5,25697.7,24112.8,19598.1,19241.4,23911.2,25452.4,19861.4,22914.5,19963.6,24449.9,24381.5,25231.9,25629.9,23686.7,24252.4,25173.7,25653.5,23093.4,20670.3,23257.6,25262.3,24194.3,23666.1,20805.6,23552.3,21206.6,21303.4,22586.4,24125,19369.4,20850.9,20028.4,20674.4,20470,23154.9,24236.1,24278.8,22959.5,23494.4,25854.8,24383.9,22946.5,24570.4,20936.9,21689.1,24374.1,23744.8,21864.1,20030,22490.3,24100.9,23598.9,25146.6,19254.3,25072.5,22468,23470.7,23337.2,20403.4,23797.7,20109,20696.4,21902.5,21668.2,20755.8,19998.7,23091,20260,19639.2,21970.8,22318.1,20446.8,23885.1,22394.3,24725.4,20987.4,20224.4,20320.6,20215.8,21594.3,25404.6,19750,21282.1,22537.6,21101.4,21301.7,23137.9,19608.6,20597,19517.8,21414,24364.4,21695.4,24303.3,20122.2,20377.6,20405.6,23704.1,20180.4,19849.4,22053,22882.2,19025.3,22387.2,19978.9,20301.1,19001.5,23766.2,24132,19877,20473,20042.7,24642.6,21050.8,23205.6,20685.2,18369.9,19217.5,23730.6,23265.3,22721.6,21679.9,22363.8,23975.4,18398.6,23969.8,23667.1,21413.4,24089.3,20959.4,23189.2,22170.6,18151.5,24297.6,22981.9,23218.8,18333,23260.8,18540.4,19920.9,19775.2,20263.9,19675.7,19209.1,19695.6,21018.4,21688.9,24276.2,19094.6,21446.6,19302.9,20510.5,19312.8,24442.2,21547.8,21198.8,22289.7,20272.2,24655.7,23778.3,25752.4,23649.1,23242.2,24750.4,26026.8,25943,23624.9,22426.7,22094.7,24229.3,25995.2,23360.7,23581.5,21765.4,23268,24226.5,24556.5,24754.5,23622.1,19415.8,22733.4,22817.1,23409.3,22120.8,22535,21822.1,21543.3,20004.1,23104.2,20469,21143.8,23243.8,24669.4,18984.9,18979.5,25717.7,23028.5,22161.1,24531.6,24552.6,22022.5,25309.8,20345.9,25217.8,20361.9,22888,20574.7,25611.1,28192,27040.3,36011.7
32480.7,30723.8,26102.8,22978.7,21595.7,20950.2,24596.6,19572.9,19718.3,22945.4,21718.1,21921.6,22546.8,19928.8,21261.3,24061.3,20900,22187.3,24526.2,20620.6,23743.8,22934.9,20275.2,22740.1,19066.2,18622.8,22125.7,23569.7,20901.9,18257.3,19127.7,23980.3,19723.7,23310.4,21950.1,21986.9,20809.6,18680.1,20303.9,20444.1,20468.9,23147.8,22156.1,21735.4,17953.9,19028.8,17838.9,21304.8,22981.1,22421.6,23450.5,19175.3,20114.2,18676,18279.2,22859.5,18086.1,24057.7,21064.9,18264.9,18478.8,18332.7,19398.5,23626.8,22561.2,19435.3,21071.7,22067,24402.3,23073,23108.4,23292.4,20753.5,21086.3,19111.5,22685.7,21925.3,23042.7,19196.6,24661,18864.9,21873.2,21313.8,21979.5,20398,19097.8,21100.1,21277.8,22956.4,23305.5,21157,21273.4,24426.8,20679.9,23917.7,22939.9,21828,20000,20451,23528.3,21735.4,19029.2,24337.9,19619.7,18328.5,23207.6,20297.9,19255.3,21801.4,18974.5,19077.7,18635.9,24631.6,22652,22678.9,19078.1,21908.5,17976.7,21892.3,20351.6,20462.5,22724.1,22891.4,19595.8,21772.4,19256.8,20099.8,24986.1,24911.5,19567.2,23603.2,21002,19916.2,19771.4,19784.3,21924.8,20444.1,22270.5,20364.6,20228.2,21050.6,21204.1,18003.5,20477.2,22220.1,18456.5,20235.8,21719.2,20050.2,22002.5,22575.6,20232.1,22559.3,22707.1,15784.9,23071.9,21010.5,22556.1,21962.4,23256.4,18861,23555.7,21292,18468.5,20838.4,22188,23274.4,22012.6,22351.6,21505.1,23012.4,25797.9,19864.1,20219.4,25438.6,25083.1,23375.8,25738.3,24724.5,20194.3,21356.9,21734.4,20706.6,24295.5,25507.2,20380.3,21666.3,25012.4,23408,22920,24038.1,26059.3,22384.8,22617.2,23076.1,22461.5,20204.2,19923.5,25867.5,21073.9,23473.2,25859.8,23392.4,23341.4,20757.7,21396.2,21581.6,20467.4,20054.1,25421.5,21679.5,20751.4,24125,23994.9,21648.1,25304.9,23968.6,20569.7,24112.7,19422.6,22139.1,22444.6,20090.2,23807.7,23262,19730.8,19212.2,24525.4,18783.8,22275.6,19559.2,20323.5,18968.4,19573.9,23336.2,22201.8,22271.5,20856.1,19197.3,22988.1,23379.1,19800.7,23103.1,18438.2,21520.2,21162.1,21131.1,22852.6,22037.8,24737.9,21554.5,21512.7,21419.3,19710.6,21687.5,21085.9,21526.3,20823.8,19243.5,20151,19879.5,20240.9,18692.2,24390.5,22919.5,23533.5,19395.9,24676.9,25648.5,22799.4,18944.9,22157.1,25418.2,25540.8,20157.1,22559.4,20437.4,21752.6,24582.8,24731.8,22293.2,19167.6,21159.3,24711.5,19972.1,22835.1,22610.4,23022.3,24022.1,20603.2,23141.1,23276.6,19186.1,20724.3,20018.2,19550.6,23301.8,18422,22092.6,18391.6,21220.7,20457,21386.3,20201.4,18203.9,19563,22883.4,22852.9,20997,24433.9,24880.2,18750.3,23521.8,19675.8,18540.4,20097.4,19610.9,25214.9,20370.8,24987,19265.5,24265.3,21902.5,21746.4,20530,25361.5,22503.4,20612.3,24686.4,22565.1,21621.6,24872.1,20224.6,25394.8,22751.8,24005.9,21945,21783.4,24448.3,24880.4,25848.9,25212.2,22730.4,20447.1,21861.3,23677.7,22957,21983.6,23005.9,21355.2,20045.6,23649.5,21332,21045.8,23309.2,24696,21601.6,21623.5,25602.7,20286.7,19389.1,19420.6,21618.5,25516,23386,20618.3,24532.4,22902,22629.9,19745.5,22917.3,23363.5,23879,25973.1,24519,20995.4,21320.9,20541,24821.3,23713.3,22476.6,25988.7,32736.3,34508.7
36226.6,31779.8,25982.7,24742.5,26221.1,22043.4,25070.9,21052.8,19768,19672.7,21371.5,23269.6,18692.6,22098.8,19349.1,18303.4,18996.2,19505.1,19059,23137.5,20107,19186.3,19805.9,23573.1,22095.9,18628.5,20553.3,20810.8,23415.8,23264.7,23957,19576.2,19283.2,22525.9,20582.3,19160.5,18084.4,18092,19387.3,20389.7,18387.2,18140.6,21527.9,23877.8,17801.2,23072,17854.4,22869.9,23817.4,21381.7,23706.1,20523.1,17580.1,20138.2,20843.3,22213.3,23222,18614.7,20305.1,17767.2,21253.2,19532.3,18991.4,18026.8,20898.3,22295.4,18370,18176.8,23182.9,21903.2,21826.8,20592.5,23000.7,21346,18418.8,19695.1,20350.1,18615.9,19521.4,21873.9,18643.7,19172.8,23360.4,19008.7,23478.3,19793.4,20845.2,18984,24268.1,25194.4,22496,23973.9,23815.4,21851.1,22092.8,23738.1,21057.3,23679.8,20046.2,24040.1,22905.9,22460.5,24330.6,24697.9,22890.8,24118.4,22412.1,20675.8,20277.9,20982.4,19323.1,24123.5,22135,22204.6,20052.3,19095.2,20908.2,20965.8,20975.1,20901,22945.6,22196.7,18093.3,21940.6,21818.4,24434,20609.5,21203.6,24718.8,22952.7,19407.1,19237.2,19520.3,20275.4,21803.3,19503.1,19400.1,21338,20865.6,18723.8,18186.9,20611,20932.3,23924.5,20173.5,17419.5,17814.9,18147.1,23782.6,23481.5,20175.6,23794,21325.8,18332.9,16216.6,18831.4,24230.1,23641.6,18515.5,19914.6,20145.1,19692,22075.7,20815.9,22889.9,23171.2,23515.1,24275.2,19240.1,23472.5,25226.5,19865.9,25284.8,21993.6,21839.2,24721.7,21793.8,20964.9,24370.5,19690.8,21917.4,24112.1,23056.6,22785.4,25351.4,19760.6,20985.4,23751.1,22260.9,23639.7,21670.5,26139.1,20574.5,22621.3,20561.4,21781.6,21200,24169.5,20850.7,20946.8,19359.8,20502.1,24897.4,20780.9,22884.2,25302.8,21579.6,24915.1,24013.8,19907.4,22965,24006.9,23515.1,19652.1,25009.6,19952.6,21847.9,18765.8,18828.2,20487.4,22137.5,24810.7,20225,20380.9,24129.6,25479.2,21452.4,25208.9,20860.2,19901.1,21758.4,22018,24470.6,23326.9,20730.4,24360.1,21514.2,20339.5,24745.2,22291.8,23452.4,19227,21418.5,21296.4,19788,21678.3,22524.7,24462.9,23110.6,24385.5,21806.1,23108.3,21489.1,25483.3,20899.1,22962.7,24030.6,23181.8,19358,20579.7,24473.8,24346.3,24809.3,23945.4,20568.4,19858.8,24121.2,22523.4,22053.1,21039.6,23415.4,19646.7,23030.2,20743.6,19970.4,19142.7,22172.1,22154.6,21483.8,19096.9,23342.9,23025.3,24689.9,22871.8,20399.5,24315.9,23901.4,19695.6,19937,18626.8,20067.7,20291,24321.9,21273.2,22105.3,20352.7,19075.7,19367.4,21867.4,23528.3,23609.5,22793.2,21474.2,20569.8,23307.7,24342.9,22882.3,19738.4,20158.9,20724.1,19378.2,22330.3,23241.2,18955.1,23539.3,24969.3,23065.8,19049.7,23319.8,24541,19970.3,23950.1,20832.2,23122,21795.2,25550.1,25153.6,21282.5,19441,23619.4,22210.7,23088.6,24308.2,26230,22171.2,25424.9,25790.5,23817.5,26285.9,24949.5,26029.7,20491.7,22676.4,21597.9,23413.9,23757.8,23835.6,20451.9,25713.5,21163.7,22902.6,22431.3,21490.7,23389.2,23597,20413.5,24553.4,20323.3,23106,24935.2,19997.9,22517.8,20894,23884,22532.7,19753.3,24763.8,23740.1,20796.6,25073.3,25994.5,22052.4,24530.2,22719.3,25153.5,24144.9,19776.2,19642,24641.4,24640.7,27594.4,24882.4,27715.1,35305.4
34641.9,31047.2,26591.3,22504.2,21684.1,21683.5,23343.5,23634.7,23497.8,21423.3,21442,20629.2,20738.2,24472.8,18703.2,19167.2,20424.6,24600.6,22894.3,20369.4,18980.1,23894.1,23380.7,22773.7,23333.9,23618.1,22854.7,19268.6,22137.2,19521,23881.4,24478,23929.2,22561.4,21780.8,21935.7,23094.1,21083.4,17886.7,20389.1,18132.5,20902.8,20780.9,19333.5,19667.9,22341.9,19274,18313,20185.3,22329.8,20236.6,21290.5,23644.6,22908.3,19684.3,20454.5,22111.4,22144.5,17852.9,19180.5,20843.4,23076.6,20682.5,23612.3,19449.4,23858.8,24142,23190.8,24045.7,20992.5,18239.7,21948,21909.7,20204.3,23909.1,24500.7,24974.7,24287.9,24958.9,23332.2,24846.8,22764.2,19530.1,20362.7,23427.7,18457.9,20696.6,22181.2,25126.2,24757.3,19406.5,23493.2,23846.7,20025,19961.6,22257.5,19974.3,18660,20084.6,18284.2,24428.1,19690,20057.8,18473.7,18357.3,19803.1,23274.5,22849.4,23991.3,24498.3,23036.6,18422.4,18518.7,24292.9,22907.6,21328.5,23231.9,20110.1,24201.4,23513.4,19535.8,17824.3,22034.7,21943.7,24357.1,19273.4,23838.5,19044.7,23157.4,24775.6,20962,24745.4,25343.8,22576.8,19792.9,23823,22834.4,20272.3,18546.3,23194.7,22173.5,20068.1,20458.1,19480.1,19934.1,19621.2,23652.5,23433.1,18828.2,22945.9,23161.9,19070.3,20292,19436.6,20749.2,23773.9,24089.8,19847.2,21552.3,21265.4,22852.7,20154.8,23400.8,23737.9,23488.1,21436.8,23986,22929.7,22797.7,21167.7,25169.5,22725.6,23457.2,24627.1,23910.8,21050.7,20250,25270.2,23278.1,21898.3,20286.8,22407.5,19816.1,22678.5,24280.9,24429.7,20874.5,21238.7,21687.3,26264.4,20853.6,22628.9,24964.2,21420.8,25910.2,20501.7,21005.9,24813.9,21119.8,20107.5,23604.9,21206.5,22462.1,19645.1,21891.9,23018.7,20958.6,24676.3,21840.8,21659.2,23166.4,21167,24951,23271.1,23898.7,19574.1,19559.1,23376.3,23342.2,24693.6,21311,18938.2,19309.3,23947.7,19326.8,19676,22990.3,23672.1,19842.6,22766.3,24417.6,19159.6,22633.9,20729.5,21523.1,21909.6,22317.5,24959.3,24125.8,20140.2,23133.1,21679.1,22534.3,18405.5,19193.6,24233,25009.9,24283,20959.8,22594.1,22485.5,21719.1,21389.7,23277.7,23570.5,19373,23915.1,22960.5,22254.4,24467.7,21952.7,19026.9,19235.7,21719.4,18673.6,20658,24229.3,22024.8,22504.6,25002.7,21244.7,21854.7,22962,22138.6,20888.1,20173.4,24376.6,24730.7,23177.2,23513.6,20250.5,22079.5,20364.5,20021.6,20147.2,19820.8,19373.3,20400.1,21719.7,23526.2,24546.5,20703.5,21774.3,20342.9,22685.7,21201.6,22019.9,23987.1,24308,24490,22538.5,22094.5,20420.7,19468.3,20210.7,19288.6,18582,18737.9,20794.1,20323.2,19922.6,20186.3,24470.8,23283,20535.8,23621.7,22672.5,23822.5,21624.5,23276.6,20675.2,24568.5,24144.2,22344.2,19221.1,24224.4,21968.7,22843.5,20289.1,21714.8,23627.6,22249.1,22396.9,22492,23188,22419.5,19693.8,26365.5,22900.1,22379.7,23586.6,20455.2,21450.2,25851.7,19947.7,24151.3,20496.7,20149.9,24328,23367,19740,24164.6,23120.6,21565.6,24694.7,25224.3,24404.5,26001.5,21048.9,21248.5,19214.7,19727.5,22506.1,23872.1,23938.5,22648.1,20785.4,24925.6,21651.9,23821.6,21882.6,22694.6,25193.3,21490.6,19293.5,19560.8,20918.3,24191,21528.9,22960.2,24771,26949.6,27361.4,37745.1
32295.8,26609.3,24863.4,27438.2,25876.9,21450,21648.6,20994.9,20639,18809.5,18286.7,19121.8,21994.8,19663.9,18949.8,19262.1,18512.6,18662.4,18514,22370.7,22274.1,21623.7,19907.5,22731.4,22312.3,18246.8,20536,20425,18720,21033,22366.1,21782.6,19013.5,23298.1,22739.2,22398.3,21442.2,18442.8,20813.2,20433.3,21185.5,19783.8,18050,18929,23386,20096.2,17811.5,19645.6,20640.4,20562.2,20831.6,23985.9,19996,24020.7,23090.8,21896.2,19619.3,22298.2,21149.9,21537.2,23077.1,22513.5,22076,21800.6,19327.7,22263.4,18281.4,21077.9,22056.7,20020.6,21720.9,19834.1,23708.9,22934.6,22568.6,20331.7,24507.9,23968.5,23143,24063.9,24604.4,20652.9,19849.9,21751.9,22815.1,24227.1,19525.1,21430.7,19906.6,18819.4,18681.5,19656.6,24532.6,24604.4,19012.2,21552.1,22537.2,23601.2,18577.7,23315,23417.5,22478.2,21755.2,22662.6,21150.5,24488.6,23677.6,21389.8,21785.8,22282.3,23681.4,19437.8,24499.8,22398.5,22535,19919.8,19526.2,24080.4,22294.8,22806,19290.2,22050.5,19795.2,22510.2,22504.6,23842.7,19467.2,19619.3,23201.8,18628.2,23485.7,23393.3,23446.8,19905.8,23464.8,24025.7,22226.6,21913.3,20168.7,17526.9,23735.5,19982.4,22610.3,22289.8,22234.5,17845.3,23505,22575.4,19618.2,22583.7,18774.4,19323.6,18215.4,18814.2,16516.4,17543.6,21719.9,22275.8,18582.7,21187.8,20064.7,21646.9,22840.3,24028.9,21124.4,22735.6,24460.8,23342.6,18894.1,22079.9,24730.5,25702.7,20019,19880,22148.4,23027,24382,21687.4,22533.1,21487.9,25625.6,20536.4,25021.6,23924.8,23198.7,23286.1,23173.6,21255.5,21716.8,21473.7,24486.5,21057,22136.9,20744,22801.5,25338.8,24228.2,20803.5,21340.9,19672.3,19533.8,22069.4,22062.8,21676.9,21528.6,21683.5,20456.2,24248,19731.1,24743.9,24587.4,20072.7,21831.2,21579.4,24874.4,19255.5,24265.5,25576.4,25334.7,19761.4,19045.8,21497.8,24503.5,23110.4,24246.8,21329.7,20870.9,19277.5,19596.8,25482.8,21211.6,23721,23626.7,24422.8,21853,24879.9,20938.8,18818.6,19644.1,22738.4,24606.9,24200.1,24169.9,19179.2,21041.5,22651.5,25078,19780.6,25484.3,19630.1,20476.9,23193.1,19781,24624.6,24755.6,19970.1,23604.1,22389.7,19397.2,23789,23178.5,24131.1,21229,19513.4,22468.3,23840.7,23205.8,24620.8,25697,24843.4,25620.1,25471.1,23743.5,21760.7,21515.5,19358.8,21578.4,23051,22310.2,21262.8,20558.6,21422.6,24731.9,19462.2,22514.2,19598.3,19995.4,19850.4,25159,20738.6,25068.9,23706.5,23778.5,22616.5,19059.5,20140.1,23871.1,21485.9,19164.5,19147.6,19652.3,20275.4,21500.8,20051.4,19123.3,24538.1,19685.3,18137,24455.4,21105.3,22495.8,20710.5,24169.8,23949.6,19219.3,21980.6,21966.9,22827.8,24077.6,24949.5,25153.9,19840.1,21240.7,20860.8,24127.9,19974.7,21154.2,19853.6,25539,20876.1,19383.8,22839.6,21702.4,20339,22554.3,24457.3,19621.2,22681.8,22080.5,25840.7,21791.9,23255.1,25726.3,19971,25009.1,21239.1,24781.7,25040.6,25207.7,21388.7,25307.7,23688.7,19592.6,19978.3,21935.2,23661.9,22088.2,24316.3,24864.8,21949.7,19481.3,20333.9,21256.4,21914.3,24655.8,24202.8,20491.4,24362.8,19726.2,20780.1,19595.1,24457.6,24686.4,19402.3,21748.6,26064.8,21374.5,26062.4,25074.7,22395.8,27530,27586.3,31456.6,37789.5
31050.7,30816.3,28163,22674.6,24936.7,20607.3,19984.1,22602.8,23650.5,23658,22180.5,18371.2,22402.4,21301.6,22871.6,22278.3,18703,21389.6,20804.6,18768.1,19669,22138.1,23397.5,20900.4,23721.9,22654.3,21275.8,24389.4,18456.1,22634,18510,21022.8,21599.7,22540.2,22571.6,19788.7,18932.5,18962,19368.7,23071.6,19359.1,18014.6,19562.2,19442.3,21650.2,23814.9,23209,22092.3,20251.6,19956.8,18224.6,19406.7,20713.9,18094.6,23409.8,22712.6,23359.7,23617.2,18347.5,22121.7,23086,20669.1,21773.2,23135.4,18878.7,18762.8,19839.2,23190.1,22602.4,18248.1,20029.6,19979.3,24254.3,23206.3,19102.7,22066.6,21141.6,24975.3,21988.8,21711.2,22886.1,25105,22694.8,21663,20321.3,19978.1,20725.2,20112.3,24844.4,22825.8,23648.3,20590.5,20945.5,19682.5,24785.8,18989.3,21334.7,23826.8,19682.9,23303.1,22748.5,24577.4,20464.1,18259.3,18818.2,24346.6,18319.8,20986.7,21374.7,20137,21369.5,18718.3,18886.9,23937.9,20711.2,23048.9,20527.7,21940.2,22898.8,17289.6,23401.6,23200.4,22084.2,23608.9,20838.7,23821.4,21888.6,24530.2,24207.9,18754.8,24042.6,24142,22950.8,24607.9,23270.8,19549.9,22993.5,18234.7,18795.1,22579.9,21796.2,19038.4,23042.7,22838.9,21675,18550.7,23143.2,23140.7,18416.9,18539.4,20333.4,21116.1,19328,23575,18491.2,19071.7,18972.4,22286,18227.3,21324.6,21458.6,23427.7,21876.7,23634.5,20489.1,24475.8,24589.4,21964.3,19715.8,25299.1,25269.2,21050.8,21882.5,21284.5,20789.9,22136.4,19576.1,22803.5,20168.8,24759.2,24319,20010.5,24175.2,26119.6,20588.5,25801.8,20986.4,20924.1,23182.7,25342.1,22451.7,25861.4,24711.4,22562.7,20010.8,25193,21270,23738.6,23694.9,21297.5,25085.6,19711.8,24012.1,21672.3,22704.5,24561.9,21323.6,22182.6,21671.5,24956.7,23273,21857,19767.1,20266.1,24891.1,20415.1,21699.5,19477.5,19340.5,22776.3,21696.2,24766.2,21019,23119.9,21095.8,20020.5,25116.5,20310.2,21521.3,22392,23611.5,19894.9,23386.2,22904.7,20935.6,23426.6,18729,18480.2,19024.5,18911,23914,18734,23054.4,24589.5,22717.8,20752.7,19239.5,23242,21097.3,23922.8,25823.4,22564.7,22624.4,25206.9,22348.4,21845.1,19310.1,24825.3,21027.1,21754.7,19868.3,23681.7,22254.4,20400.8,22451.5,23491.6,24554.2,25669.1,23473.7,21121.7,25524,22915,22965.7,24609.3,22902.2,24528,23041.5,22610,20146.7,24464,22209.8,21838.2,20195.2,20064.9,23890.2,23612.8,24137.6,19018.2,24101.7,24473.8,25073.9,22876.4,22698.2,19533.2,23298.8,20241.7,18738.5,5819.51,18986.3,24206.4,22513.5,20684.5,22021.3,23352.3,19863.9,18170.7,22466.1,22293.8,21013.8,21641.4,21509.1,23189.5,24710.1,21794.3,19549.5,19163.3,18682.4,23449.7,21816.3,22181.7,23973.9,19552,22764.8,19770.1,21160.3,19431.2,19495,20080,24755.3,21331.9,21621.3,23090.2,20695.9,24494.6,25489.7,19650.1,21708.8,26144.5,24006.4,19796,23322.9,20161.2,23042.9,25261.5,24426.9,20635.2,25672.5,23163.6,23950.8,19804.7,21470.7,23662,23218.3,25861.7,23336.8,25454.9,23057.9,24871.1,22517.9,21883.8,19818.7,24144.3,19262.2,19304.5,19687.4,24344.7,20763.6,24665.5,25116.4,20061.5,25573.3,23148.5,24598.3,25930.7,21025,21842.8,24815.9,21153.4,22825.2,24358.8,26540.5,24577.4,27248,34541.9
32389.8,29157.9,26277.6,23766.7,21689.1,21016.8,21068.5,25022.1,22098.9,19051.7,23649.2,18919.1,21419.6,23115.5,21863.2,21362.5,19414.7,21963.7,23617.6,19794.5,22511.8,23274.6,18709.5,18083.5,23846.8,20473.6,21141.3,24473.2,22855.6,18609.4,22671.4,21164.3,23549.1,18862.4,24237.2,18349.5,21802.9,20146.3,23103.4,19364.2,23587.4,22283.8,19137.6,19416,23228,20553.7,22524.5,22122.7,18069.8,23746.1,21651.9,22540.6,22157.1,23178.9,23169.4,23187.1,19830.5,17738.9,23859.7,20012.2,20550,19101.3,23264.2,18733.4,22635.1,18735.4,20930,19798.8,20120.2,21983.2,20159.8,23892.2,22755.2,18409.4,19815.3,20353.2,19437.8,21141.9,20452.8,23134.5,23325.5,21698.7,21655.8,19447.6,20258.3,20489.5,24431.3,23102.8,20429.5,22688,22945.2,22494,19402.1,20767.2,23788.5,22415.6,18581.2,24464.8,18620.5,19797,24030.2,22117.3,22960.1,24307.3,19856.8,21320.4,19064.1,20793.2,21850.6,23264.8,21794.8,18361.9,23102.5,22198.4,23601.2,22156.8,21441.6,23829.6,18580.6,22835.2,18637.6,23345.1,17952.4,19472.2,20449.9,18104.2,20518.8,20357.5,19228,20938.6,22263.3,20278,22360.4,25140,20537,19010.7,18625,22414.1,18706.8,18036.8,20054,21661.1,20456.1,23911,22767.5,22998.3,23808.9,23282.4,22654.5,23102.2,23086.4,19229.6,18398.6,18793.7,20097.9,22510.7,18760.1,18058.7,23759.8,22733.7,18468.7,18272.8,19210.8,20998.1,20495.7,22427.7,23080.3,22260,19352.7,23385,25012.9,21359.6,22410.2,22764.7,23791.3,23110.3,23897.8,25060,23847,23796.4,20097.5,20322.8,20195.7,24616.1,21325.3,23929.1,21116.8,25348.7,21736.7,25585.5,21396.8,24803.1,21570.8,21297.8,22774.7,24988.4,22666.9,22795.9,23876,23650.1,22545.1,26030.2,23778.4,20725.8,21850.2,24354.8,21672.1,21552,25696.3,25439.7,24169.1,22086.6,24728.4,19866.1,24551.3,22872.3,21467.9,21695.2,24200,21979.7,24531.2,20673.4,24906.5,23153.2,22231.5,24220.7,19496.6,24426.6,25360,20103.3,20200.4,18624,21415.1,22215,18725.6,23018.5,19892.3,23313.8,21715.1,24134.4,23477.2,19893.6,21097.3,19480.6,19266.3,24032.3,19592,24343.4,23012.3,25829.4,22161,19899.4,22659.7,24533.1,23317.8,20026.3,23627.2,23009.8,19052,21789.2,18972,21350.2,20574.6,23052.7,23591.7,22735.1,23313,23689.6,22866.8,23519.5,20976.6,20072.1,25718.9,25894.6,20559.6,19200.8,20904.4,21246.1,19360.7,21536.5,19582.3,24380.4,23652.5,21342.9,21401.5,24435,20678,6364.55,20073.8,24571.9,22761.7,23779.5,19196.4,23228.9,23912.7,22089.7,22659.3,18566.8,20004.3,23188.1,20509.7,18699.9,18784.6,22940.2,20753,21282.2,18189,21295.5,24073.5,19621.4,20391.2,20574,19171.1,21376,21820.6,22079.8,19669.5,21553.3,18857.7,25111.5,21381.4,19393.6,25377.2,21566.3,21982.5,19458.1,20283.3,20653.2,21838.4,21581.4,23822.6,23753,19606.5,19651.7,20802,25748.1,25330.4,23542.1,25669.6,19673.4,22223.9,26107.2,20251.9,21099.1,21073.4,20269.6,22830.1,19481.6,25723.5,19333.5,21122.6,22626.4,24347.3,20058.6,25651.2,20073.3,22753,22645.6,22863.1,20258.3,20725.1,20834.1,19004.4,23593,25091.6,19212.6,19925,23332.6,24347.7,25798.4,24673.8,22748.5,25072.3,19893.9,21740.4,21316.9,22915.7,21875.4,23623.7,20728.9,26112.1,30007.3,29262.1,32154.9
35772.6,27835.6,23713.8,23313.3,21461.7,20415.4,25282,21976.4,20621.9,21633.6,19868,21306.9,23711.3,21397.9,20235.6,18765.8,19746.8,23203.6,19257.2,18871.2,21170,22421.4,19970.4,23553.6,23553.7,23781,23973.4,22331.7,20096.4,22763.8,21084.7,20024,19419.1,23965.1,23445.4,22854.8,20611,23454.5,19435.1,19552.2,18523.3,17498.2,21841.1,20291.9,20411.8,19411.7,20681.8,20558,23330.5,20629.8,20187.2,19341.5,23284,19237.7,22728.8,18915.2,20236.2,21681.6,21919.3,17701.7,23912.6,18531.7,23205.3,19697.7,18591.2,22735.4,22580.8,20687.7,22462.9,23219.1,23477.9,24337.1,24071,21147.4,22592.1,22022.5,20663.7,22413.2,20187.8,21272.3,18536.3,20247.2,24272.9,19582.2,21013.9,19588.7,21277.9,20106.6,21414.3,22700.3,23219,20595,20841.6,22655.7,21845.8,23212.8,19996.8,19229.1,23752.7,20227.9,21196.4,21287.9,23681.7,19590.7,18900.5,19908.6,21874.6,22652,21286.2,19622.9,21491.8,18848.2,23839.4,23652.2,19286.2,18583.1,23713.8,24399.7,22395.8,22354.1,21282.9,18677.3,20395.5,17980.5,18757.6,21482.4,19229.7,24501.4,24148.6,24145.2,24277.5,22255.5,23066,23985.7,24178.7,19583.9,19576.4,23035.2,17690.1,19529.3,23510.6,19927.2,21986.8,21353.3,19686.8,23254.4,23800.3,21907.8,18008.5,21694.4,19725.3,23175.7,20389.8,23380.8,18716.3,20908,22009.5,17920.2,19041.2,22022.9,21014.8,19352.2,18108.7,19662.2,22082.6,19070.6,19801.6,18824.5,19473.7,20822.4,24174.9,21156.1,21667.6,21397.4,22368.2,23703.8,25269.4,25265.2,21195.9,25562.4,22275.9,21176.6,22754.6,20254.8,19820.1,23961.2,22078.4,24730,22388.1,25388.5,23864.3,23043.1,24696.7,20372.1,25336.3,21348.7,22301.5,24959.7,20675.6,23549.5,22021.3,22729.6,20716.2,19737,19806,19475.9,20500.6,23577.4,22835,20254.1,20922.9,21703.8,23423.5,22432.9,19167.7,24364.9,22527.2,24790.5,19878.3,22802.6,22252.8,18945.8,20756.2,22310.9,21377.9,19341.9,19687.9,24535.4,22500.8,22817.1,18627.2,18900.1,24959.2,21133.1,22120.3,22307.7,24466.9,19037.7,22898.2,19080,21448.4,20223.8,24145.4,18380.9,20953.5,21901.7,21321.7,24416.2,21622.8,20704.4,24804.5,23530.7,25539.3,20798.7,24758.2,24352.2,20910.3,20939.1,20140.1,21533,23655.6,25037.1,21179.4,19641.1,23656.5,23168.5,19776.8,25013,21089.7,19592.5,24694.4,21567.9,25741.5,22034.7,24839,25114.6,23844.5,20900.6,23512,20908.8,21484.8,21435.5,25459.8,20750.5,20279.3,22635.9,23829,22460.8,21680,24605.3,22593.4,19048.4,19256.5,21429.5,19482.2,23594.2,19271.1,18821.7,25092.4,19327.5,19827,24998,23256.3,19293.6,24463.2,22339.3,17894.2,20886.7,20264.8,19365.9,18573.6,20482.3,18948.2,18822.8,24385.8,20638.9,23472.3,22971.4,22305.3,22897.1,19426.8,21546.2,20777.4,19297.3,24936.7,25041,22746.6,24954.5,24982.6,21728.7,20580.2,19789.7,21224.1,21264.8,23620.9,20210.3,19893.4,20416.8,19803.8,22078.5,24531.3,20216.6,24123.5,21649.8,24931.5,25554.8,24606.1,24402.3,23366.4,21237.2,23322.8,21917.3,23238.4,19990.3,19971.3,19999,21726.5,24811.4,22216.5,22456.5,21485.1,19629.6,21844.7,21580.9,23284.4,23201.2,19003.3,22178.7,25691.6,19330.5,22799,23093.2,23096.5,21889.8,19457.8,22200.1,20602.2,22559.7,20536.5,25315.3,22967.6,26746.7,31613.1,32835
36740.4,27197.1,26642.2,26917.6,21743.8,24749.1,24690.1,21374.3,21238,21559,21212.2,24273,19754.6,19073.4,24059.8,19146.4,22252.7,22058.2,22483.3,20085.5,20205.8,22194.2,24505,21780.5,21383.7,24562.6,19822.1,18762.6,20206.7,20320.2,22289,19651.9,23292.8,21926.4,18416.2,19662.4,22494.8,22204.1,23984.5,19573.2,23663.3,22490.7,22769.8,21596.6,21301.2,21519.3,21063.3,22205.2,20156.9,23660.7,19558.6,20994.8,23968.9,21261.3,23119.3,17922.4,21466.6,19634.8,20290.9,21228.5,18111.3,18831.5,22087,19650.2,19926.8,18196.5,23103,20718.5,24036.2,18280.3,19388.2,23974.1,23738,20518.3,19363.7,23216.9,24277.3,22858,19100.8,23662.7,23716.2,22095,24804.4,21698.5,21122.4,25070.1,22880.3,19031.4,21663.8,25379.6,25454.7,19974.9,23533.8,21478.2,21892.2,23265.4,24478.3,19292.4,20000.5,23597.1,23224.5,21845.1,23851.3,24300.9,23444.7,20721.2,22020.5,21702.2,20591.5,20052.1,24600.3,21293.9,24644,20705,18366.8,23066.1,21923,23963.8,20357.9,18574.3,23619.7,17976.3,23769.1,21624.7,20119.8,22481.3,20962.1,23936.8,20138.9,22501.6,20907.8,21732,21278,21906.3,18729.6,21530.4,20964.1,18314.3,20332.7,21492.5,22060.2,20668.4,17975.3,23726,19653.5,20488.7,20589.4,19865.3,20628.2,19966.9,17649.5,22949.7,22372.3,18724.9,21019,20812.6,22177.8,22568.5,24285.4,18982.7,23510.6,19664.1,22246.6,24239.5,20795.2,21326.4,21905.6,22811.9,20497.9,25201.5,21235.9,20116.5,20609.7,22651.4,23577.2,21712.4,21197.5,23840.5,21126.4,20234,23342.6,23330,20780.4,20298.7,21664.1,21349.4,22026.8,25846.5,22649.8,25926.6,24325.5,25260.6,20116.3,24259.9,23215.5,25893.8,21826.4,20928.4,19427.1,20624.4,22934.6,24908.9,24249.3,21538,24971,24792.8,21153.1,21348.7,21004,20088.5,24573.6,25734.5,25158.1,21597.4,20000.9,25218.8,20379.1,20819.5,22242.1,23307.7,25202.3,21832.5,22390.9,22667.5,23441.9,22618.9,24290.3,25279.8,19894.6,23903.2,18771.4,23639.3,24806.2,21200.3,23383.8,24611.9,19246.6,24257.6,22783.8,24028.8,20780.3,24876.8,23903.7,23710.8,24573.1,24448,23387.6,25371,21189.7,22167,22970.1,21492.5,19452.6,25703.8,25871.7,21440.9,25723.6,22995.2,23597.6,20079.2,20333.9,21414.9,20618.5,20519.9,20801.5,20970.3,22314.2,21657.7,25011.1,25688.9,21674.2,25218.1,24740.2,23802.7,25445.1,22639.7,21687.2,22041.9,19783.9,22949.7,22581.5,22871.7,25196.9,21407.2,20151.4,24116.9,20473,19771.4,24285.2,21117.5,22391.4,19544,23930.5,24044.2,22154.3,24230.4,24983.8,21733.2,19168.4,22148.6,25095.5,22754.9,23579.9,24138.1,19158.7,24659.8,24196.7,22914.1,21119.4,20115.8,19535.6,23012.1,22001.8,24533.7,24783.9,24585.7,21739.8,21984.3,21883.2,20279.6,22921.6,24908.6,24438.3,23658.2,21663.7,25923.9,22894.4,24725.9,24553.7,19091.7,22738,25462.4,24268.5,23690,25564.9,20902.5,25052.2,22259.4,20433.1,25362.7,19521.5,23865,22171.9,23090.3,20778.5,21474.2,22656.9,23244.2,20889.9,20244.6,18831.1,21707.8,20414.4,21230,24520.4,23734.4,25346.6,24584.6,23000.6,20092.4,23620.2,19337.6,24443.8,23204.7,20330.1,23641.4,24037.4,19977.2,19311.5,24474,19302.1,21821.8,23374.3,25987.3,22636.6,20661.1,23112,21816.7,19431.2,22326.4,25642.8,23563.7,32050.1,35675.7
31963.8,30633.8,23469.1,25694.8,23078.5,20365.6,23300.4,19705.4,21324.3,23226.8,22792.8,22874.8,21949.1,18732.8,22347.5,21125.5,22944,18379.5,18697.9,20610.3,23282.7,23698.5,19622.1,21094.6,20246.4,19448.2,23408.1,24410,23925.1,22917.9,21320.8,18646.4,24400.8,22080.7,24151.5,24049.3,21398.3,22276.6,19986.1,20474,21212.6,22300.3,19047.2,21286.1,21074.8,23958.3,21898.5,19140.5,18515.2,22057.6,21405.1,23905.4,18409.8,22352.6,21162.6,23599.9,20587.9,19238.8,22998.1,19325.3,19794,23134.7,23453.3,22594.4,18042.7,23142,23139.3,22584.3,22659.8,22611.5,18696.2,23535,19899.8,20076.7,23990.7,18469.9,18834.7,18987.8,21338.8,18805,22438.3,22096.7,18933.3,19677.2,21294.1,19171.3,24170.1,21850.7,20471.5,18747.7,20794.9,22014.9,23312.1,19695.3,23565.2,21235.7,21011.6,23192,18962.2,18621.2,24754.2,18825.4,18419.2,22113.4,19921.7,19829.8,23216.4,20852.9,20511.3,18602.6,21238,23042.3,19783.7,24167.1,23762.5,18105.8,21088.7,17823.2,21185.5,20475.7,22450,22524.4,24037.8,21003.8,19821.4,22429,24293.3,20470.7,24833.7,21902.1,22706.6,22819.5,24365.3,22332.6,19545.3,20540,19924.9,17547.5,23700.7,18201,21747.7,22035.3,18500.7,21464.3,19265.6,20060.3,20826.3,21026.7,18787.5,21614.4,18969.6,19759.2,23274.2,20761.6,16500.8,21305.9,24213.3,20435,22207.6,18905.7,21016.9,22741,23451.9,23806.4,19710.6,22507.5,21743.7,22471,25290.4,24042.5,20119.4,23831.1,19867.7,19667.9,21268.3,21574.3,25800.6,23986.7,19936.9,21667.9,20341.8,23661,25075.1,24008.4,24048.4,24531.1,21805.2,20727.2,23778.2,25179.6,20554.2,22677.4,20773.5,20213.3,22843.8,22253.4,20614.2,19746.3,23956.3,20033.5,21859.9,24677,22959.6,25157.7,24753.4,23440.2,21412.4,24286,23726.4,20681.4,25448.3,23450.8,20983.9,22649,20683.5,19817.3,24654.5,22589.7,22959.5,24640.4,20902.9,21764.7,22775.1,19988,22296.9,19699.7,21382.1,21859.4,20334.9,19705.7,19411.6,23032.9,22629.5,22257.6,20505.9,22411.9,21891.6,23603.9,21102.8,19344.5,21967.5,22376.5,23248.5,22279.5,22518.1,20726.9,22717.4,21812.1,21812.7,24174.6,23253.7,24891,25376,24698.3,19972.6,24727.2,19491,20080.6,23747.7,22529.7,20955.3,25204.9,23991.1,21193.8,21360.1,24336.3,20615.2,21021.9,20638.5,20249,23364.1,20775.8,20869.6,21595.1,21275,20776.7,21499,20318.3,22590.3,19656.2,25509.6,22474,22495.1,19085.2,21072.8,20761.1,22091.2,24242.9,21856.5,25270.3,23910.6,25534.1,25022.5,23767,21699.5,18592.8,24836.9,25135,22426.3,22418.6,20812.1,23166.5,21939.2,23951.2,20636.9,24302.2,23446.9,24278.6,22710.7,18289.2,22216.2,19268.8,23180.1,20986.6,19393.1,18779.5,19682.3,19774.9,25222.1,19967.7,24022.6,24843.3,25196.8,21411.4,22242.9,24934.3,21646.8,20743.9,23346.1,24574.1,23611,19829.6,24727.1,20391.6,25215.6,23067.1,25373.8,20764.2,24737.5,23204.7,19756.8,20937.7,24192.2,23937.6,21072.1,20628.1,26003.7,24340.3,20364.4,19239.3,22934.8,20798.9,19654,21354.6,20546.2,21653,21987.3,23285.9,19434.8,22793,20314.1,23204.7,21213.2,24035.1,18921.4,19299.4,21061.2,21976.4,21595.2,23450.2,24993.3,19153.9,24316.2,21192.3,19713.4,24702.6,24791.8,24028.3,21272.8,24499.3,25161.4,28624.2,28653.6,32834.8
33319.6,26205.4,25823,24615.3,21503.5,23874,23663,22848.7,21108.4,22971.5,23538.5,22040.1,20877,22002.7,24296.9,24536.7,21183.8,22041.8,18722,21190.8,20019.9,21669.3,18648.1,23089.3,18622.6,19902.9,18558.8,20859.6,19164,23343.8,23016.4,23687.1,21093.4,20078.5,22006.9,21048.6,21621.2,20789.5,20276.5,22642.4,21779.8,19050.2,20383.5,20880.9,18718.5,20591.9,18998.1,23531.2,20765.1,19246.7,21704.8,21850.1,17792.7,18669,21560.6,23252.2,21495.5,21419,20335.4,20466.9,21556.3,22468.3,20066.5,22072.1,19024.7,23226,22952.4,22655.8,20189.3,20307.7,18822.2,23873,19403.9,22021.4,18998.8,21237.3,19029.2,24788.7,24778.2,24522.5,24366.6,18776.2,23668.9,22564.3,19862.5,22406.7,23090,23342.3,19950.9,18931.9,19206.8,20767.9,22749.4,24277.4,21939.4,19592.8,21664.1,23606.9,19316.3,18565.7,18861.7,23057.6,22307.4,19807.7,22964.7,19938.7,24208,20926.2,23093.6,18534.5,23276.3,20985.9,21433.1,21741,18331.9,17853.1,21581.6,19544.8,23821.5,17696.4,22967.1,21207.9,18573.3,20075.7,18931.7,19066.4,19802.2,22131.3,23123.8,23626.1,23166.9,21852.8,24248.5,20571.6,23897.2,23358,20009.2,18598,21767.8,20063.3,18713.9,19101.2,22863.4,19458.3,22973.5,17809.7,21745.6,21900.8,23307.3,24129.4,21054.6,21379.6,18730,19349,20896,19352.4,21725.4,24062.2,20722.1,17964.1,23098.4,20335.7,18179.2,18230.6,18793.6,21961.3,22238.9,20244.6,18962,20782.9,21603,23434,20977.6,23724.3,20829.9,19435.6,22789,24770,19783,21348.3,25723.3,21893.8,21028,23919.6,20713.5,22425.9,21754.8,22985.7,25082.6,21218.1,22415.7,20000.9,22054,20660.5,24401.2,25977.5,25897.3,24749.5,25644.5,25203.8,23083,24684.7,22273.3,23328.5,25588.4,20063.7,24681.5,23347.1,22284,21365.7,20679,23268.3,20481.6,21492.8,25382.7,22679.2,21694.3,24984.6,20986.6,19673.8,21508.1,23578.4,24159.3,20390.1,25145.9,21766.5,19229.1,24055.5,19343.3,24796,22156.3,19206.6,18748.9,24662,22081.7,22427.6,21183.7,18900.6,18897,19371.6,19995.9,21329.8,20441.1,23285.4,24758.9,25070.1,22744.4,22816.1,25715.2,23144.9,25967.2,25664.8,22954.5,24655.3,24723.9,24196.6,26017,24117.2,23286,19076,23854,20890.4,24788.4,19098.4,19509.8,19653.8,23513.2,24426.3,21711.8,20140.9,23405.3,19900.4,24537.4,21715.4,20457.9,24606.4,25162.8,25086.3,21479.7,20829.4,21207.6,23754.6,20956.6,22708.9,23164.7,22636.6,24875.7,20473.4,22728.4,25336.6,22192.7,19315.6,22787.3,23151.1,24000.2,22856.9,22813.6,24583.4,20856.3,24914.5,19682.7,18606.4,18940.6,20350,23182.5,21788.1,22764.3,22667.4,18219.8,22916.9,19921.8,23687.1,21343,24824.5,23653.5,21131.2,19325,20239.7,22241.1,18862.4,25332.4,24562.5,21771.3,23641.7,19389.4,21717.7,22937.2,22699.3,25006.7,24903.3,22550.3,21008.7,23822.7,24051.1,24842.3,22950.6,20852.3,19861.8,20773,21488.4,22684.8,24160.4,24497,19839.6,21919.8,24230,22717.1,19340.2,20028.7,23163.9,20479.5,24161.8,19900.7,25367.9,23871.2,22932.2,21071.4,19969.2,23542.5,20733.2,20557,21052.2,24853.4,19261.2,20107.7,22383.9,19275.6,24311.7,25060,23179.9,24285,24724.6,23824.1,20949.3,19913.4,21002.5,22530.9,21328.1,22930.1,26310.9,24932.7,29811.3,32399.4,35305.8
33607.8,30144.8,29106.4,24074.2,23986.8,20920.7,19172.6,21606.8,24550.7,18487.1,21940.7,18733,22399.3,20550.2,20387.7,24098,23325,23241.2,22124.8,22704.1,21325.5,19140.9,21986.5,23969,24066.4,19479.7,21594.9,18481.4,21644,21299.2,19574.7,21450.6,23346.3,23297.2,24152.1,20290.2,19089.9,22255,23062.8,23378.2,20243.8,19482.4,21232.7,23014.4,19190.8,20960.8,19123.9,21307.9,18195.6,22080.7,21116.6,18773.4,20311.2,23913.1,22003.7,23498.6,21683.2,19550.1,23577,18345.3,20239,19467.7,22299.4,24056.1,18450,19574.4,22549.8,20018.1,20924.4,20505.1,18348.4,22445.7,20808.1,18899.2,19216,24390.3,20014.9,24741.9,23499.5,22557.3,18885.2,18881.8,19288.5,24384.9,19275.4,18860.8,19758.1,24976.4,25185.4,24775.7,20015.4,22118.7,22134.3,25033.6,23875.7,18605.9,21691.6,24493.8,18481.4,20748.7,19322.3,20888.5,21128.2,23342,20481.5,22485.1,24414.5,22676.3,19699.8,23251,21114.8,23260.1,21059.7,18162.3,19261.6,21264.9,23459.3,22776.5,20394.1,19119.6,22125.9,20998.8,21582.4,18514.6,19871.5,24364.4,23899.9,23608.4,24582.7,23595.1,25357.7,19056.2,21389.5,25250.6,23237.8,24620.8,20480.7,17937.9,17828.8,19999.5,23661.6,21294.4,23561.9,22453.9,20481.3,18108.3,19578.8,20254.1,20122.1,19902.1,23857,18570.2,21322.8,21356.5,19231.3,19765.7,23188.9,20156.5,23065.7,21773.1,24137.7,21098.8,23549.5,21576.7,22847.7,22948.3,24437,21233.4,25431.2,21862.3,24649.9,24848.4,22981.1,22953.2,22137.8,19551.7,25268,19749.1,21644.2,22051,20726.3,21990.4,20516.1,25270.4,25830.5,23454,22305.3,24376,24396.4,21403.2,21728,23068.1,24942.2,23316.1,19700.6,20741.4,21443,21795.6,24455.3,23151.9,25747.5,23886.5,19849.8,19949,24012.9,24327.1,24725.4,25405.7,22804,21293.7,25618.9,23766.8,22763,25096.5,20512.7,22551.9,18907.8,25422.3,22901.3,22602.7,20366.2,25138.8,20314,20299.3,20355.7,22642.4,19004.1,23210.3,20670.7,23041.7,20188.2,19540.8,24968.5,25342,23343.4,23422.7,22570.1,22593.6,23918,23119.5,21402.5,20514.3,22382.8,18593.1,24257.5,21771.2,24160.4,25584.7,23046.8,24940.4,22580.6,24175.8,24360.6,20487.1,24624.2,25573.7,22377,25221.6,23812.9,20195.1,25150.1,24196.5,23969.9,19630.6,20610.5,20697.7,19986,25208.7,24839.2,25068.8,23818.7,24755.8,23409,22832.3,24748.8,21167.3,24534.2,23225.5,22073.3,20663.1,24749.1,20101.1,24253.3,20618.1,19650.9,22442.6,22902,20422.6,24050,24992.8,21088.9,24461.8,18838.9,19354.7,22466.8,24137.8,24666.7,20183.7,23453.5,19906,22799.1,20912.1,20577.5,22378.4,18389.6,24294.9,19177.5,21044.1,23599.8,19400.9,23541,21008.1,18228.7,23542.7,21249.6,21437.8,24177.3,20708.3,19901.2,23231.4,24257.4,23827.8,21164,25078.8,22390.3,25879.1,24277.2,20154.6,21182,19059.2,24070.8,21604.6,24625.6,24779.4,20791.1,24357.8,21411.1,19809.6,23957.8,19580.5,20318.7,25431.9,25749.1,20069.9,25340.9,25266.8,23337.6,24729.5,21604,20082.1,23997.4,21602.1,21006.1,23668.8,20605.9,25064.1,25977.3,23361.5,24680.6,20856.3,23445.9,19646.8,21386.3,22670.3,24764.1,24826.8,23198,20360.2,21476.1,25648.8,19933,21100.6,22769.5,21026.8,25426.5,23293.6,22491.9,20655.1,21189.1,22634.3,25858,24848.2,27002.4,32846.2
34698.9,31143.3,26429.8,22363.3,21939.6,20220.2,23624.9,24253.6,22778.4,18283.9,18310.1,21548.2,23708.8,22813.5,22431.9,23510.2,18683,21801.4,24527,24267.8,22196.7,22742.9,23328.7,18918.4,18434.5,22657.3,23375.6,18347.7,20401.6,22263.7,20364.2,19994.5,21889.6,23997.4,19144.3,18808.6,18197.6,22956.1,21347.8,18685.4,20190.6,18404.3,23949.3,18731.8,19884.4,18013.4,18875.9,22507.7,22686.7,22735.9,20003.8,21363.6,18984.4,23717.7,20405,18154.8,17808.2,20638.8,22565.8,21697.6,22196.4,21124.5,18388,18528.5,19015.8,19661.4,24011.4,22799.6,19324.4,19610.7,22803.1,20211.1,23277.8,23706.7,20459.1,21919.2,22766.8,25266.7,19528.6,22904.7,22884.6,19094.4,23371.7,23041.3,23886.6,22861.9,24935,25328.7,20931.9,22384.3,19034.1,23899.3,19802.4,22687.2,23072.6,23555.6,23159.8,24342.3,21501.5,18714.1,22763.4,21587.7,24392,18851.7,18857.8,22095,23458.7,19409.1,23485.6,21221.6,21170.3,23036.9,20059.7,23622.9,21306.6,21910.6,20223,20018.1,22441.3,22032.9,22840.2,22559.1,21879.7,22655.5,19825.7,21312.8,24538.6,23280.3,19138.8,21315.4,21423.9,19051.9,20389.1,23164.1,20930.1,23812.9,20723.5,20098.1,21086.7,18643.1,19425.3,22182.1,18066.5,21800.7,20319.6,20497.8,21512.7,21084.5,22998.3,19016.2,17992.6,21302,23522.2,21895.4,21212.8,17673.3,20528.8,20986.4,21686.7,22108.8,20395.2,18527.3,24308.3,19646.7,23492.5,20177.1,20564.1,21306.1,24963.3,21591,19881.3,21806.8,21219.6,23975.5,19481.8,20646.8,22561.5,23589.9,24458.7,25211.6,24285.7,22823.1,25393.3,23029.2,24315.3,24038.6,25850.3,26192.3,23942.9,23083.3,21114.5,24855.1,24461.5,25493.1,19481.3,24913.4,23146.9,25033.8,21064.3,20854.7,23923.6,21620.1,20042.8,25960.4,25989.7,20385.9,20301.5,23276.8,19900.4,20291.2,19891.9,22519.4,24469.8,20922.1,23083.6,24840.7,22825.4,19703.4,19319.3,18911.6,19241.9,24430.4,21556,21840.3,25237,21592.5,19027,20701.6,23229.9,21634.3,23143.2,18932.3,24919.7,24878.8,24499.3,19490.8,22063.1,24961.1,20540.2,20093,22905,19386.3,21165.1,21849.6,19705.9,19804.6,23984.8,23305.7,19286,25935.9,24818.7,23188.5,19677.9,20001.8,20689.8,21999.6,21581.6,22208.8,22767,22836.2,24838.8,20031.4,19809.1,20665.8,19144.3,20496.9,26066,24178.5,20851.2,22141.1,24277.7,19661.3,20521,23971.5,25310.2,25865.6,24058.9,24606.7,24201.1,26081.3,24233.2,22456,23697.7,22140.6,25036.8,25106.5,22838.7,25480.2,22668,24604.3,19999.7,25624,24911.2,21857.5,19903.3,23413.8,23071.7,20858.1,20398.6,21328.9,18593.6,22922.7,22616.9,21583.9,18579.9,22561,18978,22619.8,22497.5,19773.5,22430.3,24512,22414.5,20701.1,20649.8,19021.6,23949.8,18373.9,18634.4,23715.6,19560.2,24788,22542,24163.2,24798.9,22794.2,21680.7,25847.3,20217.5,18942.4,19274,22984.8,25115.8,23904.3,22231.2,19645.7,22356.3,24721.5,24063.4,21977.2,20386.6,19846.2,22490.6,20556.6,22976.5,24941.8,24495.9,24415.3,20722.1,23430.2,24745,19142.2,19925.9,23287.7,25520.8,24255.6,22182.7,24578.3,23546.8,19909.9,22805.6,22409.7,21180,23926.5,22526.6,22560,20415.8,20807.5,19374.5,23033.2,23170.6,20000.8,23789.5,25124.2,21855,25986.1,22442.4,19368.7,24104.5,23863.8,27409.9,24016.3,31554.4,32632.6
34283.8,27787.1,25234.9,23681.5,24545.8,20547.7,24111.6,23439,19125.4,21011.3,23737,21459.1,22135.6,20325.8,20595.6,22314.9,22378.8,21693.8,21779,23391.2,21298.2,20136.4,19879,21604.1,19482.4,22407.8,24172,21469.3,21022.9,19294.5,19653.7,18708.6,24146.3,22106.8,20237.5,23367.5,22308.1,20568.5,22069,23151.5,18159.9,19794.8,21179,18743.7,18133.7,23460.8,19669.7,19514.9,20666.4,22115.3,21829.1,22823.9,21287.4,18738.8,20349.8,22233.9,22835.2,20786.6,22952.5,20975,22215,20004.9,21212.4,24212.9,21003.5,23572.8,21207.1,22807,21424.3,21606.7,24042.9,20645.9,18957.3,23503.7,25259.5,23151.2,25060.5,21223.9,23484.7,22297.9,22312.5,20238,20650.5,24934.6,19730.4,25137.5,20648.5,23043.4,23655,22170.1,21023.6,24070.6,21814.3,23609.7,19971.7,23349.5,21986.8,19313,25264.3,22380.1,21006.1,24898.3,20753.7,22538.9,20843.3,18525.3,19159.8,24442,20838.2,18835.4,20063.5,22081.9,21763.8,22650.6,20631.9,19822.4,22115,18810.6,21647.9,17712.6,19284.5,24148.7,24265.6,18224.1,19398.4,23918.4,20466.6,24999.4,22840,24866,21346.5,23829.4,21426.9,19642.6,21949.7,20847.9,22067.9,23410,20379.9,23931.8,22014,18405.2,18977.2,18704.9,17614.9,22142.8,22843.8,21713.3,20709.5,18078.5,18952.5,23105.6,19166.9,23789.3,16225,23431.8,23324.9,19441.6,21869.2,21757,21074.7,23611.4,19670.9,22445.4,19302.7,21268.3,22050.6,22674.7,21090.7,22599,21466.9,22414.2,22276.8,23662.2,25661,21091.9,23676.3,22485.1,20061.8,22832,20673.2,24147.9,25241.6,25726.4,22242.7,25502.6,22664.5,21696.6,24471.9,26259.3,25309.3,23203.3,23175.8,25562.3,20982.3,20631.8,21929.1,25602.1,19326.8,21624.7,20847.7,23388.4,23634.3,21173.1,22345.5,20762.5,21523.2,21302.7,25545,21445,21519.1,24720.8,22406,20355.4,22266.4,23552,24729.1,22279.7,23579.8,22869.4,20907.7,24492.1,21122.5,20465.4,21889.8,20036.9,24503.9,19321.5,21244.9,22933.3,20112.8,24427.8,25489.2,24943.5,21931.2,20627.6,23257.6,24157.4,22549.3,19294.8,21252.8,24994.6,20994.9,19073.4,23522.6,23397.3,23684.7,22079.8,21912.6,25802.8,25482.8,20336.6,24857.8,20137.8,22208.4,24046.2,22921.3,24774.5,23392.2,20156.4,22514.3,25111.4,21873,22098.5,24979.1,22863.1,23409,21937.5,24235.4,19592.2,24085.8,25998,25951.1,22191.8,25600.5,20862.8,25677.5,21262.7,6223.86,26106.3,24555.8,26251.6,24817.8,22306.1,20530.4,20557.2,20562.5,19207.1,19559.6,21503.9,24209.1,20635.4,21905.6,20353.5,25252.9,19018.7,22261.3,19216.2,22939.5,21154.3,24290.1,22655.3,19744.8,20283,21731.5,21148.5,22264.5,23698,23624.4,20103,21342,22225.1,19305.8,24949.5,22546.3,20789,19682,18801.5,22418.3,24017.6,19079,24435.4,23104.6,19526.4,19721.4,22767.5,24385.1,19924.1,23732,23458.1,19459.3,22202.5,20128.6,22594.2,21480.3,24560.3,22908.3,24582.4,20228.4,24491.5,20399.3,21442.1,25264.5,24526.1,20490.5,24514.6,24533.2,19722.7,21013.2,20559.6,20322.3,19225.3,25426.3,24905.4,23265.1,21234.2,24907.7,23996.9,19134.7,22253.7,19639.4,21480.5,18644.1,21181.9,21451.2,19121.1,24712.9,25377.7,24322.8,23021.7,21615.9,25528.6,20699.2,24825.1,24134.5,23979.9,22678.8,23239.9,19406.3,22847.7,23667.1,25266.5,27431.5,34414.6
32902.6,31763,25754,27224.6,23361.7,20354.4,19756.8,21867.9,18545.7,22231.3,22465.5,19227.9,18330.6,24411.1,20300.3,21029.6,21183,23994.3,24310.3,22454.2,20061.7,24183.6,20138.3,22655,23344.6,20345.7,18306.8,18391,19070.3,19797.4,21596.9,22032.8,21561.6,21116.3,20004.9,22808.3,18545.3,19568.2,19434.4,23521.7,22568.6,19849.9,21300.3,23262,21870.6,22480.6,23040.7,20873,22123.8,18999.4,20699.5,18750.8,19304.3,20586.1,19612.1,19669.9,18259.7,21145.4,19489.9,18631.8,22940.4,22780.5,23554.4,21792.7,20899.7,21176.2,19238.7,23859.5,20278.9,24270.9,24623.4,18870.3,24738.7,22723.3,23618.4,19016.6,21357.8,18841.5,21799.3,20208.5,20229.5,24696,19049.5,19824.1,24352.7,23576.2,24238.5,20853.9,21818.7,20979.4,23741.2,22283.2,22481.5,23034.8,23610.7,18927.9,22069.6,23245.3,24884.5,20877.3,23964.2,23353.9,19994.5,24519.8,22106.7,23866.8,22899.5,24058.5,24074.1,20897.2,20123.2,20294.9,22448.8,23067.1,19096.9,20215.2,24176.1,20983.1,19452.3,18194.8,20001.1,24193.5,24210.3,22249.5,22058.3,24422.7,21675.8,21346.2,21624.9,25001.5,19389.8,23582.7,25567.5,21712.3,24113.9,23178.3,21021.6,23592.4,18296.1,21559.1,20264.7,21150.1,22610.3,20205.9,23398.6,21709.8,20684.1,23843,18620.6,18679.5,21548.9,22394.2,20202,21715.8,15587.8,23609.8,19205.5,22744.1,19036.7,18405.7,20216,22103.5,23275.4,19521,19636.3,20357.5,23659.9,21083.5,24114.8,25021.3,21696,20350.6,21233.5,20619.1,25435.9,22461.5,21102.3,24806.2,24008.8,21908.3,20105.4,23028.1,19534.2,20198.9,21484.6,23002.4,20288.4,20685.9,24396.9,26127.3,20526.5,23082.4,22565.7,25972.7,25514.1,23643.6,22677.6,20926.7,19256.1,20710.6,25045.8,25431.2,19553.7,21764.6,23584.2,23400.9,25203.3,25050.7,22345.5,23094.6,21502.5,25174,21444.9,23893.2,25790.7,22381.8,20264,24483,22808.7,20689.2,20941.9,22656,21577.7,23077.2,24522.4,23997.6,25050.5,19194,21215.9,22856.7,21339.4,19740.8,19662.3,22369,23902.9,20754.9,23593.8,22841,21363.5,21569.9,23993.1,24601,22696.2,19520.5,19480.4,21617.6,23253.1,25245.3,22183.9,22897,21515.3,23042.1,23065.5,25495.6,19952.5,21654.7,20242.6,20445.8,22264.8,22330.5,23515.1,24877.2,23141.2,25700.2,21820.3,24523.3,25843.7,25538.8,20417.4,19555.3,25577.3,23803.1,21818.4,24229.2,24768.1,22282.9,26479.3,24892.7,23700.5,21052.5,19914.5,23493.3,22964,24212.2,24932.7,22560.3,19444.6,20888.4,18859.5,21866,24964.4,25084.8,24826.1,20016.3,20998.7,19341.4,23274.5,18979.1,20791.6,24540.2,21548.3,22928.9,20296.6,19853.7,21242.3,20525.3,21629.4,24263,25160.9,24501.6,18753.4,20628.8,20986.2,22015.7,21522.6,18509.2,24545.4,21420.5,23814,21639.2,22404.9,25199.5,24160.3,19941.5,21568.3,20542.6,23659.3,25646.6,22032.8,21628.9,22222,20960.8,22085,22311.9,20706.5,19742,19979.1,23458.8,19879.7,21571.5,18745.9,24948.6,24552,20597.9,23861,22601.7,19166.7,21666,20805.1,21673.9,21842.2,25125.4,24100.9,25095.5,25151.1,22427.9,25037.6,20527.4,22114.5,22698.6,19007.5,21904.7,18713.5,18673,18476.7,23280.4,22518.5,23512,19435.7,21041.2,19113.7,22119.6,24772,20905.4,19174.1,22218.9,23964.7,22215.3,21255.8,23674.1,21214.6,29008.3,32008.4,34582.9
31441.8,29550,27189.6,24496,25562,20677.7,25140.5,21258.6,21958.3,19500.6,20575.7,20454.5,23933.8,19267.3,19744.2,19492.9,24028.8,21541.5,21905.3,21667.1,20555.5,19759.6,21957.3,20632.4,19372.8,23511.9,19166.7,22215.9,24088.8,23733,22784,22916.1,22065.9,22502.4,20579.2,22853.1,20362.4,19112.5,23188.2,24027.9,18101.2,20027.6,20820.8,18293.2,20138.8,18988.1,21711.2,17982.6,20727.6,19924.3,22969.9,20462,21367.3,18954.4,20942.1,21420.3,19120.8,20049.1,21259.3,23713.2,21523.6,23100.8,18687.3,19443,23895.9,19823.1,21946.9,21099.6,18957.1,24397.2,18805.7,24368,21739.3,22792.4,20307.3,20540.5,22401.7,19340.2,19729.9,19685.8,19397.7,24767.5,22710.5,22957,20413.2,23193.1,24516.6,25330.9,25508.6,22467.6,22504.4,20055.6,21290.3,18758.2,18816.7,22453,19223.4,25221.5,19957.5,19036.4,21640.2,21599.6,21674,20151.7,24812,21530.5,19774.2,24373.9,22279.4,23117.5,22119.2,22221.5,24704.5,24349.2,21763.5,24287.7,24119.4,23920.2,21412.7,22977,23502.2,19215.7,21791.3,23538.6,18078.2,24383.9,18666.6,24719.4,20013.8,23238.4,20355.6,24060.2,21848,21844.1,24291.6,21175.3,24309.8,21176.1,17820.3,22278.6,20147.3,18779.5,20939.3,19963.9,23818,18288.7,19812.4,21554.6,22996.2,20411.8,23360.2,20078,17932.7,20350.4,19657.2,20637.1,18586.8,19063,23557.2,21017,23353.7,22207.5,19557,24214.3,19799.2,21553.6,19401.8,19063.6,23588.6,25000.3,20888.3,24301.8,20394.4,22350,24869.3,24294.5,25154.3,25448.2,23582.2,20570.2,19855.2,23849.9,20547.7,21916.9,24236,24416.2,21331.3,22907.8,22495.6,25442.9,23625.1,24732.3,23117,23279.9,21633.2,25571.1,22842.6,24274.1,19827.5,24141,24246.4,19677.1,25644,25799.7,23524,24147.5,25244.1,21794.9,24048.5,25750.7,23819.7,19926.3,23903.4,24016.8,21542,24976.6,25585.8,19147.8,19194.6,21280.2,24268.3,22450.4,22421.9,20056.7,21015.3,25088,22344.2,24203.7,22854.2,25070.4,24996.2,19984.9,23592,22843.3,23611,22173.1,24577.5,23803.7,22840.9,24941.1,22720.7,24850.8,24586,19473,18931.6,21190.7,21558.7,20760.7,21540.6,25310,21955.4,24332.8,26053.3,26073.5,25151.3,20944.7,21720.3,23267.4,21030.4,22560.2,24141.2,19418.5,20869.8,19199.1,20513.6,21830.2,23696.1,25586.6,20732.3,21180.9,20408.7,23923.5,22593.3,25179.8,25381.3,23088,26452.8,20875.7,24782.3,19944.6,23191.5,24976.5,21618,22015.9,21205.5,20471.5,22509.4,19488.1,23317.5,21410.7,23446.8,23445.2,21488.3,19605.7,25395.7,23049.1,19685.2,21740.3,19645.7,24181.6,20993.1,25483.2,19615.4,22508.2,19556.7,19066.8,23083.7,23132.1,21338.7,25305.2,22151.2,18930.2,19834,19026.7,24700.1,20487,22247,18442.6,23550.8,19902.7,20598.5,23017.5,22902.5,21864.3,21483.6,24662,20539.6,23000.8,23144.5,19510.4,24444.7,19851,20434.4,23744.2,22720.7,24573,21413.5,24854.6,24443.1,22909.4,21620.8,22809.3,25345.1,21109.1,19383.7,25184,23997,24242.4,21754.4,23456.1,23167.8,20263.1,22180.8,19211,25581.1,22744.2,20482.9,24289.2,24847,25229.9,22007.6,20685.5,23980.4,20662.9,19701.4,23754.1,18467.8,18977,24088.1,23415.2,22087.9,25127.6,20110,22931.8,23458.9,23919.9,19000.7,21552.6,24222,20396.3,27205,26352.9,27656.5,32672.3
36727.5,29161.2,23849.2,28207.1,25606.6,20221.6,25442.7,22033.2,19768.4,19851.7,22081.9,21173,23805.6,21572.4,24312.3,20602.2,20555,22301.9,24100.8,22939.4,20486.5,21945,23554.9,21783.8,20772.8,18672.5,22328.2,24069.4,23213.6,21431.6,19123.5,23643.3,24752.4,22642.7,22468.2,23971.9,19765.5,23326.3,22737.3,20513.3,22781.5,23591.4,22201.7,20591.9,20607.9,23716.7,21083.5,20159,18727.7,20962.8,20842.7,23670.6,19368,22362,18342.7,23968.2,23744.5,19484.3,23157.6,22689.4,24172,20657.9,18822.8,18067,19188.7,22040.2,23114.1,21097.9,20086.2,22542.3,21374.1,21486.8,24668.5,22389.4,21308.3,22869.6,20410.1,19204.7,23862.9,19641,22593.4,21062.6,23690.2,20712.7,25271.3,24349.5,21136.8,23342.6,24860.1,19325.2,24709.5,20710.3,21120.6,24632.1,19082.7,22952.5,20338.5,20932.1,22189.3,19787.6,23425.6,21841.7,20663.4,25167.6,20491.2,23135,24727.6,23461.9,18310.1,23484.5,20337.5,21869.3,20834,19064.1,20521.7,18979.1,22742.8,21421.4,22413.6,22887,24032.8,20894.3,22021.9,22564.8,18072.1,19939.7,20503.1,21495.5,22806.6,19642.7,22150.1,20363,21049.4,20358.3,25594.8,23168,20259.7,19552.4,17992.5,19922.2,18323.9,20269.3,18298.6,20353.5,20300.4,22311.6,20352,22926.7,18005.6,24274.5,23954.2,17931.3,18369.3,17653.8,17289.3,18912.7,23826.4,22067.1,21226.4,23405,23448.5,18517.6,21070.2,19610.6,22161.6,19099.9,21542.7,20769.7,20471.2,25103.4,21633.7,25673.2,21640.3,19918.3,20819,22658.1,23170.6,23804.7,22760.2,22646,21125.4,21940.4,24097.8,22079.4,23109.2,20555.2,21259.9,26083.4,24021.7,21004.4,25372.7,22856.7,22749.6,24378.6,23546.7,23784.5,21213.7,23500.4,24699.6,24027.1,23087.5,24990.7,24639.1,23362.9,23544.4,21158.5,23499.5,21902.2,25237,23118.1,21529.4,20587.7,24982.6,21883.1,20662.4,19611.2,22973.5,24360.2,21027.1,21194.3,24354.1,24184.8,23021.4,23326.9,23677.2,19229.9,22706.1,19350,22373.7,23890.1,19394.7,24315.9,22454.6,23748.2,19007.7,23544.2,24521.4,22484.9,21041.6,21400.2,22570.3,18890.1,19980.9,19031.1,23859,24399.3,18971.5,20780.3,24902.3,23392.8,20562.2,23591.3,23908.9,24493.5,21896.7,26338.1,25609.3,21371,19632.6,23014.2,23715.8,24409.2,20234.1,22527.5,20438.8,24101.8,20686.3,21697.5,21877.3,22181.1,23743.1,22519.4,21208.3,20128.2,23740.8,20106.5,23147.5,23168.2,24232.2,24135,21389.1,22026.3,19648.7,20509.7,24173.6,23667.9,24340.1,22894.8,22060.6,23420.6,19238.3,22123.9,19243.8,24129.8,25493,24502.8,19487.2,23643.3,22142,19885.2,22054,25595.4,19921,21993,23586.6,22382,21533.3,22060.2,21344.7,24771.4,24276.5,21868.3,24975.9,19585.4,23818.9,20101.5,24385.4,21922.6,23169.5,23547.2,21651.8,20984.4,24574.4,24723.7,24337.3,25485.6,20817,22080.9,20567.8,20228.4,20739.7,22386.7,20606.2,24885.5,24857.1,19674.3,19731.4,21354.1,19916,23471.1,20075.9,20031.5,23478.2,20280.9,25322.1,23221.5,23322.2,24274.3,20539.8,22402.9,24807.4,19904.7,22451,21585.3,19680.8,23193.1,20291.8,24366.3,22982.7,20211.6,19706,23695.7,19215.9,18980.3,18862.5,19125.9,19070.8,24720,23756.3,20542.6,23031.8,20679.5,22619.4,24829.6,25160.3,21605.7,21779.3,21063.6,20385.6,20779.2,25073.4,28506.9,30343.1,37067.4
35455.4,28734.6,27661.9,27667.7,23830.4,21166.9,20077.7,24699.1,20681.9,21540.1,22322.3,19077.3,20097.7,24738.1,21058.7,19950.4,24466.6,23713.8,23985.8,23723.9,24407.3,24327.1,18623.2,19040.2,19570.2,20472.9,19346.2,23189.2,23923.1,22804.1,20808.1,23024.6,20518.9,21572.3,18373.7,23134.3,23114,22498.8,20886.7,19640.6,19036.1,19334.8,20556.2,19288.3,18042,23555.4,19368.9,20268.3,19234.4,19537.5,22859,23738.1,22739.6,22239.6,22491,20736.2,18350.9,20882.9,20506.5,18475.8,18222.6,22240.2,21274,20951.9,23108.9,20587.3,18712.6,18237.5,19152.3,23951.1,23313.3,23234.3,19355.9,21789.8,19341.3,20882.7,21916.3,23561.4,23454,24398.5,19040.9,22621.2,25100,20732.6,23068.9,19177.5,24820.7,19533.5,23782.1,25412.4,23470.2,19735.4,19768,24844.2,20914.9,20263.1,20026.1,21114.2,25376.8,18731.6,20387.7,24190,19850.5,24539.3,18739.5,19610.9,18732.5,21602.7,21989.3,22836.7,23859.9,19522.4,19453.4,22381.3,19908.7,20623.7,20858.1,23627.2,21159.1,20524.6,19758.6,22805.2,21574.1,21973.1,21866.3,23379.6,21167.3,21847.7,25462.5,22059.5,22830.7,22348.9,24957.2,23811.7,24738.1,21986.1,19098.4,22941.8,21149.1,19153.5,19075.1,20287.4,23839.2,22689.4,23975.3,22485.2,23843.5,20872.1,20217.1,19409.6,22966.5,20926.8,22588.9,22632.6,20860.9,22292.2,19290.3,18072.3,18030.3,22852.3,21335,22666.2,18531.9,19598,18390.2,20382,19194.9,23470.9,21588.8,23685.7,24904.2,25030.3,24125.6,23012.6,24829.3,20079.3,21799.4,23641,20810.5,22697.4,25562.8,23024.6,22093.9,22222.4,25845.3,20818.2,25191.4,21391.2,23663.9,20260.2,26124.5,24011,25851.8,24488.3,19899.7,25441.2,21279,25104.9,21692.3,20777.9,21069.8,25573,24527.8,19693,19322.6,20884.2,21616.2,25344.9,21686.3,21083.1,22765.7,21262.7,23536.4,23726.7,25327.1,22488.8,20521.1,25635.6,20221.9,23647.8,24507.2,22081.2,25446.2,23849.2,24275.6,20633.4,22256.8,22272,22948.3,23880.9,25034.7,24870.2,19033.1,21457.4,24262,21722.7,24186.6,22067.2,19799.8,25102.9,24278.9,23539.8,20165.9,21301.1,21519.3,24922.9,22715.1,20788.1,20163.8,20181.5,25377.7,23803.6,25218.2,26013.6,23838.4,21868.3,19882.9,22822.6,25874.9,21751.7,23785.8,21544,21514.4,21151.3,20695.8,25306.7,21951.8,23958.6,25422.5,25277.5,23440.4,23134.4,23097.9,22976.6,25141.4,21366.6,20439.3,21964.7,19690.9,24520.9,20031.3,24156.8,22381.5,19337.2,20606.4,23030.3,24918.6,21536.9,22218.8,24021.9,22842.8,25226,24421.9,19158.3,19646.2,19915.3,21166,21005.4,24280.2,21796.2,23080.3,24921.4,20723.1,25607.3,22993.5,23141.3,24558,21876.7,20407.4,24111.6,24745.1,19428.9,24763,22630.6,21043.7,18431,19045,24769,20397.7,22418.6,19718.6,21948.6,22184,22067.4,21876.6,23527.2,19294.5,21901.7,21457,23818.1,23747,20742.4,22847.6,19088,21831.5,24255.6,23424.6,24663.9,23130.5,23247,23557.9,20372.6,19589.6,22984.9,23610.2,20767.8,20773.3,23876.6,20766.6,20421.2,20281.8,21319,21325.3,21478.8,24884.3,21318.7,24166.5,24941.7,19577.5,19890.5,24376.7,24444.5,19353.4,18468.8,22869.1,22075.8,23917.6,21661,22372.1,24182.2,22635.1,20310.7,19044.9,24718.1,25252.8,25689.1,25017,22926,21265.3,22272,24974.5,27442.8,30615.4,31333.8
35359.2,27464.2,24192.2,26758.5,20764.6,23482.3,19308,22962.8,20961.2,23237.4,21056.7,20553.9,22305.5,19907.4,20082.7,24805.2,22665.9,18621.3,19796.3,21412.9,24089.3,22414.5,23783,21455.1,20860.8,20727.7,24001.7,24447.3,21930.9,21433.5,21488.6,22698.1,24240.7,22531.4,23454.9,22949.5,20588.3,20064.9,22223,20019.5,18483.3,22142.7,23485.1,24140.5,21381.8,22547.2,18366.8,19597,20701.5,19070.9,19866.4,22797.1,23720,20133.1,22019.7,20684,20009.2,20257,21228.5,17775.8,20201.9,23867.6,17960.2,20813.6,18534.2,23486.7,21602.1,18589.4,24463.1,22046.2,24060.9,23547,24764,22010.7,19701.3,20509.3,19726.9,21634.9,24499,23011.2,23438.8,22192.1,20781.8,24523.7,25489.6,20571.1,22808.4,19734.8,22048.9,18956.9,19695.6,19120.2,24448.2,23774.6,20522.6,20817.3,25579.8,22572.4,20769.5,23096.4,21916.8,20435.3,24275.8,23608.4,24812.4,18994.5,24234.9,19894.3,24066.8,22264.4,20024.9,21715.8,23959.2,20910.2,21145.4,19961.8,22855.5,18353.7,24099.6,18127.2,18067.1,20413.3,20180.3,21463.1,18494.7,23471.6,23580.4,19165.9,22396.9,23865.7,25534.2,20826.2,20693,22606.9,20334,20194.5,20186.4,21527.8,22743.3,23271.5,20185.5,20436.3,19288.7,22417.8,23556.4,23023.9,19047.7,20176.9,20798.6,24349.4,24082.3,19062.8,24024.2,20695.5,18781.3,18528.2,21616.8,21338.8,23241.2,21483.6,23286.2,19261.8,18990.1,20046,23731.2,23912,22207,19318.8,20742,23348.7,21251.3,22215.4,21008,26114.8,24768.2,23415,25127.8,23537.6,21280.4,23241.9,22245,22486.2,20549.9,21732.4,20483.2,22202.7,19747.6,23539.2,22507.6,25434.8,22318.1,21995.8,20654.4,23093.2,23612.5,20284.5,22600.6,22986.2,22715.8,21168.5,23750.7,23713.8,20812,21474.5,23757.1,21729.3,23066.7,22959.8,20218.9,25223.1,20281.5,21346.5,24551.1,21311.3,22413.5,20577.8,21920.5,24236.5,22530.2,19671.9,20606.2,25438.3,25458.9,23375.1,21540.6,21245,19985.2,21141.4,21081.2,22207.9,23755.4,21906,19526.3,24283.8,20436.3,21178.1,24266.3,24549.1,19648.8,19007,24445.8,19919.8,19881.5,24032.1,22251.1,22602.5,25519.5,23806.2,21437.9,25123.3,21241.9,25222.9,21486.5,24242.6,23373.9,24659.7,20003.9,21280,22521.3,20620,19343.6,25123.8,23363.6,24745,21929.7,22347.2,23028.8,23394.8,22147.8,21232.3,24606.7,24406.6,20540.3,22880.1,26302.4,23569.5,22172.6,26067,22764.9,19619.9,19866.4,20807.8,26006.1,25782.3,24365.6,23206.5,19525.6,21490.6,18983.8,20381.4,21595.5,22756.9,22933.2,24106,21672.3,19015.8,24158,24315.3,24033.5,24119,23583.8,21402.2,20114.9,22339.3,22749,24611.2,20735.1,24032.8,22565.9,19452.9,24895.9,21382.8,24721.1,19634,19781.8,21163.7,25048,19584.7,21516.8,21638.3,20637.6,23876.8,21464.4,22810.3,22616.8,25319.1,19028.5,19562.1,22718.5,19031.3,18841.6,20673.7,24556.3,22831.3,22171.5,24197.2,22134.9,23191,21387.7,21771.9,23229.6,20935.2,24607.4,24298.2,25555.1,25073.5,19384.5,20846.5,19497.1,20033.3,20482.1,19710.1,22780.1,24087.5,20398.4,20658.2,24573.9,21517.6,22637.9,22201.9,20831.4,18850.5,24245.4,24138.1,22978.8,23269.5,20703.2,19408.7,22241.3,23438.3,21944.5,18799.9,24622,24057.6,25434.8,19945.1,21986.5,19280,20520.9,25446.4,21391.5,29376.9,27721,32570.3
35694.7,29314.3,28518.4,26035.2,23116.1,24655.8,24924.6,23952.9,21714,18393.1,18905.8,21739.5,22484.2,21178.9,20017.6,24145.3,22646.8,24167.7,23173.8,19320.7,24830.3,23751.2,20387.8,24461.5,19900.2,22210,18232.7,21157.7,20624,20609.8,19503,21570.8,19463,20986.5,23198.3,20099.1,18270.1,20929.2,18571.6,23439.9,21041.5,20089.3,21262.5,18184.5,21519.3,22276.2,20105.5,18202.1,22379.2,21968.2,20758.6,20684.4,22753.9,19694.3,23416.2,22110.9,18543.4,19239,22086.1,19014.7,23440.4,23457.5,22046.5,23046.2,23212.5,23482.9,18696.1,18059.4,21742,20271.3,19915.5,22511.1,24934.8,23119.6,25084.5,22945.7,23162.5,22397.2,21166.9,20099.7,19131.1,23298.9,22360.8,23666.1,19296.9,22795.7,20563.7,19933.8,24739.1,21848,20490.6,18997.1,21905.8,20042,21364.4,23699.8,20555.1,21544.4,23770.4,25064.5,21543.2,24979,21451.9,24663.4,23817.3,20791.9,20505.3,20468.6,20282.4,22964.1,19013.2,19368,24856,20548.6,24720.2,19371.8,22373.4,22648.6,20528.5,19811.4,21153,20316.2,18295.9,23086.9,19363.6,23456.3,22349.8,18636.7,24579.7,22839.8,21972.3,19896.7,19842.3,25686.5,24336.6,21242.4,19742.1,24230.6,22742.8,20945.5,18607.7,18748.8,20645,19104.2,20381.5,20233,18772.4,18385.1,22409,19655.5,23538.3,19116.9,21727.8,20812.3,21355.4,23622.7,20568.3,22023.2,21060,24256.8,22184.9,23071,18228.3,21593.5,19944.6,23690.2,19738.8,21154.9,20730.8,20031.3,19690.9,24618,24440.1,26165.8,24429,23688.1,25433.8,23469.3,20421.3,24081.9,21393.4,20243.6,22215.8,25728.1,23535.4,21640.7,23156.8,21622,24820.8,21075.3,23571.4,23504.1,21963,24024,23556.3,22201,20691.4,24285,24901.9,20539.2,23808.4,25293.2,19776.2,22676.5,25767.2,20385.1,23036.9,21517.3,25200.3,20571.3,21124.4,20879.8,25280.7,25937.4,23912.9,22526.2,19636.8,25261,24999.1,24110.8,19896,25097.5,23261.8,20173.6,25424.3,20948.9,21429.5,25597.8,20636.5,23417.8,20004.1,23108.6,21838.2,21651.8,20389.2,23499.2,19723.6,22046.7,19456.7,20571.2,19942.5,22275.7,22919.3,22589.9,18896.2,21066.5,23182,25232.2,20292.9,24115.6,25612.8,21578.4,22158.9,24972.8,26085.5,21115.4,21303.4,20627,21358.9,25839.6,21211.8,23699.2,21338.7,24948.9,25263.3,24915,26416.7,22415.1,20416.7,22214.1,26308,22185.1,26318.1,20768.9,26099,23618.7,20015.9,24393.6,20970.5,22389.1,25466.9,24880.1,23828.9,22305.2,24593.9,24588.9,24611,22887,20082.4,19595.2,22759.8,24553.3,20752.3,20599.6,25334.4,23447.2,24879.9,25150.6,23545.6,24360.8,25318.3,20241.9,22512.6,19181.7,24088.6,18866.5,20130.7,21737.3,24040.4,21358.7,22376.1,22836.1,20099.2,24369.7,24655.5,23477.8,20309.8,19827,18475.9,22161.4,23856.3,23891.9,18430.2,19835.3,18925.8,22074.4,24430.6,19928.2,24664.1,19249.4,22941.4,20311.8,19280.3,21902.4,24700.6,25686,22987.7,22528.8,21534.1,23019.3,21002.3,18852.9,23643.1,24802.7,20430.9,24243,21327.5,19804,20645.8,19420.8,22439,21990.4,22832,25074.1,23434.5,22477.2,21644.1,19410.3,20546.2,24659,21652.6,20516.3,22977.9,18901.1,21077.8,21124.6,20979,21879.8,22975.2,19937.1,20973.6,22597.7,19509.7,20678.6,25605.8,23528.8,22461,25336.7,21445.4,22717.1,21877.3,24676.3,31431.2,36300.2
35118.4,26184.5,23316.1,24945.7,21025.3,19863,23831.2,20149,23367.2,18964.7,20585.2,19500.9,23958.8,21491.6,23142.4,20240.3,23880.5,20689.3,24949,20429.6,24319.6,18643.9,23502.8,19881.4,23761.8,19205.4,23463.6,21836.6,19097.4,22660.4,22831.6,21640.6,23682.9,24180.4,21036.9,20945.3,24038.6,23916.2,20942.1,24058.9,22187.2,23359.2,19715,19876.1,23803.9,20498.1,22584.5,18771.5,22536.3,23559.2,20155,23205.1,19839.9,23669.5,18911.9,22040.3,18493,23775.2,23043,23745,19019.6,17892.7,24054.9,18864.4,23813.4,18188.6,24313.2,20706.1,21326.9,18414.4,19409,21475.4,21853.3,23992.1,19835.9,21902.7,19261.5,24538.4,20316.8,21081.5,19179.5,21118.1,19280.7,23004.3,23160.9,23765.4,23655.4,20939.5,24600.3,20837.6,23436.5,20176.5,24506.9,23295,24596.5,20896.5,19307.3,19639,24879.6,25276,19418.4,21504.7,24268.7,18784.5,23883.8,24520.1,20104.7,21762.7,20069.8,19384.4,20712.4,22527.3,21863.1,18492.9,19099,24672.9,19025.4,21018.3,23043.5,23858.5,24510.9,23914.3,21848.2,19083.9,19245.5,19683,18912.5,18954.2,20324,20177.3,19493.2,21098.4,19930.9,20227,21973.7,21068.1,19801.6,20487.6,20304.2,22206,23210.5,19755.2,22804.4,19428.9,22761.2,19099.6,20442.4,20094.4,23538.4,24412.8,24307.5,20325.3,19950.3,22442.8,19518.4,21121.2,22248.8,23685.1,20158.6,22012.5,20259,18118.3,23184.3,22276.6,20422.1,19716.3,20302.1,19139.5,21325.8,24631.3,23072.9,24786.3,22501.6,6040.88,21503.2,22671.3,20831.4,21897,22318.8,25224.4,24596,21787.9,21360.2,26083.5,23317.9,22992.6,21830.3,22693.5,23101.7,23295,24343.6,21614.6,22248.8,25287.7,20914.7,20887.8,23125.5,23203.9,22076.9,20678.4,25725.9,23005.6,21033.6,24580.4,25703.1,23060.1,19789.8,23835.1,22188.7,21740.3,22069.2,25129.6,20129.5,25626.1,25722,24104.6,22180.5,24264.7,24888.1,19242.2,22052.5,20386.4,22394,23085.4,21912.8,24696.6,22542.8,20969.6,25492.9,22302.3,24281.2,24820.8,25015.9,24310.5,22850.5,21606.1,19386.5,25151.5,19025.1,19302.2,20975.4,23207.7,21146.2,19498.9,21358,23150.1,23140.7,23148.4,23820.1,21019.2,24270.9,24711.2,24897.9,22611.7,23754.5,22602.2,20697.9,26064.1,24099.1,20242.3,23099.2,23417,25845.7,25735.5,22641.7,21980.3,22788.8,24192,19826.9,25029.7,25131.4,24870.4,21429,24974.5,21233.3,20625.7,25497.7,22821.4,24337.5,21123.5,24101.8,26262.2,22360.7,25775.5,23518.9,25631,25507.6,24811.5,23844.8,20242.4,21681.3,23186.7,24109.6,23554.3,22693.5,19740.7,23092.3,25647.8,25502.7,25099.5,23679.7,22309.4,23006.4,23836.7,23211.7,23875.3,24326.5,19166.2,22669.2,19499.1,19519.7,24394.1,23254.7,20799,19845,18919.7,20177,18794.1,21313.2,24761.8,22325.2,18786.2,18886.4,21351.2,20186.8,23568.9,21760.1,21163.3,20981.9,20444.4,22349.7,24481.1,19544.9,23795.7,20332.7,23123.8,22593.9,24325,24754.3,24833,20039.5,22062.7,21056,21012.5,21122.3,20800.7,21250.4,18948.5,22624.8,23512.2,23860.4,23303.4,22869.5,18978.9,23026,24065.8,23980.7,18654.7,20739.8,21765.1,19409.2,18607.2,21083.6,21895.2,18153.2,19992.5,20543.5,20793.6,22547.9,18893,22550.1,18617,20994.3,23724.3,18575.7,25000.5,23126.5,25436.8,20576.4,19704.2,21149.6,23937.6,29293,35798.3
30958.6,29168.1,29038.4,27090.8,25270.4,21856.1,20637.7,22553.5,22673.8,18655.2,21290.4,23313.1,23330.1,22728.2,18782.7,23585.6,18818.3,22893.5,20684.6,20986.7,20150,22387.8,21980.2,19876.8,19012.7,19490.5,24205.1,23148,22436.5,19068.4,19536,24485.5,21671.6,19189.5,22647.9,22273.3,22693.3,24144.7,22866,18081.9,24269.4,19495.3,19404.8,21770.2,20779.4,18461.7,22888.5,22283.6,20049.1,17925.8,19364.7,21110.6,22978.1,23712.5,21033.2,23513.5,19391.9,18539.7,23883.5,20588.1,19934.9,22096.6,20461.6,23291.2,21287,23956,23976.7,18626,20741.5,23828,20377.6,20077.2,21444.4,19258.9,19066.8,22213.2,23564.1,24523.5,19800,23645.4,20978.2,21072.6,21954.8,23251.3,24531,19237.8,22072.4,20055.1,23053,23556.3,21759.7,19230.4,24415.7,25795.5,22303.3,21846.4,20844.5,25045.5,22267,19958.5,21166.5,19257.3,18943,19988.8,18617.2,18532.3,21755,21001.9,21146.3,23029.3,21161.8,19630.7,25075.2,20347,19633.6,20277.7,24916.8,24370,21438.8,24310.8,24615.8,21749.9,22878.9,22358.1,21149.3,18479.2,23035.3,21887.1,24582.8,21510.6,21985.8,20459.4,20155.3,25918.1,25416.4,24640.1,20894.6,19212.6,19262.5,22120.3,19400.2,19199.1,21010.3,21062.3,19553.2,23268.8,20389.3,21326.7,19600.6,21576.8,19511.3,22274.3,19038.7,20441.8,18250.6,18979.4,20041.9,20329.8,20461.8,18522.4,21039.2,23286.2,19433.5,23895.8,22854.9,19481.9,19088,23874.2,24890.3,23169.4,20419.5,22828.2,20149,22490,23709.2,20798,21431.8,20628.8,21296.8,20925.4,26189.9,23801.2,25957.4,25328.1,22201.4,22671.4,24546.9,22106.1,25158.7,25328.4,21925.4,20105.2,24879.8,26447.7,26160.8,21404.6,24298.4,20692.8,23968.2,21411.1,22599.3,22317.9,20435.5,24988.5,20544.9,24148.7,20747.9,22959.7,25634.9,22961.2,21126.8,21178.4,25194.4,21630,22183.4,19686,21540,21966.7,19390.9,25670.7,21652.8,22381.2,22540.5,20548.7,20462.5,20222.7,23291.7,21321.9,22562.2,21201,21698.5,24350.8,25104.7,25005.5,24948.8,25467.8,19661.5,23747,24050.3,22591.9,23798,23482.1,23115.5,22095.4,19103.4,22547.1,20360,19778.6,21485.9,26174.8,24154.2,24138.9,20751.2,23994.7,22424.4,20920.2,25514.3,21283.2,23938.6,24206,20349.2,26053.6,19966.1,21907.2,22706.5,23368,24770.2,23839.6,21340.7,20929.7,24790,22532.9,20688,23914.4,25371.7,26309.9,24909.6,21534,25113.2,22722.4,26679.6,23243.3,20681.7,19558.5,20447.1,20523.3,25348.4,24172.9,22594.5,23934.4,23474.1,19407.3,24021.7,23762.1,21616.1,19952.3,22390.6,24020.1,21356.9,20889.9,22182.2,21892,22006.9,22196.6,21349.4,19724.4,24081.7,19997.1,23588.2,20355,19884.1,25287.4,22923.3,19136.2,22236.2,21956.8,19933.7,21824.2,19875.1,21062.2,24249.7,23573,20118.2,25355.2,24423.4,24924,22454.4,23108.9,23966.4,25097.2,21704.3,21468.2,23536.6,21830.4,21663.8,23222.8,21942.2,23809.4,21099.6,25129.5,21130.8,20362.5,24128.4,20624.9,21764.1,22914,22247.8,25018.8,22456.7,20835.7,22992.5,21802.8,23792.5,20306.5,22435.9,25052.7,25359.9,20231.8,18252.4,20788.5,18435.7,19547.1,21700.2,20221.9,21791.8,18124.1,20708.6,19413.6,20947.8,19201.3,19212.1,21100.5,21269.1,23594.2,23776.7,21926.9,21349.7,20654.9,20459.7,21686.6,25575.7,25571.9,29670.4,36606.9
32773.7,27594.5,27765.8,22321.2,21087.5,21985,24155,21476.4,20821.9,18335.8,19339.4,18516,21013.3,19232.7,20874.6,22961.3,21755,18898.9,18581.1,22065.8,24419.3,19605.1,19344.6,22162.8,22915.2,19397.9,24509.6,24304.3,19829.9,24242.5,20711.8,22632.5,19833,24217.9,23283.2,20780.7,23651.2,20916.2,23407.7,18139.8,19356.7,18870.9,21150.5,23101.5,18641.9,19208.4,23688.7,19514.3,19594.7,19056.5,18865.5,20422.8,20538.6,18722.8,20150.1,20020,20644.6,22784,23577,23028.9,23833.1,21522.4,22706.4,21062.9,22421.9,21351.8,23031.7,24187.2,23724.5,23534.8,21076.8,20745.3,20596.7,22411.9,24884.9,24869.1,25203,20575.5,25261.8,24521.6,23039.8,19286.1,22323.3,24511.1,22093.1,22526.3,19789.8,25656.7,20229.8,21894.3,23027.5,20779.5,23039.2,21793,23727.8,20115.3,21526.1,20634.4,21185.6,23684.9,25228.1,19959.7,19135.8,25032.4,23339.3,20638.2,20020,19692.4,23314.1,22866.2,22299.9,22826.1,19445.4,21845.8,18984.6,24879.3,25275.2,20540.3,19717.4,21544.2,21556.7,20447.4,23773.5,20086.9,20124.3,20769.7,18732.9,19112.5,24608.3,25712.7,21598.5,25836.3,25595.9,19992.6,19986.5,22789.4,19496.6,19951.6,23367,21596.8,22816.5,23035.5,19158.1,21528.7,19030.1,21623.7,22440.7,23045.6,23951.9,21997.1,20721,20438.5,21918.2,21043.9,17242.6,22493,20059.4,22250.6,24086.7,18890,22963.9,23927.4,21780.5,19271.3,23076.4,21835.7,24328.1,23719.7,19351.2,24335.6,25507.8,23027.3,20937.1,20355.6,20547,24525.4,20128.1,21075.2,24027.8,21527.7,24114.1,25479.1,25168,25145,20053.1,26062.1,20007,24688.4,24110.6,23226.8,21272.7,20259.3,21245.5,23811.5,21963.7,22178.3,25763.9,20483.4,25910.8,20234.6,21031.5,24879.3,21358,20748.4,20966.4,25035.3,21020.9,24808.6,23461.8,19947.4,24528.3,20142.3,20054.5,25145.4,23547.1,22438.2,25687.8,22485.3,24490.1,23818.1,24327.1,20327.5,19760,20582,23991.5,19886.5,20197.4,25208.8,25155.9,20600.8,23684.5,24684.2,23459.5,20870.5,25283.8,23368.9,22619.1,24983.9,23221.8,20364.2,21564.8,21930.1,19730,20417.8,19586.3,22857.7,24007.1,25036.3,21661.7,24276,26465.5,24398.7,20127.8,22184.9,20514.2,21918.7,20185.8,21048.5,22602.4,22014.1,21501.7,20605,21990.9,19988.1,26024.1,22201.2,23167.2,24212.9,24773.6,24290.7,25843.3,21650.2,23782.3,21567.3,26219.6,25294.8,23416.8,24541.3,21315.7,23584.5,22203.5,23600.6,21749.9,25209,20905.7,20159.7,22886.9,22119.9,24421.8,24909.8,19818.7,20052.9,24663.3,24306.1,23490.4,19267.7,23331.3,19268.9,19230.9,19299.3,23449.4,19514.5,21461.7,20003.3,20041.3,24562.3,24217.2,25301.5,21235.4,19897.9,19225.5,22709.7,22841.3,19244.9,20847.3,21170,25378.3,23656.3,20031.3,21172.5,19984.6,21440.7,24162.7,20561.8,19795.9,24764.9,23555.5,19217.7,22400,24684.5,19713.7,18467.6,19823.6,23601.7,22894.2,19262.3,20680.2,20829.5,18712.1,23889.3,21257.8,24966.1,18710.4,19484.3,20868.6,22069,18858.9,24241.6,19724.9,18862.8,23797.6,21150,22017.1,22869.1,21364.7,19279.9,19632.5,23712.7,18231,19196.3,18601.3,19600.3,18176.8,23357.5,22122.1,17958.5,19118.6,19329,19136.7,23376.9,25134.7,22416.8,22209.7,18773.4,22185.4,23195,23005.6,23097.5,23878.5,23640.4,27231.5,27363,26214.3,31603.4
33936.1,30590.8,27461.3,24688,24058.4,19942.4,24368.9,24531.5,20051.8,18519.8,22055.6,23488.7,23763.5,20167.2,21994.5,20457.7,21737.6,21614.7,24773.8,20614.1,20926.5,20293.1,23570.8,18782.4,18662.5,23158.3,18747.5,22287.8,23943.8,22131.9,20023.1,22506.2,20775.4,19644.3,24117.9,23549.6,23412.5,20464.9,23488.6,18150.5,22047.1,20045.8,21724.6,21673.5,19245.2,23926.1,21351.3,24300.7,23543.8,20588.6,18057.5,23794.4,19741.1,17921.8,22444.9,23282.1,24045.4,22416.7,19973.7,20801,21478.7,20067.6,21789.7,18484.4,21992.6,18227.9,19499.4,20704.7,21015.8,18469.7,23282.2,22112.8,23482.9,22062.6,23247.5,21287.4,19246.2,25162.7,24320.5,25350.9,19642.7,24565.7,20057.9,22324.6,19329.2,23606.1,22090.9,25260.4,19735.6,23366.6,24598,22133.5,21792.7,21211.9,21745.2,21254.5,20006.8,21017.3,23767.3,18983.6,25359.2,24310.9,24798.2,20352.6,24574.1,23316.5,24268.9,22010.5,21539.7,22006.9,21142.1,24100.6,21761.8,23912.9,20167.4,24269.1,21009.3,19592,23690.9,19293.2,23058.3,24397,20686.9,23856.8,24007.5,20408,21261.4,23621.3,20808.9,24289.2,25618.1,23489.8,21976.6,23147,25306.5,19982.2,23934,22944.3,23295.5,21772.5,19045.6,23563.9,21989.9,18884.9,20514.5,21086.1,18475.8,21492.2,24151.2,20089.8,18906.3,19281.5,19274.7,23375.7,21017.5,19670.3,19227.7,22157.4,18721.5,22319.7,22498,23469.1,18707.5,22715.5,21246.4,20203.3,22793.6,23198.4,23254.6,25298.2,20696.2,21767.4,25669.3,21584.7,22663.1,23975.2,21101.5,25114.1,21012.7,22496.8,22581.2,21186,25259.9,21029.9,19850.8,22146.2,20267.2,24996.8,22131.1,23020.1,26368.9,24918.9,25602.4,22526.5,20679.2,20273.7,22242.4,24031.8,21212.9,21384.1,21766.8,22623.8,20922.7,21352.2,20043.4,23666.8,24796.2,23891.5,21884.2,24970.1,23974.7,25301.6,24695,19925.9,25178.1,24028.1,19889.9,23509.4,23804.6,20433.8,25402.7,25380.1,25361.8,23627.5,23451.1,24791.8,25840.7,22333.3,25108.7,25956.8,22332.9,25040.1,23068,20834,20087.4,21090.6,21951.9,21206,23339.5,20024.7,24313.8,22969.9,25733.9,22291.1,22501.3,22360,20209.9,24351,25636.2,21958.4,20200.2,22331.5,22207,22089.4,26095.8,20236.7,25652.4,23831.1,25495.1,23447,22965.8,20752.3,21864.5,25917.8,21816.9,23193.2,23432.8,23552.7,26352.7,22740.8,26302.5,25700.5,20024,25991.2,20291.3,20900.5,20437.3,20091.7,25832,21791.5,21254.1,20185.3,25722.5,21616.1,23570.6,24476.9,22755.7,24006.5,21217.2,25510.6,24121.6,21691.9,21359.1,19478,24281.8,21399.6,19536.1,24129,24547.3,19346,19966,20436.4,25649.4,22580.8,24048.7,25386.8,21498.3,20810.9,25023.3,20933.1,22549.6,19454.6,18870.7,23073.6,25254.7,23191.2,18667.9,18925.2,24369.2,25114.2,23532.8,24355.2,21613.9,23935.2,24039.4,19070.3,18495.9,24820.9,21398.5,24951.4,19429.9,19726.2,24525.1,18588.9,24900.7,21221.3,22461.4,24468.3,24076.1,23799.6,19157.4,23780.2,22661.4,21366.5,20867.6,21543.6,20469.5,18967.7,20535.4,18648.4,20294.8,22192.4,23499.3,19530.5,19729.4,19868.7,22285,23793.2,22312.6,20953.2,20246.4,22889.5,20689.7,21542.8,21764.3,18019.1,22505.9,18526.5,19076.3,23134,22135.2,22245.1,24670.2,18928.2,21293.2,19750.9,24458.6,24840.7,22670.1,21586.2,27128.6,27227.4,26046.2,31579.9
33595.8,31050.2,26690.4,27087.8,22279.3,24181.3,21372.9,23206,19905.5,21990.9,19610.5,23619.3,19154.7,19883,19965.7,23909.2,22962.5,24582.1,21195.7,19444.3,20344.7,19444.7,20317.9,23767.2,18700.1,20299.5,22823.3,18572.8,24601.8,22630.8,24542.9,21429.7,21849.6,23501.7,21135,20479.9,19720.6,24252.4,19346.7,23154.4,23015.7,18921.3,19491.4,19970.9,18883.8,18060.2,20516.9,21929.3,22849.7,21429.5,19655.8,20218.3,22625.2,19475.1,20673.9,18404.1,23467.1,19748.2,18372.3,22531.3,20855.4,22917.9,21270.5,20821.9,20049.1,21932.3,21317.6,18812.1,20194.8,18852.1,20891.3,24410.8,21125,19209,20602.6,23224.1,19228.8,21355,21222.6,19392.3,23811.5,22864.1,20074.8,23770.7,19168.8,24272,24556.1,19698.9,20234.1,23324,20254.3,25016.5,19378.7,23345.3,25710.1,22033.8,24733.9,23054.9,22379.5,23913.2,23095.5,23294.9,20131.1,25344.1,20619.1,23425.5,22089.3,21664.5,23841.4,21385.1,19594.8,21366.3,23960.6,24998.6,22472,22628.2,21477,19699,24769.4,24416.5,22562.3,19736,23558.7,22591.1,18606.5,21047,24462.8,19419.4,18927.9,21884.4,23530.8,25949.4,25098.9,26048.1,19762.7,21498.1,22259.9,19807.6,22798.8,22471.6,18735.6,20801.8,24357,18399,22375.5,23086.6,19273.2,19400.7,19798.2,19171,19597.1,23564.2,21077.4,20024.1,16348.9,19177,21956.8,23485.7,21060.4,18675,20255.3,23493.3,22846.8,19469.3,23658.2,20750.3,23921.1,19883.7,24630,21554.2,21879,24388.5,23380.6,23926.1,23379.5,22463.3,25830.7,26690,20166.5,22572.7,21906.4,20548.8,21440.6,24704.7,24258.9,20101.8,20948.4,26421.9,26394.6,21847.2,21376.3,22403.2,24459,20493.5,23519.7,20375.4,25209.3,23756.3,19964.5,21545.2,22829.4,21139.9,22211.1,25239.8,24936.9,22251.5,23471.8,22768.3,25720.1,26036,25181.1,21770.9,23196.9,20678.5,21843.1,20250.7,24273.9,21258.2,25661.2,21154.2,23039.4,23895.3,23492,19431.5,20744.5,20150.9,23552.4,20733.4,21233.2,21955.6,24762.3,20864.4,19885.5,19844.8,21155.3,22602,25024.4,20016.6,22775.4,20092.4,23491.4,24255,22669.5,20560.8,21395.8,20238.3,25356.1,21835.4,25847.2,26297.9,21163,22260.4,24319.9,24358.5,24566.4,24482.9,26081.5,21750.5,20579.5,23078.3,25804.9,22851.6,21497,24261.5,19972.9,26393.2,25152.3,22538.2,23176.4,22642.7,25188.3,24051.8,21730.8,23152.5,25522.7,22375.1,21847.2,24725.7,25314.3,25848.7,20819.7,19907.7,24014.8,20807.1,19628.7,25567.4,22494,24972.3,25045.8,24265.6,21537.3,23203,21980.7,22337.5,24000,21658.3,23728.1,24171.5,23825.4,24279.1,25447.3,21453.2,21501.2,22036,24481.9,23522,22070.3,25608.2,23915.5,21752.2,24750.8,22047.5,23524.2,25318.5,24987.6,23072.3,22954.4,24380,19813.3,20742.5,21502.3,24628.4,21705.6,25505.3,23930.8,22812.5,23085.1,22205,24135.7,23094.7,22198,24229.7,19492.5,23797,21501.3,23368.2,21986.7,19374.5,24375.3,25014.1,18659.6,24279.5,22522,22983.8,19632.4,23203.2,22476.4,22016.9,20927.9,23172,21424.2,23252,24235,19408.7,22990.5,19072.7,18478.2,19081,23831.2,18772.1,23036.7,18650.2,24012,20270.4,17649.8,22735.7,22387.8,23033.7,20758.7,21032.9,19971.9,23475.8,20351.5,24798.9,20771.7,22507.5,19578.5,19652.2,23708.4,25317.6,21117.8,27973.6,29599.8,36748.5
31376.2,31262.6,24767.2,22610,23687.1,21290.9,23614.3,21644.2,23676.6,18747.8,23317.8,20686.2,20631,18600.5,23624.9,21526.1,21109.6,19841.9,19287.7,23230.1,21852.9,24456.1,21255,18112.9,18823.9,19664.7,20992.3,22170.1,21569.2,24169.9,20532.9,20853.1,22402.4,24779.2,24660,22489.2,22754.4,18768.8,21416.9,21261.5,21913.4,22679.7,23349.1,19689.9,23026.2,18794.7,20293.9,23185.9,22253.2,23039.8,20778.5,24295.6,21290.2,18712.5,20273.1,23970.4,23702.6,23405.2,23164.2,19373.3,22510.1,19280.6,24279.3,19707,20930.2,22537,18726.4,19212.1,19993.1,19916.8,20505.9,23169.8,21669.7,24755.6,20721,22753.1,23874,23218.3,23699.4,21393.1,24161.2,20106.8,24530.3,25383.3,24391.4,21468,25592,23966.9,25698.7,25137.7,21123.1,21867.4,21179.7,20316.2,21271,22425.9,19967.2,25121.3,22291.9,23292.8,19151.8,19497.6,23250.5,19541.2,20241.6,21349.4,24174.2,23430.1,19611.4,22572.7,21912.8,24168.9,24034.1,19941.4,18859.1,20443.5,25211.8,22585.4,24360.7,24669,20652.3,19234.7,20735.1,23813.2,24785,23139.4,23363.8,21247.5,23141.6,22091.1,19911,20793.3,21044.3,21655.5,19491.8,24395.1,18810.2,18472.4,24092.3,19889.5,23328.7,20250.1,22031.6,21340.8,23037.3,18807.7,24085.1,23709.4,24109.9,22163.3,20269.8,22431,18200.1,19846.2,16928,21693.1,22688.7,21280.6,22398.5,22474.3,24196.5,24402.3,21926,24267.9,22042.1,24600.5,19902,21628,22586.4,25197.1,21879.3,20950.1,21145.3,24432,20048,22344.5,25230.7,22789.3,26502.2,21054,21048.4,21577.2,25408.4,21097.9,24568.2,20415.2,24616.4,22621.9,23083.8,22970.5,22800.9,25454.4,25318.7,22044,23355.7,23286.6,26485.5,22213.7,24630.2,20289.2,26144.1,24881.8,20330.3,26096,21460.3,23617.3,25397.8,22417.7,24746.7,21072.7,24788.5,25986.6,24761.1,26425.7,20171.2,24195.2,21216.2,20624.5,23380.9,20992.3,20041.6,25204.4,25157.3,23756.4,21172.7,19726.7,24187.3,19901.1,22492.1,25861.6,20126,20547.5,22939.2,20582.7,20676.5,21018.5,20640,24868.8,21629.8,21035,20546.5,21500.1,21783.2,19880.4,20282.1,25824,21584.2,24972.4,21649.9,23905.7,20952.4,25548.2,25277.4,26108,21866.5,26972.6,23338.2,20407.1,21155.1,25769.6,23114.1,21334.4,23334,26248.8,21469.2,21162,26071.9,24519,24690.3,25105.4,23413.8,23296,26403,21218.5,26142.3,25497.9,19919.7,26307.2,21131,20958.3,24316.2,23411.7,25171.3,23919.4,24520.5,25266,22620.8,22826.7,24261.3,19105.7,21532.8,21335.9,24711.9,19418.4,21905.6,21546.4,21967.3,21506,24836.3,22525.3,19520.5,24498,22287,19875.7,22335.5,20758.9,21931.4,20146.7,19324.4,19454.4,23116.7,25561.3,19627.7,24838.8,25275.3,21837,25407.6,19435.6,24020,25277.5,23102.8,24690.6,25585.3,21899.9,23771.6,24309.7,25245.6,25651.7,20840.4,21428.8,19303.4,24936.5,22803,24305.8,21716,22237.6,18976.5,22870.1,21408.5,18894.9,21396.4,23305.2,19272.9,23289.3,21739.1,22160,19456.4,22211.6,18624.2,21824.4,23926.9,19637.5,17954.6,20114.4,23571.6,23734.5,21092.3,23254.5,18640.6,18811.4,23372.5,20099.6,19210.6,19657.6,18410.8,20032.4,21089.3,22658.6,22218.1,19962.5,21910.4,19160.5,22494.1,19266.9,19235.4,23219.1,23703.3,25058.8,19628.6,23128.5,25704.5,26042.1,28516.7,35169
34570.5,30243.6,27290.7,27678.4,26444.1,23999,19778.7,24115.4,19462.2,19365.8,20024.9,18758.8,22624.9,21250.3,23432.5,23292.6,20988.1,20002.2,20239.3,22465.2,20553.4,18239.8,20927.5,23789.8,21770.2,23765.1,18915.4,21609.8,23522,20163.9,20042.8,22719.9,22452.4,20409.8,19226.1,24304.7,23467.6,21844.7,23263.8,21053,19675.5,19100.7,22679.8,22287.7,19582.1,20586.9,18678.8,23630.8,23195.4,19591.7,21394.7,18297.4,20041.9,18834.1,18837.1,21058.7,23169.5,23310.9,18952.5,20847.2,21645,21253.7,22733.6,23781.3,23335.3,19631.2,22036.7,22062.8,23632.4,20375.6,19625.1,18803,21614.5,20664.7,25103.9,21110.9,24332.2,24949,19204.2,19453.8,24194.7,23292.6,21717.8,20006.4,20914.3,20006.5,23726.3,20177.5,21546,24782.5,21284.4,23467.8,21552.7,22968,21175.2,21819.3,21206.7,24176,21301.5,23427.2,24014.7,24480.1,25445.9,19164.4,21539.2,24736.9,23815.7,19433.4,19335.6,22417.2,23434.5,18979.4,24050,19849.5,20569.1,23232.3,20539.7,21118.4,20961.7,21823.2,18912.5,19863.6,18257.1,20859.1,19802.3,21911.2,19749.2,23123.6,25288.1,22710.6,19964.1,22041.6,23417.3,25782.3,24673.1,25276.3,20919.7,18687.5,20552.8,23465.3,19711.4,20490,18748.4,21728.6,20304.9,19952.6,18764.4,21433.1,19430.8,24081.8,23444.1,23050,22180.3,19894,16030.6,22486.7,23200,18915,19227.3,20130.7,18774.9,19644.7,18820.6,24692.8,25207.5,23742.7,18952.7,20148.6,20515.8,23532.3,25417.5,21779.8,24491.1,21460.8,23270.5,22805.9,20914.4,23029.9,22340.1,23254.9,21593.2,20117.2,21095.4,24030.5,21162.3,25033.5,21261.9,21790.7,26283.9,25923.9,26363,24020,20286.9,20255.8,23844.9,21768.1,21787.4,23938.7,25010.1,25259.9,23549.3,20586.9,24249.1,24573.2,20266.6,24621.5,23338.8,24589.2,23485.5,23739.1,22407.6,23760.6,22280.2,24246.7,22820.8,25289.1,22039.4,21815.8,22476.4,25991.9,22769.2,19732.8,24261.7,26025.1,22989.1,23473.8,24032.1,24861.4,25248.4,22341,20826.6,21595.4,23236.2,20905.4,21838,19413.8,24391.6,19932.3,20252.8,20775.5,21560,21146.9,20114.4,20414.6,21527.1,20131.2,19727.9,25555.3,22756.4,25010.5,23196.7,25166.4,21496.5,20428.9,21097.9,22281.1,21397.2,26161.9,24056.3,22704.7,22554.4,24832.9,20947,25499.1,22456.1,20357.4,22647.3,26134.7,24065.7,24367.3,24358,20492.1,20300.6,23330.8,20255.1,20965.2,20941.8,23816.8,20134.6,21181.9,23870.9,24334.2,20810.9,19945.8,22109.8,21749,24725.8,24587.2,25566,20635.2,23731.2,22838.3,20757,20500.6,23116.4,21212.9,25456.2,20174.4,21135.6,24935,25071.3,23994.6,22658.5,21247.3,20455.6,23807.8,20968.1,24123.6,18879.7,22919,20873.8,22439.6,21031,19795.5,23477.5,23469.2,24498.8,19889.7,23749.2,25946.2,25842.2,25562.7,22398.8,23788.1,22359.1,25270.7,20538.2,19745.4,20843.5,25033.1,24595.9,18623.3,24598,23101.6,23486.5,21703.8,20016,18509.5,20757.9,21026,23060.3,19842.9,20639.3,22767.3,24688.8,24929.5,20306.5,19633.3,18002.9,19575.6,23425.5,24208.8,23521.9,21525.1,23109,20569.7,23618.7,17996.2,21784.1,20501.2,23372.6,18659.9,22069.9,22865,21219,23164.9,23121,23218.2,22911.2,19637,19594.2,23876,23145.4,21482.4,20934.8,22172.7,22982.1,23980.6,23844.6,20615.1,26439.2,24531.5,29123,30541.8
33884.3,28240,25055,21732.8,20287.2,23681,19201.5,19657.4,23587.3,21349.6,21576.6,19334.1,20920.8,21869.4,19063.4,22792.5,21708,20297.9,24510.9,19772.9,18524.7,21717.6,18585,19101.4,24010.7,22475.6,23991.1,23929.5,20606.4,23128.5,19742.2,22901.6,24403.2,18506.3,23444.7,21798.8,18857.4,23623.3,21293.5,18802.2,19492.2,19601.5,18395,18131.5,19623.7,21472.8,21993.4,23761.6,21036.1,22414.9,20674.1,19092.4,18523.5,22206,19173.4,23282,20062.4,21792.7,23709.9,23718.2,19135.6,22437.7,20008.5,17865.3,24294.8,21630.4,23371.1,19606.8,22008.8,18684,19079.7,21626.8,23468.4,22742.5,24828.5,21941.3,22886.3,23193.9,24272.9,19613.3,20575.8,21729,24868.2,25708,24524.1,19590.4,20608.2,24154.8,23798.5,20035.8,23932.4,25129.8,22849.8,21405.2,23860.1,21403.8,21990.1,25482.2,19301.7,22257.6,19177.4,21212.6,21662.5,20386.5,21501.6,22334.8,19501.5,22994.9,24562.2,20478.5,21450.4,23536.1,21497.7,24131.7,22666.5,22032.8,19204.2,24800.1,19581.3,19298,22882.3,20882.3,22345.1,20115.3,24272.1,23042.6,21440.2,22225.9,24514,20074.6,23342.5,21088,25075.2,25651.7,26023.4,21790.3,18958,21881.3,21109.7,23713.9,23175.2,23787.4,20577.8,24412.4,23590.3,24379.5,18811.7,18529.5,21554.7,19257.6,20457.3,22980.2,23474.2,22622.6,16716.9,18460.7,23918.2,24607.1,20859,20739.1,24111.8,21238.1,21334.3,19858.6,19564.2,18698.1,21309.6,19623.2,25300.6,25104.9,26136.5,20425.9,24882.7,22229.4,26154.3,24493.8,21849,23956.8,26162.2,21623.2,24385.1,22503.8,21795.1,21873.8,21197.9,22936.1,20014.7,23302.1,23744.5,24809.3,24935.8,25935.5,26465,26590.3,24979.9,22566.8,26592.9,23014.2,22625.9,20246.6,22256.7,24552.1,22806.6,21145.6,21460.3,20218.5,23339,21368.9,24722.9,23330.3,23603,23112.3,24995.5,23546,24331.4,24395.6,22179.9,22456.2,21599.5,24578,21907.1,21736.8,22689,22470.7,19962.1,26348.7,25619.7,24209.5,24777.5,22895.3,24832.7,21692,20434.7,22992,19929.2,22322.9,24707.2,20025,20513.9,25239.6,23785.8,26082.4,24493.1,19893.8,23718.6,22442.8,23305.9,21620.4,21426.9,23343.8,20251.8,25387.7,26313.4,25491.3,23936.1,24328.7,21582.4,22236.7,20807.1,25658.8,22321.7,19806.6,20898.3,26043.9,24830.1,23926.1,25580,22264.7,22129.7,22258.6,19851.9,21313,22328.9,22897,24722.1,20900.8,19742.7,23068.4,20342.9,20859.4,25907.4,26107.7,20268.4,21960,21488.9,19678.3,19892.4,24619.8,22580.8,20132.8,25265.8,24830.7,19837.3,23979.4,19443.7,23763,24575.4,21667.3,21673,22169.3,22169.3,24400.8,21440.3,22946.8,20326.9,22768.7,19138.8,24692,20144.8,25110.2,24399.7,21698.7,23487.7,23346.8,24145.2,20168.2,19345.9,23431.2,23712.1,25783.4,22388.1,20862.9,21121.3,20748.2,20087,25581.3,19694,23054,20032.1,20853.9,19976.9,18876.9,20331.9,19466.9,24397.3,22481.8,22044.6,24063.5,19366.8,19700.7,18799.3,20736.6,21426.4,22897.8,22133.5,24681.8,22860,18240.5,19357.8,21593.5,18051.5,18118.8,19855.7,23367.2,18847.8,19600,21523.6,20439.7,18538.9,20593.8,24031.8,21585,20264,23031,23481.7,18174.4,19640.5,20186.6,23191.5,21190.7,17975,20329.4,22341.6,20154.5,19931.4,19097,22961.5,24191.6,22029.6,24936.8,24439.5,24665.5,28660.6,31277.5
35745.5,29211.9,24489,24597.1,23565.1,20523.7,22226.4,21699,23840.4,22826,22539.4,24613.8,22857.7,19249.8,24255,21285.5,22992.8,20844.6,24037.9,20025.6,18946,24428.6,19990,20948.8,19817.9,21623.1,21575.3,21625.9,22289.1,19049.2,18422.2,18671.2,23529.1,19173.7,23466.6,22341.2,18854.9,21197.6,22544.6,23765.6,19663.6,22858.4,19207.4,23406,21694.4,23713.3,18540.1,19221,18430.6,19574.5,23043.4,21349,17979,20989.3,24001.8,23127.3,19647.9,23430.5,24187.7,24185,19966,18973.9,22532.1,20026.2,23565.8,20107.3,18564.1,21182.6,20274.7,19176,24244.4,21321.9,24257.5,19845.7,24610.2,24569.8,25576.4,20627,25823.7,24857.4,24704.9,21814.1,19764.8,20366.2,24454.9,21016.2,21178.4,19409.4,21881.3,19200.9,24617.3,25841.5,23357.2,22253.2,21644.1,19603.8,23857,22084.4,19818.8,20406.2,25246.3,23209.9,22084.3,23526.8,20001.7,22144.4,24313.4,21600.1,21953.4,21960.6,22242.1,24886.6,21862.1,19061.3,24584.5,21096.1,23017.4,21129.3,20197.5,23223.4,23012,22846.9,23321,24053.6,18477.2,24337.1,19829.7,24958.8,24386.2,19106.7,19764.8,19501.4,22588.1,23242.7,20851.8,24921.3,21673,24086.4,23551.6,20952,22768.3,19683.2,19969.6,19573.1,20912.2,19712.6,24721.7,20887.1,21064.7,23995.8,21772.8,23659.6,19096.7,18880,20429.5,22679.8,20557.5,21559.5,20880.7,22963.5,23171.7,20973.5,19182.2,19236.3,24616.8,22025.8,19247.6,23928,19715.9,20447.7,22423.7,24257.3,26189.8,20452.7,22946.8,19793.2,24098.7,20381.4,21065.6,26614.9,24092.7,20217.8,25615.5,22069.1,20779.3,23469.9,21069.5,26033,21270.6,24783.8,21504.1,22936.1,20598.8,26603.7,21783.4,25364.2,20869.4,22387.9,22587.7,26085.9,21481.6,25742.1,25328,25255.4,25052.4,25499.8,26270.9,19860.2,25088.4,21872.1,20570.4,23701.6,20305.2,26575.8,26524,23932.8,23293.5,21034,23150.9,20366.8,19522.4,23111.1,20782.8,23008.7,21876.3,21767.4,24075.8,24571.7,21961.1,24678.4,25306.5,23462.6,23523.7,26119.7,25470,19954.1,21174.4,21825.2,20333.6,21957.1,19566.8,23090.5,21605.7,20135.4,19488.4,23861.6,22107.8,22536.9,26185.9,21573.4,23041,26154.9,23912.7,21022.6,24366,26467.2,22820.7,22334,22072,21073.5,21237.1,19731.6,20901.9,25901.4,24559.1,22614.2,24097.3,24207.6,20988.5,22755.2,25478.2,22560,25106.5,25056.8,23550.7,24126.8,23741.5,21039.9,23847.9,26140.1,22562.7,22251.9,24805.7,24779,21810,24874.2,21970.2,25155.3,24416.4,23787.1,24306.1,25408.6,19373,22414.2,22599,25480.7,25383.2,21744,24534.4,24409.8,20517.2,24413.1,25104.1,22727.4,19739.8,23656.9,22927.3,21895.7,21230.3,23701.6,25158.1,19534,22703.7,20413.5,23144,19442.6,24571.1,19389.9,24105,19295.5,19436.6,22892.7,23807.8,22656.1,24253.6,23038.7,25253.9,21542,21010.8,24958.9,23620.2,18568.9,21091.6,18519.5,22420.4,19858.4,22250.4,21954.9,19473.8,21970,18280.2,20629.8,19880,20563.9,23223.4,18630.8,21860.8,24394.2,23729.7,19926.3,23668.1,21320.8,21643.5,18585.3,22628.5,19374.5,23561.3,19695.6,17708.2,23421.6,23789.4,18852.9,19614.4,18352.7,18528.5,19588.2,19585.6,22248.3,21349.7,18525.2,20493.5,18194.9,19918.6,21433.6,22399,18994.1,19056.3,19002.7,20203.5,22573.8,20526.3,24687.1,26764.6,31542.9
34480.8,27120.9,24251.9,22248.3,26229.5,21149.9,19652.2,21993.7,22492.7,20319.3,18502.1,24067.4,21696,20390.7,18453,20220.7,20660.2,19634.4,24838.4,22870.8,20150.5,23687.8,24675.1,20100.5,22839.2,19034.8,19191.8,23364.3,22854.8,22895.2,20997.4,20007.2,18433.5,23940.2,24115.6,23612.1,19973.6,20420.8,24394.8,18425.2,22347.5,22153.1,19383.3,19207.9,19211.8,23377.7,21395.9,22322,20367.5,18794.6,20604.2,22123.3,18040,21151.9,21518.4,23368.6,24420.7,18164,19747.1,18836.9,18505.6,23551.4,22808.8,23292.2,20008.9,24227,21504.1,20959.4,21823.1,22134.6,23284.6,22638,25210.9,21437.4,19750.4,25193.2,22060.5,19168.2,19314,24348.3,19968.5,21290.5,21249.3,21002.6,21675.9,21040.1,19726,20475,25614,20491.4,22714.7,25878.6,23952.7,22350.1,23036.2,24839.2,23071.4,24958.4,25680.2,21113.1,19966.7,19133.5,20453.3,20711,19385.1,21786.5,20447.9,25064.7,23916.8,22183.5,23876,20211.7,20652.5,20766.1,22399.2,23176.8,19984.7,24737.3,23186.9,19343.4,19359.2,19394.7,23951.4,20515.6,23079.2,19248,18155.6,23091.2,20360.2,24295.5,23367.1,25348.4,20784.4,25328.7,21273,25622.4,21747.5,22282.1,23446.4,24498,21669.1,21978.5,21945.5,21340.2,20638.4,23821.5,20737.2,20260.5,22854.1,23337,21796.7,21321.9,23507.2,24359.8,21517.4,24422.5,22367.8,19410.3,23195.9,22852.7,23121.3,23378.4,19945.4,23939.9,22974.2,24371.1,23278.8,19516.8,19958,24918.8,21159.4,24035.5,20156.6,23287.9,26170.8,24479.2,24529.6,25799.1,25331.7,24279.5,25330.6,24657.7,20698.1,20515.7,23587.6,24763.3,21570,26350.2,20833.4,24789.7,25619.2,20561.1,23870.1,25491.4,26201.6,21315,20815,23147.2,25389.6,26083.2,26168.7,26573.1,21273.2,25338.1,25838.8,25174.7,22532.1,23838.7,23042.6,24607.9,22331.2,24715.5,25319.3,21816.3,22392.2,21048,22563.6,23618.2,20920.9,24826.4,20831,24234.8,22611,20979.2,23374.9,24377.8,25244.5,23264.9,25064.9,25103.6,21784.3,23296.3,20545.4,20738.4,23081.6,25769.2,25759.8,22096.8,25309.2,25129,24122.7,24937.5,24426.8,20887.3,20279.3,22547.7,22946.1,20560.5,22993.3,22736.4,25141,23585.9,25177.8,20513.6,24280.3,20802.5,23407,24148.6,22328.8,25158.8,25332.8,24333,20780.9,22053.8,24271,21708.4,20090.8,23125.7,25793.6,19920.5,23765,23876,24806.3,25114.9,23390.9,20572.1,23893.9,20314.9,26169.8,22761.2,20445,24199,21602.8,20502.5,23743.2,25349.5,24852.3,20217.2,23641.6,25380.1,25627.9,20328.4,19179.8,21940.7,24219.2,22703.9,21898.4,20297.3,19406.7,19361.3,20739.5,22122.3,20284.4,21421.6,19107.8,23328.4,19985.4,25145.7,21061.4,19988.3,21002.7,25318.6,24311.5,19445.5,16964,18600.5,19944.8,24982.7,19329.6,20402.7,25112.8,20462.9,19460.1,22097.6,24468,22403.4,20190.2,19947.1,22807.3,22990.7,19979.8,19651.8,24802.9,19275.3,21045.6,23440.5,23715.4,18426.4,23823.9,18401.9,18814.7,24420.2,19276.2,23826.8,19331.7,19506.5,22866.9,23386,19948.9,19851.5,20533.8,19712.6,18191.7,17693.3,21163.9,18975.6,22836.5,23890.1,19856.5,21258.4,21299.1,21835,19075.7,21015.6,21575.7,23466.3,19158.1,17403.7,24167,18998.4,22041.6,21829.4,22476.8,19793.2,23509.8,24435.4,22607.8,18913.1,18833.6,24744.3,23862.1,26635.4,26028.5,33868.3
32506.1,30114.9,26040,24039.1,23996.5,23712.4,21435.2,19837.3,24334.8,19303,21254.9,22817.2,24257.4,23053.4,19727.6,20893.8,21887,22072.5,20649.8,18802.6,22977.7,22430.1,24716.3,23102.8,22147.9,24552.8,22770.7,19267.6,23080,23748.2,23324.8,24276.1,23487,20438.8,21918.3,19864.3,23028.3,18834.4,23445.8,20466,23168.1,24397.3,24320.7,18573.6,24435.3,19347.7,23390.7,21726.2,20696.8,24162.9,18375.1,23050.6,20647.3,19586.3,22757.7,22431.7,23400.6,22651.3,21944.6,19120.6,22731.2,22306,18932.1,23892,18430.5,20906.9,20954.3,23944.8,18959.6,24857.4,24542.5,20893.7,20404,24359.6,18947.6,20278.7,22625.6,24342.8,22688.5,24462.1,22784.4,23560.4,22380.9,23315.7,19299.4,23205.8,19334.9,22937.3,22402.9,22324.6,19949.5,22461,23773,21284.5,19365.1,23309.8,23187.7,22212,25492,23817.7,20685,21563.2,21604.2,23257.5,25683.7,20805.9,24648,21321.2,24887.1,20027.7,19833,24886.4,25096.9,20654.9,23820.2,24889.3,22860.4,22947.7,20693.4,19132.2,21098.7,21667.1,22188.1,20705.1,24365.7,23372.7,22975.5,24290,21938.9,20025.9,21976.8,22329,20060.4,21358.6,25347.7,25169.8,24083.1,18870.8,22626.1,24396.7,22459.5,24418.5,20771.4,18412.4,22887.4,18397.8,21133.6,21610.2,19682,19919,21619.9,20560.2,24627.5,21965,19252,23035.2,19098.3,19834.1,21562.5,20384.1,19866.3,24165.9,24174.2,20271.3,24676.6,20049.5,24507.2,21576.9,23163.9,21311.4,23386.2,26416.1,24951,26014.2,21068.6,21722.9,23110.9,21124.8,24521.7,20328.2,22571.8,20909,24332.9,23868.8,22706,22280.9,22645.4,21710.3,23908.3,24094.8,24100.1,24190.1,24722.8,21286.8,22110.2,22179.5,23851.2,23976.5,25778.6,25588.9,22931.6,22703.7,20985.6,26168.3,24866.3,24320.1,23234.5,26257.3,26057.7,25766.6,21519.9,21202.1,21141.6,24873.6,23264.7,23461.2,25169.6,22353.6,23507,19691.1,22547.4,20373.1,19644.4,21039.8,24977,25522.7,21892.6,21436.7,20722.4,24798.9,25179.3,25428.5,24210,21938.3,24798.9,21463.7,22148.6,20569.8,21033.2,24561.2,23884.3,20200.2,23517.2,20336.8,22369,24818.7,25165.2,23192.6,26003.7,19948,22549.4,24717.6,21149.6,23681.5,24091.2,21656.9,20661.5,25007.4,22223.4,26234.1,26048.8,24155.2,21848,25324.3,22359.1,23450.6,22596.3,23940,25036.4,22590.7,25500.5,20777.1,20467.1,22558,23924.1,25476.2,20676.1,22111.2,25000,22791.2,20791.8,22625.5,25557.6,24979.1,25678.2,25584.7,23198.8,24322.6,22629.3,23611.9,19502.5,19893.5,24693.8,22219,22640,23909,19650.7,23298.3,20512.1,24463.2,19712,19386.8,20389.4,21727.7,22998.1,24472.3,22773.2,23740.5,23530.5,24324.1,20887.9,25154.7,19675.4,22686.1,24113,21583.6,19477.7,23175.2,21057.4,20682.8,24509.5,21923.4,20211.1,23129.9,19556.2,22521.9,20413.6,25105.4,22614.1,22102.7,24885,25552.4,19004.8,24968.3,21154.7,19279,22605.4,22980.9,22570.8,22295.4,23901,20498,23386.9,22182,21779.7,18667.7,21482.4,21355.8,21995.3,21940.6,22000.9,22485.7,20910.7,20869.5,21893.4,21961.5,20603.2,20307,20545.8,21501.7,18416.8,20137.7,17798.7,20069.2,18139,18577.8,21250.1,22934.4,23138.7,21161,18443,18082.8,23137.8,20312.1,23350.1,20922.2,21596.8,18626.8,20717.8,25041.3,25929.8,24077.2,26345.6,36158.2
32912.6,26105.5,26473.8,21863.3,26328.8,24463.7,24410.2,25135.1,23733.2,19642.8,21075.8,20401.1,18261,24155.8,22171.4,24148.2,20026.7,23674.1,19215.9,21900.8,19426.2,22002.7,23643.2,21126,22263.4,24794.7,22897.2,23155.6,23330.2,23280.9,19823.3,20552.4,22194.2,24013.2,24679,19949.6,20226.5,22980.1,21715.3,23379.4,18765.8,23084.7,19032.7,22010,18913.3,23246.1,22851.1,20070.6,21802.3,20034.3,23150.3,24112.3,20025.8,19082.9,21094.6,21375.7,20400.3,20835.5,20467.8,21465.3,18999.5,21248.6,24297.8,22542.9,18230.8,21124.8,22817,20448.6,24158.5,19026.5,20009.5,23039.1,21845.1,22381.5,20236.1,22193.5,19619,21877.7,19529.4,20500.8,19940.6,20794.5,21338.7,23640.7,23591,22817.9,25487.9,22789.4,22405.8,20956.3,25353.9,19369.5,23075.1,21023,21757,21530.7,22601.5,20919.6,23016.8,20692.8,25299.5,22955.7,19351,19978.8,20166.5,24376.3,20400,22546.3,18955.8,24785.4,20520.9,25220.9,20568.9,24213.5,25228.8,19012.8,23312.3,19507.8,19946.4,19863.6,24472.4,23762.3,23435.9,19220.1,20344,20489.9,22139.8,22763.6,21052.9,24328.1,19117.2,24100.7,24548,23217.4,23252.5,20746.1,22156.4,20661.9,20473,22809.2,18841,19617.3,21894.4,22811.1,19673.9,18845.9,20161.5,22872.8,18858,18921.3,19512.5,19944.5,18416.4,19800.8,20403.1,23929.7,24540.6,22851,22628.7,24932.4,19452.4,20174.2,19955.5,24152.2,23651.4,21446.9,19449.7,24623.1,23213.9,25149.8,24702.9,21168.6,23524.5,26207.4,24178.1,23351.2,22322.5,22129.3,23547.2,23192.9,25231.3,20141,20910.3,24671.3,20447.5,24775.2,23115.5,23534.4,21942.7,25320,24645.5,23431.9,24238.4,22537.1,25845.6,24626.4,23327.7,25432.9,21039.8,22798.4,20497.9,26125.6,25770.8,21257.1,21589.2,23228.7,25122.2,25042,22927.3,26447.2,24152.7,24147.1,24962.9,21299.8,21348.6,25187.3,22265.4,25776.7,20600.4,24771.6,25187,21211.7,25516.9,23483.8,25407,24698.1,20597.4,25674.3,24658.7,20218.3,20709.8,24351.7,24980,20998.4,21923.5,22751.3,21388.3,22740,20665.2,20955.7,24325,23422.3,22246,21026.2,22351.6,20415.2,22172.8,22106.7,21497.5,23173.7,23208.4,26006.9,21669,25935.3,24496.6,21456.2,26854.3,23689.9,21159.3,22808.8,24121.7,23843.4,19845.1,26131.6,24570.4,25832.4,23465,21825.9,20346.9,20746.5,19830.8,22919.8,21317.4,22106,22652.2,22483.8,21557,24616.3,22016.9,23150.9,22632.7,23676.2,24593.1,23095.6,25644.1,23116.1,22980.9,25219.9,23110.6,25230.4,20943.6,24077.8,24928.7,20278.9,22072.7,22747.8,23505,25523.1,21565.3,23429.8,20903.1,25488.4,25648.1,20990.1,22747.5,20853,22274.9,23287.3,22363.4,21550.5,21297.8,24273.1,24985.2,24450.9,22296,22881.4,21883,25728.3,25178.6,23002,19371.5,19693.7,18989.3,22157,22218.3,25435.3,20013.7,23507.6,20470.2,22068.8,20156.2,20214,23024.5,25237.6,24451.5,22976.2,21010.5,22664.4,21986.9,19700.7,22487.7,17799.8,17743.4,23849.3,21098,21053.8,19489.9,20426.6,23468.9,23041,20580,17862,19465.7,22349.4,23322.8,23383.9,19387.4,21904.4,22842.9,18335.1,20323.9,17927.2,19932.2,18467.6,17338.2,17698.4,22093.1,21895.2,22908.6,20246.1,20529.7,20790.1,22736.6,18972.5,18758.7,22431.8,20883.8,19247.5,18599.5,19759.7,20109.7,28966.6,29993.8,32073.8
32142.2,26731.5,25186.4,23815.4,26587.2,21550.3,19994,23199.3,20787.6,19670,23711.2,18874.3,21619.3,24039.5,20143.7,19302.2,24684.4,20504.9,21073.8,22857.9,23971.8,18970.7,24794,19886,21483.9,20214,24378.2,23079.7,18447.5,20027.9,24872.8,21389.5,19345.1,19430.3,24530.1,24278.6,19132.2,20559.5,24737.2,21532.9,20914.1,18901,21874.3,19676,23513.7,19134.2,24069.5,23117.4,23603.1,20804.9,23668.6,19124.6,21305.2,18457,22188.9,23131.8,22467.4,21812,20375.1,19476.4,22522.3,21381,20295.8,20204.8,21132.8,18413.6,22104.4,23198.3,24709.6,22341.7,23272.6,24823.2,23978.7,24744.3,22869.7,20191.4,24918.7,24853,22049.7,20414.7,20159.2,20861.6,22087.3,22830.3,20166.5,24389.4,22575.4,19577.6,23483.6,23928.7,19287.8,23941.5,24891.2,19575.2,19346.6,20669.3,22426.6,20516.1,19261.3,24555,23183.8,20951.5,20162,25271.3,20081.9,21469.7,22940.9,22694.7,25018.1,19118.9,21849.6,19474,24568,23051.5,19406.6,19205.1,19236.6,24875.6,19518.8,23645.3,22690.8,23485.3,19987.1,22735.3,19077.8,18734.9,18727.9,18532.4,19536.7,22663.4,21561.7,21524.3,25838.3,26163.8,21297.6,25671,21553.8,20183.1,20537.4,19553.2,19773,19941.1,22319.2,24227.3,20269,21415.8,21171.2,20936.8,23429.1,22611.5,20234.9,22366.8,23887.1,24528.2,21356,20131.4,23784.3,21002,24413,25152.9,22599.4,22064.3,19342,19194.9,19540.4,19036.1,19954.9,23825.6,21798.6,24306.7,25548.7,24940.5,20124.1,20165.4,22403.7,25908,25034.4,21841.2,24271.4,26290.9,25831,22810,23812.5,23475.9,26786.4,26437.7,24188.4,24550.4,20963.4,26820.7,25660.2,25475.4,25104,23519.2,24379.5,26947.3,26635.4,24453.3,21173.6,24750.8,22783.9,26102,23262.2,23691.1,26066,26131.2,20809.1,19993,23666.1,23680.6,24602.6,25482.5,20969.4,25177.7,21307.8,26676.6,25243,26607.6,23823,26126.3,23660.2,20806.3,20709.1,22299.1,21708,26160.5,20063,22230.5,22779,26112,21959,19583.4,22732.4,22985,24476.8,20535,24178.8,24293.8,25014.3,23427.8,20567.7,25141.9,25248.2,21621.1,23051.5,24321.3,20978.3,20746.7,25078.4,20803.5,20395.1,24448.2,25096.6,20799.3,20276,23730.4,25523.5,23723.2,22016.6,26087.8,20522.6,20436.2,26197.7,24802.9,26024.4,23284.8,20574.8,24981.2,20471.7,20443.4,19806.1,21257.3,24957.7,23344.4,21546.9,24943.4,26471.1,26413.9,24831.6,23556.1,21224.8,20957.5,21590.4,24597.9,24641.6,25026.1,23583.3,21089.5,22018.3,21001.2,23865.1,20409.9,23449.1,19853,20908.6,20548.6,19653.4,23722.6,19390.8,22385.5,20526,22258.2,25814.6,23940.4,25222.2,22739.1,21383,20938.1,18931.1,25390.8,21760.6,20953.4,21154,23706.9,20803.8,24712,24885.7,22237,24031.4,19841.7,23710.6,21433.5,24240.1,19803.1,25340.9,19461.6,20424.9,23955.1,24348.4,23747.6,20132.1,24093.3,22790.8,24221.9,20901.3,22749.1,23426.3,24513.8,23120.4,24161.4,21371.1,18567.7,23730,20662.4,18501.4,22016.6,23923.1,20985.4,21982.3,23396.6,20414.3,20777.5,22646,23024.5,23438.8,21392.2,19139.1,21524.4,19998.9,17501.2,19283.7,16831.5,17938.6,18025.6,17933.8,21617.9,22216.4,20117.3,23363.1,19942.4,19674.3,19554.8,18872,22545.8,24296.7,20464.6,23852.6,23632.4,19706,18983.8,24301.6,23898.3,29603.4,31884.4
33223.9,30319.8,24140.7,22285.2,20781.7,20132.7,23527.2,23670.3,22347.8,24112.1,21261.6,21821.4,23099.6,23857.8,22434.6,18317.1,22221.2,22072.4,21106.7,23351.7,22173.9,24113.6,19109.2,22486,24913.3,24326.3,20506.4,19880.6,21903.2,21819.5,24866,23785.8,21059.7,24393.1,21844.2,23370.2,18976.7,21641.2,19993.2,22518.6,21987.6,19112.7,22290.1,24153.8,21582.3,21697.6,19640.1,20593.1,23259.4,22833.5,20030.9,24708.8,21461.7,19024.9,19096.6,24483,21608.9,24464.3,21095.5,24243.9,24572.6,20509.8,23865.9,24307.4,21125,19297.3,22225,23634.2,23704.6,23773.1,20949.7,25069.7,21167.8,24485.2,22195.3,24443.4,23552.2,22255.4,20209.9,20249.1,21965.6,25338.9,22383.2,22340.2,23977.2,23737,24118.7,20306,25455.6,19223.6,22668,24701.3,25403.5,20296.5,20569.4,22699.3,21540.5,19266.7,19892.4,25110.6,24845.3,19484.1,24262.8,23919.6,24640.9,20526.3,23565.6,25627,21163.6,23389.8,23427.5,20297.7,23704.9,23524.2,24837.9,20555.8,19654.1,18979.1,25096.5,19580.1,23789.1,22932.1,23501.5,20904.8,24478.7,19809.8,18676,23976.2,20949.8,22436,22956.1,19441.9,21444.7,23717.1,22981.2,19476.7,22167.6,21239,24471.5,20145.2,20075.5,21173.9,23289.3,24730.3,19164.4,18595.1,20002.3,19775.6,19514.1,23010.9,19742.2,19505.2,23047.7,20082.9,18377.2,21185,24236.1,22905.4,23884.8,20818.8,23943.7,24795,23061.6,20326.3,20446.6,19670.5,24705.3,21167.9,19433.1,24484.4,21016.6,22319.4,21532,21374.4,22358.2,21432.9,24469.5,20321.1,23536.9,24725.5,24414.4,25967.8,22730.4,24855.4,20503.6,23634.6,26240.7,23349.9,25048,26346.1,23466.9,25764.3,24063.3,24666.8,21286.7,25484.6,25881.1,21408.9,20168.4,23683.4,25724.8,22397,20710.1,21432,20908.1,26301.1,22402.7,24355.4,22788.9,21014.7,24588.4,25843.8,26412,24382.2,23408.9,26301.6,20618.8,26290.5,20142.5,22246.3,23061.6,22573.6,25471.6,24003.1,23632.6,25804.4,25875.5,20060,24442.7,22010.9,19724,22102.7,22447.4,22969.9,22574.2,24346.6,23774.4,19530,25360.7,20798.7,24986.6,22278,23752.9,25477.5,22760.4,22785.6,19375,24846.7,24695.7,23917.7,25539.1,22208.1,22360.1,23702.6,21737.9,26705.7,22435.3,21064.1,20004,21338.9,20855.7,24812,20962.6,25763,24622.6,25676.1,22393.9,21434,21797.5,21434.7,21190.7,24680.5,23504.4,22302.2,22867.3,24316,23682.1,21425,26048.6,22289.7,24359.3,23469.4,21501.2,25499,22217.2,19278.8,25153.1,24083.1,24388.8,24201.9,19493.5,22024.9,21390.3,21756.2,24499.3,24626.6,24832.3,21279,24061.5,25717.4,21948,24303.2,21534.3,19208,19778.7,19230.9,23215.6,20781.8,22056,22875.6,19187.4,21142.1,22456.7,24964.7,19069.6,20084.5,21178.1,23084.3,22268.1,19622,20209.7,21557.9,24218.6,20925.5,21121.1,24408.1,21199,25309.6,22527.8,25052.8,24695.5,24037.2,19658.5,23131.1,25415.7,24202.7,21592.5,19954.2,19778.9,18406.9,22255.5,19256.7,22210.7,23835.2,19855.6,23383.2,20691.8,20153,23138.1,23253.1,20486.6,22360.2,20387.8,21431.2,17322.5,20589.3,17572.3,19996.3,20290.4,18273.1,19781.6,16847.5,21690.2,19455,22461.3,22697.3,22390.4,20297.7,22264.7,18718.4,18847,20305.1,17379.5,20517.7,23232.5,19381.8,19739.8,23852.6,22228.5,23473.4,20782.1,23583.9,25345.1,32369.3
32706.4,27085.1,28047.1,23186.6,20245.1,22699.1,20124.4,19806.8,23746.8,23735.8,24875,21079.6,20635.8,23941.2,20600.4,19561.3,22856.9,21025.7,19326.4,24607.4,23167.1,22941.8,21556.1,24217.4,19250.1,21251.2,22490.2,20014.7,24073.2,21258.2,25038.7,21555.2,20792,21968.9,21680,22486,24216.8,23093.6,20866.1,21156.1,21065.1,18817,18729.9,24123.2,23298.1,24428.5,24604.4,22084.8,24164.8,20311.2,20242.4,20309.3,22995.6,23917.8,24194.5,22629.6,21360.5,24070.8,22841.7,20327.8,23268.4,23959.4,18654.1,20361.6,19283.7,23719,23680.5,24649.7,24616.8,24533.6,21558.5,24830.8,19861.3,22378,25065.5,19771.1,21938,25085.9,25065.8,24337.8,19911.5,19974.1,20367.8,19447.5,24948.4,20443.3,21533.1,21667,20943.1,20846.4,21394.5,22631.6,25784.7,22640.9,20955.9,21810.5,22713.8,24058.3,21154.4,19165.2,21143.3,23357.5,20212,19300.1,22876.3,21275.5,25056,22468.7,20946.5,22451.8,20932.9,21937.5,19306.1,21774.1,22949.1,25203,24231.6,18973.9,20919.3,20738.5,19871.6,19962.8,22642.7,23181.8,21088.1,21522.1,25134.1,21943.5,24298.7,25219.8,21436.7,20687.7,23050,25360.9,20107.2,24002.6,23707.9,21691.8,22337,24659.4,18627.9,23344.6,21402.5,22272.9,19168.9,19123.7,21946.2,19156.6,22518.2,22613.2,24411,23184.2,23787.7,20086,18923.9,20761,20580.3,24395,21700.7,20291.2,25282.8,21070.1,21924,24135.1,24328.2,19271.4,21397.6,25439.1,21520.4,25123.5,21978.6,21304.6,21706.4,22882.7,23007.6,20280.6,26378.2,21171.1,23266,21241.7,22750.4,24026.6,20793.9,24061.3,23213.9,21017.2,21118.4,26885.8,20674.2,25138.4,21342.4,22440.5,24751.6,21678.9,25593.4,22116,26290.6,23191.3,21048.4,26894.4,22163.7,26455.8,20800.4,25787.4,24535.9,20172.7,20770.7,23190.4,25837.2,22972.2,26802.8,26170,25370.4,26083.2,24685.8,20364.6,22968.7,26399.9,20226,22139.7,21013.7,20223.5,26048.7,23018.9,23597.4,19987.7,25524.9,26041.7,20025.3,21559.7,25968.3,23688,20162.7,19849.8,22676,20226.3,20800.2,20772.2,24487,24813.1,24785,22632.6,23831.1,22579.6,23680.2,23806.3,21942.4,20186.3,20098.7,23564.7,26185.1,20216.5,24620.6,21780.5,25997.9,24426.4,20402.7,21157,25400.7,23613.7,22258.4,21158.7,24755,20232.3,22631.3,24439.7,22686.4,22001.6,22813.9,19947.3,24173.8,21673.1,20799.5,21324.5,25965.6,20588,23269.9,22987.2,25922.5,23131.9,22932.4,26176.6,21244.4,23099.8,19675.6,19211.1,19324.7,19066,23573.8,19532.1,25579.1,20677.4,20515.3,23474,19991.6,25258.6,22025,22649.1,22188,21143,19904.9,21888.7,21963.4,22528.1,22659.3,21229,22096.4,20228.7,21745.3,22006.4,21795.3,23054.6,23107.9,19067.8,25275.2,22220.1,19077.5,24050.8,22655.4,23745.8,23611.6,24366.1,19982.7,23162.7,19350.7,23854.4,21614.4,22291.5,21716.2,24844.9,22235.2,22125.5,19776.2,24620.6,23341.7,20206.1,19954.4,19460.8,24538,20609.1,23407.9,22918.1,24205.7,22190.1,22360.9,19924.7,22263.1,23775.4,23254.5,23540.5,21465.7,17246.8,20152.2,22758.1,19643.9,18997.9,19992.1,18602.3,22595.9,18085.4,16693.8,17233.7,16588.7,21376.1,22218.1,22133.9,21822.2,22461.7,19376.4,19375.7,17372.9,20150.1,24301.4,23042.2,18554.7,18371.6,23382,20287.6,20441,24135.6,20481.7,26425.8,26866.7,34983.2
33667.9,26403.9,26730,21595.4,20435.8,20515.6,22202.7,19724.7,23495.2,19551.1,23487.4,20128.9,20941.7,20210.9,24563.8,24593.7,20873.4,24679.7,22115,21857.2,22155.8,22108.6,4736.22,20601.5,22066.6,23117.7,22119.7,20898.4,19818.7,24661,23671.1,23510.2,19247.6,22624.4,18679,19495.3,24166.7,22357.7,19274.1,20027.5,24241.1,18956.5,21795.6,22970.8,18646.3,23315.5,22593.6,23279,22551.4,20994.4,21131.5,23159.4,22393.2,21019.1,23289.5,20473.3,24380.7,20801.8,21469.5,19943,21147.3,18374,20005.6,19774.2,20882.1,23385.3,21434.2,24212.2,19196.2,20821.4,23793.7,22381.8,19323.3,19177.4,20097,21862.4,21137.3,24804.6,23922.3,24537.2,21468.2,19295,22132.5,21782.1,25754.4,23481.8,20637.9,25430.5,25951.1,24257.3,19515.5,24975.8,20871.8,23820.6,24829.5,19663.2,23474.8,20412,25452.9,23143.4,22118.6,25438.2,22804.3,25590.6,24989,20607.6,23101.3,19028.3,24883.8,25134.2,23191.2,25064.5,24772.4,19024.2,22342.9,21783,18802.7,22592.8,23538.7,19348.2,21342.4,21413.9,20901.3,18933.3,21959.2,20388.6,22819,19555.4,19940.1,22987.1,23441,19990.3,24414.6,22460.2,23890,24767.9,21045.6,22688.6,23221.6,19695.6,22083.4,20291.8,23162,22711,22743,20538.4,21951.1,24001.3,20777.2,23883.9,23764.9,19459.7,23921.6,23628.8,16650.8,24123,21544.1,19460.1,24857.6,21541.1,25194.4,22540.2,20424.2,20911.7,20592.9,19296.5,22096.4,20110.5,25319.8,20636.6,23033.2,22002.4,22804,23889.1,23116.5,20450.3,26035.5,25525.9,24080.1,23702.4,25597.1,24262.2,20411.7,24795.3,25967.5,20805.2,22098.2,21675.6,21944,21846.6,21753.6,24675.8,21948.2,26609.6,23846.1,23167.3,22186.1,23593.8,23926.6,24896.5,22783.8,25222.2,26233,25109.5,25148.2,21636.2,25938.3,22833,21602.4,22947.5,22748.1,25580.2,23185.4,23937.8,20475.3,23088.3,26423.7,20323.1,23557.1,22462.4,23425.4,25060,22846.1,21569.2,25244.1,25952.9,22970.7,24130.4,21681,23107.6,24777.1,22315.6,20404.2,20086.2,26295.5,25386.2,21515.3,25543,20534.6,25546.5,21194.3,24993.3,19747.5,25394.1,25123.2,20819,19530.2,23326.9,23838.3,20642.5,23774.9,25765.7,21464.9,25342.9,20779.1,20533.9,22616.1,22510.9,21604.1,21960.8,24478.7,24633.3,21506,25693.2,22245.3,21353.4,25088.6,23551.5,22855.3,22312.7,21641.3,21904.7,21913.6,25547.4,25596.8,20738,20589.1,26047.6,24265.3,24277.4,21665,23048.9,21177.4,21590.2,22380.1,23605.2,22926.4,25264.8,23288.3,20916.8,25321,21776.6,21984.6,20399.1,19927.4,22177.3,22776.9,23087.6,19359.2,22498.5,20857.2,24835.1,20103.6,24070.8,24650.2,23826.3,24787.6,23281.7,24442.6,23335.8,21315.8,20995.1,24642.5,25174.6,23166.8,19812.7,23700.2,22652.8,20999.1,20900.8,24400.9,21712.2,22112.3,23588.2,20209.9,22185.3,22861.9,23453.5,21949.6,19139.9,21878.8,19728.9,23266,24260.1,24418.5,22320.8,25440,21161.9,20601.1,22440.4,18146.9,20714.9,23415.7,19043.9,21401.8,23283.4,21536.6,22201.3,18799.4,17886.5,19267.2,19795.1,19047.1,22694.4,17012.3,23350.1,22444.7,16715.4,22617.4,18190.2,21172.4,16618.7,20788.2,16939.4,18333.9,20970.5,22683.5,17424.3,18487.1,22908.3,20000.6,19992.7,21503.4,18511.2,19484.7,21670.3,24378.3,24282.5,17902.5,19791.3,19821.9,22602.3,31020.4,30266.7
34068.5,31271.5,27927.3,24751,22504.2,23128.9,22927.9,19251.7,20635.3,22579.1,23096.4,23613.4,20808.9,20438,19427.3,19217.6,20853.8,23589.3,21688.7,22127.3,18946.7,24635.9,22706.6,22795.4,20152.8,24824.7,24327,18574,24017,21345.2,23505.1,23071,22712,22612.2,23746.4,19499,20911.6,20807.8,18985.3,18748.8,20644.8,20168.7,20358.5,21325.4,18581.2,19021.3,24101.1,19470,22633.2,23366.8,20780.7,18600.3,23007,21171.2,21321.8,18627.2,22627.9,18911.5,24472.3,20754.8,22908.1,18889,23774.5,19248,20527.1,22648.6,18451.2,19907.1,24926.5,25021.4,24812.3,19854.5,19722.6,21117.8,19037.6,19148.2,24270,21595.1,22447.3,24327.9,25438.4,24666.8,21260.9,20167.9,19636.4,19536.6,19138.2,21212.1,22404.8,23522.4,20715.6,24392.4,21266.5,22436.2,21494.5,25643.9,19670.7,19454.8,20856.4,20121.3,25791.3,25287.7,20272.2,25497.4,24559.4,22876.3,19569.1,21665.3,24805.3,21194.5,21282.8,22543.2,23085.5,24334.6,20969.2,24931.4,20238.2,20006.1,24900.8,20513.8,21731.1,23348,19048,20565.6,23425.4,22657.3,23762.1,19505.6,19163.4,20703.2,21749.7,23010.4,25081.6,20947.2,24494.5,23315.9,20907.8,22529.8,21622,21157.2,22404.1,23877.8,22197.8,19436,21251.5,19310.9,21441.6,23409.7,24306.9,22021.2,21807.6,19529.4,20397.2,22368.1,17112.7,23632.1,25109.9,19563.2,21137.5,25172.1,22016,23746.1,21389.2,20391.8,19427.4,19930,21668.5,21314.2,23391.5,24644,20688.3,24082.8,26153.7,24442.6,21201.8,21056.6,23587.2,21571.7,22258.8,26086.5,26325,23956.6,25323,23608.5,23602.4,24426.2,22612.5,21362.9,21319.8,24405.7,24142.1,26474.7,21212.4,20825.1,23732.5,21485.7,22672.8,26906.1,25815.8,25757.9,23735,23711.2,24147.8,22608.3,22025.8,24173.8,25439.4,21884.9,25297.1,24131.5,26518.3,24370.5,25703,22658.6,26314.8,21950.7,21292.2,21534,21147.5,24413.8,23753.7,23743,21647.3,24007.3,23259.1,25730.6,23622.3,23064.9,26253.2,26568.6,21981.7,23055.8,20651.6,23025.1,20093.1,24635.3,22257.6,20237.8,21123.7,23284.1,19936.8,20941.4,23637.6,25875.7,24789.8,24942.8,23557.5,23155.8,22523.8,20561.9,22861.5,25482.8,22015.5,25482.1,20987.8,26041.9,20912.2,22706.9,19905.2,21679.3,19955.1,20793.5,23727,20884.1,21121.5,24714.6,24598.4,22158.7,20820.1,23879.2,21346,20605.2,20936.4,22400.8,25787.1,24601.7,21595,20768.8,21463.9,21749.3,23778.7,22262.6,24475.9,20999.6,23249.4,21556.8,24843,24059.5,23379.6,24772,19370.9,19422.3,23735.7,24110.9,19219,25423,24467.2,22189.6,20254.5,23677.9,20535.1,19245.3,24504.2,22628.7,22331.8,21505.7,22272.1,24403.7,22750.7,19395.4,25111,24221,21407.6,22024.9,20773.4,19883.6,20352.9,25753.8,19834.8,24575.8,20678.3,25648.6,24110.7,19477.8,22121.3,21374.6,25537.9,25639.2,22530.7,23339.8,19544.2,25006.4,19912.7,24803.9,25122.2,21326.8,25151.4,25526.6,24868.8,19538.8,23159.5,18405.5,22572.7,24570.3,23954.9,20146.6,22601.4,19107.4,23339.9,23564.3,17332.5,22427.1,18847.8,19991,22953.9,21778.4,21276.6,20995.5,20474.8,22468,18891.9,16249.9,21743.8,18162.4,18372.7,20543.5,18588.9,21028.8,17677.1,23043,17346.8,20577.4,23613.3,18546.5,19815.3,20065.7,23426.6,23293.1,23616.9,19124.7,23982.5,22864,29081.8,30380.5
31064.3,31993.1,28621.1,23566.6,26326.5,24684.7,25286.9,23351.6,19085.2,23376.1,22687.5,23295.9,24289.8,23408.9,21579,23495.2,21791.8,23768,19316.6,18711.8,22166.3,19149.9,24287.7,22538.8,24146.2,19062,22105.1,21706,18517.2,19167.2,20862.8,20734.2,19253.3,24960.1,25057.1,19853,19476.8,18868.6,23907.8,23424.2,23667.6,23384,24875.7,23427.4,24996.4,24610.8,21949.7,24082.5,19647.1,24309.4,23387.7,24943.1,22864.7,22911.9,20729.1,22891.7,21422.2,22154.2,21064.3,22944,18579.7,22781.5,22634.1,22290.7,23622.1,21247,19045.2,22990.4,22131.7,19731.3,19396.8,20734.1,22742.3,20456.9,21257,23162.8,23201.3,19957.1,22748.3,20091.5,24517.2,20724.2,20649.8,22816.5,23889.7,20354.9,20749.7,19781.4,22743,19933.6,24755.5,22593.6,20577.8,20048.8,20237.1,23886.9,21321.2,24318.1,21578.2,22442.7,19599.8,24935,25434.4,23755.8,24013.8,19314.4,24254.3,22041.2,23699.5,19961.6,24188.2,20488.1,25736.2,25489.6,24905.2,21801,24850,24925,24691.6,24247.5,22657.4,21526.1,25073.3,24607,24737.3,21352.5,20781.2,22232.5,24787.4,20132.1,24666.5,22376.8,22005.7,23492.8,26293.3,21567.9,22231.4,19342.1,21566.3,24642.2,19562.5,24465.7,23996,20176.7,22364.5,19722.5,20548.8,23631.8,20993,25097.2,21342.8,23208.6,21507.6,23925.3,20765.7,22073,20154,24925.2,23178.3,20003,22700.3,22959.7,19434.9,19998.6,22736.7,20894.2,21182.7,20637.1,20530.3,22791,20824.4,23375.6,25397.2,25584.1,21098.7,23135.9,26584.3,21190.4,25489.1,25130.5,22106.6,24183.2,26569.6,26866.8,26127.4,25734.1,25420.3,27024.1,23229.4,20671.8,22504.6,21349,25922.3,20915.4,23080.8,25449.3,23301,25810.6,21427.8,27008.2,25005.7,26163.8,23082.1,21432.1,23555.4,25997.7,24777.3,24541,20625.3,22939.1,21776.1,22912.2,25158,26073.9,21453.5,25229.3,26471.6,26206.5,22322.7,25943.8,22513.4,22019.5,24145.4,25337.3,20481.6,22849.2,24260.6,25434.8,21124.9,20877.9,22216,22481.6,25567.1,24258.5,21764.9,23127.7,25053.9,20858.3,20470.3,20214.7,20785.2,20811.8,23579.7,24511,23825.9,23505.7,24972.4,25442.7,23636.4,21972.7,20862.7,23316.4,23554.1,22032.6,23687.4,24951.1,22177.6,23963.4,22746.8,25576.9,21272.6,24467.6,22523.8,19854.9,25054.1,24200.1,24154.8,22630,22032.7,22141.8,22330.3,24994,21804.5,21439.8,25909.3,22606.2,24557.2,23840.3,21937.4,25201,21859.1,23558.1,19487.2,21738.4,20592.9,19575.9,25541.2,23168.9,25667.7,23157.1,20131.8,20240.1,21092.7,22773.8,22766.7,23256.7,22907.6,21995.7,20684.8,21728.1,21485.9,22475.9,20065.1,22732.4,19170.8,24392.8,24712.1,18809,22434,24098,25289.1,24345.9,19182.9,21421.1,23669.7,19832.4,24279.9,23464.5,22515.8,21720,20592.2,22620.9,23575.3,20948.4,22729.7,23763.6,20170.2,25889.8,21868,25239.9,21577.9,21762.6,22076.9,25834.5,19426.6,19409.4,19381.5,24538.6,20339.8,20217.9,18911.6,20842.3,23163.3,19838,20161.5,21683.7,22165,18330.1,18320.2,22551.8,20068.4,18760.3,18092.9,20627.3,16761.6,21696.4,19855.4,18804.9,16563.8,19130.8,22128.4,19460.4,16531.8,16611.9,15878.6,21608.2,16076.8,21195,16559.1,21869.5,20441.2,19244.7,23184.5,18944.7,20014.1,18615.8,22621.2,23761.4,19359.1,22453.3,24895,23400.2,29829.8,36523.6
35687.8,27038.1,27285.6,21379.6,20630.9,21300.3,21962.2,21887,23667.6,18736.2,23341.3,21662.4,23248.5,24184.1,24954.6,21278.1,21744.1,20517.5,24425.6,24948.2,21335.2,23056.2,18759,24882.9,21442.7,21092.5,19909.5,22675.5,18744.9,21778.6,19147.1,20651.4,20494.3,18922.9,23198,22113.3,24640.3,22246.9,23893.2,22015.4,22169.6,18896.8,19726.4,24489.9,23664.3,23791.9,21492.4,22507.5,22011,22581.6,22512.3,21377.4,23741.1,23252.2,24101.9,24011.5,19969.3,22822.2,24274.1,19976.8,20034.7,24469.1,24074,19899.8,22424.8,19964.7,20980.6,20902.2,24202.5,25120.1,24023.7,21134.6,21618.8,23492.4,20976.3,20334.6,24801.3,21768.9,19241.2,23181.8,21004.1,25545.1,25002.1,22119,20250.7,20939.4,21892,25151.9,24421.4,21903.6,23117.3,21183.3,21888.7,23870,22064.2,25093.2,23844.1,25791.9,25301.1,25327.2,20668.1,23635.4,24656.6,20916.2,25081.2,22889.5,24064.8,20415.2,20750.9,25063.8,19128.9,19044,20135.9,21852.7,20189.9,25368.4,24110.3,19707.3,24855.5,19929.9,25293.4,19496.2,23778.4,23521.6,19858.5,21180.5,22514.2,20835.2,24932.6,23574.2,24641.5,21224.9,25101.2,24569.6,24854.3,26150.5,23803.3,23069,22938.7,18796.6,22714.3,19303.5,19125.8,24894.4,24859.8,24859.7,24321.9,24371.6,24212.2,20895.8,20010,24646.5,24562.8,24234.1,20294.9,20355.8,25196.3,23469.5,24763.5,24035.9,22859.2,25058,22108.9,25144.8,19963.3,24933.2,23669,20810,24326.1,23967.9,23408.8,25909.7,22781.9,23453.5,20305.2,22929.8,23566.4,26472.9,26503.9,23974.9,21752.3,25050.9,26602.4,25791.9,26035.4,25599.8,23983.1,24009.6,26888.5,24903.6,24505.9,23945.1,23988.7,25326.9,26987.4,26074,25198.9,26241.1,21111.8,22946.1,25720.4,21564,25659.4,27130.7,23350.7,26702.2,22258.8,25112.6,21713.6,22494.4,26728.3,21157.5,22354.2,23153.2,23562.8,23460.6,23788.8,24981.7,22044.8,22872.3,22105.6,24600.5,24872.1,21152.2,24354.7,19846.8,25900.2,25620.9,20996.8,24463.3,20226.4,21763.7,23539.5,25767.7,24339.2,23728.1,24023.8,23747.9,22332.2,26400.9,20224,25595.4,25901.9,20690,22221,23425.5,23960.6,24981.2,20091.5,23748.1,23805.5,22691.7,20052.4,21915.8,22752.5,25811.7,26745.5,20933,21026.9,24616.4,19891.5,25654.9,25964.6,25923.5,25618.1,20639.7,23460,20631.1,24480.6,24902.9,25567.3,26429,25726.8,23439.1,23261.1,22250.3,21852.4,23624.5,23009,20276.2,22611.4,22093,20378.1,21317.8,19612.8,21361.8,22224.3,23000.3,22916.3,20068.4,24804.9,19472.6,23093.1,21752.8,24150,24051.8,24681.1,23278.9,24494.3,25232.9,23703.5,20644.9,20198.8,19974,24921.9,24279.3,23420.5,18884.3,25046.3,25320.1,24818.9,24272.9,19065.6,19447.5,21874.5,22632.6,23539.3,21807.5,24063.1,20501.4,20356.3,25767.9,19939.2,19891.6,19510.2,25222.5,24648,25754.1,24635.4,19747.5,23657.8,20659.8,20191,24287.5,24231.5,22932.2,21497.2,22264.8,21522.2,25327.8,22954.8,18850.5,19538.8,23426.8,22438.8,22503.1,18404.1,24158.2,19634.2,20243.8,22637,18818.1,23036.6,20102.2,18855,20351.6,19112.1,20901.8,16966.7,21275.2,17915.7,17864,20820.9,18671.6,19668.1,17785.9,16296.6,20618,21394.1,18741.2,20216.6,22939,18547,18994.7,19934.4,17672.3,22159.6,17805.4,19732.7,22907.8,25579.5,26491.4,27615.3,36222.8
36233.2,30491.8,25028.2,26188.8,24731.6,22358.2,21484.8,21657.2,24022.9,22345.3,19024.6,20451.4,24353.3,21512.8,24694.7,19519.7,20358.1,24070,21322.6,24285.9,23196,21881.9,22185.1,23981.4,24823.7,20563.2,21250.4,23041.2,22466.7,20279.1,22617.4,20693.8,22183.8,19268.3,19034,24330.9,19493.4,21324.8,21829.9,24165.3,21719.4,19806.5,24052,19701,21977.1,24603.4,22455.8,21024.2,24199,21074.9,23014.1,21033,25260.2,24436.4,21210.1,19644.3,21644.7,23958.3,22697.6,22376.6,19302,24631.3,24728.3,24662.5,19414.7,18500,20543.8,20934.2,24384.1,24318.7,19384.5,20596.6,24030.5,24717.2,20568.6,19973.3,19031.8,21856.3,22090.8,20943.9,22111.3,24689.5,20652.3,20222.7,20560.5,22810.9,24852.4,23888.8,22473.9,20868.1,20997.7,21537,20209.3,22353.3,23680.3,22374,23545.9,22891.3,20869.4,19776.1,21847,25418,20896,21030.2,21428.2,23104.9,22875.1,23195.9,22830.6,22539.1,21379.7,21520.1,24399,19195.8,23634.6,23009.1,19946.8,22639.2,24581.5,20319.1,19224.2,20829.7,20155.1,23436.2,23512.4,24908.4,21187.6,19450.5,24398,20226.2,22234.9,24047.1,24801.4,26118.9,20116.5,25389.9,22481.7,23494.9,18946.7,24197.7,21050.9,19404.4,23471.3,21183.6,22615.6,21499.8,23781.8,22077.8,20314,19117.4,21882.6,20485.1,20582,23644.8,21683.1,21227,24619.5,23014.4,22572.5,20982.6,20119.9,23266.9,24228.1,24485.4,24878,24312.2,24007.9,21243.9,20522.8,25116.6,21794.5,24426.6,23623.5,20609.6,21558.8,22150.2,23519.5,23439.2,24506.7,23403.9,25718.3,24254.4,22388.1,26152.5,24868.2,21803.2,23929.2,26617.4,21753.5,22679.1,27139.8,23803.4,22150.5,21175.1,21556.1,21052.9,26812.4,24685.4,23672.5,24407.4,22462.3,24519,22489,25661.8,21622.4,26601.5,25540.6,24316.3,24993.1,26244.1,25107.2,25472.9,23901.5,26036.9,23287.9,26290.8,21369,25756.6,25332.4,24497.4,26421.6,24188.4,24624.9,25849.6,26136,20167.2,21749,22130.8,22998.6,26247.8,25820.4,26292,22132.7,24622.3,24278.4,24029.5,22992.5,25331.9,20046,21635.2,26146.3,21459.6,24539.1,23494.6,24248.7,21584.8,21661.5,24914.4,25858,25457,24465.4,24280.1,26676.2,25482.3,23113.4,24149.3,26537,24128.6,25011.6,21242.6,25273.1,21707.4,26244.8,25270.4,21226,21913.4,22777.2,24855.5,20780.8,20894,25040.7,20967.1,25303.8,21895.7,26323.3,25352.1,25419.1,22890,24167.7,23963,19626.4,20610.3,22498.2,23796.8,22487.1,23458.9,24946.6,24687.4,24791,24856.3,25544.7,21867.4,20154.5,20380.8,19450.4,23554.4,19199.2,25238.3,22901.9,21317.9,20640.3,21854,24806.9,22418.1,25541.3,24556.8,21061.7,20346.4,22557.2,24371.9,21129,24415.5,22070.6,22918.7,21525.4,22912.4,21506.5,20440.3,20259.4,24715,22696.9,24333.9,20361.8,25416.6,25103.9,23900.7,22892.9,26131.2,20142.7,19186.4,24548.8,19117.5,21383.3,24712.4,21108.9,25501.9,20882.4,21324.5,20083,23297.7,21284.6,21674.9,24039.5,20870.8,25308.6,22959.6,22802.3,19254.8,22850.6,20724.7,19525.3,23574.8,17110.6,19874.6,18236.4,19082.5,17423.6,18496.9,17699.7,17140.8,16500.6,17149.8,21635.1,18522.1,18495,16507.5,17824.1,21183.7,19013.3,19084.3,17472.5,19329.5,17831.6,20230.1,17286.9,20988.2,23514.1,20572.7,23505.5,18607.8,23525.3,24228.5,30157.6,33437.3
36569.8,28602.3,23652.1,24682.5,23232.7,20731.7,22253.9,21509.7,24436.7,23213.4,18688.3,19095.3,24050.4,24124.7,18959.6,24957.7,25014.4,19452.7,24241.3,19264.9,23659.2,22247.9,25037.5,19646.9,20094.2,24831.3,20580.1,24726.9,23882.6,22900,21403.4,19728.1,22069.1,24801.3,19776.2,22522.5,23801.9,19264.1,22746.1,24772.7,24381.9,18956.5,24204.3,20104.1,19620.6,25103.1,21108.3,21447.9,23005.3,20944.6,20740,21021.7,22812.7,24736.1,23879.8,23886.8,20469.3,21181.4,22489.9,20876.7,20530.1,25028.5,24779.5,20534.9,20157.1,18903,22953.1,21614.6,21053.7,21474.9,21450.7,20791.1,23750.1,23634.6,19698.3,22251.6,24939.5,24315.2,20510.8,19329.5,24131.2,24108.9,22474.8,22254.9,20595.9,19407.8,21092.7,21945.7,20503.2,25002.7,23414.9,20840.4,25358.6,21396.1,25721.5,24607.4,20489.1,22058.1,22028.2,25205.5,19963.5,22801.7,24442.8,21720.7,25076.7,21690,25117.7,21760.6,21698.9,20091.4,24559.9,19722,20607.5,21010.5,23629.6,25701.3,19998.6,20544.9,21323.4,20952.4,20646.4,21227.8,24054.8,22746.5,21080.6,19402.2,19907.9,21522.1,23958.8,23118.1,22288.4,25112.2,24505.9,25338.7,24937.2,25380.5,21922.8,20774.3,19531.6,20546.6,19868.2,20024.8,21516.3,25133.7,21549.5,19821.2,23902.1,19191.2,22454,24371.6,22944.7,20366.3,23885.4,20168.5,21784.2,20998.4,21796.3,24016.3,25069,25543.1,24763.4,21142.6,24701.1,22971.2,22203.8,22503.9,25677.6,25858.8,21913.2,25138.6,20516.1,23572.8,23368.2,20682.1,22991.3,20399.5,22662.5,22933.9,26003.6,22404.7,22902,23755.9,24030,26517.1,23554,22181.4,24368.3,21578,21176.1,26263.7,26980.4,21772.6,20827.9,25059.1,26887.5,20805.9,20951.9,27213,23744.8,22096.8,23214.9,23526.9,23431.1,21306.3,26852.7,21973.1,25244.6,23276,26268.7,22729.6,25974.2,23301.7,22071.4,27149.9,26889.9,26342.8,24542.2,26853,21851.6,21762.7,21701.8,23263.3,22960.9,20024.8,24765.2,26125.8,26639.7,26498.4,24944.7,24980.2,24295.5,25266.1,25955.1,23105.5,24936.1,22861.7,25828.3,24817.3,20120.5,23773.4,21845.2,21569.9,25331,21709.4,21277.4,24304.6,19780.4,24098,22739.1,22321.2,25928.6,23441.8,25663,25628,22796.4,27164.5,25475.4,23667.8,25396.8,21375.4,20929.6,24156,24233.5,24355.5,25228.2,23047.5,22015.6,20077.1,20850.7,20003.6,21832.8,24982,21495.4,25580.4,24037.8,20395.1,25400.9,25914.7,25641.7,24463.5,20529.5,25676.3,22817,20145.8,20390.1,24979,22860.9,23567.3,19694,24228,24435.3,24601.9,22101.4,21856.1,20806.1,23717.1,23934.3,23414.7,22100.8,23229.1,20085.9,23944.8,23740.4,23059.7,20867.6,22592.2,23524.8,20672.2,22316.6,22556.1,18937.9,20586.9,23936.1,25319.2,22418.7,23584.4,25505.4,21461.6,21981,23928.3,21151.3,19828.7,24713,25757,23771.3,24506.5,19844.4,20300.8,21110.5,22602.6,21386,20340.7,22603.7,20027.6,22001.2,19719,22230.7,25449.2,22614.8,23538.9,19873.4,21865.7,22891.5,23921.6,20774.6,21052.7,21677.7,22398.3,23824.1,23694.6,22963.1,20003.5,21589.9,23343.7,16772.7,18092.7,20640.9,18301.8,18891.8,16987.1,21220.1,19187.7,16325.8,16517.6,17540.7,21203.5,16550.4,21726.4,16312.6,19467.8,18417,18383.2,21507.6,18838.5,22762.5,19594.6,22727.6,18444.8,18697.8,18947.3,24940.8,22517.9,31045,33785
34926.9,30502.4,28979.5,24911.4,26925.2,22900.9,24344.9,22271.7,22436.7,24951,18682.3,22313.9,24869.1,24349.5,19731.6,19707.7,22628.8,25261.6,22201.7,19019.7,25414,21335.7,23368.2,23063.6,23809.8,25219,23586.9,21971.1,23697.8,9519.5,24141.2,23924.3,21076.6,22321.8,20598.9,24007.7,22057.9,21916.3,23541.5,23083.2,19676.3,22889.8,21974.7,20857.6,24913.4,22168.9,19771,20083,21189.9,24720.9,22434,24586.6,22779.5,19709,20599.6,25092.7,20221.2,24647.6,21180.9,19198,21022.2,23272.1,18866.9,20483.9,23795.6,24513.9,25216.6,20638.8,20316.6,23144,20775.8,20451,21667.6,22327.5,25052.2,23429.8,20991.5,21085.9,26126.4,22194.4,20222.9,19994,21088,21846,19471,22415.7,24934.3,21004.1,23139.4,23478.3,23008.7,24904.9,23503.4,25013.2,22659.5,23452.1,19955.5,23594,24096.5,25861.3,22719.4,19746,21412.8,21182.9,22065,24097.8,21638,24173.9,21432.7,25294,20567.4,24295.5,23446.4,24964.1,22886.5,24965.4,21736.3,19762,20348.1,22145.2,25157.7,24672.3,24353.7,25254,22521.1,22147.4,20877.4,22564.5,24836,22310.3,21672.7,21182.5,24534.4,26795.4,22396.6,24740.9,21026,22063.6,21965,21237,20394.9,23489.9,19611.5,23243.2,20957.7,24574.9,25121.9,24728.9,22522.8,21400.2,25822.2,24024.2,24577.6,19366.9,18100.5,23509,19967.1,21178.5,19823.5,24255.2,26129.1,25187.1,19447.5,19974.5,23286.5,26140.7,22677.4,22357.4,26214.9,24779.4,25350.3,21957.7,22601.6,25010.1,25986.4,22458.4,21152,25542.8,22859.6,25936.6,25348.1,20993.6,26831.7,21334.5,24491.1,26412.7,22183.6,25842.3,26579.2,26484.5,22821.2,22352.2,26647.5,21402.1,22186.6,23182,24334.5,22907.6,24029.8,25211.5,25811.5,25017.8,22648.9,22840.1,27130.6,21215.2,22206.6,26806.3,21871.2,25076.6,26854.8,24299.8,23134.1,22312.1,24308.8,23808.1,25299,23549.5,22427.6,23050.3,26765.3,24825.6,25846.2,20558.5,24484.5,23811.3,24888.1,23601.9,25950.9,23937.3,20543.9,22090,25615.5,24279.9,22705.1,26044.3,21836.5,25235.7,24403.4,26598.1,23393.8,21972.5,23993.3,21907.4,20338.5,25256.8,25737.8,26391.3,26054.5,23827.4,24485.7,23588,20512.8,22935.8,23490.7,23364.5,23756.5,21385,20356.4,23673.8,23153.8,21734.1,24923.8,26646.8,22955.7,25495.2,24554.9,22348.9,25036.1,25546.4,26302.5,25717.6,22376.9,26329.8,24184.1,23807.8,24863.4,24555.6,24850.5,22520.1,22149.9,26403.9,23898.2,23058.9,21649.3,25013.3,24208.1,25210.5,20905.1,23438.5,25781.6,24021.1,20397.2,20563,25870.7,20350.9,26047.2,20485.9,25391.1,24052.8,23266.8,24046,21623.5,24917.1,20868.9,20131,24157.4,23991.5,24300.5,24914.4,23275.7,19748.3,24945.3,19603.9,22145.6,21760.4,19455.3,21794.2,21526.7,22959.3,22602.9,20126.7,21883,20937.7,25238.9,20634.6,19953,23590.8,21130,22054.6,25175,20918.7,23016.9,24634.9,25059.2,19857.9,24856.7,22274.2,24685.2,22325,23485.1,19513.2,24345.6,20200.6,22819.2,22334.9,21916,21938.4,24578.2,18354.5,17876.4,23176.3,22681.6,23187.4,22949.1,22460.9,18662.2,17575.6,16503.6,22723.3,19358.6,17620.6,21970.2,16951.2,20000.1,18735.6,16118.8,18758.7,20195.1,17893.2,21622.7,20672.7,16680.8,17513,22806,18811.8,19103.5,22382.2,21131.2,18650.1,24350.9,22369.4,25493.4,35663.1
36262.7,29621.9,29575,22406.5,26943.3,21165.3,22283.2,24124.7,25543.8,23933.1,19028.7,22481.2,20414.6,23623.1,20121.6,20157.2,22631.3,25038.5,22787.4,19509.2,20136.7,20142.4,19668,25090.6,20386.5,25795.8,22882.7,22346.4,20278.1,20855.8,24062.4,24870,20572.4,21727,23569.9,25220.3,22140.7,24059.1,24778.4,25881.7,21873.7,19389.4,21608,23144,25784.5,19656.8,25652.7,19552.3,19985.3,22740.6,19551,25322.3,22437.8,19758.1,22843.4,21176.4,23620.9,22821.1,21706.4,21034.8,20048.5,19651.5,22696.2,25494.3,23479.8,23597.5,22921.2,25827.3,24215.8,22351,25891.7,22298,25013.9,22136.9,22463.7,21718,23965,20596.1,23303.2,21638.5,25189.9,22493.1,21024.8,21095.6,21510.3,22684.1,21836.3,25067.1,20705,22073.2,25519.5,22902.6,22234.9,26244.2,25344.5,20417,22398.6,25470.9,26493,20364.1,24272.6,24160.8,20158.3,20896.4,22407.7,22212.2,20100.1,25727.2,23218.8,21909.4,20374.8,20845.3,22450.7,26181.7,21449.6,20656.5,22661.3,24469.9,20541.9,20674.7,26068.9,20303.4,21323.3,20377,24896.8,23885.5,20080.2,19379,23773,20814.3,25571.8,23433.1,26670.7,24183.3,25428.7,21762.1,21501.2,21393.7,25208.1,22636.2,24691.3,23208,23240,22260.7,21275.1,22379.9,24257.7,21481.6,25428.1,22191.5,24213.7,21331,25721.7,25253.5,21325.9,20899.3,22878,24993.7,23475.5,21488.1,24404.7,25710.5,21190.2,22932.8,23273.9,21544.8,25465.6,20624.9,24789.7,25841.3,25771.3,22338.2,22404.8,24332.8,21228.7,24750.7,26911,26004.4,25664.1,24174.7,27150.5,26572.3,25559.4,24439.2,26348.4,25140.9,22184.1,23661,23798.8,23367.4,22321.1,23440.6,23087.2,25827,22455.3,24633,24193.4,21667.8,22722.5,25671.9,23887,25159.8,24186.5,27703.4,27150.1,26527,21822.8,26019.1,21539.2,23950.3,24865.7,23106,23115.9,25051.5,26235.8,24356,26406.3,22724.5,20812.4,26128.4,24575.2,21815.8,26380.1,25736.8,21443.3,22622.7,25204.5,24477.6,23254.3,26676.4,25455.1,24294.2,23800.4,20697.4,22446.1,21071.2,22129.6,25768.5,24210.8,21267.1,22385,26379.6,23254.1,26945.8,22845.7,20575.9,21807.7,23761.7,27120.8,21470.5,25863.7,26058.7,21241.2,23650.5,26397.4,22670.9,26199.2,25924.4,26129.4,26590.2,22731,26083.4,23889.3,26722.5,24031.1,26230.5,23689.6,23295.6,21728.3,23564.8,26455,21974.3,26779.3,22685.1,24418.4,22170.8,24420.2,25185.5,21924.3,25285.7,24910.9,27093.8,26232.6,23820.2,21625.8,23767.1,25891.9,24253,24715.5,19993.3,24058.1,23599.5,21104,21808.3,23642,23978.2,23846.5,23787.8,25347.9,21453.9,20395.8,24891.2,23785.2,20687,23331,25711.7,24330.1,20552,20242,25859.2,21208.7,21882.2,24623.6,25334.9,21503.3,22337.9,24514,24417.2,25326.4,24188,20654.4,21669.2,21422.9,25348.8,26385.7,25412.2,25995.6,24497.2,25309.9,26146.9,23156.6,25286,25539.4,24324,25028.3,26375.1,20852,20645.7,22214.7,23129.5,19462.4,21265.2,23385.1,24274.4,23724.4,19132.1,21825.1,19342.4,24236.2,23106.6,21429.8,22827.7,24090.4,20297.4,20812.9,17693.1,23334.7,20611.4,22585.9,17309,19457.2,20548.4,18014.3,22312.2,22301.7,20041.5,21422,20275,21175.7,19523.8,22258.4,21402.6,17400.7,20100,23049.8,16912.1,22723.5,21161.7,18141.2,22302.5,21551.1,25898,28397.2,34184.1
32426.9,29741,28712.9,22176.4,21947.9,25582.8,23850.9,23069.1,21175.9,20086.5,20923.1,24355.7,25444.4,21044.2,21094.9,24391.7,23950.2,25954.3,21716.4,23159.9,25029.8,21389.6,20703.5,25826.4,24663.4,25406.1,23679.7,23328.3,21860.1,22910.9,25169.6,25408.8,22129.6,20461.9,24047.2,23466.1,25711.7,25974.8,25800.7,20547.4,24144.4,24935.2,23189.5,24696.6,20149.1,21543.3,24655.6,25934.6,22031.7,24692.8,22416,23039.6,20613.2,22380,22684.1,20078.6,22457.8,22610.7,21811.4,23758.8,25066.7,22491.8,24563.5,25174.8,21622.2,25251.6,26038.6,20502.1,25121.1,19968.5,23996.4,25732.6,21165.6,25459.9,26544,26256.7,22841.9,26119,24575.3,24496.3,23814.7,22686.8,21943.6,20581.3,26432.1,24766.6,24699.8,26110.8,25035.3,21626.4,20504.3,20662.2,25025.1,25744.4,23323.2,22124.9,27189.7,21414.8,23709.6,20804.9,21505.3,26881,22752.1,21454.2,21198.4,24119.1,22756.3,24572.6,26925.9,24412,22569.5,24917.8,22607.1,20604.4,22079.1,24248.5,26407,20877.5,24155.7,20486.4,21272.8,20112.2,26421.6,25581.7,26449.2,26674.6,21877.2,21271,20935.4,26421.2,23221.1,25259.2,27196.8,22228.3,25206.2,24873.5,25152.2,24438,21941.4,21950.1,20996.1,22684.2,20807.9,25851,25420,20366,22980,25336.5,22383.4,23496.7,23129.6,22572.6,21013,24486.9,21493.9,22372.4,21330.3,24395.9,25548.1,25227.4,21231,24599.9,21676.2,22558.2,24457.9,23330.5,20685.7,24511.9,26717,21663.9,25120.9,27241.3,23109.7,21634.4,21479.7,23309.4,27689.2,23539.4,24565.9,21482.2,21457.3,27212.4,22611.4,27326.6,24118.2,25139.3,22208.8,26332.7,26881.1,26079.1,23868.2,22445.4,23087.8,27215.3,22703.3,28236,23475.6,25561.6,22273.9,22431.1,23285.8,26983.6,23093.5,24261.8,22687,21739.9,23282.7,21470.2,24787.4,25823.1,22981.1,23038.3,22534.2,22946,27580.5,26298.2,25530.2,21604.4,27671.8,24477.5,24494.2,26737.9,22851.8,22244.5,24838.3,25851.5,26956.3,21742.1,23344.2,21673.4,27332.9,25824.1,26600.9,26193.1,23804.7,23682.6,26056.5,26893.9,21625.2,24499.1,23047.8,21140.6,24564.7,22535.5,22975.8,21688,23210,24180.7,23496.9,24091.4,26030.8,25288,22701.9,22000.2,24647.8,21961.5,27988.3,21995.5,27443.8,25662,21511.1,27507.5,27188.3,23232.9,25654.3,22813.7,21335.3,24552.7,22220.9,22814.4,23925.5,23385.5,22212,21720.6,23556.7,26845.4,23078.7,25690,21241.5,26754.8,21168.6,26199.2,20731.8,22126.6,24108,23143.6,20978.7,26326,20747,20356.9,21719.7,21732.6,22512.6,21318,20291,24956.8,20442.6,26106.7,22641.5,23964.2,25011.4,25074.1,22569.4,26487.9,21301.7,26690.9,21474.7,24902.8,26270.7,26057.8,20013.9,20110.9,19999.3,25953,21923.8,21540.5,22772.6,26494.7,20633.9,23148.2,21823,22939.5,25259.4,23387.8,22135.2,24340.2,23692.2,25577.1,25648.3,24008.4,20104.2,24261.9,24608.2,20567.8,24595,24602.7,21481,21513.9,22051.1,20715.2,23432.5,24453.3,20491.3,25342.7,25519.3,25273.1,20806.6,19669.6,21888.1,20786,22561.9,19091.8,24780.4,24086.8,19777.1,22128,21178.9,23962.7,18184.8,19388.4,18185.9,17412.8,21060.2,18445.5,21313.1,18226.2,22023.8,17181.5,19536.7,18132.7,17918,22935.7,17476.2,19532.4,16980.9,21769.1,20363.9,19164.2,17847.7,22859.2,23274.4,22255.7,26621,32533.9
31575.1,28675.1,24231,27167.5,26368.2,24848.3,23971.8,23732.1,20797.6,22917.6,23567.1,23389.5,20803.8,24311.8,24812.8,25533.8,21096,26245.7,26352.5,25311,25920.4,23574.7,21053.2,22377.4,21304.9,20886.1,22546,25234.2,23462.3,26863,25023.6,23864.7,21524.4,23936.1,24294.9,25765.3,21453.3,24155.5,26334.7,21696.1,23062.8,21508.2,25055.9,23549.1,24247.2,26581.9,22870.1,22275.5,24668.6,24240.6,21697.4,23289.8,22924.2,26597.2,22309.1,25927.4,22375,21905.6,25662.4,25461.8,26009.4,21016.4,25221,26113.2,22572.1,26227.4,22753.9,20729.1,21794.7,24284,25615.2,24602.3,22386,26104.9,22799.4,20917.3,25847,20984.3,23386.3,22759.3,27294.3,24050.6,25898.6,27770.3,24631.4,23224.1,27302.6,26568.9,25082.9,24822.2,22237.4,22520.4,26444,21992,25588.4,22922.9,22350.8,26056.2,26699.8,22845.8,27381.8,27282.9,27917.1,26542.9,22531.2,26351.7,21865.8,25627,24154.4,27523,22715.6,23762,22145.5,27548.5,27530.8,24653.7,26685.7,22868.1,24566.4,26810,24423.8,21509,25562.6,23090.2,21674,27312.8,25165.7,23062.1,21176.4,22377.1,24647.1,24704.1,27496.5,21696.4,23172,27198,22900.7,22791.7,23707.1,21352.7,26774.6,23329.7,21820.4,21293.7,26906.9,22259.1,24575.1,26177,21670.5,25917.5,21448.2,21392.2,25065.6,26409.7,21632.4,26834.4,22521.4,23720.7,24589.2,22632.2,25810.8,22519.6,24961.1,22385.3,27332.4,22823.5,23369.7,26273.4,24971.9,27246.2,22570.2,28020,24868,27493.7,24683.2,28035.6,25920.2,24626,23717.4,23966.3,28366.8,26453.4,25236.6,27470.4,22398.9,22392.6,26040.2,28804.7,25359.4,24205.2,28681.2,22610.6,27555.1,28643,28834.5,24571.8,22859.6,23583.8,27448.4,23834.2,23160.6,23605.6,26137.2,26517.8,28383.8,25358.3,26247.8,25789.1,24477.3,27656,23035.5,22807.6,26799.7,28770.4,24234.1,25236.1,24280.8,22914.6,27360.2,23744.2,25174.6,27219.9,26727,23336.4,24955.6,23068.1,26353.6,26887.4,26059.8,24634.7,23887.6,22014.1,23707.7,24887.3,23805.5,25722,24261.7,26066.9,26182.9,24767.4,25290,26949.8,26233.8,22424.8,25683.3,25539.4,23255,22598.8,25190.9,24230.6,21931,24004.7,23460.5,26999.8,22498.1,24187.8,24953.3,24063.1,27501.4,26026.1,24248.6,25651,27668.8,28782,25118.6,23831.3,28295.5,27280.4,23668.5,27580.5,25259.5,25622,25739.5,23196.2,25523.7,22619.5,27168.2,25216.9,26954.2,25828.3,25940.4,21761.6,27804.8,27596.8,24009.6,23434.8,23016.2,22757.5,21931.3,24302.7,21228.6,22462.6,21292.1,23504.5,26738.3,21761.7,26359.6,24822.8,24063.6,26439.6,24631.7,21252.6,24652.5,21563.1,21967.9,20539.7,25769.1,25581.4,23002.2,22801.1,25931.5,22507.8,23868,20889.3,26603.2,26160.7,21373.6,22766.2,26257.9,26391.1,22557.1,26560,26373.6,21069,26437.6,25749.5,22176.9,26569.1,24065.7,23935.9,25106.1,20856.4,21994,25333.6,23806.9,23537.5,26763.1,25507.3,25705,24419.2,24543.2,22999.2,22692.6,26566.5,25755.3,25525.2,25150.2,21360.8,21228.5,20495.5,20385.2,25076,24919.6,24273.5,21398.5,22080.3,20909.4,19675.5,19162.4,21733.4,20055.7,19977.7,19975,20155.7,21056,17602.8,18989.8,23328.1,22742.9,18375.3,23702.2,23053.9,20841.2,21230.3,23391.8,18541.2,23759.1,21338.2,22366.3,22971.9,25090.3,22645,26752.8,32875.9
35832.6,30618.7,29869.8,29177.8,22661.5,25918.6,23899,24508,24245.3,22934.3,24692.2,20986.6,23744.3,26483.4,27033.9,24598.5,21537.9,22314.8,22544.6,24521.2,24146.8,22194.1,22535.1,25110.9,22035.3,24875.2,25936.1,26463.1,23790.1,23644.3,23985.3,23653.8,23256.5,23009.1,27424.2,22505.5,22102,25928.5,23503.8,27172.9,24994.3,26104.2,24481.1,25745,27794.3,25110.7,24412,25202.4,24130,23330.2,24459.7,28039.6,23067.4,26320.3,25130.2,27748.5,26446.9,23043.9,22204.8,24115.7,24917.5,21737.1,27589.9,26210.9,26761.3,26056.2,28056.8,23983.6,27132.2,22911.5,27657.5,27951.6,26731.4,22233,27082.8,23954.4,22296.2,25119.9,27702.8,26155,22369.8,24536.1,27770,26053.6,27439.5,23052.6,24188.6,28020.1,24242,23722.2,25114.2,28660.3,28881.1,25325.5,28953,27352.1,24019.6,23962.8,25653,25957.5,22513.9,25697,23064.3,22727.4,26542.2,28077.6,28541.4,27831.8,26678.4,28862.4,27268.5,26468.6,25773.7,23038.8,27689.6,23543.5,22756.3,27692.8,23848.5,22688.2,25724.3,26721.9,24005.4,25599.1,27140,25223.8,23231.6,23688,25627.1,28020.4,23767.4,22169.7,25807.3,28834.5,26845.3,23410.1,25326,25590.4,26760.1,22385.5,22392.5,24687.3,26789.1,27470.8,23940.1,23041,27501.1,28020.6,23441.7,26895.4,24524.8,26754.7,23546.6,25401.5,20379.4,26470.2,22637.6,26349.5,22282.3,28537.7,27729.7,22543.3,26820.7,24547.7,24943.7,26264,24568.9,26622.5,24337.3,25120.9,23720.9,25181,24177.9,23063.1,24967.9,28369.2,27867.1,25644,29690.1,27505.7,23709.7,25973.8,29530.4,24821.8,27438,28947,29227.1,28131,24276.5,27852.1,26590.1,27051,24472.2,25798.9,25180.5,29602.7,28539.7,25113.4,29629.5,26840.9,23693.9,25549.4,29839.3,29845.6,24985,25435.5,25122.7,25580.4,24340.5,27586,25006.8,28889.2,27928.1,29097.1,29605.2,23728.9,25754.7,27821.4,23572.4,27873.3,23787.4,25015.6,23236.3,29018.1,28830.9,25425.3,28823.4,26287.9,28036.3,24947.1,25803.3,29556.2,24157.8,24564.2,29304.6,24593.8,27989.5,28007.6,26742.3,27143.1,29335.5,26590.1,29395.6,26350.5,23501.5,28087.1,26836.6,24380,29404.5,27925,25701.6,26548,23870.6,29676.8,24443,29590.5,29733.3,25661.3,24917.4,27771.4,24034.4,23823.6,27768.7,23898,27081.7,24040.3,29359.3,24487.4,26111.8,25354.8,28826,23693.1,28238.7,25235.4,27522.1,28606.4,24940.7,26435.2,23301.1,25678.2,24379,27857.5,25707.5,23345.8,26858.5,26299.4,25998,28317.5,22105.9,26662,27144.6,27628.6,24597.8,28055,22371.4,25125.3,28299,22038.8,24808.6,23498.7,21787.3,23944.9,27875.4,23754.2,26746,22711.9,27652.6,26056.5,26036.7,22829.8,26370.3,23983.5,27788.3,24299.4,23477.8,26958.4,25727,23939.7,27909,28024.2,24843.5,22615.2,25892,27282.3,24224.9,24106,26674.4,25011.1,24748.5,21841.1,27624.5,25603.4,26580.8,24634.2,25348.2,23169.8,25391.7,22536.7,25064.7,21997.3,23938.7,26300.1,26330.1,25505.6,24551.5,25750.1,21717.5,21245.6,25791.7,23254.4,25852.2,22352.3,22897.7,26826.5,26612.9,24967.8,25363.7,20727.6,20171.1,20776.9,22069.2,25069.6,24656.6,18738,18213.3,20029.4,21443.3,18433.2,21525.2,21344.4,21974,22092.3,22686.8,20668.5,24033.7,22668.1,23410.6,24900.2,24489.2,24297.6,23677.3,28729.2,29709.6,34613.5
37739,29267.3,31148.1,24765.2,28139,24669.3,27079.4,24086.8,24033.1,27286.9,24844.1,27205.9,23868,27492.2,28288.2,25660.8,29279.4,28329.4,29057.8,23364.1,26450.5,29188.4,25426.8,26182.5,28000.1,24241.7,27127.5,29597,28204.7,25949.4,29598.2,27081.7,26541.3,29539.4,23480.2,26857.4,27735.2,26314,26209.6,28809.4,26139.9,26615.7,26426.8,25635.3,27449.1,29601.8,25160.2,25025.2,28404.2,27014.3,29124.8,29044.5,24723,25842.5,27701,25376.6,23678.3,29664.4,29522.2,25900,25411.4,24019.8,25925.9,27508.9,26851.4,28194.5,24283.3,25769.2,29440.1,27832.9,25455.3,25566.9,25608,28698.1,26461,27492.9,25030.2,29414.9,29978.3,26175.9,26112.5,27119.3,29737,26907.3,29683.1,29814.4,25320.1,29492.8,28041.7,25079.2,27064.7,24166.9,29555.5,25931.9,30025.7,25535.6,30141.1,27405.7,26170.7,26943.5,28101.8,30104,26508.6,28613.8,25054.2,27308.8,25985.3,29261.4,29996.7,26885.6,28009.3,25573.1,25262.9,26831.5,28222.1,24974.7,26019.4,25699.9,29939.9,27826.2,23997.2,23942.3,30142.9,27212.5,30077.3,27402.8,27217.7,27149.7,27743.6,25184.5,28192.2,26139.5,25005.9,27314.2,26545.5,28497.1,24395.4,24311.4,24022.1,27360.5,28651.6,26472.2,25575.1,24253.4,24798.8,25289.4,25676.1,27411.3,27746.7,24297,29490.1,29226.2,27303.5,28347.1,24663.6,24848.4,27620.5,24397.4,25369.2,26867.4,28444.5,30361.3,28264,25675.5,29159.4,26200.5,27851.8,26610.4,25590.8,30880.3,30274.5,29797.4,26171.7,24917.5,28904.3,27471.5,26891,28231.2,28903.6,29326,25721.1,31241.1,25749.4,25631.7,26300.9,27005.9,28314.3,28266.5,26118.3,25633.7,29163.4,30584.9,28603.2,30558.3,30656.4,29733.4,31303.6,29507.7,27566.7,26990.2,26185.6,26528.2,30586,25617,30861.8,26587.1,31588.1,28643.6,30987.3,25820.9,25719.1,27969.1,26354,28712.6,31152.2,27027.3,26049,27056.4,29123.1,26973.4,24527.1,30886.2,27908.5,30794.2,28080.4,27665.7,25578.5,27255.8,30936,26818,25530.6,28285.2,24775.2,30133.8,27675.9,30241.2,25128,26199.5,26440.4,27690.1,30614.6,30226.2,29161.1,28744.7,26913.8,30388.4,26174.6,29772.5,26251.4,29428,29414.7,24882.3,28550.5,28796.7,28560.2,26263.5,27796.4,29632.1,26780,30374.1,26461.9,30519.4,24724.4,30431.1,27633.4,28459.1,27678.9,29282.6,28200.7,25746.4,30647.7,27743.7,30638.1,25029.2,26833.1,25952.8,26164.3,29883.6,26384.6,29557.9,27182.3,29233.2,25697.8,24131.5,25145.7,29595.7,29451.3,28676.4,23778.5,27211.7,27707.1,24654.5,28183.1,23636,25711.6,26923.9,29591.7,26091.7,24679.7,25225.9,28685.4,26718.6,25461.8,25386,26859.7,24460.5,28279.9,24056.3,27311.8,23749.6,25755.1,23760,26356.5,29801.6,27417.7,24803.7,25779.7,27517.8,25513,26871,29687.8,28969.3,27076.6,28051.7,26803,27121.7,27046.2,25906.7,27520.5,28220.2,24880.3,24282.2,29492.7,24327.9,27563.9,27646.3,23954.3,23798.8,25544.3,23313.7,25133.9,27613.7,28032.4,26829.1,27116.4,27117.9,23301,26775.8,23729.4,27095.2,24502.1,25298.6,26316.7,28452.8,26886.4,24947.3,23195.4,23678.1,23124.2,25269.4,26140.8,23973.3,25862,22220.3,25671.8,22070.7,22892.1,22499.5,24192.2,25534.1,24112.6,21667.1,20833,24721,26846.2,27478.7,21570.5,25912.6,26677.9,21236.5,26962.7,27337.5,33334.9,32648.9
37752.3,31947.3,29081.2,30674.5,27003.9,30148,29309.1,27752.1,26638.6,30872.4,28160.5,25463.4,26504.8,31793.2,30455.4,27381.5,31182.1,25648.4,31116.6,29122.3,27157.9,30218.2,31832.5,26186,25489.2,30855.1,26078.7,26986.8,31994.1,32017.8,31072.5,29624.8,26100.9,30080.6,29070.8,26747.8,30878.7,31636,30669.4,28062.4,27164.5,30649,27345.4,26697.1,31741.4,31871.9,30665.9,28107.2,28140.6,30018.8,31043.7,31551.9,26793.7,31432,28271.7,30797.4,28834.2,26910.4,27935,29835.8,29240.6,29462,30340.6,29187.2,28573.1,31471.8,31492.3,28499.6,30258.1,25770.2,27522.1,26652.9,28629,28271.7,27422.2,30651,30812.1,28907,32055.8,32547.5,27100.1,29229,29755.2,32886.4,28661.2,29584.1,27970.9,31393,31572.3,29103.4,33162.5,26798.8,31342.4,30512.2,28761,32375.2,29311.7,29535.4,27059.7,30374.7,27927.2,29959.1,28289.3,30411.8,28909.2,28373.8,32809.5,29098.9,27724,31546.6,27274.9,27355.6,28381.5,27046,28180.1,31794.3,29457.9,28794.6,28058.4,29181.1,27421.1,30465.5,26019.6,27562.6,31976,31693.9,31237.6,28205,31420.3,31809.8,27518.9,29095.7,30655.1,32186.6,30687,32343.6,30762.5,31823.7,28074,29456.9,27948.7,26560.8,30355,28215.9,31122,28632.6,30709.1,30948.9,28860.3,28650.6,31475,26642.4,32079.4,29999.1,26111.3,29077.4,28167.5,27375.9,27396.8,26280.1,30504.1,31953.8,31322,26582.1,30635.8,32072.4,31986.5,28027.1,28797,29933.3,28211.1,28926.5,30961.7,28305.5,26995.1,32198.4,32680.4,30166.3,31883.4,27883.4,28676.9,31140.4,30061.4,31955.2,28089.5,30891,32341.5,32335.8,28605.8,29988.7,28231.4,31363.9,31137.1,28934.4,29264.7,28927.9,30708.2,29044.9,30491.4,29538,28249.3,29763.2,32525.1,33930.7,32595.4,30466.3,32202.9,28907.5,28239.5,33541.4,31435.9,28006.5,32622.8,32071.4,31827.1,30062.4,29428.1,30284.9,30864.5,31414.7,27086.6,29726.5,29093.9,31402.8,32865,27996,27267.4,27020.6,32287.1,30979.7,30715,27819,29143.3,32075,27875.8,32308.9,33230.7,28036.7,27051.5,27443.7,32646.6,28582.4,30710.7,29870.8,29378.4,29360.8,26628.4,27372.7,27349.7,29195.4,30643.1,33160.5,32248.8,27831.4,32955.9,30568.4,29398.1,31098,27229.1,31999.4,30627,29434.1,30312.1,32473,30814.8,32497.2,30805,32636.3,33569.1,27340.1,27904,28533.1,33196.6,33662.5,26927.2,32800.6,28291.2,27475,30280.4,31369,28787.8,28683.2,26394.5,26212.9,28381.1,28457.6,28041.5,27339.1,29939.9,27477.7,26359.8,30388,30125.4,29308.2,32199.6,28941.8,27962.9,26374.5,26767.6,28152.2,28235.3,30051.4,31100.1,29058.3,29608.5,28504.7,29851.8,31752.8,31064.6,30427.9,30001.6,26697.7,25448.2,29822.3,30815.8,31021.1,29670.3,30283.6,27410.3,31075,28726.6,31457.9,26468.5,32236.1,28510.3,29463.2,30888.4,25978.8,26132.3,26071.2,31779.1,31856.9,31770.4,32287.1,31732.1,25940.1,29748.7,30847.3,29372,31768.9,26421.1,29659.6,30461.1,27157.1,30884.8,27484.5,30864.3,28935.3,31081.5,27702.8,29527.5,26161.2,30118.8,30581.4,24930.9,30396.5,29968.5,29911.4,26386.8,26327.2,25315.6,24724.3,24826.5,22811.2,27983.6,23751.6,23212.2,24085.9,23886.1,26819.8,26470.9,28240.3,28556.7,27616.4,26746.9,28676.6,27977.4,27820,24738.9,28440.2,29078.2,29590.2,28780.7,37290.5
37901.1,35011.9,36263.2,30809.7,29321.6,28962.6,33201.9,34226.7,32308.8,31720.7,30745.7,31687.7,34992.8,31929.4,30793.2,29541.8,30165,35363,34871.7,29774.7,33737.8,32541.8,33664.1,34765.4,32835,31769.9,33339.9,28757,32606.2,31873.4,34925,34334.6,33941.5,33632.8,35069,30181.8,33905.1,30456.9,31529.1,32791.1,32502,34833,29569.9,31669.1,30069.5,30734.1,29360.2,30791.6,31495.3,29707.3,28876.4,34138.8,29259.3,30633.2,33995.8,29096.3,29383.6,31052.2,34407,28800.1,33290.9,28930.9,34929.7,31597.1,29400.1,31112.3,31054,31667.1,31011.5,30566.2,32199.5,30897.9,35200.4,31231.1,34169.2,31966.1,33775,30110.5,35006.6,31422,34847,32976.3,32701.4,30655.4,33570.6,30638.2,36227,31152.7,35430.2,30636.3,34051.9,32895.5,34582,36502.8,33196.8,32516,36031.8,32290.6,36325.7,30266,35540.2,30483.9,34461,34214.5,35291.5,29846.8,31463.4,35776,31622.2,31502.1,34794.1,35243.1,33693,34093.5,36242.5,35353.1,33152.4,31562.9,32976.5,31080.5,34538.4,33219,31741.4,34610.2,32406.8,31782.8,31166,29818.2,32716.3,34635.7,33957.4,34770.3,29938.6,31465.5,33596,30305.6,35086.1,31109.5,35152.3,32498.7,30396.3,30122.8,32980.3,33615.9,29666.9,34449,29883.2,30286,31952.6,35774.4,33111.8,31325.9,33362.5,34415.7,27533.8,32414.1,34208.5,30148.5,35833.3,31036.7,33539.9,34235.8,30315.7,31289.8,34527.5,32792.4,31198.4,32511.7,30017.1,35820.5,32952.3,31725.5,33789.9,32554.8,31067.3,36382,31984.7,35724.5,31663.7,35777.9,31225.6,33445.5,33689.6,31152.6,34004.6,36469.8,36983.2,31879.8,32029.9,35450,35092.4,34616,35833.3,37067.6,33540.1,33183.7,37602.2,31935.5,36589.5,36018.2,33345,33330.3,31502.3,35012.7,34580,31626.9,31194.6,32345.4,32645.4,35186.7,36329.8,34423.1,36242.8,32765.7,31288.2,35751.2,35114.6,35055,35064.4,33142.5,31634.4,31397.8,31437.8,33498.2,36339.6,34816.6,34654,35798.5,31309.5,32923.7,32698.6,30190.3,32539.1,35504.1,31976.3,30737.3,34658.2,34409.3,31034.3,34455.3,35470.1,31478.4,35406.4,30175.2,30635.7,30304.4,31460.6,35758.1,34015.2,34388,35443.5,31485,35745.8,34274.8,32535.4,32811.4,32807.4,35796.7,36698,36331.9,31143.5,36263.1,35905.4,35850.7,33666.7,36027.1,32805,35212.9,30352.9,32083.8,32033,33832.4,31822.3,32336.9,32114.5,36336.8,31375,36559.7,34640.7,33710.1,30273.2,34296,30500.3,32400.6,31075.2,34796.6,30696.7,35062.7,32514.2,32591.7,35067.7,35018.4,29298.8,31181.5,34266.7,30017.3,33702,34897,32939.3,30073.5,32389.2,32715.1,30455.9,31938.1,33371.9,31211.2,31385.2,29893.7,28962.3,33024.9,29020.2,29444.1,29422.9,32171,31088.7,32628.8,33625.2,29881.5,34394.9,31623.5,35617.5,34413.1,34669.8,35931.7,36228.8,35487.9,30659.2,36071.9,33887.3,29694.3,35265.7,29442.2,29229.7,35719.3,30882.6,29844.4,29230.5,31185.4,33885.5,30048.9,32954.1,32073.2,34966.4,29517.3,32560,35562.7,34414.2,29041.3,32441.5,35112.3,29578.6,32703.5,33976.1,29527.4,32831.4,35370.9,30494.1,33934.6,30227.8,33646.1,32928.9,32164.8,26672.7,27396.2,28007.8,32715.5,29358.5,28443,29967.6,33055.4,28380.3,28742.6,30761.8,31779.1,33861.1,31637.9,32589.4,29900.8,27661.1,27534.8,29579.6,30168.2,37148.3,34561
