41927.2,37628,33294.1,34838.1,30947.9,30058.1,33522.3,32110.5,28354,29809.9,28641.1,33468.8,27914.2,31379.8,29181.4,33179,27642,31102.8,33265.1,32528.7,33839.9,32279,30090.8,28370.4,33402.8,33815.5,32052.1,30107.1,31635.9,31623.8,31152.4,34417.3,29198.8,29263.5,33433.3,31038.5,32285.4,32296.4,30782.7,30083.1,28534.4,32869.1,29922.6,30567.9,32126.5,30005.4,34040.7,31532.8,33344.1,30672.8,31663,32193,30252,33090.1,30552.2,33788.3,32476.2,33483.8,33498.4,29056.2,29926.2,32754.4,32412.8,30296.6,29208.4,31726.9,32464.2,33517.2,33466.9,29472.4,29873.2,32794.6,29174.5,29065.2,30647.3,33990.8,33833.6,32346.1,32073.7,29109.9,28969.1,30332.6,32789.2,33777.7,32083.2,34428.2,34153.9,32680.8,33973.7,30362.1,30820.4,30591.6,33876,33979.9,35519.5,33055.7,35260.2,31357.9,34525.1,30627.9,32144.4,37041.2,32083.5,32831.6,31810.6,30690.1,35327.3,34873.4,31342.8,32403.7,31448.1,33088.1,33770,37573.3,33057,37381.1,36744.2,35217.4,32229.6,35720.5,32485.3,35134.5,32246.2,35973.1,37537,34403.9,33466.1,36255.6,37132.5,36865,36214.4,34885.7,34682.9,36419.8,35060.6,31799.1,30883.9,35704.6,31285.3,32354.4,31179.6,29901.5,34604.2,35959.3,31745,31286,30327.6,32675.3,33312.8,34052.6,31847.5,35989.2,35976.2,31209.7,30791.4,34895.4,33895.3,32883.2,31662.8,36336.8,34173,32458.3,35652,37002.8,32550.8,36768.6,33091.7,32939.2,37066.7,33972.4,34557.5,33804.1,34169.2,37736.6,32572.2,36264.5,32814.6,37122.1,34898.9,33580.9,32181.2,34529.7,31576.4,35414.4,32229.7,33249.6,36337.5,37151.5,36117,31905.2,35324.3,32409,32625.8,37134.8,33254.2,36906.4,34161.1,38042.5,32864.4,33692.3,33774.1,38315.4,36021.2,36456.2,32870.1,34189.2,35283,38380.9,32707,37067.8,33138.3,34422.6,38643.7,34077.9,32587.6,33810.8,34708.2,36284.8,37139.1,35981.9,35117.6,34922.4,33741.6,37139.6,34931.7,34719.5,36425,33056,31796.5,34988.6,36646,36717.2,36362.1,33427.6,33337,33810.9,32285.1,31870.9,34444.2,35504.7,35463.6,36558.5,33682.1,36387,35793,31853.6,34149.8,31847.3,31437.5,37110.7,34291.8,37430,35741.8,35313.4,31335.2,32193.1,32921.4,33209.6,32584.1,32930.3,36588.4,34778.5,31338.4,33438.6,35476,33037.7,34654.5,33852.1,37138.2,32524.2,33269.7,37358.9,34241.8,31485.4,31380.5,36897.8,35950.2,37109.7,34105.1,35333.5,33292.2,31516.3,33043.8,36235.2,31241.4,30481,31978.6,30670.6,31424.6,35491.1,34564.2,36348.3,31587.4,37344.7,32486.5,36670.5,34991.7,32721.6,33110.6,31326.8,36044,31517.6,30657.9,31584.3,32243.2,36751.7,33010,35143.9,35281.6,30867.1,36376.9,35358.5,36997.3,31749.1,31511.2,35002.5,36398.7,37661,33821.3,35649.4,37086.1,33077.6,31742.1,36092.4,31955.2,37551.8,34403.4,36918.7,34266,37550.9,32977.9,35738.5,36345.7,36650.3,32147.8,31799.2,31994.7,35040.6,34284.7,35117.3,32882.9,34716.7,33449.1,36014.5,36970.4,31423.5,34004.3,36687.9,31832.7,32296,30907.5,33222.9,35232.7,31611.7,31467.2,31553.3,34376.9,33221.5,30446,28622.3,31143.7,33572.2,33819.4,32458.4,34016,31254.2,31837.2,34173.6,34199.7,35679.1,31726.9,31604.1,29114.6,29502,32592.5,31940.5,35398.9,34789.7,32131.9,30793.5,35682.4,34878.7,33927.9,38575.3
34179.9,33442.2,31551.8,25448.2,29000.1,27771.6,23764.4,25081.6,25180.2,26005.1,24688.6,24335.2,24425.3,22842.1,28061.1,24557.6,22827.6,24024.3,25699.7,24595.6,26404.5,23048.7,22534.7,22395.7,27362.3,26383,27161.6,27030.1,29105.4,28995.4,26772.3,29115.2,29601.9,29313.3,26507.2,24981.1,26285.1,29462.9,26046,23709.2,24096.4,29230.2,27582.8,26229,25583.2,26981.8,25654.6,27043.4,24316.5,24769.2,27500.1,24508.4,23988.3,23798.7,25997.6,28646.6,25461,28981.3,26348.7,22754.1,23224.8,26738.2,25124.5,27126.2,25007.4,23196.6,24207.8,26081.3,25306.5,28140.5,25767.3,28589.8,23752.4,24444.8,24469.4,28600.5,29103,24588,26419.5,26603.7,29083.8,23830.7,23764.4,24418.5,24438.7,24741.8,28086.7,27914.3,24885.7,25839.6,25155.8,30007.9,26091.2,28246.5,27684.1,24782.7,25906.2,30192.5,25618.4,28592.7,31474.7,29722.5,30780.1,27812.7,25832.6,31628,25999.4,29026.2,31832.2,30137.4,28160.4,31707.1,30875,29681.4,30185.4,28960.3,30614.7,29013.1,27748.9,27346.7,27164.7,31902.6,30749.1,29906.5,29556.2,29938.7,29447.8,28532.7,30958.2,32063.6,31627.4,28215.1,29395.8,29172.4,28136.4,28169.5,29493,25886.1,27247.6,25814.8,26313.5,27079.8,25220.9,24706.6,25447.3,26881.9,27849.1,28630.4,29619.4,29370.2,28515.7,31073.5,29678.5,27325.3,28333,29515.7,27766.7,28057.8,29590.4,28463.3,31357.4,28558.1,26936.1,25624.8,27042.9,29426.7,30825.7,26797.8,30578.6,32616.9,27208.1,27032.6,31188.2,26371.9,29902,28092.2,26527.4,32185.5,30357.6,31646,30353,30289.8,26748.1,32401.6,28658.6,26575.1,31117.4,30345.4,28574.5,31528.5,26245.8,30900.3,32422.7,27164,26667.8,29607.5,33593.4,32070.5,31468.7,30600.2,28902,27952,32044.3,28287.1,32633.3,31089.3,31938.9,31067.5,30091.3,32831.3,31291.9,28411.1,28855.4,28725.3,33314.7,28760.8,29928.2,31451.7,29860.9,26199.9,26527.9,27313.5,31577.7,30663.5,29371.4,26649,31804.2,28703.7,31804.8,29403.8,26598.9,28492.3,28057.4,28554,28327,30130.8,31813.5,29783.1,29284.4,26264.4,26311.6,29825.1,32220.9,28492.1,30712.8,31030.7,27914.2,29500.1,29908.6,29686.7,26565.5,29408,25847.8,26084.5,30381.5,29602,31615.4,30423.5,26529.4,27226.4,31310.1,32211.8,25798.2,30096.1,27743.3,27650.6,29735.7,28435.9,31918.4,31386,31876.6,30015.2,29787.2,27719.1,30282.4,29176.6,30870.3,27362.1,31340.7,29018.9,29668.9,27010.3,28195.7,27384.7,26613.1,31546.4,31827.1,28768.9,25589.5,29513.7,30512,29139.7,30140.3,26095.8,31467.4,30307.2,32061.6,27725.8,27120.7,29720.3,31819.3,30286.3,31679.9,27843.9,29554.8,30510.4,31610.8,26600.8,29493.3,31970.9,29681.3,31346.8,32164.6,27229.5,30062.1,28646.2,30033.3,28567.6,27827.9,32428.3,32871.9,29878.7,27229.8,28582.9,28273.8,28461.3,28946.9,31384.9,32146.2,30205.5,26568.7,27300.9,27924.1,30335,25955.5,27883.1,29232.3,28659.7,30683.2,29174.4,28309.7,29434.5,27099.1,28909.2,29207.2,27427.8,27800.5,25357.2,24974.8,25049.4,25982.4,28355.9,28634.1,29621.4,27973.7,25046.8,25046.7,28596.3,23014.9,28208.1,27616.1,24260.4,25092.8,22958.9,22861.1,26006.2,28757.2,27335.2,25293,25321.7,27340.8,24181.5,26398.4,30735.6,29905.9,30369.5,29438.3,29918.4,28513.5,26773,25777,30350.3,30463,35514.3
34161.2,29974.9,27294.9,27365.7,24682.4,23151.9,22428.8,24140.8,25764,22971.6,24656.9,23485,20962.4,21971.4,23338.9,20088,22355.9,20631.1,23517.5,25148.1,20226.3,22764.7,23544.7,24923.3,22176.2,24650.1,21949.9,19653.1,20570.1,20814,21291.8,20547.4,20883.3,22043.4,24994.1,20830.1,23632.4,20907.3,25526.2,20740.9,20262.1,24394,24739.6,25760.5,22234.8,24997.6,25461.8,23603.9,25324.3,22355,23681.3,19508.8,19780.3,23553.5,23907.3,21145.3,25886.5,23029.8,21118.5,20402.7,23362,19518.5,22998.8,24038.7,25804.3,21343.4,25204.4,20041.2,19613.5,23289.7,19644,24162.8,26053.5,24672.2,24621.9,23818.5,25190.9,20275.8,22147.8,20057.2,25148.3,26026.2,20326.6,20368.4,24571.2,20330.5,23216.6,22002.7,24530.6,26630.8,25965.5,24225.2,25884.2,25577.5,23179,27699.1,21514.7,22206.9,25131.5,26644.5,27088,22898.9,24053.3,23218.2,23049.4,22998.6,23830,22795.6,26167.5,27141.2,24268.7,27161.5,27725.6,23820.7,26331.9,28780.5,28524.4,28865.1,27379.9,26468.5,26805.1,24797.2,25535.3,27277.4,23736.9,22900.4,28794.2,27883.2,28896.1,24646.7,29042.7,27620,23131.9,22895,28066.1,26689.5,25148.6,26119.6,22988.3,24528.8,25160.8,22373.3,21870.5,26440.2,26745.1,21805.1,25504.7,21453.5,24845.4,24456.7,27750.5,24961.3,27307.3,23029.4,20526.5,22268.8,25437.5,22379.9,27938.5,22683.4,23589.7,24122.3,27388.8,27730,25080.6,22514.9,28110.5,28664.9,26922.2,23815.5,28013.6,26809.7,28112.7,26759.8,28495.3,24956.2,28225.6,24908.7,23481.4,24398.9,23493.3,24791.9,26709.4,23376.9,24049.6,25276.7,25154.9,25311.7,22542.7,25323.1,24433.9,28235.3,22739.1,27226.6,27126,24449.6,24956.6,25632.5,26028,27862.1,29873.5,28604.1,24319.5,26489.5,26112.6,26292.7,26700.8,27753.9,26709.8,25861.1,27480.2,23713.7,27488.6,29362,23644.6,27911.8,26312.2,28359.1,28902,24051.5,28489.2,24711.6,28890.6,28443,24002.1,27022.3,27696.5,28180.6,23909.8,28261.5,23346.7,23093.6,25998.1,25531.2,23540.4,27880,28399.5,24665.2,24545.5,23221.4,22730.6,26638.8,25782.2,27315.4,27831.6,22929,24072.7,22402.5,26975.7,28899.4,26888.6,22500,24103.3,25799.6,22650.4,28819.1,25221.6,22685.3,26930.9,23124.9,23394,23640.3,23172,27903.3,24562.8,28186.4,25783.7,28559.6,27124.6,25234.3,24438.4,29164.5,22403.4,27202.2,24433.7,28169.5,28341.1,22276.1,24406.7,23408.9,23297.3,26488.5,23330.1,24889.5,22538.8,21684.1,28133.3,25349.8,24309.7,26760.4,23032.6,27508.4,25847.7,26952,27626.7,24276.9,22676.1,27762.5,28572.9,26870.4,22572.2,27400.2,22198.6,24780.4,28238.1,27093.1,21743.1,23723.3,25582.8,27841.4,28209.5,23309.2,26125,23525.6,28464.5,23281.9,23169.4,29298.4,23347.2,22946.8,27033.8,24838.1,24251,26657.4,25353.9,29611.3,25284.1,23999.8,28525.2,23911.7,26784.3,22639.4,22628.3,23717.4,27217,26500.9,23460.9,24101.5,22127,22257.1,22985,25778.2,25839.9,24411.2,23336.6,23453.3,27609.6,26065.6,26045.1,27484.8,26245.7,21491.1,22488.6,22888.4,20602.3,21631.7,24993,23443.4,24480.4,22423.5,21375.8,23839,23612.5,23981.6,23716.5,21489.7,24070.1,20794.7,20834.3,25304.7,23623.4,21216.3,24369.5,25016.3,26728.1,25192.4,23865.2,22956.4,22597.6,24214,27063.3,24267.1,26948.7,34966.7
31080.8,30710.2,24574.3,20407.3,21561.4,19613.5,21875.5,20712,21653.1,22390.3,22148.3,21368.9,19732.6,19101.5,23414.4,17199.1,17121,19592.4,20703.1,17594,22152.4,18869.9,19997,20144,17396,22151.3,22012.9,22097.1,19134.3,20253.2,21598,23710.4,19228.4,21945.8,21907.7,21117.7,20735.6,18517.2,22724.1,19718.8,22799.1,22473.1,22952.3,18075.2,19466.2,18975.6,21841.9,19568.6,22034.8,17907.1,18003.8,22997.5,20638.2,18345.3,19247.3,21360,19891.9,23307.7,22700,20053.2,21054.5,19363.5,17473.7,22538.1,21570.6,22806.3,23675.9,20557.9,18989.2,20109.6,19740.8,19956.8,19036.5,18670.6,18802.2,20342.5,22705.5,21555.1,18301.9,18406.5,18331.6,21121.4,20414.8,18726.6,19847.6,19073.7,22532.8,22662.8,21355,24271.7,20889.6,19150.7,20066.2,20176.4,18702.8,22114,23794.3,21912.6,23253.7,23397.1,24510.1,19792,20110.2,19295.6,25570.7,23641.1,23068.4,20047.2,20796.6,21457.9,21770.8,23696.9,23845.5,25920.9,24238.4,19807.4,25739.9,25150.3,20196,26166.5,24324.2,21191.9,19896.8,23850,23224.2,25335.3,21506.7,26285.3,25716.9,22041.1,25727.4,23002,22153.2,24659.1,24970.3,21293.3,22292.3,24219.9,20323.1,23661.6,20744.2,22851.5,24054.1,25441.7,23886.8,20552,20125.3,21850.4,24735.3,25219.6,23281,23088.1,20346.8,22760.4,22077.7,22732.5,23797.2,24586.1,24929.6,22754.9,24191.3,26327.8,24463,22451.7,25344.3,22060,25046.4,20524.7,22547.1,22711.9,22839.8,21495.8,23960.4,26375.5,26553.3,21742.7,26337.3,23436.5,23173.2,23382,25444.4,20412.6,21109,22761.3,23370,24147.3,25552,24378.5,24431.7,26396,25268.9,23929.7,22575.5,22613.4,24163.1,25383.8,25551.3,27476.2,25172,26747.6,24534.8,25199.4,25342.4,26541.7,24628.2,24603.8,26823.3,26199.5,23870.7,21516.3,24364.1,22108.4,22890,24044,21199.7,24163.9,21912.9,24691.8,22424.9,23405.8,23379.8,22390.2,25884.5,20744.3,21884.3,22153.8,21719.7,23981.5,21218.8,20782.5,19854.5,24415.4,25383.2,23211.1,25912.3,24020.8,22253.5,25059.4,19944.8,24441.3,22758.1,22047.9,26103.4,25863.9,26306.1,25433.3,25745.1,21786.8,25741.3,24293.5,22038,22826.8,21792.2,23177.9,22258.3,22170.6,26368,25800.3,20524.5,24728.2,22383.2,25007.4,20026.8,21377.4,24723.9,20332.9,22802.6,26853.3,24932.6,20583.3,21739.1,26492.8,23248.4,20683.7,22424.1,23768.9,22444.5,25304.9,25614,25854.3,25222.2,22556.1,21095.5,23781.8,21480.1,25592.7,22606.3,24941.7,25233.2,23033.9,23498.8,21331.3,21180,20284.7,23266.9,25905.3,24002.5,22995.9,22665.7,24170.3,22299.6,24138.4,21422.2,20349.3,22468.7,26041.3,23475.6,23948.2,22153.8,21620.6,21217.7,25814.7,20690,22230.1,24539.9,22250.9,21073.8,20464.8,24062.3,21010.2,22600.1,21582,25273,26020.1,21350,23281.8,26337.8,24401.3,25228.8,20925.1,20865.4,23849.3,22424,26790.3,25026.6,26543.9,24391.5,25519,23272.8,21615.7,19693.6,21775.5,20095.4,23318.2,22202,20669,23860.8,24749.7,23993.1,24055.9,21331.7,21329.2,19066.2,24487.7,23143.5,23268.4,24337.9,18553,20704.2,19097.5,17608.3,22352.8,17403.6,21772.6,20419.2,18999.7,19362,20223.4,22167.1,23764.8,20895.3,18953.8,23553.5,24671.6,18204.4,18844.2,20194.7,22861.1,24293.3,20289,21192.7,27855.6,27587.3,32035.2
33184.9,24912.7,26657.3,19274.8,18247.1,18567.1,21066.1,18796.5,18963.7,20773.6,16653.2,17518.9,18304.2,21576.4,21675.3,17349.6,17256,21621.7,20600.8,21308.7,17980.9,19184.5,18046,21143.9,22123.7,18567.4,18158.8,19921.7,20379.1,16848.4,22009.5,19270.8,19876.6,18406.6,18361.5,23146.1,18705.4,20105,22955.2,17968.5,17877.6,20897.9,16379.4,17145.1,18703,19078.5,20846.3,18632.9,22203.7,18426.2,19442.6,19937.9,16587.3,19337.9,18771.8,17784.2,17652.1,19900.8,18969.4,22120.5,18038.5,19032.3,21148.1,22191.2,17632.9,21215,21641.4,22117.7,19337.4,18917.9,21371.6,17960.4,20322.2,20397.3,17439.4,18211,21830.6,22171.4,17370.9,22169.7,19966.8,21961.8,22603.7,20446.2,17671.9,19068.2,21126.9,18566.9,18606.3,18975.8,20568.3,20265.1,20313.2,21692.8,22743.3,22022.3,20335.9,21012.2,20783.8,20448.7,23891.5,20979.4,20251.6,23748.1,23423.3,23799.1,20546,17991.7,22417,20729.8,19154.7,22167.8,22966.7,24447.4,24575.9,24761.6,20585.2,19334.7,19734.2,18674.9,18370.3,20110.2,18948.3,24156.6,22410.1,22099.1,18503.8,22658.6,22159.3,22554.2,21895,22124.5,23371.1,21312,23661,22606,18342.7,18851.4,21475.4,19243.9,20124.9,18757.1,17938.1,22088,22044.5,20953.5,21613.4,23471.2,20555.2,24025.4,23662.2,18150.1,20175.9,21369.9,22033.4,22296.4,20466.7,20639.2,21502.3,20459.2,19715.5,22667.5,19394.1,22366.5,24285.6,19492,22393.6,19784.2,24112,22116.4,24445.5,19987.3,22394.5,23854.7,21026.8,21480,19275.9,25361.9,22212,20771.4,20026.4,21150.6,19800.4,19396.9,25127.4,23682.8,21067.5,21597.9,19775.9,22324.9,23721.6,21501.5,25204.1,22040.3,22336.1,23896,23158.3,25894.5,23884.4,19942.8,23227.7,23209.2,25174.6,23732.9,20401.4,22955.6,23127.8,19926.7,22971,25876,22763.4,22546.7,23495,21139.7,20248.2,25486.3,23606.3,23640.2,24620.9,21057.3,22129.4,24635.6,21312.5,19885.8,20030,19251.1,20367.9,24865.6,19958.9,22033.4,18697.5,21937.9,23516.4,20293.1,22896.9,23757,19015.8,18859.7,24893.2,19555.6,18707.7,18819.3,20591.6,24521.4,23710.2,25091.9,23658.3,22623.3,23148.3,21892.4,23700.5,21994.5,25011.8,19030.7,20384,23932.2,22392.7,24516,24065.6,21439.9,22668.8,21051.8,23883.9,20446.6,23297.9,25106.4,22055.1,20756.8,19663.5,20866.7,24402.3,21209.5,22454.1,19943,24303.2,23075.9,22424.5,20692.7,22420.9,20374.2,20156.8,23470,20208.3,21646.3,23057.4,22909.4,20582.2,18463.8,21956.4,20745.6,22832,18536.6,24694.5,24682.9,20173.6,22376.7,22455.4,24617.6,19728.7,22329.7,21230.2,23742.9,24083.5,19555.4,24085.7,23798.4,21328.6,19373.9,18821.1,24337.2,22322,24170,21626.7,20017.8,24650.6,22907.6,23221.4,23523.6,20148.5,22746.2,21608.3,20810.9,24727.7,25377.5,20639.2,24247.8,20488.6,19685.6,25491,19171.4,24832.7,18998.3,24993.5,19054.8,22802.2,20942.9,21668.3,22374.8,21097.2,24698.5,18729.4,18420.2,24869.6,21120,23402.5,19888.4,19787.6,23940.9,24221.8,23874,20111.7,21569.8,20583.9,21190,20702.9,22160.9,19933.1,18285.8,18959.9,16369.1,22152.3,16389.6,22087.1,19409.2,17175.4,15904.1,18140.5,16279.5,19883.8,18599.8,17527.8,16757,23209,17178.4,18405.3,20208.6,21193.1,21591.5,19991.5,22258.2,25044.3,21371,24116,32145.4
34256,29763.2,21261.2,19014.1,18535.2,18960.5,17980.1,15670.5,21532.6,17822,17225.6,20264.6,17376.7,15544.1,19661.1,16413.1,17992.4,18798.4,21258.8,20196.1,19674.4,16114.7,16502.5,20897.3,16415.2,18786.6,19271,17176.6,19051.3,17362.1,19079.1,19556.4,19432.8,16222.7,17244,19475.6,15844,16583.5,21589.2,15930.5,15721.4,16836.4,19811.1,18402.1,19345.5,19956.1,17837.9,19788,18670,20300.4,21257.6,19805.7,17559.2,15899.1,20453.1,15608.3,18033.7,19590.7,20126.8,15721.5,21439.5,20677.7,20528.4,18294.4,20189.5,17665.4,15820.1,20733,20461.2,18059.9,15209.8,16566.3,15393.6,18536.7,18321,18415.5,18632.5,16774,15982.1,18259,15649.9,20319.3,21758.6,18817.9,20790.2,16375.2,18777.7,20786.9,20237.5,15911.7,17653.8,21845.7,18953.2,22594.8,17697.7,16446.2,19172.3,20072.4,18715,19874.8,18051.2,23093.4,17286.1,19657.3,18307.4,20491.5,18559.4,17775,22512.4,17523.9,22288.7,21380.1,22859.6,23354.6,20959.7,20559.6,22996.3,18699.9,23337.2,23558.9,21063.7,21623.6,22660.4,20294.7,18815.5,23192.2,18548.1,19027.5,18989.7,23219.7,20951.3,18802.5,20304.1,19581.1,19428.7,18160.3,19510.6,22338.5,17435.9,20525.9,21473.1,17534,18092.7,18007.3,20462.5,20444.5,19470.1,19240.8,21742.4,22722.6,19966.1,19304,17848.4,22174.2,20343.2,21644.6,17705.4,20048,20190,19818.6,23099.7,19006.9,20952.5,22235,22099.6,22968.6,22142.2,21409.9,19477.7,21707.6,18488.4,23609.4,19737.6,20141.3,21151.5,21485.5,23089,21009.9,24280.2,22087.7,18195.4,21432.4,19380.7,20241.3,20490.8,24191.6,18728.8,23924.1,22055.4,20087.8,24068.4,20953.6,21018.7,20799,19947.7,18860.2,19382.2,23660.8,18505.5,24406.1,19704,20876.5,21613.5,23942.4,21272.8,19161.6,23363.7,24487.3,19777.3,23336,22860.9,19106.7,22208.7,20438.2,22196,20609.3,23419.7,18346.5,19835.9,23915.3,19696.3,22034.4,21782.9,22696.2,21401.3,23027.5,19071.4,22842.7,22060.6,23527.3,20888.5,22288.8,21029.2,20588.7,18216.1,19793.9,22289.9,21355.7,18358.9,19141.4,22437.4,21548.9,22700.7,24189.3,18128.5,21815.9,23396,23109.4,20020.7,23870.7,23420.2,21346.7,20543.5,21526.1,21850.9,19534.3,23573.2,21577.8,21511.8,21450,20995.6,21356.9,19278.2,19691.8,21253.7,20187.3,23578.4,20110.1,23072.1,21756.9,22973.4,19518.6,18238.9,18680.2,22401.9,20381.3,20568.5,22513.4,22348.4,19255,19929.3,22276.2,20042.4,17845.6,18849.4,19829.3,20814.4,18388.6,20527.4,20387.6,23410.7,21345.3,19521.1,18777.1,19937.3,17603.1,19583.5,21391.9,22596.4,20232.9,21751,24017.2,20343.6,22323.2,17764.4,19022.5,18843.1,23073.2,22223.4,19991,19034.1,19023.2,20588.5,17747.4,18875.2,23641.8,22050.2,21949.5,23097.8,24002.4,21177.3,23473,24554.1,19312.2,21406,22027.5,24468.3,24131.8,18945.7,18078.1,18861.9,18239.6,23671.1,21794.9,22959.6,24128.9,21090.6,21262.8,22167.6,19183.1,23316.4,20274,20376.8,18485.6,21398,19206.9,19540,23436.5,21048.3,18456.8,20137.1,20834.4,19192.7,20823.2,18151,16811.2,20520.4,15706.4,17823.5,16564.4,18180.4,17791.7,20760.7,18748.4,20037.2,15374.6,17757.8,22001.9,21935.4,19440.6,20946.5,15580.6,15536.4,17949.8,18099.6,17408,22448,19581.4,16986.2,18160.3,19076.6,25879.2,23916.5,34396.5
28993,26342.2,22228.7,18642.4,21567.8,16480.7,20122.8,18584.5,17664.3,15448.7,18679,18075.3,19991.9,15852,18550.3,15066.1,17428.8,18032,19180.9,20214.1,19917,20123.4,16112,17486.5,19737.6,20529.8,20184.2,18295,19816.1,19801.7,21447.8,19725.9,18989.4,18226.9,19868.3,19770.9,17619.6,16378,17808.5,17438.4,19531.4,20145.1,20752.4,20828.9,19157.1,17638,15522.2,19593.7,17443.2,16576.3,20193.9,19676.7,18942.5,17520,16639.9,15619.2,18078.5,18343.3,19388.7,16165.3,20681.7,20051.4,17261.1,14745.2,16365.6,15093,19291.4,17206.8,15392.5,16982.3,19405.3,17757.8,15152.7,15026.3,18543.7,16784,17202.6,16512.7,18341.5,15297.7,18148.4,21071.5,18253,19030.6,21219.9,19569.7,21090.2,20254.3,17289.3,18007.4,20689.2,16958.2,18291.6,20109.4,19965.3,18270.4,22404.3,19647.4,20265.9,20214.3,18785.6,20556.8,19711.1,18860.2,17700.6,21225.8,17420.6,18222.1,16451.5,22788.1,19488.8,17068.2,20836.3,23043,22952.9,19404.1,21922.3,16805.9,21949.2,19500.5,21181,21861,17526.2,17158,18641.9,17192.3,22256.9,22491.7,18293.3,22821.5,21318.1,22374,20379.9,18005.3,21017.9,19699.6,16149.3,21800.8,17314.7,19740.1,22002.4,20256.9,17676.6,17520.3,20695,21973.1,22163,16187,18689.3,21779.3,20009,20490.5,17895.7,19390.6,20931.6,20140.4,19261.4,21771.9,21221.3,18872.9,17420.5,21592,18208.8,22374.4,20961.3,21603.4,20517.6,19381.2,19015.2,23111.1,21260.1,22131.7,19700,19798.6,23729.3,22665.3,22299.5,17499.4,23664.1,22817.3,21756.3,23038.1,19823,19591.1,19258.1,21945.7,19378.9,17846,23005.2,17993,19807.1,19645.8,22837.7,23052.3,22501.5,19764.5,18874.3,23295.3,20106.5,24370.4,22283.8,21949.9,19089.6,22615.8,19377.1,20028.4,22159.3,19751.1,20435.9,24296.7,19265.4,19879.6,22357.6,18357.5,22712.4,18104,22439.6,20991.5,20117.1,23392.3,23117,19122,18682.1,18811.4,19427.7,19864.9,20898.2,20266.9,18977,18884.7,16779.3,20089.4,21350.1,20556.8,17089.3,17446.7,20706.7,20316.4,21327,23463.9,23260.1,20218.8,22308,23571.2,22495.9,19564.9,20406.1,18739.8,19647.2,21632.9,21736.6,17906.2,23228.4,20158.4,19371.8,17923.8,16943.9,22662.6,22929.8,17476.3,19984.8,20430.7,20431.5,22008.1,20869,17555.8,22014.2,23123.9,20936,18182.4,18259.4,19379.6,19027.9,17963.1,18634.4,18327.5,21577.4,17986.6,20518.6,19424.6,20840.3,18776,21666.4,22567.3,18365.9,18136.7,20052.1,21302.1,22649.6,18134.7,22366.1,19984.5,20459.9,21220.4,19226.6,23121.4,23153.4,19873.1,19949.2,20547,16967.5,18156,20914.4,17282.6,17963.2,19297.5,18872.6,22885.4,18523.8,18513.1,16676.3,22822.4,21625.1,17781.6,19120.7,22552.5,18816.3,19171.2,18561.7,17939.2,23756.4,23791.3,22506.4,21204.1,19586.4,19347.3,23464.3,24008.3,20805.7,19133.7,19792.6,18339.9,19266.3,22312.6,23712.4,23662.4,21713.4,21461.2,17502.1,21535.5,18292.2,18998.7,21675.6,19199.7,20689.1,21850.2,21614.4,19172.8,21006.3,19913.6,16349.2,17412.4,20524.5,20542.4,16601.8,20748.4,16935.8,21483.1,20546.8,17009.8,20624.5,19045.4,17325.3,15902,17724.3,19021.6,18510.2,19511.2,20840.8,20861.6,21874.8,21833.5,19657.5,21598.9,19314,16449.1,17264,18840.2,22226.9,16657.9,18046.1,22072.6,27577.7,34710.4
31287.4,26750.4,24837.2,21065.7,22389.8,21049.2,21123.8,19327.5,14773,14697.6,17080.9,16692.3,15431.4,18735.1,19574.8,14581.2,18632.3,16839,20159.7,14901.4,14528.5,15345,17184,17165.7,17281.5,18499.9,20134.5,19422.7,16103.2,20811.9,16556.6,21003.2,18119.4,18101.1,17060.1,20986.3,20826.5,16507.2,19462.7,20286.1,15401.1,17413.3,21013.1,17314.5,19466.4,15008.2,20365.9,18238.3,19217.8,19883.9,15667.3,16071.7,19388.4,14713.7,18065.3,14735.3,16419.4,16126.3,19190.9,14870,19390.4,16486.1,18420.4,14334.9,16280.2,19884,17971.7,16154.7,16939.4,19563,19829.2,14403,19723,19074.4,17354.1,15781.1,20681.2,16433.1,16503,18140.4,17972.4,16872.1,14778.4,14596,16018.2,21137.8,15098.8,14961.2,16849.9,19438.6,21319.2,17901.6,17446.2,18920.8,18213.3,19699.1,20838.2,21074.5,15880.4,20571.1,16943.3,19906.9,21921.6,21490.3,18536.4,18935.5,17810.8,21365.6,21563.5,19320.1,22945.4,18149.4,22647,20946.2,19924.6,19935,22728.1,17645.5,18441.5,19675.4,16534.9,21969.4,19171.6,16337.3,21409.7,17991.4,21834.7,21512.9,22070.2,19023.8,22287.6,23172.5,21436.4,23014,21050.7,17142.8,15583.6,21671.5,20647.7,18246.4,17370,18512.9,16003.8,18595.5,17011.3,16152.7,20477.8,18943.8,18068.9,17470.2,18126.5,16999.1,16572.4,20006.4,14837.7,21674.8,21089,19336.3,18916.9,20057.4,17735.8,17556.6,16384.5,17462.8,20457.1,16307,22688.8,17821.9,20961.3,18508,22331.3,20506.6,19457.7,17707.2,21937.2,17549.8,17871.9,20927.6,18638.8,20321.3,20111.5,17161.3,22450.8,23263.3,19715.6,18368.8,19141.8,19938.2,21911.1,18367.4,19613.3,20751.7,20871.7,19024.3,23388.6,22428.8,18493.8,22561.2,20177.9,18846.4,18623.8,18098.4,20695.4,19302.9,17629.1,23397.9,19525.7,20096.9,21560.3,18053.7,21633.8,19195,19335.8,17398.3,20241.4,23202,17329.5,22596,19295.2,19088.6,17858.1,22296.4,18034.5,22567.3,17017.2,21518.1,20425.5,18707,21944.1,20482.6,22052.9,18701.4,21948.9,21920.1,22098.8,22658,22675.4,19520,21631.1,20621.5,18914.2,19920.4,22516.1,19152,16934.1,18728.6,19746.8,18951.6,22745.4,17835,19998.2,20015,20993.6,21353.5,21333.5,18350.1,22599.4,21403.8,22876.8,20978.8,21664.3,16841.2,18501.8,21411.5,20859.9,20361.1,19568.5,22143,22910.2,18620.7,19352.1,22081.1,21209.7,18802,21858.8,22576,22912.7,19131.4,18721.5,17942.7,16908.1,22447,16732.4,20563.7,19646.1,17601.8,22157.9,19734.1,18395.1,22098.4,19723.3,22209.7,21664.5,17634.4,19862.3,20028.3,22245.8,21048.5,20649.7,18647,17581.2,17791.4,19317.5,17214.3,20397.5,20141.1,16663.1,18199.6,17736.9,19351.7,19324.2,21873.6,22540.3,16822.3,16551.3,17862.7,19862.7,17409,18594.2,20257.5,22219.2,19087.9,21795.1,23672.5,20146.9,18858.2,18016.5,21285.6,22762.9,20454.5,21909.5,17399.9,23120.6,17768.3,21694.9,23078.8,22774,22395,17248.7,16790,19484.1,22759.3,19680.1,21119.7,18522.7,21755.5,19385.1,19250.8,18108,17415.4,21306.5,17315.2,18331.2,16185.1,16299.7,21007.3,17190.6,16283.2,15600.2,19749.5,20151.5,19677.7,17554,14558.5,16279.1,15196.9,16337,19044.4,19255.6,20705.8,20118.3,16769.3,15772.1,19998,15814.1,21940.3,20848.1,16412.2,20714.1,19667.8,23410.4,25448,26560.6,32253
34168.7,26317.5,24510.9,20970,17451.3,17070.3,20868.3,15989.6,18135.4,19832.5,17172.3,14353,19074.3,20239,16943.3,17843,16358.1,17139.9,20218.6,17224.5,19456.3,16822.4,18868.6,14398.4,16223.5,17448.3,16494.6,16957.4,16178.8,16217.9,20777,21254.7,21395,15386,18277.8,15977.3,21166.1,20323.2,15454.8,20585,17055.8,16028.9,18083.1,18705.1,19662.6,14482.2,18369.3,15769.4,15963.1,20296.4,18019,17641.7,17854.7,18536.6,17841.1,20478.6,19483,15387.8,17743.9,20154.1,16072.4,19842.1,14285.7,17833.5,16083.9,20422.3,14927.8,16059.2,14148.6,15443.3,14680.3,18554.9,18267.6,20134.5,15822.3,18950.9,17127,18201.6,15112.7,16051.3,14455.8,15002.6,17143.7,15166.2,16961.7,18694.9,16833.9,15480.6,16128.5,16195.2,19660.4,19334.7,17042,17055.3,20064.5,15815.8,17620,17817.2,18919.6,18551,16325.2,18178.2,21793.8,16202.9,15985.9,16195.8,17050.4,18539.4,19079.8,22016.9,20810.8,19274.8,21141,18902.4,17613.7,16493.1,18861.2,20884.6,17954.6,18638.2,21957.8,16841,17942.1,21565.6,20927.4,16168.2,20607.9,19775.9,22318.2,19488.9,17757.4,19632.1,18312.4,20933.7,20582.9,16990.5,18475.7,16401.2,18111.7,16416.7,16410.3,20024.6,15864.3,15325.2,21225.1,20281.6,18786.6,15349.4,21779.4,21646.8,21811.2,17961.3,19973.4,20362.6,19141.4,20499.1,22032.7,16844.3,20800.3,19143.3,17194.5,16970,17721.5,18842.5,21477.4,20577.9,20553.1,16960.8,16279,17346.3,21394.1,21809.6,22322,23010.5,20092.7,18576.6,22027.2,21758.3,17774.9,19567.4,19551.2,21345.3,19252.3,21585.1,22141.3,18876,18992.4,21303.4,19800.9,16213.3,16303.4,18472.1,20335.5,17564,22992.2,17947.6,21000.9,21865.1,18655.7,18483.4,17150.3,22567.2,23522.4,23313.5,17737.4,21526.2,22961.3,20545.9,23207.8,18025.3,20733.2,19514.4,19811.7,20957.9,19216.6,18865,21109.2,21510.3,17229.1,21298.6,18480,20950.1,16818.5,18794,22070.4,18868.8,20425.2,18755,19282.6,21010.2,19522.8,17071.2,16634.7,18730,18428.1,16278.7,16409,22521.2,19796.8,18200.8,19030.5,21008.7,18782.5,18666.9,20877.6,21873.9,20277.1,20524.5,21308.5,16296.2,17120.3,17475.5,21393.5,17683.3,18688.4,20196.2,19230.4,19017.6,22163.1,18603.5,21048.3,19013.2,17302.7,19935.9,21068.9,22463.8,21248,17508.5,23004.3,20562.7,22194.3,17452.4,22495.7,21426.2,22273.2,19675.9,20724.3,21251.6,19904.1,22701.3,17677.1,18476.1,21654.6,20299.6,18501.2,16389.1,17497.6,20434,19421.6,20649.6,18246.7,20782.5,21977.9,17389,18997,17433.6,17239.5,18206.6,22147.2,21505.6,18695.3,19296.3,20100.6,20779.4,17395.5,17462.1,21665.8,16315.2,20132.9,17715.7,22153.1,21954.8,17275.6,16547.4,16540.3,22661.8,20406.2,17000.3,22236.3,18493.5,17910.4,21727,17948.1,18348,23488.1,21096.2,21192,17266.7,20270.5,20825.3,20273.8,18849.2,17580.9,19473.6,21685.8,19548.9,20011.7,18475.6,22954.2,19556.5,18535.2,21106.5,20218.6,17037,21860.3,19054.7,20368.4,20512.1,20298.4,17680.3,19372.9,16906.4,17674.9,17646.6,17590.6,18662.7,16576.5,17577.7,16184.7,19603.2,14876.3,18442.6,16529.3,16197,17762.4,17998.4,14499.7,17800.3,17757.1,15483.8,16361.5,17703.6,20282.1,20468.4,19629.7,18727,15278.4,18352.4,21448.9,16527.5,21821.8,20390,24098.5,33990.7
29004.6,25728.8,24165.6,21754.4,22716.9,18130.5,20781.6,14960.9,15555.6,14805.4,15946.9,17698.3,14552,17559.5,15715.9,20045.4,14481,20176.2,17164.9,17054.5,16889.5,15686.8,20309.3,18005.9,14704.4,15021.7,19938.3,16379.4,16101.5,20300.1,19593.2,14947,20374.8,17664,15971.2,18260.1,16456.9,16722.9,16203,15866.8,15907.5,17352.8,20178.1,19458.8,16560.1,15062.8,18849.2,15363.9,14656.2,14244.9,19770.8,16486,19607.3,17167.4,18640.2,15360.1,18086.9,18243.3,15855.6,14384.3,15819.7,19381.6,18067,19702.5,15685.9,19553,15569.5,18357,18878.2,18308.2,18665.4,14139.7,16033.1,17514.6,14529.4,20350.1,15879.5,20324.2,19259.3,18695.3,18427.1,20563.7,14384.5,20078.8,18220.4,20575.6,18189.1,21144.3,17785.3,15189.5,15074.4,19964.7,17300.3,16700.8,20393.7,21531.6,19025.9,15752.7,19242.2,20547.8,16338.7,20325.5,16088.5,15847.2,19984,15504.3,17892.7,21821.1,21270.1,16656.8,17871.8,20407.8,18734.6,20060.8,21022.2,21040.4,22480.5,20419.6,17463.3,21117,18663.8,17064,22345.8,19472.5,21836.6,20375.6,19664.3,18324.9,19075.4,21685,21010.9,20752.2,22211.3,17957.8,19018.4,16952,17836.3,15095.6,20025,15780.8,16142.9,19274.1,14959.7,19872.6,19119.1,19981.2,16834.5,20643.5,17382.8,15357.4,16778.5,19669.5,18270.7,17127.8,19350.3,17381,19301.4,17881.1,20591.8,22322.8,17327.3,16461.8,21416.4,20083.1,16972.7,19062.2,19526.9,16476.7,17199,22020.5,18722.9,17937.2,22746.8,18546,19313.9,22565.2,17188.9,20435.3,18846.2,19312.8,20233.8,20513.4,16517.1,21746.8,16628,20187.8,20054.1,19426,21614.4,22078.3,21546.9,19217.5,21301.2,21200.7,18030,19931.3,20700.9,19703.3,23128,22350.2,21889.6,23272.6,17158.8,21651.6,20686.3,17650.9,19583.4,20815.1,23075.8,22220.3,18680.6,23454.4,17615,22560.2,18442.1,19590.9,20668.5,17388.8,21107.8,18928.3,21606.9,17819.3,22051.9,17078.9,21844.8,18102,19882.3,18062.7,18664,17800.3,16858.9,18703.5,17699.1,17425.6,17933.2,18604,17979,16763.2,20289.2,19856.9,17167.3,17892.7,18166.8,17275.3,17647.8,17979.3,16623.1,18842.8,19252,19200.9,19599,17324.1,17153.1,22240.1,17460.5,20021.7,16602,19339,19593.8,20987,16406.2,16928.1,17453.1,17126.9,21856,16896.1,21416.4,18046.1,18417.2,20314.4,19758.9,22331.6,19628,18972,19318.9,17459.7,16436.3,20877.4,22397.1,18549.4,19986.9,21682.5,18448.6,17416.8,21000.9,19485.2,21495.2,19645.7,16359.1,17303.6,18272.7,20982.8,22452.6,19799.7,17361.4,17727.8,21419.9,16431.1,21224.5,19470.3,20144.6,19003.2,22180.8,17365.5,22120.9,18141,16602.2,17115.3,18277.8,20602.7,22171.1,19947,16998.4,18646.3,18312.4,20713,17181.2,17411.2,18424.8,19929,21812.3,21795.9,19304.7,22422.7,17158,23384.5,18260.5,17519.5,21112.3,17136,17119.3,22018,18743.6,18663.1,22562.2,18771.1,16966.9,21192,21282.5,17757.9,22597.4,19729.7,17809.2,18602,21889.1,20830.2,19141.9,19280.1,21419.4,20569,17861.9,16324.8,20329,18218.9,17306.6,15876.8,14935.1,14940.5,15237,20491.9,19948.9,17919.8,15320.6,18361.1,16090.6,19418.6,14790.1,16731.9,17910.6,18061,16340.7,21188,14907.8,14882.3,20278.8,17939.7,15095.7,17508.7,19798.5,21053,23888.2,26150.1,26680.4,33015.6
29619.9,28839.4,23075.4,19633.5,18190.7,19706.2,19909.6,17999.9,14819.4,18993.2,16964.8,18631.1,19233.6,19250.3,17824.8,16743.7,19279.9,19501,16093.3,14974.8,17679.2,18495.8,19288.5,19038.5,14946.5,14111.7,15523.3,18442.6,16923.6,16684.9,19381.1,17595.1,20823,18673.5,19696.2,19502.8,17884.3,19169.3,19729.8,15265,15199.1,17210.1,17300.5,18637.2,15061.7,18912.3,18113.3,18381.3,20206.5,16883.9,16685.5,15602.1,20265.7,19594.4,18958.9,19417,15990,17844.9,18346.2,14731.9,14917.6,19753.5,17979.4,19905.3,16365.1,19878.1,19666.9,20399.3,15945.5,16249,14573.1,18342.7,15966.4,15999.4,16806,16042.9,18285.3,17975.6,14597.9,16430.8,16526.1,16106.3,20186.8,17388,16124.7,14976,20221.7,20905.3,19588.7,16231.6,15667.9,18727,18124.1,16990.5,16522.5,20795.4,19451,21356.4,19904.8,21826,21679.5,21356,16059,15586.3,19152.7,16385.6,17367.1,19890.4,17129,19729.3,17959.8,20463.7,20598.4,20020.8,18640.5,19503,17379.9,17792.2,21438.5,20741.4,18182.1,15776.4,19314.7,15629.1,17326.2,19491.5,21551.7,16655.6,19957,20288.9,20908.7,22096.4,17754.4,21340.4,20698.5,17560.4,17788.5,19835,19341.3,16746.4,16151.2,20955.3,17997.2,17654.1,20410.2,18843.3,21203.5,15280,16140.9,16449.7,16131.6,21115.9,20802.6,16270.8,19645.5,15685,15799.3,20153.6,16087.9,19399.8,20635,20428.1,17081.2,19468.9,17294,19719.3,21670.6,19674.9,17606.5,22096.1,19053.8,22638.5,16574.1,18528.5,20818.1,22187.5,20015.5,21573.4,20812.9,20679.4,18953,20300.6,17446.2,18314,17248.2,20396.6,21867.5,20858.1,20441.6,19821.2,21742.3,16284.8,22494.3,21100.9,21003.1,19346.2,17189.5,22807,21886.6,22010.9,21378.6,21932.3,21851.4,20762.9,17423.6,16861.2,20716.8,22404.6,18886.4,20580.8,22857.4,23288.4,19170.8,20785.4,17372.9,22696.3,18882.1,21873.7,20512.9,20167.7,15924.5,17114,21793.1,20883.1,21479.1,21601.5,21150.3,16332.4,16260.7,19982.6,17034.1,15641.8,17524.4,19918.8,18021,21899,20256,19033.6,17060.7,22416.4,21835.8,16075,19523.4,20279.9,18432.5,17186,17137,18125.3,16023.2,20616.6,16899.8,21807.5,21775.9,20535.8,17586.7,17472,18114.7,20960.9,16360.2,15615.5,15451.2,18503.8,17336.4,20885.3,16991.8,20867,22301.7,22175.3,19370.7,21911.8,20253.4,20331.1,19871,16652.5,20186.1,16624.3,21300,20596.1,19029.2,19725.5,18183.4,20666.8,19580.8,16027.3,21452.7,16202.9,17226.1,21012.3,18795.6,18248.6,20938.8,18942.8,15909.9,20404.3,18097.8,20475.8,19736.9,16972.3,18857.2,21040.7,16089,17912.7,18791.5,20884.2,19598.5,21661.5,19810.1,21767,22256.7,19212,22149.1,19834.5,16040.9,18727.5,18640.8,16716.6,22356.8,19518.2,21221,16907.3,19139.8,21596.2,17966.6,22923.4,21112.6,19428.5,22137,20839.2,21370.5,20270.8,20967.8,22995.7,18508.1,21489.4,18252.8,17495.4,16613.1,22228.9,20330.1,21237.9,21887.3,19776.8,20696,17850.4,18425.2,20135.5,22346.9,20815.1,18058.5,22074.3,18989.9,21695.3,18945.4,18790.9,15636.6,15200.4,16720.6,15656.2,14458.3,20081,18658.2,20169.4,16415.5,18862.5,18654.2,18897.6,16684.5,19378.1,16475.4,18982.3,19340.2,17045.4,17595.2,16886,15152.7,15798.9,19242.6,21843.6,19698.8,22598.4,19928.2,24176.4,26300.2,33016.8
30691.3,28433.7,21560.4,18851.5,17764.3,15672.3,18561.2,15346.2,16425.3,17056.7,14478.3,17977.4,15806.9,19994.2,19090.7,19153.9,16183.6,18196.3,19567,17064.8,16193.3,17087.4,18968.5,14046.3,19917.1,19524.3,15293.5,15116.6,18605.3,18035.5,17451.1,19031.1,17154,16238.2,20421.9,16855.6,16937.8,21071.8,17090.5,20245.2,20004.6,14777.4,15661.5,19206.5,16284.1,16742.2,17699.1,16926.4,14589.4,17500,14182.9,20493.9,17987.7,19822,18934.4,17327.6,18010.7,14534.6,19411.7,14885.5,17069.7,17968.5,16916.6,16348.9,17337.3,15261.8,15546.8,16018.9,17106.5,14554.4,14612.8,14125.3,14704.8,16274.8,17605.3,17542,16418.4,18043.7,19030.4,14114.7,17785.4,17059.3,15170.8,18030,19156.5,14408.7,16760.2,17296.7,18008.5,15569.1,19267.4,15195.2,19169.3,15495.4,19418.3,21471.6,18494,15869.6,20228.8,15549.3,19330.4,16273.3,19457.8,15841,21058,21520.7,20170.3,16402.4,21608.2,21428,20614.5,15823.8,21216.3,18334.1,19543.6,18942,19617.7,19003.6,18583.3,19261.9,20136.2,16089,21147.9,17753.4,18737.5,18355.6,19654,18298.3,21571,16890.1,21284.9,22074.9,20353.9,19341.3,16896.2,21558.7,19891,14936.3,15078.8,19195.8,15289.9,17265.3,16220.9,19520.2,17798.7,20853.3,20248.2,15214.3,15487.1,17173.3,18680.2,20251.2,20265.5,19732.8,17302.1,16669.2,16572.6,15749.3,20677.9,16889,17873.7,19264.1,19581.7,17601.2,21159.1,19408.9,17794.5,16048.3,17971.7,16938.6,21889.9,16389.9,18738.4,19105.2,19020,16545.6,17420.8,19347.3,18006,18266.6,19203.9,16882.3,21701.8,20942.5,18800.2,16687.3,15997,19392.4,20792.5,19732.9,20635.3,20604.8,18482.6,22363.2,22649.3,21234.4,18808.7,21445.2,22014.1,20082,19643.6,17329,22499.5,22971.1,20928.1,18614.5,19784,19948.1,21101.7,21593.7,17660.8,23247.9,20904.3,20021.3,22633.8,17427.7,16213.8,18982.3,20911.9,22035.4,18172.9,19320.9,16138.3,16283.1,19403.2,16654.1,19010.2,18004.9,20020.4,18868.1,16443.7,17184.8,17098.3,21736.9,16151,19514.5,20387.5,21391.5,21822.5,16285.6,18316.4,17790.9,17671.8,17062.1,19041.5,16385.4,21226.2,17779.2,21524.9,20028.6,20662.4,16606.3,17400.1,17352.4,17293,17579.6,20105.8,16295.8,16082.3,21262.8,19682,19391.1,16509.6,19230.8,17823.2,20712.6,21836.8,20916.3,22030.6,19960,21241.7,21780,22649.1,19826,18188.9,20237.1,17631.5,20903.1,18386,19355.9,17880.6,19082.7,21965.4,16246.1,17553.6,20992.7,20193.8,21687.7,16735,21558.4,16193.2,18063.7,17350,21455.9,20873.5,22357.4,16114.6,21612.9,19926.1,22041.2,22075,18380.1,22432.5,22085.2,20883.2,21849.4,21372.7,18208.4,19157.7,20720.2,19721,19487,16289,19457,19140,20254.9,21135,19726.7,16987.1,22173.1,21864.2,22696.7,17455.2,23053.3,20778.2,16950.3,18458.1,19675.2,17756.6,22837,21541.3,17299,20381.6,20135.6,17715.1,17054.7,16956.8,18300.6,19994.2,16553.6,21975.1,16590,17164.1,17807.1,16804.8,17196.9,22481.1,20250.7,19147.2,21358.8,15538.6,16499.8,18260.5,17238.9,19272.6,17908.1,16990.4,20299.9,18579.5,18803,17555,15404,18936.5,18402.1,15730.8,19627.7,17321.9,19766.6,20318.3,17189.2,18314.2,18310.5,14761.8,21294.1,17431.3,16639,17383.3,18164.9,21904.7,16969.1,20400,25521.3,26762.9,34778.2
29960.3,28442.8,23356.6,19700.9,20350.7,21332.7,15424,17914,17152.3,20865.5,17192.5,17464.6,15872.6,15978,16766.3,14163.2,19150.6,19402,16186.8,16479,15246.2,19231.5,20287.5,16861.8,15625,20250.5,18999.1,15356.1,19440.1,19032.3,17432,17675.8,16982.4,15666.1,19846.8,18718.5,18175.2,19594.2,19934.9,14697.4,20790.7,15406.3,15325.6,19282.3,16972.6,16441.9,20531.1,15892.1,15049.3,19621.4,18310.7,20235.9,18818,17365.4,15098.3,14908.1,16920.2,16992.8,15144.9,19027.3,17365.2,15062.1,20391.4,15638.7,17047.3,20309.3,17715.7,17146.9,17734,16626.3,19146.9,19968.7,18364,16179,16769.3,19957.8,20297.6,16740.2,17615.1,20145.2,19641.8,15742.9,16879,20690.7,18599.9,17535.7,16594.5,18928.5,16258,16115.8,17611.8,19088.6,20512.1,15700.1,17249.7,15591,17679.3,17202.2,19337.7,15420.1,21168.4,16300.4,19363.6,17591.1,16488.3,15517,19899.7,20567,16192.5,18303.2,18312.9,18450.4,16591.7,15834.5,17750.8,20074.9,17761.6,20067.6,17463,20126.9,17578.6,16512.1,15704.6,17802,18316.1,18351.1,17489.6,21617.7,20406.5,16332,22294.4,16157.1,16734.8,17619.6,20415.9,16831.4,17815.8,20599.9,19000.6,18958.2,16215.9,20629.3,16164,16015.3,20955.1,18090.2,16877.5,21247.4,21475.4,15571.3,17316.1,15751.2,20796.3,16128.7,17624.3,20028.2,19864.8,19735.7,21646.4,15888.4,17330.9,21146.8,19211.5,21761.1,19371.6,19733.6,19368.4,20704.6,22168,17576.2,22036.2,18172.5,19422.4,20862.8,17268.4,17032.9,16555,19837.6,21179.3,18407.5,16662.8,21908.2,18600.6,19280.1,19902.7,21277.2,20736.7,15785.8,16290.1,16395.5,15837.6,20397.1,19037.8,18875.1,18923.5,18042.7,20375.2,18340.8,19461.8,19461.7,18557.4,17406.6,22646,20041,19517.3,18820.3,20902.7,16689.6,16794.3,21201.2,21231.1,18626.7,21616.8,19199.8,21969.3,20368.9,17220.6,17927.1,16613,18681.1,19690.8,17075.8,18910.1,16811.3,16123.6,17516.3,15773.3,19627.2,16395.7,18308,19026.4,20193.5,22074.8,21286,19427.5,17859.7,19890.4,19555,18771.2,21295.8,20224.5,19392.9,15957.2,22194.7,16025.1,19675.2,20483.9,16043.1,17622.4,16446.6,19941,16763.4,18331.2,17307.3,18303.4,15663.3,18195.3,15566.2,15925.6,20039.2,19006.3,20004.5,17710,16746.5,21141.7,22331.3,22748.8,22399.8,18755.3,20199.6,20941.4,18810.1,20472.5,21628,20031.9,19524.8,22495.9,16683.5,17156,19980.6,21241.9,21784.8,19642.8,18530.7,18636.9,18472.1,16113.1,21765.1,16034.3,21772.6,18644.9,15853,17079,21691.6,17697.3,18195.4,20934.9,17938.9,21548.2,21595,15861.8,17496.8,22364.2,18081.9,21491.3,21368.6,18175.4,18646.2,17981.8,21750.5,16576.2,16982.2,19316.2,15706,20282.2,17950.2,19874.2,22346.4,21010,16740.8,17753.8,19663.4,20304.5,22848.1,18327.6,22070.1,16885.6,21222.4,17725.2,22684.9,20077,21450.6,18143.4,17387.1,16734.6,23199.8,18210.9,20999.2,16861.2,17170.1,16393.5,16620.6,16860.9,22050.8,22339.1,19181.9,21118.3,20426.1,18783,18774,21178.3,15823,20077.6,16307.3,19738.3,17321.2,18933.6,17191.8,16236.5,17810.1,18245.7,18906.9,6209.5,17646.7,20330.3,14429.6,14781.1,20129.2,15056.7,19239.4,17788.7,19196.6,15964.7,15568.8,15089.2,19996.7,16401.1,19215.3,20460,22196.9,21887.4,23682.4,29118.6,29491
33021.4,24245.6,25272.4,22634,19870.7,16159.4,17818.3,17381.3,16567.4,20330.9,19497.4,16947.4,14066.4,15773.4,14838.7,17285.9,16132.3,14450.2,14117,16799.5,17986.5,14038.7,20151.5,19513.1,14399.8,15034.1,20458.9,19116.1,19425.3,15195.9,16255.4,19343.6,18284,20444.2,17141.6,16918.5,17392.4,15841.8,19482.8,17360.3,17766.2,18437.5,20404.8,14931.4,15147.8,17136.9,19330,14974.5,20238.6,19459.3,20557.5,19973.5,14816,19511.4,16972.4,16251.9,15777.3,19193.9,19453.4,20496.3,17349.4,20121.5,18793.3,17567.6,15569.9,18239.4,17216,17968.9,20315,15289,17971.4,18904.7,19700.5,15362.6,14314.6,18911,19715.2,18250.7,16766.1,16863.9,15095.9,14892.6,16545.9,18374.1,18559.3,18366.7,18496.4,20585.4,17676.1,16789.5,17120.7,15212.5,15464.1,19415.8,15649.2,15393,20936.5,20803.7,18217.1,16974.3,21538.7,16352,21862.8,15971.4,15094.8,21708.2,16132.7,21795.8,21263.9,15807.9,21157.6,20014.2,21584.1,18103.1,18347.4,20640.4,17322.6,15768.9,15997,19236,17523.1,19713.7,17095.2,16103.3,16771.7,16039.4,18304.1,17556.2,20209.7,20025.2,19204.3,17848.3,16903.5,17285.6,20245.2,21248.7,15084.1,16931.5,15583.6,15292.1,15299.8,18019,15889.6,18606.7,18224.8,19922.1,17702.2,16298.1,19812.2,19902.7,16137.8,17381.4,18571.4,20316.9,14135.4,18230.2,19927.4,17435.2,17625.8,17044,17079.6,19600.4,21872.2,19148.4,16126.9,16706,20320.5,17333.5,18697,20402.7,20070,21025.4,17610.5,16266.2,20417.3,20816.6,18860.6,22316.8,21684.5,16794,16821.4,22246.5,16643,19116.8,21930.4,16580.2,21332.6,19090.7,20191.3,18658.9,16744.2,20776.9,21747.3,18825.1,20610.3,20625,21147.6,19654.1,18008.4,17050.2,18722.4,20707.2,18688.3,21297.4,17336.8,18941.9,22610.4,17737.5,17525.7,20060,20553.2,17543.9,22435,16818.2,17464.3,17291.9,17504,22219.3,21684.9,16685.9,16866.4,21211.7,17924.2,18762.9,20624.5,18331,21848.2,20907.6,16523,21038.1,19175.4,21918.6,19488.2,17948,19892.8,18645.9,19625.4,18149.4,20498,21683.4,17105.4,17415.8,19483.3,16859.7,19110.5,22191.2,19113.6,20571.9,16105.8,20380.4,16195.9,18859.1,22178,16635.1,16395.7,19848.1,19545.4,16312.2,16846,20988.6,19104.3,18430.2,15940.2,21502.6,17379.8,22442.9,19036.3,18684.3,22207.5,17746.8,17334.5,17649.5,15974.7,22631.2,22255.9,18403.8,20505.4,20774.3,22094.5,21277,18381.8,21812.8,20798.3,16571.8,21323.7,19662.5,18005.1,21938.3,18679.8,15923.2,17953.1,21367.3,18178,17988.7,17246.9,22410.5,22093.1,21042.9,21519.8,17197.5,16195.4,19708,17800,21468.7,15852.1,18296.3,17415.9,17847.1,18096.2,17440.3,20433.1,16230.6,19983.9,18488.2,19731.2,16893.2,21265.6,21012.4,20083.2,22681.2,19379.2,19167,18315.7,19635.9,18641.8,16887.9,18755.4,22414.9,19724.6,19141,17228.5,19585.2,18035.4,17154.8,17979.1,20653.5,18621.9,22340.5,16740.5,19814.7,16648.1,16983.6,18831.8,18943,17649.2,22331.4,16525.9,19583.7,18377.2,21446.2,15576.8,21663.8,15565.3,21268.8,16771,18295.2,15501.6,19740.4,20956.3,18414.9,20325,19389.1,15286.6,19779.9,15500.9,20887.6,18035.7,17955,15608.6,20792.8,20882.6,16368,21075,21510.2,15227.1,20649.7,21296.7,20235.4,15885.7,19874,18570.2,20679.1,29713,28733.8
31068.7,23375,23940,19877.2,20498.8,20259.3,17376.7,17758.1,17863.3,15985.1,20242.3,19943.2,18886.9,17946,20230.4,19774.9,14503.9,16837.5,19410.4,14838.9,19491.9,16649.4,16874.2,18109,19564,17878.7,18819.5,19825.8,15517.9,15145.4,17077.1,20926.1,18832.2,15753.6,16817.1,15608,18896.2,17169.8,16492.7,15989.2,17495.4,14776.6,18765.9,18629.2,14435.5,18164.5,17886,20657.5,14874.2,18427.5,16073.3,16921.1,14262,16037.8,15821.1,15171.6,20434.1,14561.5,16703.1,18359.8,18720.7,17963.2,15084.1,14331.2,15049.2,15795,16907.8,18986.8,20750.9,20748.7,17811.8,15174.6,16838.4,16424.3,16638,15045.3,20355.9,16713.3,16418.6,20538.4,15983.8,20537.8,17526.4,20702.4,15899.9,15881.9,16538.5,20952.3,21348.1,15516.4,14958,18906.5,20817.8,21552.8,17104.2,19909.3,21020.7,20765.2,17910.3,16185.7,21335.8,15637.8,21759.4,15587,18275.2,15954.8,18394.3,20770.5,21094.6,19960.2,20278,15923,16945.2,20793.2,16041.9,19363.7,20591.9,17732.2,19154.9,20417.6,21505.9,16638.9,19948.4,19926.5,17159.4,18519.6,20350,16294,18819.6,18421.7,21752.8,16550.9,17430.5,21309.9,16032.5,16968.2,15683.2,20515.1,20933.4,16261.1,20393.3,14731.5,19624.2,18866.1,19388.6,15170.7,18488.7,18649.4,20545.2,19231.3,21486.6,18092.5,20205.4,15582.1,16564.7,15251.2,19052.8,20832.2,18273.7,19020.6,21635.7,16264.4,16901.5,21281.4,20731.1,16560.1,19538.5,16600.5,15948.9,20193.9,21117.6,17739,17499.5,18963.1,17181.1,20813,18147.1,21706.2,16431.1,16427.6,22101,19617.2,17690.7,18056.1,16984.8,19439.3,15789.6,20721.5,19985.2,19882.7,17609.7,16439.4,18199.5,16886,16817.3,20344.2,21237.9,18642.1,20613.8,17793.9,22795.4,17321.7,16627,22655.4,19891.5,18586.4,16651.3,18046.5,16626.2,17838.4,18303.7,21031.4,20464.5,21968.3,17981,22348.7,19602,20851.8,17087.4,21511.8,18406.2,16667.3,21444.8,17058.9,20736.7,17738.3,16230.1,19060.1,18200,18336.9,16489.1,15655.2,22050.7,20282.2,18383.7,18181.6,20171.8,21988.6,17691.5,18502.5,16469.3,20657.8,21649,20661.2,17556.5,16749.1,15785.7,19837.7,17110.3,17634,21361.4,21253.2,19013.8,18104.1,18812.1,19603.6,16447.9,20428.8,17161.7,20107.6,17347.4,21489.5,17614.6,19726.6,19052.1,17232.9,21342.4,21261.7,20644.3,22034.3,21467.1,18861.6,16058.4,18683.8,18534.4,16226.4,20317.9,19010.7,17700.6,17152.7,19987.5,17156.6,18093.5,15890,17230.1,15551,16573.2,18416.5,17950.8,16988,21736.7,16356.1,16397.1,18143,15742.5,16902.1,18289.5,21412.2,17402.6,19194,22079.3,16454.1,18098.9,19858.2,16111.6,17571.5,19573.9,17597.3,18910.8,16885,21787.2,22395.5,18686.3,17620.5,16736.2,16421.7,18637.1,20979.4,19887.7,19925.5,22403.7,18484.9,18674.8,20441.8,20560.2,18485.9,17663.8,23105.8,21775.8,17994.5,19242.9,17843.6,20436,20729,18579.2,22954.8,16855.1,22162.3,20287.7,22359.4,18876.7,21569,20325.5,16725.5,22549.3,18301.8,19087.1,17615.6,20918.5,16199.7,17424.7,18794.1,20431.1,16733.5,15936.6,18419.3,16422.4,15099.2,15194.8,16480.8,17071.2,17979.8,15609,20126,20685.9,15549,19680.2,18417.5,17228.3,21488.3,19416.6,18022.2,17605.9,20868.8,18842.8,17655.2,15747.6,15482.3,17702.4,22820,20435.1,25579.9,28624.5,34458
34369.1,26990.1,25071.1,19748.4,17074.1,17321.7,20187.2,16387.1,17031.8,17877.7,14695.5,18119.5,15568.8,14083,14012.1,14604.6,17171.4,19763.4,16910.7,17862.8,15372.3,17276.9,18533.9,18901,20051.3,16515.9,18210.3,15114.7,17763.6,18704.6,18318.9,16538.2,16196.5,18099.5,18403.9,18754.6,18754.4,19874.6,18993.7,20651.4,16609,16934.2,18285.4,14786,18725.6,15177.4,17296.5,19327.4,17719.3,15017.6,17361.2,19646.4,15467.8,17665.7,18252.5,15634.8,18399,18264.1,16748.1,17842.4,15027.8,17581.4,19227.9,19743.3,18141.2,18922.6,20038.9,18399.5,20308.5,19685.8,19523.6,17855.1,19638.1,16322.4,18723,16607.7,20504.8,16962.9,18347,17103.1,18529.5,16537.6,20051,19500.5,20622,16049.7,16517.1,17248,20560.6,20220.5,20915,21089.2,20359.7,17015.5,17859.3,20975,21108.6,15734.2,18707.8,20926.3,18544.7,16129.8,20120.4,16747.4,20092.5,17102.4,16385.8,17394.8,21330.5,18498.5,16829,20816.8,17230.9,19585.8,19849,19483.2,18750.2,16105.6,17898.6,20404.2,19100.1,17146.2,18274.6,19549.9,15814,19550,16317,20276.9,21390.2,15726.4,17590.3,21233,22545,16885.7,21076.8,16710.7,15518.5,15773.5,14987.2,19477.9,15684.7,16092.9,17584.8,18620.8,20817.9,15087.6,20442.6,16908,19518,21293.3,15709.8,20520.9,21229.4,16825,15264,15896.6,21051.6,20032.1,20337.4,20695.8,17440.3,19439,17048.2,19272.3,16151.6,20710.2,21578.2,16734.1,17888.9,18730.6,17836.6,18184.6,18411.7,16112.6,19034.2,21759.4,16594.2,22248.1,16821.8,16556.8,18122.7,18550.8,22193,18874.7,21221.6,19016.5,20029,21969.2,15644,16982.9,17577.1,21081.3,16823.4,18437.2,22217.2,20882.4,17728.8,20851.6,16435.4,20694.3,21207.5,18319.8,22626.5,17803.7,18772.4,21550.4,22057.4,17353.4,21847.5,17885.5,20933.6,16841.7,22081.4,19295.2,16866.7,18497.9,22408.4,20804.6,19734.9,15877.2,20111.2,16733.1,17764.2,17195.6,17783.8,22176.4,20051.1,17982,19844.4,17771.8,20809.4,20683.7,20674.4,19288.9,19001.5,18379.4,16543.7,17493.8,16264.9,21621.3,16871.7,18091.6,16168.5,16784.8,20342,19947.7,17175,16749.4,15752.7,21470.6,19780.1,16537.7,17821.9,21805.4,19935.4,20165.9,16925.7,21288.5,20354.7,22153.1,19746.8,19162.1,20674.6,22094.6,20528.3,19226.9,21568.2,19684.6,20388.3,22430.9,16691.6,21242.1,16800.9,18331.5,22248.2,16491.2,19517.3,21769.5,21221.8,21470.7,19579,18256.4,19021,19085.4,17175.4,16951.9,22146.7,17628,20116.9,21493.7,20682.5,18370.3,21697.3,19281.8,18460.2,21034.5,16405.6,16033.2,15707.6,17687.9,19496.4,16938,21786.7,22479.8,17875.7,21377.3,20135.2,18604,21265.4,18779.6,20762.8,16196.1,17955.6,18614.9,16301,18566.5,22674.5,19072.9,16990.2,20628.2,23074.9,21388.1,17588.2,20597.5,17985.1,21416.2,21337.9,23152.8,17871.8,16658.5,16560.6,23287.2,20505,16801.6,16601.9,18040.2,19615.2,19385.2,19405.3,22754.7,21775.6,22529.5,16671.9,16646.2,17257,20688.1,17042.9,20822.5,22305.2,20405.3,17737.4,19203.6,20783.9,17016,19940.7,20722.6,21623.6,16908.2,17539.2,19045.2,14582.6,19651.5,19269.6,14552.4,18362.3,16408.3,20531.2,19021.7,19631.5,19638.5,20436.5,17404.7,15613.2,18178.4,15582.9,17348.1,21458.6,15747.8,20190.8,17514.8,20683.4,22988.8,26820.8,30018.8
29782.4,25260.6,26240.2,20445.1,17358.3,21313.9,20943.3,18756.7,16984,15063.6,16396.7,15102.4,14308.2,14282.4,20145.2,18000.8,16488.7,15716.8,17771.2,17607.2,18534.2,18039.8,20148.7,17328.4,19508.2,15977.4,19151.5,15632.9,16462.1,20054,17959.9,19567.6,21030.7,14992,15836,16204,17226.6,20308.8,18284.5,18014.4,14860.7,18554.3,20734.9,20728.8,19339,20488.7,17579.5,17247,18616.6,17667.4,20335.6,19054.2,16535.6,20222.7,17311.9,18262.6,20667.6,17304.5,19651.1,17193,16392.7,17216.2,17973.9,20228.3,20261.9,17140.8,20538.1,19761.9,18385.6,20632.4,19601.4,17431.9,15096.2,16583.2,18609.5,20045.6,16406,19588.8,19798.4,14395,18694.4,19329.2,15464.1,17922.2,19593.8,18172.3,19698.7,18975.1,19776.2,14823.9,16042,16163.6,20874.9,18239,16241.4,20505.7,18113.5,20741.1,19672.4,19686.6,15254.4,20391.8,20554.3,18929.4,18193.4,20679.7,20178,21701.2,20677.2,16235.7,20324.2,19289.2,20055.1,15703.7,17982.5,21841,17673,18845.6,15802,16118.7,19443.7,21863.6,18095.8,18345.8,16742,16247.8,19981.9,16762.7,19713.3,18495.8,16802.1,21362.1,19513.2,17102.9,16918.3,18340.9,20566.7,19556,18555.8,18526.6,20955.6,17392,16458.8,17555,18793,17113.5,15037.3,20079,18774.5,16259.9,17012,15587,15924.9,16704.3,15506.2,20280.3,18580.6,19483.2,18356.1,17149.4,18901.9,17765.1,18297.2,15928,16654.6,19120.1,16848,16968.7,17944.2,20244.4,20195.1,16089.5,18386.6,18558.7,17233.6,21597.4,17159.5,22428.5,18830.9,21133.5,17316.3,18779.9,20287.1,20585,21728,19194.6,17294.5,21177.7,20331.2,16150.8,16872,17862.5,21919.5,18109,20967.5,20135.9,22802.1,17217.6,16775,22109.6,18069.3,21233.5,21889.5,20170.9,18401.7,16801.7,16568.1,17373.8,21508.2,17537.5,18481.2,17123.1,19606.9,21923.8,19823.1,17838.3,21806.5,18993.7,16414.1,16634.3,20257.1,19349.8,21036.3,16691.6,15694,18214.3,17598.9,17755.9,19236.6,16904.2,20925.5,20553.2,21338.1,15949.4,21827.1,18964.5,19699.1,18654.5,17543.8,19512.6,17523.4,17186.1,17303.1,18221.2,21977.2,16670.5,19911.6,16046.2,18738.1,17844.6,21952.4,17484.9,17000.9,18122.9,19196.5,21265.6,17648.2,22201.1,16913.6,16993.7,18861.3,18841.2,20819.1,17313.6,17974.8,21370.7,17679.8,17629.6,18527.4,21327,21966.5,17197.1,16362.9,16308.5,17304,20791,20515.3,17989.5,20693.5,20422.2,20653.6,18111.7,17494.9,16152.6,19400.4,16061.2,17140.3,20345.9,20742.1,17819.1,18105.6,19285.2,20886.7,15912.7,15783.8,20923.1,17430,18212.2,20780.7,19015.8,18509.8,21142.7,17400.8,18569.2,20605.6,17054.9,22278.2,19760.4,20049,18564.6,19308.3,18175.3,20458.3,17932.2,18894.1,16200.6,21958.5,21533.7,19681.2,18234.7,19032.3,19588.4,18736.3,16766.1,22586.9,18193.6,20208.2,16916.8,22869.2,21995.8,21896,21311.6,18652.9,21919.6,20500.3,16843.6,19317.6,17041.3,23036.8,18282.3,18753.3,20544.4,18151.8,18372,17151.4,19981.1,19958.2,16437.9,18668.7,17275.4,21250.7,17984.5,15598,21667.8,17402.1,18019.5,18983.2,16934,16159.5,15628,20506.3,19249.2,17234.2,18842.2,16037.4,19362.2,15565,15428,15844.1,21278,21171.8,21423.4,16675.6,20800,17678,17782.6,15957.6,17831,16596.6,22119.1,21066.4,24017.4,26545.7,31170.4
31512.5,27159.1,21762.8,21353,20389.3,19108.3,20196.6,16584.2,20022.3,14468.6,19874.4,16239.6,14866.8,18160.8,15981.2,15894,18134.1,14849,15327.3,17415.3,14401.9,15675.5,17437.6,14196.9,20500,16633.6,19553.4,18701,15908.6,18994.9,20821.5,20163.7,21077.7,15607.2,18747.6,17320.2,17944.2,20864.6,20305.9,20528.5,17929.2,19593.9,15214.7,16216.2,19448.7,16051,16075.6,19560.2,16442.2,18637.2,19333.9,17817.7,15305.4,15813.5,20468.2,15352.2,15331.2,19633.1,14844.7,19427.9,16794.2,19502.8,17474.7,16560.2,16779.8,19098.3,20928.6,15384.5,19422,20899.3,16666.8,19250.6,19438.9,18185.7,19165,16874.9,15472.6,19858.4,15788.7,14245.8,17602,15535.4,15156,15803.7,16178.8,17190.5,19034.6,17225,17577.7,21163.8,18409.7,17548.5,15964.5,20131.2,20378.6,18626.7,20911.9,18036.3,19734.4,19145.9,18698.3,19408.9,20236.6,16951.9,16066.3,19244.9,20195.8,17532.8,18681.3,20098.4,17637.5,22201.5,18478.4,17521.9,16316.9,19209.9,16086.8,21698.4,20408.4,16387.1,20309.7,21076.3,18219.7,16280.3,18606.8,15915.3,19006,16235.9,17254,18902.3,21085.3,20482.5,21703.2,19839.8,17878.9,20426.5,16573.8,18941.8,15320.6,18332.6,17052.1,17136.1,20749.7,17689.7,20882.4,19762.9,18268.3,17107.1,20239.9,18605.3,21540.3,16317.1,20726.4,21070.4,19067.6,20552.4,19698.9,17023.4,15965.8,21090.7,19516.1,19238,15739.4,16689.8,17213.6,16064.1,21494.7,16372.5,19555.9,17402.5,16506.4,20843.5,20152.2,20493.4,20636,16093.9,17076,17821,22122.9,19403.2,20245.3,20555.2,17194.4,17874.9,21188,19633.7,17285.7,18937.8,16403.2,19377.1,19407.1,21379.6,17720.7,16729,21567.2,20702.6,20485.3,18438.7,17502.8,22863.7,21840,19173.5,20684.2,19349.8,17131.3,21840.1,20025,17734.3,16411.3,22369.7,17687.6,19395,21219.1,21684.7,17019.4,20277.7,17752.7,20623,20482.7,17060.8,18990.2,19154.1,16717.7,18463.9,18878.1,16277.2,19880.5,16157.5,19910.6,16732.7,20182.8,19535.6,21463.3,17844.6,20075.5,19643.7,16079.7,20443,20414.5,20119.5,17987.1,19468.4,19548.2,20116.1,16713.7,21039.1,19003.4,16691.7,17851.4,19717.7,20593.1,20729.7,19924,17077.8,21516.2,22009.4,21604.4,19758,17192.4,20491.4,21690.2,19250.3,21111.5,21735.7,19606.2,18655.4,17749,21660.9,19875.3,19063.2,19401,17470.1,17029,16687.4,20035.6,18223.3,18494.8,18854.2,21919.2,19996,17882,17079.1,19207.2,20072.5,21874.3,16023,18589.8,19310.9,21351.7,16216.9,15812.3,18087.3,21266.3,22276,18377.1,17940,17094.1,22236.8,16113.2,20683.4,15902.5,17806.7,20243.5,19612.8,22331.3,18967.4,21031.7,20376.5,20569.4,16824.3,16591.4,16992.4,22591.2,19493.5,16610.7,22268.9,22095.9,21977.8,22392.3,21156.6,18234.3,20663.8,21246.9,21263.8,19599.3,19292.6,21945.9,21424.5,22326.3,23361.2,19190.4,18877.4,21505.1,18102.3,22321.6,16844.6,22951,20838.4,19104.2,20530.1,20344.4,17374.2,19606.9,20869.3,20579.4,17748.6,20664.2,17305.4,20823.2,21113.8,17455,15662.3,20258,16350.3,16804.4,15351.2,17285.9,18145.6,15054.3,16977.7,19141.6,15433.4,14914.5,20674.6,15685.6,18120.7,16659.1,18143.6,17542.2,19961.5,21328.5,21880.3,17107.2,21963,20479.9,16072.7,16901.5,15821.6,18977,17182.3,22188.1,26202.6,26952.9,33110.3
31597.8,26905.1,22490.9,24583.1,20895.1,21599.7,17309.3,19082.1,17836.5,15819.6,17827.1,15958.5,19966.7,18777.2,14284.6,14144.6,14880,15262.6,16120.8,19213.3,15878.9,19100.8,15674.5,19929.5,17726.9,17099.8,17725.2,20585.9,20614.7,19796.7,19876.5,17855.6,16205.1,21509.8,20836.2,15535.8,15489.5,17387.7,17001,20538,17060.2,18795.6,15381.9,18055.3,17682.2,15201.3,19133.1,19634.8,18236.7,18923.3,20114.5,18830,14605,18936.2,18500.7,19834.8,19947.8,18547.3,16526.2,17060.1,14888.8,15428.6,20051,15579.5,16731,20223.1,18360.2,18814.7,16063.3,16946.5,16463.2,19097.8,19257.9,15329,16036.5,19331.1,16588.5,19545.9,16553.1,14755,14380.2,15003.8,15855.4,15129.9,15130.8,16156.3,19853.5,16356.9,20531.1,21475.8,18790.1,16296.3,19325.7,21261.9,17925.8,20521.5,18437.1,18376.5,20734.8,16525.9,16734.8,17189.7,15932,15828.4,19480.7,20700.1,16958.1,18637.2,18462.5,21033.4,20614.3,16750.9,22445.7,18190.1,18509.3,21995,19300.3,20294,20539,18488.4,19902,21552.6,19195.4,15532.7,18729.1,21288,18608.9,18230,16165.6,22335.3,20750,22283.5,19600.5,20988.6,21204.5,18915,16231.9,17159.1,17519.5,17018.2,18253.8,14794.2,15781.3,17838.5,15853.2,19364.1,17938.2,16444.9,15189,19387.7,17652.8,17129.8,17397.7,17106,15277.5,18725.1,18858,17567.4,16735.2,17021.1,18008.2,15824.6,19565.6,16636.4,18111,20784.1,17166,19095.4,18683.9,21679.5,17128.8,16113.9,18809.8,20846,17931.7,19808.8,22123.6,18755.2,16208.2,18174.8,17978.5,20965.1,19987.9,21987.4,17215.9,21847.9,20896.6,20258.6,20172.2,22004.5,19832.2,19474.6,17393.3,18410.2,19908.3,18442.1,20074.7,19492.6,20251.4,17318.5,21532.3,17465.4,21055.9,21220.9,22858,20408.2,20755.9,18515.5,19223.8,21870.1,19984.8,17515.8,19554.6,21754.5,20806.3,21185.5,21396.5,21202.8,17085.7,19845.8,15524.1,19793.2,20419.9,16247.6,19253.9,16852.7,20682.7,19093.7,16675.4,17292.2,19442.2,15679,21935.5,19961.7,18203.8,21290.5,18450.3,21502.9,22233.6,20180.7,16727.5,21163.5,20817.7,16712.4,21680.7,19062.2,21109.8,19227.7,20493.7,19152.8,19575.6,19069,21740.6,21930.9,18873.5,21999.2,20241.4,20874.4,21967.9,16413.5,15547.5,20250.3,17733.8,16468.3,17482.7,18115.2,22662.7,17814.4,22771.6,17589.8,21190.5,19965.6,17611.3,21800.6,19276.9,18727.9,19141.8,17957.8,20419.2,20761.6,19935.6,16417,19716.8,22003.6,21555.1,16783,19859,17785,19859,17077.4,19249.4,16486.1,17277.4,16764,19354.4,17208.7,17197.4,18800.3,22159,18828.2,15826.1,22555.1,20070.9,16683.5,20334.2,17704.5,18198.8,20796.4,16400.2,18772,20909,22281.3,19753.6,16146.3,20275,16392.6,18391.8,17151.2,17599.5,21411.9,20365.2,17276.3,18996,17726,21659,19649.3,20404.1,23399.3,17129.3,22780.7,20959.8,21008.3,17921.2,20809.9,18084.4,18379.7,17345.6,23380.2,23201.9,19875.1,23133.9,18468.2,19764.6,17811.6,17566.5,20267.1,22726.4,17446.9,19152.8,17875.9,16763.2,19315.1,21632.8,15877.7,18316.6,19153.5,19717,18270.8,17539.4,19776.2,16931.7,16753.8,15007.6,20682,17283.5,19766,18340.2,19709.1,16953.8,16042.5,17764.2,20503.7,17144.2,20626.8,18703.6,20145,19514.7,16629.5,21041.8,18692.2,18855.6,23706.6,27123.5,31418.9
33978.8,27567.4,23139.8,20514.3,19978.2,17438.2,19391.7,19568.6,18458.2,16982,17679.6,17369.4,14731.3,15473.2,19732.1,16883.3,18719.5,17975.7,18548.4,20634.4,19887.3,18271.1,19401.9,15422.1,14682.9,18054.8,15903.6,16050,19001.6,18198.5,18947.2,16309.1,17632.1,17949,16848.4,17690,20311.6,16098.6,19600.1,20418.5,18819,16522.1,16166.3,19915,15885.5,17111.6,20947.4,19901,16434.2,19078.4,18426.7,21111.4,17860.9,14773.7,15702.8,17490.8,17283.2,16748.2,18881.2,20300.9,16121.6,14627.3,15490.1,15715.9,18405.6,18264.8,20655.9,18992.5,15222.4,20364.7,16266.4,15108.7,18886.8,18319.5,17536.5,20800.3,20887.8,17376,20037.1,14444.3,19556.1,15439.4,17609.8,15807.3,16865.1,19262.2,17278.6,17905.4,21331.4,15070.5,20492.3,16997.4,16400.7,20789.3,16953.4,18035.2,21561.4,20856.7,18374.1,17425.1,20042.1,15224.2,17943.9,17484.8,21743.8,21612.6,21388.9,21854.3,20377.2,20659.6,21488,16387.5,21493.1,17732.7,19932.2,21376.4,17052.4,17383.4,16046.9,16114.1,20931.9,19190,18628.7,15963.3,16965,18199.5,19335.2,19331,20122.3,19694.5,16963,21305.4,17172.8,19838,17844.8,18666,16965.1,19290,15480.4,18496.7,20222.7,16385,20583.2,19564,19288.9,19215.5,20401.2,21111,20563,19496.1,20310.4,18473.6,21126.7,17978.7,15848.6,19164.3,21952.4,21772.7,20653.5,20852.9,15717.9,16710.6,18021.3,17980.3,21327.8,21697,16677.4,17014.3,20767.7,18591.7,20836.1,21694.7,20882.2,16620.7,18013.9,16236,17115.7,17624,21376.3,17438.7,17256.9,16162,21533.4,19850.5,19513.5,18583.5,18961.8,17209.7,17545.7,19598.6,19915.1,15530,15774.7,21770.9,20558.1,21420.9,20876.9,18394.7,22704.8,17816,22262.6,21995.5,22774.1,20155.5,19254.1,19859.3,20921.9,18203.8,17562.9,17987.9,17110.5,17524.3,19200.8,17066.8,18489.1,20423.6,19246.4,21376.1,16143.3,20667.4,21757,18085.8,16994.7,20867.6,19674.2,17847.7,18935.9,20922,20506.1,21929.9,19975.2,18490.2,19904.9,18106,19145.6,16176.6,18495.2,18298.3,21574.8,22157.7,20718,21147,19092,17480.8,18630.2,21637,16425,17101.1,21954.7,21172.6,18828.6,20393.9,17640.3,21581.6,16733.4,21196.8,18559,20985.7,20613.7,21506.1,17690,19361,18640.4,20277.9,20461.6,20734.3,21525.2,20054.1,22605.9,17425.3,16468.6,22608.2,21649.5,19793.7,20362,16978.2,20451.1,19962.6,18262,20918.4,21985.9,18229.8,16370.6,20116.9,18191.9,17041.5,15759.4,16323.6,18279.2,19944.3,22340.4,17975.5,16142.7,18256,16535.6,21555.3,18242.8,22274.6,16613.2,18594.2,22186.8,18966.7,17858.4,16449.1,21458.4,20133.4,16125.9,19348.7,16958.1,22146.8,18679.2,17306.4,17817.4,17283.8,20057.9,21333.4,20741,21559.5,17032,18154,17295.6,23025.4,21431.7,22554.3,20122.9,19973.9,21294.7,20008.9,22812.6,17461,22623.2,19042.7,16771.7,17859.8,18007.7,17916.5,22512.9,23087.1,22081.7,18116.3,20610.5,20108.2,22824.2,21518.2,21743.1,19916.5,22782.2,17911.9,20212.8,16838.8,18502.1,19484.1,21738.4,18610.8,19924.8,18698.6,21996.8,16793.6,16158.7,16111.3,19624.5,18774.8,18617.3,15716.9,18656.8,18936,15946.7,16007.7,19798.5,16711.5,18773.7,16810.5,17047.9,18513.6,20433,16006.2,16954.6,21245.2,17225,21204.5,23052.3,22683.7,23939.2,32234.5
29743.1,26412.8,24386.5,19633.6,18839.6,22068.4,15892.3,15996.3,21020.1,19829.3,19053.6,16808.2,15938.3,20238.9,18738.1,16214.1,17478.4,16355.2,14515.7,19593.2,17972.5,18139.5,17950.5,16869.3,14220.8,19335.4,20294,16577.6,15810.6,20951.5,15041.8,16702.2,20705.4,18109.8,20437.4,17540.6,16284.2,21102.1,20164.6,21472.6,16935.6,16237.3,18833.7,19461.4,18558.3,18125.8,16287.7,17485.6,16178.4,15695.5,16534.4,15423.5,17697.8,18480.6,19835.4,18654.5,19176.9,20683.7,19584.1,15377.2,15340.6,17637.8,15375.7,17897.8,16410,18048.4,20162.8,18833.5,19661.2,19546,20262.4,17764.4,15868.6,18484.8,15419.1,20798.1,19877.1,19756.6,19832.8,20691.7,18028,16338.5,18807.8,20021.2,16132.9,19343.4,18808.8,17539,20403.8,16408.9,17782,19955,18075.2,18709.5,18857.8,18755.1,21714,20818.9,18161.5,16669.8,19192.7,18287.9,19697.7,20549.2,17802.2,18430,16694.7,18178,16647.4,21299.7,21944.8,18035.1,16323.2,19471.7,19180.5,17614.9,20765.5,17116,18859.2,17447.3,15944.4,22233.7,18870.1,18138.5,19766.9,18353,18805.6,15759.1,22403.3,19743.9,17426.6,19482.5,20504.1,17956.2,18329,17744.7,16297.5,16004.2,16655.4,17065.4,16169.6,20163.8,15243.7,17888,19528.8,19537.1,15209.5,17319.4,21318.2,16734,18627,20184.1,18449.3,15699,15458.2,18748.5,17183.6,18563.7,20864,19540,16058.8,18048,20980.4,18090.9,17502.6,19350.4,18140.8,21599.3,20443.2,20149.4,18941.2,16535.9,21126.7,18867.3,19294,16587.7,21387.6,20747.8,20606.9,20259.7,21264,17894.8,20403.2,22211.7,21078.6,16510.2,16097,18602.4,18563.7,18997.5,18405.7,16953.3,19920,19903.9,22308.8,20953.7,19792.2,19126.3,16977.7,16863.7,22258.5,18301,22259.7,17834.4,17285.6,20139.2,17569.5,21140.8,16281,22484.4,18928.9,16923.7,21483.5,17366.7,17177.6,21366.3,21984.7,21609.6,19626.5,20154.1,20076.9,16791.4,18265.8,16436.2,17502.5,22048.1,20188.8,19078.7,19197.1,20441.8,19009.3,19694,21375.3,17914.9,21195.8,16716.7,19295.8,20335,20149.5,16939,16377.9,21168.8,15933,20708.3,17461.5,21132.3,16526.1,16829.6,18560.7,16438.5,16763.5,17739.5,20221.7,17244.9,17643.5,17210.4,18646.8,18609.6,17299.7,18412.3,15772.4,19610.8,19096.5,16967.3,18909,19266.8,20752.5,20731.6,22879.3,19146.6,18779.2,21426,18015.1,16937.2,18287,16066.7,17312.2,19227.2,16509.6,22027.5,16724.3,18850.3,16384,19307.9,19170.5,19284.9,16673.4,17718.9,18121.5,20793.7,19739,19841.4,20606.5,17731.7,16758.2,21680.2,19506.6,17719.9,16035.8,20828.6,18854.8,21155.1,18143.1,18192.8,22080.8,20815.6,21052,19363.7,18918.2,18418.4,15951.7,21701.3,16962.5,5187.77,16547.5,18451.7,18992.3,22758.7,22235.1,22540.6,17427.4,20197.5,21429.5,23494.2,19988.8,19267.4,20900.5,20076.4,17675,20321.1,19057,23476.7,19304.3,19514.8,18677.3,22447.5,18666.1,19132.8,18847.6,23380.5,23163.6,17067.6,19641.3,17877.5,17512.7,20499.2,19747.9,19375.1,22246.3,19726.3,17587.6,19681.1,21987,16481.8,15741.2,15645.9,16051.9,18228,21574.8,20379.9,16908.4,18422.3,18340.7,15773.9,16641.4,16467.3,16195.7,19213.9,15362.3,19027.8,18697.1,21355,21932.1,18562.4,17765,18244,22048.1,16712.6,20593.9,19608.8,24916.1,25475.9,29517.2,34901.2
31126.7,27861.1,23058.1,21883.2,21665.1,16238.9,17485.5,18665.3,19737.1,18772.4,14774.5,17375.6,18373.3,15592.9,19569.4,15736.5,14332.1,15879,16691.3,20314,19728,15278.3,18706,16717.5,17952.5,14495.5,17921.5,18009.5,20826.8,19443.8,17631.4,17369,15263.2,20279.8,17075.3,18856.2,18319.1,16024.7,20427.3,16713.8,19145.7,17998.6,20730.4,21002.7,20417.7,15326.3,21097.5,17225.2,18775.7,18537.7,19917.5,20236.2,19776.5,17682,19657.1,18386.4,15133.8,17384.1,15580.7,15442.7,15409.4,18345.7,14884.4,15854.4,14702.1,16149.2,17001.1,16314.6,18175.4,15786.9,19144.2,16322.2,17748.8,19658.6,20370.6,14569.3,15179.4,15569.7,16145.8,16403.3,14884,19403.7,19987.4,16166.5,17895.5,17499.3,19751.1,18836.2,17366.6,18540.4,17918.6,21446.5,19513.4,18378.3,19092.8,20663.4,18229,19075.9,16816.5,17114.6,17134.1,15139.3,19878.1,17555.9,16184.9,19404.6,15766,20783.5,18078.5,18909.8,17989.8,17471.6,19919.6,19943.7,19056,15965.5,21799.7,17106.9,20744.7,17639.5,20563.4,22183.2,17259.6,17295.7,19735.7,21868.4,21959.8,20947.1,19776.9,15957.2,20144.7,16882.4,16947.3,18180.3,20513.3,16160.7,17732.8,17271.3,20037.8,18260.9,20252.1,16007.9,17456,20675.9,18748.4,17885,18267.5,17829.3,18393,16597.6,21347,16416.9,18842.7,21373.9,15724.1,16764.9,19687.1,21770.7,20046,19493.1,16399.4,21035.4,20852.5,17318.3,18208.9,21381.4,18035.6,16324.4,17186.4,16908.8,19135.8,19354.5,22135.5,21135.7,16540.2,18266.8,21384.3,21772.4,18836,18328.7,18234.7,16472.4,18765.3,21495.2,21324,16265.7,17818.6,19719.9,18755.3,15487.9,17349.8,18176,16648.4,20104.2,21521.6,21630.9,21809.3,18771.4,17835.6,21340.2,17680.1,17269.2,17358.3,18522.9,22122.4,21350.4,18180,19849.9,21231.5,19763.5,20688.5,16338,21087.6,21205.9,16479.3,18839.7,21506.4,20584.8,17342.4,19583.9,21567.8,15635.2,20703.1,19428.6,17554.6,19303.5,18714.1,16174.1,17227,21988.4,16075.2,21668.3,17543.9,18098.2,18719.7,16463.6,17984.2,21207.5,16824.9,16024,16646.7,22013.2,16499.1,20613.2,21327.4,18279.1,16806.4,22194.8,18288,21858.9,19811.5,21236.9,20281.1,17838,15453.9,18988.9,21202.8,21490.1,21364.6,19133.2,16452.9,17975,18240.4,17844.3,18681,21750.6,21578.9,18227.8,22297.1,19894.8,16280.2,17155.7,21829.7,18386.9,21810.3,18037.9,16505.5,16042.3,19804.9,16366.2,21874.5,16355.6,21762.1,18111.9,15829.3,20048.5,21782.2,20150.2,21585.8,21797.7,17822,21375.5,20133,19723.6,21034.8,18577.1,22381,18224.4,20101,20703.7,17421.3,22075.1,17411.9,21380.2,16935.8,19641.4,21460.5,16561.9,21466.3,20742.7,20532.4,22161.5,17436.2,19595.5,19282.1,20515.5,18799.3,20716.2,20390.7,17359.8,17744.3,18346,23297,23724.9,20619.5,18852.5,21806,21028.1,20560.4,22397.2,20713.3,18713,20520.4,21292.7,17367.9,22658.1,19047.1,22366.7,19250.6,19620.9,17540,19945.6,17938.5,22625.3,21771.7,17272.1,19910,19497.7,17169.4,17759.1,18884.2,17311.7,18896.6,15814.5,16519.4,18825.6,21679.4,18359.5,15019.8,16124.5,21025.2,16701.9,20058.9,21196.4,19435.3,15070,19909.1,18184.2,21476.7,19006.5,18276.2,21598.4,18083.2,21450.7,21220.8,17404.2,16272.1,19659.8,20692.2,17531.9,22151.2,24597.7,24465.3,33903.9
31153.6,24021.2,22427.7,21387.3,18596.3,16850.7,17686.2,19583.4,16058.5,20257.6,16001.8,15865.5,15792.2,15029.8,15878.5,15659.2,14702.3,18711.4,20353.8,18837.5,14721.2,17423.9,14738.3,20055.8,14479.6,18555.6,20137.3,18230.8,16272.7,20333.9,21244.9,17522.5,17016.1,15138.8,16505.6,17418.8,20868.2,18519.9,18227.2,15151.9,17284.2,21188,16872,20401.6,19715.3,19574.1,18746.8,20270,19642.1,19544.2,21059.5,19213.3,16623.8,20199.7,15618.9,19652.1,16352.6,19972.2,20861.6,20814.6,15237.7,17766.9,19938.4,15279.4,15339.8,18019,17215.1,16303.8,18081.7,17928.4,16194.8,19034.6,15207.8,15912.1,19002.3,19356.2,20977.7,19260.6,15974,19058.9,18200.3,16261.2,18536.1,15987.5,14762.9,18676.1,20191.5,19113.1,20763.2,16400.9,16107,17339.7,17430.9,19764.9,19658,18754.5,15406.1,17625,18574,19481.3,16734.4,21794.8,18259.1,19869,19504.1,15304.8,18391.3,19023.5,15788.8,15511.6,21960.2,21442.5,18938.6,17759.3,17417.8,19829,21901.2,18254.5,19608.3,17432.1,15918,16961.6,19393.3,21394.8,18079.7,17391,16024.2,15670.4,16939.2,21181.3,17468.2,17543.5,18595.8,19207.8,15940.4,17496.3,18570,20473.3,15249.7,15816.7,15502,19340.7,20935.4,19958.2,19572.8,21042.3,16316.9,19935.9,16408.4,16646.1,17817.6,18558.3,18075.8,17174.3,18289.5,14959.4,17943.7,17838.1,20227.8,20445.9,20428.6,19196.2,20190.5,21582,17916.4,16623.1,16950.2,19695.9,17292.3,21859,20856,18806.1,20731.7,21333.6,18689.1,17851.2,16520.1,19677.3,19929.9,18423.1,16504.8,16654.3,15863.7,20037.7,17110.4,16824.9,20479.8,18950.7,17973.1,18853.2,17345.9,21269.1,18327.4,19482.5,16662,18512.4,20869.8,17460.6,18219.2,22008.6,22381.4,19905.2,20072.6,16865.7,16931.5,21543.5,19545.3,22519.1,20520.4,17022.7,21165.3,22162.5,22527.4,21383.5,21368.2,19946.5,17973,18676.4,18386.4,21958.1,20866.7,21101.7,20280.2,19690.1,18358.4,20053.4,20246.4,19968.6,18532.4,17107,17483.2,21130.7,21727.9,18149.2,21311.1,17024.1,17512.3,17068.7,15798.4,20116.4,16477.6,16054.8,16507.3,16208.7,21016.4,21328.7,19723.9,18321.3,17467.3,19551.4,17644.8,22197.5,20069.1,15847.8,18937.8,16279.9,19554.6,17923.4,16866.4,20558.9,19002.3,19537.2,20251.9,18641.7,19596.3,20814.9,18630.9,22135.7,22396.5,22841.3,18607.3,20205.8,17764.7,20616,16348.5,21544.9,17511.7,21765.8,15823.9,16731.3,20865.6,18194.6,21545.6,16117.7,16974.2,16533.5,19909.8,19296.6,15835,17522.9,20667.6,21546.2,22619.3,17943.1,20712.6,20872.2,21011.7,21607.7,21683.5,21387.4,22289.2,18909.1,16376.3,16584.6,21618.8,22180.1,20988.7,19405.4,21869.9,21682.9,17464.9,19052.4,16779.8,17862.6,20334.8,22405.5,17965.7,18848.3,22701.6,23043.1,20523.9,21039,16886.1,17293.2,20808.5,19001.5,17391.5,20954.8,22116.2,22687.6,17044.7,18897.9,18007.7,21996.7,22705.3,20578.2,21673.6,23579,19636.1,19960.1,20159.1,23296.1,20333.6,22571,20344.2,17778.2,18122.7,23109.1,20017.9,22204.3,22132.4,18694,18541.3,17324.1,19759.3,15959.9,16828.5,19306.8,17270.5,15399.3,20548.2,18005,20098.3,17436.2,19328.9,19073.2,21054.2,19177.3,17400.4,18853.4,16243.1,19324.8,21021.9,21469.6,21946.3,19583.4,19958.7,18735,18512.6,21505.1,20079.8,20824.6,30615.3,34111.5
30620.8,24391.2,22782.5,18571.2,22805.8,21093.5,17471.5,15380.2,21333.7,16969.4,15803,16004.9,14418.4,16206.3,15923.4,18640.1,16387.5,16612.2,15840.6,15230.8,18489.7,18094.5,18346.1,15526.9,19481.8,16729.5,16522.6,19995.4,15593.5,17466.8,17927.8,20836.3,21165.7,20789.6,19700.8,17370.3,19738.5,19405,21648.8,18519.1,16504.5,16299.9,18438.3,20910.6,15956,19804.5,20088.3,15702.7,18159.8,18738.8,19545.9,14954.1,17382.9,16389.1,20860.5,15421.8,20737.2,15370.6,14913.8,18759.5,18559.1,16396.4,20477.6,17378.1,15374.8,19391,21208.6,18266.3,20978.8,15122.8,15059.7,18886.6,17050.2,19768.8,16970.6,16686.1,18800.2,19124.9,18674.7,15855.4,16556.1,18591.6,15325.7,14958.5,16833.5,15793.9,17156.1,18554.1,19681.7,21455.2,15317.5,15391.4,19154.2,20805,20113.2,18754.8,17081,19400.7,19406.7,19374,16691.1,16109.8,19463,20810.4,16500.3,19331.9,18444.7,15430.2,16309,17992.2,19688.5,19732.5,21319.1,21574.8,18579.9,15884.5,17700,19756.6,17139.1,16666.2,22060.1,17083.3,16663.4,18787.9,18203.4,22060.4,16868,17116.1,19372.8,20450.1,20219.1,17518.5,17705.4,18501.3,17041.9,16232.7,19769.7,19731.9,18342.3,20686.8,17504.5,18052.3,15817.2,18088.5,15455.5,17272.4,18260.5,20834.5,16869.4,21374.4,17972.1,17159,21593.9,18062.4,16151.4,19618.9,18739.5,17947,21550.9,20061.7,21141.3,19252.6,21357.2,17419.2,18066.8,15896.4,18371.8,16318.2,17542.6,16967.2,22303.1,17493.8,22047.8,18975.8,19802.7,21565.4,20782.9,20042.8,17573.8,19845.5,19394.9,19525,20422.4,18199.8,17241.2,19855,17451.3,17747.1,17829.5,18018.1,16996.7,18530.5,21784.8,16522.2,20865,18959.3,22630.5,19145.5,17310.6,20231.3,20359.6,19352.7,22018.2,19181.9,20114.5,21275.6,17357,16715,17095.3,17777,20969.7,21191.7,17600.9,21277.5,17369.8,16450.5,18711.8,20121.9,16397.7,20003.2,15703.9,19141.8,20784.1,16662.5,17408.7,20053.9,19563.8,17790.4,16417.5,19876.8,18434.1,21175.4,20949.2,21238.7,17250.3,18286.8,19492.8,18634.6,16269.6,19017.4,21728.1,19213.9,19988.7,16689.5,17500.3,17565.6,18254.9,17428.4,19672.4,18455.8,16326.5,17428.6,19939,16553.3,19944.6,19999.2,18309.4,22031.6,15711.8,20279.4,20490.1,15963.7,16992.7,16431.4,16714.5,16477.8,22604.7,20630.2,17892.9,16417.9,22776.3,20088.1,16987.9,18016.8,20273,19317.5,18038.6,17441,15964.3,16480,22265.8,17050.3,18541.6,16768.1,16546.4,16880.9,18723,16151.7,17228.8,20466.8,21779.4,20875.8,20406.7,21865.2,20444.6,18034.2,20001.4,16978.3,17167.1,16734.6,17152.1,21095.4,22759.3,18764.6,20419.8,21140.5,20986.8,16753,19896.3,19089.6,18736.2,23003.3,21340.9,19977.9,16337,17415.7,21261.2,20933.3,22970.7,17131.5,21337.6,22439.3,22636.7,19862.7,17374.4,19621.8,21921.2,21015.4,19980.6,17516,22485.3,20937,23443,23216.7,17804.7,17408,18846.7,20712.8,18228.1,22080.5,23016,22299.2,18316.3,22085.3,18669.5,21753.9,21617,19132.7,20027.5,20810.3,17648.6,22394.8,21768.4,16988.3,21451.7,19106.8,22129,19877.9,15439.3,16512.8,20139.6,17858.1,20258.7,14882.2,16480.2,18073.5,19286.4,19753.6,15674.5,22046.1,20497.2,20007.6,20318.8,18141.8,21971.1,21187,17436,18746.7,17063.1,20472.9,18850,25278.6,24603.5,30633.1
30365.2,27200.9,21247.3,21766.4,21313.9,18079.1,21627.4,15408.1,19038.1,15820.5,19606.7,19993,18625.8,20506.4,14429.4,15639.2,16692.2,20498.4,15778.6,15095.6,20158.4,19159,19288.6,19369.9,16910.5,16535,17673.5,16764,17736.9,15000,18725.8,15544.8,20499.4,19921.6,20686.6,18307.9,18402.5,15980.5,18633.5,20213.6,19870.7,16508.4,17992.3,16461.8,21312,17810.4,16304,18092.9,19178,16192.1,20171.8,17849.8,15710.6,19170.7,16269.2,20649.3,18349.3,15285.5,17822.6,18325.6,14996.7,17201.2,17086.8,19467.2,19189.2,16996.6,16356.4,16216.8,18568.9,17250.3,18304,17672.5,21053,15472.4,18131.5,17209.6,15606.5,14890.5,21131.1,20377.5,20926.7,15080.7,15718.2,17234.7,14976.3,15581.3,15055,18390.2,18675.9,20126.6,19692.3,15747.8,19438.4,19763.5,21864.1,21648.8,16654.2,18071.4,18644,16160.2,16910.9,18216.9,16432.4,16556.2,15800.2,21390,15319.4,18732.5,18320.1,21197.3,21377.5,18676.5,18424.5,16670.4,16110.7,18744.3,17369.9,18470.9,19598.5,17800.2,19497.1,19306.1,19171.4,22176.3,18144.7,17472.4,21171.1,16458.9,20004.6,18893,21055.1,18086.4,19912.8,16079.1,21838.3,15713.1,17002.9,19339.4,16359.1,18493,19247.9,15709.4,20696.3,17065,16222.4,17236.9,15690.8,18945.5,18710.7,16721.6,15661.7,19172.4,21623.8,19452.6,18863.5,16373.8,20151.1,18406.5,15909.6,19341.6,16764.8,16047.8,21092.6,20642.8,20914.2,17561.7,16057.2,21693.1,18086.7,17493.5,21710.1,22355.4,19399.6,21066.6,18220.1,17125.9,15687.3,17134.7,17311.6,21298.9,19454,21463.6,19290.5,18565,20120.9,19322.3,20844.1,18870.2,17703.7,19106.8,21806.9,19395.5,21077.4,18597.5,15934.3,21328.4,16854.1,17826.7,18065.8,19179.9,20433,20802.1,19389.4,16580.3,18151.8,21721.3,17569.1,16143.4,19055.8,17281.1,16093.4,20105.5,20324.1,17602.7,22248,16225.5,17715.6,18203,21379.8,16043.9,15585.9,19961,16932.4,17792,15569.1,16993,20384.3,18233.8,16996.4,22126.9,17638.7,16758.7,21061.7,21751.9,20651,18128.1,19136.3,19766.4,16719.1,21084,15792.2,20275.6,20451.6,22227.9,20758.9,18534.4,20776.8,18999,18230.6,19854.9,16501.5,18576.8,20577.3,17671,15688.5,17278.9,21845.8,19555.2,16125.8,15690.8,19863.9,18203.2,17742,17691.4,17051.1,16916.3,21173.1,18129.6,22713.9,22203.7,21026,17447.5,19896.7,19738.7,18849.8,19329.1,16838.7,16935.2,17100.6,20788.7,20739.8,16551.1,21241.4,20683.2,21928.8,18944.1,20456.7,16080.6,19766.3,22083.5,22353.9,21666,20885.8,21501.5,16494.6,17160.3,16281,19639.7,20385.3,20931.6,18955.5,21115.4,22958.6,22200.5,21191.1,16960.4,20892.6,21983,20855.1,18619.6,18495.4,20521,22743.6,19322.3,22809.7,19179,19742.6,17986.2,22391.1,22399.6,19914.1,19484.9,23505.4,21602.2,19471.1,23234.1,18216.8,17534,21591.1,23668.7,22547.2,21348.4,20163,18825.3,17225.8,23204.7,22367.8,17308.7,21853.8,19899.2,20695.6,18942.2,22263.4,21647.3,21859,22909.6,19599.6,20362.2,20312.6,18113.4,17726.9,16501.8,16840.3,21238,21780.8,15989.9,15683.7,18160.6,18777.1,18028.1,19313.6,18186.4,15752.4,15229.3,20472.5,18968.5,17112.6,15445.8,20474.1,21303.4,21331.1,18004.2,20824.9,18920.1,19156.1,19280.7,18329.3,19182.6,20379.3,18396.1,19469.1,25691.8,25678.6,30347.4
32027.3,29088.5,24678,24159.3,17566.3,21439.3,19108.4,19408.3,18027.6,19345.4,17966.6,19117.9,16720.9,17758.9,20050.5,17481.7,14479.8,15919.3,16923.9,19897.9,18135.9,17046.5,16945.2,20780.7,19827.9,16030.4,20407.9,20076,20273.2,17078.2,17513.6,15833.5,21443.1,17453.2,17788.7,18230.5,15810.5,16672.8,20083.4,17531.4,16211.9,17322.7,15847.3,18327.4,20858,17969.4,19217.6,14822.5,16388.1,16041.2,19036.6,17792.7,15827,16740.7,19273.8,20463.6,18227.3,17632.3,15981,15057.8,19429.6,20468.4,15161.5,17843.7,18125.7,18602.5,19666.4,15733.4,17656.3,20978.5,20234.3,15259.4,19026.5,14749.6,17687.7,20541.4,17395.5,16827.5,21255.7,20690.5,15619,18164.7,17426.7,17104.4,15938.5,19279.9,18772.8,18554.9,20245.7,21219.5,17802.1,15264.6,17853.2,20003.3,20083.8,18993.1,19745.6,20685.9,19726.6,17909.8,18075.3,20833,19692.2,19484.4,15495.8,19066.7,19912.5,19794.8,22044.4,20230.6,20961,20877.2,19612.1,22111.5,20767.4,20876.7,17900.4,17030.3,20002,17741.2,18475.7,22264.3,21237.2,20776.5,19337.5,17217.5,20204.1,20867.5,18881.9,16915.1,22018.8,16697.4,17157.2,17192.1,18742.3,15776.8,19298.3,20471.5,19648.5,19064.3,16591.5,17058.7,16531.8,17057.5,15237.4,18381.3,16479.3,17634.1,17751.8,17315.3,16764.9,16919.5,20166.1,16096.4,15033.5,14892.3,15685.5,20365.5,20609.9,21593.8,20566.1,21014.1,20697.9,20411.9,15768.5,19607.6,17928,15531.5,20856.6,16492.4,20159.3,18089.3,19123.2,21194,16256.5,17083.5,17659.8,19922.1,15854.5,16197.6,16559.3,18122.5,18835.6,21280.6,15594.9,15787.7,19808.5,19191.4,18453.8,20866.4,17695.5,20803.7,18428.9,18904.8,17230.2,19268.2,16475,15980.3,16513.1,17648.3,20548.8,19442,21484.3,20838.3,21542.2,21488.2,21932.5,19367.1,19293,18818,21490.8,16560.9,19106,21335.4,19663.9,19435.2,21959.4,22024.5,16769.2,21854.6,17455.1,21194.1,20099.5,16126.6,16900.4,15636,20671.4,19822.6,17985.5,15973.6,15822,16219.9,21736.3,20413,17394.3,15989.3,16356.3,18081.3,15906,19128.5,19144.9,16624.6,17055.7,21151.9,20899.2,20255.4,16858.4,17036.8,21364.7,19518.3,16047.2,19077.1,17833.5,21639.7,20457.3,19257.9,16946.2,20238.5,19976.1,18759.2,16455.9,21325.2,17545.8,22001.3,18249.5,21568.7,20894,20382.8,22439.1,21750.5,18935.2,17210.1,17621.7,20009.5,22024.5,22235.5,18912.5,20271.6,18082.3,18704,18616.3,18700.5,18985,21586.2,18951.3,16499.1,17204.8,19141.2,18019.5,22344.8,15966,17754.3,21348.5,17730.5,19869.7,16350.6,19221.9,21664.7,16889.8,17773.8,20708.7,18542.7,21175.7,22821.7,19205.2,18629.9,19549.9,17046.4,20751.7,17967.5,16586.7,22503.4,20951.9,19655,16550.2,17065.2,20839.4,21086.4,21770.6,17259.4,17573.6,18702.1,18521.3,22662.7,18204.9,20194.2,21406.4,20648.7,21536.8,18006.8,20353.8,21351.1,18804.2,20884.4,19942.2,19635.7,18305.2,21385.1,19072,21408.1,23006.9,18557.4,17174.9,21507.6,21502.6,21102.1,22962.5,22636.9,17932.5,17732.5,16900.8,19937.3,21461.7,21032,22435.3,18207.6,17315.1,15851.8,18520.4,15505.3,19080.7,20773.1,19252,15922.3,19841.6,21060.4,18630.4,20187.7,21584.8,16054.3,20917.7,22072.4,22051.9,16082,16671.4,20636.6,17887.6,22023.9,18458.5,20355.2,19233.8,24041.2,28396.5,32915.7
34019.3,26419,23688.5,23705,18552,20904.2,18214.6,16080.7,17972.6,19940.6,17065,20646.6,20177.7,16577.3,19312.9,20112.9,15150.2,17821.8,15984.6,16041.6,16955.7,16812.8,17764,15429.9,18998.6,19987.1,18915.1,18638.6,15530.5,20189,21209.1,15837.9,20977.8,20554.6,19153.9,17963.3,17383.5,15813.5,16213.9,15377.7,16851.1,17714.4,16450.6,16399.6,17417.6,21067,20235,19744,18915.2,18178.1,19483.2,20000.7,19605.7,21131,20266,20169.3,15809.4,19061.9,15810.8,20015.6,15612.7,15238.7,19617.5,16586.3,19571.4,20868.8,19730.2,15190.3,16509.1,16923.4,17638.1,16291.6,17202.9,18730.4,17531.7,21210.8,16434.2,15410.2,16692.8,18794.3,17558.8,15149.5,20771.5,19135.5,19281.7,21267.4,19678.7,15268.6,18933.6,15664.9,16936.7,20723.7,17259.2,21006.5,17845.9,18922.5,16238.9,21851,17827.1,21062.7,20269.6,16143.4,21206.7,16582.1,20386.2,18871.6,21502.7,16418.4,19665.6,21410.2,16452.7,18639.4,20092,17160.5,16311.2,18111.1,20437.7,16160,19500.2,17113.8,21837.8,16500.3,19123.8,16596.6,18397,20348.4,19002.3,19182.5,22143,21979.9,17081.1,17253.9,22204.7,16601.7,19740.6,20270.5,16864,17090.9,16252,18548.6,19159.8,19762.8,18157.8,18600.1,19467.7,20469.1,15023.1,20302.8,19465,15840.5,19844.5,15401.8,16950.1,20078.7,19616.5,16397.5,21166,17820.1,21687.8,18583.2,17103.5,17663.7,16019,19484.7,17939.6,19704.5,17717.9,18658.6,19478.2,21829,16767.2,17155.5,17326.3,21159.9,20913.4,19304.1,18264.7,18526.5,17053.1,16297.5,19806.7,17138.1,18389.5,18560.6,15972.1,20475.6,17539.8,16423.2,17196.8,16410.5,20032,18786.1,16020.5,21910,21416.7,17893.6,20519.9,16330.9,21930.8,17697.6,18340.3,18888.9,21467.5,20601.2,18763.8,20933.8,17695.3,21528.3,18106,19906.3,22434.1,21918,17753.4,18307.2,19847.4,17000.5,16499,16233.9,18302,19864.1,16140.5,19354.6,15461.6,18621.6,19814.3,20876.6,21772,17714.5,19080.6,16225.3,19028.4,19265.6,20771.5,19408,19433.2,16377.7,17814.8,17261.8,22009.8,21633.1,17423.6,21095.9,19057.7,20947,22046.1,16568.1,16453.1,16910.3,19442.5,21769.6,17896.9,18760.3,18101,17634.8,21389.3,17153.6,17728.9,17579.1,15648.9,20126.7,16432.6,18305.2,20929.8,19788.3,20778.1,18635.6,21343.4,20310.9,17812,21257,17994.6,22121.9,18467.4,21325.5,21340.7,19669.9,20137.5,20418.7,22563.3,18428.7,21948.7,19937.3,22102,22328.5,18465.7,22058.8,21720.6,22249.6,22436.7,19674,20966.4,17723.5,21319.8,20047.6,22732.9,22322,18595.1,21384.9,20570.3,21640.8,17737,16415,20056.9,18783.7,18797.6,19104.1,22731.9,20668.4,21491.7,21529.8,21707.2,19087.8,21062.5,19975.2,22477.1,22167.8,16948.2,20039.1,17839.6,19969.2,22515.1,21749,20919.5,18937.6,20435.1,23335.1,21463,22971,19392.7,21887.5,22267.2,23701.1,21776.1,22722.5,21093.2,23292.3,21360.1,23316,20037.5,17225.9,20845.4,18897.4,21062.7,20731.2,23539.6,20304.3,17085.7,23577.5,17185.2,21538.6,16235.2,22158.9,20489.4,17996.3,20863,19707.6,20440.9,21511.1,15923.8,18943.4,20765.1,16115.8,19861.6,17567.1,20155.2,19237.2,18071.9,15844.2,17867.6,20836,17999,17794.5,16145.1,19326.5,22587.6,19243.1,19404.1,18749.5,18002.1,22440.2,25091.3,25689.1,25289.3,33368.5
30248.9,26392.2,23569.6,24857.7,19103.7,17724,21991.9,19751.4,21088.4,16598,19510.6,16416.1,20270.8,14824.3,17581.4,17375.5,15550,14598,18672.7,18242,16133.8,19025.4,16073.4,17064.9,20694.4,18094.6,20620.3,19044.1,18066.9,18360,19174.2,16909.4,17061.4,21076.3,17285,15412.3,17672.4,18105.3,17387.4,21758.8,20089.8,19929.3,21393.1,16462.5,16510.6,18221.9,18770.5,16030.2,16548.3,15179.5,16977.4,21486.8,18219.3,20021.1,20493.6,20514.2,19691.7,19985.2,21222.5,17281.8,18223.5,20757,17307.1,20375.8,19663.5,15367.3,17305.8,18768.6,19086.4,20063.4,17832.7,17270.3,15770.8,17933.2,15888,15550.1,17236.1,18382,17746.6,16152.8,18223.5,19946.2,15044.7,15704.5,21006,16958.3,17696.8,15483.5,19286.1,15850.7,17176.7,18529.2,18427.7,15196.6,20558.6,21336.5,19052.4,21694,18428.6,18020.7,20921.9,20644.8,17732.4,18051.8,17337.8,18113.3,20289.9,17375,15508.9,19295.5,18791.1,17522.8,17915.3,16386.9,20919.3,17346.6,20488.2,16708.8,18781,19446.8,21665.8,21745.9,18653.4,17663.1,16089,21336,19434.2,22322.4,16948,21923.9,17463.2,16908.9,20241.6,19221.8,15899,16933.3,18662.7,16531.5,17285.8,17725.3,16777.5,17288.3,18451.5,15070.9,19047.3,17798.1,15501.8,17872.6,19758.2,19239.5,15504.4,21246.3,20134.1,20449.4,15513.8,18743.3,15477,19970.3,16281.4,16845,18608.8,18983.1,16628.9,15610.9,19165.9,21248.6,15975,20136.7,15614.4,20862.1,21120.6,18409.3,19696.5,16731.1,15790.4,21760.2,20475.5,19737.5,17826.8,16492.4,17379,19148.6,20779.9,17043.2,17534.9,21146.5,16484,18636.2,15444.4,21365.6,19725.6,21237.2,22034.1,17448,21981.3,17880.9,17662,17656.4,17856.7,16268.6,21922.6,20137.7,21881,22686.6,17616.8,21456.7,22304.2,18173.4,17869.4,21746.8,16318.2,17047.7,17287.8,18373.2,17006.4,19765.1,16966.1,18856,21675.3,15903.1,19623.2,18828.7,19289.3,20222.1,21676.9,16326.5,18870.2,18985,16649.1,19502,21214.1,21635.6,17638.4,21803.2,16346.8,21024.1,21362.3,19754.5,19475.9,19934.4,18438.5,21054.7,19816.6,21120.6,18393.5,16538.4,20220.7,22212.6,16545.3,17140.7,15726.9,17809.6,18888.7,21450.2,19482.8,15681.9,19306.7,19012.5,17569.2,15874.8,18341.3,16007.3,19227.9,17609.7,20351.9,16135.5,16916.1,18418.9,19017.1,18967.5,19621.4,16933.4,18173.7,20543.8,21482.5,18584.8,17704.8,18493,21951.1,20805,19759.9,18818.6,20373.5,17095.2,18340.9,21366.8,18377.5,19994.8,18676.2,19316,17160.9,22523.4,22233.1,18234.7,17929.7,21520.8,17119.6,16501.3,20141.5,19244.2,18571,18033.8,17533.8,16943.9,19212.5,16708.1,22356.3,19713.2,16676.5,21120.6,20342.7,17349.1,16401.8,16507.5,20676.9,17706.3,18488.9,19083.8,23084.3,20639.8,22847.2,19912.1,18261.4,21212.3,18669.2,18516.8,21402.1,19224.3,18331.7,19662,22947.1,21111.6,17519.1,18600,22638.8,17333.1,18292.2,20886.2,19122.8,17511.4,18100.5,20338,21094.2,19991.6,20785.7,21557.1,17715.7,18600.2,22846.2,21471.5,16642.3,16444.4,17764.2,19705.1,20454.9,19661.3,19134,19380.9,19837.3,19385.7,20999.6,21516.1,20191.7,21165.2,19449.4,15981.1,17680.1,16988.6,17087,18091.7,21742.8,17272.7,19503.2,22271.4,20854.5,16318,17760.4,17629.1,17484.8,21617.6,20451,25972,27397.5,32789.2
31453.1,27325.8,21651.8,21525.6,22934.3,19668.7,19319.1,20580.5,16806.4,15825.3,15508.7,17242.5,16347.7,20334.3,18562.6,18626.1,19034.3,16200.4,19935.7,19231.6,16199,15840.9,18895.3,17175.5,18216,17506.8,20268.5,18362.7,14890,20030,20827.3,19788.4,20548.2,17322.8,16664.4,16721.4,20445.1,20110.8,17743.1,18960.8,17416.3,21473.1,18874.8,18916.3,19920,18018.1,17584,20955.2,21393.3,16632.1,18789.6,15984.6,17409.6,16950.3,16988.6,20382.9,21455.6,20299.1,15229.2,15437.1,15565.6,19285.6,19333.8,21437.9,16207.8,19629.3,19790.5,21030.4,17590.5,16998.5,15681.3,18219.1,18980.2,15716.6,20076.6,17421.6,15275.3,16200.5,19709.4,17592.4,16358.2,16845,20954,15919.1,17037.7,15882,15529.8,17737.9,18598,19535.1,17505.2,20807.7,15641.5,21590.2,21546.4,21121,16445.3,20281.5,18687.9,17450.7,19351.6,21214.1,21103.4,17132.9,18334,17905.2,19502,20192.9,16414.3,19830.2,16661.5,21107.5,21366.3,15847.1,15972.1,20864.6,21842.4,20888.2,20094.4,21605.3,20468.1,19495.6,16388.6,18813,20791.4,20236.7,17328.7,16246.9,18542.5,21375.2,21206.9,18952.2,20048.1,16749.5,21653.5,21426.1,18590.1,20526.1,19383.2,20157.8,18284.1,18974,19418.7,18504.1,19529.4,15606.8,19943,20323.4,16319.4,18509.5,16673.4,18045.6,17116.8,15823.9,16674.4,18954.3,17480.9,15594.6,20955.2,16862,18738.4,20625.2,21048.6,16022.6,20076.9,17399.3,20553.9,17024.7,18171.7,21032.1,18524.5,20858.2,20580,20032,18213.7,19702.7,18378.8,21797.2,19677.9,16861.5,19831.9,17986.1,17518,22050.2,16991.8,16432.4,20151.2,21407.6,21186.3,20267.6,20609.5,18335.6,20459.7,16066.8,15949.6,22162.7,17131.7,20817.1,19952.5,22479.6,22026.9,21047.8,21454.2,20815.4,17011,21349,17626.7,18432.1,18578.3,19823.4,21721.8,17226.7,18122.9,20018.6,16507,17466.7,16438.5,19653.8,21468.4,17426.6,21585,20462.2,19376.9,20724.6,20384.3,21975.8,19105.9,21967.8,17205.3,16848.4,17087.6,15968.1,19454.1,16509.7,16302.9,17043.4,15893.6,21112.4,17823.4,22263.1,20708.5,22450.5,18161.6,22063.2,16160.2,19064.6,18320.8,18882.6,18159.1,16628.5,16836,19909.8,18793.1,16371.5,16143.6,16635.4,16577.7,19661.7,17320.5,20834.7,17736.8,16195.4,17645.1,15796.5,20422.7,22465.2,19737.9,18952.7,20036.5,21931,17448.4,17657,22364.8,21366.5,16904.3,16659.7,20206.5,20865.8,18209,18020.7,22194.3,17773.3,16427.7,22242.1,19327.8,19313.1,15980.8,20790.9,19068,17957.5,22117.1,18387.3,18076.8,21897.3,16555.2,21015.9,22005,19927.5,20700.7,19627.9,18409.4,22001.2,21800.3,21276.9,20047.8,22166.2,21443.6,20797.8,18480.4,20378.5,17865.6,22491.2,21148.4,21728.6,20137.7,22427.2,19042,22969.9,17771.9,20803,21953.3,19494.5,18040.2,21623.3,17909.9,19415.4,21411.8,17803.5,17314.7,20434.4,18064.4,17422.5,22092.1,17680.4,19299.2,17118.8,18136.1,23318.6,21522.4,18755.9,22502.5,20701.3,17901.5,22256.9,20633.5,17120,21527.6,20247.7,19721.3,22959.2,17171.9,16545.2,19811.6,16313.3,21865.1,21001.7,17649.4,18839.4,16809.3,18588.4,17571.6,18019.2,21030.4,19551.9,16028,21313.5,17217.9,19140.9,20910.3,22344,17014.1,22402.4,16915.2,16622.7,19029.5,17963.6,19073.1,18868.2,17960.7,20916.9,22590.8,25619.6,26512,35470.9
31921,28255,21134,20677.1,19265.2,18058.7,16229.4,21599.9,16015.2,20409.4,16248.5,17765,16823.4,20454,19922.5,18267.5,15418.6,15329.3,16949.3,16064,15499.5,20666.8,19873.7,16631.6,14742.8,18380.5,17458.7,15201.9,17415.7,18833.8,20080.8,19676.1,18811.9,21259.9,16105.8,15331,19127.3,18352,16571.6,18163.1,16267,16480.1,21803.6,21515.5,16664.6,15868.3,20404.6,21107,16723.1,20628.6,9326.71,16840.6,18174.7,18708.7,18411.2,18636.2,21436.5,16934.9,15630.3,16506.6,18501.9,18121.3,21395.9,18113.8,15193.7,18833.2,17490.4,21472.4,15193.8,19305.9,15758,15782.2,15935.9,15548.3,17987.1,16335.3,21351.5,18573.9,17410.8,17964.3,15033.5,15993,16446.8,20407.8,16232.6,20194.1,15997.6,16054.3,18123.1,19484.6,15545.8,21538.9,17534.3,16622.1,21315.6,16884.9,16162.5,20800.9,19005.5,15638.6,17680.2,21747.6,18625,21618.9,18139.5,19036,18803,16134.9,18433.3,20055.3,16983.6,15749.3,18926.4,19596.5,19001.7,21610.5,17566.3,21029.6,22205.2,18819.2,22156.1,22472.3,18490.5,16674.3,17936.5,19212.4,16726.3,20903.8,20713.2,20142.4,20470.4,20557.2,22288,16593.2,21776.1,21329.5,16393.4,18133.4,15887.9,15290.7,15787.4,14907,18141.7,16413.9,16558.1,16901.2,16425.6,16226.5,21369.5,18283.1,20820.1,18386.1,17220.4,20322.2,14365.6,15108.3,15864.7,19130.5,20472.8,20146.6,17768.7,16431.7,19458.8,16376.5,19733.7,15502.7,21281.5,16771.1,20275.7,16147.4,21589.8,21258.5,17110.6,16856.5,15693.9,17483.4,17038.6,16447.5,18361,20266.7,15716.1,16518,18276.5,19370.6,18483.6,18529,20466.7,16155.1,16396.4,17657.1,15651.4,15809.7,17553.1,16120.7,21393.5,18604,21704.1,16219.4,16818.6,17442.1,22189,21995,17757,21681.6,19721.1,16480.8,16879.2,18262.2,18837.7,17040.4,16873.5,18180.9,20053.8,17903.7,19826.9,18412.3,16939.8,20590.2,15856.8,17362.4,17420.6,20801.3,16374.9,16485.5,18043.6,17758.2,19440.7,19433.4,16879.3,19811,16504.4,17914.4,18156.2,18774.6,18560.4,18738.2,18072.3,21980.8,15829.1,21729.5,21381.7,22071.8,20393.2,19620.2,19917.8,18439.7,18733.9,20661.9,16303.7,16232.9,17796.7,17633.9,21770.9,18987.6,17306.5,15802.6,21355.3,15714.3,19615.2,20054.4,20881.4,20231.8,17789.7,17006.4,19770.4,20248,21301.2,17012.6,20508,19588.1,18784.4,16694.8,22575.7,21493,17450.9,21581.1,20525.4,19925.4,20927.9,20964.8,17409.2,16143.5,18318,17674.6,16843.3,17268.1,21272,16995.8,20560.8,16760.1,19057,16721.6,16297.5,16730.7,19417.5,20915.6,22331.6,18538.4,19686.4,18555.4,19662.3,18585.7,19551.9,18880.5,22668.7,22236.2,18480.2,18688.2,16522.3,18251.8,19785.1,18072.3,17013.4,19704.8,17750.1,18817.1,18609.4,21754.4,23004.2,17856.7,19829.3,19748.2,19001.2,23206.1,20303.5,19973.3,23075.8,24019.1,20643.2,18820.2,17357.7,18388.5,20417.7,19133.3,18788.8,19956.3,21453.7,22827.9,18885.1,23271.8,17032.3,21222.9,21967.1,18726.1,21303.4,21720.6,20225.5,21491.4,19303,18951.8,19564.8,18102.1,17907.3,20522.4,21484.9,18076.6,16846.8,22015.9,17213.1,18966.6,17053.2,15835,18814.5,16914.5,18233.4,20771,15595.4,16850,18928.7,17033.8,16472.9,16769.2,17109.3,21971.9,16957.8,16263.3,16645,21015.6,19182.3,21728.4,19428.2,23148.8,24772.6,29630.9
29252.9,29008.1,23412.4,19100.4,17558.4,19386.1,19809.8,19994.9,16259.7,15933.6,20162,18016.4,20286.8,19454.8,17305.7,19613.4,20138.8,16436.7,14868.2,17690.4,19292.1,17007.4,19853.5,16537.2,17591.1,16098.5,18949.8,19085.9,21249.5,20332.5,16898.4,17228.5,15771.6,18492.2,17555,19378.8,21304.6,19486.4,16797,21652.3,19586.1,19259.2,18724.5,17687.1,17975.5,16662.9,17223.5,18835.2,17438.9,19650,18156.3,17975.8,18946,16251.1,19407.5,15495.3,17824.4,18675.6,18739.8,15124.1,19494.9,18593.9,19956,19305.2,15975.8,18750.2,20579.5,19366.9,17218.9,17343.3,20795,17122.8,17521.1,16561.4,19795.7,18406.1,19554.1,18169.8,18884.8,20308.8,18195.9,15481.8,17548.6,20267.4,16609.2,16577.2,16373.2,15747.2,17813.7,16650.7,19305.8,19181.3,20185,15447.3,19241.9,15575.7,19693.6,18723.1,19012.7,18917.3,16355,21592.6,19001.4,15172.7,16351.3,19454.5,18481.1,17999.2,16752,18394.5,16842.5,19774.4,18888.7,16171.9,16146.5,20314.1,16681.3,22037.1,19851.7,20480.7,16347.5,17321,17954.1,21124.7,17751,18741.8,20683.7,20528.2,16149.4,20210.1,15809.3,16705.5,16465.1,16972.4,17351.2,15807.6,16445.7,20794.3,16551.1,15446.1,20692.8,20230,16313.5,15341.2,16443.3,15337.6,20094,16014.6,15462.9,17197.1,18478.1,19631.9,16689.6,16555.8,16001.8,15049.4,18317.3,20967.8,18335,17322.8,19458.6,18219.2,20685.7,19269,20094,15708.5,19792.7,16938.1,19873.5,21021.3,17925.4,19406.2,17770.5,20789,16118.7,17327.4,19363.4,18357.9,21026,17628.8,17457.5,16415.7,18401.2,19470.2,21414.6,17554.8,17987.3,17585.8,17857.8,21170.2,17307.5,19419.3,16996.8,19401,20169.1,19942.9,16734.6,16130.3,17356.3,18949.4,21658.1,21321,19125.5,17633.2,17558.5,20172.5,20662.1,20412.6,17334.9,18082.3,16982.7,20427.1,17078.7,20986.7,21716.4,22212.8,20467.3,18631.8,17841.1,16478.4,19843.1,20507,15737,18356.7,19582.3,15938.9,21120.8,16698.1,15647.5,16727.4,16283.9,21231.6,17524.3,22153.2,21952,20791.5,17213.7,18307,17294.9,20794.4,16865.4,16464.1,19855.4,20818.9,15958.5,15960.4,18172.9,17096.8,19500.5,22131.3,17514.9,16218.1,15800.5,17814.8,16627.3,21754,16916.1,21749.4,17423.7,16986.3,21851.4,20775.6,15965.6,20335.2,16662.6,19599.4,19914.2,19909.8,18387.3,18964,20978.5,22205.5,22133.1,19238.6,20031.9,18827.4,21578.9,18576.7,17491.3,18082.7,20782.4,17394.4,19856.4,21674.5,19945.9,21699.6,18048.2,22211.7,22627.8,20991.2,20649.7,19270.6,19770.9,17503.5,17201.2,20699.4,17056.6,17228.2,16341.3,16525.6,19720.1,21760.5,21428.7,21890.3,17409.2,20575.5,18273.4,20530.2,16127.2,19419.4,18275.9,22361.4,17575.6,21929,21518.4,17825.2,20600.7,20771.9,17621.6,20873.8,17466.8,21279.1,18181.1,23823.4,19240.8,19587.1,20696.3,18099.5,18509.2,17845.5,21074.2,22616.9,20128.2,20954.7,21105.4,22152.2,22472.3,19149.6,22728.1,18459.5,20681.2,20276.5,22820.2,23512.7,19547.2,21383.9,18026.5,20034.5,22648.2,18815.8,18908.3,20096.5,20460.1,16873.5,18298,18250.1,20678.9,20903.4,21900.4,20540.2,18047.4,18435.9,16402.8,17566.3,20640.7,18836.7,20138.3,18483.9,21837.8,17639.9,17959.8,16408.2,19084.6,20024.1,21243.7,23110.9,21050.8,21155,20966.4,23183.2,23391.5,26828.9,27351.1,34345.5
34287.3,29172.6,26191.8,21892.3,21379.2,21958.8,18158.5,16042.2,20530.1,15944.1,18552.4,19916,16563.4,18332.4,17152.1,18054.2,18630.4,15686.2,20168.6,15775.3,16211.7,15283.6,19202.8,16062.6,16184.4,17050,16667.2,16279.6,19897.1,16942.7,15295.9,19192.6,19070.2,21893.8,20729.9,16962.4,17554.3,16816,17622.3,17564.9,20566.8,20693.3,20155,21538.3,21284.2,16814.1,16734.2,16994.7,21187.3,20451.6,19125.6,18780.6,20380.3,19245.7,20369.1,17665.3,21118.4,20139.4,20260.9,17728.8,15356.1,20886.8,16494.2,19801,20912.7,19587.2,15989.3,21185.9,15957,19799,17803.1,20211.7,17744.6,21336.1,15151.5,16419.4,18994.4,16812.7,20651.5,20403.4,16970.6,19071.1,18820.4,16019.3,15771.3,16470.8,17525.4,18390.1,20095.2,20014,18456.5,15732.5,21010,21128.1,15879.6,17182.7,16521.3,17804.3,15751.5,18743.5,17929.2,17649.4,15434.8,20656.4,18702.4,21138.9,18983.5,16964.3,15578.2,16059.5,18424.1,16241.2,18337.8,21317,17199.1,21577.2,17620.8,16986.5,21090.8,15980.2,18288.2,17844.3,17596.8,17956.3,16359.9,19000.5,20197.1,18272.4,15919,16859.9,20263.1,22349.4,19327.7,21474,17731.7,17869.4,16555.1,19100.1,17112.3,19695.9,20678.4,18254.4,14648.5,18314,20835.3,20839.4,18660.5,19171.1,18107.6,16533.9,16874.6,15842.2,18177.6,19546.7,18440,15445.4,17616.9,18020.9,20602.3,19172,17947.8,18167.2,19859.5,16473,21618.3,16099.2,21430.1,16953,18854.1,20971.4,21715.4,16416.3,19908.2,16342.9,16600.7,21966.7,16832.2,18684.6,18305.3,22192.2,18138.9,18874.8,17347.3,21373.8,17752.4,16553.5,21180.2,17977.7,21181.4,17118.6,20015,16149.8,16941.5,21978.3,20601,19934.5,20867.9,19930.2,16441,17673.1,21563,16720.7,16678,18045.4,19571.2,19395.9,18645.1,20669.6,22258.6,17358.8,18084.8,19892.4,19534.8,18295.4,20682.9,17193.9,20352.5,20728.4,21113.5,16017,17977.2,15408.9,15242.7,21427.6,18276.5,18865.9,18263.5,18505.4,17675,20075.6,21271.6,16595.9,21145.5,21281.2,22067.9,16339.1,20665.6,15862.1,18417.7,19605.5,16727.4,18392.5,21879,20629.2,17841,17833.9,20798.4,20685.5,18262.5,17794.5,17909.9,21213.4,19816.5,19803.1,19763.3,21382.8,19774.8,20208,20794.7,16620.6,18317.5,16791.7,18644.9,18314,17667.6,16606.2,18384.7,19698.6,18385.8,20619.4,19892.6,22092.8,20423.3,21178.4,17738.8,22564.6,18948,16927.1,16380.6,16906.2,17218,19653.5,20292.9,20822.2,19432.8,21186.9,16453.6,22507.4,21626.3,20154.3,19988.4,20175.7,21595.4,16655.4,19438.7,18503.2,21467,18230.3,21532.4,21550.7,20381.1,18623.9,19428.4,17348.5,22393.4,20593.7,21949.1,23084,19729.4,18745.3,17997.2,18341.4,16433.3,16339,18849.3,22854.9,20799.6,22855.6,18221.2,17411.3,17420.6,22195.7,18613,18953.7,23980.2,22561.6,23047.1,22507.2,18780,19449.3,18103,23683.9,21970,19917.5,23380.1,22607.5,20955.8,22516,21667.2,20418.3,18020.3,21088.1,19048,20411.9,17668.5,21197.5,20579.5,17412.4,19168.9,20709.7,20679.6,18563.4,18517,20990.7,19852.8,20859.5,22158.7,17913.3,19492.5,17359.7,19716.3,16528.5,17077.6,21004.3,15524.3,21851.4,15976.4,16769.4,20693.2,18653.2,19285,16718.7,18287.2,20557.8,21257.3,22465.1,21397.9,20672.7,18270.9,21854.8,21949.5,23612.2,28581,33713
29200.1,24764.5,27057.9,20473.5,21196.7,19173.2,18708.1,20687.7,17358.9,17199.8,18930,20525.1,20128.2,16657,20364,17749.8,20796.8,16890.8,16064.7,20874.1,16952.1,15707.6,17459,19117.2,17682.7,14872.5,19310.8,16179.2,17029.2,18530.8,17142.3,17267.1,20092.8,18467.1,20942.7,18427.1,21764,16057.3,19860.6,19542.1,16316,19521.7,21158.8,16877,18368.1,16472.2,19511.8,21186.6,19057.8,15510.7,17640.8,18126.1,18819.2,19751.6,19102.8,21163.2,20880.4,19588.8,19555.2,20642.2,17473.3,21488.7,17266.7,19914,16500.5,18479.3,21306,19238.3,19340.5,19370.6,20620.4,19394.6,15484.8,19438.6,18847.4,19756.5,17653.5,20504.8,18462.2,19593.8,19677.9,14802.3,17423.5,15636.9,15426.2,14872.8,17233.8,16835.5,21247.9,18475.8,19063.7,20422.9,17174.5,20733.7,17661,20624.7,21664,21377.5,21883.7,19514.9,21627.8,16076.5,20460,21635.9,15813.7,18161.9,19877.1,21418.6,18843.7,16979.1,21996,16326.5,21152.1,17691.1,20692.4,16702.1,16649.2,17262.7,16989.8,22065.2,16093.5,16970,22186.5,16217.3,21965,19505.4,21375.5,21028.3,21678.9,21208.8,22281.2,22190.6,22593.1,20627.3,15944.3,21408.4,16645.2,17211.9,18204.2,20269.2,16947.6,17043,20170.6,17903.2,16924.9,18280.2,17539.8,18674.3,15833.9,19070.4,19321,18115,15196.1,17801.5,14122.9,17932.8,15352.1,17226.3,16385.7,18640.1,18776.2,21526.2,17728.8,20231.9,20047.8,16863.3,20759.2,21045.4,15819.5,15797.2,20290.6,17286.4,19863.6,17156.7,19447.9,21147.9,21165.5,21164.9,17650.4,17565.4,16552.4,17765.2,19889.8,18019.3,17353.3,18978.5,17551.7,19366.9,19693.3,16700.3,21408.9,16669.1,19182.4,22493.8,19788,21177.2,22305.2,18480.9,21944.3,17187.3,16887.3,17448.2,20463.8,21537.8,16636.9,22339.9,17124.5,16996.4,19188.3,21754.1,16395.1,20578.7,20920.8,20044.4,20669.8,16888.7,16264.3,21580.5,18725.2,16590.2,15833,17932,18663.9,18599.3,17722.8,15596,17237.8,17939,19118.1,18420.4,16684.1,17975.8,15546.5,19897.4,18216.7,19602.1,21199.6,22106.5,18113.6,19060.7,19195.9,21413.4,16409,21133.3,19115.4,20943.2,17947.4,19389.2,17733.5,18048.9,17398.6,19268.4,20622.2,15863.1,21615.5,18911.1,20250.2,15781.8,15938.1,21982.7,17318.3,19410.8,18236.2,16351,19494.1,19880.4,16799.5,21817.3,21516.6,22467,16441.6,21258.5,17697.6,17613.6,19686,17620.8,20089.2,16430.7,19034.4,20729,21658.9,19226.1,18958.7,21923.2,16329,19442.7,19857.8,16159.8,22416.9,17593,22028.1,21425.5,16599.1,17063.2,18099.6,18153.3,21482.7,16476.9,19164.7,21778,21576.7,19079.8,16593.4,16790,23001.8,19823.6,19610,19505.4,18319.9,19567,21088.7,18148.8,19969.6,18131.2,19752.6,16917.8,18487,21308.6,18341.9,21496.2,19272.1,23033,17251.1,18676.1,20412.1,17595.5,18599.4,18121,23265.6,18370.2,18257.5,22885.1,20911.7,21347.2,23240.4,19540.1,19392.1,17807.3,22854.1,17865.4,20793.4,20872.6,17893.1,18323.7,23838.5,22956,19139.9,22411.4,19782.9,21638.8,18256.6,17911.1,16372.5,22306.3,19345.9,18810.1,17477.9,18432.7,22549.7,20755.4,20162.7,18339.9,21005.7,21331.2,21306.6,19865,15308.3,22130.3,22005.4,20597.2,20636.3,16869,22135.8,16789.5,19316.8,17417,20290.9,20994.6,22582.2,22825.9,22810.7,21512.1,24927.3,29963.2
32072.2,26598.6,23151.2,21397.6,19360,20219.4,19489.2,20314.6,15630.5,16526.3,20799.9,17207.3,21022.9,19073.3,17240.1,15682.8,16548.6,17628.2,20392.5,19383.6,19630.3,17938.6,18925.2,19854.2,16154.8,19698.7,18887.5,17983.9,18386.2,18339.6,21617.3,15884.7,16464.6,20647.5,20429.3,21206.8,17443.4,16943.8,18110.5,16069.7,17459.9,17616.7,20318.3,20225.7,20742.4,19875.6,17813.3,20994.7,20037.4,15759.1,19344.9,18341.5,19506.8,19735.4,21225.7,17775.2,18193.8,16245.7,17416.5,17826.2,20145.7,20621.5,19340.4,20814.5,21662.4,19601,16089.7,15253.2,20099.8,18811,19270.5,17021.7,21471.9,17651,20638.7,18797.1,21413.1,16305.6,19700.3,18034.9,20348.7,20432.4,18892.6,20246.4,21701.3,15502.5,16164.6,17889.6,16646.5,19888.5,20709.7,16690.2,15306.2,15537.7,19612,19503.7,18455.5,17131.8,18600.1,20267.8,19124.1,16238.1,15408,16805.3,18054,15477.6,19692.6,15287.5,17715.9,19955.8,17748.1,17517.5,19257.5,17761.5,15997.6,20992.5,16429.3,16169,18493.5,16650.3,20791.6,17748.9,18933,18577.6,16479.9,18793.1,17186,16660.3,20728.9,21888.2,21592.4,20964,21298.7,21064.5,19912.3,15592.4,20117.1,20004.3,17371.6,17645.5,15247.3,17433.7,16054.1,19106.8,15549.4,19330.5,16976.8,16013.7,18037,15040.9,17497,17114.5,20554.4,19534.4,16034.9,17863.5,21621.1,16016.5,17746.9,15163.4,16164.5,19821.9,15231.7,18518.4,17031.3,20514.1,19076.5,17453.3,21764.9,21822.4,20518.1,19883.9,16926.7,18101.8,17148.6,22010.1,17792.9,19132.8,18764,16574.8,17485.8,22014.3,19614.7,20923.2,16931.6,19068,16119.7,18240.8,21187.5,16752.2,19683.1,22051.7,21908.9,21061.5,17388.5,20834,21622.2,17749.7,20294.8,19945.2,21075.9,18356.9,19625.1,22518.3,16891.3,19248.5,22174.3,17745.5,17973,21006.4,17725.3,20299.7,20625.4,20413.9,22446.9,18964.7,16670.7,17572.9,18502.9,15640.5,16326,19893.8,20721.5,18086.4,18667.8,16955.4,19398.5,17916.4,16754.6,19807.2,18030,20073.4,21027.6,17892.6,21497.3,16659.4,17923.6,16612,18252.7,21456.3,20934.7,16492.3,19144.6,15708.9,17234.6,19613.8,20297.2,21560.1,19157.5,21481.7,16872.1,16472,16387.9,19915.1,17944.7,21715.6,19301,20679.2,20047.2,17867.3,18240.6,17735.9,17886.8,18301.1,22192.2,21888,22000.1,22522.3,18105.7,22433.8,21196.1,18568.9,21802.7,17523.4,20979.7,18985,20234.8,17415.9,17148.6,16687,21594.7,17085.2,22259.2,17529.3,17298.9,20254.8,16295.4,20371,22397.1,18887.5,19384.3,22536.4,16905.6,22072.8,20859.8,22120.8,21435.6,20175,19513.6,20223.1,18486.4,20596.4,20285.8,22558.5,20491.1,18897.7,16520,17105.4,18312.9,22662,18311.2,19341.5,18787.1,21995.1,16732.7,22774.5,18988.5,17458.3,21158.7,20983.3,23449.2,17928.5,19545.3,17727.4,23373,23808.1,20657.9,22991,22582.7,22491.8,18432.3,21205.7,21128.9,21399.4,18177.8,19437.2,21817,21305.2,21082.4,18958.2,22426.6,19487,19622.8,24105.4,19541.8,19540.2,19197.1,21286.6,21977,17964.6,18102.7,16793.9,19703,17496.7,19166.5,19144.4,18967.2,19997.8,20057.8,19318.3,22459.2,16571.8,19162.8,19726.2,19370.1,15821.4,17114.7,17939.6,16885.5,21635.4,18244.5,18744.8,20420.3,19157.6,19419.6,17018.1,20418.2,21326.4,18437,22601.8,20823.6,24102.6,25942.7,29465.5
34197.3,27753.4,22288.4,21542.5,23397.6,19005.5,17266.2,16979.1,16446.9,19882.5,21147.9,19919.8,19625.7,19507.5,18146.1,18775.8,21044.4,20370.2,18578.9,20158.5,20390.8,16876.2,18196,16496.2,17694.7,20629,20288.6,17704,18056.4,19903.7,17247.4,17261.6,18419.8,21155.5,19372.1,21196.3,17223.9,19877.6,21054.9,17206.8,17872,20617.8,21326.3,16613.2,18711.5,15573.7,19789.1,19975.1,15881.8,18428.7,16715,16442.7,18688,15996.3,21124.6,16231.9,20083.7,16767.6,15506.3,20841.4,19401,21647,16656.4,19511.3,15777.1,15300.4,16831.2,20977.2,20003.8,19747.1,18668.8,17483.7,21707.3,17610.3,15524.8,17267.2,17591.5,16479.6,20584.4,15924.5,17765.1,18692.6,21520.3,20846.6,18739,20010.4,20755.1,17207.4,19935.6,21805.6,16701.3,17325.2,18403.7,16398.5,20437,16442.4,18020.8,16911.1,18332.4,15978,15270.9,19883,18579.7,19380.3,17901.7,16075.1,19035.1,19154.2,16543.1,21820.8,16916.1,18727.4,17638.9,17585.4,21537,21401.4,20461.7,21089.2,21974.1,21782.7,19313.7,15885.6,18559,21023.4,20939.1,16885.2,17875.2,19244.2,18424.3,18675.8,17010.6,17546.2,19450.3,20092.9,19365.9,21644.2,17940.8,18527.2,18726.1,19383.6,19613.4,19155.7,15235.3,15748.1,14574.3,15418,19413.2,16937.1,16082.8,15044.4,18625.4,16369.7,15489.2,14838.2,18964.3,20408,16355.7,17992.2,17125.7,21046.9,18328.5,16231.8,17935.6,21096.2,18908.4,20316.7,20968.2,17725,19867.5,18044.8,16585.2,20902.9,16188,18936.3,20939.6,17233.1,21175.6,20150.8,17938.7,19146.8,20047.8,21079.4,16456.9,17472.7,19751.2,18568.3,18545.4,18476.2,20968.4,20278.8,20060.7,21537.5,20318.2,16831.9,21903.4,20414.9,18719.7,16480.5,22350,16784.5,22103.5,17399.5,20825.3,21238.8,16846.4,19675.2,18650.5,20738.6,17851.6,17019.2,17848.2,22031,19321.6,20024.4,17096.3,17314.5,16673.2,21060.3,18508.9,16870,20895.6,17218.9,21581.8,18180.2,15708.5,20597.2,19041.2,17810.2,19785.6,20844.1,17273.6,21942,19591.2,20034.1,17891.7,19492.9,18459.4,20850.8,20449.4,16076,16295.2,19789.7,21740.2,19243.4,17664,20259.9,16911.3,19010.7,17561.5,17929.9,21623.5,18774.5,21422.9,19055.4,19483.5,20678.7,21324,19509.1,19170.4,19395.3,16844.6,21157.5,21922.4,16942.5,21399.7,18826.2,20525.3,20532.9,21965.5,21458.7,16665.1,21145.5,18262.8,16144.7,17059.4,17732,20847.4,21022.9,20301.7,17729.6,16084.9,16833.5,18365.8,17251.6,20661.1,21456.3,22617.3,16333.3,18395,19617.4,16733.3,17313.4,17839.1,19521,16537.4,16382.3,19348.4,17316.3,20683,17131.6,19371.5,17367.9,21641,21868.1,20559.9,21048.5,16824.2,19022.7,20734.4,22179.6,17648.1,19485.5,16907.7,17714.7,19965.4,20028.3,20084.8,17227.9,19050.7,22760,20588.9,19011.8,21707.8,20826.1,21111.8,24111,22271.6,22665.8,23875.4,21207.7,22112,19169,23780.7,24183.3,23279.6,22153,22032.9,19583.8,20441.1,18035.2,21852.5,18246.8,22941.7,20371.7,21532.6,21120.4,21310.2,23695.8,20745,17897.1,16799.7,21367,20821.2,19697.9,19932.6,19793.5,21981.7,20675.2,16284,17083.9,17072.6,17387.4,21464.5,15816.4,21445.4,16563.3,20700.4,19973.3,18939.7,19857.2,20455.7,18202.5,16676.6,22049.7,20544,20105.3,18148.1,19673.7,20653.2,23253.2,23376.4,23517.1,29700.7,32515.7
29365.3,27943.1,26411.9,24150.5,19753,20659.9,21623.1,17959.7,17481.2,15299.2,19267.1,17720.5,19646.1,17127,15990.1,15497.4,20566.3,20562.3,20849.2,16882.6,20678.8,18258.5,17339.1,15330.4,15667.3,15214.8,21071.6,16085,15236.8,19902.8,15361.6,20919.8,21523.2,21491.5,21107.6,17595.9,20015.6,17245.4,16226.1,16255.6,18093.8,18440.8,17288.3,17051.1,19891,17859.2,19954.4,16114.3,18067.1,19903,21343.8,15854.1,17162.3,18005.3,19426,18918.9,17167,20557.5,16523.7,15434.5,21221.6,19158.2,17262.1,18785,19824.3,21475,18823.3,19239,20855.5,17448.3,17140.3,21181.5,21073.9,15523.9,17718.2,16133.9,16397,15242.3,17370.7,21213.4,15756.1,19869.6,19864.4,15220.4,16856.4,17570.1,21332.3,18937.1,17897.8,20395.6,19418.1,19020.3,17232.5,16341.7,18604.6,15190.2,20859,16297.2,17770.9,15312.6,20116.5,20195.5,19892,16055.7,21613,16972.4,17841.6,20174.7,16146.1,15968.6,16641.6,18100.5,17215.2,21928.8,18067.1,17668.8,19011.6,19913.6,19672.7,16593.6,21781.7,19141,16739,21562.7,17953.2,20693.2,18669.4,20073.9,17989.8,20625,17985.6,16585.4,16855.4,22280.2,21010.8,15661.4,20555.9,15188.2,20918.9,14903.1,15372,17269.8,20075.6,17124.3,18490.8,15380.1,19567.6,20369.3,17301.2,20083.1,21324.6,20216.1,21106.2,16991.7,17442.2,20290.9,17816.6,21139.9,15284.7,21669.1,19819.2,18543.4,18762.4,15664.2,16482.7,18117.6,21165.9,15658,20466,19263.1,19397.2,18643.7,19811.7,20905.4,17043.2,17942.9,20498.3,18399.3,19868,20662.9,21860,17585.4,15596.1,20195.4,15540.8,17178.9,19275.3,17093.5,19020.4,17751,19864.1,15923.6,17218,16809.3,20999.5,20417,20434.2,21745.4,17755,22219.3,21435.1,18151.9,20009,19537.1,17123.6,21672.1,22071.6,19499.6,20692.6,18398.9,16518.4,21158.2,21159.2,16677.3,18191.6,18147.9,18284.4,20133.3,21069.7,20999.3,18301.4,19254.1,15907.5,19506,21294.5,18408.9,18038.6,20349.9,17456.2,15723.4,17346.8,15456.4,18318.8,17568.4,19781.7,18009.2,21236.9,15957.3,18271.6,18576.8,15735.4,16084.7,15647.7,21864.1,17565.1,17527.4,18915.4,20096.5,15686.5,19396.9,17536.8,21179.2,18155.3,22002.4,18574.2,16535.6,16711.8,16033.9,18136.2,19085.9,20199.9,15950.7,17008.4,19648.8,18984.6,21579.5,21896.3,17373.8,19675.3,17098.3,16283.9,18894.1,17509.6,22696.9,22306.7,21181.3,21646.9,19323,16548.2,20632.4,19168.2,19863.9,15929.5,20625.1,19893,22488.9,20146,18682.5,18731.7,19000,21211.5,20360.6,16163.2,16220.3,17386.2,18755.9,21220.9,20292.6,21557.2,22326.9,20160,18827.6,18992.6,17102.5,16668.6,16580.6,17223.4,22135.8,16693.7,17546.9,19021.7,18157,18075.8,20032,19933.8,17653.8,21121.3,17397.5,17994.2,17827.3,21201.4,18535.7,22668.8,17877.2,20103.1,23410.7,23003.4,23157.5,22640.5,17851.2,21798.4,21949.5,23369.7,20854.5,23194.3,20222.7,20063.6,22431.4,23489.1,20337.8,21563.9,21053,20145.6,20664.2,18119.8,21328.5,20689.5,21620.5,21959.4,21425.4,20753.4,21065.7,19583,18315.7,22799.5,16788.2,21332.9,21239.6,17764.7,18979.3,19221,22169.9,18474.9,19560.7,19901.2,21154.1,18798.5,19481.6,22362.5,21466,21841.8,19176,20560,21670.9,22905.2,19095,20592.1,17344.8,22963.1,18121.2,23900.1,21825.1,28034,33117.8
34138.9,29626.6,22408.2,24707.8,18871.5,17115.9,17110.1,20741.6,16996.7,21508,21365.4,17366.2,21443,19716.5,18691.6,20444.8,16665.5,17991.4,16254,14874.5,15603.4,17803.5,15828.6,15495.8,15472.4,17470.7,18104.6,18154.3,16131,18141.7,21290.8,19949.4,21339.8,21064.2,18261.9,17005,16021.7,21864.4,22121.4,20805.3,18523,19535.6,15805.9,18530.7,17356.9,17087.6,17969.8,17196.8,19714.9,17346.8,19460.7,16541.7,20538.9,15883.6,21220.3,18778.6,19088,20626.3,18094,17104.5,16993.6,17393.8,15324.8,15522.8,21644.1,18669.8,20302.1,21514.8,19073.1,17733.8,20084.5,16639.7,18317.1,20186,18282.2,17417.7,16392.3,17082.1,18748.8,18362.5,16531.2,16988.1,15390.6,21068.6,15759.1,19674.4,15739.1,15858.9,15178.9,21199.8,20138.7,18746.3,18201.2,17608.3,19440.7,15405.2,17330.6,18218.1,21466.2,18806.6,17817,18268.7,16225.7,15200.4,17235.6,20386.5,19266.5,20475.5,18136.2,15691.1,17302.9,21048.5,16686.8,21512.6,20667.5,18098.6,18746.8,20020.6,21138.1,21043.4,18378.4,16305.3,19119.6,20199.6,22082.8,19773.9,20634.4,20863,22137.5,17128.8,16506.1,17616.2,22428.2,17533,21460.6,16285.1,16022.9,17612.9,16599.7,17029.4,15747.9,19998.1,16812.7,16142.8,20411.5,15229.3,20070.6,18689.9,18435.2,16281.5,16105.1,19785.4,16367,20163.9,13952.9,15038,17212.9,17425.4,17523.3,16514.6,17810.9,15306.6,21108.7,20561.9,18697.9,15287.8,20991.4,20399.7,18760.8,17462.5,18544.8,20441,20027.4,17276.9,18699.5,18173.4,21014.7,19881.9,20954.3,21994.1,15835,16211.4,19996.8,16825.1,18066.1,20201.8,19619.3,18115.6,18502.6,19345.1,21146.7,17251.6,17861.2,21486.9,22002.3,20459.3,18288,16734.5,16444.4,22492.5,22081.5,21046.8,19268.6,19371.7,21404.7,22570.3,19450.3,22520.2,20134.8,22541.7,17550.3,21180.1,18148.7,19866.3,19159.3,16090.5,18816.4,17141.4,16986.7,18651.9,18105.3,16217.8,20727.2,17051.2,21765.1,17989.7,17376.1,19351.8,15891.9,18950.2,20215,20607.2,15495.7,17544.6,18390.8,15862.4,20968,21177.4,17141.9,19869.1,22010.9,18118.9,15686.4,17427.7,20971,20472,21007.7,17893.1,16279,16479.6,17334.2,18957,16347.8,20867.1,19751,18473.4,17251.8,17529,19854.9,15756.8,21645.1,17511,16312.1,21571.2,17247.7,16705.6,17033.4,16335.5,18911,17157.7,22764.2,17834.1,19228.8,18114.4,20097.3,16520.3,22009.8,21009.1,16995,18724.9,18788.2,19749.8,19865.9,16268.1,17130.6,21100,22262.7,19095.4,18813.3,16110.7,22019.1,20479,21628.6,17302.6,21812.3,18711.1,17556.8,21490.7,19493.3,22762.8,20354.8,16663.5,18769,17695,22343,20217,17020.1,20943.2,19002.2,16598.9,22448.8,22482.4,19911.4,22872.7,18181,22914.3,19311.3,21842.5,21927.8,21324.1,17589.9,24026.4,19479.7,22962.8,21014.5,18104.2,17629.2,18141.7,23635.7,19819.8,22531.4,21592,18317.6,19614,21142.9,19981.1,21905.2,21946.7,23463.5,19804.3,20883.2,22604,22675.2,20617,22257.4,18363.3,22255.8,24247.8,18366.2,19615.2,20689.3,22231.2,21163.4,17127.3,21035.2,18739.3,22060.8,19154.1,16838.3,19454.2,16956,17949.3,17448.5,18703.4,19969.9,21578.5,19521.8,15993.2,17436.7,18252,20573,19640.5,16566,21598,21298.6,22249.2,18643.7,17410.9,22353.3,21256.4,25099.2,24402.4,24541.5,33487.4
31241.9,24012,23308.3,22602.1,19873.3,23034.9,19809.5,17179.8,15993.1,21157.6,20404.9,16564.3,20083,15056.4,16937.2,18033.1,19994.6,18701.3,15547.8,21250.9,15434.8,15526.9,14825.4,15298.3,16741.3,16106.9,15704.9,15596.8,18569.5,16928.4,15499.1,18781.2,21596,19274.5,21353.9,16995.4,19361,17157,16023.7,20785.8,21758.8,17543,21967.9,21301.3,22097.5,18098.6,19763.2,16239.1,18696,19047.5,19703.7,21570.7,17858.5,18578.8,17415.5,20081.7,17512.5,19926.1,17549.9,16448.7,20911.9,21533.3,19381.1,19246.9,18972.2,17349.8,15423.1,15400.2,20751.2,16245,16516.5,21081.8,20480.6,15371,16831.6,15125.5,16499.4,19937.8,18517.9,15568.6,20825,19329.2,16066.8,17444.1,18925,16895.1,20868.9,21140.4,21740.6,15861.9,19971.2,16860.1,15393.7,21753.4,15323.1,15080.4,21065.5,16870.8,20707.8,15780.7,19396.4,15538.7,15227.7,18807.4,18190.9,17587.1,16252.5,19924.7,20233.8,21562.1,18276.7,19370.5,18572.4,16584,20906.4,22424.1,21592.6,18050.3,16972.8,21845.8,17891.1,18937.2,18180.5,19314.7,22389.3,21098.3,20290,17323,17038.2,21124.8,16098.7,15959,21832.3,17951,17157.7,18338.8,15614.2,20806.2,19724.1,18984.4,19606.9,20279.2,16913.1,15135.1,17945.3,16715.3,15195,17989.5,18992.7,18738.6,17964.7,20168,20916.2,15356.9,14294.1,18822.1,18609.5,18888.6,16539.9,19004.3,15826.4,20959.8,15743.9,18394.5,16207.8,20215.5,20477.2,19668,15815,20371.2,19628.1,19789.1,16850.6,17284.9,21345,16060.3,21717.3,20229.3,21687.7,16648.7,21520.2,20926.6,17373,17878.5,21091.1,16660.7,20386.3,20526,18033.2,16186.7,21059.6,20778.4,20205.1,16525.3,16230,20066.2,18522,16652.6,22028.2,17225.7,17144.6,19749.5,16836.5,18388.5,20154.3,22905.2,21332.4,19520.3,19743,22468.2,17546.1,21225.4,17413.3,18171.1,20904.1,21551.4,17185.9,19099.8,18102.1,16561.8,18927.4,20011.9,18172.3,20951.3,18827.4,21334.7,15369.6,17420.3,18884.3,20359.7,21755.8,21044.5,19994.7,21726.8,19885.2,19888.6,20769.2,21568.6,17451.8,16331.2,21249,19247.4,21358.5,20970.3,16534.5,21190.3,16224.7,15877.4,21083.2,20702.7,16386.7,17859.9,16203.7,18734.2,21091.9,18870.9,18020,21737.8,19533.8,20067.6,15562.7,16724.4,17038.3,20768.2,16412.4,20046.6,17616.3,17366.4,21642.4,19942.5,19244.6,19560.3,20940.1,19783.6,19787.8,18571,17048.5,20175.3,17763.9,19970.3,22744.2,22535.3,17514,20247.7,19632.2,18813.9,20092,22518.3,20508,18958.9,20188.2,22516.2,17654.9,16619.6,22466.7,18928,18978.1,16757.8,19014.1,19317.5,17683.8,22371.2,18940.5,18229.6,19415.9,18223.3,19208,17586,17157.4,18136.2,20943.6,21633.5,17053.7,19964.2,20033,17943.3,17205.9,19537.3,23656.4,21004.1,20667.3,19794.9,21713.1,20906.8,18589.2,17896.2,24022,23490.5,23284.1,19858.7,22780.4,20354.5,18234.6,21647,23003.1,21120.4,20077.1,19227.7,23972.3,22666.1,18884.8,23010.4,18845.6,18873.2,18158.8,19804.2,21246.2,19727.5,20667.2,23536.2,22580.4,18937.4,22401.1,22075.8,21547.8,16927.2,18615.3,22850.1,17961.2,22159.8,20694.7,21011.3,17329.9,17256.2,17616.8,15619.7,15988.5,20753.3,17457.5,20810.5,19130,20137.8,18821.6,20445.6,16794.6,16920.7,21437.7,18651.8,20230.3,21417.7,25237.3,25895.4,27700,29556
30955.9,27079.5,24838.6,23033.7,22811,22269.7,18720.3,21231,17038.6,17899.6,20971.4,15955.8,19894.4,17168.1,18091.7,21063.9,16452.1,15816.2,15912.1,15062.8,15882.1,20609.4,17732.2,15265.7,15191.1,19715.1,19683.8,19084.4,19523.1,15556.6,20123.2,16131.3,16717.7,19713.9,17546.2,20550.6,17298.6,19965.5,20610.9,16753.4,20413.6,17216.3,19913.5,18458.9,21187.3,15947,16336.5,20386.2,15678.1,16363.6,17042.5,15688.8,17731.2,17812.3,21814.7,17628.4,20715,16900.7,15624.8,15519,17090,21453.8,20491.7,21081.4,16419.7,19351.3,19207.8,19634.4,16604.8,15730.6,20265.4,20029.2,20256.7,19754.6,19144.6,17342.6,16986.4,20480.1,19804.6,18383.3,15281.7,16427.3,19977.4,18158.6,19531.6,20653.6,18705.9,20192.4,18465.4,21111.2,16410.1,17380.8,21437.5,17168.4,20062.4,19381.7,16346.3,15700.9,15752.6,17204.9,16890.2,18375.3,20134.6,15859.7,20157.7,21245.3,20545.4,15515,19295.1,20800.7,21247.9,16220.8,21048.2,18195.7,21379.2,21957.6,19189.1,16216.6,21652.7,21659.6,18995,21739.2,22158.6,20310.8,22096.2,19884.4,16724.3,20745.8,18404.1,20771.9,16995,17877.5,18340.5,19673.3,22145.4,18541.8,20034.8,20940.6,18970.7,20567.2,15315.1,19700.6,20917.6,19094.2,19151,20369.3,20138.6,20648.9,16181.7,15889,18246.1,16209.8,18799.8,16041.3,18437,18216,20035.5,21046,20105.2,15926.2,17739.5,21314.2,15748.8,15123.8,20699,17415.9,20227.9,21685.8,19481.4,17558.4,20499.3,21964,22325.9,16787,20869.1,16103,16518.8,18498.8,20898.4,16479.2,20687.5,21816.6,16713.5,19589.5,19699.4,19954.8,17613.3,20879.2,20900.7,19967.4,18406.6,18595,15918.3,17088.5,17887,16645.7,21400.9,19189.2,19001.8,22827.3,18389.9,20434.3,18275.9,18473.4,18993.1,22551.1,22044.4,16806.1,18073.3,17293.6,20003.2,19312.3,19641,16529.8,18919.2,19820,21502.2,19005.1,21745.7,18997.6,18131.9,21643.3,17949.5,15562.4,16059.1,18702.8,17642.6,16094.2,15237.1,17157.8,19325.9,18187.5,21946.5,20734.7,21786.3,21860.7,15500.7,18976.9,16978.2,16933.3,17455.9,16325,18424.6,21179.6,19417.8,18618.4,17893.4,16369.1,17916,17419.3,20939.7,19183.3,16421.6,18346.7,19484.2,18761.8,19585.4,20355.7,17154.6,21495,20369,19881.6,17004.6,16514.4,18555.8,22104.9,21036.2,22405.4,18221.2,19964.7,19619.3,21324.1,16591.9,19234.6,22125.9,19426.2,17043.9,20907.4,18079.4,21468.9,19767.3,18305.7,20565.3,21181,18591.9,18436.1,20889.8,18163.7,17422.4,20792.6,17957,20950.5,17448.1,17213.9,18387.4,20108,22450.3,19505.4,19621.6,19034.3,20228.4,21603.2,17037.1,17809.2,18990.4,19922.1,20633.3,16630.2,21838.9,20244.8,17666.4,20381.1,22547.9,22646.2,20748.8,18750.7,18132.2,21597.2,20754.4,23609.1,18996.9,24209.5,17670.5,22819.7,22813,18622.2,22048.2,22321.9,21129.3,22379.9,21425.1,17563.1,19477.7,21371.5,19560.4,24178.6,21789.3,20515.5,20738.3,21540.8,20593.7,21982.9,21067,20121.6,22194.9,23028.2,19594,23492.8,18784.8,19363.7,19806.2,18169.3,18668.1,20905.3,18176.4,22059.7,17455.3,17803.3,17531.4,19704.4,17952.2,18260.3,20530.5,21154.5,19572.9,19602.8,21558.8,20571.1,20921.2,18381,21953.4,20953.5,16320.5,23190.6,21480.3,17146.7,18766.7,20860.6,21100.3,18118.8,20457,27438.7,26912.5,29361.8
32251.5,26697.7,24220.1,21905.8,24125.8,20931.1,21135.1,20567.5,19820.1,15828.9,20605.5,18842.3,19775.6,19987.2,15260.2,16238.2,20129.9,20659.4,16781.8,18162.8,18901.7,19974.3,19670.4,19853.6,19757.1,18975.8,18108.7,21016.2,21251.7,16176.5,21489.8,20691.6,21411.8,21559.5,17506.5,15637.4,22048.3,21367.6,19510.6,15824.8,17927.6,21722.2,16788.7,20985.8,21025.5,20523,21912.4,19676.5,20013.7,16149.3,18435.2,20403.5,21884.3,16125.4,18974.8,21936.3,17279.4,15928,21091.8,19421.5,21558.4,16619.4,21352.1,19756.3,18104.5,17885.5,20719.3,19439.4,20127.4,20420.6,19703.2,16003.3,18586.3,16153.3,16349.4,15749.9,18292.6,18930.3,18661.3,20271.9,17181.1,14942.4,21085.7,14906.4,17482.8,18615,18930.2,16179.8,20463.1,16607.2,16649.5,21475.8,16992.2,18529.5,20715.2,16570.4,15765.3,18870.9,21390.8,15497.4,21406.3,18154.6,15468,16542.8,19339.9,21323.1,17659.9,18492.6,15206.7,18332.4,18970.7,18489,16940,21133.2,20957.7,20486.1,21009.6,16889.4,21455.1,19767.1,21002,15830.1,16411.8,19683,19630.6,18264.4,17681.2,22303.9,21357.9,22291.7,16872.2,19088.8,17279.6,19511.5,20013.8,16753.6,21181.8,19616.1,17728,15327.9,16990.1,15602,20913.2,16695.4,19017.5,16663.2,20550.2,14963.7,20032.9,19067.2,17101.9,18360.8,15154.2,17154.5,19083.2,19734.3,15491.3,20170.9,21552.7,18525.2,21088.2,16271.8,17784.7,18344.5,16215.5,19340,17561.7,16406.8,16244.9,18001.8,19479.7,18356.7,17759.6,18854.9,19090.7,22061,17486.4,17197.6,19431.1,18754.2,20149.1,19887.6,17054.4,20162.1,21355.1,18764.3,19990.4,19346.2,21564.1,19592.2,18254.6,18485.5,20386.6,19955.1,22508.3,19873.1,19616.1,19336.4,21572.4,22582.5,19416.9,16796.2,16456.4,18044.5,21488.7,20090.1,21836.4,21360.7,19118.1,21817.8,19414.5,17939.1,22442.5,19669.5,19612.5,19537.8,18774,16551.7,19476.1,20202.4,22139.2,18590.3,15905.8,20221.5,15807.3,16162.4,16211,18678.5,20198.9,21406.1,19995.4,20919.3,21304.2,18420.5,18804.5,17004.5,20780.4,15993,17135.8,19791.3,16237.8,17817.9,18698.9,16590,17740,17522.1,18171.1,21034.5,17838.8,16143.7,17688.9,20710.3,21261.2,17354.8,18816.2,20921,15286,16450.4,20887,20174.1,19819.8,20080.1,21310.7,16215.6,19351.3,19041.9,20621.4,21291.2,19194.4,17955.1,18358.2,22493.9,20067,19589,21435.1,18574.6,19849.2,19737,20272.4,19413.4,21052.8,18040.4,22041.5,22161.8,16616.1,19709.3,19253.6,16030.4,21347.7,20434.2,21548,16443.8,18163.4,19478.2,17387.2,17466.3,21414.5,17708.2,20404,22679.4,16999.4,22350.5,16705.6,22158.5,18533.4,18444.9,21330,20875.7,18556.1,18167.9,21272.5,18113.2,17743.7,22722.3,18467.5,18355.5,20180.8,19591.5,17444.9,17239.8,19420,19710.9,21897.3,22658.5,21932.7,19059.7,18591.9,20848.4,22910.5,19247.7,22097.6,19007.7,20074,20915.3,18528.3,23618.4,23572.2,23364.5,22779.8,22035.1,22236.2,23924.6,18033.6,18841.2,18338.6,19491.1,18667.6,23947.2,19358.7,19898.8,20146.9,18481,17370.5,19915.4,16980.8,22432.5,21185.2,20787.3,17232.4,16316,18015,20986.8,20847.9,17083.7,20595.2,20649.5,16660.9,18754.5,21799.6,17796.8,22512.8,16538.3,22660.5,16985.2,19928.8,19102.9,18213.2,19069,17079.5,19992.6,20234.6,22436.5,26831.4,30738
33180.1,24287.4,23936.9,24551.6,19037.1,17883.3,20555.7,20288.4,21950.8,17015,15395.6,17542,15165.4,18274.9,19294.8,20310.1,17095,20886,18451.6,17047,20952.1,16852.9,16377.9,19815.3,15703.9,17791.8,15598,17756.6,19473.3,16607.7,17961.7,18665.3,17601.3,17134.6,20220.2,21223.1,15751.4,19330.5,20807,16705.8,19046.2,19811.6,19443.1,21807,17465.9,16908.7,19138.5,16890.6,16279.2,20797.4,17540.2,17427.5,19160.7,21519,19907.8,20661.3,17113.9,20167.9,18910.3,21506,20931.5,17664.3,17749.5,21694.7,21894.4,15920.2,16255.9,18763.2,18061.3,20728.8,20391.9,19893.6,15736.6,16113.6,17434.4,15708.7,18060.1,21334.4,21524.8,17215.4,20915,16813.2,18058.9,18030.4,15017.4,18747.9,21306.9,17299.1,17313.8,15630,15366.2,16621,19320.5,19258.5,20294.9,21591.4,15400.3,19265.9,21336.7,15456.3,18611.3,17676.6,21240.1,16875.8,17802.5,15868.8,16783.3,20486.8,16138.8,19431.7,16872.1,18050.3,19917.1,16283.3,16725.6,16594.6,20824.5,16444.7,21953.8,20295.3,18716.8,20732.1,21757.8,17713.3,17549.6,18623.5,18823.7,21243.1,16017.8,20841.6,18128.1,15659.2,21389.5,22181.6,16002.2,15990.9,20404.3,16278.8,15636.1,17110.6,17542.1,15480.1,18303.2,20086.1,18441.8,15400.7,20870.5,16213.8,20802.7,20280.9,18333.4,18789.9,15651.4,19237.9,19232.8,19911.6,20276.2,18853.1,20734,20472.3,20162,19787.4,20165.9,17368,20266.9,17222.1,18623.2,18470.6,16485.2,19149.1,21061.5,21333.8,19686.3,18759.7,16174.4,19451.9,21173.8,22053.4,18343.2,16026.4,17538.4,17897.1,18680.7,16865.4,16426,20066.8,21297.1,18132.6,15901.3,16383,17428.2,16722,18859.4,16316.5,22424,17270.4,20659.3,20818,21790.1,17719.9,17139.6,19340.9,19118.2,20850.5,19025,16757.8,18863.2,17559.3,19762.5,18436.9,20249.8,20492.8,21935.7,18139.1,22374.3,20387,20050.4,16037.5,16866.8,16789.2,21303,18537.1,19158,17882.1,21390.2,15805,19846.4,19193,15998.8,19308.9,19518.4,20958.1,20849.2,16408.7,18251.6,21186.4,15601.5,16762.2,20284.4,18713.7,19672.8,16456.3,16733,21064.1,18770.2,17204,20721.8,15688.5,17680.7,18267.2,17075.4,17987.4,19339.5,18683.5,17224.5,17157.7,18206.4,18923.9,19693.4,16418.6,21364.9,21543.2,19366.9,17836.2,18736.8,20363.4,18943.6,19901,22137.1,21193.3,18749.9,17113.2,17282.9,21958.8,20453.4,17800.4,19337.3,17194.2,15935.5,22358.4,16714.8,19029.9,18090.8,21702.2,17705.7,19832.3,17771.1,22436,21910.8,19887.4,20930.9,19989.6,19700.7,19122.9,17120.5,18488.5,21510.5,22486.5,22520.9,21352,20038.3,17490.9,21500.6,20411.7,21264.4,22148.9,18782.6,16926.1,20699.6,17688.3,21948.9,18156.2,17409.9,22570.3,19368,22369.4,21027.3,17599.3,21585.4,17587.4,17309.8,20433.5,22751.6,23297.8,20338.8,21737.4,21474.1,22305.3,19623.2,18499.3,22255,19145.8,18064.2,19456.9,19923.6,23459.3,20646.7,22115.8,21912.8,21916.1,18492.9,21194.6,23941.9,24175.5,22721.2,23749.1,22580.5,18377.1,19949.3,20983.5,20205.2,17107.4,17524.3,20806.1,18069.2,17546.6,19677.6,16715.6,19537.3,17878.3,18995.5,17754.4,16753.8,16271.3,16208.7,17659.3,19234.9,18211.9,20438.3,23095.4,18757.8,17865.3,18849.3,22364.2,23132,21032.9,21247.9,21411.2,20928.6,22658,20087.4,26059.9,28753.5,33037.7
33783.6,30314.1,24779.1,24580.1,20060.1,22089.8,20262,22056.2,15899.9,15694.9,15439.4,17072.8,21162.2,18255.1,16483.8,14926.8,14957.8,17996.5,20527.4,18658.2,18832.4,16345.9,19840.7,18639.1,17886.6,18776.7,16066.4,17704.8,19512.3,16622.5,21446.1,16644.9,20221.4,20873.4,15527.7,16214.8,21947.2,18972.1,22170.4,19761.7,16588.4,21247.5,17938,20920.4,20197.1,16277.2,18669.7,20533.6,17025.9,18399.3,21754.9,22026.5,17206.1,17761.3,21487.5,16558.5,15961.5,17990.5,20566.7,21049.8,20954.4,19683,17773.5,16994.6,16501.5,17435.2,16718,17016,19033.2,20998.9,19018.7,19265.6,20718.3,18581.3,17232.7,21628.6,20441.4,17632.3,20875.8,16792.8,19707,16519.3,16632.5,20081.4,17994.1,16906.1,20463.9,16853.7,16100.2,16710.5,18447.9,19971.7,18912.5,17633.9,16530.1,20079.3,15992,19021.8,20435.2,21653.9,16757.1,18499.4,20501.4,18914.4,21492,18040.2,18250.6,18861.3,15335.8,16491.5,18772.9,19529.9,20289.2,16663.8,19138.2,22360.9,21133.7,19250,21385.1,18106.7,20073.4,16244.9,16983.9,21756.1,18426.1,18696.5,17958.5,17055.8,16972.6,20523.9,19550.9,20015.1,20681.4,16144.7,20354.8,16358.6,15314.7,19172.9,19828.6,18873.7,18631.3,15860.2,16050.7,19981.5,15023.6,18195,18136.5,18218.4,17295.2,19088.2,18328.1,16342.7,16667.1,20971.9,14792.9,17307,15976.8,17093.2,19447.5,15623.1,17137.8,21252,15512.2,21603.1,20367,18650.2,20416.2,16113.5,16569.6,18349.8,17844.9,17901.8,18003.9,20676,20893.3,18667.4,18558.5,21278,21991.4,16983.3,18113.9,17825.4,18546.2,21155.5,18150.7,20641.2,19124.4,20205.4,18172.1,20304.4,16346.9,20723.2,17913.4,18046.1,20852.1,18722.5,18219.6,16897,18551.1,21757.8,21852.3,22150,20546.3,21376.3,22898.5,19882,19625.6,18384.3,18363.7,17959.8,18260.4,21323.7,17125.1,16785.5,20503.5,18357.1,16620.6,19426.3,18943.3,18338.5,17201.3,18709.5,20145.6,20701.6,20800,15611.1,21708.1,19847.6,17819.4,18300.3,16359.6,18446.3,19055.8,20792.6,20210.3,19484.7,16822.5,19143.4,20041.9,16613.4,21333,19956.7,18268.9,18866,19383.5,19263.5,15591.2,18513.7,16211,21370.2,20151.3,19404.3,17989.7,20275.6,18614.6,21785.6,17349.5,17527,20282.8,17124.4,19589,16821.5,15733.4,18861.9,19630.8,19353.1,19426.9,22525.7,22085.9,20110.8,19899.3,17969.6,22038.8,17150.5,17939.6,21140.6,16774.1,20975.7,18036.9,16338.7,18388,17729.7,16725.9,16425.6,20651.2,19224.3,20278.2,20496.3,22224.2,20525.8,20927,18701.5,21231.8,22141.9,18236.6,17180.1,17732.6,20906.5,21635,19738.5,22127.8,10019.9,21257.7,18507.5,18082.1,21805.4,17657.4,17141.7,18863.3,21111.2,20724.3,19644.2,19584.2,17612.7,20387.3,17489.3,17213.2,18349.7,19739.5,23769,19951.2,22611.9,17987.2,18473.7,22532.9,24169,22937.1,21404.4,21164.4,18831.2,18584.7,19641.4,19538.8,18768,22836.7,21707.5,19263.4,18485.4,19366.2,17923.7,22371.5,19354.5,23205.2,21410.4,19035.7,24465.9,20912.3,20086.9,21745.1,20573.8,21917.8,21185.7,20625.2,18408.8,21952.4,18315.5,21284.1,17954.8,19676.6,20186.9,20716.1,16938.8,16716,20615.7,17280.8,21742.4,17710,21368.6,20880.8,22036.6,19003,20374.5,16599.4,19585.2,22589.6,19274.3,19202,17043.8,19507.7,22505.3,25248.1,24978.1,30458.6,32991.6
31038.4,29683.5,27595.7,25387.1,18323,21387.8,20833.3,20640.9,18476.7,15706.5,19213,20584.8,21562.8,17317.3,20254.4,18905.3,18694.1,20926.2,19797.2,15259.1,21135.4,16673.4,16345.9,20930.5,20039.3,21392.6,20369.3,20306.3,18277.1,20845.5,17810.5,19788.1,18671.1,20879.3,16045.5,16623.7,17898.7,17978.4,15991.3,17273.5,16765,16685.2,20660.6,17062.8,17556.2,16568.5,21011.2,22102,17581.3,18571.9,17726.3,19071.1,19029,16355.5,15648.7,19076.8,20733.3,20873.3,19993.7,21874,17964.2,16779.3,17742.6,17359.7,16083.3,16503.3,19417.8,18601.5,16093.8,21444.7,18463.5,17705.9,20219.3,16681,17996.1,15268.5,17325,16596.8,18093.9,18089.1,16828.5,18432.6,20666.6,16832.4,15098.6,17820.3,18668.1,19910.6,20307.8,19404.8,20008.1,17182.3,17673.8,15907.6,19659.2,17313.8,21100.4,15288.7,21204.3,15941.4,17395.3,15824,15203.5,16011.9,19887.1,15945.2,19403,20743.9,19299.7,21487.8,19901,21959.8,18902.7,17158.7,20052.7,17397.5,20436,17781.1,20460.1,18446.9,20167,18989.6,21337.3,21379.8,17763.2,17562.3,18228.2,20292.2,17366.7,17652.5,19748,17702,18379.7,20176.4,18555.7,20853.8,20215.4,19833.4,19998.3,18643,15676.7,14680.2,17780.2,19857.5,18529.9,18339.9,19050.2,18528.1,19349.5,19510.6,21288.9,18872.4,20124.4,18785.1,14029.8,16962.5,17946.8,16492.5,18057.8,17345.9,21354.8,19600.7,19021.8,16975.7,17280.2,16778.6,15954.4,17809.1,20914.9,22228.4,21868.9,18809,20516.9,21030.8,19656.2,17143.7,17215.3,18478.2,18050.3,21945.3,20811.4,18198.1,16951.1,19054.7,19744.8,22185.1,18126.9,21100.1,17838,21669.9,16783.4,18189.2,17884.9,18716.1,20379.5,19379.1,16465,17931.1,19591.4,16835.1,18324.3,17006.2,21955.5,20913.2,19106.3,22683.6,20560.3,16941,22624.1,21237.5,16421.5,21768.2,16678.6,20278.4,20240.1,17549.3,22026,19770,19188,20487.6,20086.9,18216.3,20725.4,18137.9,19468.5,16877.9,16618.8,21530.1,21252.8,20076.2,19622.4,17604.3,16839,20661.5,17294.7,15754.9,20591.2,18315.8,17779.6,19101.7,21050.5,22116.1,22236.9,16145.3,15972.3,21007.4,18800.5,18597.4,20783.5,21924,21308.1,16532.6,19724.2,17196,21089.7,17850,20936.1,15911.3,19003.2,20055.3,15933.1,19241.8,17828.1,19096.2,19014.1,21894.3,18352.2,16988.5,16606.8,17569,15982.3,16638.8,19837.4,18516.3,16510.4,18504.5,18005.9,18698.5,22056.5,20657.8,19436.8,20902.7,21645.7,19331.3,16138.1,22017.3,20815.5,17630.2,20899.6,17950.9,19552.8,19498.8,17066.6,22035.2,22474,22084.5,16596.3,19029.4,16783.5,17109.1,21820.5,19016.6,17460.9,21449.5,18394.1,17931.7,18271.4,21544.4,20262,22506.1,19750.9,20951.4,22386.8,20130.5,17906.8,18201.5,21481.1,21618.2,21271.4,23387.2,22244.6,19097.3,23015.7,18743.6,23557,23232.8,18074.1,18096.2,18908.4,19051.7,20837,24076.1,22582.5,18798.9,19896.1,21072.1,17958.9,23723.7,24207.3,22358.7,18209.8,19213.3,23124.8,18730.5,22032.1,19816.6,19864.8,22848.1,19229,17598,19262.5,20147.7,18694.8,19261.9,19515.8,22137.3,23134,18560.6,18608,17961.5,20109.8,16477.1,16197.1,20594.6,16285.3,16499.5,18360.6,21081.4,22426.3,22181.6,22286.6,18693.3,19558.9,21172.7,20481.5,19660.4,21796.1,19941.3,17008.6,19655.5,19555.4,27609.2,27379.7,33631.6
35015.9,27378.8,24456.2,25062.2,17961.1,22607.4,17664.1,18661.6,16790.7,18977.7,17122.4,20428.7,16614.5,18362.6,19641,18619.8,19869.4,20083.2,15468.9,20530.5,21431.9,18258,19915.5,19888.5,18530.9,18749.4,18892.9,17061.2,20797.9,18272.1,21447.1,15576.3,18218.3,16172,20348.1,16546.2,17099.5,16927.3,19824.6,19462.7,20401.1,21489.5,18017.8,21035.1,19012.4,18579.8,16583.5,18271.6,17056,21302.8,15997,18614.8,20316.5,16706,18335.8,17046.1,18061.2,16087,20624,19725.1,18584.4,17980.8,21538.2,17806.8,15763.3,21016.2,19020.2,21842.4,20417,15839.2,20928.3,22012.2,16697.5,20054.6,16270.1,18602.7,17814,15693.7,15774.1,18348,20583.5,16651.5,18439.3,18487.2,17601.4,16595.6,16567.2,19631.4,16293.8,15636.2,15716.6,21381.8,20686.9,15666.3,21363.8,17040.4,19407.2,16534.2,20193.6,17952.3,16671.1,19993.6,20481,20730.2,20316.8,19620.4,20047,17822,20615,18046.2,21389.6,19905.1,20586.3,16006.9,15962.2,17770.1,19040.1,20260.5,17203.9,18823.6,21131.3,18564.6,15936.3,18211.9,20765.9,16390,19595,18377.6,20291.1,20915.2,18455.7,18792.4,21918.7,16686,15947.3,15454.5,20885,15858.7,20046.4,18544.2,20199.4,19146.9,15015.4,15572.2,15599.3,19424.1,20727.9,20533.1,19121.6,19315.6,19757.9,19699.4,17596.7,17778.8,15899.5,14555.7,15556.7,20057.8,20037.9,20843.7,18577.6,16405.2,21646.5,18013.6,17682.4,17768.8,19681.4,21422.5,18429,21327.1,17157.1,22063.5,17412.9,19061.4,21963.7,16555.5,17140.3,20424.5,18645.4,19005.9,20614.5,19494.2,20057.6,18662.6,19771.8,18471.4,21464.7,19885.6,18346.3,16823.2,20465,18957.9,16401.6,18402.2,20613.8,20270.8,19557.2,18301.4,19592.6,17023,17479.1,17660.7,20223.4,22981.1,21061.5,19673,18599.6,22007,20767.2,20473.2,21239.3,22299.9,21210.5,21260,16620.6,20897.2,17734.3,18934.1,22348.9,19850.1,21667.8,19415.9,21849.9,20583.4,16427.3,16129.1,18724.2,19325.3,19251.8,21203,18512,19378.2,18498.5,22113,17806.9,19389.8,18523.2,17521.9,15886.7,18971.3,21502.7,21485.3,21626.5,17834.6,18838.4,17102,20305.5,18638.1,18964.8,19081.4,19054.8,21108.2,15857.6,19011,15804.8,15425.7,18674.4,20554.8,21070.5,17083.3,21670.3,18161,18590.6,18656.3,21839.6,20894.4,19784.7,18564.8,18005.2,17657.2,17872,20377.8,20592.2,20367.1,22336.5,17525.5,20902.6,20530.3,15859.7,16640.8,18783.2,16248.4,15828.5,22014.2,15738,16145.8,22035,18645.2,22445.2,22251.3,16207.4,21162.1,20313.6,21517.6,19572.4,20201.1,20397.7,19844.1,21196.3,22013,19926.1,16994.9,18800.7,16816.4,17108.3,18142.4,21818.4,18337.8,18960.8,16772.7,22510.6,20627.3,16861.4,21276.6,21719.6,20258.7,21847.1,20777.7,19837.8,23139.4,21750.7,21767.8,20662.3,23557.5,18176.6,22112.9,21170,21229.9,19303.3,19337,19608.4,22853,22808.3,18963.1,20845,18718.2,18690.8,19156.8,24057.9,21848.6,18760.2,20255.3,21133.6,22220.7,19612.9,22806.8,18927.4,21886.6,18207.8,17320.4,17730.3,19231.9,17293.1,22801.8,22347.3,18557.3,20124,19657.5,20709.2,21468.1,21730.2,20978.3,21453.6,22243.7,20114.1,22497.7,16346.6,16756.2,22327,17060.1,17882.7,19805.1,18667.6,20863.7,22458.1,18499.1,22434.4,18555.4,17879.4,20878.6,20464.5,24274.1,28885.5,30477.7
31039.7,28172,22839.6,19362.1,20447.2,22574.9,18009.7,16279.9,16235.9,18880.4,21447.4,16685,20228.3,18663.2,21311.9,16601.3,19166.7,21339.9,15575.7,19643.1,16333.6,16113.1,19539.4,16486.6,15587.3,19260.3,15852,19245.2,18461.1,21158.8,16120.8,18594.5,20265.8,17605.4,19744.7,18650.2,22041.6,19095,20376.6,17388.9,19485.3,17117.6,21350.7,17722.6,16860.2,20156.4,16754.2,21125.9,16976.3,16745.6,19138.2,19500.9,15712.5,21641.2,17995.1,19529.6,16344.8,19380.5,19955.6,17495.2,17675.2,17070.3,15964.6,15959.5,20741.4,21409.8,19806.6,19581.9,21064.7,19120,16411.6,18767.3,18174.1,20848.9,15499.5,15263.3,21860,19236.4,17990.3,15379.5,17911.5,20965.7,16339.8,21045.4,15212.5,21253.8,18825.5,18722.6,18707.4,21217.7,18668.8,18215.9,19389.8,16003.9,20744.6,18079.3,18618.3,20258.6,17756.5,17445.2,18021.6,17701.2,17810.7,17392,18835.7,16315,16719,16908.4,15073.5,19808.4,20904.8,19609.2,15921.9,17209,20637.2,20371.1,17979.1,19697.6,17084.7,22067.5,21311,21147,21225.4,18598.1,19227.9,15940.4,20386.8,17976.1,21291.1,22019.7,22216.3,20208.7,19657,17003.6,20093.3,16740.6,16572.5,15762.5,20510.3,20246.2,18085.2,16393.5,17545,15510,19198.4,19378.1,19651.8,20031.3,20792.4,18985.6,15592.8,20929,20413.8,15648.7,18781.2,17141,18277.2,20952.6,17294.5,16759,20364.4,16053.1,18807.5,15664.1,21468.3,21384.4,21728.1,17643.1,20290.8,16188.7,16494.7,21070.7,19636.9,20108.5,16878.4,18186,21333.5,19270.5,20474.1,21100.5,21029,19464.5,19028.7,21629.7,17762.6,21028.1,17258.5,17423.6,20913.5,19011.2,19058.8,19897.6,19681.2,21457,17037,19493.8,19980.2,17343.1,19141.9,18922.7,21179.5,19601.7,19285.4,20551.4,18878.3,19498.1,20667.6,17914.8,21312.1,19211.7,18207.3,18126,22719.1,20321.9,22403.8,17852.2,16847.8,20589.6,17359,18219.9,18246.6,20076.1,20938.9,21046.4,18339.1,20759.3,21561.9,19659.2,18404.5,17156,18420.7,16430.4,20146.5,17492.3,19101.7,21790,20490.9,22347.4,15756,17487.8,18426.3,22177.5,15704.5,16984,16395.1,20295.4,21018.3,19315.3,15966.1,16950,18761.8,17880.6,20095.2,15532.1,20976.8,19944.5,21424.4,20062,15170.9,21549.6,21468.3,19831.6,16303.9,16932.6,19705.9,17450.2,17098.7,17693.2,17095.8,22545.2,20490.1,18658.6,17568.3,16794.4,18838.8,20937.9,18660.2,16131.3,22156.3,19889.2,19162.9,21572.5,19587.4,17578.1,17315.8,20861.6,17311.4,16256.4,16137.6,18763.1,16148.5,19381.9,16660.7,19255,22304.2,18372.3,16909.3,20785.5,20032.8,17121.2,16367.7,19426.9,18459.2,21250.2,18875.1,18010.2,19827,17939.3,20957.2,18504.7,19145.9,21975.6,19833.4,21433,21306.3,21486.1,18126.5,19691.9,22130,17868.1,21431,21218.2,21853.9,19741.9,22790.5,21995.2,22140.4,21775.3,21175.1,17721.2,21451,18426.5,19807,18240.1,21415.7,20868,21903.2,21161.7,19532.7,22158.7,19829.4,24220.7,20770.4,24451.2,22159.1,18342.7,20034.1,18584.4,21302.6,19106.5,17855.1,22155.8,19772.7,21029.5,18198.6,23343.6,23037.7,22028.5,17893.2,20394.7,18662.8,17699.4,21733.7,18788.8,19386.1,21615,22238.8,21969.8,20658.1,16664.2,22766.6,17851.9,18900,18607,22958.4,19807.2,19985.9,22196.9,23464.2,22525.5,21495.7,25869.2,25630.6,30918.1
33983.3,29842.1,26682.8,20121.2,21404.6,19168.5,22078.9,21143.5,21647.8,17614.9,21816.6,19478.7,18948.8,18544.7,19735.9,19310,15212.5,17389.1,16734.5,17536.9,15685.7,20213.1,19701.6,19023.4,16393,18655.5,19955.4,15566.2,19603.6,18305.5,19417,20814.3,19819.6,18692.1,19614.9,18605,17028,21313.7,18137.5,18476.3,20942.7,18350,18223.5,15972.3,21833.8,16416.2,21512.9,22034,18679.5,18343.7,20199.7,20418.6,17807.3,18328.8,18202.8,17525.6,15805.5,17502.9,19237.5,16574.6,17633.1,21478.8,20393.4,15744.7,17979.6,17057.9,17889.7,20118.7,21878.6,21587.3,18923.3,15668.7,17537.2,16113,20295.4,17700.4,16499,15353.4,21766.8,17881.9,19199.8,17205.3,17421.7,18967.4,20958.1,18761.2,20391.4,21220,21211,18916.9,18045,21363.8,17777.3,20587.5,21089.5,16377,20781.7,16727.4,15727.8,17575.9,21629.6,19607,19802.2,17367.9,20940.8,20475.9,17322.4,20831.1,16283.9,18171,21483.8,16486.8,20783.8,17187.4,21815,21610.6,21633.2,18838.3,19534.9,21057.1,21625.4,18577.6,22234.1,16324.1,22537,19192.1,18683.5,17892.9,18369.6,21219.7,19485.3,21461,21203.9,17636.4,21264.9,17988.6,16107.7,19622.6,15452.7,17624.5,20832.1,20337,14970.1,21111,19326.7,19192.8,17123.6,17051.8,21066.8,15294.1,19434.8,15367,16744,20075.9,17599.9,18155.1,20217.5,20677.4,15487.5,21294.4,17495,19694.4,17271.9,18875.9,22015.6,20570.8,17798.4,20960,16072.3,21072.5,21836.9,17062.3,20448.5,18158.9,18563.5,16867.4,22287.6,16722.4,21209.6,17122.6,22155.9,22072,20214,16026.6,16620.4,20753.3,21366.4,17286.4,16987.5,17336,22016.5,16214.8,16105.6,18732.2,16883.5,22033.5,17163.8,21019.7,21972,16540.7,21328.4,16974.5,18756.1,17861.2,19808.3,18118.1,18855.1,21507.9,19690.6,17855.4,17503.7,19361.2,20338.2,22785.8,18755.6,17766.4,17573.7,22518.4,17625.3,17644.5,19187.5,16362.3,21388.7,18126.6,22177.3,20561.6,16422.1,16834.1,21254.6,17765,19035.8,20194.7,17015.1,18764.1,19018.6,21777.6,16197.9,20891.4,20703.9,19075.4,18229.4,19390.1,18863.9,20366.2,18815.7,20934.2,21442.6,21022.2,17083.7,15947.2,15329.2,21409.5,19525.4,17341.6,17880,16854.8,18320.2,19425,17304.3,15615.1,16903.4,18400.4,20746,18587.1,20513.7,19596.6,16259.9,16751.2,16691,20219.6,18025.5,18892,20448.1,17577.5,19126.1,16778.4,16701.6,22212.8,20390,18221.6,20089,20044.9,18250.3,20348.2,19330.6,19553.9,19329,17343.6,21344.6,19724.1,21363.1,22559.7,16192.6,19877.4,16905.9,18531.8,16819.8,16747.7,17431.1,16559.3,19069,18270.1,17896.7,19018.7,17183.7,20414.1,22823.2,20670,17420.9,19900.5,23082.2,23030.9,19041.6,23230,21761.6,19963.5,22556.4,21163.9,23720.5,22108.5,22035.8,18893.5,18069.3,21742.3,18573,21167.5,20454.4,18069.3,18162.9,22936.6,24028.5,18449.9,22194.8,17969.8,19732.1,24129.3,21325.5,20734.8,18865,22433.4,18365.3,18747.5,22555.9,19329.5,19870.5,22251.7,23927.5,19202.6,19247.5,20285.9,23448,22347.1,17741.5,21117.4,17856.5,21087.8,22197.2,21551.7,21579.8,21550.3,21725.5,19108.2,17491.4,17655.9,20682.9,22116.3,19001.6,17498.8,20181.3,16799.7,19420.8,16749.8,17716.7,17102.1,17476.6,20109.4,22285.2,20465.5,22107.2,23360.2,25188.3,26036.3,29746.2,32092.6
34212.9,26287.9,26809.1,19790.5,23923,17175.3,19380.3,20007,17320.1,17880,15420.2,18501.4,16214.5,15368.3,16941.5,15818.9,16668.3,16727.7,16718.1,15491.8,20087.4,20352.6,17492,15607.6,18436.1,19159.4,16494.8,16895.5,18275.4,19272.3,20534.3,15432.9,15759.5,15809.7,21221.1,21468.7,19923.5,18163.1,18546.9,19968.8,20045.9,21442.4,20605,18316,18055.7,18058.4,21747.9,20820.5,21917.5,20386.2,16585.5,17675.4,18922.7,19335.1,16536.4,21247.2,18518.9,16634.3,19229.8,21078.4,21681.9,21499.9,17141.8,21636.5,17812.2,20345.9,17778.4,16157.3,19210.2,20688.5,16636.6,18720,16441.9,15936.5,16585.1,20821.6,18404.5,21279.6,18495.8,18715.5,17083.6,19069.8,18430.2,15100.4,19272.9,21011.6,17939,16736.2,17321,18506,19354.1,19967.2,18233.9,16275.8,17980.1,20513.4,16710.1,21115.9,17192,20558.8,20697.7,19856.5,15310.9,21382.1,16222.6,14777.3,17080.4,17389.6,17302.7,21459.7,19254.8,15336.1,16735,18352.5,15893.9,16341.5,17208.1,20879,19249.4,19810.9,16056.7,19232.8,16419.7,17969.8,16951.4,19849.3,19192.3,19998,18601.2,21671,19601.3,19871.2,21423.7,20473.4,19781.1,18636.9,19337.5,16673.5,17496.6,16851.3,20247.6,19371.8,21196.1,20075.6,17897.3,16528,19254.3,20910,19474.5,19505.9,18221.1,19860,18872.6,17957.5,18129.4,16360.8,16568.1,19908.5,19886.6,19243.1,17483.2,19191.8,21162.3,20497,15815.4,19637.4,17870.3,21829.9,21989.2,16431.2,21861.1,21072.8,17189.4,17361.2,20984.8,18114.8,22308.3,16610.5,16726.1,20750.2,19524.3,15966.7,20365.7,21873.7,22333.3,17105.9,22074.5,17521.5,18519.2,20013.9,20343.5,19371.3,21039.7,17984.3,17143.8,19185.6,20182.8,16806.8,17679.2,20698.1,18520.3,18104.8,18421.5,20780.8,18255.2,17520.5,20619.2,22270.4,19557.7,19476.1,19006.1,16979.6,20772.1,17074.7,18122.9,21290.6,19235.6,19360.6,20177.8,21062.2,19677.6,19636.6,17052.5,17375.3,18551.5,18380.8,15876.4,16593.2,18076.4,21563.7,21745.8,20813.7,18025,17998.9,19999.6,20633.3,16266,19002.8,17506.2,16768.7,17977.5,20731.9,19566.4,19696.9,21198.2,21055.6,19430.2,19015.7,19117.9,15947.5,19847.4,20490,16770.3,15596.9,15859.2,17343.7,16938.4,18599.2,20359.1,15989.7,18043.6,20848.1,19759.1,19275.2,20090.5,17436.9,18123.1,21331.6,22755.1,20927.6,16530.7,17256.8,20158.8,18606.7,19751.1,18228.9,21648.8,18977.2,16957.5,20163,16445.2,20821.9,18748.8,21299.6,18050.7,20911.7,16521.7,19049.1,19767.9,17650.8,21862.7,16459.2,22651.6,20096.4,21812.5,20410.9,16372,18498.4,20884.8,16427.1,17378.9,18032.4,22982.7,22983.8,22938.8,20863.5,16952.2,20020.3,18810.2,17822.6,16492.6,19161.7,19291.3,23254.6,22349.1,17763.2,22118.3,19561.7,17895.2,18194.6,18571,21245.6,20521.7,18344.8,22733.6,21903.3,22809.8,20441.3,22016.6,23653.2,21224.9,20282,21645.8,21159.8,18269.9,21112.8,17791.8,23681.9,22646.2,20764.4,24048.8,22077.7,21863.9,24065,23028.8,22597.2,23032.1,19549.6,21689.2,20130.7,22232.3,17439.9,19862.2,22809.9,16913.8,18644.4,20565,19239.2,20714.9,22195.6,18962.1,22506.6,19913.9,19108.1,17000.8,19127.8,18017.5,20668.7,17924,22559.5,21167.6,17081.4,21016.8,19652.9,21963.6,19979.2,22232.8,20157.2,22175.9,23651.3,24835.3,26943.4,28031,33053.5
32342.7,26301.6,24877,19304.2,23077.9,21721.2,22047.6,17257.9,21342.9,20019.4,15790.7,20576.2,16492.8,15800.7,20734.9,20293.7,19638.8,21570.9,18262.1,16709.2,19511.6,17318.2,19439.2,17196,15388.8,15203.9,18143.5,21013.5,21671.6,19877,19154.7,16043.2,20021.5,16000,16219.7,18429.7,20056.4,19470.8,21075.5,20463.2,20821.5,17464.5,18907.8,19308.9,16929.7,19940.1,20705.3,19889.7,21675.2,17440,18125.6,15972.2,21102.1,21347.6,18366.2,18507,18457.8,19890.9,18453.9,16679.1,15999.1,18437.3,16656.7,19619.2,20183.8,20612.6,21803,16682.8,20847.7,18280.2,18248.6,21015.7,20805.6,20923.2,21751.2,20698.9,15608.5,18035.3,20797.4,19306.7,19635.9,18355.3,15593.5,19932.2,15719.6,20696.1,16577.7,17543.2,16779.5,15818.4,15248,16852.2,15371.9,18605.2,20473.1,16281,18575.2,20742.2,17728.1,16186.6,21105.2,20188.3,20730.7,20213.9,14923.5,16042.2,15515.5,18849.2,21571.2,20862.9,16783,21598.6,20511.8,19686.8,18791.1,19570,21910.2,17656.3,17593.6,18358.9,19773.4,21099.1,18568.1,18979.3,18598.1,21962,20493.7,16245.2,17641.1,16367.2,18734.2,19063.3,18143.6,22009.9,18751.9,21262.9,16680.6,20332.4,20138.6,19244.2,17581.6,20758.8,15771.8,17652.3,18200.7,18731,20721,15137.9,20453.3,20141.2,16002.2,20199,19526.2,19610.3,18206.7,19943.6,19786.4,21307.8,21563.7,19507.7,15846.9,16226.8,17642.6,20048,19195.3,20488,16890,19418.1,18133.5,16354.6,22456.2,17917.6,20165.9,19000.3,19233.4,18159.5,18216.7,20085.1,21850.4,19859.9,16197.9,21298.8,20435.4,22013,17385.8,16356.6,16691.1,16166.3,20373,16038.6,18686.2,17150.2,16956.8,19829.4,17217,22499,16486.6,21103.7,16691.1,17066.4,17270.7,21258.7,18251.1,23147.5,17332.9,20578.6,22106.6,22839.1,20424.5,22055.8,16710.4,22255.6,20157.1,17525.7,20466.4,19972.4,21027.7,21657.2,21411.2,18296,16013,16652.7,20264.5,16725.3,18822.7,17304.4,19966.4,17996.3,20768.8,17349.2,17109.9,21473.5,21221.8,20981.3,22108,17727.6,17954.2,19016.1,18537.7,21592.9,21310.7,20648,20703.1,15573,16942.9,20890.9,20876.3,20245.5,19650.8,21852.9,20930.3,20045.3,16660.8,16709,19060.6,19929.1,18356.1,19194.8,15241.5,18747.3,18256.8,21305,18388.8,17025.3,16655.2,21956.1,17206.5,18312.5,20598.5,18307.1,20703.6,18797.8,16129.2,19720.8,19574.6,20278,20556.3,20706.4,16037.9,19833,19648.9,22432.9,19327.7,18782.9,21903.2,19721.4,20261.2,22190.2,18983.6,20867.5,20720.8,21728.7,21471,16745.6,18553.7,22610,17212.2,17380.9,16599.7,19333.2,16293.2,18088.6,17762.5,19434.5,21920.3,19146.4,19233.5,18257,17494,20974.7,19968.9,20873.6,21651,21112.5,17443.3,17938.7,20436.6,22200.5,21740.1,22652.2,17859.3,23407.2,20439.3,20050.5,18374.8,22548.5,19942.5,19907.4,19011.2,21231.1,22495.8,19037.5,21429.7,23265.5,21873.1,19270.9,23739.8,23216.6,23649.6,19748.8,19773.3,24014.5,24093.5,21504.5,18706.6,23485.3,18532.3,18375.3,19681.6,23688.8,22926.7,17211.3,17573.2,23628.8,16965.6,17957.7,21768.5,18526.5,21421.7,22458.3,20921.5,18325.1,17038.8,17320.5,22363.6,21620.3,16264.8,18406.7,19746,18006.3,23201.8,18917.8,20293.2,17945.6,19428.4,17763.8,22489.1,21143.5,17099,23829.6,24015.3,25395.4,29131.1,35714.4
35185.6,26903.4,22288.6,20600.5,24022.6,22949.3,21198,21405.5,18912.1,18991.5,15944.3,18731.8,16949.3,16848.8,19012.5,21521.7,20478.5,15976.9,18509.8,16315,21387,15245.2,15618.4,17784.4,16265.4,20817.9,20535.8,15725,16043,15849.9,18240.8,18655.7,19006.8,20446.5,19029,19910.9,20168.9,19422,20080.4,21968.9,17190.9,17991.3,17981.2,21315.3,21543,20563.3,16051.5,19408.8,22039.3,19358.8,20607.7,17143.8,17028.9,21197,16722.7,19677.2,21397.6,20631.2,16096.2,16669.5,21210.4,16061.7,18439.8,19369.6,18751,20612.2,20262.2,21151.5,16735.7,17956.7,15954.5,17550.2,19960.1,18643.7,17920.5,15699.5,18228.7,20361.2,19104.9,18571.2,19552.7,16306.9,21341.1,16465.2,15363,17086.6,16228.5,19373.8,17065.2,16353.3,17707.3,21618.1,21068.3,21352.6,19251.4,20084.9,21006.1,15057,17620.1,17463.9,18482.8,19834,16398.2,20908.3,19603,20863.1,17582.8,19659,21634.6,15395.8,19245.5,18328.5,17642.4,18478.6,18874.8,18263.7,17191.4,17027.7,19686.5,15981.6,17970.5,16556.3,18403.3,17375.9,18624.6,17793.8,20994.5,20550.9,19458.2,18326.8,16984.3,18383.5,22116.4,19244.2,19156,18581.2,16589.7,18515.8,18105.3,18605.2,18034.6,18199.5,20837.9,18176.9,15876.7,20784.5,19095,16078.3,19744.8,17346.8,15323.8,21376.4,15406.2,18179.8,16333.6,16900.1,21407,21959.1,18462.2,19879.8,20533.5,16931.5,16175.5,19587.1,16717.4,16994.1,21188.9,19077.4,19464.9,18396.1,18025.4,17096.2,22644,18066.6,20943.9,18293.5,19239,22004.6,21745.7,18286.1,17028.3,19749.1,21800.2,20300.2,21949.8,19100.7,17097,18877.8,17593.7,16628.1,17072.1,16295.8,20226.4,21043.9,16817.7,21018.9,21653.1,21884.9,20066.1,19644.5,16831.4,22068.2,17955,22109.6,17440.4,16957.9,18634.8,20190.8,20832.3,22075.6,22999,22328.3,22676,17182.9,20433.7,17137.6,22417.2,22800.2,22596.3,20273.2,21049,17732.1,21822.6,16920.6,16643.6,18287.3,19995.7,15785.8,20185.9,15771.9,20107.2,17513.6,20579.3,18484.9,19461.5,19887.9,18031.5,20677.6,21550.5,15952.9,16819,18856.8,21668.1,21683.8,16321.2,15885.5,15822.3,20835.5,19628.1,18330.2,19103.8,17264.3,21653.7,17473.9,20708.7,21842.6,20191.9,20544.2,16181,18364.1,21114.1,15901,21451.6,18150.3,20519,21730.3,20741.3,19466.1,19251.2,19962.8,21601.1,22039.9,21302.6,20813.4,20712.3,21542,19449.6,21371.2,19807.9,16317.9,16830,20758.9,20552.3,16851.4,17038.6,18329.3,21233.3,16523,18578.4,21806.3,17304.5,16208.7,17581.3,17527.1,21690.7,17733.9,21280.2,16904.4,20300.3,18151,18168.4,18764.7,20050.1,23320.3,20966.9,17966.5,18790.2,22109.6,19277,16964.4,21375.3,20662.8,20428.7,18354,20660.9,22924,18444.6,20328.8,21600.8,20610.8,18421.6,20883.2,19640.1,22172.3,19861.5,23092.9,19780.2,20342.2,20955.1,17993.8,20347.5,19126.9,24020,23064,23600.2,18277.3,22784.9,18747.8,19496.4,21234.2,21858.3,24153.8,22868.1,23952.5,23335,22914.9,24143.6,21102.4,22290.2,20467,17253.9,17605.4,22309.5,20265.7,21281,18191.8,23186.1,17047,21400,22146.7,17190.8,16724,22187.4,21480.2,17385.9,19353.3,20200.5,21095.5,18245.7,17746.3,16956.8,20344.4,20189,19338.3,21663.3,21560.6,16524.1,17815.6,17308.5,18796.9,20926.1,21574.2,25490.1,32627.7
32083,25702.6,23463.7,25477.7,21584.7,17477.2,22416.1,20998,19264.6,19691.2,21033.6,20866.6,15225.9,18164.3,17188.4,15912.5,21035.7,18227.5,15797.5,19366,16508.5,18199.7,16635.7,16902.6,15698,18450.3,18828.2,15995.5,17612.6,20257.4,19733.8,16838.8,21081.7,19454.1,19143.5,18551,21293.3,18982.9,21295.8,16774.1,21525.6,19246.6,19287.6,19064.9,21300.2,17438.2,16825,16803.9,17883.9,21140.4,19585.3,19427.1,18547.9,17870.3,20299,17572.7,19894.3,19080.5,18606.3,17717.5,19860.4,20101.8,20129.7,20120.5,17446.7,15974.8,20502.4,21344.1,18969.9,16535.2,16437.1,15437.8,19753.2,21319.2,18126.2,20323.5,21088.7,20753.9,16605.4,15635.6,16431.8,17556.1,21572.7,15891.5,15382.6,18849.7,20567.1,20690.8,20443.1,20056.3,21701.7,15398.2,20543.8,15659.8,21685.1,16622.7,21628.6,17491.9,20088.8,19590.5,21549.9,20333.2,16656.5,16200.5,20631.4,18232.7,15061.2,18490.4,17247.3,15371.5,20524.8,15062.9,20488.4,18552.4,15681.4,17210.4,17099,15865.4,21086.7,17602.4,19708.2,16620.6,21167.1,19432.7,20270.6,19544.3,21729.3,16825.9,20373.4,17642.1,20552.8,19762.4,16202,21902.5,17605,20484,16924.8,19014.2,17124.4,16927.2,18056,18850.7,18202.6,21243.9,17457.4,15779.4,19390.4,21022.1,21112.9,18108.2,16913.7,18958,15846.1,15477.8,13827,16073.4,19163.1,18519.5,17576.6,17937.4,15679.8,20903.8,17849,16887.8,21432,17437.7,17480.2,16067.3,21717.6,22090.5,17004.4,22672,18233.4,18717.7,20823,21657.2,17830.1,19648.5,17048.4,16784.2,17273.6,19581.9,18971.3,19712.3,21668.4,17493.9,20158.1,15689.2,20272.6,16563.2,18195.1,17163.4,19124.2,17018.5,20110,22135.9,16439.6,16511.1,18806.3,21856.5,22832.2,16569,18608,20501.1,21058.8,21061.2,19402.8,21411,20160.5,20836,19440.3,19659,16683.3,21232.5,18657.8,19700.9,22507.7,18150.7,22730.9,21549.4,21419.3,16044.9,19485.7,21825.5,21790.3,20050.4,17186.7,20941.8,19785.2,17003.6,19168.4,19195.6,19314.5,22110,18826.7,19653.8,16389.6,21585.4,20763.9,17289,21548,20910,22056.5,15863.1,18713.9,17777.2,22000.4,22076.5,20957.2,17196.4,20006.6,20891.6,17416.9,16450.7,21080,16354.7,18204,19028.2,15525.1,18651.3,17710.9,18258,16563.8,21793.2,20592.6,21331.3,18953.7,21888.8,20915.2,22728.3,17265.4,17634.5,18562.8,17059.1,19154.4,20580.9,18674.2,20753.1,16846.5,21717.8,19750.3,20985.1,22147.3,18991,19151.9,16993.1,20366.1,20248,20812.4,20999.1,20332.5,18159.9,20532.5,19288.8,21871.5,18929.2,20098.6,21968.7,22455.6,20035.7,16397.6,17977.3,20478,17756.6,21348.9,20601.1,18041.5,20998.9,22907.5,20431.4,20181.6,21672.6,22157.2,22577,18646.5,18953.3,22017.4,20466.5,23658.8,18575,21720.4,22041.1,20081.1,18887,21943.8,23036.6,18197.7,23967.5,22077.5,18890.5,21463,24377.5,24213,18313.9,24260.3,21892.7,19305.5,18261.5,22497.3,23922.9,19935.1,22311.4,23840.7,19375.9,20840.6,19543.1,21712,21117.6,22060.8,22598.8,23380.8,19523.3,18526.4,21956.8,18038.1,21260.4,21923.6,18428.3,19084.5,17509,17563,18097.7,22621.3,22227.9,18689.9,19996.8,20477.7,21858,22936.3,21018.1,18400.1,18661.5,18480.6,20424.9,19202.6,22721.8,20625.4,18852.7,22403.5,24449,23749.4,23910.1,31095.9,31972.4
34066.8,26239.3,26116.5,22593.7,19675.8,23223.6,23043.3,21345,20086.7,19108.9,20224.8,15733.1,19123.3,17722.7,15404.2,19010.3,16014.4,20481.2,17704.3,17740.7,16485.4,21309.1,20538.4,17282.2,17844.9,15623.4,19215.2,18993.1,16538.5,16901.1,15589.6,15822,17566.3,20502.1,20896.4,21529.4,21422.1,18750.1,20277.4,20998.9,21402.2,19637.5,19908.2,20051.8,18058.6,18397.7,17322.2,19280.1,22164.7,18862.3,16307,17267.5,17520.9,16321.2,16306.9,20704.1,16314.9,18413.2,18991.8,21310.3,22152.7,18970.6,18076.4,19152.7,18218.2,21779.2,16935.4,22054.9,20197.1,18324,16319,17740.3,15597.2,16526.7,19235.6,21953.4,17480.4,16243.6,19858.7,19843.8,19840.2,20807.6,20256.8,20372.9,18320,19680.5,20738.3,21003.7,17267.9,20903.9,19012.2,18197.1,21760.3,16131.1,16504.8,20504.2,20243.6,16778.2,18106.1,19155.1,21240.1,17475.6,17920.4,17390.7,17966.6,15773.1,15602.6,15521.6,16383.1,14840.9,19880.6,15933.6,20617.9,17527.4,19645.9,17717.5,16588.6,18414.7,21236.9,19007.4,21279.8,20592,16218.2,17715.2,20167.5,18831.9,21745.9,16525.3,19703,20369.3,16993.9,17907.7,19594.1,20112.1,17598.4,17672.3,16141.6,20705.8,15441.5,20771.2,16527,16201.7,17783.8,18295.1,20974.4,20908.2,20334,14882.7,15836.6,20966.9,17505.2,19627.1,19581.6,17680.8,16912.2,20797.6,21418.5,20087.9,15466.9,21198.2,19473.8,20365.2,15804.3,19083.1,18264.9,19351.5,17083.5,16616.4,19777.9,18085.8,21774.1,19002.7,20167.8,22052.4,17221.2,18936.6,17369.5,17215.1,19592.2,18567.9,17103.9,16087.7,18937.4,16011.8,19621.8,16852,19682.9,16130.5,17479.4,21275.2,18840.6,21530.2,19541.8,19922.1,20854.5,19998.3,18700.3,18669.7,20859.6,21210.8,21416.9,17608.3,18338.9,19206.8,20392.4,21929.8,18113.8,19931.3,16727.5,20596.7,20016.5,17205.3,19987.5,20421.2,17794.2,20984.5,17961.9,16875.6,20505.6,21951.8,16361.5,16924.8,21072.9,18180.7,20720.6,17521.7,16139.2,17023.2,22139,18131.6,18830.4,16239.8,20646.3,17367.2,19793.2,15916,16481.5,17883.3,17254.6,16421.9,21603.1,18742.6,22023.1,20578,19470,20430.2,21296.8,18444.1,16388.8,20327.9,20899,18553.1,15738.8,16692.7,16256.6,16544.5,19406.8,19731,18409,20044.6,21135.5,17570.8,21853.6,19274.7,21960.7,19730.1,16679,17797.4,19602.5,16271.2,19183.1,16872.7,16335.4,17869.8,17267.3,21336.7,20002.8,20686.9,18311.2,20754.9,21992,21812.5,17021.4,21286.5,16438.9,17771.8,20727.4,17325.2,16681.3,18480.2,21946.5,19939.1,18380.8,15970,17909.7,19399.1,18186.9,20687.3,21783.2,19965.4,20729.6,21320,21546.5,22899.8,19566.9,22072.3,22915,22131.3,19957.7,21447.1,23211,19356.3,18021.1,18362.6,18805,21051.9,23034.1,18006.5,17809.7,22141.7,22375.2,21956.5,19753.8,17850,19437.8,19835.3,21406.4,20425.3,21707.4,22758.3,20970.3,23931.2,23813.4,20065.9,22795.5,23450,20264.1,20200.4,18355.4,22887.6,19373.9,18277.9,18399,20841.1,19691.5,20061.6,18472.5,17771.2,20683.4,20661.8,20622.7,17740.4,20631.3,22084.4,21145,18897.8,21193.3,23379.2,22780.5,22293.6,22317.3,22874.5,19087.5,17498.9,22528.3,21917.1,17208.8,17116.2,20661,22854.2,23111.6,20044.4,21632.4,19611.1,18868.3,19389.2,22478.9,23316.2,20202.8,19694.7,25208,25018.1,26853.3,34885.3
31171.9,27750.6,26562.8,23544.2,20319,19928.9,19957,19723,15970.4,19694,17310.9,18834.3,21204.9,18050.8,21611,16715.5,15589.9,19619.6,18974.6,15698,15275.7,19425.3,17175.9,17507.7,18641.8,15257.1,19140.7,15838.9,21683,18578.5,20583.5,18586.2,21302.7,20156.4,16757,18191.5,16785.4,16863.4,19674.1,19986.7,20301.6,16188.2,17423.8,17257.2,16635.5,18220.2,22069.5,16731.6,20357.8,21350.5,16959.9,17227.2,17317.7,19694.3,21489.8,21612.1,22145.2,20261.3,19830,21036.2,19832.1,17319.5,16813.5,21782.3,19142.7,18675.2,17947.7,19051,19561.8,16666.2,20389.4,15509.2,21967.9,20958,20017.8,19883.7,16238.1,17766.5,17684.6,15162.7,15033.8,18467.4,18841.3,17221.1,16727.2,17694.1,15338.6,15316.2,17388.1,16678.2,20844,16299.9,21039.6,17382.4,18757.1,21585.6,15771.4,18150.6,20854.2,16328.4,19868,15379,15080.5,18714.5,15274.6,17880.2,16798.4,20157.1,18739.2,15896.9,16563.6,20168.9,19152,16552.9,18566.4,19981.6,18642.6,20192.4,21737.2,19246.5,20183.5,16034.2,21433.5,20865.3,18808.9,19843.9,20377.8,22428.1,20371,18202.8,20906,21106,21152.8,20574.3,20520.1,16072.6,15330.5,21060.5,15920.1,20925.6,18688.5,17535.7,20665.4,20350,15207.8,18511.5,19953.2,19883.7,17496.9,15634.4,19773.3,16289.5,17986,20853.4,17753.9,18269.7,16051.4,21286.6,20576.3,17697.1,17673.4,15867.8,15914.5,20902.2,18684.5,17626.2,20347.9,16206.3,15835,16826.2,20176.8,19942.1,21488.3,22174.8,17540.6,19055.8,18106,17838.7,21118.1,17647.5,16678.9,20947.9,22547.3,19987,17615.1,20153.2,18681.1,19666.8,19024.3,18953.8,18104.2,21599.4,19213.1,20118.1,18375.9,18842.2,17836.7,16934.8,16389.5,16403.3,20441.9,18998.3,21450.8,22875,22053.3,17045,21728.7,20865.5,17107.9,19493,22060.6,17600.8,19173.5,20415.4,19853.3,20342.5,21382.3,17689.1,19838,22774.1,16983.3,21941.1,20174.8,20111.8,18083.3,18858.8,19435.6,21622.9,21062.8,20633.6,20311,21859.2,17629.7,17594.9,20211.7,18093.6,20684.1,18178.8,21763.9,20544.3,22444.3,17518,19724.1,20485.3,18706.4,19280.8,17709.7,15751.6,18314,18716.8,22157.7,19209.9,17304.5,21147.3,18395.1,19652.1,19676.7,20962.9,18464.1,21184.6,21191.8,18367.7,21176.6,16772.6,20853.5,17097.3,19575.6,21107,18097.7,18592.2,18147.6,21987.7,18123.2,20698.7,18659.8,16472.5,18229,16910.1,16147.5,21886.3,18190.9,21011.1,22183.3,17119.5,19054.1,21670.4,18935.7,21989.3,21357.3,18030.5,19881.2,18025.2,18142.9,18092.9,18262.4,17541,22225.7,19072.1,17774.1,16238.4,17541.7,22857.9,17041.9,21670.1,21186.9,22720.5,20636.1,19126.4,20811.4,18831.6,21745,18022.1,19057.7,21223.8,19237.2,23193.1,21560.1,20942.2,20925.9,18681.2,23077,20477.2,20652,20059.7,23011.5,21888.5,19630.1,23006.9,19204.6,20716.2,21406.1,18707.1,24349.2,22528.7,23864.9,22941.4,22231,18922,22459.5,19699.2,22204.3,21951.3,24422.9,23278.7,24209.9,24770.3,18506.6,23655.3,18876.4,18041.4,20513.1,21542.8,22319.7,18840.8,18555.6,21274.6,17479.3,23345.1,19507.8,18298.8,23201.7,17868,20317.9,23113.9,20493.7,20302.1,18737,19049.7,18072.1,21738.8,19077.8,20239.4,20848.3,21483.2,19030.4,21448.8,21289.8,20905.1,20991.8,20108,22548.4,22741.5,29084.4,35422.1
31185.5,29918.5,23687.6,20787.9,23524.7,23170.8,19076.6,16754.7,19022.4,16594.4,17563.4,19077.8,16740.4,17845.6,17347.3,17913.1,17217.6,17572.8,20095.4,17919.1,16948,20854.2,16819.9,17191.3,17878.7,15779,16070.9,16709.4,18822.4,21568.2,21167.6,16627.1,18351.7,18568.2,18040.8,21805.2,20741.4,21378.6,16920.2,21641.2,21691.5,16577.6,20128.6,16746.9,16832.5,20425.1,21091.3,16669.8,19509.3,18543.4,16333.7,22250.5,16089.7,16959.3,22237,21856.8,20651.2,19711.9,18020,21660.1,19245.9,17125.2,19354.5,16365.2,18352.7,20624.4,19765.2,15907.6,19167.5,18211.3,18299.9,20570.2,20909.7,16330.8,17737.7,16424.4,17577.9,19811.5,19303.7,20056.6,15660.9,16230.6,18167,16430.9,17044.8,21032.9,16662.1,18815.6,19334.6,15239.1,15977,17809.1,15784.9,20180.9,16060.8,18849.4,18217.6,17031,17920.1,19346.9,15910.6,20872,18486.9,20977.9,19829.1,16832.9,20767.4,15374.4,20381,20065.9,18542.6,18359.4,18386.2,17166.9,18553.6,18400.6,20739.7,19103.1,17563.4,16413.1,18371.4,19151.2,18674.7,17146,16623.8,21356.5,16202,21521.5,18683.5,18909.4,20160.7,17952.6,18879.3,16141,19514.2,17017,19729.6,15615.1,18607.7,17444.2,15919,19942.8,17754.3,18654.8,20388.6,18604.1,18551.5,18856.3,20364,17925.4,19379.2,19267.6,18750.8,21176.8,19662.7,16652,15878.6,16760,20244.2,16314.6,16748.5,19012.4,19424.6,20860.4,18841.4,15762.8,19204.6,17009.7,20792.8,17758.8,16992.4,18106.2,22787.5,16524.1,19338.8,17962.7,17654.7,17557.5,17965.2,18080.1,20932.8,21790.2,18719.3,16363.2,16394.1,20475.6,18218.1,17149.6,21315.6,21852.8,16507.1,17444.7,22126.5,16751.4,16761.6,17987.7,22436.9,19816.7,19396.3,18906.3,20845.2,21122.7,18916.3,23424.1,18720.8,20608.6,20688.1,20479.9,20479.5,19988.4,17193.9,22424.8,17113.6,21029.5,17481.8,22326.7,17205.9,19908.8,20949.8,18346,18388.9,19561.9,22533.3,16051.7,17850.3,16314.9,17462.9,19275.8,21764.8,21442.2,21175.3,21890.8,21158.1,20758.9,17117.1,16939.9,19022.8,19397.4,18246.9,20858.4,22320.4,19072.2,17719.7,19673.2,19973.2,19743.7,16565.9,21511.8,19449.2,21343.9,16422.6,17445.7,19536.3,20257.9,21479.8,19828,15755.5,19023,20288.1,20947.3,17649.5,21111.6,19800.9,20297.7,16427.5,16363.6,17978.9,21827.9,16467.7,19355.6,19829.5,21278.4,20154.1,17447.6,20068.3,20385.7,16491.9,21985.9,16091.2,18941.4,16258.8,19080.7,17938.7,21947.1,20445.6,17225,21325.4,21558.7,17282.3,21358.8,21915.5,20826.9,18838.1,17006,17195.8,18875.4,21533.4,21894.9,18562.8,21938.8,21456.3,19714,18582.1,21812.9,22374.6,22623.1,22264.8,18891.9,16898.6,20438.8,21403.1,22997.6,19051.1,22229.2,20414.8,17130.9,23526.9,18407.4,17494.7,17939.9,22251.5,19671.2,23355.9,23892.4,23198.4,18012,20586.1,23380,21052.8,21010.4,23523.2,24209.1,21414.5,22741.3,20025.1,23426.3,18765.9,22029.3,20082.6,22072,23446.8,22292.1,20392.6,19140.6,24207.8,22483.8,22566.5,21193.2,21165.2,23248.8,18759.7,20442.6,19819.6,19346.8,21099.1,21591.5,21752.3,17562.7,23147.2,17039,22871.4,18601.8,19369.9,19221.7,22662.2,23273.7,20114.5,19849.4,21644.3,18000.3,17523.8,19175.8,20087.9,21453,20879.1,20246.2,18210.5,23897.6,22489.4,24326.4,22488.6,25378.3,28971.1,33267.3
34303,27196.6,27870.3,22000,24192.3,18352.2,20253.3,18069.9,19938.3,16389.3,21005.7,18793,21757.7,18275.3,19062.7,18871.9,21365.4,16247,20414.7,16183,20509.2,15286.8,20870.9,21178.7,18954.8,15786.6,17848.9,17743.1,20905.2,19491.2,18919.1,19966.1,19481,19715.9,15758.5,21685.6,21448.1,17764.1,22178.6,22127.4,17522.4,21910.3,18664.2,17917.8,21614.8,21796.7,16625.7,21593.9,18330.3,15969.5,21049.2,21510,16319.4,19398.8,17067.8,20455.7,20428.9,16020.9,17634.4,20136.4,20202.1,18577.6,16810,17189.6,19334.2,20053.5,19642.1,18747,18746.3,21768.4,17290.1,17314.6,16470.7,19301.3,21683.8,16639.8,19080.6,21581.5,19686.5,18036.6,16658.7,18721.6,16039.9,15192.1,20858.7,16288.4,21499.8,20482.6,19874.5,20783,20235.6,15473.5,21262.7,17438.8,21128.7,19320.5,18291.3,19544.4,18408.1,21338,19848.3,15132.4,16487.6,16182,15053.9,17860.1,14800.4,15650.2,16058.6,20543.1,17823,20178.9,17731.8,20997.8,20554.7,15378.6,21481.1,18018.5,16972.2,19328.1,16736,20415,19406.7,18776.7,16580.4,18911.4,19913.7,17364.9,17758.8,21498.7,17638.3,18510,16884.8,16191.7,17152.2,15700.4,16291.3,20292.5,16233,19601.1,18402.4,17043.7,15526.6,20458.2,20076,17741.2,15139.9,18909.1,17432.3,19785.5,15310.8,16262.1,15539.5,15500,15448,18228.3,21287.4,16641.7,20968.2,16143.1,20414.9,17488.5,18933.1,21026.6,18277.5,21279.6,17272,21456.3,21052.8,17810.7,20978.8,22005.8,20343.8,17645.6,18928,18140.8,20236.7,19397.9,21128.9,18990.9,20618.9,19279.8,21138.5,19075.5,21226.1,21628.7,19344.2,15808.4,20296.7,18392.9,22050.3,19079.5,21789.8,20955.5,22021.5,19134.6,19546.3,19037.8,17575.6,20249.8,20832.8,21036.9,20791.8,22923.1,20277.6,18318.4,21337.3,17416,17312.7,17119.3,21138.2,21215.2,18118.7,18506,21775.9,21948.1,22395.7,21369.6,20421.8,17414.5,16913.1,20089.4,21078.1,21071.6,19262,20928.4,20805.2,20651.7,18887,17978.8,16150.7,18341.7,16857.5,22021.1,16495.9,21880.8,15883.6,19448.3,18019,20321.1,19334.3,19421.3,16622.1,19041,18185.4,16208.6,19813.5,16677.2,15909.8,18853.8,18964.2,16418.1,17821.9,17804.8,16494.2,18205.9,19422.1,19518.5,20623.4,17793.8,17234.6,21100.3,19422.3,16055.4,20139.6,15866.7,19486.1,18724.2,22522.6,17065.2,21909.6,18717.6,17647.9,15901.1,16327.1,18004.3,16715.6,22112.4,21378.7,17952.9,20336.3,20440.6,20140.2,16365.7,18147.6,19835.1,19291.6,16556.2,19024.6,22229.4,20128.5,21544.8,20126,16983.5,17801.5,20442.6,20639.6,19475.5,19225.4,20940.7,22103.8,18952.6,18198,22796.1,16608,17997.2,18309.4,21476.4,17057,20715.1,20740.7,21584.7,18089.6,21185.2,20762,22890.7,20186.9,18229.2,23266.1,23303.1,18482.9,23758.9,17995.8,23459.3,22349.9,24268.1,23180.7,23979.8,20274.9,20920.2,23362.2,19883.6,18325.9,23898.2,24412.4,24406.1,19653.8,22659.5,21400.2,22541.5,23224.9,20581,21692.4,20749.8,20516.9,23608.7,22652.9,22119.2,21335.4,23260.4,20312.6,17754.6,21455.2,19871.6,17475.5,23587,19427.1,21411.5,20436,21241.7,18805.3,23036.8,20348.7,22522,18253.1,22999.4,22143.6,19414.6,21225.6,20875.8,18088.8,18512.1,21453.4,17914.4,23360.9,19119.3,18257.6,20641.2,19103.6,24334.2,20868.9,27917.8,28995.6,33827.8
32019.9,27210.4,25366.4,25225.3,19315,21710.8,22153.7,17709.5,16698.6,21280.9,21071.6,19659.7,21703.5,18385.9,16395.8,21069.2,19945.4,17805.6,19510.8,19708.1,21160.1,19759.1,17485.2,18993.8,15629.5,20556.2,17005.2,20731,20999.4,18872.7,18160.7,19902.3,17774.1,17446.8,16837.8,16509.8,17968,19578,16644.4,16439.5,21286.5,16802.3,17553.1,22381.3,18726.3,20061.4,20660.1,18809.4,20148.4,18761.8,16250.6,21722.1,19189.2,20894.9,20393.7,20432.4,18669.5,17746.3,21804,19102.6,18027.2,18305.1,20745.4,18166.9,18441,17502.4,20634.3,18515.7,21694.2,15975.6,18068,17787.7,19165.3,16707.5,18413.6,15881.2,20190.9,20518.9,20728.7,21600.7,20278.3,19865,15433.7,18746.5,21653.3,18875.5,18025,20043.3,16048.7,21586.3,16260,19377.7,17707.4,20260.2,18361.5,15398.8,17425.5,17438.8,16159.6,15158.2,21222,20935.3,21251.8,19372,18702.2,18720.5,18145.4,14870.1,15365.3,20276.7,20158.3,21419.9,19292.4,18859.7,20806.7,20265.4,16943,16618.7,20944.1,17776.6,15712.4,20666.9,20738.2,20465.9,21774,21252.3,16314.7,16168.3,18568.6,22564,22740.5,21789.8,21985,16459.6,17500.5,21294.4,20166.9,17894.5,21164.3,17355.2,16982.2,20074.9,18194.1,18624.5,17706.6,20422.4,17612,17795.7,15396.7,18617.3,19672.1,19360.2,18667,20485.9,18316.7,20306.3,17429.5,19174.4,17830.3,17422.3,20360.6,17239,18778.5,20329.1,21375.6,20941.9,19775.7,19317.7,20994.7,18501,18755.9,17038.6,22630.6,22501.4,22051.6,19810.7,17100.9,16946.8,18516.9,17573,20142.7,16879.8,21022.8,19282.3,17701.5,21184,19193.5,17875.4,17055.8,16231.6,20800.7,21500.5,21649.4,20876.9,21458.6,19757.5,19530.3,18822.3,22352.8,18206.8,19629.7,20354.4,20334.3,18593.3,22244.6,20319.2,16989.6,19019.2,19436,22593.6,16803.7,22162.2,21580.8,17531.7,18280.4,17564.9,17180.6,17906.1,19845.4,16470.5,19415.7,18600.1,22250.1,18282.9,17338.2,18339.3,20457,20144.6,20725.8,20210,19235.8,17550,17107.9,21144.7,16617.8,17924.4,19723.7,21284.4,16685.2,21967.9,18000,17715.6,20668.7,17789.2,21429.6,16818.6,21838.5,18856.8,18885.1,16015.3,16551.4,17570.5,15713,20053.6,19196.1,17811,19425.4,15497.9,16811.8,20942.6,20455.4,19951.1,19120.3,21621.7,16975.2,19586.9,22122.8,16409.1,17114.5,17359.8,16345.7,20704.1,16534.4,16227.9,17913.3,16975.4,19407.3,17249.7,22016.1,16807,16046.3,21009.1,18325.7,18040.5,17372.9,20861,20640.8,19687.5,20511.2,22261.6,17497.8,19178.5,22714.8,22544.7,19374.4,22564,20219.5,18341.5,18366,20660.4,17665.7,21467.2,16753.5,18199.5,21944.6,19553.5,21959.1,21117.7,20736.8,21776.6,17217.7,16812.6,17435.4,20216.9,19419.8,22578.3,20023.7,21099.2,23579.2,22349.7,19104.4,23689.1,18972.7,22782.7,23860.8,21556.1,24450.9,19532.7,18824.3,20863.7,23652.9,24599.5,19891.8,18175.4,24612.4,24604.2,20759,19365.2,20847.3,20167.6,19807.4,20708.4,20766.9,23992.2,21877.8,22828.5,21983.6,18130.8,24323.7,22870.9,19129.8,20646.2,21899.8,19889.4,23866.7,19000.8,21132.2,21220.3,17861.7,17474.8,19324.2,20345.6,20100.6,20328.5,16596.6,22119.8,21617.5,22713.3,21193,22254.6,17344.2,19201.5,21394.8,18852.8,18858.5,20959.4,16945.7,19688.3,18281.2,18319.9,25884.2,26848.1,31506.5,34844.4
33912.3,25229.4,25997.5,20873.3,20639.2,19964.9,18136.7,20543.7,18440.6,21221.8,21970.6,21143.7,16362.5,17721.5,15726.2,18040.3,17625.4,17456.7,19089.1,18151,21513,17681.2,16333.5,17460.2,17130.1,21046.7,18867.1,15233.5,16547.6,16606.1,18314.3,16701.6,17930.5,15729.3,15734,21856.3,19252.7,17540.8,17795.4,19765.1,19559.6,18349.1,20646.7,20441.2,20214,19518.7,19618.1,21525.5,21571.9,20700.1,19796,17328.3,21265,21355.2,17202.8,18323.2,22409.5,20573.9,18473.2,20187.4,17490.2,20128.3,17927.7,16421.2,19154.6,16269.8,20866.1,21956.8,17160.6,20709.8,21861.4,21522.9,18277.9,19289.4,21360.2,20699.7,19052.1,18735.6,20692.2,15721.4,19582,16893.7,15729.8,15288,17168.4,19595.6,16770.3,21131.3,19365.5,20786.8,21850.7,20757.3,17486.8,20149.1,17982.7,21018.7,18698.8,20273.3,19216.9,20398.2,16320,16709.9,20944.6,19209.4,19662.3,15520.6,20050.5,17885.8,20227.6,21146.4,19023.8,21545.4,15506.5,20764.7,15284.9,20413.8,17795.2,19124.9,17384.7,16142.1,15775.3,20760.3,20994.3,20219.3,16731.8,21513.6,19920.4,18631.6,17230,18984.4,22319.9,21218,22080.7,22320.1,18133,22057.3,16977,20976.1,18667.3,19342.9,21221.7,21307.8,19643.6,16473.9,16819,17973,18748,18697.3,20721.5,16003.9,16185,17020.5,20529.3,20285.7,14797.6,18138,21506.4,16603.6,17555.2,20445.3,18779.9,16579.3,19997.7,21636,19211.6,18029.2,21188.8,17725.3,17812.6,17046.7,21825.3,17527.1,22924.2,21582.1,19905.5,16335.1,16321.9,21919.7,19250.3,18817.7,17686.2,20054.2,19465.6,22461.2,16505.5,15893.4,17797.8,20521.1,18049.4,17997.9,17995.8,21692.2,16290.2,20729.6,18510.3,21542,19972,21172.8,18896.8,19523.1,16683.7,21552.5,20647,16735.7,18733.7,17290.4,19398.5,18174.5,19117.7,19088.2,19947.4,20231.7,23114.8,21476.8,16911,21050.3,18233.3,19695.4,22194.2,16337.6,19751,18310,16235.6,19329.2,16058.7,20537.4,16139,22073.4,16158.5,19090.5,19839.4,20806,20139,18267.7,22397.7,20507.7,19972.9,21111,21916.3,18144.3,22423.8,19607,22235.1,19711.2,19576,16502.7,16109.8,16634.7,21953.1,22323.8,17731.5,19473.2,19809.3,19817.8,16670.8,16987.8,19124.8,18024,17269,19055.5,18420.9,18080.1,19932.3,19700.3,18386.3,20651,22038.6,20234.9,16690.7,16429.2,19488.1,17077.2,19143.2,16189.7,21672.5,19824.3,16343.7,21442.9,19504.2,19017,16527.3,19229.3,20533.1,17716.2,20781.9,18857,18092.3,22238.1,16712.5,19856,17106.2,20152.7,21342,22477.8,17045.9,22274.8,19226.9,17704.2,17861.2,19930.6,21279.8,18140.8,16874.6,17720.1,22079.6,22219.1,16697.7,20621.6,18943.2,20227.5,19777.8,22239.5,17711.2,19976.4,18240.1,23371.9,21406.7,19322.2,19767.4,23019.2,22467.3,17688.2,19635.6,21836.6,20847,20215.1,22390,18646.8,18604.3,23246.6,19373.9,20827.2,23482.5,22040.2,19935.5,19751.6,21903.1,20283.3,22451.8,22015.6,21465.5,22899.1,18790.7,18632.9,22611.5,18480.4,23039.3,18251.4,22115.9,20070.7,20253.1,19650.2,5391.01,19321.2,20403.8,20735.4,23599.9,19316.4,18356.6,18854.9,20771.2,17640.6,19748.3,20251.1,18102.7,21330.8,22171.5,17429.4,21680.3,19999.3,18203.3,20497.8,20378,17265.6,22313.8,20667.3,23415.6,23446.9,17575.5,23999.9,23268.8,25733.1,24936.2,32360.6
33877.9,27712.9,23892.6,22265.2,21032.3,17735.4,19409.7,20543.6,20648.7,21483.1,19996.7,15926.7,17998.4,18879.3,17045.7,17967.2,16639.2,17822.3,15946,19698.5,18618,17219,19583.7,19059.4,15400.3,21642.2,21760.8,20691.7,18556.9,20731.8,21568.9,19269.3,19692.1,19260.3,16467.3,17998.9,18953.1,19504.3,18016.1,20488.2,18386.6,16864.1,18568,18275.3,22352.4,20318.1,19749,17838.4,18841.6,19927.9,20237.4,18831.9,21469.3,16967.4,20474.1,18301.4,18999.5,22114.9,16366.4,21329.8,20012.3,16813.6,17064.7,17760.4,18815.8,21511.5,18869.8,18676.6,21447.1,19454,21680.2,21748.5,18621.5,20741.4,16639,17243.1,16066.6,16657.5,20127.6,20778.8,21047.5,16492.7,16089.5,17561.3,17007.8,20218.8,19779.2,15887.1,20839.3,18457,21653.8,18903.6,18361.2,15445.8,19761,19751.5,16446.4,21355.3,21026.2,16062.2,21237.1,21615,17038.5,16156.6,14967,14803.5,17429.9,18901.7,21192.5,15862,15980.5,18923.3,15959.7,17517,17832.9,19747.6,19487.3,21921.5,16073.5,15631,18380.8,19750.9,19581.2,17931.9,19823.7,18952.7,21257.2,20361.7,19823.1,19102.3,19173.9,20688.4,20570.7,21150.6,17513.2,19505.1,17895,16159.6,16616,17024,20972.7,18029.1,15976.2,16535.8,15496.8,17212.3,20904.3,18598.7,18268.3,17499.7,16429.9,18466.6,19649.1,18783.1,14940.9,18329.1,18854.2,17077.2,16549.2,20239.1,19585.6,18378.2,15733.5,21443.3,19795,15903.9,21714.7,20946.1,18435.5,17238.5,22798.4,18778.6,21528.9,19669.9,18651.1,17567.5,22534.7,16583.4,16052.3,17121.9,18130.2,22120,20406.4,17634.2,18842.6,16956.4,21198.8,19029.3,17647.6,18458.8,20457.9,17396.6,21854.3,16352.3,19515,20738.1,19501.5,16651.2,19713.1,21119.4,22739.9,22478.2,21509.2,20661.3,19171.3,21455.5,20163.1,17660,20698.9,19470.4,21570.9,17735.2,22031,16853,22002.2,23145.9,17839.9,20224.7,19973.7,21864.5,19989.9,18174.8,16863.1,22163.6,16635.7,18338.5,22102,22439.1,21707.4,22208.7,18961.9,21566.7,16192.5,16699.6,22021.7,17522.3,18650.6,17667.4,18249.8,18791.7,18820.7,19849.9,17593.4,17763.9,15873.1,17788.4,16302.8,19039.2,21075.1,20970.1,20871.1,17375.6,19149.8,15873.7,19454.4,20442.3,21810,21334.3,21844.3,19052.8,20568.1,18136.8,17196.9,18405,20838,18531.5,16879.3,19296.4,18079.4,17678.6,18920.1,21830.3,17053.9,18224.5,16317.9,18213,19286,22531.7,16208.4,20948.1,17529.4,17032.9,16643.7,18613.6,19710.1,21927.7,20638.1,18261.9,19708.5,18028.7,21060.7,21081.8,16712.7,17015.1,19900.3,21117.9,17302.1,17811.5,22663.4,16595.2,21068.9,17205.3,18798.6,17661.8,20547.4,21156.8,19046.9,23014.8,19097.6,21483.3,21216.8,22224,22737.4,17012.8,21872.2,22315.3,19172.1,19908.7,20732.7,22864.7,22106.4,18515.1,18646.9,21736.7,21435.1,22689.8,18171.3,20284.5,18506.4,22067.7,23746.2,22757.7,20875.9,22635.6,23051.5,18670,22869.8,21155.1,21277.6,23499.9,23356.5,24637.6,20701,18808.1,22931,20605.6,18333.8,20415.7,18295.1,24022.5,19362.9,19264.2,20384.6,24150.1,23828.9,23451.6,23139.6,21091,20428.9,19841.8,19378.6,19714.9,21767.2,16933.6,21088.1,23282.3,22745.8,21939.7,21478.9,17376.7,22175.7,20196.1,18688.6,19153.3,23764.2,19189.3,18057.4,21666.2,22717.4,18416.5,24722,22378.4,25510.4,29503.3
30351.2,25041.8,22847.5,21073.8,19044.2,17731.7,16689.8,19784.9,17224.3,18237.9,21761.9,21682.3,18670.9,21240.5,15806.1,17208.8,16130.4,21194.8,15560,15988.4,16253.6,19304.1,19005.7,16812.2,16242.7,21349,17002,17703.9,20211.1,17896.1,17169.1,19348.1,21225.6,16311,18347.5,21210.9,16783.2,19045.1,20908,16468.6,19068.1,18399.8,17057.9,18148.8,17605.5,20030.6,21386.8,21309.5,19977.2,19717.6,17835.8,18750.2,16440.7,19255,20820.5,16678.9,21192.2,18401.8,20830.7,21712.8,21034.2,18933.1,22002.9,18838.8,22104.8,19727.2,16417.4,15802.5,19286,18378.1,20174.5,17217.7,21068,20325.5,17247.9,21593.9,19296.7,20546.6,17166.5,16052.3,15628.7,17604.6,17043.4,17017.8,16473.8,19175.9,15351.6,21632.8,18154.8,19876.9,20607.3,16922.9,21060.2,15810.9,20487.7,17678.2,20711.2,20625.1,19365.4,20178.4,20724.7,18398.7,15623.8,17393.8,17232.4,20099.7,16115.8,15835.3,19988.2,20128.1,16468.4,20819.2,18672.4,15267,16678.4,17217.5,20290.3,21048,18634.5,19393.3,17755.3,21603.6,19918.6,17907,17532.2,19981.5,18641.2,19881.8,16753.8,16267.6,19560,16411.4,20143.2,22279.5,17953.1,20476.3,21040.8,17804.2,18953.6,15260.9,19397,17369.8,20046.3,19675,17942.2,18793.3,17776.6,16971.4,19348.9,17525.8,17740.4,17334.3,17270.7,15229.3,19063.9,19450.1,18417.1,19375,15809.6,21741.5,20950.2,20669.2,20923,17398.2,16239.7,22092.7,21658.8,16439,19953.8,22475.9,16742.4,16724,18746.4,21203.4,20858.3,20686.3,17585.8,16721.3,20027.6,22641.5,19567.9,19029.1,19704.5,21069.4,21919.6,17403.1,20807.3,19401.9,21733.4,16709.8,19092.7,22537.3,17403.3,19005.1,17786.1,21635.5,18024.5,17872,18839.8,22027.9,17991.4,18605.7,21225.3,17660.8,22147.8,18976.8,18789.7,19216.1,18363.3,18625.2,19386.4,20556.3,21105,18730.9,23151.6,20104.6,17899.6,19170.1,21674,17372.8,17112.6,20713.6,16227.7,18709.1,17350.3,16464,19203.9,19362.3,20713.1,18971.8,21520.8,21455.3,16717.9,19850.5,17227.7,19249.8,19464.1,18776.3,17494.6,18301.3,16544.2,17127,21452.5,21895.1,18339.4,19873.5,18532.6,18154.8,19199.8,16476.3,19714.2,21939.2,20481.5,21487.9,18779.2,16190.3,16333.9,19842.4,19607,17575,17071.1,18447.9,19735.4,19611.6,15581.4,19502.1,21747.3,16204.1,19250.4,22007.9,17555.9,17817.8,18249.5,16218.4,17192.2,16570.6,21400.2,21427.4,21281.2,17280.8,19828.2,17115.3,19183,19541.9,19262.2,20773.5,17830.8,17316.7,21714.7,18110.7,20166.8,16903.2,19966.8,20220.6,18016.5,18248.6,18777.5,17409,21542.7,21408.2,19979.2,20596.7,17982.8,22175.3,18770.9,20423.2,21984.7,16681.2,19455.3,20813.4,16683.3,17073,20655,22042.4,21909.2,18229.9,17478.8,18304.1,17477.2,23643.2,19993,20084.8,18347.7,19354.7,20664.1,21947,18211.3,24249.8,23920.8,19944.6,24347.5,24887.2,24586.4,19881.6,18664.1,24169.5,19497.6,22156.1,19472.8,19161.2,18842.8,24094.3,19750.3,19239.8,21667.4,20157.7,20651.9,20487.4,24041.5,19847.3,21185.6,19688.8,19048.3,20244.8,19175.4,20460.1,23290.6,23814.2,23276.5,17894.1,21582.4,19905.1,21004.7,20480.9,18816.4,17353.5,17912,17974.7,18174.3,19607.2,18686.5,16928.3,23789.7,23659,20043.9,20538.5,17323,19227.7,21286,22905.1,19954.9,25213.1,25874.7,29328.9
32058,28869.4,22194.3,21632.7,23597,22512.5,21153.4,21942,19906.4,17953.6,20095.4,18976.4,20746.5,18443.4,16890.2,18376.1,16671.5,17352.6,17450.5,17121,15648.4,19517.3,18280.2,20052.6,18849.1,19311.2,19911.1,20071,19957.6,17274.7,19121.6,15799.7,16890.8,18545.1,21490.5,20782.8,18648.6,21371.5,19657.6,17253.1,18617.1,16557.2,20155.7,20829.2,21781.8,21025.2,21349.7,18037.4,22158.4,20907.7,19759,20364.8,17567,16422.1,20385.6,20318.5,19562.5,19353.9,21303.4,19727.8,21026,19301.8,17860.9,17667.6,21559.9,21898.9,20250.9,21306.7,16531.6,21380.9,19298.3,17950.6,19958.7,20447.4,17896.4,22101,21792.1,17944.8,18417.4,18760.3,18168.5,15876.1,17386.8,16795.7,20947.2,20568.1,20773.4,15954.8,17693.7,16181.4,21549,20868.3,16259.5,20200,16745.9,16075.9,16560.2,15525.3,20219.8,20388.7,18493,16329.5,18608,17292,17662,21077.7,18010.4,15755.5,16906.4,20656.5,15234.9,18588.5,19933.4,19835.6,17620.3,16151.5,21406.3,17444.7,15956.7,15948.2,20721.2,16076.6,19964.7,16563.3,19636.5,16712.8,17155.2,22359.1,20328.3,19476.3,21302.7,18667.1,16499.4,18171.7,20560.2,20338.1,15619.1,15071.9,16327.1,17699.5,17735.5,19553.3,15305.6,19836.3,21071.7,18688.8,21148.6,16943.1,21427.3,16362.8,16712,18528.9,19865.3,20307.6,18152.3,19303.9,17313.6,21319,18014,16589.5,20225.3,17792.2,17872,19066.9,19783.7,17955.3,21757.8,21944.4,19448.8,19935,17953.3,17107.5,17571.7,18537.3,17673.3,19733.6,18297.8,20943.6,17303.8,17484.7,21098.4,18463.8,16787.5,20702.3,20674.2,19669.2,20252.9,20729.8,21878.3,19614.9,18953.1,16178.9,17036.2,19682.2,21625,18992.6,18163.2,17691.2,21489.9,20864.3,16448.1,19634.2,19122.7,16669.5,20452.6,17269.4,20625.5,18392.8,20545.6,23115.6,20934.2,19065.2,19150.4,19358.3,20724.9,19543.7,16843,21352.2,22595.2,21424.1,18912.4,22841.6,20340.7,16249.8,19462.4,17127.4,16878,18668.3,20479.2,16082.6,15951.2,17135.7,19724.1,18320.9,21101.2,22399.2,21905.4,18758.4,19153.8,17867.3,19498.3,20774.1,18750.2,18720.5,16581.8,16186.2,19144.8,19196.4,18463.5,20335.3,19011.7,20395.8,18472.5,18859.4,16517.7,16417.9,16269.2,16369,17050.4,16724.6,20174.3,21743.2,21510.1,17979,19814,16531.7,17295,17109.7,16155.2,16935.3,20970.5,19485.3,17361.6,17877.3,17147,19005.5,19015.9,17997,16620.1,18996.3,22549.6,17710.8,21661.4,19207.6,19412.3,21788.6,19423.3,20850.9,19459.2,18530.9,20735.2,17364.4,22394,19606.9,18385.6,15874.5,21872.2,20747.7,18507.1,22881.2,17891.7,16623.4,17882.4,18549.3,23038,21441.2,16806.5,16876.2,19168.1,18532.6,19644.8,22176.6,17616.8,21502.3,22409.1,22158.4,22824.2,20232.7,24100.5,23777.4,21391.1,23160.2,17659.5,23590.3,21998.5,21205.5,20805.7,21083.8,23225.3,21290.3,21505.9,18293.8,24453.5,20499.8,23304.2,20088,23919.3,22639.5,21100.6,19878.2,22598.2,24822,23174.4,24179.1,20787.1,18553.3,22623.6,21444.1,18635.1,18423.2,22259.9,21221.3,18723.1,21708.5,18420.6,21575.3,23667.8,18691.8,18910.8,20459.5,22859.4,21566.7,20328.3,20736.2,18095.4,21484.2,18255.1,19046.2,22818.8,17431.4,20196.3,17642.6,21162.5,17855.4,17979.3,23825.8,18447.9,18126.5,20719.7,24653.7,25238.2,27289.8,31065.3,31150
30382.3,29953.2,27368,22742.3,21962.2,18514.5,18510.7,20058,20120,19180.5,20514.6,18349.7,16920.7,18817,16208.3,17253.2,19927.8,16521.9,15967.9,17063.5,20096.1,20834.4,19414.3,21474.9,16960.7,18825.6,18771.5,18274.8,16508.7,16316,16329.5,21096.8,18848.3,20704.8,20072.9,19361.6,16868.2,18487.4,20611.1,15996.6,17932.6,21072.7,16388.9,16977.7,16528.9,16553.6,18405.5,16551.8,16554.9,20850.9,16260.5,17169.4,22613.2,20002.2,21226.7,21687.9,17455,19700.7,18760.3,19805.1,17539.9,16218.8,20039.6,19170.2,16607.7,17395.3,20407.6,16696.2,17652.6,18536.9,15722.3,21975.7,19535.7,19075.8,17223.5,20696.4,18077.2,20053.7,21499.5,18427.1,17428,17633.7,16913.4,19200.1,20265.3,20715,20507.1,20268.7,15376.9,19754.8,16712.3,17606.6,15087.1,16288.4,16207.9,17027,21219.4,16447.9,21563,20871.5,16342.4,19906.5,18330.7,15567.7,19399.4,20686.8,15325.2,14693.5,16070.6,21297.5,19855.7,16751.3,18400,18958.4,18501.2,20202.8,17594.8,17197.6,17649.1,21609.8,19225.3,17590.4,16891.3,21468.2,20394.4,22537.4,18395.3,20206.7,17858.2,22175.4,17260,21345.2,22778,16995.3,17809.1,20437.6,19532.9,18296.7,16416.1,18918.2,15752.2,18117.7,17185.4,16662.1,19817.6,15452.4,18808.8,17987.8,19893.8,19900.5,19036.1,15937.7,19336.7,15767.3,15371.4,16017.6,18452.7,18300.4,21715.8,18134.8,18037.4,19743.6,16804.2,16516.5,22046.9,19610.1,21820.3,22166.2,22503,20259.5,21453,19348.7,16972.5,20325,18788.5,17482.9,17676.3,17404.8,20275,22445.2,19930.4,21838.4,21101.4,21761.6,22722.8,22297.2,21172.1,16077,18974.2,19191.6,21572.8,20630.8,16380.3,18535.4,18359.8,20783.1,22164.8,18065.5,16858.2,20879.9,17430.1,19200.3,21679.1,21144.1,18661.5,16905.6,21408.9,20718.4,19191.9,18686.3,18606.2,19660.2,21568.4,16841.6,18984.2,20667.2,17345,20137.9,19035.8,17327.3,18256.7,17299.2,18163.7,17658.6,16828.7,18283.4,18471.7,18743.2,16665.7,21325.5,22143.2,21214.9,20271.3,19711.2,22744.5,22344.5,17273.6,22359,18954.6,22190,18027.2,20334.1,16077.5,18458.3,16548.5,21869.3,17870.1,21078.2,18181.8,18960.3,16006.1,19189.1,17246.4,20298.1,17213.7,16240.8,16698.5,17933,20294.7,19992.2,15551.8,21770.7,17789.5,16024.2,20219,20899.4,20748,22093.8,18172.5,20842.9,16479.6,22411.9,16567.8,16939.7,19406.4,17460.7,16243.2,20919.6,19306.2,16584.2,19493.1,18824.7,21247.2,22298.8,17833.4,20633.9,19775.8,16495.5,17241.5,16837.9,17305,22369.4,21023.3,17057.1,16554.2,18463.9,18980.1,21938.5,22020.2,19045.1,21466.1,19150.9,18178.2,17709.1,16893,20257.7,21283.7,18346.1,16944.6,22392.4,17092.2,20185.5,22683,18155.4,18147.7,22095.9,22947.7,21753.5,21059.9,24535.5,18386.8,23505.1,22992.6,21012.5,23722.3,19523.7,18121.3,24248.6,18028.6,21511.7,17931.3,24078.3,24026.6,18938.9,20450.3,23615.3,18338,20503.1,23916.5,22653.8,18291.5,24175.6,19617.3,21496.5,22788.7,20445.9,22706.8,22937.7,19652,24590.2,22262.2,19802.3,18964.6,24294.3,23247.5,21223.8,19098.6,17366.1,20805.4,20287.6,19936.8,22929.1,20794.4,16790.8,17625.1,22636.1,17987.5,18410.6,20507.7,19124.7,21918,17618.6,19978.2,19419.3,22739.1,22254.6,20887.6,21847.3,21030.1,20909,23371.3,22884.4,28122.8,31384.3
33607.4,30996.3,24768.6,23823.6,22187.3,23571.6,20108.3,18491.7,17510.5,16133.9,16387.7,20746,17052.5,19379.2,20466.5,15671,17869.9,20146.9,18333.4,21220.3,16558.1,17533,15751.8,21346.7,19972.8,15520.9,19729.8,18791.8,16761.4,17239.2,19021.3,17246,17605.1,20847.3,16626.8,17421.1,19755,19238.1,21005.1,21646.5,19994.3,20201.2,19958.5,20472.4,18739,20064.1,21489.1,20134,18971.5,16880.7,19852,19302.6,18867.1,21889.6,20825.1,22154.2,22467.8,20684.5,20903.7,17027.4,21513.7,22118.9,19331.8,18867.3,20395.6,20664.5,20674.5,18357.5,18077,17228.2,20878.2,18639.7,17242.1,17754.2,21018.3,18816.2,20494.7,20426.4,21639.3,20839.5,17134.3,16931.2,17356.2,21391.3,16290.7,20053.9,18138.7,15003,16610.8,18708.8,21637.2,17853,18000.4,20412.9,19800.3,17568.5,20704,16958.6,21047.1,19104.8,17177.1,19853,20433.1,16858.6,19556.6,16550,16671.5,16403.9,15582.9,18462.3,17643.7,17970.1,17059.3,15749.5,17023.3,18826.4,21723.9,18778.2,18554.2,15626.3,16900,20679.2,20198.5,20881.7,16297.2,20874.8,20599.6,20079.8,19402.3,18444.3,18729.5,18060.7,21979.4,20551.5,22520.1,22243.9,20277.6,21403.8,15208,19084.3,19707.1,18793.3,17122.6,17446.1,20197.3,16421.3,16788.9,17270.5,15372.1,19485.6,15797.3,17542.4,21323,21064.1,14668.9,19405,17248.3,17975.1,17277.8,17810.6,21958.4,20529.4,18898.8,20232.6,17948.5,15893.8,17544,22289.8,19079.8,22806.8,21753.5,21882.4,20724.3,20673,21514.8,17287.1,22739.1,16682.6,20888.9,22772.5,20427.5,17856.1,16258.9,21358.6,19606,20004.6,21211.2,19931.3,21197.1,19541.2,22062,16272.8,16523.8,19218.1,19963,16641.4,21611.3,19063.6,17173.7,17115.7,21928.8,20220.5,17858.7,19116.7,22259.2,17558.6,18478.1,19470.8,21445.1,18675.7,21147.4,20328.5,17144.6,20272.4,17359.2,21396.6,17057.3,19432,20109.9,20897.5,18321.2,16555.6,16437.2,17153.9,19194.4,21849.1,21799.4,16430.2,17574.4,22325.1,18175.8,20685.9,16546,20450.8,22013.9,16555.1,19594.7,16580.3,17790.9,17464.1,17551.8,21947,16206.7,17290.9,20058.5,22224.8,22218.6,20411.5,20615.1,17152.9,21025.6,17847.6,19658,15582.7,15490.1,18986,17206.2,19287.8,15874.1,19077.8,17961.1,21889.8,21572.4,21495.1,17173.3,17547.6,19120.6,18785.9,19793.7,22503.7,19577.5,20444.4,18381.7,18060.7,21250.3,15688.7,20581.9,18161.5,21122.1,19280,18028.3,17081.8,16168.5,18287.7,17670.3,4944.16,19120.8,19890.5,20325.1,18651.1,19263,18606.3,19408.1,21496,21479.6,17578.2,16035.5,20311,21370.7,22730.9,16911,18073.4,17165,20101.1,17018.1,18372.8,18446.8,17529.9,17203.4,18223.6,18430.2,16908.8,17547.6,23650.7,22569,21932.5,20218.7,21681.7,18117.8,23704.2,17977.3,19429.4,22554.2,19981.9,22702,23886.6,21299.7,20039,20488.7,18490,21861.6,22813.2,20983.2,24590.6,18415.8,21383.2,19979.8,18525.7,22264.2,19398,21134.6,23337.7,23336.1,22763.8,23972.6,22480.6,21511.3,21944.8,21819.8,24606.9,23602,22637.4,18165.7,20529.9,17838.2,23987.8,18358.5,22784.5,21337.4,18292,17607.5,19550.8,20531.9,18432.7,17899.2,18735.3,18753.4,18660.7,21274.9,20189.6,20158.2,20146.7,19196.3,21912.5,23814.6,23431.5,18571,19388.9,20591.9,21652.5,24884.8,27972.2,29260.6,34727.5
33972.1,24946.8,23537.3,24777.1,23105.7,18208.3,17714.6,19939.2,21026.8,18694.4,20339,16119.9,18826.2,20916.7,17131,20161.1,19104.7,17670.1,21294.2,15613.6,16177.7,19778.8,20641.8,15630,19522.4,19378.8,20678.9,17006.5,20599.6,18323.6,19597.7,18489.5,19329.9,16158.7,15656.2,21434,20942.2,21967.6,22237.5,18999.2,17296.2,16061,21967.8,18609.5,17165.7,18029.8,19736.8,18735.2,20749.8,20624.4,20583.3,17596.2,19699.7,18230,19167.8,21329.7,16732.1,22006.1,20125.4,17893.5,20187.4,18184.7,18961.6,21572,19734.9,21866,22234.4,17195.1,19487.9,20912.9,17730.5,20109.4,16273.4,19819.5,17033.2,16213.3,21288.9,16870.1,19342,18037,16159,18349.3,20199.8,18097.4,20717.6,20019,16692.4,18028.9,19195.2,15127.6,18847.6,17425.8,15322.1,18741.1,21633.9,16798.5,17576.5,16232.3,19098.8,18875.3,16998.7,16932.8,17179.4,18138.3,19291.2,16669.8,19077.7,19870.4,19897.6,20664.3,15637,20416.5,21570.7,19357.2,19300.3,18470.2,16311.7,18105.7,17809.2,15459.7,21831.7,19213,22462.7,19942,19226.3,22466.8,18289.2,17768.7,17027.7,18335.3,17627.8,21502.9,18628,18125.6,18828.9,20473.2,21482.8,15300.9,15337.3,16434.6,19566,15604.9,15236.3,21245.8,19512.6,16849.5,18235.4,19738.2,18794.5,20115.2,19129.8,17178.1,16137,17836,18659.1,17295.8,17914.8,17793.6,20836.3,21035.4,19651.9,16310.9,18463.4,18743.9,21790.9,19747.3,18964.1,20946.9,19752.7,16952.9,21889.7,22286.4,20698,16636.7,19998.7,21838.4,16679,21480.7,21648.5,21910.3,18190.5,19420.5,17503.3,22314.1,22610.8,16273.2,18931,21212,21075.7,22422.7,16151.2,21297.2,17640.4,20565.9,16329.4,18003.1,22837.9,20987.4,19752.7,17949.1,18015.2,21773.7,18356.5,20102.3,20681.7,17260.4,21542,20720.5,20252,19707.3,22477.3,21616.7,17205.6,21864.3,18850.9,20825.9,20546.6,19900.9,21521.6,22012.2,16850.7,16917.3,16830.2,16640.9,19875.8,21920.5,19028.7,19223.9,19064,22114.7,21410.2,22482.9,17860.3,16445.1,21118.3,20772.3,22294.4,20866.4,21118,20224.4,16314.9,21362.1,19502.1,16206.7,21546.1,20940.1,19231.9,16406,17934.8,19585,21231.3,19146.7,20613.1,21468.3,17059,16294.6,17861.7,21207.8,19088.3,18270.7,17950,20561.9,17595.1,17316.4,19773.7,19203.8,16433.7,18225,21051.3,20064.8,20292.7,20812.9,17991.7,17616.7,17799.4,18225.5,19965.6,17795.6,17334.8,21787.9,20889.5,16862.4,16513,20302.1,19486.4,19679.7,17624.9,20044.5,16500.5,20425.3,18975.7,20894.5,19528.4,17872.2,20473.1,19921.9,18777.2,22377.8,16608.5,16351.8,18566.8,22930,17344.2,22019.9,16673.3,18683.7,16478.4,19603.8,21209.7,22855.2,18503.1,18505.3,22094.8,21346.1,23351.8,17525.9,21072,18525.2,21310.8,23913.8,22808.1,22888.1,21455,19189.3,19895.5,23274.2,23856.2,21881.3,18712.3,18769.8,22600.6,20056.9,24863.6,22744.5,21611.6,20847.3,19238.6,24197.3,21368.6,21026.2,22735.6,18810.3,23444.7,23961.1,24639.9,19785.1,24900,18734,20240.2,18735.6,22910.1,22694,17809.1,21979.7,23384.9,23461.4,17653.2,19824.2,19124.5,23762.7,22198.3,18455.3,17907.3,20583.3,18731.1,17651.3,17356,22010.4,21570.6,17950.7,21825.3,18762.9,22680.4,21120.4,21823.5,17597.3,19924.6,23444.3,18907.2,19987.2,22657.7,28046.3,29944.9,29495.4
33142.6,28064.1,25465.9,24875.4,21932.5,18754.4,19653,20561.4,18854.4,19903.6,17872.2,20199.6,18833.9,17107,18718.5,20633.3,15688.6,20457.1,19529.6,18975.9,20962.4,16652.5,17705.5,21726.1,17813.8,15522,19898.4,16417.9,16811.8,21589.9,16889.8,16686,20767.3,22052.9,20799.6,20242.8,21086.1,18158.6,20781.2,16743,17088.8,18489.1,21045.1,21309,17632.6,22151.6,16414.4,22106.1,18615.1,20960.4,18655.3,20932.8,21922.3,18291,19160.9,19020.4,17312.1,18417.9,16306,20538.8,16828.1,21369.2,18549.3,20565.8,20424,20730.3,18983,21364.7,19167.8,16677.1,15935.2,16512.3,18986.9,20763.8,21097.5,17989.7,18459.6,18191.5,21710.4,19292.4,21140.8,16338.6,19580.4,15863,20609.5,18367.2,16132.6,16292.3,21484,20500.8,17092.9,18084.8,17221.5,19616.1,19300.6,16795,19270.2,20607.9,16208.3,20155.4,17229.6,17903.1,17072.5,16835.2,16012.4,19680.4,16945,18726.1,20527.4,18720.8,20428.7,19741.9,16664.7,15290.1,17633.1,17510.6,21250.6,18322.7,16644.3,18326.8,21827.8,17537.5,20467.8,18075.6,21157.4,18208.4,19730.1,21490.5,22900.8,17214.8,17262.2,22925.7,20656.4,16489.5,16137,15837.2,17804.1,17471.7,15510.4,19100.8,17430.7,21446.9,21431.3,20272.8,18587.4,16540,18643.4,15408.5,15450.7,20928.6,21156,19222.5,16766.9,17098.6,17214.1,16430.7,16789.2,18057.1,17501.1,19722.5,19268.8,22169.4,18450.2,17213.6,19588.2,18556.9,15984.4,21444.1,22840.7,20169,19559.2,22977.4,21659.8,17468.9,22269.1,18433.8,19735.2,20739.7,22390.2,20847.1,19907,21671.4,20422.6,20314.5,18584.5,16945.1,16468,17496.1,17396.7,20435.3,19409.3,16066.4,16216.7,18595.9,17962.9,20517.1,19669.3,16567.2,20876.4,22904.1,19576.1,21771.3,20551.4,20497.6,22731.7,17193.7,19790.7,17883.6,22727.5,22131.2,19905.8,18695,20923.3,22376.1,18228.7,21348.7,21645.5,21268.3,18700.1,20149.8,22502.1,19707.5,17685.2,16444.6,21065,18898.1,21459.5,18844.3,19235.9,21291.2,22375.1,21323.4,19848.6,21283.7,17692.6,20956.1,21858.5,22447.2,18933.6,21113.9,19792,16320.1,19299.3,18037.3,22219.1,21559.8,16290.8,21407.6,20821.9,16424.8,20208.4,19073.4,20643.4,20644.6,20972.1,20587.6,16995.9,17996.5,20387.4,17148,17675.6,16436.5,16597.4,17886.3,15709,20518.1,18009.8,22188.9,21440.3,17264.6,18990.1,18551.2,16688.5,19532.8,19858.1,21650.6,19307.8,17148.1,20639.8,20591.6,17909.3,16906.2,19507.2,16353.4,16258.8,19078,20174.3,19574.1,19150.8,22810.3,23137.9,22170.4,17524.8,19645.7,21089.8,22139.7,16838.5,20642.8,17062.7,18405,22791.9,20219.2,22649.3,22708.6,17425.1,21761.9,22986.3,22083.9,21039.5,17507.3,22437.7,21765.8,21257.1,20343.2,18975.7,22022.3,19453.2,17763.2,17813.1,22877.2,20272.9,19769.9,17832.6,24175.6,23535.9,23634.5,22467.5,21890.7,20023.1,18536.5,21914.2,23603.5,22096.8,21704.8,20417.6,23649.9,24683.3,24699.4,20630.6,24540,22682.7,21288.1,22665.8,19555.7,19295.9,20923.2,20842.4,21942.7,21483.5,18144.2,21052.3,17757,18994.6,19854.2,21042,23229.6,20178.6,22864.4,18119.4,17638.3,21827.1,21993.4,22764.7,20319,21223.8,18045,20826.4,17322.8,22409.2,21249.9,23933.5,18262,23771.1,21401.7,19241.1,18552.1,20756.1,21681.1,18769.7,19423,20941.6,22087.9,29745.4,30017.8
35210.4,29743.1,26174.8,24697.1,19311.9,20752.7,17982.8,20117.7,18309.9,18610.1,20660.3,21226.7,19526.6,15680.9,20255.5,20735.5,17275.6,15738.8,20987.3,17832.7,16018,19980.5,17647.9,19696.9,18015.7,18276,16651.4,21168,20207.2,19025.7,18376,16857.4,16822.5,20385.2,20713.8,20307.2,16839.5,21580.6,16192.4,20858.8,22005,17184.2,17167.4,21274.3,19918,21089.9,19325.7,21224.8,21150.4,22326.7,20177.6,19027.5,19557.7,21387.4,16940,21573.5,20569.9,17308.3,16908.6,19541.1,16367.1,17040.7,18117.7,16794.2,20860.3,19704.4,20480.9,21942.5,21428.9,21726,20230.7,15634.2,22006.7,16031.9,16664.2,21809.5,20416.7,15522.3,21241.5,20038.6,15097,19206.6,19121.6,16135.2,15547.8,21367.4,20149.4,20084.6,19792.4,16664.2,19211.8,18278.8,19913.1,20649.2,19541.4,17277.4,15069.4,16990.1,16772.3,20006.7,15028.1,17526.9,16955.2,19950.1,20559,17849.1,19101.5,21225,17675.4,19705.4,19701.5,16372.6,20852.4,21669.1,21078.3,18949.7,21607.7,20763.5,16094.4,19765.1,19472.6,16285.3,17662.1,21492.2,17186.2,21931.6,18334.3,19665.8,17479.1,21530.1,18913.3,21165.2,18659.7,22556.3,19859.3,18744.8,17208.6,20912.1,16297.9,19997.5,15304.1,15502.4,17944.2,20161.2,18718.2,20505.7,18740.2,18493.6,18046.2,17835.1,18152.9,16855.9,15334.6,15170.2,17537.8,17058.4,19791.8,17138.9,20047.1,21945.1,16845.9,18643.1,20534.3,20943.5,16261.5,16144.3,22305.8,18633.3,22518.2,19973.1,16814,16878.7,19431.3,20862.5,18920.2,22180,17003.9,21391.1,22816.5,21863.8,20978.5,20260,17020.2,20354.6,20508.7,20857.5,20897,21114.7,19855.5,16583,16336,18771,20305.2,21294.9,21557.2,17305.4,17447.6,22140.7,17772.2,18367.1,21566.6,20686.5,18836.3,20046.8,19819.6,21012.6,18667.5,21701,17081.5,22841.9,20780.5,18723.6,18354.2,19465,22589.5,20600,16783.7,17367.6,18536.2,21079.2,20971.1,16412,19276.5,22113.6,21034.8,17136.4,19416.4,18614.9,19018,21517.2,19945.3,21698.7,17915.7,22257.1,19393.4,22671.8,20002.8,19657.3,19193.5,16375.8,21125.6,17509.1,19276,21321.5,21306.5,22650.5,21271.5,20302,19650.7,17177.5,20010.5,16944.9,20153.9,22177.5,15913.7,21321.7,20331.4,15541.7,20711,21238.9,21792.3,19547.1,19307.7,16713,17841.6,19352.9,18972.3,20569.9,18664.8,20226,22194.6,17283.6,21932.1,21212.3,17363,19259.8,17669,16578.1,22144.6,16404.6,19680,18573.8,22074.5,16523.9,19224.3,21076.1,18318.2,17081.4,18268.4,22509.5,16882.5,17628.6,16305.2,21134.9,18056.8,21193.6,22637.4,21133,21237.1,16989.7,20668.2,20061.7,19845.3,22040.3,20643.7,18146.8,20874,21224.4,23032.8,20770.9,19639,20609.6,18055.7,21640.8,22487.8,22734.6,23258.2,23774.2,23780.2,20540.1,22622.4,22176.9,23277.3,19224.9,24004.5,23860,22002.5,23905.4,19298.5,19890.4,20706.8,23962.4,21658.6,19722.2,21144.3,25092.4,23845.4,22507.4,19693,20160.3,22562.9,20405.4,18927.5,22614.9,23713,21794.2,22277.8,22957.4,23666.2,22658.3,18065.6,20792.2,18432.2,20403.9,19858.1,18547.1,23799.3,17978,21610.5,21012.2,19794.9,22262.8,16968,18769.4,19695,22049.9,22509,20966.2,20349.8,17998.6,23551.5,19202.8,20693.6,20831,22315,22164.5,20353.8,21310,18129.6,23529.9,21932,22164.5,26237.2,35065.9
31959.9,25049.5,25710.7,23070.9,23984.1,19634.3,22864.1,22711.8,18442.8,21548.9,16677.8,17974.9,18382,20446.6,21065.8,20549.7,17716.9,21172.7,16381.3,16241.4,17718.5,17690.9,19507.3,18158.6,18710.9,17548.2,20034.6,16013.3,15881.9,16918.1,19049.8,16575.1,16821.2,19076.7,16881.9,17528.9,18657.7,18172.6,20136.9,17986.5,19963.5,18823.3,19084.8,17053.2,16089.4,20892.3,17553.8,19388.4,22561.4,18246.5,18529.8,19082.2,19034.8,21137.6,22244.4,21076.6,21168.5,16741.8,20283.3,21139.5,18068.8,15973.5,16918.9,16732.7,16557.6,20154.7,17967.7,15960,21847,19362.9,19500.7,18924.5,20438.1,20440.4,20378.8,17200.9,16630.5,16093.4,19563.4,16585.6,21321.7,18908.9,18706.7,20004,15136.8,21451.1,17068.3,17189.4,17332.2,19234.8,15412,18443.2,18906.1,20727.1,16477.5,18584.6,16442.4,20674.4,17340.5,20422.6,18144.1,19374.3,15165.2,15974.9,15068.6,17541.5,17174.7,16951.2,20581.8,17098.1,19218.5,19845.2,20943.9,21077.7,19057.3,17302.3,17053.3,18967.8,17273.1,20420.4,18585.1,21010.6,17498.6,21761.6,16323.8,18262.6,18230.9,19162.5,21878.4,17602.5,18384,17503,16466.4,21615.2,20035.4,20413,19288.2,18072.5,16764.5,16786.8,19956.6,19364.9,15047.4,17263.6,15565.8,16290,18856.9,16160.6,20826.6,17439.1,19624,19540.6,19514,17261.2,16314.6,17813.2,18934.1,19688.6,16578.9,17629,20645.5,20651.8,19996.3,18616.1,21680.6,19098.7,18453.8,21566.5,16541.7,16677.5,17890.4,21122.2,23332.3,19054,22313.9,19227.9,22099.6,20106.3,18317,16859.3,18445,20619.5,20556.7,20435.4,22434.1,18646.6,22549.2,21884.3,21787.9,19908.7,17953.4,21042.9,22536.1,22266.2,18571.2,18024.4,19019.1,17810.8,17701.9,16632.3,21209.4,18363.7,21557.1,16555.1,18217.8,18696.8,18496.5,19363.4,20639.9,23317.1,17642.4,20627.8,22298,21263.8,22114.4,17226.8,20310.2,22104.3,21436.8,21805,16924.6,20452,20101,19128,20346.7,19952.3,16072.6,21949.6,20317.4,17344.2,19193.7,16655,21114.1,17990.4,22006.5,16384.5,22370.7,16623.1,17938,22678.6,21609.9,21636.9,18407.4,16403.9,19420.6,20409.4,15994,19042.8,15780.7,16485.4,16496.3,19879.7,17746.8,18390.3,17333,21593.9,19984.2,20951.8,21693.7,21513.4,21405.5,21349.9,19671.8,19980.1,20315.8,21837.6,19727.9,20342.3,17649.6,19962.5,21837.4,20268.8,20173.9,18505.1,15698.4,21777,17545.8,19185.5,19424.5,18772.3,17888.1,16223.9,16817,18312.3,19669.5,18612.2,21907.2,17640.8,16984.1,16742.6,19096.7,20394.8,16651.9,20827.7,21127.2,17113.7,17597.6,19652.8,19328,18786.7,19855.5,18908.1,22616.7,19860.1,22503.4,16938.4,20969,18435.9,18933,20301.2,21486.5,18616.4,22793.6,20278.9,19852.7,22460.4,21581.9,17837.4,21644.1,22128.7,24254.6,19504.8,20325.9,20555.8,20366.7,24378.6,24352.1,19047.2,22672.1,24517.4,20640.8,24546,24364.4,19924.2,21525.7,18749.2,18375.5,19349.1,20867.8,20552.4,20191.8,20206.7,24913.9,24420.1,18826.4,18446,18580.6,24708.5,24642,19866.8,24072.9,18176.6,18505.3,18670.8,18613.6,20155.9,21136.2,18133,22907.4,23034.5,23143,18989.3,16933.1,17719,18737.3,18337.8,20408.6,21825,20231.3,18633.7,20247,21855,21637.7,22678.1,19998.4,21160.9,17338.9,18781,21824.6,24995.3,26232.3,26425,29945.4,31557.6
35559.6,25730.7,25844.8,24838.6,20458,21304.7,22501.6,20942.2,18893.6,17229.7,16171.4,17471.5,18106.8,19719.8,19276.9,22107.6,18301.9,19878.9,21667.3,21784.8,19422.7,19227.3,18457.3,18575.9,21674.7,17111.5,20932.9,19840.7,21889.7,15483.9,19387.3,18020.5,16287,21247.5,21033.3,18608.9,18335.4,19134.5,21784.3,16948,17927.1,21294,17920.4,19905.3,16440.4,17650.8,16570,17806.9,21894,21604.5,19860.3,17662.3,19454.1,18400.2,19954.2,18448.1,20028.6,19382.1,21655.6,16692.9,21516.6,18218.6,20803.1,18294.8,17913.1,18032.7,17431.9,21059.3,17204.5,16498.7,20609.7,18709.5,20578.8,19311,21352.8,17521.3,18756.8,15446.6,17348,17251.6,15343.4,19855.3,19874.1,16758.7,19817.5,17246.4,17063,17364.5,20647.2,19903.4,21125.2,21306.8,19553.6,16294.1,15086.4,17852.3,19598.1,18900.5,17778.2,17240.6,18286.8,20206.9,18328.7,21217.5,18654,15617.1,20883.1,14915.4,20675.7,18922.9,18992.7,15850.3,20491.2,20576.4,17775.7,19494.4,16974.9,18274.1,19261,20044.6,22075.5,16025.3,19914.3,16244,20443.1,16285.1,18506.2,19345.5,19165.3,18962.1,21209.8,18060,18680.3,22626.6,21678.3,19337.9,17803.2,20484.7,16720,17643.1,18877.1,18874.4,20229.3,17507.3,16872.5,15316.6,21594.7,20359.7,17981.7,20340.5,19070.8,20044.8,15726.6,16573.9,16079.9,19199,19738.2,21172.1,19388.5,18724,18534,18293.2,19770.9,20714.7,17685.8,16823.8,18901,18104.4,19287.7,20524.5,22073.8,18469.4,21873.5,18146.6,19500.4,16483.5,21229.8,18495,18817.1,20042.1,16356.3,18956.5,22400.8,21132.1,20524,21197,20783.2,21959.4,21985.2,19795.7,19789.2,21311.8,20763.5,21852.3,16807.4,22322.1,21817.2,17363.8,22574.6,17844.7,18421.6,19436.4,20494.3,19091.8,18369.5,19944.1,22401.3,20155.5,22492,22650.1,21836.9,19869.5,23339.2,21098.8,21888.4,19435.5,21351.8,19436.5,17980.3,19310.5,16680,18536.7,22101.1,22240.1,20096.4,19041.4,17627,22140.1,21541,18764.8,16598.5,21417.3,17151.3,21891.7,22786.9,16571.2,21372.4,18602.9,19380.8,21881.4,20764.8,22622.9,17764.7,18354.8,19938,20452.8,17203.9,20457.9,16413.4,21236.6,22280.2,22276.8,21659.2,16522.4,16022.4,16081.6,15689.6,18627.5,21615,21686.1,19989.9,18983.1,16395.9,19013,16893.8,15939.7,16663.7,19926.5,19244.3,18425.8,18422,20792.4,18240.5,17397.5,18532.7,19195.1,19075.5,21021.7,19897.3,17186.6,18549.4,16372.3,17848.8,19070,19869.2,20452.3,19422.5,18573.7,21421.2,16887,19851.1,17564.4,18074.4,21335.3,18392.6,21962.8,21007.2,20919.9,22651.3,16425.1,19033.6,16776.4,21802.5,18813.1,22244.2,21226.7,22511.8,19000.2,18085.6,17061,21093.1,23359.1,21341.3,21144,23084.5,20009.9,17721.3,18175.9,19820.8,21851.8,23826,20241.3,22396.5,18605.1,21815.1,22442.5,18688.8,23202.7,24069.4,24457.5,18132.6,21539.3,20246.1,20418.2,20856.8,19757.2,21618.3,23063.1,19881,21767,19036,25067.3,25037.5,22463.9,20144.1,19998.5,21767.8,22537.4,19846.3,22206.9,20740.8,22035.6,23203.2,17924.6,19427.1,18872.4,21356,20894.5,17266.4,17325.5,21439.7,18152.8,23222.2,21283.2,22110,17697.6,20282.6,23063.1,20568.9,18440.6,21327.3,21332.2,20015.8,21348.2,23925.4,17959.2,18192.3,22899.6,18508.2,18870.3,25991.7,24427.2,27478.4,31271.5
35463.3,28856.2,25742.5,20847.7,21769.9,18877.5,17622.2,18257.3,17420.3,19168.8,20084.1,16404.1,20224.3,20095.5,16410.7,16928.7,18768.3,19176.9,18883.8,20913.4,19072.4,21519.3,20971.2,17234.9,17544.6,16073.3,16422.9,17392.6,16737.2,17889.9,17124.7,19274.2,17963.7,20644.9,19856.2,16313.5,17024.7,16622.8,17027.6,19796.7,20165.4,19258.8,20790.7,21977.1,19812.2,19921.2,18195.5,18444,19089.8,16937.3,16702.1,21623.9,19134.5,20714.7,20594.7,20092.8,21042.8,20811.9,17677.4,16073.6,21709.4,19740.8,16735.8,18870.8,21488.1,21338.9,20686.4,21914.1,16610.5,20342.2,19418.9,17658,17824.5,18998.7,17250.6,18332.4,20827.9,18108.2,18362,18299.7,19492,18555.1,15764.4,16973.4,17737.7,14918.5,17190.9,19301.4,20362.1,15592.3,20883.9,14856.6,14986.3,18391,17744.2,16181,16555.6,19253.2,17446.2,14678.8,20046.3,19221.9,17828.5,17271.1,18183.8,19103.1,15217.5,18307.9,18340.7,16982.1,17325.4,18378.9,19122.5,18023.2,21255.9,16484.7,20834.7,15775.7,17731.3,17150.5,19775,16717.6,19743.6,16483,17001.6,18386.2,22858.1,21743.8,18228,20856.7,21300.2,22956.9,16972.1,17242.7,21745.2,20624.6,16613.1,15887.1,17053.8,15451.5,18085.2,15867,15599,19433.3,18752.6,17614,15898.3,15978.4,18226.7,17025.6,20214.9,19430.4,17203,18682.3,19285.9,20389.8,19661.2,21083.2,19436.5,20986.1,21744,18423.8,19934.7,16058.2,20481.9,18664.3,20010.1,21752.9,17362.1,20707.6,16910.1,22677.7,21692.3,20452.5,17591,18698.2,22694.3,17387.3,19872.3,20049.8,20477.8,20013.4,16688.4,16467,16299.6,18471.4,16828.4,20370.6,19581.5,22050.5,20114.8,17883.2,20634.2,22362.1,22538.3,16949,21757.7,20204.8,19684.4,17261.1,16886.2,22789,20369.7,20780,18538.9,22256.6,21160.7,18456.7,20623,19482.3,16942.1,23178.5,23495.5,22367.2,21747.1,17811.7,18924.5,20897.5,21797.9,20816.5,21005.1,22726.7,16726,19538.6,21331.4,16172.7,20546.4,19297,15990.9,19716.2,18156.5,17920.3,17638.3,18388.2,21157.8,20043.9,18547.7,17181.7,20347.4,19414.1,18685.5,18344.9,17601.6,22115,20592.1,18656.3,18807.4,22470.2,21204,17267.2,19370.6,16543,18893.6,20867.9,19759.1,16449.2,19955.6,18953.7,15828.3,17503,16816.9,21436.5,21169.3,18856.2,16618,17909.9,16605.6,18245.4,17496.7,17149.1,21265.6,21627.3,19057.3,20622.8,22233.4,21736.9,17333,17431,17988.3,18069.1,20622.6,18761.9,15961.4,20232.4,20313.7,18939.4,18587.2,17296.2,19506.9,16486.7,16121,16794.4,20628.3,17214.9,16479.5,18401.7,19231.7,19835.6,22380.2,21494.2,17983,20246.6,22179.3,19434.5,20213.2,22382.9,19167.4,22117.1,21999.5,22371.2,22258.2,22518.6,20648.2,21615.4,20896,17642.6,21573.6,18325.4,21862.6,22405.8,19495.3,18179.8,21361,19937.7,20500,22464.7,24300.7,22380.6,22240.1,18949.9,23830.4,20679.3,20291.7,25136.9,20759.3,21364.7,20604.1,24001,23959.3,24015.4,18664.8,23184.7,23245,22535.5,20170,20562.5,25018.5,21984.4,21050.5,21214.7,23126,21017.5,18638.8,20456.5,19500.3,24188.1,19552.7,20451.3,23767.1,20277.2,21363.3,23509.7,22912.4,17320.6,18708.9,18325.8,22224.6,23392.4,22975.7,19346.6,19199.7,22851.8,23116,17444.2,18316.9,17770,17670.1,17712.9,22363.9,21361.3,25619.6,25673.1,25053.4,34414.8
35030.7,28395.5,28568.8,26400.9,25100,19164.8,18081.5,18678.5,21364,22320.8,16489.7,20881.4,18687.2,20627.2,15725.4,15714.8,21785.7,17585,19450.5,16555.6,21538.5,17483.1,17689,17568.7,16234.7,19572.1,16953.8,19090.4,18552.7,20493.9,20344.5,19339.7,18305.8,16734.5,20748.8,20834.2,16778,16833.4,21803.1,21925.5,16977.4,16873.7,20917,16836.8,18267.3,18674.3,17899.3,19539.5,19795.3,19155.2,20958,17464.4,20585.5,17711.9,16983.6,17019.6,16909.9,18315.4,17954.5,16441,16185.5,20549.9,21313.4,21960.7,18419.8,19627.7,20035.8,19307.7,18019.9,21124.6,18365.2,20656.6,16516.6,15822.7,16628.8,19226.4,19901,16183.7,16244.2,15764.4,16221.5,16486.3,17874.4,18471.5,18171,20744.1,18531.7,15514.1,15345.9,18039.1,17771.8,17157.2,15821.6,20104.9,20593.1,17132.9,19071.8,21512.1,19213.7,15992.6,20995,14951.8,17198.7,17124.5,14670.2,15985.7,17443.2,15617,18446.4,18916,19028.4,19964.7,18317.3,21692.7,20644.8,19170,18300.2,20541.8,19581.6,19946.5,17143.2,17061.2,19745.3,22374.6,17988.3,18147.6,20010.4,22622.7,18734.5,20112.6,17579.9,20784.5,20899.9,22027,18198.1,17153.1,19310.2,16529.7,21200.6,17926.1,18315,18979.1,21379.7,20642.3,21568.3,17614.4,16712.7,17848,19086.4,17532.9,15239.2,18925.2,17218.5,15162.8,14144.2,15348.3,20419.3,19391.4,20994.3,16805.2,19569.2,17090.8,16421.4,17333.2,21535.1,17662.3,21379.1,22504.8,17075.4,21964.2,21938.7,16763.5,23263.2,21299.8,17550.9,19930.8,18918.6,22859,19741.4,17531.2,18964.5,17264.8,17151.7,18420.1,17845.8,22186.4,17164.1,20342.8,21796,21841.8,16296.1,18570.1,17432.3,16941.4,16574.6,18715.1,18610.8,20406,18921.8,18025,17162.3,19749.7,18203.6,22013.4,18927.8,20753.8,19956.3,17751.4,22513.9,17498.1,17383.2,19386.6,23356.2,18609.1,20015.1,23099.7,21162.1,20556.8,17266,19783.9,20569,17595.4,20725.4,17393.2,16835.3,20630,17045.6,19326.4,17258.2,17983.4,19998.2,16857,21345.8,17641.9,22601.3,21391.1,16209.4,19723.7,21493.3,22941,18065.2,17208.3,21638.3,22144.2,21707.2,19416,20701.2,17508.4,16178.2,22600.1,20811.1,17626.4,15959.5,20740.2,21112.4,20531,21733.1,17076.5,18923.2,21184.4,17857.3,21100.9,18052.3,20452.2,16173.6,18894.4,22308.1,18838.7,20341.4,20867.3,22336.7,20916.9,19881.1,19085.3,19992.5,19327,19836.7,17326.3,16600.5,15994.3,19996.7,19220.7,17148.9,17095.4,20446.2,15857.7,21304.8,20204.7,21699.7,21059.2,18617.3,18392.8,21810.7,21703.3,19610.3,17254.2,16521.2,18648.5,21854.1,19996.6,22055.2,18675.8,17561.3,20488.2,21512.7,19935.8,20002.6,17474,16516.1,19203.2,17549.7,17686.3,17969.9,21976.2,22942.3,23443.7,18623.5,20212.2,17662.6,23963.1,21931.1,21039.2,23045.6,23400.6,24067,22736.8,19935.4,22428.8,20328.3,20728.1,22820.4,23703.3,19602.1,19289.4,19379,18452.1,23015.5,22688.9,20212.9,21822.4,21943.2,20689.7,24239.7,22307.2,24737,24950.1,24778.5,22224.3,22428.8,24453.1,23191.8,18074.3,22102.1,21000.7,23001.7,19017.5,17561.4,19701,22089.7,22657.7,18975.9,19468.7,21201.2,20777.9,18022,21696.5,23266.6,19160.3,18979.3,23093.5,19542,18831.8,23959.7,21134.2,18389.6,21152,24018.1,21465.2,20085,23032.7,20451.8,26863.2,31286,30610.3
35627.6,30385,24993,26247.7,23354.5,20154.8,20159.6,19009.5,21725,19103.4,17128.1,20827.3,20224.1,16157.8,17289.8,16320.7,21068.7,21796,15975.7,21757,22042.4,20480.6,21265.2,21266.5,18396.7,20716.7,18703,17736.1,17626.5,15959.4,20137.4,21081.1,16195.8,16313.5,20134.1,19709.7,21279.6,20529.3,19958.7,22450.7,18801,17027.9,16382.7,16107,19936.2,18419.1,21915.4,21399.4,18068.1,16560.1,19585.6,19761.7,21761.6,19954.7,18329.2,19412.6,22574.7,22094.1,20507.4,21426.8,20947.4,17893.1,16152.8,17598.6,21216.8,19875.9,20447.6,19979.8,18137.6,20773.3,16122.3,18108,19826.7,16590.4,17311.4,16966.4,18931.3,16436.7,17938.7,21257.6,18847.6,16477.5,18068.6,20545.2,21642.4,21217.6,17081.9,21330.8,16832.2,20197.6,18646.1,15708.5,19104.5,21077.4,15008.4,16313,21132.5,15164.9,21550.3,19042.7,19306.5,17790.1,20530.3,18773.6,14679.4,19786.6,16799.5,19569.6,14961.1,14997.8,19399,15003.2,17509.4,15097.2,20341,20159.2,16083.6,16030.6,19690.1,21768.8,18565.6,17843.9,18214,17539.2,21466.4,17987.5,19895.1,17587.3,21851.7,19735.5,18115.3,19911.2,22874,22536.9,22717.5,20110.3,16540.7,19568.8,18835.9,15794.6,21281.7,20686,19803.8,19002,16095.3,16973.9,21556.2,19052.6,18788.8,19562.6,17559.1,16616.1,18398.6,19448.9,18958.6,19562.6,21871.3,21472.7,20735.8,21392.9,18726.9,21407.1,19049.3,16127.7,17479.5,21876.6,21943.9,17693.4,17191.2,18233.2,22128,22112.1,20886.8,22044.7,20734.8,20362.9,20448.3,19027.1,18306.6,20672.2,17441.2,19293.3,22608.4,18936.9,16671.5,16918.8,17101.8,22582.5,21710.2,19933.2,22445.3,18550.5,22015.2,19985.7,21835.2,20902.8,17004.4,18404.5,17699.3,18058.4,22290.9,18043.9,18992.7,21460,21617.3,17965.9,18180,16955.4,21405.5,17158.8,22234.2,23331,18276.7,23564.4,23187.2,22647.2,21984.5,17405.1,22886.1,21360.2,22848.5,18701.7,16557.1,21061.7,19700.5,20765,22820.3,19826.1,20489.3,19580.5,22227.5,16538.8,17210,18858.3,21224.9,17517.8,18667,17981.9,16530.4,19676.8,22123.2,19361.3,17673.8,17901.6,20040,19976.1,22177.9,16016.7,16294.1,16248.3,15660.8,22011,19080.4,17446.5,20168.6,18284.1,20734.1,15725.9,18827.5,20195,19910.4,18834,20866.7,15720.2,20906.7,18565.3,16355,20202.1,17117.3,18074.4,16743.2,20877.5,18879.2,16230.7,19188.3,18566.8,17643.7,18922.1,16261.5,15956,21278,19382.7,17687.2,20554.1,16689.4,18337.6,18695.2,17018,20460.7,19980.5,18488.9,16726.5,20093.8,17162,20289.2,20102.5,19006.3,20770.3,20571.9,17843.6,19115.6,21386,23353.6,22852.7,16673,18357.6,20267.6,22389.5,21768.5,18816,18632.3,22612,19947.7,22962,22646.5,23774.2,17563.6,18722.4,23995.6,21019.1,24017.8,19485.3,21340.2,24129.8,20417.4,21902.1,24467.3,18990.1,23671.4,19628.7,22545.7,19171.1,22321.9,23125.2,18690.2,23685.4,20041.7,23183.7,20246,20560.5,23189.3,20658.2,22503.4,21700.6,21884.2,22569.5,24163.6,24898.1,22828.1,23449,19619,21143.9,20043,21172.9,22600.4,18753.8,19811.1,19484.7,21333.2,20398.4,21459.9,19859.6,20553.7,18668.8,18592.2,23093.8,18679,21422.5,21266.2,20160,22881,18042.8,17375.5,20463.1,20130.9,17543.1,17192.1,18601.3,20718.1,24076.1,23928,22936.9,25891.1,32087.6
33963.3,30602.3,24492.5,26229.1,23884.2,23087.7,21617.2,19184.4,17797.2,22191.4,17836.8,17207.1,20523.2,19207.5,19483.1,17940.3,22158,20284.7,17908.5,17580.2,15872.3,18122.3,15999.6,19530.6,20862.8,16315.7,16232.5,20581.2,18151.9,15631.5,19474.8,22139,18841.6,21451,17521.3,21651.6,17354,19545.1,21468.3,18259.6,18367.5,20419.5,21813.3,19917.8,17515.3,16683.6,22263.6,16309.7,22419.7,21988.8,21167.4,17365.6,21104.3,20348.2,16812.4,19466.9,19541.3,21281.6,19169.8,21824.9,20562.8,22056,22266.6,16776.2,18340.3,16650.9,17103.1,20599.2,21879.4,17577.6,15688.4,19788.5,16102,21611.3,20229.5,18778.2,18683.8,21221,17748.8,19608.6,18971.4,15567.9,16148.4,18454.9,16460.6,16526.6,18137.1,20278.7,19699.8,18458.6,21049.6,15669.4,21142.6,19614.5,19439.5,18925.6,20603.8,18472.5,21362.4,20752.1,18266,19090.2,18173.2,19121,17186.2,20916.8,16299.4,19672.7,18785.4,21040.9,16134.4,17182.6,15560.9,15184.4,20921.2,19238.5,21978.9,19108.5,20700.7,19018,20068.5,19115.2,21063.1,16028.1,22116.2,16684.7,18535.8,20786.8,17757.8,16445.4,19348.8,16999.1,18400,19220.1,18407.4,17758.5,16664.6,16059.2,18659.2,20490,20795.3,20584.8,18530.7,19743.3,16861.8,18921.2,18399.7,16933.5,20120.6,15243.1,19351.5,16692,18515.5,17005.5,18481,17836.9,18844.3,20762,20432.2,16388.1,16625.1,19650,20883.2,21623.7,19819.3,17965,22283.8,20173.5,21386.7,22423.4,21269.6,22032.6,22577.3,19948.9,18757.7,19176.2,20141.5,20857.3,17687.6,19482.1,22194.8,19284.9,19436.6,21402,18315.6,20611.4,22571.7,22467.1,18032.5,21206.5,20170.4,16498.6,16807.2,16936.4,21680.2,16823,21280.8,19824.7,16976.5,19761.5,16838,21433,18347.3,20131.4,18435.1,19189.3,18919.9,22025.5,19370.6,21164.9,17179.9,23046.2,18181.2,19026.1,18272.8,19759.7,22005.1,17967,22940.6,19555.2,17567.3,18164.1,18359.3,19075.5,17559.9,17417.1,22272.4,18292.8,17608.1,19440.1,18908,17761.7,20313.2,22550.4,19425.2,20665.8,21303.4,22838.6,20697.7,18348.2,17600.7,19920.1,16606,20414.1,17548,21174.3,16786.5,21536.9,18838.7,16849.5,19008.1,19940.8,22130.5,22258.2,16763.3,19804.6,18580.6,19524.5,18894.4,18609.9,17691.1,19142,17461.6,21096.8,20697.2,19046.6,16674,20249.4,17814.4,16202.3,20081,20066.5,18089.8,20838.5,19608.6,16441.4,20850.7,16577.8,21492.5,16828.1,18001.7,15931.9,16411.7,18029,20903.8,20461.7,21468,19624.9,21957.1,17345.8,22371.4,19961.8,20765.2,20203.7,18465.4,17380,19134.4,17509.7,22672.9,16454.8,19175,22858,23128.6,21517.1,21587.2,19829.2,21526.5,18591.3,18290.5,18247.3,21983.9,21392.7,19658.2,20970,20987.6,21060.6,19204.3,22230.1,19630.4,21591.5,19184.5,24251.4,19151.8,18327.6,22014.3,24519,23770.1,19031.8,22812.6,22724.1,23330.6,24671.2,24131.6,22107.1,23476.9,21505.9,21237.6,24479.5,21853.4,20005,23488.6,20996.4,24349.8,23876.1,23092.8,21180.7,24187.9,22011.5,23976.3,22491.9,21027,18632.7,23291,23394,22066.8,18023.7,18664.6,18325.9,20225.3,23244.6,22555,20005.9,20200.1,22100.1,17590.4,21896.5,22230.1,19083.7,23202,21526.8,23301,17912,18425.8,20789.8,21793.6,21640.4,19792.5,22709.4,22338,24234.2,22617.4,27567.8,28593.6,35577.4
35186.4,27302.8,22168.8,22003.6,22498.9,18271.2,19580.7,21625.6,18368.6,19449.3,17410.8,19033.8,17297.1,18843.3,21192.9,16109.1,21577.7,22214,22058.6,15813.6,18657.6,16949.1,21089.8,18125.9,19045.7,19914.9,20445.3,16671.6,18550.1,17378.1,15930.6,18599.7,16274.6,19503.8,21123.7,21498.6,21697,22198.7,18863.6,20992.2,19753.1,17922.1,21261,17931.8,16586.5,20235.1,17109.5,21903.8,17960.3,19053,16444.1,19963.4,18310.4,18263.7,16859.4,17510.1,17892.7,16685.4,18036.3,17507.2,16958.9,20466.4,18873.7,22055.7,20202.6,19812.8,19515.1,18027.3,20527.9,21819.7,22183.2,17514.2,17637.4,18756.5,18467.8,16662.8,17513.3,19922.5,20356.7,19632.7,16467.2,18281.5,16611.9,20615.5,18309,19830.2,19443.3,17591,17630.2,19553,20148.2,15211.4,21449.4,18896.8,15353.8,20691.7,15602.5,17681.5,16343.2,20435.8,17810.9,20112.5,15988.1,16610.8,17765.5,19613.7,19396.7,17798.7,17401.3,16137.3,17668.1,21059.9,18896.5,21586.8,20269,20710.6,17377.6,15721.8,16207.3,20678.5,17691.8,16704.1,20662.5,17429,19833.9,21684.4,20409.2,18096.5,18436,20657,18557.2,16709.2,21960.8,22953.3,17453,22494.7,20920.7,19637.2,20855.6,19870.1,21096.2,15841,19426.9,16925.5,18801.6,16499.8,16366.5,19358,16832.6,20526.3,15215,15588.7,19914.7,18622.3,17099.4,18199.2,17446.9,20056.2,19528.9,18316.2,19724,20340.7,22256.9,17347.8,19467.8,21926,16741.2,17408.4,18455.7,17439.2,22509.1,16806.4,19416.5,20151.4,21950.1,17467.3,20457.2,18138.1,23105.5,17232.1,17429.8,16424.8,22858.3,21794.2,16574.3,18486.9,22329.1,22014.6,18398,18365.9,19857.3,20102.3,21605,18191.5,22159.4,17155.6,22843.8,18890.5,17482.2,21106.4,16899.3,17418.6,18300.6,17083.6,17880.3,22424.3,16964.6,18166.6,17495.2,19224.9,19961,22018.2,19339.1,21722.4,18195.9,17371.3,18202,18026.9,21140.8,18469.3,21465.2,22555.3,17907.6,21467.7,18573.4,16678.5,16496.9,21917,17566.2,17845.2,17527.9,21215.1,22708.2,17106.1,17772.5,16523.3,17705.9,20383.6,19846.6,19515.4,17973,17041.8,17085.5,21058.2,18837.4,19943.8,22048.7,16597.9,20557.1,18440.8,16076.6,19388.3,17463,18683.3,18929.7,20154.6,17404.7,16637.7,17339.1,18427.4,21368,16734.7,16207.6,20980,18735.1,18695.9,20958.8,19156.7,20238,19783.8,20628.3,22544.5,20709,17928.1,17673,17692.9,15714,18647.3,18371.1,19086.5,19099.1,16780.7,17221.7,18337.9,17128.2,19179.3,18764.3,17733.4,19864.6,20902.2,17516.7,17929.7,20436.5,19473.9,21552.5,22375.8,20152.2,22718.4,18115,19794.4,17752.1,18156.6,21011.1,18404.7,20551.6,18269.4,19322.3,20385.2,22884.4,20396.3,22327.8,18228.6,19135.5,23402,18291.4,18231.8,22647.8,18108.7,21419.7,21472.7,22093.1,19649.1,19137.1,23800.7,19471.1,19946.1,19510.9,23472.1,20889.7,21361.7,20512.9,22322.1,24122.6,22763.5,24612.6,24714.9,20487.4,24439.7,24161.5,20707,23439.6,20414.6,24169.8,22939.9,25137,23577,23117.3,22902.2,24217.4,23215.9,20213.3,20768.4,24155.8,22046.9,19666.3,18994.6,22055.7,17901.6,23871.9,22753.9,18580,17694.8,17468.5,20374.2,18598.4,20924.4,18106.3,18038.7,21026.4,22626.2,20685.7,19197.5,20760.2,19052.3,24288.3,22880.9,20189.2,17801.6,22227.7,24466.3,22101.1,28095.5,26485.1,35922.2
34515.6,29694.6,28484.2,26240.5,21413.9,17641.9,21981.7,20337.7,16312.7,17158.6,18233.8,16059.8,20976.3,17223.6,21504.5,18064.4,18485.3,16530.1,17084.2,17031.4,17907.7,19366.8,16623.5,15378.5,17746.4,15599.7,20969.4,16954.6,15998.1,19429,18887.4,16348,15954.5,20842.8,16980.5,16558.5,18270,19538.1,16258.4,21169.7,17251.9,17308.1,16648,17436.3,21875.8,21688.4,19271.3,16929.9,18654.4,17007.8,17671.3,20487,21888.6,20138.5,19877.8,20692.9,22030,16754.4,21920.8,21054.9,18342.6,21086.8,20661.5,17962.4,19456.3,22056.7,17397.6,19600.6,16377.2,18643.1,15865.6,21719.8,20292.6,19222.7,17930.1,19789.5,21106.9,19297.8,19183.7,17735,21134.4,15440.6,21712.5,19435.1,20559.1,15045.1,19040.8,19891.8,19587.5,21567.4,18913,15843.6,19048.4,20421.5,19176,18979.2,16193.3,16908.2,21052.7,17169.9,17602.4,20165.5,15783.4,14814.3,14768,20306.7,19477.2,16788.9,19364.1,20033.9,19759.8,19064.2,18750.4,17815.6,18925.2,17328,21643.5,16261.2,16976.2,19658.4,19113.1,17990.7,17134.8,16258.6,18405.2,19752.6,18890,22703.1,20932.4,21944.6,18363.3,19950.3,21846.8,20655.8,19316.2,16372.1,19546.7,16023.1,20027.1,16520.5,21227.5,18862.3,18063.2,18523.2,18478.4,17760.6,16551.8,20283.1,21535.2,20609.1,17936.4,20631,17606,19500,15950.7,16369.1,20427.5,19136.5,18104.6,21270.5,18139,18838.3,17769.3,19418.7,21114.7,19394.7,20426.1,21686.1,20922.4,19460.2,22696.1,20421.2,17506.3,21015.7,21420.3,19695.5,19102.5,19368.8,19246.6,17935.3,20014.2,18693.9,16891.8,19852.3,20263,16386.5,20122.3,20485.6,21459.2,18360.7,16679.4,16887,21027.7,20427.7,22252.5,20376.6,18377,19310.8,19991.2,16474,22759.4,21492.8,22232.5,17705.9,21399,21504.8,21062.5,18824.5,17185.1,18763.2,20677.5,20820.8,19889.6,18710.7,19401.5,17957.9,18028.2,21449,21703.8,16913.1,19596.2,22721.8,16690.9,22596.7,21190,19067.8,18010.9,21562.3,17506,16899.5,16975.2,19815.6,17510.7,21888.8,21141,19551.7,20021.6,22597,20629.4,20549.9,19703.1,21960.2,20236.7,21843,21502.6,21345.8,17981.7,17778.9,18378.3,17918.9,16656.3,19992.6,18640.1,16602.7,20518.8,22172.9,19801.3,16801.8,19387.2,20035.3,21109.6,17354.5,21132.3,16892.3,16615.9,19008.9,21371.1,19681.9,17860.5,19461.8,18084.1,21336.2,16596.5,20061.9,18406,20349.3,19681.4,17269.7,17907.2,20753.3,21347.1,18225.5,21871.6,20423.1,20812.6,19903.4,21733.4,20483.1,21721.2,21041.5,20768.7,22317,19208.6,22163.2,22334,16973.8,17133,19477.8,19895.4,19841.2,17940.7,17129.5,22878.3,20706.2,19406.8,20230.6,21438.6,22293.6,18702.2,23224.7,22250.5,21871.6,20346.6,19242.9,17984.3,22024.7,22601.7,18959.4,21665.5,19987.3,18692.1,17947.4,23505.4,24312.3,23106.2,24193.4,18542.2,19739.2,23748.3,18915.3,22497.1,24436.7,20123.3,18659.1,23419.8,22763.3,22497.1,20473.8,22232.2,19492.6,24098.9,24287.1,20886.1,21851.7,21920.8,19632.4,19808.4,21716.1,21731.8,21514.1,17758.5,20829.4,21177.3,20578.3,24194,23880,20188.8,20483.2,20381,20230.2,19012.3,19738.5,22481.6,22326.2,19824.8,18862.3,20619.6,23686.4,18667,18393,23148.7,20265.6,18394.6,24479.2,21761.3,17923.1,23544.7,20882.9,19132.7,24230.5,24323.1,24859.5,28234.5,34593
36055.5,25783.1,25422.9,25578.2,22206.6,18326.2,23515.4,18580.4,22135.4,21399.2,17789.2,19383.8,19175.2,18981.4,19410.1,20548,18474.4,18133.1,21886.6,18665.8,16388,19951.1,17077.7,21047.9,20655.3,19076.3,18967.1,16794.4,18646,18129.5,16940.8,17528.2,22058.3,16384.8,20093.4,21073.5,16535.8,20338.2,16594.6,18871.4,16301,19178.4,18932.4,18946.7,20473.4,20563.9,16728.2,18178.2,22502.4,19964,22145,20155.3,22049.4,20458.6,19514.4,18644.9,19746.7,21634.8,20638.9,19837.2,16066.2,19868.2,19422,20492.3,18881.3,18818.1,18685.2,20688.4,16034.9,21619.7,21223.2,18026.4,19114.9,16469.2,17307.5,20613.2,20646,21360,17140.6,20578.4,15218,15055.5,21018.4,16170.6,19292.8,16662.5,19059.2,15397.6,19887.3,16005.3,16158.2,15942.8,19594.9,20310.8,18348,17580.2,19125.4,17486,20956.1,17803.7,20877.9,19777.8,19704.8,18460.4,17858,19832.8,15687.1,18366.2,17272.6,19142.4,18808.7,17016.7,17674,15915.5,16255.8,20915,18048.2,19666.3,20582.8,15980,22058.6,19075.5,16828.7,18430.8,18168.8,20982,17432.2,21234.8,21562.5,16952.3,16467,21717.6,17468.6,21731.1,22353.5,17626.3,20271.3,19291,21388.4,16456.9,21146.4,16435,18823.1,18059.2,17098.9,21623.7,20573.9,18009.5,17666.4,20546,21510.6,17347.4,15632,16167.6,15834.9,16797.7,16440.2,18837.8,17819.8,21390,19942.5,16608.8,16127.5,17492.6,21363.7,18071.2,20133.4,21519.3,20884.5,22113.4,21837.5,18715.9,17622.7,21250.5,19348.3,23156.3,23069.5,18609,20218.4,22342.2,23044.6,21434.8,21304.2,17223.1,18698.9,16959.6,18469.4,19148.6,16077.5,16058.2,18453.6,17207.9,21230.3,20115.6,19470.8,21831.5,17377.3,21151.2,19074.5,22000.8,21674.8,16980.6,19680.2,18621.3,20580.3,21897.8,20127.6,22106.3,22575.7,18219,20422.5,22184.5,19079.2,19797,17920,17450.9,20280.9,18514,21030.8,21826.2,19446.9,18814.8,21412.6,17600,22711.7,20785.6,16603.5,22071,21563,20039.6,22033.8,19343.2,22504.7,17561.2,16431.9,21270.6,19981.4,19246.9,20333,18123,19911.9,21981.6,19989.4,21063.9,19084.8,20072,16943.7,17783.7,15771.5,21468.3,17102.8,19670,16512,21214.4,17254.2,16350,22364.2,21514.3,18297.9,21328.4,20091.6,17501.2,16024,20657.7,21479.1,17160.9,21330,16641.8,17906.1,19250.2,20134.8,19274.1,20185.8,19394.4,20690.7,16611.9,19186.4,21205.2,21615.2,17399.4,17305.9,15818.6,18179.2,16861.9,16086.9,17521.9,22199,20744.5,16496.9,22216.2,21882.7,18807.2,16698.9,18444.6,18967.6,21522.1,16578.8,16344.9,21134.6,22859.6,20578.2,22396.9,18489.1,22927.2,22704.5,22608.9,19940.3,16500.4,18728.6,16985.9,21270.7,19862,22332.3,22171.5,21289.9,22986.4,22747.9,23716.5,24067.9,24177.7,17994.1,19280.9,17987.5,19323.5,22278.2,21845.4,23883.7,23899.8,20820.2,22221.1,21199.7,23549,22092.7,22061,24909.8,19752.2,20330.7,20879,21111.3,19419.9,19662.9,22112.2,25040.4,21653,20484.9,24341.6,20022.7,22766.9,20927.3,20609.9,22964.4,20976.8,23304.8,19115.5,23483.5,19039.6,18759.1,18579.6,21190.4,21963.7,21204.2,21707.5,22785.7,22697.4,22810.7,18428.3,23589.8,23270.9,22696.3,24478,20465,23312.9,18762.3,20710.9,19854.5,19953.5,18780.2,18002.4,22454.1,21801.1,21581.2,23644.1,30812,31655
34920,25989.5,25321.4,23897.6,23949.5,19956.6,19808.3,21545.6,21074.5,16667,20621.2,17236.1,18344.5,18416.1,21641.9,17783.6,16435.6,19913.2,21045.5,19165.5,17884.9,16432.9,21822.1,18283.2,17013.8,18692.7,17379.8,19288.2,19683,21564.1,18121.8,18450.5,18592.1,21354.5,18524.2,19964.9,17823.4,18339.7,22192.5,22443.2,22242.1,22047.1,17391.8,17937.9,16902.8,20975,16601.6,18461.1,20434.1,20910.1,21404.4,18376.6,22316.9,21083.2,19855.4,20502.4,19955.5,21297.9,21832.8,16560.8,19027.2,17325,18629.8,19883,21882.1,17033.6,20798.9,17953.7,17239.7,19322.1,16754,21776.7,17035,21126.3,17755.9,18737.1,18295.7,21173.9,17042.9,16331.8,15807.5,15380.4,16520.8,15920.1,18071.2,15340.1,16644.2,17709.8,16528.9,16448.7,16349.7,15025.3,18985.5,16767.8,17258.5,18405,16540,16556.6,18929.1,17187.7,20498.5,16560.4,15292.5,15579.4,15409.9,19935.8,16961.5,18626.2,19543.3,20624.7,18148.7,17988.1,15221.2,16669.4,20985.2,21475.7,20503.9,16296.7,15578.4,21010.4,20478.8,15958.2,16440.9,21873.6,19187.2,18213.7,18109.1,22483.9,17341.5,21262.6,20412.4,17600,16452.5,21015.9,16785,19099,19505.3,15882.2,18059.4,21575,20844.1,17342.6,15814.3,18928.2,16086.2,20193.5,16003,20778.7,16293.4,15185.3,17300.6,16558.7,18687.6,20447.2,14528.1,15811,20152.1,18453.4,22239.4,16943.5,16804,21339,21427.7,21867.4,17564.8,21901.6,21352.9,19242.4,19973.9,19841.6,17608.5,19493.3,22319.8,21338.2,19274.5,19417.7,20471.7,18192.9,18371.1,21168.9,19303.9,17429.4,20551.4,21282.3,17686.5,19980.3,19062.3,20835.6,19793.7,20765.7,18543.7,16245.1,21870.9,19875.9,17801,18008.6,22514.2,18846.6,20063.2,16872,16716.6,21261.9,17493.7,21577.2,20192.2,20492.7,19553.7,20942.1,16802.9,22978.9,20230.1,21454.6,17133,20482.5,21546.8,20272.4,17748.4,18179.9,19285.5,21537.2,16497.2,19982.4,22785.8,19855.6,20311.3,20829.3,22535,17541.8,18835.2,17988.9,19001.2,19738.6,16657.5,21885.7,21353.4,20454.4,20742.4,21840.9,21879,20742,17480.7,21825.8,18595.9,16508.6,20471,20048.6,22118.7,17843.6,16450.4,20603.8,18969.1,21144.2,21414.5,18192.8,19136,18329.6,19702.9,20241.8,17060.7,16280.1,17649,17539.4,22088.2,20049.4,17186.1,16292.7,21743.5,20041.6,20174.7,18581.8,19961.3,21813.5,20318.6,22120.3,17393,19059.2,20163.4,16508,19773.5,20362.4,16512.6,19332.7,18339.5,19621.5,17600.7,18148.4,21556.8,20684.6,17839.6,16811,20656.6,22198.7,21192.4,16480,18499.1,22470.7,18905.8,19363.5,22156.8,19784.2,21367.8,19150.7,19351.1,20777.6,20470.6,19107.5,21846.4,21019.9,17235.3,16685.2,21947.7,18092.7,22015.9,17682.9,20668.8,23314.9,22197.5,24008.7,18680.1,18768.4,22663.7,21363.6,19973.4,23114.9,20783.2,22734.5,19005,23443.5,18530.5,18721.9,22177.7,23021.3,24648,21039.5,23642.6,24453.4,23449.5,22336.8,21801.1,23630.4,21558.5,23382.2,24340.7,23305.2,18922.7,21323.3,21380.2,21659.8,20512.8,20777.4,23986.6,19817,21850.9,21562.1,17710.1,22636.3,18959.2,22677.1,22466.8,23677.2,17805.3,20421.3,19590.1,20997.6,22765.4,17325.4,21008.6,17367.6,19534.6,24306.7,22250,19558.5,18751,22651.9,21369.3,22959.3,21794.2,21810.3,18491,21627.8,21075.2,24852.8,29827.9,32441.1
35905.2,25414.5,26496,20151,22186.9,23301.5,22575.2,20249,18769.6,18763.1,21371.3,22397.8,19316.7,17676.5,18467,16087.2,18044.7,17242,18844.2,19246.8,18554.3,18550.1,17597.4,21612,21305.1,21194.1,16788.1,16120.5,22011.3,20310.6,17748.2,19372.4,16458.4,18664.5,21213.3,17399.8,19545.8,21750.9,17991.7,22364.4,19696.3,16317.4,20810.9,20775.3,20710.6,17013.1,17701.3,17584.7,20706.1,16280.4,17531.5,20506.5,19408.3,20992.2,17658.3,22114.3,19712.1,19428.9,21547.7,20846.3,16885,20647.5,17026,17776.7,16400,20122,15890.5,16306,17222,18573.6,21392,17877,22033.9,17263.9,20458.9,21870.5,16930,20941.5,15755.4,16582.8,17396.8,20788.9,15750.9,21097.8,18328.7,20138.8,17616.3,21222.3,17264.2,19984.8,18205.4,17358.6,17879.6,18435.4,18953.4,19466.1,18644.8,18825.6,15926.7,17931.7,17598.8,16356.2,14840,15811.1,19369.5,18990.5,16551.9,17737.3,16866.9,17973.7,18902.9,17536.1,15462.4,21425.4,17778.5,15661.2,19342.3,19158.1,16630.2,16255.3,19714.5,15835.4,20009.5,16950.5,19743.2,20639.3,17343.8,19703.8,16526,18479.2,22712.3,22216.2,22372.1,21812.5,20101.8,19784.2,21215.4,21903.1,21640.6,18707.1,19123.5,15376,17591.8,20394.4,17731.2,21427.8,20182.8,20654.9,16625,20174.9,19638.8,20623.6,20954.6,16439.9,15605.2,17718.9,16582.3,19457.2,16872.8,21586,19522,18093.7,20312.9,16304.5,17903.9,16297.2,19509.5,19540.7,20684.5,17886.1,18421.9,19124.3,22165.4,20463.8,22462.5,20015.5,19038.9,17685.3,21899.9,22162.3,20811.7,17017.4,20985.4,19969,22633.1,19996.6,18077.1,17148,16953.3,22582.5,17072.6,21050.5,19762.8,20163,18498.2,22455.4,18231.2,16506.3,22361.1,21271.8,21669.6,16974.3,17735.5,23192.5,20510,19372.3,19532.4,21194.9,17664,17175.8,21964.3,17643.1,20522,19992.8,22688,21875.8,22679.8,20175.5,22791.6,22748.5,17009.4,22332.5,18004.8,17037.2,18827.4,16517,19186.8,21456.6,21773.5,20276.5,21294.3,19501.4,20071.5,16617.5,22523.9,20866.9,20506.9,17406.3,22084.8,20413.2,17799.3,16683.5,19826.6,21710,17962.8,18325,17472.8,16781,15771.2,20996.7,22087,17038.1,19831.1,22241.9,18327.7,20447.9,19124.4,15946.9,19949.1,21065.2,21445.6,16201.3,20607.2,17057.5,17912.3,22267.4,19367,20324,16245.1,22530.7,20834.8,21073.5,19987,20570.9,21201.5,21366.5,19682.8,19558.6,19538.3,20633.2,17855.3,16085.1,17725.1,20229.2,17665.1,17821,20687.9,21933.1,21470.5,22063.1,16248.5,18570.9,17692,17206.2,17793,20984.9,19261.7,17641.1,21062.6,20839.7,22675.6,22543,20047.5,17495.1,20523.2,22474.8,18244.9,18006.6,22291.3,19042.1,20321.1,22550.1,22334.6,22845.6,20341.3,23403.3,17747,18171.9,19962.6,22459.2,17989.6,23225.7,24275.4,20130.1,22013.8,24945.9,18401.4,24200.3,23081.2,19800.9,21938.7,24107.4,18576.7,23937.6,20040.6,23038.6,20711.5,21186.9,23948.2,24096,21905.8,22115.5,24080.4,19465.2,19078.5,19934.9,22790,19407.4,21694.9,23428.8,22183.1,18855.7,19373.7,22348.3,21604.1,19738.8,20488,22240.8,20349.6,20772.3,20201.4,18470.2,21922.8,19301.8,21732.1,21676.5,20562.8,17936.1,20625,20511.7,23255.9,22847.5,23567.9,22753.2,22529.1,19291.7,19311.4,21681.8,19659.1,23040.2,25706.2,22522.7,31014.6,30444
31854.4,25804.7,27873.8,23565.1,24932.7,19168.6,18634.8,18292.8,17130.1,21358.7,16728.3,17772,19705,16407,22072.1,18865.3,19803.3,20334.9,21870,20803.3,18738.7,17881,17345.5,17460.4,20880.1,21208.1,20163.8,21206.2,21584.7,19285.3,21571.5,22163.5,18969.2,16752.8,18939.3,17790.3,20623,17399.8,19698.8,16322.2,19562.3,16158.8,21379.8,22106.2,20024.2,18087.9,21305.1,21263.7,18444.5,21357.7,21552.2,20806.8,21553.2,16815.6,17025.5,22526.7,16816.4,18629.3,19281.4,20746,16637.5,19801.3,18178.6,20791.2,21207.1,18909.1,21694.8,17410.5,19597.2,20298.4,20457.4,19752.1,21596.7,17476.5,20125.9,18322.2,20073.9,17788.4,19174.2,16843.9,19292.3,15785,15294.5,16043.6,20021.5,19867.4,17697.1,20997.9,18023.3,16451.2,20527.2,18335.5,17804.2,17706.2,16684,18411,18071,16279.5,16074.1,20258.3,18239.3,17462.4,15944.3,17737.8,17381.6,16819.5,17890.4,17500.2,18701,20485.5,18727.7,20158.4,15494.4,19930.1,18592.7,18119.3,20530.7,19778.7,21759.7,20504.3,16144.4,19172.2,21318.7,21303.6,19074.3,22260.1,21335.1,17311,17539.6,22265.8,21848.9,22227.5,22777,21333.4,21431.1,21460.2,20798.8,20599.9,16339.1,15525,18194.9,19636.8,16528.5,16913.8,16590.6,17404.8,19897.9,18204.6,17876.1,16005.2,19671.2,16611.4,15749.7,19384.3,14464.7,17510.8,17450.9,17987.8,20983.2,19811.9,19790.6,16411.3,19990.3,16779.3,18158.4,20875.5,20835.4,18802.4,18035.7,21789.9,22567.1,20435.2,18326.7,22395.3,17851.9,17226.7,20376,19170.9,20525.8,16782,18238.2,16815.1,18001.1,19021.6,17143.3,22329.2,19185.1,21964.3,18523,19919.8,21300.6,21855.6,18350.9,16720.2,20539.7,20945.4,19000.8,17267.1,17655.5,18447.3,18211.9,18733.4,21797.1,16593.3,20959.3,22858,21182.6,18445.5,22001.1,22510.9,16966.8,18098.4,17449.7,20414.6,22827.2,17120.1,17888.1,17931.2,20964.6,16975.5,18605.6,22257.2,17338.3,18605.7,22645.8,22667.5,17861.9,21627.8,22252.2,21617.8,17193.1,20152.8,21472.5,17141,18569.2,19538,22659,21221.1,20837.5,22954.8,19617.6,16583.6,18341.5,20349.8,22084.1,21862.3,22349.9,21814.3,20417.2,16683.1,16312.5,18960.5,17230.3,15968.4,19756.2,18106.8,21649.3,18715.6,18329.1,21904.6,19466.3,17580.2,17161.7,19729,19349.8,22360.1,21356.4,17170.5,16740.7,19009.2,16940.8,22214.8,20444.7,19718.3,20755.4,20992.1,21213.6,17098.8,19005.4,20959.2,18184.9,17028,15975.8,20737.7,17180.8,16758.2,21154.1,21349.8,21543.7,18546.6,17202.2,18385.6,15953.1,17475.7,17024.3,20484.8,17817.4,22184.8,20633.5,17149,19323.3,17385.8,18113,23238.9,22382.8,18848.7,16729.9,22056.3,20635.9,19200.9,17658.1,23230.2,22550.7,20444.9,17402.2,21988.6,17333.2,22167.6,22887,24122,22892.5,21387.2,21035.9,18954.6,24396.9,19502.8,23213.7,20866.8,20939.6,20918,19463.5,18697.6,24988.5,19164.6,22638,20529.2,19679.2,20721.1,23091.2,23709.2,23820.8,20811.4,24196.8,24325.7,23570.7,23411,22739.1,22220.1,20278.9,23955.4,21704.8,22813.7,20916.9,22628.1,20682.6,19063.4,24058.4,22733.7,23342.7,20633.9,17480.2,23651.7,20117,19993.6,21122.2,22768.1,20575.5,20153.9,17680.7,21441.3,19075.3,23774.7,23839.4,21188.5,22022.2,20115.2,20167.7,21550.6,22483.5,22709.5,23311,26169.6,28401.1,30904.5
33418.8,28282.3,27128.5,21030.4,23715.7,21802.9,23140,17310.2,19096.2,17020.4,19032.7,20691.4,20884.4,17633.1,16365.6,16184.8,19181.1,17409.6,20905.6,19194.3,20395.1,16513.8,18462,19796.6,17752.2,21991.7,20825.9,16845.5,20111.5,18399,20233.9,19462.8,18075,17410.7,20426.2,16415.6,18691.8,16646.6,17570.2,16897,21416.3,17615.9,18945.7,17587.7,20461.1,18252.4,17194.4,18151.6,21249.2,19356.9,21926.1,21019.6,20152.2,18171.6,22078.2,21782.4,21407.1,22388,20243.4,20496,16606.4,16044.4,19321.8,18240.6,15850.6,20362.4,18997,19580.4,21936.8,16223.1,20479.1,19812.9,16545.5,18543,19727.5,20195,20361.7,16302.9,18376.1,18156.7,15585.9,21217.3,16177.8,16721,19815.7,19077.5,20084.6,16456.6,19460.9,21092.2,17128.4,19813.4,19717.5,14884.7,15432,18663.6,17751.8,18503.6,16233.4,15817.2,16949,15174,15152.4,16023.3,15090.7,18931.6,15805.6,17736.4,15787.5,18941.5,19526.4,18110.6,20604.1,16977,16030.3,18084.6,18556.2,18536,18340.2,19660.8,18201.5,20109.7,16588.6,17326.3,22021.1,20804.9,18919.7,16991.8,18689,22327.9,19640.7,22736.3,22800.7,21419.8,21284.1,21827.4,21568.7,18045,20114.4,19356.7,17612.2,18322.9,16704.3,17448,15891.8,16636.6,20148.6,17764.4,16060.4,21607,16383,17470.4,15200.5,18724.7,18865,18100.2,15822.4,18245.4,21896.8,18277.2,18163.6,22166,21086.2,17158.1,22378,20971.3,17582.5,18980,16780.4,20313,17457.8,17125.8,21055.5,17290.9,19223.3,20654.3,19003,17989.4,21547.3,17926.1,22033,22934.7,20499.9,18885.2,22130,17601.2,17895.2,19815.9,16631.1,20995.2,22593.9,20996.3,21673.4,16300.1,17891.6,20952.5,21474.6,21003.4,20371.2,22808.4,20667.5,22811.4,20057.8,19803.6,19888.9,22246.2,20365.6,16494.6,16443.3,17647.1,17204.7,22411.2,22843.9,20426.9,17104,23142.5,21122.7,23167.3,20772.3,22445.1,18968.6,17340.7,20515.3,16570.4,20108.2,22991.7,22821.1,17029.9,20636.8,20823.2,21073.5,21103.7,17118.2,18611.9,19269,19980.5,18951.6,21110.2,17696.1,22849.3,21328,20870.1,16731.5,20711.2,19153.1,16978.4,19462.1,22374.9,17181.7,18707.7,18687.3,21071.9,18172.9,16543.8,16438.1,16493.8,19434.5,21919.6,20527.2,16659.4,17686.1,17515.7,16024.3,17272.1,17537,16071,18367.5,18658.8,22566.4,17196.8,21245.8,16207.8,20653,20451.7,19934.5,21416.8,18076,21429.5,20332.6,20063.8,18903.2,21354.6,16618.8,21970.6,20044.7,15539.9,16166.6,17314.6,17621.9,16312.2,17186.2,17925.7,20368.6,16992,19087.3,20071.6,17679.4,18581.4,19890.6,18558.7,22511.9,17080.2,18789.8,20771.6,20733.3,21591,20649.1,22684.7,18669.4,20340.8,22544,18880.7,21701.7,21013.1,18088.4,18710.4,21877.9,22787.5,21974.6,20947.6,22519,24741.2,22912,24450.8,19898.8,20041.1,21276.3,19346.3,19289,22307.9,23825.1,22059.5,19756.3,20075.5,24384.9,22183.7,21088,25350.9,20540.5,21826.6,22491.6,24523.8,20516.7,23721.4,19817.4,21019.4,20254.8,22453.3,23670.4,23589.1,18271.8,23431.3,21479.7,19851.9,19050.2,24424.2,19905.2,20465.4,23286.7,18587.6,17476.9,17866.6,19646.9,19385.1,21465.3,22647.2,22995.3,17653.9,18510.8,21188.2,20656.8,21849.6,19664,22510.8,22919.5,18940,21820.6,19749.8,19662.4,20005.1,22360.2,27209.9,28027.3,34737.9
31562.5,27162.1,24737.9,24018.3,22043,19968.7,21477.1,17702.2,17084,21007.9,17195.6,16538.6,17074.6,16238.8,18726.5,21042.7,18515,20162.3,18195.8,18604.7,20188.5,15689.6,18781,21648.6,17398,16736.7,19339.7,19926.4,20442.2,17882.4,20572.8,18425.1,17878.9,16828.4,20331.2,20633.5,16525.4,18412.4,19355.3,18114.2,22473.6,21422.9,19085.1,16604.4,20645.8,18945.2,16819.8,18480.4,19674.4,18957.1,19369.6,19894.3,20850,17709.9,18915.7,18693.6,18469.4,18915.2,16804.1,20111.8,21669.6,16420.9,19122.8,16228.7,16663.7,18604.8,20811.7,18726,19556.3,22014.4,16534.5,17456.6,17818.1,17680.8,18352.7,18499.3,16036,16861,21090.8,17911.2,15384,20195.2,21290.8,18668.6,20024.1,17995.3,17966.1,17917,20769.9,18805.3,19821.4,15252,14689.2,15859.8,17014.6,14746.5,19451.2,15348,19941.4,19736.9,18753.1,18158.1,17855.7,19865.2,19890.5,20128.2,16669.7,16946.8,19437.7,20846.1,17235.6,19484.4,15519.7,15282.6,19253.1,17757.6,15878.2,17807.3,18527,20354,17067.9,19149.6,16769.4,22097.8,22014.3,18302.7,20783.8,21415.7,16565.2,19450.6,18247.4,21842.4,22061.7,21068.8,20750.1,21643.5,20092.2,16866.8,17021.2,19693,15609.8,18439.5,17476.4,18543.2,21240.5,20044.3,19324.9,21207.4,17831.4,15523.2,16099.3,19338.4,20714.2,19413.2,17803.8,17064.8,18242.6,21683,18525.1,19267.8,20192.8,20445.2,21769.8,21409.9,17731.8,21000,21365.9,20526.1,18662.8,21307.5,17017.9,18923.5,19946.3,18795.1,22053,21985.2,18507.9,19078.1,19174.9,21586.1,18227,20475.9,18199.8,19544.3,17461.9,17618.4,17964.9,18236.6,19626,16907.1,19041.8,21039.3,22578.4,19883,19094.9,19991.1,21590.1,17814.8,18945.1,21897.4,19998,20684.9,16499,17269.5,18847.2,21256.5,16935,18566.7,16633.1,20592.2,19181.3,18127.5,18201.7,20840.1,17934.8,20820,17497.2,19763.9,17350.2,17943.5,20373.6,16564,21440.6,22459.6,19359.5,17753,21746,20930.7,18287.2,21510.8,21057.3,20778.6,20736.3,18260.9,18090.3,20206.3,19699,20813.1,18010.6,17760.8,21422.2,18555.4,16531.4,16503.2,16205.7,21275.9,21677.6,16903,20600.6,18366.7,20050.9,17113.1,19960,19764,21565.6,19250.9,20219,17818.5,16154.6,19504.4,16527.1,18723.1,17987.2,21455,15804.9,16741.6,19117.5,16651.6,22362.3,22622.8,19825.2,21874.5,15812,19157.4,18611.8,15618,16866.3,17834,17483.8,21029.7,18792.2,17649.8,21811.8,20146.7,21917.2,19304.8,19028.9,19607.6,19232.7,21739.4,19729.3,16324.4,17716.9,17684.2,17431.8,18783.1,18329.1,19268.5,16432.3,19766.6,17340.2,17674.2,21171.1,19027.4,22894,22218.2,16184.2,19572.1,21956.6,20180.5,22728.3,22887.5,21146,23385,18127.1,18979.5,19731.2,22392.8,21626.2,20110.8,20912.7,22430.3,21056.4,23035.6,24576.5,23285.4,20550.8,22118.9,24952.6,21515.6,23608,21690.1,20376,20773.4,21900.4,18288.4,18460.4,23535.4,19914.2,21124.2,22519.7,23379.1,22535.3,20867.4,21484.1,19015.2,21244.9,24690.2,23853.3,24684.2,22647.3,20816.2,20912.3,21654.6,19690.7,18680.1,18232,20884.9,23855.5,18948.9,18915,18571.7,19558.5,20581,21793.8,19003.3,20929.5,22619.3,21239,24157.3,20183.6,23304,22313.8,20235.3,24168.1,19150.8,23273.9,20754.5,22784.1,21711.7,24753.3,23676.5,29116.3,34005.4
30533.6,28322.3,26603.3,26051,19040.1,21213.4,19471.3,19819.9,19575.4,20421.6,17719,21955.5,16923.6,15887.6,16335.3,19686,20567.2,21890.2,17622,22160.1,15746.2,17916.2,16994.7,21130.8,20841,16714.4,21947.1,18835.8,16328.3,19389.4,20054.9,21749.8,19444,20420.4,17310.1,16957.5,19345.7,20619.7,22403.9,21142.3,21000.2,19992.2,20045.4,21939.2,21921.9,16524.2,20673.6,20319.3,16845,17720.1,18906.3,20941,21501.1,17787,20915.5,20629.1,17597.3,16315.9,18829.5,15955.4,18053.2,19855.8,17638.3,20340.6,17657.3,19280.8,15776.8,15937.1,17910.9,19875.1,17683.2,20780.3,20856,19420.3,20745.6,19162.5,20810.1,19228.7,16960.6,20297.7,17147.8,19744.5,19487.9,21905.4,21442.8,18583.5,20527.2,20986.4,15365.3,17599.2,15770.9,15583.3,18003.8,15802.3,18941.8,19801.9,20214.4,16686,16415.7,17854.3,20731.9,19536.6,17948.5,18564,21161.3,20739.6,17251.4,20333.7,19577.1,15525.9,17146.5,19708.8,17025.4,18502.7,18307.7,16848.4,21385.4,21281.9,16951.6,17360.6,20993.6,19473.7,17118.7,16349.9,20119.8,18118.8,21315.6,18498.1,22835.5,16713.6,20331.3,23113.3,19357.7,19202.8,19002.8,18844.8,18351,21226.5,18790.5,19123.3,19842.2,18698.4,17943.5,16657.3,15924.3,16378.9,16816.4,20446.1,21655,20731.9,19335.8,19272.1,18413.1,15192.8,14383.5,17550,20622.5,15999.4,18557.7,17145.8,19334.5,16262.7,20177.8,18728.6,16475.1,21942.2,18292.4,21610.7,17279.7,18648.8,22305.9,21268.1,21360.9,17943.9,22647.5,17776.8,18320.9,20564.3,20777.1,19290.5,18299.9,17991.6,18054,17147.4,16675.8,20093.3,18189.1,22517.9,16926.4,16326,18354.4,20236.1,17331.4,16869.6,20445.8,18707.8,19778.7,19742.5,16370.1,18541.4,20320.2,18844.6,21341,22121,16937.2,18495.9,18989.3,21927.3,20254.2,21113.2,17392.6,20609.3,23022.5,21794.9,22047.7,17836.5,20420.2,23027.8,17774.1,18760.4,17239.4,19474.3,21675.6,17248.2,19871.5,19782.6,19615.5,19578.7,22510.8,19888.5,18887.5,19961.6,20974.5,19553.6,18408.7,18615.9,16511.4,16964.3,18957.5,22837.5,21941,16599.8,18577.3,17566.2,18768.3,16577,18617.5,16687.6,17086.1,18604.2,16929.3,18640.4,19364.8,19137.3,16504.9,21088.1,21407.5,22011,18946.1,18431.1,21732.9,21120.2,17952.6,16402.2,17437.4,16997.6,16444.8,16613.7,21427.7,20348.4,21903.3,22113.2,19058.8,17088,19484,18455.9,16461.5,22232.4,16620.6,17338.8,19638.4,21392.7,16017.4,20877.6,15829.8,22118.1,16564.7,18646.4,21375.5,21618.9,17187.4,20140.4,19524.1,16031.7,19762.2,21338.5,17355.1,18355.7,16543,20348.8,22565.3,20488.3,22597.4,18628.8,18421,20725.3,20009.9,22688.9,19113.3,17199.9,18732.5,19235.2,18133.4,17104,19229.1,22699.8,22810.2,22561.8,21693.5,23116,20054.4,18085.6,20161.6,23734.2,21230.1,24553,21111.7,21509.4,19930.3,19376.1,23948.3,24165.8,22400.4,21293.3,22506.7,19300.3,18521.9,18938.7,24211.1,19723.9,22494.8,20806.5,23703.7,21223.3,23009.4,21714.3,25074.4,24843.3,19682.2,20947.2,21925.1,19122.9,22985.3,19310.7,23254.7,23800,19357.8,23258.7,17878,23404.7,18116.9,17944.6,18395.5,20076.1,23358.4,17430.5,18332.3,19280,18467.7,19728.6,21227.4,22671.4,20987.5,18335,22557.3,22684.9,19894.5,18628.3,18142.8,24161,20568.3,24109.3,27962.5,32753.6
36145.4,26416.9,26041.7,20345.8,21997.1,19418.8,23177,19340.9,19381,16462.6,19990.3,22365.8,19700.4,19860.9,16991.7,18527.4,21676,20803.4,17112.4,20183.2,21154.8,15707.7,19223.3,16995.2,19278.2,17646.9,20760.7,20502.5,19105.9,17880.1,19274.4,22373.9,22397.4,17344.8,17529.5,19884.6,21024.2,20651.4,17911.7,17972.2,19166.9,17483.4,17470.3,20221.1,16811.3,19589,21298.4,21837.1,17507.2,20232.4,19138,17891.1,20165.6,18898.6,22006.6,18746.7,19344.2,18614.2,17870.7,16101.6,16527.1,21518.2,17385.8,18286.9,18748.4,16684.3,20998.5,22033.4,19183.6,21334.7,19640.8,19445.6,20848.8,21446.1,20536.4,21692.6,16623.1,21775.5,21796.7,20066.8,17917.6,21638,21563.6,19396.6,17143.4,15537.7,21099.5,20094.2,21579.3,16062.9,20307.4,16195.3,18408.8,16551.3,18552.7,15823.7,18146.9,18008,18208.2,15959.3,16010.7,19855.8,14632.1,16720.7,16020,17060.8,19824.4,16196.7,18960.7,19420.9,18276.5,19992.9,17402.6,21644.2,18449.3,19851.6,21168,19265.8,17240.8,16713.6,20311.6,18275.2,16843.5,18088.3,18779.3,18683.6,20854.7,17215.5,19823,21241.6,20468.5,19575.1,20718.2,18366.2,17281.2,22241.3,16864.3,16710,17930,16014.3,20754.6,16429.3,18109.4,18521.1,16321.9,15513.2,16407.2,17358.2,17967.3,20893,21020.4,15745.8,21706.7,20420.6,14217.9,18608.8,16692.7,18489.9,17684.2,19254.8,20994,16288.5,16200.5,21809,19851.8,17160,22687.8,17582.1,16845.9,21239.2,20769.3,20389.2,16998.6,19690.3,20242.3,18839.5,21605.6,20633.9,16944.3,20029.1,16883.9,18752.3,19562.9,21166.1,21288.8,19102.1,19404.1,21228,19027.7,18324.5,21541.6,17402.5,18373.7,16358.6,17754.7,18168.5,19297.8,21509.3,20179,20003.2,19265.2,21721.7,19725.2,18872.5,19566.8,22537.5,17300.2,19900.6,20724.8,16923.3,22109.6,20283.2,21993.6,20609.4,18547.1,17481.3,19631.5,17212.1,20089.6,20623.1,18992.1,19765.3,19475.6,21382.4,21408.4,19588.8,20601.4,19811.1,20097,22920.5,21461.9,21136.4,16415.5,20616.8,18895.2,20779.6,17098.9,17449.4,18926.8,19090.1,22077.5,16791.9,18265.6,17838,17882.2,17492.1,21403.7,20639.7,20507.8,18650.9,20172.8,18224.8,18185.6,18793.2,21361.1,16770.9,20491.8,18428.3,21831.9,20502.3,21157,17590.4,19653.2,16394.8,19440.6,16757.3,18847.2,17305.5,17789.5,18387.1,19396.2,16653.1,19882.2,20274.8,18582,18100.3,21318.4,16904.5,16473.3,19567.8,20409.8,17977.5,16111.4,18490.7,17303.2,21116.1,16047.4,17525.5,18590.8,22285.6,16888.9,18381.1,22170.5,18557.2,16921.9,21750.3,17227.9,18344.7,17197.3,22111.9,16700.7,19604.1,18707.2,18696.5,17115,19631.8,19533.1,18254.2,18736.7,19994.8,18279.3,20606.8,18766.5,18653.8,22131.7,17622.2,19089.7,18771.5,19911.5,23737.4,24192.8,20040.6,18229.7,23197.7,20414.9,20357.3,19367.1,23991.6,22380.9,23845.4,19714.1,24258.1,24132.8,23595.8,22256,24982.3,19827.1,23583.7,20079.1,24953.5,21189.4,22886.7,24160.8,19106.1,19621,23373.4,24667.1,22385.1,19289.7,22251.4,19743.6,21082.6,23109.6,19613.5,19832,24344.2,20595.9,20188.9,21028.7,20930.4,21334.5,17968.5,21000.1,20230.6,20622.1,23828.5,19053.9,23662.7,24223.6,20227.4,20469.8,23872.8,22391.4,18447.8,23704.3,23383.2,20168.9,22565.2,18077.8,20577.1,22772.6,25892.6,28216.4,33090
30369.1,27005.6,26983.1,25321.2,21679.9,21182,17916.3,21217.9,19246,22310.8,19104,16314.4,17144.9,19751,20258.9,21372.5,20870.8,18378.3,19507.4,20802.2,16726.8,16978.1,19790.8,16070.6,17887.5,16592.4,18767.3,19206.8,17033.2,21689.4,19105.8,21322.8,22067.2,22306,20228.2,22107.9,19054.4,19439.7,18335.9,17541.3,20226.5,19861.2,17836.5,17770.5,20315,18246.9,20251.5,20098.4,16773.8,16524.1,22240.6,19445.2,16756.3,18454.1,19779.5,16718.2,20374.4,20269.3,19723.9,19594.6,21685.7,17154.5,20155.5,16024.8,22014.7,18089.4,16210.2,18343.2,20201.5,15982.9,20054.9,19794,22278.6,17700,20925,20274.3,21960.4,15500.8,17273.1,20714.1,16488.9,20503.6,21667.9,22035.4,20948.2,19035.9,20539.8,18436.9,20647.4,18099.9,18693.2,19760.3,20466.2,20402.3,14947.8,19031.2,18662.5,20152.2,17284.1,16463.2,20941.9,17995.9,18130.9,20257.5,18034.9,18710,16299,19703.3,17976.3,15611.6,16413.7,20983.3,20038.6,16636.6,21414.8,18744.7,16986.9,19753.2,20697.2,22118.8,19293.7,17882.9,19818.4,22113.2,18053.5,19177.7,18974.2,20628.1,17324.4,19465,19617.1,17513.2,22331.7,21469.6,16472.4,21226.9,22132.8,16139,18808,16312.5,21355.9,19355.8,16967.6,18103.2,16797.9,21718.2,20693.6,19015.2,20662.6,20640.8,21498.7,20152.5,17070.6,19334.3,14093.3,16856.1,20237.9,21815.3,19535.2,20453.7,16633.4,17183,18290.6,17171.9,16937.8,16503.9,20347.1,16769.4,17000.1,17940.5,19858.6,18768.7,17776.6,22337,17807.4,20372,20159.8,18684.3,21525.4,17561.6,18849.2,17240,17200.2,21313.3,16979.4,16407.6,16128.6,20714.4,21755.6,18256.9,19727.3,21700.9,19521.2,17183.8,16881,22081.8,21229.5,17779.3,16513.1,20109.7,17159.7,22090.6,16747.9,21650.6,22796.7,22701.5,22110.5,18755.1,20138.2,20925.9,20772.5,22644.1,19587.5,23206.7,20947.5,22257.5,18730,17002.9,22120.6,18099.4,21360.6,20727.8,21247.6,17094.6,16419.2,19677.3,18028.6,20211.1,16771.6,18080.4,18671.1,17779.4,20205.3,17043.6,19286.8,17588,22173.5,17489.9,16489.6,22808.8,19756.9,17391.6,19704,19581,17398.3,16624.3,20199,18166.4,18098.9,19526.1,18223.2,20670.1,20150.6,20015.9,15820.1,16139.7,21155.8,22221.5,17628.7,19553.1,15502.7,21505.8,15877.4,20301.2,16245.5,18041.2,15906.5,22154.3,20662,18386.5,22305.2,18069.8,18435.1,17327.2,18409.7,18410.2,22025.2,16791,15569.3,15870.7,20828.7,20582.8,16464.5,16040.9,17798.4,15892.2,21888.6,16594.8,21993.6,18222.4,19777.3,22072.1,21602.7,20984.1,16871.6,19499.9,21227,17421.9,17341.8,22699.1,20212.4,20804.9,21494.8,17703.2,17493.6,22455.4,21925.4,22229.2,19493.9,16823.6,21924,20080.5,17521.6,19185.4,23276.6,23505.5,21188.4,21502.4,20869.9,22860.2,22670.5,20937.1,17886.6,23971.9,23330.1,21205.9,21521.4,21107.9,24903.9,23635,20911.3,22142.9,23956.5,21134.7,19329.2,20342.4,23891,18742.1,20930.8,19918.9,19765.1,23165.3,22740,20789.4,25248.2,22917.8,20142.5,19644.6,20106,20224.4,21172,19041.4,21714,22556.1,21946.8,21869.6,21947.5,20718.4,21516.8,20752.3,19201.6,18856.4,23755.3,19916.6,18179,19066.4,17516.8,18696.8,20866.6,18973.3,23153.9,19877.1,20792,22523.8,19899.6,24627.4,18604.4,22590.5,19559.5,23225.3,25004.7,27348.3,25103.2,35264.8
31862.7,30403.7,26269.8,24333.4,20627.9,22530.3,22344.6,21158.6,19301.7,20363.4,20918.7,16909.2,19515.5,16533.9,18678.9,20569.2,20529.1,19123.4,16419.5,17215.5,17191.7,21132.3,17309.5,19098.8,20745,18032.6,15711.2,16433,19925.9,20995,20917.9,18321.7,17992.2,19623.1,16849.6,22197.2,22265.5,19259.7,22371,17372.4,17307.1,17453.9,20786.5,16430.2,20439.5,22491.1,16732.3,16625.5,17199.2,21957.1,20019.7,22459.9,22473.7,19992.9,22429.7,21087.8,19136.9,20207.3,20244.2,18879.3,17108.9,16825.8,17755.2,16184.8,18951.1,18620.8,19143.6,20076.5,20323,18520.3,16435.5,17252.1,16383.2,20825.5,20406,16906.6,21023.6,21680.2,15879.3,17136.5,21962.7,16108.3,21041.1,18124.4,15723.8,19664,21597.1,21556.2,16486.1,20878.4,20828.3,18517.2,21238.4,21491.3,21276,19313.3,18797.6,17957.5,16970.9,18308.4,21071.9,15158,20838.9,14875.5,15531.1,15942.2,14644.2,20720,17910.8,20279.3,21303.9,16763.6,19403.8,15725,17342.1,17350.8,21936.6,15848.6,21603.2,18862.8,21995.5,18769.1,20358.4,19547.3,21581.6,22325.7,20798.4,16573.9,17992.9,23016.9,19729.7,18946.8,21159.8,21757.8,21266.3,21143,20058.6,19647.3,17639.5,15511.1,20478.3,17612.2,15719.1,21327,18889.4,19636.8,15889.1,17147.1,21609.6,20604.8,19422,16233.9,21272.7,18686.8,16513.2,17967.5,15880.3,18041.8,17110.9,20234,22215.5,18624.7,20316.2,19707.4,19394.2,16666,20197.2,18943.3,21790.4,21958.3,17700,22808.3,20363.6,19519.1,18480.5,20323,19182.3,21453.1,17579.8,21431.6,22390.5,18129.5,18060.3,21607.1,17052.1,16974.1,22145.4,16820,16596.1,19287.4,19277,18606.2,18070.8,18124.2,18871.6,21168.1,17945.6,18404.6,17997.4,20764.9,22162.3,20302.6,17894.8,16666.5,22294.9,17491.7,21381.6,17771.7,20672.8,17073.5,19055.9,22002.7,18442.5,19981,21239.2,22249.8,22612.2,20452,20217.6,19804.3,20833.9,18784.5,22907.3,18827.2,17235.2,21780.8,19734.3,21707.5,17448.2,20832.8,22039.7,19839.5,18613.6,19686.7,22660.7,18403.9,21792.5,19367.2,18750.2,18002.8,19096.5,21668.4,22216.9,17783.9,20691.8,19951.8,19992.1,17640,19411.5,21850.8,17604.8,21171.8,17168.6,21331.8,18731.9,20694.1,20561.5,16432.8,16165.2,17163.6,20291.6,19933.5,16572.6,21094.1,18434.7,16133.7,19635.1,16973,18087.4,22674.3,16778.7,17105.7,15957.5,22531.4,20998.7,22052.7,16869.2,16730.1,18516.2,16188.1,21787,18019.3,16629.8,18049.3,18607.3,20148.7,18840,17528.7,16235,17845,16718.6,18627.7,16717,19049,19392.9,16976.3,20190.7,22669,18770.9,23103.2,22041.1,19296,21670.4,20889.2,21355.7,17627.4,20203.9,21474.3,18970.1,17276.4,17830.1,22154.3,18291.3,20551.9,22321.3,17988.3,21161.7,17979.5,18328.1,22775.4,19248.3,21459.7,23906.5,23418.1,22284.2,21027.3,23372,18571.6,20376.7,22637.7,21212.4,23840,24937.6,18659.9,24622,20096.4,18861.6,18761.3,20941.4,21901.8,24060.7,20081.1,22778.2,22397.7,23248.7,20776.9,18688.3,23934.3,19425.6,19626.8,23397.1,19567.5,24188,21485.5,23407.5,24294.4,21779.5,22743,19513.3,18789,22382.3,20058.9,20356.4,18094,23442.9,19221.2,21427.4,22949.8,18594.2,23243.1,22105.3,19600.4,19552.2,24051.1,23756.4,23800.5,24484.9,19874,22541.5,25118.2,22476.1,25100.3,27372.6,30445.1
30927.1,26042.4,25941.4,26444.4,20561.9,21586.5,22045,21163.6,17141.7,21962.2,20082.3,19030,16402.3,21845.5,17888.8,20102.6,19345.3,17983.7,19708.2,21787.4,22122.3,20393.1,20111.5,16727.9,18823.8,17882.7,16594.9,20178.6,21343.8,16173.5,17544,20001.4,21138.2,19650.8,22651,19565.5,20523.3,19969.8,22444.6,19613.6,20115.5,19264.7,17744.9,19958.3,17501,18724,17547.6,20442.4,18869.7,16635.5,18392.8,22541.2,17092.5,18013,22184.5,20236.8,21069,16880.8,19776.5,17688.1,16594.4,20581.7,21216.3,19251.7,17434.5,17592,21125.8,18920,19615,17824.2,17342.1,16109.2,18178,22076.7,17178.4,17890,18859.5,17901.5,16305.3,21406.2,18703.6,17114.8,17709.5,16509.5,15981.8,17611.8,18437.5,18457.9,20405.9,16021.1,21199.2,15068.6,19692.8,15293.9,14835.9,18866.2,15087.2,20002.6,21388,20007.3,16408.7,17778.5,16255.4,15299,15623.8,20357.8,18484.9,19979.2,16123.3,19157.6,16497.7,17090.3,20623.6,20846.3,18653.7,19432,20376.4,17946.5,19542.4,22154.1,20118.9,20928.2,18556.8,17472.5,22772.7,21611.4,19475.6,16500.6,16834,22628,18129.2,18142.2,18064.3,20172.6,19842.8,18482.8,21460.2,21056.8,19029.9,16203.6,15425.7,18422.8,16158.6,18861.1,21004.1,17303.9,20546.8,21331.5,20416,20860,19018.9,17228.5,18558.3,19443.8,18661.8,20734.6,17397.2,15787.7,20867.9,17269.4,18710.7,19456.9,16271.7,18606.1,18193.4,21674.8,22253.3,19061.9,22565.6,19300.3,17159.7,18251.5,17563.3,20029.2,18056.6,20788.9,20454.4,21320.8,18354.5,18351.6,22113.9,20693.9,22837.3,17213.5,16438.8,18856.3,16555.3,18425.4,19531.8,17396.3,21262.7,22219,18478.6,17293.6,17084.8,22211.5,19250.6,18265.1,17962,22472.1,19208.8,18426.4,21913.3,16722,23038.2,21495.8,18463.5,21519.4,20174,17250.7,20584.5,19349.2,22028.2,20517.8,22395.9,17937.4,17276,20242.2,16678.8,18971.2,20376.9,22360.2,16513.2,22440.9,16914.6,17219.2,20282.9,17847.1,20259.1,17162,21333.5,21494.1,20464.9,17936.1,21375,19314.2,19094.8,17047.4,18715.6,21993.9,19532.4,22384.4,19655.2,22463.8,18971.5,17429.4,21661.2,18376.9,17666.2,18590,17999.1,21003.6,16279.5,18614.1,17010.7,19796.2,21804.7,15974.6,18500.5,16366.3,18287.8,21323.6,16490.5,15716,17064.9,19365.3,17256.1,22364.1,18488.6,17068.6,17081.7,17713.2,21615.9,19143.8,19388.8,21614.2,17840.2,16116.2,20104.5,18708.4,17697.4,16606.9,22135.1,21810.4,18010,16178.8,16648.2,20396.4,19558.7,17860.8,15804.5,19055.7,18799.6,21782.5,16495.3,22449.7,18365.7,22664.1,20368.4,18385.6,21664,22200.4,21999.2,21191,19047.1,18527.9,16868.2,19978.2,17670.8,20368.4,19691.8,18545.9,18354.4,17512.7,22134,19572,22140.1,24115,17632.2,23992.1,21766.9,23418.6,20578.1,22491.2,24143.9,18607.2,23048.6,19854.1,21302.4,23107.7,21817.9,21649.2,22790.2,20177.9,24191.5,19653.9,19514.2,20555.7,20002.1,20594.8,22837,20387.7,23853.1,22738.1,23689.8,19673.2,19757.9,19704.9,20179.2,23525.6,22535.1,22373.3,18424.6,21300,21171.6,20084.7,23626.3,23157.7,21259.8,19425.4,23875.1,20510.3,20954.5,21093.8,21053.4,22049.7,23276.1,23265,24046.2,18327,20596.5,20847.5,21658.9,22912,20891.3,20435,19671.1,21364.4,24115.7,23463.9,23364.1,26319,27015.2,30507.9
31968.9,28869.6,26533.9,25980.3,24283.3,24071.4,19768.9,18549.3,19714.9,16427.6,20812.7,18501.9,16689.4,16309.9,18119.2,22254.4,22167.2,17754.4,18456.1,21381.5,20458.7,19019.4,18335.3,19454.6,21019.2,19253.2,15990.6,20017.8,20776.2,19471.6,21899.6,22601.5,22420.9,16547.1,21073.3,19051.7,17976.3,19124,18407.4,21852.2,18832.7,19740.9,17972.1,18878,20790.3,22857.2,18039.1,21559.1,18545.5,22128.3,21343.8,18567.5,16258.3,22146.8,21665.1,22619.9,17272.7,20927.3,16199.3,19269.9,20000.3,17681.7,18712.9,15950,17655.1,18287.6,18459.2,17458.3,15980.8,18442.5,21238.9,21009.8,20024,20783,19329.9,18578.8,16642,18796.2,16467.4,21102.2,19654.6,16880.7,20656.1,21800.4,16527.5,18467.6,21600.5,22028.1,17814.9,16935.3,16126.5,19497.1,18876.8,18486.3,18445.5,21380.5,18120.1,20741,20462.8,19402.9,20896.5,17408.1,18450.6,17125.2,14677,16936.5,17417.4,16532.3,21258.1,17782.6,17409.6,20590.5,18029.8,18074.6,17296.3,21042.2,16721.2,15785.4,16077,15625.7,18056.6,17400.8,20666.7,18039.4,16438,20753.9,18353.6,22151.9,19101.4,20644.6,17988.8,22895.7,20258.6,19032.8,17886.4,22467.8,19778.2,15586.1,19778,21099.3,19536.5,21237.9,16669.6,18958.5,16093.2,17155.6,19060.9,20860.1,20754.8,18324.2,16520.8,19808.7,16995.3,18389,19313.6,21329.2,16570,17977.2,18078.3,18421.4,17433.7,19333.6,21083.2,19139.7,17080.5,18899.3,20856.2,17145.5,22278.1,22984.4,17894.4,18979.4,20667,17452.4,18745.3,21133.5,20976.5,21251.3,17143.6,18520.6,17615.7,19851.8,22608.5,19931.5,16561.4,19404.2,19535.5,16945.1,20742.2,20483.9,17532,19997.3,16196.6,21269.9,17355.1,18119.4,20693.8,18479.3,22560.2,20550.2,22191.8,22494.6,18940.6,18140.6,21876.5,18466.4,22124.2,20587.1,18140.3,19287.8,22644.9,22930.8,23718.3,17873.5,21648.4,21069.9,19337.1,22851.3,20351.1,21137.9,18853.2,17157.6,20202.2,18030.6,21979.8,19205.7,22141.1,22952.5,21875,16962.5,19708.4,17917.4,16466.3,18112.7,21128.9,18607.6,22643.8,19920.4,16624.3,20933.4,20401.6,22198.8,21248.7,18750.6,18303.3,16221.6,16252.7,18585.3,22054.1,21945.7,20078.8,16225.3,21175.4,17082,21658.9,16063.9,19050.8,21776.8,17169.4,20974.8,19947.1,19118.3,15788.6,21364.4,16207.8,17413.2,20323.9,22692.5,21002.6,16390.9,18990.2,18694.8,21079.7,16143.8,19035.4,21798.6,16445.8,20514.3,16153.1,19627.9,19496.4,21843.2,17530.2,17829,16888.7,22131.7,20656.9,18054.1,20919.5,18375.7,19188.2,17481.8,18135.4,19298.5,17746,18673.5,20065.5,19446.3,20737.6,19693.3,21957.1,22611.2,20392.8,16688.3,19020.6,17291.8,22758.9,20866.5,16640.8,21450.3,16970,22797.6,22557.3,21025.7,22930.1,19699.8,19308.9,23111.6,22579.5,20070.5,19586.5,20785.5,24209.7,20287.9,22958.2,19283.7,21279.5,19133,19724.7,23131.3,19775.7,23780.3,21467.7,18691.2,23160.2,22446.3,20507.5,22189.1,24208.7,23724.8,22527.6,20772.4,19953.3,21709.2,19388.2,21667.2,21903.5,19191.3,24790.9,23519.9,22096.3,18447.5,19272.8,24244.3,19494.4,19199.9,24519,19626.1,18405.2,22180.3,23860.2,22807.1,18822.7,19938.5,19859.1,22110.1,18067.5,23700.1,19960.1,18730.9,20223.5,22750.2,23838.4,18482.5,18350.3,21332.9,20779.7,22076.3,23278.6,23078.4,20447.8,25284.9,28850.4,36104.1
30892.5,27711.4,24782.4,24438.7,21401.8,23881.1,23595.4,20945.2,21649.3,16986,22117.2,20340.7,16467.6,20712.2,19614,21524.1,17289.4,21790.3,18436.3,18709.9,21181.7,16451.4,19047.4,18856.1,22219.8,20652.2,21216.9,21357.8,18958.2,16697.8,19145.8,18849.5,22127.2,16948.2,19749.2,18798,21090.7,19296.5,17474.6,19168.8,16653.1,21599.9,22297.3,21626.2,18873.1,19503.1,20321,17546.4,16567,18402.2,20899.2,21416.4,18178.9,22037,21783.1,19802.8,16647.3,16474.9,17266.5,16402.6,19474.9,19698.8,19069.8,18145,19071.2,19636.8,16629.4,20679.6,16473.4,19202,19992.9,21824.4,21353.3,16660.1,21276.1,16755.8,21979.6,21266.6,21473.7,18491.2,16758.6,15528.7,21974.2,20846.8,16092.6,18318.9,20271.1,17715.3,21338.7,19912.1,16967.3,15219.6,17798,17368,18287.2,17837.4,20402.2,15766.8,20318.1,17820.8,15662.9,18766.9,20409.1,15593.8,14857.2,19905.1,16060.6,14762.6,19825.9,19826.5,15027.9,17564.4,19118.1,19256.8,19765.1,21142.2,17545.7,16863.4,19712.8,20667.3,16495.7,18404.4,22074.6,21269.5,21796.9,16828.1,16648.5,16811.3,19358.5,18876.8,18146.1,18632.4,20092,22268.8,22485.3,17903.6,17447.4,17610.5,20551.1,19124.5,21760.7,15635.5,17422.3,16337.8,19730.6,21605.6,18038,19120.4,21415.4,17281.2,18872.3,15979.7,15490.6,18381.2,15784.2,17870.8,21436.3,18197.7,19599.7,21444.7,18095.9,22190.3,20602.7,22218.8,17248.4,19753.6,17493.7,19026,19469.8,20968.5,23443.7,19463.4,21351,22144.3,20656.1,19604.1,21068.2,18147.5,17840.5,19716.3,18391.7,17285.1,22730.8,19675.2,20717.1,18197.8,21071.3,22192.2,16660.7,22137.2,22450,21408.3,19868,17718.2,20898.5,17009.8,22950.5,16714.8,21321.4,19368.1,21003.3,19750.3,17598.9,17172.8,21242.3,17688.6,22110.6,19561.3,22124.6,20090.6,20227.8,18806.7,20369.5,21599.3,17611.4,23040.7,18468.6,20605.8,21038.2,20691.5,19734,18497.5,21692.1,18705.1,18016.5,20819,19565.4,16697.9,17352.8,21763.2,18033,16702,20095.8,18729.5,23170.3,22571.9,17500.2,17194.4,19288.9,18911.7,19286.1,19886.8,16693,18074.5,20542.7,16426.1,20944.4,21237.9,18619.9,17011.6,21946.6,16181.3,20000,18855,20580.5,15925.5,16686,20047,18715.1,18343.8,19755.8,19210.7,18458.8,16125.1,21417,16050.1,21935.2,21981.7,17439.9,17260.4,18021.6,17308.4,20069,19204.3,19274.4,16490.9,18326.7,17975.8,17457.8,20621.3,20690.6,17715.1,17058.2,18067.4,17935.9,18609.2,18969.8,21570.1,20660.1,21158.2,20888.1,21781.6,17931.2,19464.2,16690,19475.3,18382.6,18788.3,19455.8,16991.1,21028.6,20937.3,19878.5,20976.9,20041,19674.4,20685,18165.8,22194,22621,18843,22915,17208.5,23082,22797.8,21423.8,23564,17516,18479.1,18676.7,21244.7,18516.6,23898.9,22946.6,18483.3,24297.2,24641.4,23735.3,21037,22796.9,21406.9,23150.5,23073.6,24405.5,20867.7,21785.3,22663.6,25003.9,20800.6,21155.8,24363.4,20273.5,19681.4,23186.8,20119.8,22495.2,20566.5,22706.7,18652.4,24110.3,21771.6,20028.3,24094,20769.9,18638.1,21806.7,21239.9,20571.7,17735.6,19986.1,20682.9,21038.5,20304,18429.1,18069.7,18467.9,18500.7,22688.8,19098,24993.2,19336.4,18838.8,19472,20772.9,22217.6,21258,20374,19826.9,21442.3,23954.7,21638,25504.4,28895.1,30774.1
33016.6,27640.6,23421.6,24646.7,20538.4,20651.9,19904.6,20953.3,22138.6,16509.8,18164.2,18290.3,22002.9,17278.4,20714.2,20889.6,18284.2,21481.6,22675.9,20865.2,21911.3,20662.6,18086.1,17312.4,17278.7,16705.7,19944.9,18375.7,16274.9,20274.5,19088.1,17075.7,18708.1,21615.7,21023.2,20091.6,22371.3,20546.5,19718.1,20021,22159,18751.5,19136,18269.8,21917.1,16565.7,18580.2,20381.4,20138,21599.9,16831.5,19562.7,21749.6,17546.8,22496.8,16695.3,18382.9,19931.2,16886.2,20219.3,18439,20259.4,20307.3,17539.5,19034.3,19401.1,17677.2,21456.5,16701.5,18290.5,16514.6,16244.8,19486,21130,18218.8,21734.5,17009.6,16760.4,16031.4,17572.4,18924.7,16196.2,15671.9,20789.8,15985.6,18399.3,16801.2,19295.8,17417.3,20804.1,19364,15054.6,19372.7,17098.5,17808.2,18535.1,15792.2,18921.5,21071.4,15525.8,16840.9,15795.8,18719.5,20765.2,14971.5,17886.1,16790.3,15708.4,21194.6,21457.4,21369.5,17393.2,15964.5,18035,18150.4,19762.3,19752,21998.1,15776.9,18014.1,15890.1,17577,15833.6,17249.4,20579.7,19322.8,19806.6,16877.8,19825.6,22925.7,16947.6,18094,22947.5,20765.4,17134.2,17406.1,15984.4,20023.4,21175.1,19894,20389,19495.2,17534.8,18396.9,19904,17222.6,20306.9,18792.4,19430.4,21424.5,17222.7,21153.3,19333.6,18026.3,14411.1,17975.9,19423.3,16687.6,20574.6,16539,20462.4,21580.1,17301.7,22436.7,20171.7,6066.8,19207.9,18825.1,21352.8,22340.8,17265.8,17973.2,17653.3,18749.4,21238.5,23094,17528.5,17156.7,19316.1,19516.5,19723.9,18727.6,21499.7,21535.4,20714.4,20312.5,20329.2,22022.3,19479.6,18183.5,21995.8,20584.4,20089.7,17219.1,21377.9,17226.8,18813.7,5550.46,20343.9,16623.3,22320.3,23138.9,16642.9,21979.1,20218.5,17580.6,22261.7,18547.8,22525.8,17646.5,17100,18639.5,23597.2,20320.2,21664.8,19766.3,18836.3,18655.1,20224.5,18975.1,20280.7,16874.2,19254.1,19501.2,18226.2,18779.4,22859.1,19518.2,16837.8,20819.1,18599.8,17373.4,22399.1,22009.4,18645.3,22577.2,16804.6,22831.8,19332.6,20626.7,22067,20800,20208.1,16870.7,16218.5,17244.2,18292.9,21662,17940.3,16629.9,16197.9,19597.3,18242.2,17802.9,21515,21818.8,17864.9,17095.9,20608.8,17910.7,21452.2,18595.5,16361.3,21796.5,16458.8,16520,16650.2,16616.7,17582.9,19832.7,20208.7,17557.6,17937.5,20489,18398.7,17267,16490.9,17571.8,20439.9,19940.8,19893.6,20940.1,19988.5,20345.5,16689.8,18515.5,20485,19784.7,17578.5,20273.7,21179.3,16846.3,18553.6,16888.2,16046.2,21138.4,18866.9,16370.6,18856.9,18362.8,22796.2,23066.9,19239.5,17038.1,16244.2,17177.8,21346.6,16261.7,19097.6,21134.9,21555.2,20555.6,21958.1,17943.8,21489.9,20551.9,23835.8,23844.8,20447.5,20295.5,21477.3,24334.9,19575.4,22387.2,24284.7,22819.5,18672.8,18542.9,23313.3,24544.2,21326.5,22990.5,23511.8,18807.4,20060.8,19792.9,21186.7,22166,19702.1,24929,20321.3,20690.4,20640,23676.1,21164.9,22882.5,21350,23289.4,24319.4,20887.1,21139.5,24452.7,21013.6,21804.7,20640.5,24178.7,22672,18494.8,20065.6,20739.8,23429.6,23784.8,20708.8,23092.7,19683.4,18972.7,19219.7,21070.5,24691,21434.5,19730.8,18263.9,21874.2,19360,22240,23734.5,22852.7,18412.6,21246.5,24040.2,19975.7,25699,29428.9,32866.2
35294.9,26350.1,23785.4,23341.1,24646.5,21025.6,19510.3,21711.4,19490,17139.9,22469.7,20173.9,19727.7,17686.6,20641.4,19761.6,17989.2,16114,17131.8,17338.2,15925.7,16432.9,17840.1,22080.8,19357,17249.2,16947.5,21279.2,17474.7,18214.9,22015.9,19395,21020,21544.5,19810.4,18816.1,19441.9,18800.3,17416.8,16676.5,16718.1,19365.6,21784.9,20325.7,19607,16868.9,21177.9,19591.5,22122.7,18472.3,21592.5,18488.2,17390.9,17833.6,18145.2,22288.9,20813.6,16546,18906.5,18023.9,20753.1,18077.9,20953.7,21088.5,17961.4,17885.4,19279.4,20335.9,21764,22031.1,17352.9,19894,16391.2,17120.1,20669.5,19792.8,20817.3,15716.8,16089.1,20332.6,15349.3,19184.4,21103,22069.2,18787.7,20046.8,21657.7,20480,17310.3,16312.8,15453.1,19045.3,19745.3,19953,17632.7,14914.9,18443.2,20340.9,17548.9,19299.2,19236.9,15966.6,17436.1,14654.3,20740.9,17141.2,19252.2,19806.2,20830.9,20831.8,15187,19977,16701.4,17018.4,21451.4,18962.2,17180.1,19734.4,16861.8,20561.1,16411.9,21254.2,16650.1,17684.6,17796.5,17692.9,17598.3,17012.3,16017.9,20850.9,17214.2,16886.9,21044.3,22517.9,17109.5,19831.8,20864.8,18177.4,19559.7,19264.9,16701.4,15698.7,19264.1,17493.3,17459.7,17395.9,15826.1,21676.8,19422.8,20183.2,17170.6,17970.4,19096.2,17036.4,18258.7,20396,20965.6,20547.8,21921.9,20088.3,16253.2,18471.9,16432.3,21044.4,22728,19948.6,22786.4,20768.8,18644.9,20029.1,17762,17548.9,20867.3,21878.1,17854,18236.4,17068.4,20050.6,21857.1,17331.4,21093.7,19509.8,20977.1,22305,20614,18176.8,17170.4,16383.6,19733.7,16606.3,20706.8,21633.3,20394.3,17206.4,17220.5,21464.2,21051,22759,16860.9,19928.5,19830.1,20518.3,20111.2,23021.4,18776.9,19345.6,17901.5,16917.5,22905.2,22044.5,18977.2,19107,20374.6,22441.1,19364.7,23414.6,20250,22971.5,21906.6,18072.4,18183.5,18202.1,21398.4,22586.8,20281.6,20034.8,17271.6,18173.4,22217,22707,17201.2,17229.9,18309.6,21864.3,18859.6,20476.2,18552.6,17081.5,17840.4,21266.9,22186.3,20079.5,20055.9,18081.6,20692.1,19746.8,19717.4,21501.8,16321.2,16906.7,18930.9,17644.4,16452.3,22134.2,20424,17201.8,21818.9,16975.1,21627.3,16082.9,19563.5,18252.2,15522.5,16874.9,19537.7,15773.7,17317.1,21825.1,20067.7,16106.5,16947.4,18808.7,21957.8,22186.6,17045,18655.1,16745.1,20996.4,17385.9,20958.9,18885.8,16226.8,20477.3,18019.5,19164.2,18894.2,18032.1,16666.5,19785.2,21928.5,19810.6,22430.5,15876.3,18425.2,16797.7,18388.6,20857.8,20546.4,20901.5,18918.4,17497.7,22913.7,22082.7,22311.8,21786.4,22404.7,16797.8,20798.6,17261.6,19695.9,22455.5,18043.6,18581.7,20310.3,21657.4,19087.2,22504.6,18588.8,21462.6,23075.1,23534.7,21000.6,20113.3,23113.9,20608.7,23735.6,24199.5,23405.1,24668,19736.3,20329.1,23801.2,20151.6,18591.7,23163.7,19452,19850.2,21723.2,24079.6,23005,19672.3,24847.9,25266.7,23121.2,20169,23617.7,21598.9,22574.4,19921.2,18826.5,19988.2,21033,20885.4,22361.8,24430.7,24001,21990.1,20557.7,19752.4,18950.6,22254,23579.4,22874.5,19725.9,23343.6,21814.5,21668,20431.6,19937.3,23657.1,24901.7,19207.4,21368.4,24624.9,18555.6,23237.7,20753.8,20875.4,19396.7,19783.9,20476.5,22335.1,27805.3,35110.1
32934.8,28041.9,28658.5,24097.4,20025.1,22305.8,19566.4,21316.7,20283.1,21054.7,17889.2,20643.3,21000.2,16829.2,21952,21065.6,19339.4,22668.7,22369.2,16795.7,19028,17057.6,19832.3,21609.4,16029.1,15968.4,19313.6,16327.2,19652,16540.7,17215.6,15974.6,22293.8,22479.5,20959,17216.4,17695.9,20233.5,18195.6,17880.6,19727.5,22250.6,22421.6,20502.2,18863.2,17706.2,22112.2,21953.3,20639,21473.3,22212.8,17412.2,19824.9,18511.4,21546.3,21687.1,20108.1,17084.4,16796.7,18049.4,18544.5,22431.8,17228.7,19632.1,21919.5,20499.5,20157.9,16615.3,18101.3,16413.5,17885.9,19075.9,19138.4,20012.9,16722.1,19064.7,15703.6,21056.5,20949.9,16049.2,18771.7,18600.5,16437.8,21318,19524.2,17138.6,19014.2,15692.8,17232.1,20027.8,16529.4,19450.5,20004.4,16476.8,15348,17206,16621.2,15446.1,21365.2,17991.9,16255.3,19560.9,20411,17033.2,14931.3,18004.2,16017.4,15995.2,16673.5,18676.6,16793.9,20059.3,20379.4,15937.1,17313.2,15814.3,21922.4,19062.6,19316.9,21946.8,20314,18738.5,17771.2,22145,19227.9,21897.4,19882,16459.8,18776.2,18194.2,22457.7,19667.7,20671.8,22208.1,16761.8,19223.1,17747,17426.9,21642,17617,19655.9,19479.7,19872.4,19592.5,17325.4,17840.3,18880,20375,20859.1,17805,21010.3,21061.1,15460.6,18206.3,16701.2,18689.9,18147.2,15801.9,21159.6,17119.4,21005.1,19863.6,18859.1,21042.1,20977.9,22650.8,22609.3,19303.8,20008.4,22619.7,18634.4,20563.7,23546.2,18440.2,23558.9,22818.9,19506.8,21938.7,19339.3,22976.2,18508.8,19186,22781.8,22112.8,21978.2,20987.1,20119,20024.7,20252,18046.2,18646.8,17022.7,20856.7,19124.5,17909.9,21097,22868.7,21965.3,22420.2,21402.2,22724.5,22547.5,21480,19443.4,20112.9,19020.2,19237.5,21403.1,20454.6,22879,17672,20819.6,21027.3,21123,21533.7,18395.4,17650.6,17828.6,21534.8,17188.9,17592,20833.4,19961.1,19276.8,17282.9,18940.8,22658.4,21778.7,21036.5,20821,19912.5,18024.4,19719.1,17930.6,20790,17448.5,21385.4,18588.5,17887,21757.3,17149.4,17468.7,16799.5,21415.8,19577.6,16107.9,18602.3,19205.8,18935.8,18116.1,19655.2,17814.3,18270.9,18749.8,21439.6,16573.6,21545.4,20096.9,17847.2,17113,16630.6,20582.4,15561.1,17545.9,21814.8,19340.7,18677.8,21043.6,20812,20057.3,21657.4,19576.7,22419.2,19290.4,19362.4,16085.1,16971.4,16701.9,16039.6,18334.9,17271.7,20598.6,21332.7,15772.9,16888.9,19038.1,21833.1,18660.8,17905.8,22240.8,20854.9,21286,18387,19527.6,22267.3,17406.3,19286.6,19876.6,22817.5,22450.6,21446.2,18187.7,16714.9,22612.7,20726.9,21931.8,19764.9,16782.4,16564.3,22877.3,22605.1,17175.2,21574.7,19329.3,22416.3,21629.3,17466.5,23054.2,18735.5,18219.4,18746,23725.9,23965.9,22048.2,19355.9,21098.7,21465.5,18810.6,21121.7,23525.3,20683,24078.2,24897.7,23414,23299.3,23829,24718.9,21214,24218.5,20367.5,21375.3,22953.8,24724.6,20016,22688.5,19129.1,25149.7,23162.3,18615.5,22682.4,24216.1,21933.3,22313.2,24527.5,18170.7,18473.4,22257.2,24383.2,18549.9,22378.3,19106.5,18273.6,19779.7,19660.1,20170.6,20976.9,22219,18270.9,18394.5,19626.8,18711.6,21801.4,23617.4,22711.4,18392.2,19764.9,22599.4,21506.6,20067.2,21958.6,25275.2,25383.3,27996.9,34555.4
36366.1,26155.2,24629.7,21162.3,20558.9,21477.4,19725.2,21620.7,16915.9,16657,20129.9,17677.8,17842.1,22313.3,22044.8,18343.5,20930.1,21689,18254.1,16996.3,20559.8,21502.8,18668.2,20236.6,18933.7,16731.2,20065.6,20925.9,20215.7,21217.5,18591.3,18387.1,22445.7,19131.2,21072.9,16841.6,21134.4,18268,17406.6,18167.9,19809,16136.2,19580.5,21151.9,17997.2,20015.4,21041.5,19709.5,20239,17174.1,16699.3,20791.1,17902.9,19561,22187.7,20391.3,19053.2,20899.5,20311.3,18949.5,21951.6,17253.9,20191.2,19096,22038.1,18592.3,21819.5,20774.7,18267.5,21542.7,17646.4,17326.7,16329.3,21349.2,16243.8,17894.2,17744.7,16490.4,20951.1,17203.5,17258.6,21483.8,15581.9,17931.5,18247.8,21803.2,17862.9,21056.5,16848.9,20517.3,17563.8,19593.3,19326.9,20026.9,16455.6,15550.3,19216,21402,18390.9,15976.1,17187.7,20945.6,20560.6,20714.9,19749,17994.7,16706.2,19316.2,21437.7,21197.1,17197.9,16658.5,20871.9,19562.9,16209.6,16329.9,18202.6,21467.5,16931.7,20119.9,21011.9,20064.7,17677.4,16194.5,21251,22100.8,19519,21053.7,18231.7,21653.5,23369,21360.1,19347.9,18246.7,21143.6,20586.6,17261.1,18070.2,20713.9,18619.6,18927,21349.6,18166,17778.7,18405.1,20427.4,19335.9,21233.5,18312.2,16606.3,20056.4,16982.9,18662.4,18922.4,19329.2,20330.5,20989.3,19599.5,20291.7,17940.8,22237,19995.3,17082.2,17104.2,20294.1,20513.7,17402.7,20444.5,17764.8,19321.1,17407,20816.5,18600.3,21908.8,20693.4,21113.5,22807.7,19108.4,19459.6,20684.3,22816.6,19256.7,19220.3,18255.4,16593.1,19409.9,17719.4,21655.7,20298.2,18748,20257.2,21036,19848.1,21676.2,16806.1,19768.3,21304.9,21129.3,17617.4,21938.3,20599.3,20355.9,17239.2,18288.9,22081.5,19508.7,18290.3,21571.3,16744.7,21516.8,23004.1,18347.2,18833.9,17061.8,21536.8,18449.6,17167.4,18922.8,17760.2,22386.5,17151.6,17805.1,21997.3,21919.4,19810.6,18456.9,20835,22957.7,18600.3,19897.7,18426.5,18749.4,22350,20317.1,16818.1,19904,17844.2,19752.9,20512.2,17827.7,21911.5,20132.8,19542.4,20906.9,18546.7,16764.1,19339.4,16363.7,20119.6,21859.5,18006.3,16470.2,20183.1,21719.6,21395.7,17728.9,21876.8,21717.7,17662.6,21791.1,18800.5,17852.6,18714.7,18796.7,20631.4,16953.7,21849.9,21032.6,16803.9,19031.1,19063.6,16704.8,18198.9,21395.8,19523,16564,17739.5,16693.8,19192.4,16253,21656.5,20215.6,19587.8,21063.8,17387.7,20100.6,19329.8,18311.5,16045.4,21740.4,16327.5,20825.1,19583.2,18077.9,22467.2,16744.4,20676.9,20175.1,18505.5,19627.4,18168,17659.9,19251.2,17670.8,16638.4,18514.6,19946.7,16317,21125,20351.1,18816.5,20748,20875,17235.2,23503.8,22172.3,22888.5,18193.4,18384.8,20408.6,20578.6,20475.1,21484.1,23968.7,19358.2,24063.2,18443.4,22214.5,24252.8,24376.2,18324.4,24057.3,21033.8,24731,19099.5,24009.3,18828.4,21853,18884.5,22013.8,22744.2,24153.1,19149.9,22668.7,20343.9,20381.9,19559.3,19619.5,23049,22034.5,21065.4,22310.3,22341.2,22539.7,24777,21804.3,20931.8,22004.5,22256.1,19267.7,20160.1,21941.5,20688.9,17534,18843.7,23756,21104.5,23011.2,22404.5,22125.2,24097.6,21938.9,18618.9,24104.8,22910.4,21289.3,23622.1,23720.5,21890.4,23850.1,21118.3,24073.2,26782.2,35898
32771.6,29149.3,27783.9,25993.2,21424.9,20538.2,18397.6,19474.7,17363.5,20878.9,17199,17119,16628,20900.5,21003.8,22160.9,17053.1,18613.5,20926.9,17882.9,18230,22240.7,18537.3,20946.5,21578.7,18391.8,17512,19241.6,21638.7,16681.1,21160.5,16622.9,21586.7,19381.9,17148.7,22436.3,17529.1,20052.9,20396.3,17187.6,16979,19374.4,19704.8,20720.3,22689.1,21034.5,20713.6,22729.2,16886.4,20882.6,20090.3,22373.7,17792.7,22695.1,22937.5,22275.9,19216.7,17853.4,20558.4,17255,19947.7,22406.4,17173.1,20412.3,16283.8,17094.6,17465.8,20847.1,18872.6,19084.9,19969.6,21294.6,21049.2,16279.9,16396.7,16272.4,15893.3,17908.3,19927.9,17958.6,18385.6,18403.2,21450.9,21761.6,17315.4,15653.4,19724.7,20406.1,19278.6,18688.2,19446.7,18784.5,16074.3,15474.9,15859.5,19346.6,17336.9,17988.5,17302.3,19064.4,20932.9,21274.7,16451.1,18524.5,19412.5,20283.1,20838.3,14869.8,16446.7,16229.9,18590.2,21252.6,18656.3,18848.2,16319.9,15248.8,17927.5,16183.1,16017.4,16956.6,19911.6,22266,21042.3,18540.9,22454.1,16555.3,17027.6,20721.9,19044.8,17235.4,17338.1,21095.8,17834.6,19922.5,18560.4,21733.1,21948.9,21238.8,18363.5,16556.8,16391,18113.6,19990.6,15858,18033.1,21612.3,19436,19859.7,20491.6,17570.7,21233.4,18010.9,21840.4,18568.5,19250.9,20212.4,21371,17203,16164.7,18672.5,19876.1,22328.6,22486.3,20688.7,18891.4,20675.4,19693.2,16680.8,21167.2,21749.1,22943.8,19450,22688.2,23084,17770.3,19854.3,19761.8,22592.7,17258.5,17822.6,22211.1,20326.4,20374.8,16748.9,16500.3,18956.6,17965,16683.1,16911.8,21855.8,20784.8,18540.6,16272.5,17865.2,22632.1,18286.2,18599,21356.6,19499.5,21577.5,18065.4,20397,16840,17524.4,20510.9,18432,21823.4,17954.2,21163.9,22372.9,20735.7,19082.8,21253.4,17257.9,19486.1,19211.5,21643.1,22350.1,17314,17087.6,21684.8,22646.8,17408.9,19339.5,20427.6,20464.7,21424.2,22413.4,23059,22204,19184.4,19231.5,20597.5,18200.4,16788.8,18045.7,22319.5,18123.8,17853,22543,19939.8,19497.8,19414.5,18299.7,17411.6,20141.6,15809.2,19331.3,16117.1,21387,16570.1,19780.5,17207.6,21748.7,16036.6,22069.2,17059.1,22344.4,19421.7,22020.7,18541.5,21519.2,15753.9,16992.9,19158.9,21507.3,19781.1,19490.2,21766,21780.3,17191.4,17290.9,20936.5,17958,20846.6,20606.3,18768.6,22019.2,18093.1,20441.8,17279.2,16044.4,16668.5,16465.5,19747.9,17521.6,18637.2,22262.6,22109,17680,16207.1,18158.4,19148.8,20154.7,19359.1,20717.6,19394.7,18023.3,20133.7,17500.2,18138.8,21428.9,22764,19959.8,20688.5,17622.9,17497.2,17589.9,16500.7,20177.7,18790.1,20418.6,17977,23262.7,19310.7,17434.1,20731.6,22500.4,21328,21619.5,24246.8,24199.2,23086.2,22039.4,22926.8,19748.7,24078.6,19638.9,22883,20814.5,20039.2,21492.5,25137.4,23958.2,21720.7,20444.6,25041.2,18586.3,20351.2,23973,21105.6,22573.5,23914.1,24156.6,21980.6,21674.8,22397.8,19919.3,23191.9,22986.2,24053.9,22831.7,22317,24086.5,19819.1,21678.8,19616.6,18637.7,23480,21484.1,19060.4,19278.6,23128,17775,20304.5,22823,19859.8,23113,23688.5,22929.4,20089.1,19647,22598.1,21140.7,18420.9,22947.7,18189.9,19736.9,22788.7,25109.9,23461,25648.1,28127.1,33772.8
34936.4,26777.2,22337.8,20622,20569.8,19162.1,22151.7,17423.2,18492,19680.2,21814.5,16593.4,16943.3,18421.2,18578.7,21098,16955.6,21980.2,18660.5,21365.6,20075.5,19571.5,18377.8,16802.5,16749.4,22291.8,19599.4,19463.7,16821.5,17713.1,19150,22319,20346.5,19545.6,18454.2,22015.2,20160.4,20245.7,17476.2,19633.4,18443.8,16843.7,18817,17060,19668.4,18061.3,21450.3,17747,22751.3,16702.9,17498.3,21565.6,20467.4,19144.6,21427.6,22255.7,19046.4,21064.7,19614.4,18641.7,18325.3,16438.6,18496,16411.9,17711.8,21491.5,18590.3,18711.3,16008.7,21410.9,17428.8,19936.8,17811.5,20350.9,20062.8,17076.1,21234.4,17771.8,16686.4,17793,16458.2,20223.6,16878.6,18787.3,19032.2,16314.7,18369.5,16825.5,15638.8,16534.8,16274.7,19648.4,16879.4,18290.7,20948.2,20438.9,17779.9,19241.1,16074.3,15466.3,17744.7,17874.1,18262.9,20515.3,18832.7,16596.2,21509.8,20998.2,16857.1,14912.8,16095.4,18243.2,20943.1,20643,19650.4,15711.1,15514.1,20650.2,17046,16357.6,20921.9,22377.4,16736.3,22374.1,17295.8,21675.1,21395,22123.4,18257.5,20978.4,22868.7,21670.6,21935.7,19988,18704.9,17535,18756.6,20324.7,18988.4,19743.4,16818.7,20254.4,19501.1,15615.8,17173.7,15713,15695.9,18795.7,18381.3,16027,16403.1,18567.2,20880.6,19962.4,14153.8,16557,21046.9,18313.8,21049.4,20799.5,21109,19856.3,16516.1,21923.5,22620.6,22088,18487.8,20496.3,22812.2,23510.9,19477.4,19308.2,19124.5,21147.1,23480.4,20351.2,17523.2,18525.3,17146.8,20551.8,20957.7,20769.9,20284.6,17447.5,16813.5,22432.1,21819.7,22730.6,20582.5,20927.1,20016.1,20278.5,22700,20021.1,18838,19896,21362.6,18334.3,18374.3,22561.1,20386.1,22389.3,18144.3,21291.2,22981.2,16803.1,21402.5,18352.4,19365.8,19915,19808.5,23195.8,19388.9,18713.1,22399.8,19896.5,18862.1,17641.5,19875.6,18364.3,21817.8,22860.3,22292,22231.9,18451.2,16945.9,21201.3,22246.3,16901.5,22434.6,18096.7,18796.4,17310.8,20088.2,17145.4,19097.8,19229,20307.4,18288.2,21339,17256.3,20225.1,21146.8,17569.2,18610,16385.9,15941.3,22055,16751.5,19170.1,17574.1,19539.7,17066.5,20466.2,20778.9,20106.6,19064.9,22493.6,21186.4,16242,18710.5,20899.5,19848.3,20040.2,17290.1,22243.3,18218.9,19753.1,18201.7,17702.6,18773.9,21046.4,16674.8,19458,16440.1,22306.6,21059.7,21514.1,19070.3,19397.2,19774.3,16571.5,20245.7,16673.3,20353.5,20731.6,16676.2,21465.2,22146.7,15849.2,18731.1,16645,16396.4,21808.3,19459.5,16143.3,18820.2,21470.3,21989.7,20579.7,17043.8,22660.9,18197.1,20907.1,18772.3,19297.2,17386.8,17504.3,18302.1,18721.1,16968.7,19888.5,23336.9,17240.1,20532.2,21152.5,17472.3,23967.8,19812.9,18936.6,23245.8,22931.7,18702.7,19635.3,19335.2,21940.9,24521.4,22576.1,23767.1,19051.2,23317.7,22263.3,20371,19299.7,21097.8,20563.9,19854.3,21503.5,23488.3,22609.5,20515.3,22160,20934.4,24484.5,24682.8,25360.8,25265.3,24260.8,24477.1,19782.8,23683.8,20239.5,24667.9,24238.5,19681.9,22072.5,22207,21275,23221.9,22998.1,20712.1,20917.2,18551.6,23754,20952.4,20173.3,23261,19378.6,19454.7,21988.9,19052.3,20299.8,19723.5,23596.5,24312.2,20675.4,19781.5,21834.3,18744.4,20494.7,22305,26882.3,28278.3,30074.3
35614.9,29160.5,28654.6,23952.7,20938.9,20224.6,20453.8,23209.9,23293.3,16856.3,22898.9,22086.6,21498.6,17300.5,22073.1,18095.6,16706.4,21995.1,20384.1,21996.2,19377,16644.2,22513.8,17944.9,21138,22211.3,22369.5,21436.4,16855.3,16876.4,21522.7,16091.9,19274.1,18707.8,17565,17918.4,19163.7,18941.5,22559,19243.7,17523.3,19188.8,17158,20034,19194.5,16622,22197,20896.3,18229.5,16674.6,22531.6,19203.4,17967.8,22109.2,20674.9,20747.2,20545.3,17487.4,22584.8,19746.5,18280.9,20133.3,17801.3,17500.6,17881.4,17737.7,17867.9,21068.5,22305.8,18517.6,19926.4,20140.4,16566.9,21394.4,16236,16226.6,17881,17773,22226.3,18369.5,21834.5,19492.4,15851.8,21945.5,19289,18065.4,18066.1,19198.6,19023.7,20165.1,20260.8,18277.4,18533.6,16585,18522.4,21161.7,15295.3,18934.9,17230.1,15347.6,17866.9,15140.3,19938.4,21404.3,17387.6,20176.6,18909.7,17370.6,20849.8,19437.9,16341.5,19206.3,16780.2,16696.9,15582.1,17322.4,16723.8,17864.9,20743.3,19762.2,19672.7,15935.5,16724.7,18545.8,22442.5,16705.1,17640.6,22513.3,18960.9,17531,17828.2,21124.9,23065.9,17935,22848.7,21178.2,19095.1,17625.4,19126.9,20472.2,16103.6,18809.9,16489.4,19918.9,19090.3,21448.9,18798.3,16061.6,20509.9,20006.4,18659.9,16218.8,19535.4,18800.5,16536.6,18324.4,16775.5,21760.4,19316.9,19914.2,16096.9,19267.7,17081.9,20390.4,21690,22473.3,18928,17069.3,20944.5,17833.1,21003.7,20359.9,17427.5,22569.4,21293.7,20598.5,21405.9,20647.5,22976.3,22496.8,19149.8,18037,21715.9,18844.1,20834,22682.5,22032.5,21149.8,18043.7,21952.3,21539.6,22740,17024,21161.8,16690.6,17672.2,22770.3,18061.6,17644.3,20654.6,19192.8,21417.7,22945.3,21846.7,18411,22021,16967.5,18542.3,19551.4,19490.4,17339.3,20371.8,22074,19137.6,22356,22044.1,22667.1,22033.2,22669.3,22260.5,18743.8,22822.6,16649,22486.8,21076.4,17627.6,21886.9,22258,20864.9,22557.4,22829.4,19773.1,19529,21518.2,22159.1,21661.7,22105.4,18386.1,20042.6,16911.8,16276.8,19791.4,18207.8,18362.8,20375.7,17553.8,19655.8,20859.7,21567.2,21299.4,15944,20689.5,22284.5,18635.5,21658.8,21299,21439.1,21624,20622.6,22288.7,17531,18127.8,15737.6,17165.7,17013.8,21297.9,17599.1,20440.9,20196.2,20689.4,20698,18829,19164.9,18483.1,20119.1,20355.3,19639.7,21934.7,19968.3,21269.6,21005.3,16680.4,18799,19850.2,19886.5,16038.3,21599.2,21222.2,18349.1,15880.5,19505.3,20115.2,22203.4,19088.9,17208.8,19428.9,19378.4,19781.2,19440.1,20585.3,19496,16677.3,16583.5,22587.5,17419,20262.4,16692.3,22376.9,17777.8,17902.5,18318.5,21780.5,21421.4,21413,21360.4,18614.8,18080.3,19544.3,22175.1,24008.5,22380.1,19104.9,21384.2,20486.8,20847.8,24157.2,21429.6,18656.4,24369.6,18596.2,23762.7,19220,22344.8,22134.6,20418.9,23267.6,21510.4,23366.9,18990.8,22523.4,21516.1,24771.3,19794.9,22389.6,21053.6,18964.5,19050.3,20149.4,23625.7,22807.2,18821.8,19619.7,22889.1,23618.8,18188.2,19199.6,20567.3,18646.5,18938.8,23313.3,21369.3,19704.5,23683.9,23987.5,20830.7,20529,24424.2,21833.2,23353.6,24331.1,22614.9,22671.8,25084.7,20455,21214.8,23443.3,18688,20205.3,18342,22872.6,22001.2,26432.9,25323.7,30687.9
34281.1,26945.7,26061.6,25080,19629.9,18404.1,20315,20600.6,18861.4,21778.2,18069.7,19060.8,17352.2,18697.4,17863.2,22109.9,21340.8,18076.2,19069.3,18887.7,16377.3,20241.8,19343.5,16585.5,16883.5,21015.9,18884.7,18925.9,20709.5,19197.5,16360.1,18099.5,20095,17187.2,20709.2,18319.7,17839.3,20873.9,20471,20986.7,16544,19473.4,21841.3,17702.7,18339.2,20602,20414.8,16287.8,21757.3,17745.1,17203.5,16386.8,19019.9,21979,17263.8,18654.2,22788.7,20084.2,22078.2,16196.4,17585,17250.4,19898.2,18542.9,20092.3,21954.6,17532.7,21192.4,17736,20057.6,16202.9,16638.2,17917.3,16903.1,17454.4,21345.5,19726.1,16580.8,19874.8,16472.1,17317.4,21049.2,19881.7,17137.8,21851,16711.5,15772.2,16197.7,16708.2,21645.7,21102,15457.1,16359.6,19869.9,21246,15445.5,21402.7,18172.1,20359.8,18097.8,15930.8,15238.2,18955.4,17713.5,16016.6,15485.4,19491.3,18910.2,21619.7,21446.8,19737.1,17215,21708.5,17449.7,21130.2,21656.6,15761.2,17944.6,19980.1,16952.7,17323.7,20203.5,17683.2,19899,22108.8,19250.8,21277.6,17053.1,18433.6,21443.4,19463.5,22916.6,22119.4,18712.6,19554.1,20478.9,19769.3,16880.2,21012.7,20078.9,16584.5,21624,16888.3,19426.2,19832.3,21145.6,21660.8,17838.2,19148.7,19737.5,19219.2,20634.1,20598.7,19497.2,15775,16090.8,16125.3,21720.4,19303.8,20445.8,19714.4,21023.1,17215.9,20201.4,22693.7,18445.3,22099.7,19876.9,18157.3,17657.1,20659.8,20245.2,22627.5,20426.8,20685.1,18873.5,23544.4,19557.2,23158.3,18310.7,22266.5,19069.3,20577.1,20485.4,16565.7,20601.3,19963.4,22576.9,21393.6,21549.5,17070.9,16674.4,21477.7,17023,17632,19655.1,22502.8,17126.5,17872,20663.4,17390.7,20378.6,20825.6,17149.4,16793.8,20321.5,18351.6,21303.9,22688.9,17262,18480.7,18487.9,20037.6,22238.3,17860.6,22636,18740.6,19067.5,21625.3,22687,19025.6,19475.9,20764.5,18883.8,19362.2,17437.7,20431.9,20089.8,18632.4,20199,18388.2,17443.6,16402.2,16633.2,22124.7,21118.3,18499.7,18367,19776.4,20279.2,20283.3,18053.6,16669.3,19267.3,19540.6,21088.7,19922.6,20282.7,21826.8,17372.6,21705.6,19097.9,18022.7,19433.6,18961.6,21031.5,22183.8,17761,17795.4,19315.4,21409.3,19924.5,17581.9,20979.3,21837.9,22498,21046.3,18479.6,20011.9,21694.3,20374.1,21252.7,16711,16678.7,17416.2,17007.1,18243.6,18437.1,19590.6,21326.8,22305.2,19307.8,22295.7,22433.6,17497.2,17720.9,22409.2,16694.9,16990.9,17533.4,21489.9,17593.6,17732.3,16713.2,21654.6,17468.6,19718,20977.3,19188.9,17831.8,20635.5,20683.5,19626.8,17293.7,19731.2,16176.1,20585.6,19382.9,21115.5,20260.6,19133,22441.6,20871.4,20375.7,19673.6,19554.3,19747.1,22303.8,19455,19851.3,19437.3,20878.6,19657,22755.5,21197,21003.3,18528.5,18777.2,19407.3,23228.2,24414.5,18520.8,21433.6,19065.7,23357.1,21456.7,21072.2,22469.5,23556.5,21019.5,24605.9,20850.9,21369.1,22350.5,22066.7,20760.2,22017.8,24087.6,25031.5,24255.9,20380.2,22770.3,19564.2,20447.6,19877.7,20609.1,23868.9,24476.8,23988.9,23438.9,24422.4,22553.4,18463.2,19364.2,20208.1,22034.3,22854.9,22890.3,24186.9,20025.6,19534,18567,18995,23364.9,24883.2,25060.7,22604,22334.5,24814.8,20471.8,25484.6,27461.5,28710.9,32799.4
36494.7,28915.6,28009.8,21668.6,23096.5,24283,18053.2,21177.2,18318.4,19503.9,18613.6,18962.7,19845.1,21539.2,21801.4,16575.4,20753.3,19860.3,19359,17972.3,22522.8,19993.2,17396.5,18933.4,20801.3,19203.5,22181.5,20683.8,17242.4,21144,19543.2,17230.8,17157.9,22348.4,19900.4,21663.3,20309.8,18328.5,20154.7,16572.9,22067.7,16796,17857.4,19776.3,20398.5,21344.1,19801.5,16638.4,16516.8,18523.5,21157.8,19640.8,22223.7,19317.2,22753.8,20009.5,20343.8,20343.8,17942.6,20608.1,19692.6,17830.2,18441,17140.7,20136.4,20797.1,16385.7,19207.3,20437,19583.6,19484.3,21938.9,20517.3,20591.4,17181.4,19441.2,22461.8,20974,16169,21753.1,20128.2,17411.4,21652.1,17916,16821.1,17971.9,18004.1,15688.2,20608.2,21650.6,20729.4,15962.9,16065,19528.4,19900.5,20794.4,21303.2,17268.4,16806.8,15742.7,17221.6,15642.4,16282.3,20873.3,19136.5,18409.3,18648.5,19126.6,20713.3,16669.2,19218.7,16283.8,21211.7,16601.8,20843.4,18983.7,16436.7,19212.3,22446.8,17789.7,21004.7,20679.6,17422.7,19463,19728.7,19185.6,18993,21679.5,21771.9,19773.4,22247.9,19605.4,20443,18424.2,22451.7,22908.7,18590.3,19278.7,16649.4,16871.1,19298,20225.7,16692.4,18991.9,20311.2,20657.2,22099.8,19003.4,17960.9,22227.7,18024.8,20281.8,16274,19602.7,17669.3,21239.4,20611.9,21811,17081.6,16146.7,20899.6,18046.3,16357.9,19076.2,16352.2,16503.5,20592.5,22189.4,20663.1,23116.5,19742,17401.4,23578.3,20227.3,19634.9,19284.4,20958.3,19971.5,17886,20924.7,16958.6,17598.9,22384.5,20574.5,20540.6,20796,16995.2,17458.3,19536.7,19403.6,20617.7,22050.9,21673.6,22765.9,20007.4,21351.7,17509.1,20114.9,20484.9,19834.3,21642.6,20582.1,19062.1,19379,22690.8,23171.8,22413.1,22051,20634.7,22820.5,20328.6,18650.6,17712.4,20746.4,20880.5,21814.8,23436.2,23223,18542.5,20623.9,19233.1,18422.9,23077.8,19937.6,17809.5,18797.3,17544.1,21730.6,20944.1,18999.5,17475.7,22668.5,17413.8,22286.9,18043.8,18580.9,23054.4,21373.2,18900.6,18016.7,17851.5,20496.2,19766.6,19584.7,19941.2,17262.3,19968.8,19919.4,18668.5,17419.5,19439.4,18268.5,21451.7,17219.5,20647.8,19301.6,21351.9,22711.5,19499.9,21293.3,20168.9,18141.4,16260.4,22086.2,21104.9,19966.8,21474.3,18517.2,16632.8,19557.7,19801.3,16608.1,18133.6,19734.7,17928.7,22329.9,22251,18872.9,21796.3,16398.6,22605.5,20333,22172.4,16694.3,19544.4,17091.5,18799,18887.3,20261.2,15767.5,16032,18199.6,20238.7,19063.4,18908.6,21464.5,19309.7,20905.6,22526.6,16563.8,20779.3,22133.4,21469.2,22610,19208.8,19373.4,16413,20864.2,22069.8,23352.4,21081.7,19826.2,21396,20909,22681.3,19494.5,20114.6,21932.6,19046.9,22591.5,23194.7,23236.1,21826,24415.8,21334.5,19846.4,22396.8,23323.1,19255.9,18821.9,24542.5,25093.1,20576.1,20451.1,22587.9,22125.9,22669.1,21603.1,22959.8,19798.5,22968.6,19748.1,21023.6,22706.1,18917.9,20251.6,23934.4,24832.9,24098.5,23110.3,24409.5,22841.2,24393.5,19953.1,21113.4,19064,23145.8,22105.4,19250.3,18147.7,19705.4,23216.4,20112.9,23543.5,21323.9,23163.7,22998.5,20092.1,19717.2,22047.4,18801,24141.2,22711.2,22038.2,23338,25070.5,24060.5,24005.2,22020.1,25291.7,20281.6,27158,31026.5,34390.7
31181.2,28680.2,25610.6,22682.5,24359.3,23123.5,19833.2,19132.8,20327.5,21091.7,21835.3,17487.1,18548.2,16741.2,16612.8,18002.3,19088.7,18140.5,22019.5,16883.6,20094.4,16988.9,19212.4,20637.9,17362.3,19637.2,19321.7,22048.3,21789.6,21533.8,22352.4,19057.7,19442.3,22105.8,22399.6,16895.1,16409.5,22612.8,16934.6,16435,20273.3,20520.4,18495.2,19870.5,20272.5,17198.7,21648.7,18088,16138.9,20008.9,20117.4,17599.7,19357.8,18808.5,22131.7,21401,17166.5,22531.9,21545.1,17956.8,17335,18406.4,20635.9,18066,21762.4,18125.2,17156.3,19114.6,17416.9,19418.4,20478.2,17970.8,19209.4,20350.8,17101.2,20527.7,21213.7,16852,20498.6,20855.1,15737.6,19590.6,18102.9,19664.7,22105.5,21942.8,17493,18128.1,18748.7,17592.6,18293.8,17954.9,17782.8,18214.8,21379.4,17686,15558.4,17501,16532.9,21181.9,18834.9,19670.2,17313.6,21399.9,15267.9,16521.8,18024.2,16051.2,18374.2,16221.2,16092.6,18080.7,18159.4,16758.8,19386.6,15818.3,21462.7,18354.7,18246,17677.3,20246.4,20309.1,20313.1,19928.7,17340.3,21677.9,20196.2,22357.9,18349.3,18925.4,21889,21354.5,20998.1,17863.7,22148.5,21368.6,21295.6,21449.4,18780.8,20248.6,18825.7,20070.1,21178.6,16532.4,16040.7,21759.5,18483.7,17691.4,19999.5,20545.1,18166.8,19989.1,16774,17333.8,15747.5,17214.9,18271.9,20773.1,21009,17220,19315.5,17616.8,21213.1,18892.1,21415.2,17530.2,19574.9,19267.8,17313.8,22697.1,18664.3,19513.9,18034,20258.3,19746.5,22590.5,22076.1,20443.4,23368.7,18009.5,23212.4,17316.7,17711.2,19737.9,17037.5,22696.1,20702.9,17270.7,22312.7,17565.1,21655,20333.9,22675.9,19234.1,20142.7,20546.8,21190.8,20119.5,17973.7,17261.4,20482.1,16843.7,17169.3,18723.5,23080.1,23013.4,18453,17163.7,17687.3,18569.8,16730.3,20481.9,17348.8,19617.1,17341.5,20316.5,22298.9,22556.2,23235.4,19676.4,19159.2,18516.6,21549.2,18052.6,20642.6,17648,21169.1,21593.2,22213.3,17717.7,22126.5,19915.2,20041.9,22749.1,22740.3,18882.4,19197.3,22744.5,22488.8,19519.8,20236.6,16793.1,19090.4,20709.7,17411.7,17860.1,21583.7,17375.3,18065.9,21135.5,16197.8,18281.3,16427,21294.1,18892.9,22263.9,16907,16988.7,18115.3,20423.3,18928.1,21215.3,21250.1,18103.7,19623.7,18994,22644.3,18910.1,20973.1,21698.3,19874.7,19145.2,19504.6,22105,19346.2,17243.6,21356.8,18954.8,19511.9,20053.2,20581.1,18665.8,19353.7,19798.8,16147,18313.3,19260.2,17160,20441.4,19353.1,15735,21655,20457.8,22463,16647.8,21748.8,18784.7,20799.7,21387.7,22153.9,20537.3,22084.7,16885.2,22581.5,17772.8,20191.6,20648.5,22880.3,21724.5,20136.5,17318.4,20906.7,20510.8,19967.9,19107.9,23438.2,23374.6,19557.9,23160.4,23888.1,18827.7,19259.9,22229.5,20486.8,20205.7,20564.2,20415.2,21605,22008,22852.5,22576.3,23417.8,20621.5,23229.1,21297.7,24324.3,18830.2,19115.2,19080.9,18548.7,19940.8,20843.4,23611.3,22527.7,23528.6,19354,21180.5,23937.3,19392.7,22328.4,18396.4,19010.2,18973.5,23616.9,19889.1,24372.8,23663.2,23392.4,20085.4,24087.7,22142.7,24322.4,22823.2,20467.9,20240.4,19302.9,24102,23212.5,24025.1,23432.6,19238,20191.9,20671.7,24507,20002.6,22542.5,22121.7,21002.7,22772.4,20587.2,21326.6,22450.1,31749,33939.5
34551.5,31505.5,28373.4,25041.1,22487.4,20966.7,17818.8,20919.7,20069.2,18879.8,18137.6,19983.5,21672.5,22833.3,18930.2,21578.8,18527,18277.1,20143.7,22302.1,21654.4,16954.4,22067.7,18812.4,20049.6,21299.9,18729.7,19337.9,20546.5,21823.6,18382.7,17940.1,17887.9,20054.8,18906.4,17233.7,18863.5,21495.5,18120.3,21601,21423.5,18454.2,17355.4,22340.7,18779.1,18083.4,21621.2,18039.5,20330.3,18479.5,20557.7,16860,21824.1,18353.2,17067.3,20209.7,19379.1,16864.3,16365.4,21777.8,16724.7,20394,21854.3,19007.3,21645.5,18402.7,17022.1,21421.1,19650.4,20045.3,22530.8,21108.4,18518.5,21544.4,22051,17266.3,16473.3,20660.1,21760.9,21701.1,16027.1,18806.1,19721.7,19600.3,20502.8,16752.7,17156.6,18732.4,21508.5,19858.5,20661.5,20400.6,19003.5,16259.8,16100.5,16892.1,17184.2,20384.1,21664.6,16945.5,18040.9,16344,18297.1,15117.2,20215.4,16586.5,17176.2,18366.2,19152.8,19977.8,17104.2,19373.2,21332.8,18118.6,19320,18236.7,19529.6,20115.3,21907.7,20363.9,21290.4,20111.1,21041.6,19936.6,20505.4,18308.2,19601,20225.6,22348.4,16963.7,22051.4,23423.2,19191.9,21508.9,18918.9,19364.1,18041,16542.7,16238.6,15649.4,18790.7,21163.3,16573.9,21448.7,21074.3,17743.8,19279.1,19167.7,21818.6,19246.4,17612.6,16993.2,20397.5,17482.6,19507,15550.6,21193.7,17872.3,21386.4,21723.1,21399.1,19818.1,16534.5,17970.7,18550.4,22425.2,16850.3,20604.2,20937.2,21866.4,19401.8,18436.1,23488.9,17518.8,21755.6,22854,17255.1,20967.8,17860.2,21330.1,18575.1,17794.8,22741.5,22265.4,23009.8,22283.3,16358.9,18124.5,19690.1,22753.2,17792.1,18103.2,20359.5,21382,19740.9,21189.1,20496.6,17175.3,19414.2,17373.4,20053.9,19526.9,22314.2,20378.4,18604.2,20507.8,21534.1,17360.6,18553.5,17035.2,18523.3,16942.9,22444.5,18640.5,19222.9,20068,23336.9,17634.7,18411.7,20774.8,20592.8,18340.1,22530.9,21363.1,19856.6,23123.4,18683.4,19427.1,16685.1,21816.7,17207.9,17055.3,22034.8,20508.8,17626.1,17317.6,21460.5,17575.3,18648.6,22638.6,17551.9,22426.6,17448.6,17754.6,16244.8,20850.2,22685,22444.1,22147.9,17495,22358.4,19547.6,21221.9,16890.7,20510,18223.1,18393.5,17452.1,20419.8,21567.3,20138.3,18765.4,17611.6,15954,16261.6,16239.4,19154.1,22284.8,16786.7,17749.5,17230.3,18685.8,21948.2,22689.7,19696.9,16025.9,18387.1,19059,18029.1,17813.2,18778.8,19006.5,22438.7,16882.1,21644.1,21496.9,20855.6,21171.6,21255.8,20998.8,21573.1,17687.7,18339.5,18122.4,20768.4,17285.6,17710.6,21991.4,22013.9,20781.6,20225,22599.8,20576.7,19928,21590.1,17688.4,21513.6,20350.9,18936.9,18306.7,18276.2,17880,19190.2,21680.7,21282.8,18107.8,22225.2,18373,20447.5,21706,20685.8,19155.8,20427.4,20272.7,18875.7,19691.5,21346.3,22304.3,22227.2,18648.3,19648.9,23523.4,21093.5,22243.6,22041.9,21567.7,22181.9,21675.5,20187.8,24803.5,24429.3,21055.3,23992.1,25332.5,19084.1,22942.9,22132.7,19676.2,20077.1,23437.5,21515.7,18565,21524,18611.4,18650.9,20321.4,21834.2,18483.5,20660.6,18134.1,23586.7,20545.1,18473.5,22794.4,21718.6,22308,21905.9,24393.2,23688.3,18820.4,23145.5,22951.9,21916.9,24933.2,21627,24884.8,18645.5,20484.3,23646.7,25119.5,26290,25795.6,30232.7,35910.4
33869,31219.3,27996.2,22465.4,19337.6,18680.5,19549.4,22712.6,21952,22069.8,22955.1,19615,19466.4,17956.7,17160.6,18021.1,22201.2,20476,19972.1,18163.3,20653.7,22080.8,21323.8,21156.2,20232.3,20511.7,20080.9,18776.8,17012.8,22254.5,19083.4,17891.8,20199,21982.8,18785.2,16737.3,16486.2,22056.5,16922.4,20013,21664.6,19357.2,17038.1,17271.9,20830.3,22267.2,18538.1,16225.9,18878.7,21513.1,16759.3,17981.4,16648.4,19480.3,18469.3,22112.7,21339.7,22678.3,16824.8,17464.2,18151,18730.4,18708.1,18297.4,16261.6,19895.4,17271.4,17101.6,17474.7,20374.9,16180.2,18823.9,17677.9,19333.5,16719.5,16034.4,15929.1,16856.2,20107.6,16376.6,16865.3,21400.8,17824.5,17055.8,21465.8,15992.7,20247.3,18902.6,17910.4,18317.2,16467.5,19427.7,16860.6,20434.7,16947.7,15156.5,15142.1,15732.6,21638.6,17789.5,18375.4,15772.6,15647.5,17859.4,17230.5,16403.9,17989.7,17526.9,17999.3,16838.6,17865.9,17502.4,20176.4,18401.4,21639.9,20685.4,16654.1,19342.7,22561.3,20027.2,21863,21350,22419.4,17968.4,21188.8,19253,18150.8,22713.2,17037.6,20848.7,16990.9,19584.2,20271.9,17397.9,18652.7,20371.8,18257.9,20194.5,21458.3,16503.2,17893.5,17038.7,19498.6,16205.8,21838.7,16884.7,20441.1,22074.9,21304.5,17127.7,17250.3,16562.4,16415.8,18864.7,18860.3,20270.4,17804,21693.1,18183.1,22109.3,16782,19858.1,16259.1,16247.8,17413.2,18703.3,20549.8,21731.4,18994.5,21574.9,18858.5,18610.4,23684.1,19667.9,18325.9,21808.1,19814.6,21369.5,18774.5,20468.3,17835,22642.8,20078.1,17558.8,16765.9,17071.7,21863,16698,21352.4,18944.8,19183.9,21043,21810.6,16423.9,22774.9,22610.5,22045.8,21184.3,20004.1,22159.5,22845.7,21267.3,20232.4,18005.5,19071,18336.4,18802.3,19345.9,17627,19298.3,21985,18543.3,17597,18016.4,20654.5,22662.8,22147.9,18921.6,18037.2,17603.5,20409,20946.2,16837.3,21697,21511.4,17126.3,20276.8,20887.5,20309.2,17140.5,17453.9,16663.5,19592.9,18755.4,22570.4,19333.9,21031.5,19617.5,20541.1,22038.7,18006,16891.9,21899,17821.8,21170.4,17634,17623.7,16194.6,20041.1,21000.1,19572.4,18079.5,20496.1,19338.4,20948.1,19549.2,20884.9,22666.7,19188.8,20909.9,18582.7,19023.7,18295.8,18743.6,21748.3,19521.5,18350.3,18607.2,20930.9,22022.5,19715,17205.2,22647.7,20779.7,17342.6,20413.8,21965.8,21432,20403.7,19857.1,18012.4,16643.9,21948,18862,18152.4,22450.7,19582.7,21313.6,18150.3,20918.5,21792.1,16692,18144.4,19086.7,17158.2,17293.8,16860.4,22745.5,17476.8,19248.1,20599,20965.9,17059.2,18758.1,21315.5,18869.1,21965,20693.7,17573.8,22990.6,21295.6,19657.9,20304.4,22161.9,21399.8,23564.7,22036.7,17622.6,20161.8,22189.4,17829.1,23199.6,22196.6,22887.5,24638.5,22894.7,19606.4,25128.3,24096.8,22281,23464.4,21453.6,23952.9,20319.2,22170.9,21040.2,22683,22826.5,20675.8,23718.2,24605.5,20906,19421.3,24594.7,22562.5,20017.8,23823.1,20256.9,24164.6,19363.2,21628.6,21288.8,18474.9,19031,22206.1,19395.2,23890.4,18588.9,23396.1,24763.8,18301.9,18893,18117.7,18818.2,18583.1,19201.2,19694.3,23538.1,20073.1,20549.1,22471.7,19466.4,18663.8,23524.5,20016.5,20651.2,19640.1,20060.1,21713.3,21203.9,21436.3,27489.7,29139.5,35071.2
36047.3,31754.1,23314.1,22770.6,22674.3,24405,18004.8,17321,20262.7,18965.6,16659.7,18492.4,20786.8,19544.5,23189.3,20577,21046.6,22416.7,20359.8,22534,17905.1,19185.4,21585.7,17695.9,16480.4,19017.8,17184.2,20938,22568.4,18103,22440.9,20008,19172.5,16635.2,21360.5,22224.5,22206.6,18261.3,22162.2,21917.1,21491.1,16413.8,20797.9,19210,22483.4,21125.7,19517.7,19692.1,20093,22288.7,17155.5,16797.5,21937.3,16394.2,20303.2,22400.3,16463.4,17584.4,16626.6,17331.2,20827.4,18327.8,18822.8,22264.5,21334.6,19431.1,19344.4,17001.9,21099.1,19551.6,17754.3,16533.8,18800.2,21071.1,20316.6,15940.6,21013.9,16867.7,20220.3,20461,20420.9,16045.5,21366.3,19322.6,22391,22200.3,18218.7,15962.7,17925.4,15916.6,20798.7,21185.3,16060.1,17725.7,20963.2,18223,15206.2,16054,15712.1,19865.3,20737.4,18157.8,17012.8,21316.1,18004.2,19728,18033.8,19475.4,17939.7,21569,21579.6,20427.6,19396.9,19360.4,21563.7,19685.6,18244.4,22403.9,20314,16095.1,17836.5,18537.1,22059.4,20784.1,16128.1,17056,16799.9,18033.2,18876.8,22089.2,18402.8,19381.7,21856.3,17983.2,21511.8,21596.2,18238.1,20528.7,19276.9,17363.9,17146.8,18736.4,15691.5,15874.6,18552.6,20009.2,19895.4,21723.1,21764.9,18114.9,22003.5,16174.2,18321.4,17829.3,18275.3,20511.3,17458.1,20252.4,16777.5,21367.4,22222.5,16773.6,18771.6,16966.6,20105.6,18186.3,21986.3,17034.4,21259.9,20921.4,18915.5,17678.1,22242.2,17641.1,19699.5,17781.3,19145.5,22166.3,22349.9,20185.5,20882.6,19799.6,22584.2,18465.5,23034.9,19493.8,18252,20364.9,19522.4,20769.4,19068.3,17626.1,17449.9,19544.4,21436.9,20411.6,21811.5,20570,20631.5,20602,22357.9,17044.8,21754.6,18833.7,17893.1,22327,20966.3,20611.2,18536.4,20708.8,19608.4,18076.8,19483.5,19415.4,17704.9,19466.1,18214.2,17728.7,22342.2,19323.3,23104.3,20684.7,17484.7,20473.7,17198.4,22437.3,22189.2,22179.1,22640.8,23011.9,22014.2,21465.5,18951.5,22499.9,19812.3,16838,22180,17785.9,21569,19542.9,19014.8,20667.9,21888.6,18903.5,17811.8,18002,21325.3,5579.69,18097.5,22622,16192.9,18039,21802.3,18254.7,22682.8,19680.2,21938.3,22046.5,22396,21545.4,20550.9,17689.7,19314.8,20096.4,18132.7,19337.7,22536.2,18052.2,19759.5,17421.1,17485.8,20404.4,16763.9,20810.3,22258.1,19836.3,17208.2,21588.2,17397.6,21166.7,18639.1,19471.7,18187.2,20673.8,18927.3,17701.6,20220.2,21849.7,19981.4,16354.3,21783.8,16460.6,22220.7,19624.6,18142.8,16789.4,22297.3,22019.7,16351.9,22059.9,17465.2,19295.4,19501,20812.7,20367.9,21296.4,21194.7,21831,18283.8,18130.2,17969.6,17998.8,20902.8,22023.9,20639.2,20429.7,23980.7,18392.1,23867,21051.1,23449.3,22691.6,21494.2,22620.7,19605.8,20819.1,20326.7,20585.4,21725.3,21884.8,20079.1,19888.2,23944.1,22878.3,19890.8,20245.3,20718.6,22491.5,18671.9,20136.6,23001.2,19833.1,22632.1,20718.5,24286.4,19467.2,21275.8,22988.3,19880,19221.8,23007.4,18550.7,22190.5,19165.2,20971.3,23193.6,21526.7,22722.3,22773.7,18814.5,20971.7,21762.7,20899.8,18795.8,22405.1,24297.8,20826.6,22334.6,20840.4,25367.4,21551.5,21472.2,20449.1,18794.3,18663.6,20857,20282.1,18508.9,23403.8,23595.4,23599.2,28400.7,31265.1,34846.8
31590.3,29909.1,23474.5,21349.6,24810.1,19988.4,17919.5,17775.7,22731.1,18692.6,18144.3,21163.8,19192.3,17081.5,18527.3,18517.8,20704.4,18319.2,16669.9,19494.8,20258.1,16701.9,18501.9,19195,21187.2,21771.7,19238.5,22553.9,18560.2,19041.6,19834,18098.8,22722,21166.8,22599.4,19310.2,17779.1,20487.2,21269.8,21122.7,18322.5,16788.1,22472.9,21312.6,21687.7,16878.1,18781.7,21880,17818.1,16133.4,21290.5,16437.1,17023.7,17561.9,17136.8,20035.4,19003.8,18266.6,17383.9,21007.1,18964.9,21597.6,18872.7,21408.4,17394.4,16991.8,17415.6,19965.1,18079.7,18778.1,17697,20667.5,17041.3,19188.1,21302.7,17051.8,19994.1,18234.9,16101.9,17225.6,20345.4,17621.2,20720.6,19176.9,16146,18040.5,21060.7,21557.8,19731.2,18124,22586.3,21979.6,17753.1,20192.3,15837,21528.5,18816.7,17583.2,18569.4,16011.4,16946.5,15493.3,20706.9,16719.6,15842.7,21047.3,15799,19208,18882.2,18823.7,20088.3,19654.6,17660.5,17971.3,20488.6,18664.8,16703.2,19172.3,21613.1,19150.2,17515.1,17254.4,19795.4,22607.3,20150.8,17119.2,19695.6,22313.7,18004.4,17226.5,22450,18746.8,19069.8,22511,21023.8,20513,17881,17578.7,18161.6,20005.6,17433.1,19164.1,15703.9,16324.9,20159.6,16524.1,20620.7,19647.2,16920.1,20375.7,19324.6,20122.3,16703,20149.4,17493.6,20586,17938.4,18288.5,18609.8,16122.8,16358.3,19484.2,19459.2,18911.6,17526.7,19643.5,21967.2,20737.3,19839.4,20310.2,17975.8,17567.1,17542.9,18159.9,21798.3,17315.6,22017.7,22171.4,20982.5,19046.4,19690.7,21105.5,22379.6,21733.3,20468.2,22852.3,21029.9,21417.1,18814.3,19856.6,22678.9,21379.6,20694.2,22581.7,22664.5,17831.6,20815.2,16702.9,18375.2,16768,20247.4,19796,17529.8,18749.2,18790.8,18250.3,22336.6,20606.9,21305.4,22742.6,23123.8,22612.1,20062.7,19028.6,21780.3,18514.5,20755.5,17430.9,23286.4,20254.8,22026.9,21742.6,22320,20907,20398.9,19732.4,20544.4,17284,23012.4,21631.2,17686.7,19534.2,19231.6,19229.8,16859.6,16928.2,16669.1,16925.8,18367.9,18581.7,18533.9,21372.4,18465.2,21443.6,18498.4,18831.1,21330.5,18124.4,19513.5,18530.8,21585.7,21063.7,20204.4,16438,17750.3,22149.5,18493.1,21981.6,20295.8,20102.2,21981,22186.3,19961.9,16868,18968.9,20542.8,21587.6,20613.7,21524.7,20143.9,21132.8,20643.4,19500.2,17441.1,17340.3,20060.6,18178,20204.6,22331,21056.3,18663,22327.6,20057,21995.9,22141.3,18337.8,22095.8,20266.4,22126,19019.3,16927.4,21375.1,20936.4,21763.4,17099.5,22265.9,16561.8,17393.4,19909,19434.3,20767.5,16463,22813.3,21951.2,16610.1,18471.8,18601.9,22130.4,21597.2,20524,19143.7,21517.1,20475.6,23442.8,21025.1,23927.2,19565.5,19241.1,21010,19943.4,20100.2,18157.7,23980.7,23203,21033.7,24208.1,21860.9,20263.3,24617.5,19890.1,22920.3,24376.1,24285.1,18608.7,20255.5,19834.9,22999.8,20114.7,19870.4,24214.7,20875.5,23201.8,24295.4,24911,21988.8,23248,25210.2,21730.6,24103.5,20742,23697.7,24275.4,24305.3,23649,22624.7,19893.9,18814.2,23482.7,24086.7,24755.2,23694.3,23700,21454,18569.6,18057.2,20015.2,18790.7,22028.7,22198.6,20614.7,20647.4,20835.5,23282,25149.5,22262.8,20794.3,23166,19516,22890.5,20929.9,25153,23187.6,27298.8,31527.8
36194.7,30461.6,25896.7,26686.6,20038.6,18932.9,22290.5,19134.7,18145.5,20269.9,20290.5,18059.8,19731.5,17822.7,22848.8,20121.6,18079.1,20308.6,20957,21203.8,20829.1,19590.4,19390.3,16519,19360.4,17833.9,18762.9,18111.6,19831.1,22621.2,21377.2,22694.6,20254.2,17331.6,19756.9,21759.8,19637.4,16460.5,20026.5,20180.1,20939.9,16065,19488,21457.2,18813.1,21493.5,16733.3,16946.5,17439.5,18820.4,20341.3,17978.8,18601.2,21149,20767.4,19698.1,20543.5,22093.1,20438.4,20075.4,19293.6,18186.2,18190.6,18996.8,19732.1,19276.9,22316,20371.7,17275.5,22600.3,19800.3,17913.9,19291.5,19292.3,18027.9,16942.3,17532.3,16686.2,20545.9,20671.1,16783.4,18905.6,20862.3,17216.7,22223.8,21096,19544.4,17448.1,19696.1,19080.4,16509.3,17689.1,19718.2,17790.7,16262.4,17674.5,19470,20436.4,17210.5,20947.1,19966,18682.2,18961.7,21258.5,19922.9,19030.8,20240.5,18098.4,15929.2,18054,20723.9,18189.5,18399.2,15584.3,19086.4,20103,19525.7,18903.5,20138.2,20671.4,19761.6,18831.8,21190.9,16975.4,20839.1,17730.9,16602,22626.5,17103.5,20409.8,19813.8,18796.5,20721.5,19332.6,16763.5,22846.9,16454.9,16961.5,17577.9,19366.4,16363.8,16826.2,17860.7,16536.2,21414,19873.3,19292.1,20647.3,20260.8,19973.3,18094.2,21544.4,21647.6,17849.2,19213.5,19528.1,17986.9,17879.3,16113.5,16838.1,17253.2,21357.3,19106.9,20292.7,18235.4,21961,18496.8,20770.9,19840.1,20490.2,19590.4,19597.3,18187.8,22690.4,19101.6,18050.3,17556.8,22509.3,21959.4,20144,21113.5,22817.3,22896.6,21447.9,20856.3,16959.3,21532.3,18190.9,21583.3,17796.5,19227,19701.4,19967.7,17513.2,18342,19430.5,19756.9,21300.7,19613.8,22731.1,23226.8,19981.7,18159,5329.05,22885,23120,21005.3,21610.3,18659.2,16773.9,16845.3,18083.2,17888.7,17656.1,20589.8,17552.2,22100,19177,23161.3,18119,19990.3,21012.9,16993.6,19492.3,20851.5,23228.6,22779.4,19779,22762.3,19592.3,17885.8,18310.6,19087.9,19886.7,19470.2,21564.3,22838,16993,20514,17198.3,21097.5,21061.7,21560.4,22029.8,19413.6,19801.4,16455.9,17382.3,19703.9,22254.7,18433.8,18283.2,20067.8,17400.8,17606.4,16849.8,16421.2,21264.9,16447,20525.6,21693.8,22175.4,19719.6,17799.5,20988.9,19064.4,19994.5,21208.8,16500.3,17077.9,18729.6,22471.9,21447.7,18121.3,20587.9,20345.9,20457.8,21958.1,16379.4,18687,17198.7,21914.7,18743.4,16056.1,19694.4,19541.9,17649.8,21110.2,19220.6,18247.2,18033.8,18399.4,19141,22309.1,22809.8,18231.3,19414,19055.6,17944.3,20495.3,22247.4,19811.4,18296.1,22810,22656.6,21998.8,20039.5,21038.4,17711.9,20754,17278.1,22585.4,21113.2,22309.8,18779.5,19955.8,23397,19896.5,19288.5,20046.5,20992,19557,24062.8,22212.8,18406,21070.6,20768.2,19325.2,19287.4,21383.5,24498.4,18497.9,21391,24211.9,20126,24804.8,18879.8,19439.2,23083.5,24391.8,22678.1,18824.6,24355.8,21210.6,21588.3,22055,24450.5,24060.3,22129.9,23930.3,19444.6,23290.7,21757.1,23293.9,24007,21227,21178,22557.8,24170.3,20718,19568.6,19120.6,19301.3,24442,18534.3,18097.4,24642.4,24545.7,22154.1,22237.9,23878.9,20634.6,23053.7,19333.8,20420.3,18604.7,20196.3,21160.9,25125.7,24253.8,20741.1,24695.3,30308.6,35157.9
35488.1,29692.7,22803.7,22705.6,25772.8,21289.3,23143.2,22891.5,17910.1,23423.5,17345.4,19492.7,18072.8,18602.7,22532.2,16982.5,21912.9,17080.6,18118.2,17491,18539.3,20291.5,17543.2,17919.4,20294,18868.4,16418.5,20796.3,17022.2,17046.2,16760.8,18412.8,22408.1,20175.1,17331.2,22547.5,19519.2,21824,18698.5,21551,20381.8,16037.7,19894.1,17863.1,17089.5,18827.8,19071.6,22172.5,19083,18586.8,16783.7,18129.2,22574.3,16358.5,17293.4,16992.6,21469.5,20974,20732.9,17362.1,19328,20140.9,21955.8,17860.8,21160.8,20231.7,18448.2,22086.1,17203.6,18126.6,18640.4,19765.9,21604.1,21270.3,21695.8,18954.4,17011.8,18314.6,19452,18928.4,17995.7,22004.3,22126,21244.7,18501.5,16290.2,20268.9,19866,21124.4,17037.2,17095.2,19131.5,22002.2,15468.9,16272.5,15678.8,15465.6,15850.4,21047.4,15647.8,21843,21354.8,17161,15721.7,17148.4,18107.2,21516.2,15537.7,17452.2,19037.5,19872.1,18999.9,18285,16229.2,16246.1,21112.5,19937,16842.4,20374.6,18690.7,17366.5,18565,17059.4,17627,22733.2,22735.5,18390,17673.8,23482,18789.6,18777.8,18779.8,22957.7,23489.8,21226,16912.3,18861.2,19196.6,20676,21062.4,20578,20737.6,18015,17120.9,17457,20742,20448,16120.5,18509.9,18482.3,16090,19232.7,22195.4,18875.6,19318,20872.5,16985.1,19453.7,16010.4,18890.1,17929.5,18684.3,20445,20561.9,19687.3,20318.1,16210.6,20425.1,17263,17731,16986.9,18667.8,20179.1,19383.3,19084.5,23369,18480.8,20759.1,19799.7,20038.1,19548.1,21659,17444.8,22996.7,22055.1,20708.1,18937.9,22087.1,21939.2,17450.4,21942.5,19111.6,16836.8,18840.3,16855.4,21727.1,21264.9,21004.9,18164.6,20939.1,16736.8,19565.1,19201.6,18083,19816.1,19280.4,17983.5,21387.9,17499.2,21166.9,16781.3,20939.4,22171.4,23026.1,19108.1,22974.6,21076.4,17458.8,21181.2,22518.3,22609.2,22550,18070.7,21029.8,22102.2,22019.9,20440.8,20666,16973,18408.5,19098.1,17129.4,23068.2,19251.1,20621.2,19571.6,18184.2,20074.6,22046.1,17682.6,17311.1,18849.8,17408.5,18213.3,20398.5,18112.9,19197.6,19532.9,21190.4,21501.8,19382.9,22416.3,17812,20599.7,21985.8,17633.5,16953.6,22413.2,20662.4,17731.1,20409.3,22053.2,19235.8,16415,16996,19720.6,21624.2,21264.3,16586.1,21620.5,20674.1,22786,18705.1,19991.8,17218.8,22488.4,20381.8,16669.2,20322.1,19053.5,19067.5,19865,22231.3,19412.1,19972.7,21420.4,22306.9,16179.2,20825.8,19431.5,16186.2,22636.6,22917.7,20101.9,19578,20635.5,17666.4,17339.8,17259.9,20317.1,22491.6,16817.4,18281.6,18543.3,21679.5,21408.2,21777,22701.2,19116.7,22608.5,16663.8,23098.9,23741.9,19010.2,19387.3,23717.2,19529.1,18167.5,24033.1,22511.3,23879.9,19560.8,21798.2,24113.3,24415.7,18567.5,20424,19368.5,22198.3,19197.6,18935.5,19397.7,18564.1,20456,20429,20729.5,20658.5,20468.4,23107.2,20514.3,18777.9,22919.9,21570.8,24622.5,22411.4,24121.5,25220.5,20319.7,21604.7,22893,23941,22894.1,19087.7,25053.6,24159.5,24667.9,20957.6,21134.8,19309.5,20530,17976,24283.3,18476,23919.5,19463,18957.7,24203.1,22579.3,21013.1,24898.5,24485,19027.2,24604.4,21953.8,22524.8,22680.3,19062.2,23777.9,19316.9,22338.9,27201.3,23233.9,26521,36247.8
36711.9,28379.6,27177.4,26165.9,22224.4,23167.7,18152.6,22705,21536.9,21490.2,17841.4,18909.6,20274.8,19884.8,19116.8,22931.5,19334.5,20162.1,20645.7,22072.5,18145.8,22339.7,19212.7,19385.3,20887.2,22056,19329.8,22537.1,22081.7,22282.9,17277.4,20814.7,19993.4,20739.7,17756.3,16943.8,17005,16735.2,21825,21329,16921.5,21072.8,17025.7,19204.8,18456.4,20554.6,16663.7,22053.6,17598.5,19706,19952.8,20409.4,17320,18791.6,18155,17403.9,20435.7,20922.2,17458,20853.8,20508.9,17140.8,21047.1,16385.5,19668.8,18144.1,18238.6,17581.2,22170.7,21164,19564,17007.5,18071,21595.9,20578.9,17232.4,21768.6,16629.4,21856.5,20990.6,17949.3,18683.7,17571.1,18280.8,20180.8,18645.5,21078.6,19993.6,18437.4,20156.8,17804,18597.1,19301.3,16043.3,21355.7,20914.7,21718.2,21710.9,18968.2,19716,21667.3,16452.5,20786.7,20021.1,19174,19013.2,19962.4,19087.6,19908.6,20934.5,20022,15822.2,17647.2,18460.9,16212.8,17669.5,20201.5,19986.7,17961.4,18418.8,18400.9,18047.7,17053.4,21526.7,20245.5,20026.3,21031,20433.8,18158.5,19800.6,22338.1,17326.1,22515.1,23004.6,20121.8,20208.7,19119.2,17765.1,21975.6,15768.5,16866.5,16242.3,17813.6,21331.9,15926.6,16174.1,16653.5,18347.8,16165.1,18475.4,17163.2,17610.5,18781.1,20521.6,15481.6,18497.9,16716.5,21542.4,16280.6,19923.4,22034.2,19615.2,19086.3,16573.6,17772,21526.1,17658,20376,21055.5,22229,17567.3,20914.3,23307,19888.2,17376,23040.6,17609.9,22636.5,23210.3,21469.8,22978.6,22242.7,17519.2,19614.7,18187.4,19678.3,21250.7,17974.4,16279.1,19314,22609.4,20145.4,19813.3,17580.3,22637.4,22407.2,19523.7,22519.5,19564.7,19642.1,20543.9,19950.5,22074.2,18992.8,22722.4,17654.4,18326.8,18126.1,17656.4,17254.9,18683.8,23230.8,20640.9,18098.4,22372.3,17655,19413.4,21758.5,21027.2,21995.8,18034.3,21506.5,18076.6,22661.8,17560.7,16794.3,22840,18438.3,21074.5,23413.9,19814.7,18427.4,20459.8,19984.3,18505.3,21376.6,20710.2,22317,17071.6,18449.3,16849.6,18959.2,22040.3,20443.1,20701.4,22109.7,21832.4,20364.3,21972.1,22778,20878.1,18280.3,18539.6,16146.8,18805.7,19379,16479.3,18564.8,19927.2,19867.8,19058.6,16366.6,17555,16543.4,16742,18414.1,17204.3,21798.2,18884.4,21868.3,17298.8,22909,19135.4,20235.1,19762.8,19910.2,20157.1,22820,19043.9,16598.7,19439.2,20872.9,21964.8,21505.1,20053,19164.2,18570.6,18542.4,17628.2,16298.3,17997.3,21250.5,19707,20086,19202,18051.8,17432.4,19629,21415.3,17003.8,21546.8,20879.1,20215.9,21761,20754.9,21848.5,22400.6,21630.3,19125.2,17645.3,22899.1,20824,22140.4,23821.6,19065.8,22852.2,22176,20110.8,22267.7,23196,17839.9,18866.5,19793.6,21620.5,22034.8,19798.6,23316.5,20572,19829.8,22831,22255.6,22381.5,23616.1,21348.3,21252.9,23627.9,23450.2,18959.4,23973.2,20030.6,19290.5,23485.6,22694.1,20592.9,23155.6,22392,23856.3,24105.9,21137.4,21614.2,25015.5,20503.5,20826,22492.6,22575.2,23213.6,21798.2,21768.4,24685,21741.7,22222.5,19637.3,19926.2,21274.4,22188,22069.9,23860.7,18414.6,20652.6,21643.2,25236.5,19754.8,22382.6,19192.8,19021.7,18698.9,21840.8,24333.7,24730.1,21660.6,20613.9,23926.6,29539,31544.2
36577.4,31388,26440.3,24549.1,24092.6,19638.4,20360.8,20831.2,18427.3,20936.1,18649.7,17490.3,21275,22173.6,21764.2,17301.1,18550.7,21865.7,22870.1,20580.5,17617,20198.4,18448.1,21176,17263.3,22512.8,19710.4,21512.5,17513.3,21943.9,18369.4,22081.6,18897.9,19295.6,22630.8,19587.9,19227.7,16912,19846.4,21423.7,19206.3,18850.8,20152.9,18896.9,19880.1,21215,20975.5,21129.1,19330.8,20794.2,21529.7,21792.4,21342.4,19810.9,19299.2,17814.2,21315.2,22108.2,21527.6,20817.1,22166.8,18252.6,19242.3,18494.4,22528.9,17861.5,22542.5,22364.9,19658.3,19752.7,19770.6,18857,22149.4,16826.3,22213.9,17824,18701.1,20649.9,21451.5,16626.7,21695.4,17759.3,16939.2,20721.3,16770.5,19080.2,20465.1,20819.5,20760.9,22340,22518.4,20578.4,21869.6,18501.1,20814.8,20290.6,18724.3,17819.2,18350.7,16314.9,19527.8,21847.7,19407.8,16772.2,18878,5641.29,15770.6,18679.6,19722.7,18868,18605.8,21383.7,15830,15662.7,16216.7,19927.6,20711.9,20204.6,20818.7,16583.5,20744.8,19360.7,16877.3,22520.8,18317,17645,22895,21737.4,19239.9,20533.8,22835.1,23237.4,23074.8,20819.6,18999,16569.6,21261.6,21561.9,18778.9,16209.2,16676.1,21434,19129.5,21803.6,20996.3,20933.2,19723,18123.3,18230.4,17296,19076.1,17445.7,16317.9,16914.9,19342.4,21674.3,19438,17785.2,16981.1,22226.3,17007.7,16846.3,15857,20065.4,20795.8,17853.9,21664.9,19444,20574.5,22355.7,23339.8,19913.8,22447.5,22218.4,17993.8,21891.7,17503.3,22544.8,18382.5,21181.5,16831,23213.2,21976.1,19468.5,22209.7,18017,20512.7,21775.1,16841.7,17288.5,19579.7,16794,18181.8,19381.8,17172.3,21254.9,21253,22828.2,20710.4,17281.5,16580.8,20031.1,18584.6,22590.8,19194.2,17185.2,17056.6,22951.3,17865.9,21869.9,21163.1,19433.7,20105,17377.7,21030.5,21425.5,18706.4,21063.5,17215.7,18686.2,18965.8,21795.7,16911.3,20570.1,20751.7,19155.7,16843.9,19673.8,21167.4,22250.3,22681.4,23018.3,18040.5,17306.8,22098.6,17095.7,19888.4,18094.7,19541.3,17761.3,18104.3,18677.5,16768.7,20135.8,19514.9,20243.2,21076.7,16716.3,17574.7,17136.9,18587.6,17733.7,22041,18129.2,16402,16226.4,16913.2,17099.1,18334.9,22131.8,18216.8,17751.5,19960.9,21180.8,18321.2,21861,21399,20746.4,22461,21987.8,22622.6,19841.5,17215.2,16488.8,18954.8,20099.7,22406.9,20858.3,20633.7,17335.1,21056.2,20717.4,17800.7,18992.9,19354.5,17452.1,21720,18111.4,17995.5,21169.1,21598.5,18375.4,20935.8,21593,19297.4,21276,16995.4,18108.7,16156.6,18936.9,18163.1,16627.9,17045.3,16563.2,19913,16768.1,16263.6,20805,18051.6,17779.6,18387.2,23390.5,18768.4,19483.3,20154.6,23359.7,17625.9,22332.3,19364.1,21941.6,20108,22605.7,23745.9,24517.9,23464.5,23157.9,19708.1,23500.6,21175.6,23208,19839.2,24299.6,24673,23833.7,20508.7,22865.1,23249.5,21080.7,20492.5,23164.2,21908.5,19021.7,21523.1,23768.7,19409.9,21990.5,24866.4,21325.6,23575.6,22065.6,24362.2,21733.5,22637.2,24608.6,21409.7,24677.9,18633.5,21546.3,19632.6,19940.1,18581.4,21475,18890.9,19198.2,22133.6,23879.2,19830.1,21710.3,20063.4,20087.6,23582.2,20031.9,19331.4,24240,24353,22981.9,19252.8,19127.6,19934.7,21905.9,25553.5,25212.4,25510.6,32248.7
35594.6,30874.5,29112.8,24141,19572.8,20879.2,19514.2,20073.3,22222.9,23377.5,20802.6,19326.2,21571,20337.7,19596.9,21943.1,20527.1,18158.9,22854.9,18663.4,22110.1,21155.9,20173.8,18276.5,17128.5,18683.4,19821.5,20063.1,21853.5,22436.5,19346.1,20560.1,18462.2,16658.2,20473.2,21676.5,16765.3,17296.9,22579.4,16919.7,16855.9,16489.2,20999.8,20293.9,21016.4,19009.3,17118.6,20322.2,21564.8,16803.3,17402.5,20713.8,18197.2,21071.9,20924.6,16928,16277.9,19166.1,17943.3,20309.9,17575.2,16334.8,19465.9,16794.1,21824,22578.2,21329.5,16213.2,20107,22161.7,19503,20350.6,17024.9,20949.3,20697.2,21093.2,16877.9,18689.5,17265,21025.4,16388.8,21604,21332.5,16135.9,21966,18974.8,19189.5,21444.9,22662,22347.1,16138,21369.8,16723,16143.1,16005.7,18969.3,16717.3,20284.4,21556.2,21230.1,18194.9,19101.1,16018.9,19738.6,18950.8,18766.1,17645.3,17489.2,19948.7,17818,17539.5,19417.3,17441.9,20536.7,16795.7,16214.8,21323.7,21277.7,17221.3,18187.8,18939.9,20812.6,17758.3,20977.5,22136.1,21518,16683.9,16909,21136.8,18281.3,19316.3,20939.6,18229.5,22055.6,17483.6,17780.2,17907.5,20287.9,15569.9,18061.1,17697.5,18335.6,15638.7,17096.9,20950.1,21604.6,21477.6,18097.5,20179.2,20373.2,21715.3,17816,20785.8,21777.8,14966.8,16299.7,19816.7,18763.1,16529.5,17534.3,22166.9,16846.4,16413.3,21009.2,17402.9,16252.8,21573.5,18171,18798,21581.6,20819.4,18429,18362.9,22184.7,20073,20758.6,21480.8,23632.8,21584.9,22479,22814.4,17444.1,21664.3,22337.1,19868.5,18477.1,18489.8,18678.5,22145.5,22430.8,18742.4,20274.8,22640.6,18771.5,21440.2,16795.5,19550.3,21843.5,20593.6,22483.9,19788.4,17147.4,22947,22873.1,20290.5,19837.5,23066.4,22337.7,22078.2,22949.1,20953,21278.3,19784.2,21753.6,18917,22130.4,19867,20326.4,19795.8,22075.7,18123.4,18619.4,18213.4,20044.7,22616.7,18424.1,20220.1,21245.1,20991.5,18759.2,16965.3,18935.2,17308.8,22838,18242.9,17008.8,21981.9,20197.5,20401,17362.4,18833.9,18618.2,17880,19742.3,20932.4,16824.4,19645.5,18649.3,18956.8,20329.1,19727.5,22368.3,16528.3,21632.5,18439.3,20454.8,21327.6,18758.5,21306.4,22296.9,22286.3,21896.4,21490.1,17139.3,20903.6,18774.3,19588.1,18093.1,21841.5,21047.9,17970.1,18648,19757.9,21096.6,16558.4,16483.1,21206.9,19477.7,19772.2,20358,16338.4,20510.9,22662.8,19667.3,19851.6,20049.7,20287,16243.6,21713.5,21295.5,17434.2,21430,20052.2,18969,18189.8,17763.6,22431.4,19799.1,22647.9,22969.9,19304.4,18431.7,21308.3,21962.9,16788.4,20568.3,20352.8,20464.8,16434.9,18425.1,16468.4,19136.9,17372.5,18673.7,18998.2,23277.7,22829.7,20298.6,21324.1,20954.2,20171.5,19463.1,20071.8,23423.1,23265.2,22917.8,21207.4,24151,24634,18938,19379.3,22890.8,20737.6,24658.2,23242.1,23802.7,20066.3,24538.3,20454.2,21358.5,18738.8,18444.5,22730,21476.8,24988.4,22318,23338.1,19379.1,22310.6,24637.4,19699.4,22114.2,22967.2,20633.2,23222.5,23057.2,20176.1,20557.1,20707.7,20060.2,22106.2,23558.8,23416.7,24477.3,24518.2,21759.4,22437.5,24299.8,22632.8,21683.6,25137.2,22507.4,22854,21006.2,22540.1,22211.7,19174.8,21637.1,23719.1,21379.1,25932.6,27831.1,26303.2,34855.3
36715.6,30147.9,27433.4,22741.5,22600.3,19946.7,22065.7,21899.2,19242.2,21780.6,22277.1,20891.6,18059.8,21860.6,22972,22576.7,17154.4,17648.6,22954.8,19612.2,22817.9,17567.3,20502.8,17637.4,21282.5,19074.3,19118.5,18310.6,21474.9,17976.3,19332.9,21003.2,21096.7,16824.3,22264.5,19001.8,17346.7,20315.3,18092.7,17571.2,21004.6,20449.3,18632.9,16109.5,19317.5,20528,22442.3,16052.8,21721.8,18377.1,17161.5,17664.2,19480.2,20402.3,16832.4,22621,22435.8,17616.2,16422.6,22159,20425.6,21684.1,19961.1,22197.4,19268.7,16980.7,20458.7,22040.7,20851.6,16584.7,21207.6,16402.7,17920,18106.2,17925.2,17198.8,16467.2,16342.3,22665.2,18922.6,17240.9,21348.9,17971.5,18904.2,19449.1,19590.6,16856.7,20006.3,21540.1,15943.5,19356.8,18783.8,18655.6,15954.8,19236.8,19953,15809.6,17212.8,20431,19627.2,16463.3,17503,20904.6,16068.2,16980.3,18110.8,16469.2,21984.1,19141.8,16456.8,15462.4,21277.2,17759.5,18936.7,21872.8,22366.5,18582.7,17538.4,20834.8,20557,22206.3,19526.4,22483.1,19417.8,20120.4,21221.4,16649.2,17025.5,19746.9,22864.7,22153.9,19947.9,18804.2,22988.3,22469.6,20076.4,17555.3,19115.2,19701.5,19389.7,16437,17800.6,17376.1,20660.4,17019.1,16931.9,19194.5,19368.2,20938.8,20839.5,19511.6,18847,16236.4,21671.4,18149,16561.9,17608.2,18102.5,17378.4,18210.6,18033,16482.4,18422,19576.9,18005.5,16933.6,22390.6,17058.8,19925.2,22737.2,18795.9,18906.9,22446.3,18789.8,20932.2,21767,23171.1,22153.1,18344.5,17193.1,17567,22961.6,17299.2,23002.9,22962.5,19980.7,22831.3,18353.4,18067.8,21546.3,22135.7,22971.1,17122.4,20937.9,23056.7,18397.8,22219.4,18927.8,18792.5,18815.5,19418.9,17043.4,23188.3,21743.1,23298.7,17795.8,23238.2,17049.4,21422.8,17914.1,21713.8,23080.8,20810.7,18837.9,17709.7,19620.1,22460,21835.1,21180.4,18394.1,19299.5,20950,17672.5,23020.6,18015.4,18480.9,20931.8,18836.4,19449.9,18792.4,21473.1,19996.4,16930.2,17601.9,20202.2,18926.3,17140.4,21832.1,19293.2,18343.8,21845.6,16981.7,19356.5,19630.7,17716.9,16691.2,21155.6,20773,18084.7,20384.2,19468.8,18258.2,17638.3,17310.3,17180.8,20003.6,21967.8,17617,17168.6,22428.5,21807.5,17087.6,22259.5,16649.6,16121.8,18641.5,21056.7,22039,20289,17009.4,18751.5,19456,17362.3,16578,22621.9,22142,16496.3,18511.3,17085.4,21277.7,18452,21920,22483.7,22211.7,17674.1,15884.2,16428.4,21216.3,19134.4,21900.5,18246.4,18899.2,22135.4,20772.2,21167.7,21716.2,18094.4,22222,16582.5,22280.1,18917.7,18809,22634.3,20410.3,20547.9,18282.3,19921.7,16583.6,19920,21235.5,16738.5,22734.3,22888.2,17172.3,20622.9,21406.7,22796.9,23658.9,22686.3,22674.2,17750,23065.6,23225.4,22056.1,21761,18654.1,19062.1,22113.4,20561,18841.5,22027,24093.4,20073.2,20479.2,22611.9,20238.8,23140,20802.7,23577.9,22241.6,21496.8,23799.9,19201,24858.6,25432.1,19416,19548.5,19022.8,23025.8,20163.1,23065.2,18371.9,18500.3,24806.8,21694.6,18642.1,22841.1,24516.5,20225.6,23342.8,22690.8,18410.3,24398.8,22143.6,22436.4,21450.2,19671.6,18613.1,24790.4,19841.4,19322.7,22147.9,21792.4,21027.1,21676.3,21735.1,24258.5,21102.9,24942.6,25321.7,22514.2,23954,29171.9,32418.6
34315,28463.8,24045.7,23302.4,20135.4,22872.9,21055.7,22724.2,18007.3,21558.4,18290.6,17362.5,20376.2,20541,17114.7,21320.1,18635,18205,18395.6,22028.5,16677.7,21310.9,20755.6,22320.4,19080.1,19467,21588,18306.9,21748.6,21881.6,21075.8,18163.6,18603.4,22650.2,21879.3,22016.3,19518.3,17500.7,21556.3,17593.2,18832,21498.3,19267.7,19525.7,20137.1,22150.3,21627.6,17915.2,18309.9,21556.5,21056.9,18593.1,21487.2,20956.7,18540,22588.1,21891.9,17985,20484.8,21069,21884.5,17825,21458.6,19599.5,21616.4,16905.3,21631,16314,20519,17722.1,22666.4,17935.3,18326.2,19962.5,19666.1,22541.4,17704.3,19289.6,21773.9,21069.2,19244.2,16664.3,22621.8,22241.5,17331.1,21406.3,16532.5,18187,20584.8,21300,19335.4,19539.7,19458.9,22117.2,17146.7,21916,17618.3,15287.1,20502.8,20895.2,17782.1,19661.2,19757,16573.9,17734.5,17022.2,16558.3,21365,18999.9,17601.2,20727.8,18775.9,20766,17335.6,21481.5,16712.1,22486.2,20800.8,19046.1,22365.6,22449.6,20113,21306.9,19589.3,20137.7,17869.4,20016.6,21471.8,19446.2,21533.2,22661.3,20129,17000.9,21603.4,21209.7,18710.3,19661.6,22075.2,20610.7,16188.4,17492.5,20830.5,17715.7,19850,21567.2,20222.3,22061.5,19011.7,21697.3,17618.2,20966.1,17231.8,19479.9,17022.2,17642.2,21808.8,19737.2,21114.3,16371.2,16598.4,21893.7,18669.7,20380.8,19296,18322.6,18338.5,20850.1,17058.1,21876.4,22348.1,17733.2,22803.2,17353.2,19533,19744.4,23409.2,21125.8,22768.9,19910.7,18434.6,17053.1,22074,17479.7,21414.9,21519.2,22698.2,17734.3,18431.3,21497.3,18565.2,20810.9,22533.2,22697.8,19040,16619.6,20285.1,21705.8,18403.6,17842.7,21098.7,22005.2,22252.8,20286.5,20363.6,20369.4,18898.4,21456.9,23386.9,20971.8,22580.5,17882.5,18987,17863.1,17517.7,23502.4,18897.6,23766.6,22877.5,23247.7,21520.8,23144,21381.7,22244.7,21237.1,17037,20830.4,20828.5,17043.2,17812,18462.6,18807.7,18621.9,17469.3,18369.5,17417.1,16784.3,18504.7,18581.8,17715.4,22434.5,20144.3,17908.9,17185.4,22663.3,19588,19218.9,21049.8,22321.5,19843.7,16961.3,20697.3,21845.8,18022.9,17848.7,16712,16682.3,19874.7,17697,18823.6,19792.9,22317.9,18172.2,21525.3,18858.2,19589.8,21432,17124.4,18442.7,19886.4,19717.7,16722,17080.9,18792.5,16263.1,16543.7,20895,17477.1,19604.8,21588.6,21840.4,22720.8,22024.7,22903.3,21432.7,19283.9,19729.7,21245.8,19758.3,16751.4,17682.1,17496.5,20165.8,22106,22982.3,22390.8,19602.1,18276.7,19890.5,16616.2,22558.3,19580,19434.6,21713.7,17537.7,17257.9,19354.5,18214.6,19604.2,19677.5,17303,22404.6,21732.1,22476,21193.2,20241.3,17593.8,19117,22880.1,23604.8,20187.2,19899.3,22013.8,19653.5,22489,23314.4,21202.1,21632.3,20745.3,19290.2,22625.4,20668.7,19912.5,19260.5,23629.8,25013,23739.6,24496.6,23028.6,20537.1,18474.7,24798.2,21582,22684,23293.7,22305.1,22092.3,24704.3,24497.9,23886.1,21552.8,18305,18924.3,19272.7,21709.1,22216.7,21389.7,23900.5,18886.8,24424.7,19568.6,24545.3,24340.5,23422.2,21887.2,22501,23895.1,18761.7,25194.7,24562.4,23313,20771.5,25592.6,23150,20176.9,19061.4,23077.6,22292.9,19157.5,20331.6,24023.8,26990.8,25161.1,27200.9,36744.2
34325.6,26064.1,23201.1,24661,19816,21195,19815.1,17879.9,19139,21179.9,20290.2,20674.5,20518.6,18526,16949,17459,21932.6,17556.5,19991.5,19421.9,17582.8,19670.4,21857.3,18401.9,16722.8,20149.4,20613,16641.1,18511.1,20918.6,20661.5,22321.7,19808.6,19956.2,21946.4,22190.7,16976.1,17460.1,16999.6,20546.6,21672.4,21706.2,16851.3,18505.9,18143.6,18192.3,17340.5,16360.9,20136.2,17557.8,18657.7,18563.7,21508.4,21376.6,19305.9,17827.3,22496.2,19264.6,20339.5,21741.5,22416.7,22162.1,20512.8,21551.8,18791.7,20043,16686.3,20492,16884.2,17172.6,18103.8,18939.4,16966.5,21111.3,22724.4,21240.3,21660.5,16806.9,17080.6,19997.4,21527.8,17719.7,22297.3,17301.2,22203.4,17002.9,22013.7,21683.9,18412.3,18200.3,21928.1,20759,21077.5,16408.8,18534,20769.7,19778.9,16962,19502.1,18517.6,18405.6,17811.1,16307.6,19358.8,16370.3,16531.6,17387,17625.8,22035.7,16979.1,21004.1,20255.5,20033.8,21006.3,18089.6,15764.1,16165.8,20818.7,20997.2,17597.9,18847.6,22054.2,16280.7,18561.7,16620.7,20324.6,17612.1,22260.1,17410.9,22524.7,23426.9,23406.9,16981.3,19119.1,22958.2,16689.3,20885.5,21726.7,18545,16995.1,20329.6,16886.4,21990.8,16941.3,20046.4,19830.9,18144.3,19593.8,21785.6,22127.8,20522.4,21409.1,21334.6,18804.6,15839.4,17879.1,17919.8,19070.7,16599.1,21765.2,19734.5,20438.4,16183.9,19103.1,20575.4,20742.2,20680.3,17454,22996.8,21498.3,23451.1,20892.9,22746,20327,19502.6,22896.1,23041.6,21970.1,17432.8,23031,17145,22896.1,20578,23205.6,21918.1,18643.3,18308.1,17809.7,19686.9,22122.2,20264.5,20215.6,22755.7,22201.7,22975.6,17157.1,18161.3,20530.6,18849.3,21306.1,18078,17340,18823.5,22561.9,20931.1,22427.1,17970.5,18609.1,21516.4,20070.6,22053.1,20933,23223,19470.7,17238.1,20017.7,22963.2,22354.1,20049.1,18107.8,18485.7,20416.8,22599.7,17966.4,17928,17425,23055.5,20077.3,20728.8,19331.7,20616.7,22353,21618.9,21067.7,17874.9,19957.1,21687.1,22171.1,20729.1,17045.7,22049.3,20086.9,19843.1,20199.2,20299.1,17693.2,17457.7,16996,19217.4,21733.1,16890.4,19478,21343.6,16343.2,19351.2,18633,18589.8,22082.5,16270.4,17333,16146.6,19127.1,21957.3,20991.7,17180.5,20656.6,19131.2,17310.8,20016.2,16627.8,22869.5,20062.8,22195.6,18503.1,18035.2,18865.5,17651.7,19478.3,22570.9,19244.3,20527.9,18847.7,22512.1,17309.3,22215.6,19226.7,19746,22410.7,21369.3,16849.3,22183.1,17744.7,19671.5,20376.4,19792.2,21427.7,19109.7,18543,18105.9,20008,19077.4,20287.3,19872.1,22626,22554,17737.9,17917.2,20091.2,21201.1,20687.3,18979.6,23015.7,20860.3,18829.8,19843.8,23371.8,20297.5,21454,18142.7,23641.7,20797.8,22418.9,19945.4,18084.2,22210.4,21296.8,18279.2,19654.3,21798.3,20015.3,21522.3,20012.4,23192.4,20555.8,23293.8,19321.7,24509.8,19587.9,24143.5,22861.5,19613.6,18593.7,25169.9,19247,22159.2,20762.6,21144.7,21612.5,24420.4,19659.4,23517.7,20148.4,23184.8,22322.1,20130.8,23450.5,18863.4,24454,20116.3,20561.2,17988.7,24225.8,23675.2,24312.1,20271.4,19047.3,20332.6,21734,22988.7,23051.5,20757.8,23747.3,21948,24851.2,20408.4,24455.5,22824.1,21836.9,23348.8,25625.4,23108.1,25985.9,27966.6,34304.5
36625.8,31073.6,28677.4,25364.7,20738.4,23932.4,22826.5,22596.7,22219,17471.7,20116.2,20135.4,18068,21471.5,22989,18051.8,21029.4,17795.2,21961.2,22480.9,18578.4,22468.8,22732.1,19530.6,20534.8,17298.2,21322.6,17111.5,17316.4,17353.9,17868.8,19574.8,22727.7,17959.6,20805.5,17888.6,18318.7,20075.4,16930.1,16204.9,19186.9,19400.5,20646.2,22080.7,21549.7,18292,18309.3,17524.7,18685.2,17411.9,19220.1,18457.3,21750.7,21685.9,17270.2,16535.2,20443.9,22345.4,21420,21585,18498.8,19536.5,22111.8,22199.5,17031.4,16618,16883,19470.5,17151,20418.5,17284.4,20575.8,17861.8,17377.2,17640.8,18914.2,17143.4,18871.7,17411.5,21102.7,19188.1,16604,18582.1,20887.3,16364.1,19000.3,19139.7,16749.7,22513.6,22616.2,16442.2,18303.2,19160.1,20955.5,16320.5,20486.3,20619.8,20507.7,21763.3,20338,16122.5,18648.6,20078.5,20378.7,21800.1,20912,21174.2,17796.6,21573.5,21336.8,19487.4,18491,18520.7,21326,20507.2,19493.4,21001.3,21051.9,16307.7,17022.6,21724.2,17954.6,20153,22488.8,19441.9,17531.3,21699,22219.6,19899.9,17966.5,19241,19098.7,18254.9,17472.8,17274.7,21602.1,16553.5,16247.9,20535.3,21123.8,17988.1,21480,19907.8,21072,18308.8,15806.8,17159.6,20943.1,20469.9,16702.9,21944.8,22020.8,21460.3,19416.4,16671.6,18480.9,16476.9,17272.9,18946.6,17048.1,21115.8,21583,18963.4,19407.1,21785.9,21822.9,21595.8,20637.6,20462.8,23183,21375.1,21186.4,18100.5,18590.9,19356.1,20253.8,19958.7,23087.2,19714.6,18492.6,17260,21200,21767.2,17287.2,22310,21177.1,17698.3,18634.9,22410.7,17896,19795.2,21155.9,16753.4,22928.8,18511.4,17057.7,22647.3,21476.3,18965.2,18957.7,20680.2,21705.8,16785.9,21288.9,21097.5,21055.6,17880.9,21277.7,19426.2,22723.4,20754.5,20685.7,21711.9,20298.1,22003.4,23049.3,17791.1,23499.2,20082.7,21612,20911.2,18478.2,18518.5,18239.3,22243.9,22897.6,22999.7,22920.8,18312.7,17483.4,18347.2,17876.6,17660.1,17405,22438.1,21958.9,16981.7,18148.6,16991.1,19056.4,18212.8,22531.2,18093.8,17939.1,16370,17320,22730.3,19172.1,22642,16926.8,18391.4,18048.3,19672.8,17158.6,19021.3,21799.7,18674.7,20279.3,22719.2,16807.3,21255.6,20209.8,21551.7,22734.8,21102.3,20541.2,22956.4,21228.2,22902.6,18967.1,21374.2,23119.5,17238.7,17812.3,16838.5,16200.8,16568,20387.5,16361.9,17811.4,17752.7,20176.7,17407.9,20025.3,20255.3,18160.1,17200.1,22259.3,19703.1,21333.7,22788.8,18498.6,20971,21389.5,16848.3,16334.7,16945.3,18494.7,20153.9,17472.7,20013.1,20780.8,21893.5,22428.1,21612.9,18216.7,21771.5,18590.8,22766.4,19276.6,22138.6,22792.8,21282.6,23144,17282.5,18134.2,22438.1,18558,20848.4,23221.5,19513.2,17910.5,19977.1,21955.1,21410.8,18153,18045.6,23500.4,23443.9,21551.9,20034.4,24497.9,18801,19451,21474.3,22384.7,18335.1,18997.9,24874.7,24637.3,20270.6,21826.6,19368.9,22992.3,24443.4,24284.5,20677.2,22445.2,24724.7,21908,23247.6,21949.3,24109.2,21396.8,23789,21504.1,19610.4,18759.9,22194.3,22215,22745.7,22782.3,17814.8,19348.8,22481.1,24763.5,23359,23145.9,24019.4,24817,23652.9,20261.6,22953.3,21445.7,19057.2,21279.6,21880.3,22253.8,21572,23842.2,21834.8,27559.2,27872.8,36258.2
36199.3,26489.5,26813.4,23439.3,19645.7,24380.7,24412.6,21688.5,20393.7,20117,19152.3,23430.2,18943,17267.4,22366.5,17282.9,19032.4,16885.2,21841.9,21841.3,21254,16983,22718.8,21852.9,16727.7,19566.6,18539.8,21597.3,16986.3,20179.2,22434.3,19536.8,18900.4,17912.7,20842.7,21193.8,17475.7,21490.1,20266.3,19429.7,19277.8,19091.7,21422.2,17792.6,21153.4,16961.5,17341.8,21192.9,16302.6,17813.1,18411,18450.4,21888,17171.2,17004,20037.9,18868.2,16693.1,18626,20362.9,19090.4,20417.9,21667.7,22389.7,20274.7,19428.6,17053.5,21944.8,22065.8,19295.2,18064,17040.9,16559.3,18376.2,18120.5,17702.9,16958.8,20129.7,17179.2,17840.4,16467.3,19152.9,17428,18067.3,17203.5,21098.3,17736.6,18854.5,19559.5,16188,22521.4,19862.9,18213.1,20514.5,15808.8,20630.6,21478,17891,18607.8,18418.9,15256.9,19966.1,19826,15812.8,20810.2,17447.5,20174,16645.9,20690.3,19315.4,16428.5,15210.2,18643.3,21256.7,20598.9,21917.6,18357.1,21713.8,19781.1,19379.4,18694.4,22212.6,20050.1,18611.1,19335.8,17518.3,20322.5,17519.1,17219.4,20167.7,20929.1,17652.3,21133.4,22877.5,23234.1,22391.5,19303,20248.3,18938.4,19284.6,19184.2,20557.4,20135.5,18936,21395.4,18378.7,18074.2,18679.3,18089.7,22362.3,19153.2,17211.3,21268.4,16325.8,20077.5,21071.2,22086.1,19888,16498,21199.2,22048.8,21405.2,18653.1,21655.2,21220.5,16411.7,18195,19934.9,18444.5,20305.4,21501.3,21552.1,21798.2,23113.8,20877.7,20259,23181.3,20444.6,17457.5,21117.3,22516.1,20054.6,19525.9,23416.6,19272,20915,18726.5,18750.8,20918.5,22440.7,22039.8,22936.9,17324.1,20186.1,17250.7,17372.8,19905.1,21267.7,22027.2,18493,21420,19250.3,18244,21547.2,17496.8,19055.3,16946.4,22268.5,17865.6,19703.8,24433.9,19865.1,19278.3,18862.3,22573.9,20412.7,21861,18876.2,17372.5,22657.9,22942.1,17493.9,17142.6,20075.5,22478.7,21221.3,19090.7,18430.1,17898.7,18952.7,21882.7,19719.2,23208.1,22868.8,20521,21460.7,19285,19741.1,20580.4,18285.9,18937.1,22962.6,19550,17920.4,21969.2,16852.8,19697.1,22084.4,18998.6,21227.2,17311.6,22122.7,19788.6,17034.6,19663.2,17273.3,16369.5,21464.8,18528.4,22067.1,21568,18406.2,18306.2,17177.1,22554.9,21422.7,22655.8,21966.8,20630.5,23096.1,19907.2,19026.9,18393.5,20443.1,22195,19471.8,18005.3,20270.7,19410.7,20048.5,20294.8,18380.9,19098.2,16602.7,21776.8,19938.3,22139.8,19489.2,19929.5,20100.2,19016.1,17307.1,22361.6,20806.6,20252.9,17199.4,21213.8,17652.8,22502.9,21886.9,22506.3,16804.3,16980.6,20776.8,22053.2,18325.6,22243.1,19985.4,17904.2,19179.3,22450.8,21530,18283.2,23424.5,22839.1,22091.3,23331.2,20170,22350.4,21098.5,20717.4,19182,22206.9,20113.1,23614.2,24222.8,21245.3,20614,19537.7,23768.2,20876.1,18486.8,24559.2,24502.1,18705.3,23176.4,19597.5,23544.4,18800.6,24688.4,24860.8,19004.2,20103.9,23411.9,21212.3,25100.1,24964.6,20198.7,24860.7,21771.1,24602.7,24618,19459,23148,23651.4,21102.3,24770.3,18668.9,23572.7,18665.9,24599.6,21758.6,24136.7,20648.3,21110.8,21589.7,19076.7,18542.4,22392.9,24288.9,25081.8,24165.3,19401.3,24871.7,21948.2,21718.7,22936.2,24036.1,24620.1,20177.7,22098.3,24878.8,28023,30500.6
30938.9,31370.8,25728.9,27343.4,22482.9,19610,22621.6,21724.3,20503.7,18342.7,17148.1,17542.6,17793.1,21744.5,22071.2,17931.3,19591.5,20068.4,18581.3,23299.1,19874.1,19842.7,20545,19753.9,22531.8,21333.4,18805.3,21618,22982,17198.9,18317.3,17200.6,20312,22534.9,20631.3,21215.3,19837.9,21451.5,21791.8,21881.2,18318.1,16571.9,16343.1,16343.3,22227.3,19055.6,18430.4,16853.7,20470.9,22444.9,17250.5,17807,20629.8,18410.3,16458.5,17509.5,19637.6,20796.2,16497.9,21224,16220.5,21969.6,19919.9,17046.2,18498,18609.4,20787.9,18819.2,20022.9,22117,17942,19438.1,16248.4,22254.3,19570.8,16862.5,19017,17356.6,16643.2,18882.6,17808.4,20071.3,19122.1,22115.7,21247.5,22475.1,18809.8,16631.1,16319.6,18131.1,16701.6,19710.6,16390.8,20222.9,21089.4,16675.2,16502.9,17438.9,20462,20648.6,17027,18051.5,18093.8,16081.2,15227.4,21112.8,15501.3,17037.6,21774,19359.7,21440.6,15882.7,16932,17010.8,15804.9,16162.5,21454.6,18806.2,20470,19299.7,18450.4,19913.4,17950.9,20556,20671.4,19586.1,19803,20758,16581.3,18972.9,22518.4,21455,22872.9,18412.4,18959,19460.5,19032.9,20349,17121.6,16389.6,17832.2,17223.2,20053.9,21403.5,17105.2,20691.5,16202.5,17174.5,21509.9,21645.6,16676.8,22230.1,20230.9,21665.2,20226.9,16484.1,21947.7,21818.1,18814.7,20547.9,19568,19486.1,20560.5,22091.8,16430.6,16686,16159.1,17205.6,17660,19524,20739.8,22957.5,22645.4,20492.8,17430.1,19485.7,19109,21843.8,22828.4,22051.8,17133.9,17980.9,16937.4,23242.2,23304.1,22078.5,18767.9,22447.1,22714.1,20246.4,19232.7,22794.9,21887,19381.7,21334.2,18289,18291.7,17433.7,18135.8,22154.1,18876.6,18117.4,19597.2,19338.9,20631.8,19179.1,17692.3,22592.1,18894.4,18611.9,20851.8,22984.3,23923.7,23055.2,20615.5,19937.7,17806.4,19198.7,20763.2,18700.5,18070.1,23262.8,17517.9,17694.1,21104.1,16985.1,17881,20293.1,20090.8,19156.8,22485.5,23413.1,17329.4,22861,21455.2,21456.3,18966.1,21619,16737,22786.9,20385.7,21363,17254.9,16751.8,18923.8,22582.1,19015.7,18741.4,21280.8,22469.3,20160.2,18765,20499.8,21269.2,21406.6,16538,19670.2,17977.8,21108,17194.5,15848.9,20135.3,20895.8,18338.2,20563.3,21080.5,21211,18080.6,17689.7,17154.5,18268.2,22583.4,18413.4,19352.2,19285.7,19282.5,22337.9,17115.7,16094.3,18383.9,21164.1,19083.4,19570.9,21851.6,22620.8,22594.1,16580.3,19025.8,21396.8,18310,18717.4,17129.2,16818.2,16750.9,18037.5,21435.4,22794.1,22235.7,16559.9,19827.4,17350.8,21432.9,20539.9,18778.4,19673.6,17110.1,20052.2,17674.3,17684.7,18492.3,19530.4,18148.3,19135.1,16920.1,22785.1,21496.5,17395.8,19964.3,19757,17704.9,21854.4,18423.5,18289.9,18984,20021.7,18020,20370.1,21222.9,24058,18950,21740.5,24543.9,18695.7,19227.8,18809.2,25156.5,25297.4,21927.5,24635.8,19150.6,19318.1,23121.8,19209.7,22007.4,25247.5,20329.8,20763.4,24611.1,23676.4,23088.2,22373,23415.9,21379,21374.1,23360,22598,24929.2,23975.2,19630.4,18371.7,20997.2,23423.8,23057.2,21970.7,18081.3,18885.5,22041.6,21989.7,19448.9,23701.1,21344.2,19973.7,18767,21131.2,22997.9,20460,22047.8,21409.1,19948.1,23402.2,27433.6,27911.6,26950.2,34166.7
36543.7,31828.5,24155.5,21224.5,25658.4,19751.6,20449.4,18253.1,23500.8,23480.4,22626.4,21014,22358.9,22557.3,21651.9,20868.1,19562,21592.3,18256.5,18590.7,16984.6,16903.6,21256.2,17428.8,17941.5,20587.3,19917,20122.1,21038.7,21717.1,23039.8,19668.5,22717.1,19827.2,21872.3,19083.3,22923.5,22666.6,18194.8,21906.5,17973.1,17914.3,16857,18521.9,17556.2,16196,16675.1,16438.6,20140.9,21199.9,20640.2,21157.9,17220.7,18076.6,21132,17149.5,18344.2,18828.6,22145.5,21181.4,21917.1,20119.2,22481.3,21259.4,18710.5,20317.6,18853.5,17915.9,16511.7,20703,21853.5,17223.1,18476.5,22294.5,19753.2,20428.1,21784.8,21865.7,19124.8,21901.4,22457.9,21323.3,17525.3,18422,18477.5,16927.2,17065.1,19573.4,18959.1,21990.5,18951.7,20692.7,20629.1,16518.7,20326.9,19465,21806.1,21911.6,17604.3,18581.2,21184.1,20382.1,17410,20961.5,17221.3,19462.5,18703.4,18453.7,21750,18484.5,15246.7,18713.7,19167.8,16355.7,22037.4,17689.7,19884.4,20179.9,18824.1,19877.5,22295.6,17717.5,21778.1,17505,19756.7,20457.2,16519.8,18923.8,20355.7,16838.5,20702.3,18328.5,20268.8,20796.9,18863.6,20601.5,22146.6,21303.6,21196,20694.2,16522.7,17155.8,21958.1,16745.1,19793.3,20089.1,19653.5,17674.1,19254.9,17569.9,16295.6,17498.1,20718.1,18858.4,17333,21972.6,21151.4,16274.8,21789.4,16445.3,16349.3,20034.9,21762.9,19575.1,21283.8,17502.7,21273.6,22382.4,17881.8,22044.6,22361.8,21676.5,19590.3,17222.6,20849.3,21870.7,22616.2,20589.1,21562.2,22941.9,19488,22952.6,20757.4,17506.1,19064.3,18348.2,18302.9,18113.9,19019.2,22456,17904.9,20310.3,19372.3,16803.3,17327.3,21646.3,22828.4,16823.1,22425,17900.4,17899.5,22638.3,18125.1,22482.9,21137.2,21580.9,19245.7,22692.5,23824.1,21034.2,20473.6,21420.7,20987.5,18182.6,19513.3,18853.9,19252,22216.4,17698.8,19196.5,18757.1,20209.9,20487.8,20760.2,22460.1,20298.8,18486.9,22882.6,18561.6,17070.7,20425.9,22689.6,16942.6,22771.4,19481,19928.4,22827.1,21345.6,20462,20304.5,20564,21217.2,22532.4,21905.6,16936.2,22886.1,21637.4,18867.1,22627.2,22956.8,22378.6,18474.9,18774.4,22269.3,22919.4,17276.1,16944.6,22234.7,19061.6,18446.8,16747.1,18983.3,18511.5,21960.6,21987.4,16725.5,23193.6,21356.1,18812.3,22411.6,17081.8,21300.6,17965.2,22302.4,18751.2,19169.5,17040.7,22844.6,19133.7,22904.4,17151.1,16586.7,18550.1,19772.5,16732.6,16212.5,17704.5,22592.7,21109,19127,17002.1,19162.6,21127.5,20949.7,20902.1,17708.4,20509.5,16755.4,16469.3,20450.8,20521.5,17690.7,22755.1,21366.6,18188,20328.4,19959.7,22208.9,18797,21503.6,17548.1,21167.2,20459.1,19750.2,20104.3,19221.3,18424.1,23126.9,23734.8,20347.6,23110.3,24139.3,22977.2,23847.7,20094.6,24441.7,23336.9,18802.7,24423.1,21929.2,21739.4,18549.5,20137.5,24129.9,21282.8,25290.1,22046.6,21678.4,20444.4,21191.7,24043.4,23865,24331.1,23099.3,23998.8,19275.6,18798.8,19501.9,25035.5,21636.2,23636.9,19442.1,20724.3,20161.3,18814.5,21532.1,20946.6,19964.4,22739,20966.8,21666.9,22844,22221.5,18239.6,23074.8,23031,24399.6,24387.2,22524.5,23122.7,24310.7,20146.9,21024.5,23002.5,23595.9,21626.2,20660.6,23222.4,24539,22909.6,22301.6,23986.2,28117.8,33467
37000.6,31616.1,25589.5,25192.1,23133.7,22013.8,23628,23908.8,18182.2,17774.1,23729.6,18973.6,19441.5,19587.9,21388.1,21745.1,18517.7,18967.1,21179.4,17294.1,22255.6,18711.6,20749.5,17603.6,18780.3,20261.9,22814.3,17646.5,20370.9,17850.1,20604.1,19350.7,21125.3,18970.7,22404.1,17507.3,20844.4,18771.4,20158.7,20243,18152.2,20324.7,22426.8,16486.5,16631.7,18293.7,19931.6,18052.4,19159.6,19617.6,18191.8,17023.7,18837.7,16291.4,21881.5,17174.1,18335,19790.6,21352.5,16254.4,21265.1,20325.1,17692.8,22446.2,20773.8,16424.3,18884.8,18180.3,19167.7,20535.1,19258.7,17760,19282,18963,16480.3,19348.3,20004.5,19342.4,16875.5,18501.3,19482.2,17017,20201.5,21393.4,17632.3,18831.3,18760,18858.5,21798.3,22234.6,20337.6,18530.1,17391.4,17224.5,17486.2,16202.7,17020.9,17628,15347.7,20208.2,18182.2,20729.8,17133.3,16448.4,19087.7,16014.7,21303.3,19867.1,16709.5,20120.1,17756.4,15655.2,20844.5,19810.3,18414.4,20634,15843.3,20723.4,19737.1,20996.8,22484.8,16218.5,18141.3,20741.2,18500.8,17772.2,20359.6,16744.1,22887.4,23206.5,21828,23422.5,17600.8,20403.5,19240.4,22544.7,17209.6,21238.9,16403,21320.4,17639.4,16874.6,18253.7,19655.7,20065.8,15852.2,18115.2,20518,18219.7,17451,17852,19500.3,20561.4,19760.7,18067.5,20676.4,16913.8,20007.8,19795.1,19479.5,22338.1,16793.3,16659.2,18021.7,17231.8,16250.1,16121.3,19162,21869.2,22193.3,18439,17319.8,19198.8,18331.5,19494.6,19202.1,21226.9,19831.9,23556.5,23545.9,21691.2,18789.8,21637.7,17304.1,18912.3,21516.6,17640.4,21060.1,20434.1,20278,17911.7,19164.1,20207.3,19400.6,19307.1,17544.1,18116.3,22373.6,21140,17076.6,17669.8,19414.4,20872.6,18109,17129.1,20780,17349.1,20937.5,21322.4,22051.2,22904.2,20069.6,19601.6,22650.6,19978.9,22027.2,23295.6,20219,23745.7,17449.5,21097,20231.8,19767,19654.8,22496.4,18321,21899.6,17863.6,23331.2,18127.3,22735.5,19183.5,22322.6,21018.9,19590.8,21123.1,16758.8,16664.2,21272.7,19090.2,19401.6,19776.2,21933.2,22931.2,22457.5,22990.9,22262.6,22060.7,23029.7,18350.5,20274.1,22897.5,19696.2,17543,19906.4,21826.6,22151.2,17271.1,17374.1,21151.3,20922.8,20525,16050.7,16564.3,22624.1,22549.4,21748,18216.1,17865.3,20843.1,17245.9,17155.6,21515.8,17520.5,19266.2,22461.9,20496.3,19519.8,20897.2,20155.2,20723.4,18993,22182.6,16597.4,19303.2,21646.7,17799.3,16214.7,21414.7,19915.4,16607.4,20575.3,19929,20681.6,16472.7,21972.8,18045.2,17948.8,16784.3,22359.7,20873.1,20059.5,17353.1,22884.8,22870.3,18770.5,17899.7,20809.4,20439.6,21856.2,17739.1,22437,20436.8,20496.7,20716.6,19388.8,23035.4,21112.3,22732.4,21582.7,20009.2,20485.6,19922.2,19218.5,21388.5,18822.1,18115.7,19998.7,20449.5,19049.4,19444,19341.9,23703.8,21994.3,18222.4,22477.6,24941.2,23432.1,22158.3,21641.9,24080.6,25257.7,19744.7,23802.8,23219.4,24750.3,20852.8,24306.3,23145.5,19838.6,20082.4,19401.9,24367,24748.9,23065.7,20741.4,20782.7,19689.9,24091.2,24722.2,20266.8,21232.4,24557.1,22408,21198,22530.3,20842.6,23345.4,20814.2,23363.5,21486.1,20388.7,25080.6,24748,19699,21708.1,23510.4,21155.6,20162.3,21275.7,21047.5,28266.2,32001.7,35574
35394.3,27711.5,28305.8,25563.4,23194,19633.9,22141.8,18689.5,17625.3,20147.6,17733.5,17202.9,20906.8,20412.1,18377.7,18612.1,17247.2,20377.2,17890.3,21481.9,18617.6,20472.1,21175.3,18183.2,22553.7,19822.1,21230.5,21032.5,18224.1,20830.8,17066.5,23104.8,18329.8,18984.3,19299.4,17572.2,20298.4,22738.7,21662.5,20340,16410.5,21763.3,18814.1,17660.6,21584.3,19913,18701.7,18946.1,21384,16271.1,21558.2,20435.1,20183.6,22621.6,20922.8,19213.9,17096.1,20075.3,19938.5,16355.4,17564.9,20263,19254.1,17154.3,18150.6,18437.8,19012.8,19993.1,20745.1,19895.9,20734,17135.4,17440.8,22729.5,17811.6,20822.8,22311.5,18360.6,20411.8,19243,18024.9,18012.5,17898.1,21472.5,19894.7,17593.3,16297.3,18727.5,21618.8,19443.1,18240.3,17403.1,22513.3,19636.4,21393.1,22524.5,22547,16791.8,17998.9,18375.6,16998,15587.3,21274.2,17766,15434.5,21536.3,18538.9,17814.8,18532.9,20345.8,20046.4,16445.4,17074.6,20435.1,16298.2,21504.1,18863.1,17365.2,20252.6,21642.5,20634.9,18081.4,19727,22744.9,17753.4,20305.6,22274.3,17462.3,22033.1,22288.6,20049,17780.5,23152.8,18642.2,20475.3,18239.8,20289.8,18554.6,18231.2,20005.9,17134.5,21554.1,21453.4,22311.8,20088,18464.5,18263,21562.2,19519.2,17469.2,16691.2,17266.9,21228.5,22450.5,15834.1,18620.1,21910.6,18426.3,18520.3,18278.8,16433.7,18685.4,21371.6,19925.1,22345.9,17373.4,16834.9,21894.9,19199.5,20235.4,17501.2,20197.6,18065.3,21941.1,23528.7,22920.8,19342.8,23274.3,18346.3,20821.9,18217.2,21856,19453.6,17646.7,17892.3,17785.8,20240.6,19272.8,19956.8,22607.2,21960.3,18710.5,19252.5,22356.3,19641.1,22846.2,21643.2,19691.9,21553.9,22303.4,22671.2,22647.3,19502.3,22816,22247.8,22039,22630.7,16930.5,18100.5,21091.3,23031.6,20818.2,23489.5,20898.7,21159.8,22894.9,18256.3,18549.5,17829.7,17853,17859.3,20045.9,17199.2,22356.2,17623.8,21096,22083.9,17814.1,19990.7,22776.7,18406.9,21504,18281.1,17426.3,20144.8,16823.7,19000.9,22850.7,21603.5,16979.7,18078.5,22362.7,17914.7,22011.8,21956.6,17441.9,20968.4,19932.7,17940.5,18397.7,21779.5,18452.7,21309.2,18045,20496.1,19354.7,17812.3,19598.3,18124.3,16503,21973.9,17508.9,18707.3,20924.7,21046,21160.2,19672.9,17544.1,17123.7,23424.3,22601.8,22031.1,17453.6,17528.9,21660.5,21698.5,19403.8,19836.6,22283.9,16425.2,20491.2,19303.5,22340.3,19941.5,16828.1,21216.1,20429.1,21010,18131.6,17253.9,21540.3,17131.4,21332.9,23013.2,21773,17218.9,20424.3,21940,19035.3,16572.7,16118.2,22150,19604.7,18346.1,16840.8,19018.4,21751.6,19292.5,20459.5,20265.8,20909.4,23119.7,20868.6,17388.6,20300.2,23130.9,23146.6,20954.3,20087,20646.2,20497,18205.4,23603.4,20606.2,24404.7,23687.5,19180,22896.3,19386.8,24687.8,24334.1,22866,18394,21107.1,24447.7,23157.8,20934.1,24973.7,21602.6,22121.1,24581.6,23345.2,20062.3,19692.3,23594.6,23347.3,22860,22554.3,20239.8,22830.4,25108.7,21796.4,19605.3,19895.5,21630.9,21927.8,22340.3,21002.2,24063.7,21821.6,21698.1,21022.5,24097.5,19172.1,20038.4,19994.8,21272.3,21154.3,19140.8,24953.7,20498.3,19419.2,19313,21913.2,22399.4,20674.8,20819.3,21452.1,20097.5,24292.2,23120.5,27890.1,32146.5,36218.8
31424.1,28084.6,24109.4,24452,25507.2,19214.9,21950.6,22142.2,20859.6,23147.2,19159.7,20798,18907.4,20543.1,20733.8,18215,23145.8,21326.9,19907.6,19882,17014.3,19925.9,19028,20917.3,17931.3,19852.6,17222.6,17431.3,18820.9,19986.9,19255.5,22794.1,20920.8,20512.3,20170.4,20167.1,20120.2,21769.4,18036.7,21393.2,22379.6,19249.6,19830.3,20523.2,16432.7,17152.1,18582.3,18507.6,18850.7,19303.4,21006.8,20981.8,18803.7,21973.5,17301.4,16291.5,17248.3,22367.3,17533.1,19539.9,22328.4,22303.3,21518.9,20022.8,20566.7,21563.6,17389.4,21635.4,19660,16891.8,20268.3,17293.7,20559.7,22202.2,18988,16921.6,16476.9,22805.8,20150.8,20340.6,20702.6,21633.5,16730.1,22823.3,18680.9,17487.1,21255.4,22215.7,20141.7,16907.2,19993.3,16352.8,19536.1,18264.4,21441.2,20643,22536.5,15987.7,22116.1,15579.1,17288.4,22022.7,21886.6,19191.4,15617.9,21333.1,20549.1,16152.2,20427.9,15855.6,21187.5,21441.8,20840.9,17158,20079.8,20603.6,18915.2,22059.9,16587.7,18956.8,19330.9,20645.5,17238.2,17819,19879,20625.6,19004.4,18742.3,23314,20328.5,17536.7,17599.4,21170.1,23087.4,20562.9,22889.3,20595.8,21953.1,16090.7,17910.3,16240.2,18563.3,22216.4,20995.8,17398,18726.2,18797.8,22197.2,19336.8,22420,21722.1,19957.4,17389,22286,18386.2,18541.3,17942.1,19085.1,18916.1,16535.3,20077.1,16989,18817.6,17165.1,20101.6,20912.7,17152.2,21976,19800.3,19965.4,19419.6,17697,22311.8,22690.9,21101.2,21278.6,23083.1,20680.8,19969,17929.5,21475.2,20338.1,17061.4,19349.2,23209.6,17402.8,19606.6,18625.7,22872.1,22177.2,21488.1,20915.6,21972.8,16969.4,18948.2,22524.7,21409.8,17443.9,19506.3,18461.6,18787.2,18763.4,18555.8,20042,23021.7,21517.4,17442,21652.1,20208.8,19067.9,21724.5,23300.6,23167.4,19133.7,19707.5,21115.3,18164.2,19823.1,20946.1,17821.6,18904,21541.7,22960.7,18328.6,19203.8,21495.5,18975.8,22096,22556,23321.7,20834.7,21855.2,20010.7,22638.1,21036.6,18859.9,22232,19869.7,18843.3,19777.9,21469.2,21244.4,23173.1,19983,19341.9,17042.6,17695.2,17230.8,19795.8,17738,21815,23227.5,18917.1,18026.2,18629.5,18934.7,22763.5,20910.5,21557.6,21119.7,20076.3,19342.3,19265.6,20654.5,20946.7,21722.9,18381.8,20397.1,20415.3,22755.5,19932.4,20488.3,17371.9,22325.2,21891.5,17686.7,18969.5,21179.8,19528.1,22909.2,20524.3,16943.9,22472.4,16848.7,18105.8,21028.2,18723,21631.1,16795.8,17443.1,16599.9,18274.4,17759,17823.7,21993.9,19270.7,21147.9,17768.8,17865.8,22060.3,16808.1,18960.8,18201.3,18864.9,16453.5,17368.2,16345.7,17136.3,21137.3,22788.2,22128.3,19695.4,16727.2,17556.1,18644.2,20177.5,19502.3,19358.8,22187,21375.8,18420.4,20042.2,17514.6,22096,24081.4,19451.6,21849.7,24719.3,21204.8,24436.6,24265,19322.8,23253.9,22269.7,22380.1,23026,23739.6,19632.9,18710.6,19566.7,22734.7,25206.2,24470.8,24996,20088.7,23264,23052.9,21245.9,19109.8,23455.5,24723.3,19049.3,24704.9,23823.4,22728.6,21388.6,21200.1,22104.8,21292.6,20771.4,18570.6,22465.3,18343.2,18983.3,19835.9,19130.5,22830.3,21640.5,22073.8,25312.2,23683.7,22517.8,25065.3,24639.8,24693,21213.7,21401.2,21013.8,20540.8,23298.4,24851,27116.3,32017.4,32099.9
37273.4,28985.1,24917.3,26103.3,24884.2,18740.4,23738.3,23190.1,19127.5,21871.6,21903.8,22132.4,19520.1,20059.4,23095.7,17501.2,21417.2,17821.7,17177.2,19782,22009.4,20788,21953.9,20839.5,22217.7,17022.3,19306.4,18977.4,17875,17270.7,22103.7,17048,21323.1,22524.5,21284.3,18396.2,16984.1,18087.9,19501.9,18314.3,21882.9,17653,17105.8,17988.4,17035.5,20790.8,18346,20871.8,20028.6,18763.4,20620,21542.9,21185.9,22127.7,20244.9,19381.5,16450.5,18325.9,17360.3,19326.1,16587.1,20879.9,19950.2,16683.8,16847.8,16037.8,22076.7,19756.8,17908.7,18861.1,19897.9,16350,22826.8,18648.4,21181.1,17165.4,19451.5,19282.8,21129.2,16726,16928.5,20296,18037.5,16922.8,18138.6,17554.9,21437.2,21314.4,18152.4,22998.9,22547.6,21942.6,20699.4,17366.4,16549.7,21866.4,19479.8,16445,21638.4,18564.4,21526.2,17700.9,19746.6,18687.3,20390.2,19759.6,20317.3,20279.7,19037.8,18747.8,19259.1,18741.6,16129.8,17852.1,18070.5,20792,16397.8,18223.5,17087.4,19400.2,18320.2,21022,21072.8,22566.8,16937.9,19215.4,22895,23163.6,22675.5,18982.3,21124.2,18781.8,23471.5,22037.8,20546.2,20994.7,20933.8,16570.8,16502,20603.2,21526.9,19007.1,20494.4,17912.2,19577.1,21777.8,20760.3,21336.6,19584.1,16006.2,21753.4,19831,21679.1,20709.6,20298.4,18225.8,21198.6,21017.8,18801.1,16716.8,19196.2,18065.9,18783.8,18085,16060,22450.2,17541.6,18127.5,19925.3,21643.3,20979.5,18337.6,21748.9,22502.4,17902.2,23715.8,18559.4,19078.5,19253.6,19031.9,22097.2,19045.6,21476.5,21920.8,19981.5,17447.2,17268.5,22938.6,19255.8,21102.7,22503.4,20362,21002.5,21691.9,16946.2,21815.8,20826.5,17085.9,16878.8,18395.3,21192.1,16895.8,18841.2,19667.1,21695.6,21863.7,22886.6,20611.5,22072.2,20951,18217.8,20930.2,21877,23027.3,18035.8,23566.5,19567.8,20817.6,20392.3,19376.4,17563.2,23091.4,22395.9,21870.3,18343.2,17685.6,19650.4,20908.1,23054,23643.8,16750.6,18237.9,21400.6,18212.5,19278.5,18577.6,17450.4,21272.6,17409.3,21302.4,21551.5,23178.3,22347.5,16791.9,19137.8,16831.5,17427.2,16790.8,22876.5,19600,22985.8,20860.3,22714,19234.7,19546.8,17438.2,17311.3,19240.1,21359.7,21401.9,17774.6,21792.1,22163,17073.1,20860.5,20555.4,22062.5,19585.3,21817.1,22036.2,16747.8,16721.1,23149,19776.6,19682.5,18722.3,18790.2,19514.6,21239.6,22422.4,17332.2,22267.1,21653,16900.3,21931.2,18017.5,16333.4,21395.7,22699,22103.7,17255.4,18751,18768.2,20994.4,19776.3,19095.8,21764.4,22051.7,18331.1,19809.8,17967.2,20732.5,21574.3,17524.9,22441.2,20021.9,16675.4,22708.1,17354.5,22437.7,19343.6,22311.5,19713.1,20468.5,23460.2,23557.1,23117,17727.2,23464.4,20041,22136.2,19365.8,20021.3,19095.4,18034.1,20811.9,21869.6,20905.2,19094.7,23130.3,22326.4,20199.2,23447.9,20381.9,19983.2,21017.7,23079.6,21352,23006.9,20793.9,20815.2,23209.8,22901,25207.7,21952.2,24938,20584.2,23793.8,24000.5,23844.5,20582.8,22020.7,24234.7,23856.8,20267,20153.9,24684.2,20012.6,23203.1,18556.9,20497.1,24563,22525.3,18643.6,20124.5,19283.2,20373.5,20372.1,20030.8,22667.1,20217.4,24069.1,23804.2,22182.3,19803.9,19700.8,24123,21194.3,24344.6,25927.5,22520.7,28360.7,29585.1,35256.2
31549,28544.3,25986.6,24220.7,24387.8,24103.7,23757.2,19606.8,17983,17648.7,19246.2,22562.7,20530.6,20149.5,18056.4,20357.3,19316.2,21918.8,20403.2,23803.4,20986,22099.6,23247.2,19428.4,20113.4,20320.2,22177,21820.3,22776,21550.9,19840.4,22010,21995.8,17028.5,20713.9,22684.8,19471.8,19014.9,21183.2,18231.3,21956.3,18547.6,20851.6,22537.9,19602.4,21634.5,17498.9,16212,18457.7,16768.1,18217.3,20188.2,18012.2,16443.3,22138.6,18439.4,21383.4,17241.5,16053.1,18555.9,18254.2,20556.4,17354,21754,16589.7,18875.6,20853.3,19723.3,16842.5,19185,19175.6,18220.4,19213.7,20950.5,19561.1,22662.8,21638.3,17666.1,20901.6,17543.4,20033.4,16998.2,20095.9,21370.8,21320.4,19831.8,20941,17557.5,20953.3,16348.8,18412.5,16346.7,20578,20571.8,21689.3,20684.4,16727.6,21050.2,19427.3,17589.9,18343.4,21965.3,15621,17215,20487.7,21561.7,20175.9,16930.6,21352.2,17852.7,16105,17848.5,15754,19953,17561.9,19617.3,21455.3,18599.4,17818,21065.8,16270.1,20545,21923.5,16517.7,21314.3,20519.5,20355.4,21017.9,20772.3,22192.3,21216,22517.5,18299.3,18688.9,19303.3,18532.4,18099.9,21198.4,18649.3,16610.5,16812.9,16188.3,18157,18239.5,19209.2,21172.4,19721.4,17058.9,16595.2,20545.4,22086.7,22489.9,17609.4,22125.6,18247.5,16506.6,18002.4,20730.5,19352.4,18342.6,19301.7,16936.4,18411,17527.7,17768.1,21419.3,19932.8,20487.7,21898.2,20089.4,21287.7,19372.2,20354.6,20832.9,21413.2,19739.5,17800.3,18810.1,23075.5,17787.3,17897.5,21907.4,19858.9,22708.5,21651.9,22234.3,22531,18418.8,18848.3,18377.5,17206.6,17283.2,20218.7,20831.9,19725.7,18616.1,23255.8,18251.9,17773.3,18371.3,19367.7,20383.2,22022.9,19576.2,21483,18780.8,21963.5,19546,21272.6,19140.8,17277.8,22168.6,17353.7,17492.4,23032.8,21049.9,23056.2,23373.8,18553.2,20734.1,17931.4,21888.7,18099,19912.9,20686.1,20889.1,21155.4,21310.6,21419.2,18047,19038.9,20949,17772,19847.7,19665.1,21873.6,16898.5,22212.5,20842.9,19557.9,16480.2,21290.2,20741.6,20874.3,19324.3,17763.9,22243.1,21734.9,22635.3,20895.5,23211,22717.1,22498.8,18031.4,21643.1,17087.8,18966.4,21876,18327.5,18233.8,17064.2,16637.6,18323.5,19656.9,21875,21861.6,18899.5,21045.9,21943,20535.1,21896.7,19523.9,22153.4,20847.2,17767.2,19188.5,16948.3,22093.1,16989.3,18782.7,20442,22326.7,18701.6,20493.5,17113.2,16397.9,17829.7,18399.9,16780.8,21517.3,22282.7,19290.1,21158.6,19215.5,16622.3,21309.2,21170,19011.7,20720.6,20717.3,18384.5,21067.6,22932.6,22576.7,17718.6,17333,21008.8,20809.2,17824,21927.7,18470.9,18898.1,17876.3,17296.1,18749.9,18920.6,21916.9,23572.5,22259.8,17837.5,22249.2,18114.9,23338.5,18762,23004.4,22369.6,24555.7,19426.3,18645,21497.3,21090.3,24644.9,21868,21010.8,24519.4,21559.6,18791.6,21457.6,19032.7,24807.7,18926.2,22093.7,23635.2,24299.3,22408.8,20923.3,20290.4,18943.8,25122.3,25088.2,21946.4,24149,25334.9,19951.9,23520.9,24979.9,20238.4,20502.6,19065.8,23277.8,21922.5,23622.3,20377.9,22331.9,22306.6,22834.1,24166.2,25024.3,22574.5,20238.6,23813.5,23144.7,23451.8,19084.8,20278.7,22119.2,18984.6,23241.8,21747.7,23252,25296,26473.1,28618.1,35177.7
31417.8,26413.7,28268.1,24998,21289.9,22348.8,20937.8,20141.1,19044.8,18133.2,20057.4,17643,18482,19033.1,20808.2,20313.9,19013.6,18626.1,20095.9,20966.3,22241.4,22701.2,17801.1,22214.3,18761,21518.8,21267.2,21195.8,19297.2,22970.5,21562.6,17581.5,22969.2,22455.1,22747.3,22864.3,22749.1,21897.5,19645.1,22523.5,21287,16114.9,19086.4,22051.7,22081.1,17188.8,21796.9,17004.6,18538.9,19042.9,22239.9,18095.1,20029.3,17467,20102.1,18874.8,21964.7,20942.5,20593.3,16825.7,21688.2,21336.1,19496.1,22245.4,17715.4,20590.8,21217.7,20299,22475.8,16347.8,18534.2,16692.9,19130,19605.8,19790.3,18831.7,21896.3,21154.6,18772.3,20672.4,18026.8,22622.9,16615.2,22741.3,19312.5,22904.7,17172.7,22113.9,18827.9,22025.5,19984.5,20699.6,18458.4,22076.3,17167.2,22518.7,20965.2,19181.7,20956.8,21659.5,16363,21415.7,19801.4,19169.6,20015.5,16377.5,17737.7,17395.8,20022.4,21542.9,21093.6,19900.1,19775.5,21802.1,19705.9,16695.8,17542.4,16480.4,21983.3,21205.4,20761.7,19820.7,18192,17891.2,21790.4,16786.1,19041,21641.6,17681.1,22448.3,20737.3,18180.4,18862.3,18028.7,22977.5,22803.4,16359.4,22086.9,20419.2,16704.4,19392.4,19225.9,20659.2,17637.1,20607.6,16755.6,18345.1,19151.9,16279.4,18668.3,17257.9,18968.8,17936.3,18726.4,20218.5,16449.2,21943.8,22568.6,17037.3,18983.4,22325.6,17863,20553.1,21329.7,22630.7,18911.4,17056.6,19381.5,19181.1,22911.2,18118.9,23217.6,20357.1,17883.2,18288.4,20032,22624.2,17928.6,20751.1,17696.7,21042.6,17666.3,23179.3,23479.4,21054.1,18709.1,22990.1,20671.2,22212.7,22113.3,17879.7,21200.5,19905.9,16849.5,17516.3,19332.6,17876.7,21509.5,21903.8,21492.7,19961,22229.6,18880.6,20780.3,17036.2,18525.1,17868.5,16587.5,20354.8,18221.7,19520,20587.4,22963.1,19040.7,22527.6,22660.3,18872,18578,22020.6,22944.5,19918.2,17219.3,17526.1,23151.5,18344,21246.4,20967,20232.2,23200.3,19642.3,19848.1,18766.2,17668.1,22206.9,21895.2,21797,17551.2,22290.2,21691.9,21891,21557,21811.9,20610.8,22645.9,16493.4,18478.6,18625.4,21168.3,16754.3,21915.4,17599.8,22433,21487,22650.4,17337.8,22904,16964.2,17188,16705.1,20298.5,20838.1,19046.6,19660.5,16764.8,18688.2,22577.7,18629.1,17496.9,20936.7,22630.9,20885,22948,17757.2,17400.8,21820.6,20394.4,21315.1,21088.8,21559,19600.3,17709.8,22978.8,18265.7,20450.2,22271.4,17992.8,21393.1,22292.2,17852.3,19983.7,17773,21107.5,19594.6,20783.7,16429.7,17374.1,18145.5,16888,20824,20533.3,18622.7,19660.1,19732.4,17592,19565.5,21639.1,18312.2,18619.5,22066.6,19266.4,20623.8,17881.3,22652.7,22809.9,22873.6,21559.1,21336.8,20882.1,21274.5,19857.8,21036.7,22748.2,18728,19909.9,24297.5,19176.9,20432.5,24076.9,19035.2,23685.6,22030.1,19054.2,19944.4,22804.5,24674.3,21374.3,21670,23624,19646.5,25027.6,20793.8,24055.4,18825.9,21796.6,25587.9,22554,19088.2,22303.9,20653.7,21326.2,21738.3,24158.5,21834.6,22346.1,20002.9,20017.3,18738.4,19956.5,23623.6,23140.2,21404.9,22200,19749.8,22574.7,22579.8,24062.6,22741.3,21731.5,19722.4,20322.3,20690.9,22912.7,22873.9,19197.2,23684.1,23585.7,24627,22147.3,23429.8,25964.5,25947.8,24536.3,27558,31952.3
31710.8,30879.6,28702,23423.3,21728.8,20450.3,21509.1,19417.3,23978.6,18277.3,19840.3,17862.6,22349,21521.8,17914.5,18140,20028.4,23631,18296.2,17671.1,19117.5,17309.9,21185.2,19122.7,17559.1,16927.6,21631,22927,20163.4,21803.7,17158.3,18509.5,18754.6,22038.7,20009.8,20017.5,21700.3,22786.3,22107.7,21949,17984.5,20760.6,21727.9,19445.3,18085.2,21654.7,21261.8,21228,21974.6,20110.1,16524.4,20175.5,17207.5,19502.3,16733.8,22149.5,18241.5,19377.3,19286.4,19357.9,22042.7,21192.5,17781.4,16418.1,17663.7,17175.2,22018.2,18788.4,20228,22173.5,19318.1,16541.9,19364.6,17318.1,19035.1,16920.3,21520,22070.9,17091.5,16782.3,18716.3,17296.8,19489.6,22663.3,22302,19767.8,21481.7,21084.5,21063.9,22082.9,22419.3,20914.5,19637.1,18243,20980.6,17081.5,18467.4,19772.2,17794.7,20035.3,19350.8,21153.7,16378.6,19133.4,15357.1,16791.3,21283.3,16756.7,15755.3,16670.5,20446.7,19185.3,19847.5,19017.3,22228.2,21082.1,16630.9,21448,17577,17573.8,21801.6,22402.7,16741.1,18696.8,18988.8,18477.7,19711.8,20436.4,18411.4,21324.5,19554.9,20208.6,18659.2,23275.1,17823.4,17153.6,20042,16679.3,16803.9,16082.5,21393.1,19882.1,19893.1,17725.2,20498.6,20212.6,19426.1,18940.9,22185.9,17235.7,21876.7,17358.4,17395.9,19342,15759,19313.1,22595,16919.6,20314.3,21427.9,19763.3,22647,21957.7,21713.5,18140.6,18101.3,18851.6,16566.6,21357.9,18568.4,21689.5,22305.7,19618.2,21342.4,23585.2,20827.5,19625.7,19558,22112.3,21044.2,23562.4,19533.5,22098.5,22800.9,17639,19174,18203.2,17539.4,22160.7,22279.4,21585,20420,22639.3,21504,22683.5,22554.8,20361.3,19860,18943.5,18125.7,21815.8,18730,19049.4,21894.3,23137.7,18038.4,19589.9,19969.8,18415.6,20124.3,21942.2,22784.1,20244.4,18168.8,22868.4,20377.2,18344.6,22393.3,20022.3,20218.1,17520.1,23154.7,22498.4,23149.6,22920.1,20438.7,18651.7,23045,22990.8,22735.2,19036.3,19645.1,22512.7,22330.3,19374.3,19151,17474.4,22365.2,21665.6,19208.9,18292.9,20562.2,19407.7,18330.2,16909,17127.1,20538.1,17906.7,17077.5,21663,17078.6,21172.1,22850.5,20386.3,18018.3,22362.4,23034.3,22330.8,20677.6,17003.8,19463.7,18485.3,19284.1,22815.9,21389.7,19245.6,17334.1,22292.1,18693.8,20359.9,18076.2,20669.4,19895.6,21894.2,16876.6,20890.6,17214.3,21400,21591.4,22250.4,18162,17112.4,18479.9,21426,21435.4,18439.4,20914.1,18930.2,20456.4,18313.2,21341.6,21487.9,22504.5,18784.1,22550.2,22098,21320.5,22018.8,21272.8,16918,18378,17016.7,19580.9,18762.7,20902.3,16294.6,16995.6,17208.1,22381.8,20905.7,22032.3,20697.1,18977.2,17354.4,21914.5,23247,21195.6,22337.4,22137.5,24070.7,22400.1,21336.7,20123,18376.1,21788.8,22422.4,24104.1,23078.6,23201.5,18654.9,19837.5,21126.5,24365.8,19003.3,23295.9,23480.2,20950.8,20158.8,22581.4,20578.5,23466.3,19770.7,20882.2,23014.5,23693.9,23780.3,19802,24444.1,20609.2,19782.8,24604.1,21375.8,21948.5,21990.5,23515.9,21379.8,24055.9,21485.1,23338.3,24383.9,24164.9,21421.6,20418.7,20958.8,18806.2,18604.5,23568.1,19873.2,23001.4,22523.3,21044.8,20506,24560.6,21031.5,22594.2,20023,24535.2,22280,21468.8,22437.3,23148.3,26180.1,29727.8,37226.8
32771.5,30174.7,26742.8,26970.4,23253.4,23527,24258.2,23000.1,19516.5,20630.6,19741.3,22401.1,17614,22384.3,18302.3,19454.5,18181.4,20806.5,18896.3,17126.7,17377.7,22589.4,18891.2,19793.9,23217.1,17833.2,19908.8,22603.5,23032.3,21717.3,21063.3,19296.4,19810.6,19086.8,21215,18080.2,20454.6,21977.8,21430,18796.4,18301.7,19848.7,20217.1,20557.1,18831.8,19622.9,21610.3,18544.5,17023.1,16326,21180.4,22333,17912.2,17516.5,16501.8,21933.3,21151.7,17410.9,21306,19176.7,19913.4,17537.1,21177.7,21610.4,21773.6,17660.8,21437.8,20920.3,16946.3,20882.5,16584.8,19253.6,20808.9,20399.8,22405,17529.3,19225.7,20945,16790.8,22925,16550.9,16427.5,21063,20442.6,19558,18559.9,22240.9,21592.6,16998.6,17817.2,22570.4,16852.5,17027.3,22728.2,18982.2,17701.3,16664.4,21745.4,18118.9,17983.4,21292.9,21468.6,21944.8,19220.1,17785.1,17783.8,20775,21667.8,16416.2,17774.5,16407,16796.7,15684.9,18179.3,18246.3,15943.3,22541.6,21199.6,22240.2,16877.1,21926.1,16937.5,18041.4,16466.5,18371,19822.8,22299.2,19768.8,19340.7,17174.7,20109.9,21902.5,21134.5,21215.9,20599.8,19626.5,18425.7,19487.5,21357.2,18769.7,17863.7,21252.1,22123.5,21262.4,16164.3,18867.8,20491.6,16450.6,22156,22467.5,17286.2,21214.1,18271.8,21772.6,18140.7,16938.2,20436.8,20079.8,18200.9,16927.7,19410.6,17906.7,17500.8,16377.3,22400.8,16587.1,22419.4,17654.4,22873.2,22241.6,21750.2,18929.5,22211.2,18162.1,19501.3,22378.3,23216.7,21086.1,17453.5,18373,23330,18261.5,20462.6,21835.9,22429.5,20837.9,21321.9,19698,22970.6,22045.7,18366.8,22691.1,18531.6,22762.3,18024,19703.2,20452.2,20579.2,22477.2,21854.3,18332.9,20991.4,22492.3,22493.9,18137.8,22162.4,17070.6,21924.2,21897.6,20630.8,20939.5,20299.9,20840.5,19535.6,17574.9,22441.6,18782.4,23079.3,20439.1,18731.5,19339,19914.5,17666.4,17817,20787,17165.9,19370.4,22930.8,18076.3,19983.5,21884.2,22451.8,19207.1,21858.4,19617.8,20785.6,18079.5,20914.9,18839.2,22534,19718.1,22045.6,19610.4,20949.1,20654.9,21235.6,18618.4,18602.6,20348.5,22043.2,17248.1,19705.5,17465.4,23115.3,21574,20756.2,22354.4,17080.5,19348.9,22503.8,17624.5,21535.5,19511.8,20217.4,22167.9,20388.8,19893.7,17927.8,20589.9,18070.7,20488.2,22849.8,19097,19634.5,18905.9,22604.2,19421.4,22366.2,16327.6,22717,16725.9,18338.4,20046.9,19379.5,22584.7,22046.5,22848.3,19913.8,17747,21871.6,16861.6,22737.4,21430.7,22615.7,17252,22558.7,21870.7,23006,21438.5,20852.2,19206.6,16470,22624.4,20160.1,17278.4,20901.7,20298.5,17513.4,20925.5,22710.2,19822.1,22634.1,21077.4,21686.7,22058.5,18519.3,20421.3,22495.6,18601.4,24168,23078.2,22048.6,19976,20237.9,21119,19671,18446.4,23829,22651.7,20438.5,19016.1,24448,20593.8,20107,23118.5,19643.4,18988.3,19001.2,24708.9,23006.1,18815.9,19425.8,24428.2,19372.9,22747.6,19585.8,21121.8,19245.9,19548.3,25018.9,21527.5,20355.5,24730.4,20753.6,19541.5,24904,20863.7,22398.7,18791.5,24608,24032.2,19828.7,18113.2,22425.5,23402.2,22484.5,23298.4,21603.6,22154.5,22623.9,21920.4,21209.7,24694.5,22479.9,25921.6,25845.8,20512.8,23567.1,20043.5,21267.3,22059.2,25909.5,28104.5,33315.3
32095.3,31789.9,29348.6,25776.3,19754,21533.2,20593.6,23909.5,20230,21310.2,22331.9,18793.7,19103.1,21113.1,22672,19702.9,22765,17519.2,22166.4,22023.6,21659.9,21085.5,23288.3,19156.2,19962.6,18235.4,19838.1,17545.9,21496.8,18205.7,21294.3,18021.3,17997.4,20220.9,20082.2,17582.7,16822.2,17224.2,19968.3,18168.2,21116.6,16608.8,18160.2,16344.3,21050.8,19788.5,22158.2,19118.1,19762.3,19400.1,20065,18524.9,16831.3,18454.9,20686,18376.3,19846.2,20239.1,18689.4,20801.4,19602.3,18924.1,19783.1,17413.9,19741.2,22313.5,21484.3,17173.5,19853,18121.5,18381.1,19484.6,22269.9,16971.1,19735.3,18672.7,18249.5,21703.7,20605.9,20806.2,22226.1,18251.1,20950.6,17562,19615,22720.6,21423.6,17329.5,22338.6,21282,22405,20327,16873.8,22629,20757.8,21712.5,20703.5,19038.7,16942.9,21435.3,20332,21994.8,15425,18333.2,21104.2,16400.9,19105.6,16824.7,19865.7,16516.9,18797.7,19378.1,18662,17398.7,15865.5,16448.9,15826.6,17599.8,19804.8,16702.5,21965.6,19227.6,16866.4,22811,22520.9,21802.3,19035,22447.2,16976.4,17403.8,18853.4,21293.5,21192.4,22006.7,17890,18439.4,17900,18267.7,17222.9,19160.1,20639.8,16011.2,19771.8,19179.1,16957.4,17369.9,21426.4,19864.6,17586.7,18932.3,18976.4,21810.5,21100.5,18208.2,16897.5,17382.4,16594.4,16398.3,18193.9,21124.8,19046.5,16920.5,17273.9,16073.8,19012.2,20001.3,16230.9,17602.2,21650.8,23231.3,23281.9,17682.3,19230.3,23709.9,20972.3,21753.9,18222.7,23104.1,19356.4,19672.2,22632.4,19452.1,18970.6,23654.4,20158.9,19833.2,18459.6,22546.5,22162.5,23194.4,17464.4,17668.8,17786.9,17578,22018.2,19950.8,18009.5,19918.1,23063.2,17482.2,17565.5,19536.9,18664.9,21845.7,18535.2,22209.4,16590,19284.8,22683.8,17802.1,17918,22567.5,19207.2,18004.8,17831.1,22832.2,22223.7,21314.8,18837.4,21122.7,19947.7,20489.4,21998.4,19993.2,22412.6,18826.5,20643.5,23428.7,22061.9,18126.3,17702.3,20981,22563.2,21532.6,20370.8,20714,22131,18376.6,20542.4,20860.2,21337.2,18282.5,17889.9,22701.4,20546.1,17035.3,17133.2,21629.6,20805.9,22575.8,19096.1,17660.5,23181.4,19763.7,22279.3,20658.8,19788.7,17913,18980,18016.3,22515.1,21471.1,17281.4,21673.5,21452.5,22029.1,16898.3,18186.6,19572,23320.4,18555,21849.7,18892.5,19668.9,17920.2,22689.5,17335.9,19685,20168,18514.7,20620.4,16725.7,22341.7,20513.4,20352.7,21280.5,21382.9,20907.8,20105.9,22056.1,21504.7,21184.8,21461.5,21731.5,18415.7,18567,19198.7,21358.9,22242.6,16731.5,16517.7,23012,22477.6,21619.8,21311.1,21345.3,22860.8,19869.6,18342.3,22310.3,19071.3,21816.8,23139.4,16899.1,22314.7,22727.2,19322.2,23347.5,19356,18134.6,21012.4,23265.2,23727.1,18325.8,20874.9,20225.5,19240.6,18924.5,19436.1,19156.7,19467.5,21252.2,21554.7,19746.7,22906.8,19869.6,20329.9,24866.5,21855.5,22118.7,19176.6,20460.5,22065.4,23323.8,19784.6,22363.5,20722.9,21671.9,24537.8,19831.6,24454.3,20150.9,19931.1,20630.7,20659.3,23562,21873.8,22229.5,24459.3,24316.7,20775.6,19566.6,19844.2,20255.2,18301.4,18821.1,19848.1,23326.2,20075.6,23001.1,22904.3,19799.3,21195.5,23348.8,21674.6,19417.9,25144,21570.8,20170.8,20045.4,21525.3,26143.1,28691.6,35344.8
36642.7,26927.2,26686.5,22855.7,25007.7,22772.2,24925.4,20916.9,18821.8,22442.2,23508.2,17777.4,20986.3,19009.8,22444.2,19120.4,22903.9,18848.6,21111.4,19769.1,21208.2,20514.6,19151.6,22120.8,17732.6,19866,17670.6,17888.9,17203.4,17599.1,21253.1,22935.9,20217.6,21547.5,17235.2,19619.6,22956.1,17583.7,18997.4,21979.8,19917.9,19594.7,20802,20765.6,19447.6,19210.8,21172.2,20163.2,18052.9,17750.1,18406.6,21888.3,17529.4,16668.4,19692.2,21439.7,19574,18982.5,18192.7,20606.3,19692.3,21533.4,21306.4,16766,18428.4,19818.4,20180.9,21374.5,20368.7,18555.7,19089.9,21441.9,22420.5,19485.9,18775.1,21880.4,20573.2,20187.6,19702.6,20484.3,22938.3,17150.7,17325.6,18246.1,20762.4,17648.2,21956.1,23146.7,19999.2,18190.6,18420.2,18425.6,17120.7,21007.6,22577.2,22949,21620.7,17061.5,20990.8,18308.9,19172.5,21511.4,15803.4,18926.8,18705.8,18670.2,21032.8,18611.4,21500.8,17793.1,17128.4,19240.9,17085.2,20580.3,21892.7,17848.9,21743.5,19077.8,16736.2,20469.2,19784.7,19113.1,16597.3,20734.9,22669.9,20730.9,21330.9,20730.1,23154.6,21669.9,23338.2,21116.1,17620,17347.7,18527,20833.1,16806.7,19764.8,22000.5,22017.2,21148.2,16997.5,21678.6,19279.8,20190.7,16821.7,16473.4,19779.1,18005.8,17630.4,20754.9,22081.7,20854.7,22057.4,14664.5,19684.9,20927.4,16953.7,16755,19905.6,21678.9,17816.9,19878.5,20339.5,20933.1,17370.3,16781.4,18544.5,17456.3,23139.8,21891.8,23854.7,22542,21266.2,21422.4,17835.4,19541.2,18744.1,20673.3,17591,19473.8,21510.3,22689.6,18498,22475.3,22572.9,18923.9,18143.4,19764.7,20851.3,18995.2,22086.8,21372.6,18656,19140.1,17176.8,16786.5,18057.4,18896,19759.6,19598.6,20378,23093.1,21338.5,17962.4,19474.1,19778.9,17930.3,17109,20231.7,23068.3,20898.3,18789.7,23035.7,22809.8,22164.9,18374.3,19402.7,22929.2,20451,18867.6,17492.5,18873.7,21773.6,18067.2,19049.9,23479.4,21558.1,20050.4,17570.8,17083.2,18433.1,21390.6,22542.4,18729.8,19005.3,17658.9,21342.5,18981.7,22351.4,21035,20470.1,17024,22455.5,19094.7,20310.9,16827.9,18068.1,20658,18621.9,19309.6,16640.1,19894.1,17487,21726.4,17806,19102.6,18844.7,22191.4,16554.8,18738.5,21020.7,22434.3,19447.3,16590.5,21489.7,17323.5,16994.2,22116.2,22452.5,18240.8,22502.8,23079.7,23011.1,16645.6,18855.5,17238.9,18069.1,18330.2,16640.1,20966.2,20929,20760.2,17436.7,18156.4,19410.1,18484.1,23135.4,22151.4,17333.9,18916.3,20083.2,17003.1,22116.6,20292.9,20856.8,17905.1,16941.3,18508.3,20346.5,16269.2,17008.6,16828.6,18245.2,16883.5,21305.9,21497.3,21918.3,16273.1,20654.8,19988.8,18047.6,22583.7,22790.7,19257.5,22833.4,20357.9,17809.1,17821.7,18252.4,22220.4,23996.3,22180.9,20400.4,23845.7,24761.6,18727.7,24532.3,24231.4,24058.8,19793.8,21855.8,21540.8,20052.7,23975.2,23365.9,20440.7,23091,21426.4,19334,22312.3,23765.7,19439.2,21621.1,22783.2,20441.1,22561,25400.1,23820.2,20717.8,22130.2,21442.4,23556.4,20748.3,22950.3,23427.1,21586.2,19508.5,19572.2,21743.7,19320,23553.3,18697.1,21810.7,19207.3,18526.1,21193.7,23873.2,21543.5,20090,19370.8,19491,21223.1,22869.3,19448.1,24265.1,24802.1,20595.1,19749.1,20266.3,25863.5,26634.5,32124.9,34029.7
36198.4,26994.4,29140,26655.7,21773.3,21281.4,24476.8,21945.1,20836.9,17747.9,21295.1,23097.3,18346.2,21671.1,21011,22469.7,23003.7,19037.2,22277.7,19187,21372.1,21374.5,20214.4,22467.3,21041.3,22287,23151.3,22199.1,18348.6,20467.4,20077,17121.6,21480.4,18269,23259.1,23076.7,18023.5,20014,22311.1,19810.8,20963.7,22518.6,20066,16381,17839.9,17068,21372.8,18038.1,16977.8,18917,17414.9,17728.8,19121.4,17561.3,22619.1,16895,19688.7,19475.8,21411.4,20181.6,21126.7,22164.5,20367,18401.6,21909.3,19148.3,18346.1,20340,18848,16572.6,16490.9,20121.1,23047.3,18671,22387.2,16933.5,20891.3,17819.1,22433,16867.4,16435.5,19057.5,18715.7,21614.9,17859.6,20026.8,21353.9,17758,22483.9,18470.4,22292.3,20925.3,19004.2,21753.1,22311.7,16918.2,18940.6,16897.8,21610.8,20877.6,18017.9,21298.5,16120.2,17928.5,18239.8,21836.8,20550.7,17675,21014.2,15809.2,18053.5,19142.5,22205.6,21694,21233.2,20538.1,17564,16762,22143,21672.8,18193,19833.1,20482.9,20643.7,20445.6,22351,20270.4,20566.1,21480.2,20759.9,19792.5,16852,23489.7,17447.2,21762.4,19999.2,18537.5,20296.3,16287.5,19572.8,18030.4,20507.4,18390.8,17359.6,19522.6,18749.3,19829.3,19954.4,22236,18393.8,22473,20718.1,18146.2,21611.9,20253.2,17100.9,18120.6,20232.1,22405.1,18097,18055.5,18945.8,22565.6,21165.9,22121.9,17689.9,19997.3,21996.3,20299.8,22575.2,21029.8,21634.4,19725.3,18007.7,17714.6,20356.4,21923,18747.6,18738.4,19013.1,18026.8,19726.1,18902.1,18689.4,18771.9,18624.8,21767.9,21245,21533.3,18640.4,21724.7,21761.8,18703.8,17829.7,20389.6,20889.5,17614.2,16756.2,20910.8,18285.2,17409.7,20215.8,19391.1,21428.8,20054.4,22998.3,23023.6,19051.8,19833.6,18971,17911.1,19854.1,19706.7,20279.4,22994,18090.3,18894.9,21274.5,19264.6,19299.9,18708.9,21636.9,18433.3,23016,21961.5,22876,21151.1,23840.9,23127.3,22232.3,21801.4,21679,18050.9,21756,18072.8,17183.1,22127.6,18099.7,20229.9,16947.2,18942.3,19980.9,22841.6,20503.5,18863.2,19486,22036.5,22700.4,20287.5,19142.6,20275.2,21749.6,18431.3,21711.5,19973.4,18060.7,19667.7,21781.5,16549.3,19873.2,16536.1,19544.4,20291.7,21737,22976,22857.3,22572.7,22534.1,18870.9,21530.2,23083.6,20064.2,17922.9,17220.7,20084,19121,19425.1,21227.3,16982.8,20195.4,22982.6,21530.8,22060.4,20342,17776.7,17718.9,17404.4,19340.5,20713,19818.6,19079.1,17369.1,22460.3,20661.1,17455.7,18942.2,22362.9,18247.6,18312,17272,20063.8,19459,21564.7,19759.3,20443.1,19560.8,22402.8,19867.2,21449.7,22679.8,20152,17666.6,19304.5,20810.8,16837.5,19867.6,22468.8,20769.5,21816,20834.3,19507.6,22603.8,20967.6,22720,23760.5,20972.2,21989.6,24587.2,19361,24453.5,23190.2,19311.1,18161.4,21755.1,21966.7,22791.2,18724.9,18677.4,19989.4,20797.7,21874.2,18614.3,24827.1,20120.2,19781.9,24809,23727.8,20832.3,19910.5,24076.9,23680.7,20478.2,21867.1,22273,20063.8,21768.1,21338.7,24722.5,20044.4,23523.8,19729.7,20095.2,19281.9,22874.3,22546,24796,24288.9,19325.8,23757.7,23002.2,25523.3,20867.5,22700.2,21187.3,19650.6,23816,21413.8,20259.3,20361.8,21360.6,24508.3,29076.2,31146,31963.1
34712.9,30040.2,29484.8,21779,21132.6,21181.4,21537.2,19720.4,23308.9,23106.5,21480.2,21059.3,20113.2,21587.1,22756.8,18003.4,21056.6,23163.1,22848.5,22137.5,18514.6,19435.8,21258.6,18575.9,23088.8,19550.3,22463.1,17170.5,21713.8,20243.6,19850.5,23076.4,19709,21481.6,19271.5,17424.4,20089.8,22691.5,19848.5,20542.3,20255.7,20447.4,19905,16390.9,17290.6,22402.4,22225.5,17536.2,18281.4,20671.7,19856.8,22289.4,16910.9,19751.6,17287.9,22031.7,19048.1,19920.9,20772.4,16851.8,16622,16722.1,19402.2,18900,22236.4,18554.8,16991.8,19529.3,16930.3,16319.7,19528.2,22819.8,19378.2,19980.5,22121.4,22288.5,19444.3,18442.7,23357.3,21733.9,16944.4,20846.3,21767.5,18510.3,21401.7,18601,21274.2,20912.4,21311.3,22320.9,16927.9,22061.4,16934.3,17798,18360.6,16486,18748.1,21186.3,16288.1,21750.3,18488.3,17493.3,18698.8,15545.6,16373.4,19916.2,15810,18449,20598.7,19865.8,21528.3,19886.2,21545.9,19443.9,17606.9,20333.6,16499.7,20364.6,18321.2,16687.7,18513.7,18229.7,16576,18048.1,19853.7,18963.9,21822.5,21130.7,18683.4,16913.8,22240.8,20190.4,19460,17314.7,20884.4,22831,18875.1,16725.2,21013.5,21442.8,16641.8,19527,18391.3,20988.8,17213.5,17511.5,18152.2,17650.6,20688.5,17319.4,21305.4,16569.4,19490,21631.7,14521.9,19420.9,20417.9,22244.6,17331.7,18766.9,19176.1,20899.6,20822.8,21462.2,18344.1,16301.3,21086,16677.2,19953.7,18327.7,18816.5,20282,22041.1,20439.6,20237.7,21758.2,22369.4,20880.7,18448.1,21537.6,20900.7,22109.3,22712.6,23502.4,21368.8,23286.6,17230.8,21041.4,22116.8,20871,19442.6,20742.3,20479.7,21530.9,20744.1,17309.9,18003.5,18111.3,20522.7,19593.2,18266.2,22222.6,21842.8,17744.9,20947.2,17038.3,18390.5,21290.4,20979.8,21650.2,18460.9,22587.5,20713,19071.9,21790.8,23469.5,20171.9,17674.2,17545.9,17924.7,21008.7,22542.6,17616.2,21811.1,22152.2,18263,18209.6,20218.8,23398,18157.3,17639.2,18894.2,22616.6,23372.7,19182.7,18877.5,19562.5,17205.1,20511.5,17349.2,18503.2,16836.1,21912,17777.6,17001.2,18838.9,20743.3,20634.6,21890.3,18606,18402.9,17581.7,20996.2,19448.4,19438,20421.3,22500.3,22909.6,19005.5,19967,21712.8,20134.3,20801.9,21640.6,19995.5,20056.4,18647.1,22579.9,20436.7,17553.6,18000,19608.4,20425.9,22611.1,22520.3,21920.9,20639,18882.5,20289.1,21834.6,21651.7,18070.1,22687.5,22208,17030,18298.4,21748.4,22928.7,17549.2,20654.2,17026.3,20577.8,19124.3,17278.9,17108.5,20598.4,19790.8,18360.8,19029.7,22217.3,18368.9,21636.2,18163,17947.2,18761.8,17522.4,20328.2,16876.5,16849.8,20252.4,17918.5,22228.6,22354.1,20840.6,20101.9,21120.1,18254.4,20571.2,19510.8,17765.5,23670.6,24385.4,24132.1,24761.2,21968.3,18407,23612.8,22892,20770.9,18888.2,24517.8,18967.8,19788.3,18295.7,23413.7,20373.9,24178.8,21964.5,23157.8,20473.8,19974.7,19995.5,19326.9,24548.2,24572.4,19471.8,21901.9,20447.5,24176,24145.2,20989.7,24719.2,22000.9,23950.4,19928.4,21938.7,19474.2,22217.6,24027,18735.6,18838.9,24611.1,22436.5,21965.6,23268.3,21323.8,19832.4,19922.3,23315.9,26005.2,24172.9,23747.2,20701.2,20803.5,22398.9,22400.3,24649,21100.5,21626.1,21756.5,27439,29359.8,29427.9,37147.4
35303.5,30245.1,28974.6,23331.7,20329.5,18869.2,21353.9,19830.6,21836.8,22755,20154,23157.6,23859.6,18411.7,18872.5,23419.9,18790.6,21542.7,21905.4,20284,21130.7,19917.1,18668.8,20024,23469.4,22425.7,21495.5,21032.5,20260.4,21165.9,21616.1,20319.2,20622,18824.3,19494.9,20852.3,18666.1,20112.6,18522.8,21690.8,17251.4,20190.5,22559,20137.9,17653.2,16968.6,22179.5,17880.8,16420.2,16641.9,19250.1,21845.1,20642.6,20798.6,17131,22399.7,21084.2,16620,18286.5,16979,21805.4,21917,21334.2,19065.1,19754.6,16639,20303.1,17727.6,22536.2,21811,17751.6,17250,17678.5,22140.6,23288,17319.4,18796.2,19597.5,19577.8,19545.5,19688.4,18229.3,17941.9,18855.2,19106.9,20455.3,21165.8,23186.5,22682.4,17844.8,21511.2,19954.6,23020.2,19833.5,17675.8,21873.1,18925.2,22317.9,16610.8,21362.1,19185.2,20890.2,19535.8,19619.3,17419.3,15474.9,17231.1,15563.9,16368.3,17412.6,17857.2,21481.1,20518.7,20397.4,15655.9,15796.9,19807,20615.8,21130.5,22118.4,20710.1,22216.1,18844.7,22057.5,19437,19384.5,19226.8,22779.9,23146.2,19940.3,20638.2,22851.2,18423.8,21388.3,17037.4,16578.1,20056.5,17921,18271.7,19820.1,17054.7,15931.9,20695.4,21193.5,16390.6,22234.8,17614.8,20837.4,20357.1,21707.3,19646.3,21409,16601.7,21674.1,17579.8,21101.8,16994.3,17366.9,20832.3,21684,18456.3,20717.6,18447.3,20198.4,16834.6,17830.7,19493.8,20850.1,20223.1,17664.1,18314.1,17798.4,17929.5,21712.8,23582.2,20114.4,23179,17708.8,17507.3,20454.5,22581.6,19672.6,20161.4,17249.5,18601.3,21015.1,21316.7,21741.6,18751.1,19781.5,22296.8,21947.4,18869.9,17327.5,22376.6,22650.2,20600,20234.8,16737.1,16624.2,21703.3,18586.5,21028.8,19484.7,19532.6,21695.5,18678.8,20591.4,18201.2,21172.4,22847,22329.9,22076.1,20104.1,18152.7,17396.2,17807.6,23392.1,18681.6,23858.1,19037.7,22290.9,18596,18306.5,18911.6,21767.8,19625.6,22687.2,23755.2,21904.4,22103,21407.6,21281.6,17790.8,19882.6,18701.9,17727.5,17385.5,19127.1,20860.9,22277.8,18919,22891.2,19866.4,17438.3,20956.5,17431.2,18738.9,22770.6,17504.7,21551.7,20856,19047.9,20041.8,21171.4,22088,23036,16798.6,20670.6,21381,16695.3,17644.7,19105.2,22426.8,21338.7,16885.9,16785.7,21126.2,19654.6,23488,20878,23014,20142.9,19311.8,19867.2,21904.3,18603.6,20026.9,18131.5,20189.5,17026.4,17236.7,19942,20890,18236.6,16457.3,20962.7,20471.6,22384.7,16518.7,16483.6,16382.1,21415.6,18366.4,18619.9,21307.7,19800.5,21767.2,17264.5,19619.6,21400.1,18085.1,17366.5,22970.4,17968.1,19637.3,21671,21072.4,16678.3,21131.5,19819.1,21217.3,19504.3,23104.4,18116.6,22264.2,22557.4,20541.5,22171.4,23723.6,20107.4,18715.4,19017.4,22600.3,24238.1,19661.6,18951.3,20739.8,18031.5,24759.8,22018.1,19901.7,22684.5,19872.5,24921.5,20670.8,24234,20820.5,22242.5,24516.2,23525.8,24981.6,20636.1,20547.9,21713.3,20711.8,19521,20061.6,18970,24127.7,19086.7,19677,21229.7,20172.9,23501.8,22427.8,25124.7,25173.6,18818,19403.9,24258.7,22908.5,22269.8,20058.1,18899.7,20158.5,24714.1,25403.5,24574.4,24523.6,24085.6,23342.8,24908.7,23104.4,25088.6,20052.1,25058.4,19311.2,25228.1,23395.1,22502.5,25157.7,30077.9,34375.9
34175.1,27873.7,27856.9,24208.7,22951.9,19159.4,24772.9,19568.6,22715.5,23250.2,19868.5,23056.3,20958.5,19392.9,20129,21730.5,19538.9,20192.8,22301.4,21471.8,22291.9,18953.8,23221.8,22636.8,19361.6,22548,21628.6,22975.7,19019,19614.9,18691.5,17973.6,21774.1,18664.6,21893.1,17702.2,22140.5,20071.7,20824.3,18217.6,17950.9,20277.2,18314.2,17713,20315.6,22435.1,20178.2,16304.1,17150.8,19300,22332.5,21791.2,18869.3,18155.8,16177.6,16997.8,21672.8,19680.3,20338.9,19038.9,22062.5,20847.9,20302.7,19392.8,19034.7,18999.8,16871.5,19726.7,18298.9,19590.2,16689.3,19829,20708.3,21491.5,19740,21828.7,22096,18685.9,19887.4,17755.5,20412,18649.1,22859.3,19242.1,19336.2,21727.2,18408.4,17268,21694,20602.5,20469.4,19242.4,20503.4,17748.4,21740.1,20152.2,22646.2,19343,19232,22381.6,19072.5,18064.3,20534,21858.2,16796,16052.9,17032.3,18854,18885,19481.2,17244.5,18962.6,19705.3,16752.8,17834.8,21558.5,22233.4,20241.3,20620.7,19853.2,20147.7,19182.5,20091.4,18283.5,17204.9,17128.2,19413.2,22292.2,22275,22990.9,19877.9,22777.8,18618.6,19752.6,21700.1,20817.1,20616.4,21025.9,18324,21456.7,21763.4,19715.7,19080.2,21288.3,22076.4,18456.2,16720.6,22294.9,16466.7,18725.7,17347,16133.3,17837.7,21759.2,16871.7,18009.9,18097.8,20052.7,18441,18497,16361.2,18680.2,18362,18803.6,19910,18778.8,17135.2,19818.4,17297.7,21262.4,18622.8,17719.6,20256.3,20947.3,17727.4,20517.1,18140.1,19632.7,18792,17674.1,22359.8,20762.6,23595.6,18857.4,23248.1,22772.7,22525.6,20265.7,17757.7,19819.9,20627.9,17087.6,20799.9,20949.7,21418.7,21104.2,22365.8,20225.3,19212,18676.6,20001.6,20006.1,17587.7,18491.3,19913.7,21771.2,19913.2,18485.6,17783.7,20421.9,19544.9,19254.3,19444.8,22127,17608.7,19431.7,21608,19866.7,23202.6,21253.1,18821.2,23261.7,19252.3,18696.9,20964.2,23376.6,22096.8,18269,23068.8,21834.1,23124.3,17019.1,23182.5,19157,23113.8,17559.6,23127.8,20323.9,17034.8,19887.9,20513.5,20319.4,19195.3,18024.1,16807.7,18938.1,18505,23204,20571.8,22348.9,22294.1,19509.8,17268.8,18736.2,18885.6,18922.1,22076.7,18988.2,20446.7,16373.2,19467.1,18209.1,17643.4,21584.5,20829.5,22714.7,17466.1,17685.3,19959.4,19480.9,22067.2,18197.3,22078.9,20434.1,22620.1,20293.1,22563,19114,22951.6,22221.2,22198,18742.7,17740.2,21479.7,16469.1,18970.9,19939.9,19267.8,18532.9,17624.1,21315.4,20561.4,16673.5,21154.7,20504.8,16286.9,20740.2,21776,17964,16902.3,20436.1,19102.7,21241.2,20534.1,22592.6,18847.7,17095.5,20062.6,17105.9,20543.7,21401,19908.7,20273.9,23728.6,22441.9,20679.6,23739.6,19535.2,18511.5,19530.7,22353.6,23237.7,19909.7,19193.6,19650.4,19164,23900.4,21081.2,19229.2,21602.6,20778.3,20632,24071.6,23999.8,19667,21221.6,23949.1,21900.3,21788.8,23329.8,20208.2,24600.8,19209.6,23959.5,20784.7,19396.9,22770.4,20439.6,23300.5,25126.7,23205.3,20847.9,23887.6,19618.2,22876.4,22430.6,23476.9,24998.2,19358.9,19959.1,19862.4,23302.6,19059.5,22784.7,23856.1,19955.3,24504.3,23780.4,22823.5,23783.4,19383.3,23012.3,22757.4,20275.7,22336.8,23242.9,21923.7,23296.9,24334.9,25212.1,27370.2,26460.1,28984.4,37503.2
31709.6,29467.4,27698.5,25224.1,23768.3,23078.1,20206.4,19625.7,18794.4,21479,23960.9,23811.6,17590.7,22587.9,19292.4,21347.3,23516.9,23302.5,23145.2,22271.3,20728.2,18689.7,19530.9,21989.7,23022.6,18459.9,20172.3,23509.5,23023.3,21322.2,20931.7,22329.5,18177.9,20884.9,21202,18260.2,16922.8,20018.6,20943.3,20714.1,20549.8,18525,18490.3,16907.4,16762,18199.6,22630.3,19351.2,22425.2,22382.6,20453.8,17814.7,17835.7,19285.6,18177.6,19758.9,21618.7,16952.2,22131.9,18087.9,21204.3,20471.1,18667.3,17721.5,18141.1,16683.2,18861.3,18278.9,20406.7,20825.9,22365.3,21211.2,22471.7,20327,19129.8,18025.3,19021.2,19839.1,17920,22930,16798.5,19285.6,17400.8,20700.9,22068.1,16857.9,17923.3,21322.2,22551.2,23423.5,21401.2,17327.2,21512,22278.9,18571.6,20453.4,22593.1,21322.8,16107.5,17618.7,19546.7,15842.8,17750.6,20544,22246.1,20636.5,20824.9,20121.1,17744.3,17539,17139.4,17499.9,20494.6,15683.1,18844.2,20127.7,18130.2,20726.9,19182,21005.3,17886.9,20012.8,20905.2,22184.2,21632.1,21278.2,17392.2,18001.8,23272.8,20617.9,19640.9,22916.1,19338.8,18912.1,17286.8,18590.2,18870.9,18870.9,21354.5,20282.1,17696.2,19438.5,18247.5,16846.4,21188.4,18534.2,22105.7,20352.5,16198.1,19563.3,21303.7,16943.7,19435.1,19423.2,17183.2,19368.5,18011.3,22682.9,20969.1,17484.5,19951.4,17270.1,18674.3,20659.1,17357.2,18056.8,17270.8,17924.1,20577.3,23226.4,19373.7,20576.4,18140.4,20354.8,19927.5,18680.5,18102.1,21460.3,19629.2,20209.2,18243.8,19727.7,23279,23408,23069.7,17037.8,17503.4,19218.8,17502.9,20733.2,20863.1,21973.6,22098.9,17154.5,16944.3,17635.3,22201.4,20221.2,20337.3,22074,18631.5,23328,21492.1,17191.2,17251.6,21119.1,20671.9,19471.4,23222.2,21572.9,18021.4,19292.5,20688.4,17839.6,21265.9,19167.7,19929.2,19230.4,19139.9,20970,19785.5,18388.9,21348.7,19581.3,21180.7,19614.5,20114.8,19291.1,18677.7,23204.4,17274.1,22020.6,18678.1,20640.6,22731,21470.2,5869.08,23794.1,23035.5,18872.1,19196.5,22018.5,20602.5,18964.1,18884.3,22649.4,17163.1,22584.3,22325.3,18225.6,22051,17801,16892.5,19282.7,18599.4,22093,19318.7,21723.4,20945,21034.2,16683.6,17100,18479,21767.5,20874.9,17494.8,19962.3,21303.1,21807.6,19601.8,17605.9,19390.7,22910.5,19682.3,23041.3,17428.1,17785,17148.1,19550,18507,21993.3,17574.2,17212.7,17187.1,18718.6,20821.9,22026.8,19578.4,19647.5,17981,22220.3,23099.9,18665.8,18644.1,18483,22061.8,17538.5,20773.3,19075.3,21755.6,19946.7,20025.7,21548.5,17219.7,17016.5,20886.2,21468.3,21655,22457.3,21356.2,18415.3,16958.4,22969.4,18067,21243.4,19865.3,23272,22369.4,20504.8,21078.9,20512.8,18617,18719,21346.2,20848.4,24356.5,21990,19626.1,24467.1,24538.3,24452.4,21882.5,24352.5,20949.6,19197.8,23189.8,22144.5,20666.2,24087.4,18807.2,19956.7,18826,20249.6,22970.8,22531.2,24043.3,22688.2,21720.7,22916.4,19160.2,21721,20964.8,21460.1,21098.8,21880,25022.8,24411.3,24983.5,20776,19241.6,22003,24204.8,19190.4,21171.6,22776.6,23460.8,24237.7,23014.3,19013.4,21127.1,25181.9,24365.5,19444,21214.2,21687.7,20723,23355.6,24133.6,25101,23093.8,24895.4,24852.5,31895.5,36577.9
33038.6,30955.7,26636.4,21972.4,24290.7,23972.1,22386.1,19368.8,18954.4,20169.7,19929.2,19027.4,22522.9,18909.9,22232.6,20972,23955.9,20272.4,22080.8,18151.1,20604.1,17841,22188.5,22385,18148.8,20484.7,22734.4,20662.7,17493.3,18698.4,20848.6,23008.2,22165,23390.3,22932.3,21583.3,19741.9,20830.4,19556.1,17685.9,18692.6,19159,21829.2,18528.7,19160.5,22624.3,22233.2,20278.9,18934.9,18466,20784.7,16426.7,16985.3,17685.2,20091.4,18260.7,21882.4,17502,22224.4,16545.3,17966.6,19888.5,20255.3,21202.8,17224.6,18060.9,18958.4,22341.3,21777.6,18175.7,20490.3,21330.1,21993.2,21222.1,20883.5,18515.7,18844.9,17693.5,20128,16981.1,19330.2,18296.1,17889.1,17614.2,19838.3,20582.7,19190.5,18827.1,21926.4,18215.9,20633.7,19286.7,21452.1,17644.3,18062.7,18380.8,18418.7,21120.5,22167.6,15842,16142.1,22057.6,20759.3,15480.6,21870.9,19462.6,18938.8,20817.4,17124.2,20605.8,17808.2,19661.7,17490.8,16112.8,16782.6,21876.7,21793.4,18062,20324,18101.4,17034.3,16778.5,19896.7,18908,20095.9,21152.5,21219.2,20745.2,21235,17461.5,22041.6,20584.7,23030.6,19034.3,21595.6,18386.4,22569.6,19766.5,17279.6,20786.3,16653.5,19563.6,15911.1,20346.3,16727.9,18050.1,19136.7,18600.5,21780.5,19362.8,22461.2,20607.6,21107.3,19596.1,18445.1,20780.5,20706.6,17194.3,16917.3,20114.2,16379,16685.8,20243.4,17346.9,18671.3,21125.9,19924.5,16574.8,16934.6,23217.8,19287.6,22427.6,19556.2,18729.3,18270,22262.6,22327,18548.4,20752.5,20750.3,23218.7,18526.9,18402.9,23222.9,23015.6,17384.5,16862.3,20182.8,20801.8,21071.7,23142,17979.8,18811,19787.8,23043.5,17216.9,22963.9,17427.6,19348.2,18651.8,20836.8,18555.6,19387.9,17139.9,17442.9,18511.8,16640.2,16582.6,20765.3,20045.3,20329.3,19506.3,20804.8,17183.4,21017.4,19884.6,19360.9,18256.2,22836.3,23017.5,18830.9,17430.3,21807.9,18789.2,21010.9,19886.9,17401.3,20443.3,18306.9,22901,20910.1,22709.1,20661.4,18004.1,19039.4,22468.5,20613.7,18968.3,22089,18539.5,18538,17351,17568.1,17310.9,22392.2,19426.2,21037.4,21398.7,19122.9,21920.6,21899.7,18189,21001.5,17880.7,19332.6,16788.3,17887.1,19226.5,17808.8,17613,20797.7,17523,16914.7,23013.8,18988.7,18699.4,19558,19012.1,18112.7,21903.9,21428.6,18718,20931.1,20222.3,16944.9,21499,16807.3,21232.9,19132.6,22529.5,21630.6,19183.3,20904.3,18299.3,17414.9,19019.1,22409.2,19825,19484,18701.7,20902.2,18242.9,21126.4,18458.3,16456.1,19608.5,18281.1,17884.3,21983.4,19958.8,16718.3,18949.6,19468.9,18805.1,21618.5,16155.5,21027.6,18524.8,22681.2,19371.9,21817.7,21770.2,20226.2,21372,17152,18470.3,18556.6,20029.4,18874.6,21333.5,21845.7,24152.2,23095.3,23028.4,24262.8,21847.7,20609.9,22092.8,21650.5,23748.8,23580.8,21315.5,22700.4,20305.9,24942.2,20982.5,23106,25291.4,23927,21162,19419.8,22697.7,21118.8,25563.5,22010.9,21634.7,24576.8,22473,20487.8,20105.8,24031.2,24046.4,20528.2,25202.4,25301.1,21869.4,24514.4,20987.4,21913.8,20493.4,18353.6,23575.7,23740.5,20860.5,18704,21737.1,23739.3,24581,20320.1,24773.4,25942.3,21087,19881.4,23444.7,25257.8,21327.3,23935.4,20617.6,24563.1,25361,25672.4,26335.7,29189.9,34982
33226.5,27871,27184.1,25253.2,24022.3,22014.8,24460,20652.5,21677.5,17647.9,18922.4,21166.3,23240.1,23808.8,18569.9,23260.6,18866.9,21751.1,19334.8,20590.7,20333.4,17919.2,21058.8,22286.4,18726.8,17901,18375.8,17293.1,20673.1,17267.2,22430,21960.9,22880.4,17405.3,18209.5,18071.2,22356,20480.8,20498.9,21839.6,16736.6,20499.2,19747.9,20812.2,21247.9,18574.5,17694.3,17744.9,17633.8,21988.9,21485,18772.5,18740,18305.6,22456.3,18667.7,17785.6,16351.7,18350.4,16389.9,20567.3,21862.8,19902.9,16328,20657.5,18217.9,20508.4,22125.6,18513.7,20986.1,16756.7,22800,18535,17992,22368.2,23111.9,20809.8,18438.4,19402.2,20291.2,17381.8,17788.9,23237.5,20897.2,21444.5,18945.1,20679.3,17295.7,21452.9,17023.6,22875.3,22416.4,19446.7,19021.2,20545.2,22364.9,20294.3,18795.1,17605.9,17051.6,18352.5,22159.7,16481.7,21495.9,22017.1,15693.6,20930,19307.2,20180.5,16167.8,21073.6,16984.1,21973.2,19380.2,18888.1,20973.6,17798.8,19075.9,21099.6,22810.2,17212.6,22519.4,17596.5,18120.7,22426,17186.9,17446.6,22690.7,21116.4,20541.7,21268.1,18748.5,21308.2,18155.5,16816.5,17572.6,19323.7,18715.6,20692.8,20947.2,18419.5,15991.8,21827,16404.4,21531.4,18224.4,19738.7,22031.5,17246.9,21429.5,20353.5,19596.7,21130.9,20781.3,15926.9,21519.4,17141.8,18995.3,17985.6,18043.3,16491.7,19189.7,21472.3,19788.1,19935.5,19296.2,16999.8,17232.1,19304.1,21725.4,19787.6,23149.4,22885.8,23593.7,20526,20384.1,17899.1,22224.6,23699.3,18136.6,17870.5,23584,21595,18113.9,20098.7,22569.7,17172.1,19891.5,21235,22156.8,21563.4,17114,19067.7,19173.3,17860.3,22113.3,17572,19319.6,17921.3,23226.6,19797.7,17335.5,20064.8,20445.9,20540.9,22461.6,17766,21465.3,20209.3,16918.7,18805.1,17360.4,19612.6,21832.8,18481.4,20698.8,19723.5,19633.2,18865.8,22664,18708.7,19511.4,20007.8,18508.4,17721.3,19709.2,23548.6,19919.9,18378.2,21555.3,22106.7,18132.8,23360.8,23469,23480.4,18865.5,21068.4,19371.6,22845.5,21185.3,19310.9,17086.8,17084.5,21334.4,22428.4,20211.8,18061.5,22922.1,18762,17302.9,17100.8,21657.3,22147.8,17804.5,20813.7,22665.9,17152.9,20278.6,18483.9,22093,19628,20367.4,22589.2,21781.1,20599.6,21662.9,19459.6,17515.6,18733.3,21859.1,20308.7,17275.2,22267.7,23462.1,18541.7,17794.2,21402.4,20483.7,19795.3,22948.3,23164.1,18591.8,17257.5,19610.7,18576.9,22598.1,21983.7,17665,18456.3,22112.4,16657.8,17163.9,16499.3,21070.6,20549.5,21176,18730.8,20455.3,16468.6,16833.7,16109.8,21925.7,18095.9,21547.2,22746.9,21944.1,18994.8,18451.6,16546.9,18033.1,18961.6,19365.1,19162.8,17459.2,22619.3,23819.6,19980.2,18610,22699.7,23822.1,22523.9,18059.9,18965.4,20662.6,24369.1,21452.6,23124.9,22813.2,23002.2,21004.4,23093.8,21641.3,23148.3,23193.2,19481.5,20825,20676.1,22886.6,21148.4,21978.2,19669.4,20186.7,24209.6,24572.1,22405.8,23616.1,25396.5,22533.3,25087.9,21944.9,20365.1,18982.6,24895.4,18847.7,21890.5,22938.6,19599.4,19664.5,22517,20986,22138.3,24239.8,23887.1,22711.2,24182.1,20520.5,18767.1,24324.4,20702.1,20298,26079.3,23598,20083.8,23284.3,20478.1,22368.8,23984.6,19609,19575.2,25347.9,26934.1,23529.9,29360.9,36103.7
35892.9,26829,28948.2,27102.7,26423.6,19354.6,24441.9,21235.1,21799.6,21466,20544.2,22270.6,23698,17675.5,22591.8,19767.4,20394.6,17574,24055.4,23341.1,19189.1,21307.3,22953,23293.1,22616.2,20555.8,23422,18624.9,23184.7,22080.6,22655.4,20138.8,20239,19408.3,19325.4,17202.8,17668.9,18617.8,18525.4,17832.6,22431.7,22150.3,17674.8,22085.3,20166.4,21245.2,18176.4,17420,22206.6,18673.1,20206.2,20566.7,20901.7,17155.2,18561.5,20177.6,22271.9,19886.9,15822.9,17320.8,19503.6,20314.9,19751.6,16442.4,19922.3,21565.7,15903.9,17450.1,18480.2,20926.2,22878.1,19553.3,19623.1,16635.8,22134.8,19683.2,21036.7,20392.7,17354.8,18002.2,16840.2,20403.9,21305.8,20077.8,21782.5,18870,21531.8,21866.8,20081.9,22311,19149.3,19789.6,20653.7,21596.5,19199.7,16907.5,23123.6,22324.4,22600.8,19547.2,18906.6,21142.7,21621.8,22254.3,21239.2,19038.4,17409.1,20847.2,21940,16729.1,16112.8,15493.1,16128.5,19918.1,16878.1,16848.6,19987.2,19005.6,20401.5,17981.2,18731.9,22755,17669.3,21135.7,17982.5,21621.1,20679.2,21844.6,22785.7,20731.8,17834.7,18222.2,21683.5,17386.4,19142.3,17632,21807.7,21196.1,19495.3,19080.3,18900.1,17129,19354.7,16793.2,18759.2,19927,18472,19738.1,17323.8,18611,19613.5,17633.5,21284.7,18044.5,15607.2,18360.6,22440.3,16765.1,20457.6,18136,20573.1,19738.5,22562.9,19047.2,22775,18443.4,17088.2,21073.5,22689.7,21601.1,20686.1,19741,22495.2,23406.6,19671.7,20214.1,23762.1,23910.5,22093.3,19611.1,23954.3,22679.7,17475.3,20290.8,22323.3,17236.7,20014.8,19673.4,22990.8,21985.3,20246.4,18508.5,22818.8,20447.3,17639.5,20588,19754.1,20990.2,17268.5,18673.3,22319,22420.5,21413.2,22265,22363.5,19369.2,16557.4,17736.1,21091.6,18256.9,19672.2,18388.8,22094.2,18430.7,20230.5,21850.3,20874.1,18553.7,19405,20215.4,19482.7,19721.2,21132.2,19544.5,20399.9,19646.7,23399.9,21740.4,19623.6,20489.8,20210.7,19429.7,20365,21470.2,23215.9,20518.1,17042.1,23203.9,18565.2,17973.9,18252.2,20862.9,19704.3,17981.6,23069.9,20497.3,19960.1,22063.3,18775.7,23553.3,19574.1,21022.5,17700.9,20673.4,18254.3,21086.5,22524,22739.7,21568.6,19948,19845.2,21298.8,18779.3,23135.6,18916.3,23132.5,23351.4,19235.6,18977.9,19426.6,22383.9,22340.8,18451,18419.4,18656.8,20362.8,16963.4,21093.8,22703.6,20051.8,22358.2,18124.6,17167.7,19561.1,21381.9,20729.7,17438.2,21872.6,17179,17239.4,21810,19125.8,22533,20732.5,17518.7,21370.4,16581.6,16382.2,16308.8,20587.5,20336,18717.1,18278.7,21150.1,18129.6,16625,19830.1,21065,21458.7,17469.8,21105,22955.3,22777.2,19677.8,20747.9,21799.4,21581.3,20423.9,20583.7,21501.8,17815.4,22952.9,20050.7,20504.5,21774,19529,24547.4,22878.9,23991.7,19754.5,18759.1,23161.8,23833.9,24472.7,20172,21967,19126.8,23930.1,25157.2,19536.5,20702.4,22941.7,19226.4,19662.6,22389.7,23135.9,19846,19582.1,24948.7,19344,20396.7,23227.2,23985.3,21579,23243.2,25225,20949.2,23808.4,23340.2,21860.7,20759,19341.8,19279.1,23298.6,24268,22434.7,22615.7,24726.4,26225.6,25549,25551,25368.6,21097.5,25822.6,25877.3,20773.5,21339.3,23251.9,22440.5,23038.6,24201.1,27310.6,27224,35766.1
33586.7,28616.8,24970.9,23635.7,21084.6,25497.9,21835.4,20863,23758.7,23755.9,22576.7,20679.8,18016.6,20524.9,23404.2,24018,18863.7,19899.5,23960.9,23685.7,21986.8,21286.1,22146.9,22847,21126.3,19598.6,19849.8,20114.7,20664.6,18747.4,22114.4,22265.1,22226.5,20613.8,21568.9,17981.2,22328.7,19621.1,21271.4,22803.4,20198.4,22661.6,16601,18539,22082.4,17726,17731.8,17028,18029.6,20905.6,19311.5,18455.5,17451.7,18266.8,17376.6,19145.3,19953.4,18852.5,19506.4,17103.7,19207.3,20597.7,18210.3,19750.7,19956,17395.8,16024.8,17710.2,20097.1,21350.6,18539.6,20532.8,16708.8,23051.7,18642.7,18921.3,23148.3,19344.4,20577.2,21916.6,19687,18615,17569.8,20668,20074.7,20068,16952.4,23257.7,20375.6,18628,22906.2,17368.7,17851.7,22247.3,18887.8,19158.3,21628.8,21008.7,18311.4,22615.2,16369.8,18559.3,22062.5,18659.6,21036.4,18177.3,19352.4,17463.2,18892.5,19978.7,21543.3,21391.5,16455.2,21806.4,16183.1,22263.2,17294.4,21668.8,19647,19153.5,19638.7,19820.2,20479.8,18421.2,22323.3,18529.1,16624.2,19247.4,20744.5,17555.9,19384.4,21165.8,20415.5,20096.3,17410.5,22663,16673.6,19079.9,16565.1,21086.2,17815.2,21677.9,16794.3,16834.1,19109.9,21742.3,21206.8,19256.1,20383.1,16319.4,20440.5,19762.5,22465.8,19257.1,18906.8,18247.4,16725.1,20640.4,21047.6,22698.2,22038.9,20267.4,17460.5,22148.5,22214.1,22347.9,18013.3,22805.8,18707.3,23564.5,22309,17499.1,22477.6,17804.8,18714.6,18073.3,21262.3,19387.6,23907.7,24052.7,23861.7,23827.9,19582,21784.7,18454.2,17161.6,22748,19749.2,23298.1,21985.5,22731.6,19534.5,18746.2,20943.1,19505.8,17947.6,21249.3,21024.5,19188.3,22132.9,20968.9,20702.3,22953.7,21329.2,22969.7,20572.8,17726.1,22428.6,19517.8,22871.6,21027,20423.1,20076.4,22606.4,18815.6,21824.9,22412.8,21657.7,18513.9,21119.2,22085.5,21617.5,17896.6,20457.1,22906.4,22126.1,22276.1,23703.6,20646.1,22585.9,23099.4,20256.3,18596.9,20898.8,17024,19829.8,20755.6,21627.8,17218.9,17526.2,20921,20829.9,18192.1,19024,21822.2,20812.2,17240.2,23148.1,22056.3,22216.5,17054.1,19836.3,23406.7,19593.7,19820.6,18836.6,18760.1,22371.3,20837.2,21613.5,19818.2,16957.3,19943.7,17120.5,23004.4,16986.3,16866.4,23824.5,21091.2,23271.9,19075.1,18837,20544.7,21073.5,23039.9,17738.2,20977.9,17490.7,18610.4,20328.1,21255.1,18348.5,18341.6,17620.3,20269.6,19334.6,21031.4,21025.5,18483.3,20057.9,16814.8,21384.1,17834.5,17546.8,19971.8,17028.2,18156.3,21973.2,18396,22746.6,17047.8,19767.5,21361.2,19890.1,19919,22630.2,21120.4,19540.5,21462,19872.3,17786.9,20897.1,21538.9,23244.8,22901.8,20495.7,22623.6,19817.3,18058.6,20229.6,20584.8,17889,20230.5,22692,20533.4,21023.1,21425,23506.4,18543.7,19011.1,22633.9,18517.4,21842.6,22672.5,23664.9,21361.1,20274.6,20084.2,20759,21216.7,22741.4,20842.4,19369.8,20563,19061,24217.9,20749.1,23623,18995,19622.2,23509,23495.5,22832.7,21773,21295.1,23026.7,21851,21450.5,21694.8,22324.7,21414,18416.7,21394.6,23765.4,23041.8,24763.4,21012.9,24631.7,25547.5,21952.8,25178.9,22987.3,21386.6,19556.4,25588.8,22806.1,25374.4,21786.1,21708.9,26090,26397.1,27388,26907.8,34515.3
32033.3,29712.1,29083.6,26575.7,21103.2,25490.2,20286.3,21539.5,20023.7,18053.6,20877.3,20028.8,20154.5,22209,21462.1,19976.3,23923.2,18413.6,22467.7,20111.7,22169.2,19341.9,21578.6,19830,22198.4,19942.3,17932,21035.4,21761.6,17880,21122.3,21358.9,21947.8,20034.9,20125,21887.9,22660.4,20163.7,16962.4,19779.2,20227.7,20897.1,16962.4,21143.6,16602.4,18376.6,19259.3,21975.2,21970.9,22225.5,20242.4,18704,16343.4,18464.8,22413.5,16847.9,21634.8,21585.5,19823.8,17196.9,17747.5,20735,17947.2,18052,19548.2,16805.1,16373.2,16437.7,18684.9,17438.7,22174.5,20759.2,19483,18510.4,19338.1,20895.1,22896.1,20196.3,20848,19256.5,19338.4,23074.1,18617.1,19818.3,20812,20658.8,20825.5,23179.2,22083.5,20676.4,18288.9,21998.7,18988.8,23302.4,17819.1,17263,22685.8,16595.3,21195.5,21414,16749.2,17368.4,20832.3,20023.5,16443.4,18402.4,18806.8,19468.5,20323.1,16492.1,18870.6,16982,21116.3,20573.4,19312.8,21555.7,17357.9,20861.3,20898.1,21210.2,19508.9,18112.1,21200.9,22676.1,21380.1,16582.9,20511.3,21012.8,20169.9,17406.3,22008.1,20567.8,18210,23243.2,21740.4,16704.5,18970.6,19564.7,16922.5,20743.9,18759.8,18809.5,16026.8,18709.4,17543.3,16163.1,20334.5,19998.4,16272.1,20393.8,20874.2,17752.4,18247.3,17269.7,15270.3,18979.3,22422.4,22309.5,17970,22200.7,16697.3,20973.8,22173.5,19972.7,21889.4,22463.5,16792.4,18661.8,21965.7,20275.8,20628.8,17699.1,19604.2,20406.5,23763.8,23846.5,18793.1,20569.6,17927,18871.1,22145.9,22890.8,23102.6,23035.7,19281.7,22535.5,17149.8,19622.7,21602.8,18046.2,21331.6,17993.7,22621.8,23666.7,20147.2,22487.2,19573.9,18284.5,22178.8,19393.3,20517.2,23274.7,20075.1,19697.5,18519.8,19325.4,19970.7,19255.9,17138,19830,18378.6,19965.4,17216.6,22967.5,22026.3,22303,20914.8,22818.5,22500.9,21128.7,20566.4,21060.1,22775,18203.3,22390.3,19472.4,22365.2,22354.7,21485.2,21967.5,21245.5,18848.2,22224.3,19768.2,18680.4,19439.6,19112.3,22869.1,17482.7,21645.7,22435.8,19535.5,19143.7,20752.2,19196.5,21119.8,23163.8,20887.4,19638,19284.5,22770.3,17262,23379.6,19519.2,20670.9,19405,20057.1,22020.3,20302.3,20528.9,20037.6,17759.2,18710.1,20980.2,18887.7,23258.2,22989.6,23836.4,21494.2,20633.9,18829.2,18507,18218.4,18138,18808.3,16749.1,21290.9,21944.4,22027.3,22090.6,21769.7,19550.1,22057.5,18174.1,21135.1,17111.2,22714.1,19153.3,18592.1,22202.1,22329.7,18216.7,20110.8,18551.7,16564.2,18855,21162.2,18895.7,21262.8,21740.3,18782.8,21825.4,19694.8,19853.2,16810.5,18282.7,20285.8,16580.7,20229.8,19717,21919,22107.5,17566.2,22353.7,20312.1,22639.9,20400.8,19393.4,20812.4,23965,23299.5,21279.7,21155.2,24127,18162.5,19178.7,21951.5,22418.8,19896.5,19394.8,23851.1,21500.4,22674.5,20453.5,24582.5,21689.2,22494.3,24103.5,25185.6,22981,19720.8,23963,19575.8,21173.5,20042.4,24920.3,22077.1,22549.9,25042.1,24498.9,22357.8,19326.2,19276.5,22843.2,24060,19081.2,23245.1,20130,18343.7,20513.4,20007.3,22437,23336.8,21072.1,22220.3,21530.4,23018.6,24732.4,26012.2,20494.5,21716.2,19606.5,21763.5,19634.4,24538.3,21519.3,25876,25870.2,23035.5,24584.7,26493,29789.4,30881.2,36384.3
32039.4,30623.9,24637.2,23295.1,22853.3,24985.5,23656.6,19585,18855.8,22830.6,23839.5,18741.2,23850.7,21881.3,18116.9,23495.4,18662.2,19173.4,23971.4,19187.6,23200.9,19044.4,18338.8,18807.2,18784.9,17348.8,17917.3,19884.1,20551.3,17045.2,17369.8,20453.3,17211.4,21116.6,19002.2,20032.1,21345.5,18627.2,16869.1,22444.8,21377.2,19083.3,18643.1,16470.8,18883.9,20861.5,21538.7,21915.8,18629.1,17214.8,19037.8,17852,20403.8,16528.8,21929.9,18178.2,17739.3,18029.1,15814,15951.7,16063.9,21152.9,17194.7,18871.1,18210.2,18543.8,17607.6,21403.8,18254.2,22133.2,17108.4,17370.5,18313.5,19968.1,17393.6,18225.4,20852.2,20454.6,18686.4,21630,19282.3,20413,18511.9,18432.8,17981.2,17380.8,22168.2,20549.6,20902.2,22634.3,18851.9,21766.8,23272.5,22259.1,23114.8,18420.7,22782.2,18230.5,22434.1,18239.3,22270.2,18114.2,16724.4,21786.6,19336.8,17518.4,18465.6,19865.3,18751.6,21205.9,16505.1,18970.4,18069.7,16172.9,21236.7,15870.6,19456.6,20118.6,17415.4,21786,17366,22527.9,19440.9,18214,17631.1,19820.8,23193.6,21404.6,17323.9,20191.8,21756.7,19739.7,17989.4,18224.5,22786.4,16406.2,17854.6,16710.7,21354.1,19421.9,19748.9,19801.6,21729.9,16533.9,15997.2,16476.8,21747,18024.3,21047.9,18817.7,17213.6,16697,19719.1,20372.8,19480,18705.5,18106.2,19025.6,18413,17267.8,19001.4,21317.6,16236.1,18276.5,18609.2,18281.2,22581.4,16832.9,21509.1,18641.8,22146.4,23029.3,22606.5,17599.6,20931.6,24104.4,19456.9,22080.5,18912.6,22401.3,20054.9,21591.9,17970.5,24056,23010.7,20774.7,18123.7,19456.2,22297.4,23088,19973.8,20797.3,19193.8,21895.6,18035.6,18814.1,19605.6,18559.4,17145.7,18330,21056.6,21905.1,20564.8,23205.5,18849.4,22962.6,16783,18715,19197.8,19370.1,17571.8,21729.4,23244,19876.6,18224.8,17344.1,22909.5,20370,20734.6,23650.8,17887.7,18420.2,17791.8,19098.5,18877,17357.8,17226.1,18346.5,20907.9,23825.5,19857.3,19761.6,20984.1,22847.3,21486.8,17509.2,19786.3,18437,20464.8,17433.7,19438,18225.8,19608.8,18017.5,20241.7,20104.9,18517.9,18336.3,16943.3,17107.9,22087.9,20708.9,21526.8,23052.2,20791.2,22055.6,21887.6,20138.7,20529.5,19270.9,18039.2,22167.4,18561.4,19105.7,19850.8,17644.1,19602.1,18420.2,18296.4,19258.4,19661.4,21689.8,18332.5,19640.4,18179.3,21261.1,23088.7,17373.2,19966.9,22352.4,22683.7,22846.4,19337.2,21812.2,19745.4,18930.4,23084.9,21874.9,22298.3,17040.8,16601.5,18451.8,17787.3,22704.7,18343.7,21961.8,18138.8,21986.3,21282.5,22204.5,22040,18863.8,17026.7,18542.8,16465.2,20467.1,19504.7,19806.6,21179.4,21586.1,20301.9,23443.4,17553.4,23647.7,17460,20388.3,21648.6,19241.7,18641,18440.2,19573.7,23707.5,19598.9,18986.7,23665.7,24588,21498,20839.9,18955.3,20710.8,24446.5,19774.3,23974.5,20261.8,25023.8,23858.9,20200,24044.9,20334.2,19986,22400,20652.4,21388.3,20962.7,19085.1,25395.7,23514.2,23996.8,20228,25449.7,20455.6,23764.8,23888.5,22431,19669.1,18984.3,23747.4,22887.9,20577.5,24873.2,21418.8,19859.5,19683.3,23128.1,19851.7,22649.7,22166.4,20537.7,25191.9,22298.2,20075,20499.8,21182.3,24205.6,21459.7,21970.2,22945.2,25651.8,20945.6,24582.3,26588.1,25092,29795.1,37340.1
32369.4,30664.6,29019.7,23199.9,21740.9,20993.4,19574.5,19514.1,21687.4,19549.5,22457.6,18803,21550,18767.5,23563.2,22904,18823.3,19356.8,18246,19336.9,22873,21848,21550.9,18207.2,17629.7,23045.2,17653,22463.3,21650.6,20619.7,21693.6,20482.6,17624.5,21573.7,19777.1,19652.2,22589.6,17753.9,17243.6,21263.4,21146.7,19536.8,22703.3,17990.2,21854.1,18209.9,20645.9,19117.1,20244.7,18665.3,19420.9,17127.7,18290.5,20438.3,22530.9,18199.9,20916,16445.2,20979.8,19859.5,17088.6,21038.5,19476.4,19888.9,16714.4,18557.9,17593.4,17019.6,21988.7,19882.4,17957.2,16995.7,21826.5,17841.7,18354.1,20059.6,17285.4,22282.5,21202.3,17317.2,23166.4,23056.6,19415.1,17433.5,17347,19357.7,23416.1,22435.5,6737.63,23250.6,22796.9,22420.3,22710.4,20597.4,17705.5,19470.8,22382.6,17774.8,17411.7,20276,21873.4,18028.5,16612.9,21851,17958,17800.4,17509.9,17972.5,16990.2,19122.3,19214.6,18622.6,21053,17809.1,19135.8,22063.4,18990.8,17650.4,22370.6,18726.3,17282,18030.1,19347.5,22163.9,17710.6,18829.7,21546.6,17824.8,18160,18084,21366.5,19459.8,21033.5,16955.1,17362.7,21363.8,21001.1,21421.9,15791,20943.7,19623.9,16176.1,19022,19625.6,16597.8,17290.7,22350.5,20624.8,22289.5,17157.7,16773.7,21065.6,22506,20233.7,18013,16978.7,19528.1,20424.5,20412.7,20240.4,21048.1,21877.3,18660.1,16468.1,19101.2,21874.4,18197.4,21417.9,23430.6,19163.8,22202.6,22169.4,23089.4,18000.6,21307.6,21266,20332.3,18912.6,19322,23846.1,18113.8,22714,20842.3,20104.5,21826.4,21609,17160,21497.9,20629.6,19908.5,22419,22363.2,17763.1,22816.7,20503.1,22091.9,17205.9,18932.4,17538.4,17156.4,18931.1,20948.7,20084.2,19683.4,20053.3,18945.8,22653,22007.9,19102.9,20974,17378.7,17258.5,17526.3,17952.4,21478.9,18956.6,23273.7,17481.6,21655.5,20262.7,18378.1,17173.5,21252.7,20227.8,21531.4,21872.5,21330.5,23657.7,17559.3,17639.9,20959.3,19898,19410.5,21610.3,17461.9,19392.8,18644.2,21420.7,22483.9,20850.2,21919.9,21743.6,16902.7,21949.8,23279.6,17395.9,20507,21401.9,17887.7,22578.8,16894.4,21028.1,22568.9,22721.2,17396.3,23237.2,20869.3,19058.1,19046.1,17200.1,19431.4,18319.2,18065.3,18234.4,17850.8,17835.9,20949.5,21815.8,17680.5,22948.7,20254.9,20107.7,19524.8,19247.1,19826,19629.4,22600.7,21285.8,19411.7,21348,16931.2,21172.3,22811.1,21816.4,20801.4,20006.2,16587,16833.2,19840.1,21803.9,20728.6,19103.3,19493,16566.3,16522.3,20016.5,19403.3,20314.6,20775.7,20629,17266.2,20682.6,21653,17936.1,22356.5,17684.4,21922.1,16497.6,18059.6,21318.6,17201.8,23468.6,19243.5,22601.9,18446,17814.1,21881.5,24016.3,19379.5,18328.2,23352.6,18805,17962.4,20445.3,23333,18463.4,22595.2,22576.2,21211.9,21416.5,22181.4,18791.9,18747.6,21238.2,24597.6,20608.5,23756.3,23302.3,21557.7,24910.8,24867.5,25093.8,22394.1,23036.1,19523.3,22831.5,23732.3,25485.9,24010.7,20697.9,24625.1,23645.4,19257,19259.7,22621.7,23369.7,20361.1,20775.3,20811.3,22567,24629.7,18401,22213.8,18654.5,18979.6,20097.8,22075.7,22215,25295.1,23150.1,21090.8,19502.3,23042.7,20382.5,20359.1,23733.5,24645.4,22595.5,23872.7,20373.4,21765.2,28362.4,30259.1,32000
32856.4,32503.2,24120.7,22305.7,19974.3,23442.9,22634.9,23002.7,19313.5,20600.5,18483.9,22934.5,23693.6,20884.3,20213.1,23552.6,18681.3,22798.5,21530.3,20221.6,22512.5,22284.8,18864.8,21592.9,17713.7,21884,18562.4,21973.2,18439.7,19888.6,18111.4,20420,20553.9,19338,22484.7,22061.2,17073.9,19829.2,19073.2,22575.8,18436.1,19475.7,18147.3,17058.4,18729.5,21552.8,17804.7,18271.7,22342,20882.2,17918.1,20043.9,20420.6,22483.9,19667,18933.9,19298.6,16741.8,19994.4,20457.1,20660.6,16275.9,16606.7,22119.9,19799.8,16243.6,21337.3,17472.2,22184.2,21751,21801.6,19924.2,17677.8,21091.4,18489.6,19262.6,20753.6,17294.4,21162.2,20552.6,22878.5,21599.5,20083,17671.4,20000.3,23387.3,19903.1,18953.3,21799.4,18392.2,22850.2,17461.7,19541.8,18790.5,18245.7,19599.2,18009.4,21534.5,17455.4,20526.1,21255,18369.1,18109,16390.3,20739.5,22066.1,15568.8,16157.4,19078,18990.9,16460.7,19317.3,21598.2,21377.4,17973.5,16525.8,17525.2,19018.6,19865,17325,17967.7,22069.1,22514.8,22327.4,19279.1,19335.1,18781.5,21783.3,19246.8,20314.4,21855.3,22254.8,23254.7,23479.6,20961.5,19476.4,21140.2,18185,21503.2,21750.4,18943.7,17734.9,17164.1,17697.1,21313.3,16973.6,20249.4,21177.3,16582,19453.9,18778.1,18020.6,17082.4,19688.4,17788.9,18485.4,17845.4,20844.4,17625.4,17569.7,19966.8,20221.6,20252.4,19493.2,17463.7,19561.7,16412.7,19676.3,19856.1,18150.7,21247.4,19030.5,18614.2,23939.7,22457.9,19487.7,23827.3,19807.1,18113.8,21534.9,18803.7,22732.7,20931.9,17849.7,20700.4,19121.2,23354,19785.9,17993.7,18614.5,22975.5,17244.5,23353.5,17446.1,20589.5,21104.4,20864.6,21550.9,19904.1,22041.2,21231.5,19918.7,19401.4,21738.8,18818.6,17279.3,17861.4,20866.1,17102.3,19783.1,17513.4,18094.4,22359.9,19066.6,22898.1,19338.4,19486.7,18924.8,21500.9,22288.6,17837.3,22941.2,19578.3,19053.1,17659.9,23001.9,18404.2,20632.5,23694.7,18081.6,17724.5,19335.8,22414.3,21755.6,20791.7,18887.2,20092.9,20514.1,22942.5,21609.9,21562.1,17660.3,19436.3,21482.6,18125.4,21218.8,22785.4,21382.2,22639.9,18894.2,20707.6,17430.8,22569.3,19352.8,20906.1,19424,20381.2,20906.4,21145.2,19033.3,19354.9,16550.9,19620.1,22892.1,20669,21314.9,17213.1,18939.5,19821.8,20176.3,17122.1,21706.4,17868.1,19928.3,23036.2,20647.7,17887.3,19215.9,21929.8,20539.7,21084.6,21277.5,18213.5,18465.8,21804,21328.3,20611.2,17836.6,21281.8,22635.3,22915.7,20252.9,22193.6,20116.8,21856.2,17748,22080.7,17296.9,18491.8,18491,22425.6,22988.3,20859.7,19033.6,18138.2,19624.9,19207.2,16473.2,17797.2,21853.8,19437.9,23450,23166,17219,22169.1,23551.5,18265.3,18749,18374,22743.8,20735.4,23044.7,21995.6,20547.5,23267.5,18090.1,19268.2,23461.1,23589.8,18005.1,19874.4,22946.7,21424.8,25173,25035.4,21127.2,19297.9,20137.2,20274,24358,25076.8,24217,19102.8,22919.2,21089.9,20379,23627,20710.6,24986.9,22377,21820.3,24205,23437.4,23395.7,19160.2,23922.1,24932.2,20714.2,19944.4,20355.2,19759.6,23062.1,21045.5,19632.8,23413.7,22145.8,24508.7,20143.3,19732,19971.1,19727.4,21220.4,19377.1,24686.7,25798,22507.3,21558.4,26272.6,24337.6,22674.8,27044.8,28826.2,31362.3,35980.2
34747.3,28188.2,24717.2,22981.3,20876.8,19272.1,19854.6,23640.7,24249.9,21181.9,22625.4,19932.8,20175.3,22567.8,23697,23635.6,22736.7,19240,22043.2,17754.8,18088.3,21323.9,21894,23433.9,20445.4,18127.8,17990.6,23135.3,19419.9,18085.8,17871.9,19735.1,20422.7,17937.1,20686,18318.3,18088.7,18306.3,21095.5,19861.2,21506.6,18627.7,16354.4,22347.9,18775,18674.3,18863.1,18406.5,20867.1,20755.4,18117.4,17099.5,17293.5,21281.9,18076.6,20028,20138.1,17675.9,21761.7,16081.1,19005.8,21942,19419.5,17848.8,19697.6,21901.7,17911.3,18255.2,19834,18338.2,19676.1,21400.9,18116.4,18323.9,19368,17953.7,18483.1,22029.6,19044.8,22409.6,21259.3,20954.3,19343.8,22694.3,19039.9,23222.5,23507.1,18649.6,21707.9,19048.5,21421.9,17698.7,17333.4,23010.9,19637.4,21470,17713.5,21909.3,18940.7,17760.4,18026.8,16940.2,17977.8,17019.5,21022.8,20885.7,16268.6,19012.4,20027.7,16818.2,19553.6,19196.4,18446.7,20887.9,17478,16787.9,19434.5,21328.4,18383.9,21556.6,21618.5,22693.9,21063.3,17655.6,21796.5,16814,18678.8,18591.3,22359.2,20561,21139.1,20705.3,21698.5,20571.7,20861.7,16725.4,21030,17286.3,17013,21171.3,17992,20244.6,22170.1,18314,21667.3,17179.6,20339.4,17832,20534.8,21141.5,21314.9,19392.6,17827.8,21601.7,17429.6,21050.2,18401.4,20674,17207,17638.5,22500.3,21792.4,20147.2,19946.3,18626.5,19780.5,19309.8,21276.4,20352.5,19356.6,20920.5,22383.7,19659.4,20829.4,21877.6,22059.8,23930.7,22992.7,7456.48,19376.6,19208.8,19040.2,19801.1,17917.2,22505.2,20168.9,18551,21362,17934.4,19319.9,21229,21299.3,21829.6,19959.8,17946.9,18997.1,18684,21328.2,20234,21873.1,20613,16889,23025.7,19165.9,19024,22888.7,21483.9,17508.9,16660,17855.6,20928.9,22655.1,18508.9,18882.3,22565.8,19289.1,22093.6,20708.8,18434.7,18586.1,18053.8,20106.4,19996,23371.8,19905.7,18971.9,18789.5,22971,19597.7,22704.5,23145.3,17973.1,22126.6,19676.6,17818.7,17741.8,17773.8,19037.1,19829.5,23184.9,17960.1,22656.6,17718.1,20447.6,17706.3,17436.2,21631.9,21221,20541.6,21908,21263,22312,21578.8,21114.2,22454.1,23187,18461.5,20382.7,16739.2,18044.9,19207,19003,20340.7,20860.4,20858.8,21304,18993.2,22633.1,22858.3,19354.2,22968.4,20210.9,23236.8,17049,17407.1,20135.2,17157,18857.7,18877.7,17577.3,21970.3,20128.1,18005.4,16529.7,16588.4,21001.9,21156.6,20365,22169.1,20657.4,21429.9,17470.1,21655.5,16626.2,21134.1,20727.9,21861.9,16456.9,18388.7,21389.2,22901.5,22381.1,20275.6,16953.7,22608.7,17939.8,19815.2,23013.8,18311.3,23555,19341.2,21439.4,19715.6,21119.3,19322.3,22449.4,23041,21631.7,19027.8,23313.3,23786,20718.7,20871.6,17918.1,19305.2,24437.5,18915.9,23635.4,24078.9,22443.1,23520.7,23950.7,23541,25214.4,22037.6,25500.7,21822.7,22020.3,23268.9,21084.6,23433.5,23627.2,19407.6,22133.9,20691.4,24347.7,21243.3,20928.9,20332,20209.7,20743.5,21158.5,18942.8,23233.5,21709.2,23907.7,19312.7,22040.9,22674.9,19053.2,19825.8,19736.7,22637.1,24850.7,22448.1,24508.3,20688.2,19173.5,24140.5,25259.3,25407.8,25644.4,24250.8,21347.8,25251,22761.7,22746.1,25024.1,21586.4,23442.5,22388.8,28228.5,29035,37808.1
34114.7,31839.8,23929.9,23347.9,24210.7,19442.1,24019.7,20362,23433.2,21297.6,19633.8,18572.1,18573.2,21159.5,23301.5,21117.1,18400.5,20151.2,22529.2,23360.4,18531,20278.3,21886.6,20796.6,21641.2,18453,22622.5,23538.1,21712.9,18249.1,19227.8,22092.6,17880.2,18685,17520.8,20615.3,19251.7,17766.4,20171.2,18375.5,21326.4,22682,19928.6,17466.9,21512.5,18423.3,19222.3,18751.1,18623.1,16918.6,18579.7,22035.4,21695.8,16091.5,18673.7,16970.4,16056.4,19951.5,18389.2,21688.9,19141.2,18543.3,17079.9,15836.1,19420.1,20312.6,17572.5,20625,19626.4,18024.6,20613.3,19779.1,18054.6,21711.6,21863.5,22783.1,18262.7,17066.5,18936.3,19537.9,21380.9,18163.9,20937.9,17647.2,19385.4,20465.6,17958.3,19445.7,20438.5,17388.9,18811.7,19292.8,20476.2,17657.9,17265.1,21443.2,18521,21345.2,22129.7,21300.6,20371.5,18570.3,21685.4,16318.3,16517.6,20327.9,21293.2,20819.4,18334.3,17390.3,17093,17173.6,16570,19119.2,17643.8,21759.4,16147,21154,17535.3,18978.9,16910.8,17466.3,17005.1,20881.9,17909.7,17488.5,19872.9,16596.2,22188.7,19592.4,23365.1,17837.9,16751.9,17929.2,18526.5,17587.8,22382.1,21971.8,17296.7,19728.8,18234.7,19082.9,16957.8,21520.2,16421.3,19168,16272,18368.4,19444.3,19844.3,21103.4,22282.2,17522,16964.8,18078.8,20876.7,18780.5,20961.7,19959.9,19102.6,19498.4,20683,17883.9,19538.4,18597.7,20034.7,17949.5,17503.8,21541.6,22201.4,21114.8,21280.5,18204.6,23992.4,23663.7,18078.4,20233.5,19107.9,20437.5,19960.5,21209.3,19438,23670.3,18997.2,18771.2,18686.2,20894.8,19540.4,18525.8,21363.5,18087.4,20568.9,18609.8,18105.1,23132.4,17333.2,22596.2,18275,19294,21962.9,20232.2,19444.5,19425.5,18434.9,18230,18603.5,22772.1,20284.4,21791.6,22937.5,20542.8,19193.5,17037.9,22966.1,22982.3,20951.9,21440.6,18711.1,18339.9,21382.4,23207.6,21454.7,23012.5,20116.5,19623.5,21521.8,19173.6,20417.9,21985.5,20243.1,22014.5,18641.1,20555.8,20819.3,20311.8,16953.9,19588.5,19235.1,19668.1,23279.4,20627.9,20003.6,22858.7,20708.6,19932,16876.3,21791.9,22346.8,21927.3,18220.1,23109.1,23390.8,23151,19962.8,22028.9,20386.2,22783.7,22126.2,17732.4,21264.8,20199.6,19613.4,22380.3,21716.8,20141.3,23211.8,23650.4,20144.1,20927.8,19780.8,18502.8,18276.7,22876.2,19249.4,18693.9,17240,21094.1,19062.7,18094.9,16762.1,20276.8,22699.5,20277.2,19421.2,20046.4,16746,22180.5,19451.4,19351.2,21955.5,22156.8,21048,21052.9,19258.5,18980.2,19512.1,20566.2,22659.8,20462.2,19058.9,16635.5,19568.3,17081.2,20864.9,19322.1,16172.1,18050.5,23105.6,20744.2,21786.6,21406.7,18607.5,18933.4,20975.5,21768.5,18470.3,18057.2,18711.1,22827.7,18816.9,19710.2,18415.9,20119.4,23183,22368.9,23178.6,23772.2,24449.9,23299,23191.6,22615.1,24100.9,18408,22365.4,22440.9,23954.2,20831.9,20593.4,23259.1,22711.9,22829,20524.2,22702.1,25405.3,20523.2,23705.5,21408.4,24562.2,21604.4,23891.2,23581.3,21962.4,22784.4,22314.1,24108.4,19632.7,24578.9,21363.4,20129.8,24296.9,23607.9,21191,22392.9,23626.1,23535.8,19943.7,18916,21352.2,20421.6,23178.1,25461.9,23815.7,19957.8,23118.4,21017.2,25930.6,21626.8,22464.7,23282.6,21849.2,25912.5,24891.5,29676.8,37694.6
34153.8,27931.5,28552.3,22125.7,21101,20248,24658.8,21069.7,19145.5,19415,22159.9,19444.7,20601.4,23239,21368.6,21436.7,19308.3,19754,17764.8,22742.9,20423.8,17223.4,17647.6,17837,21251,21073,17866.2,22438.7,23008.6,17766.4,21691.7,23714,19007.2,19933.7,22830.1,22550.8,17916.7,22256.5,20986.6,20035.7,20641.6,22607.7,19317.9,17479.2,22766.5,16570.2,20823.5,18758.9,18301.5,18268.8,21639.3,20710.9,17236.3,18390.6,20316.3,22065.5,20183.6,20474.3,21305.6,20180,21944.5,19108.8,21482.2,17039.2,17709.9,20880,16700.9,15977.1,18931.1,17744.2,21045.2,20988.5,23106.6,21726.6,21827.3,20429.8,22197.2,17578,18154.9,17212.9,19875.9,18274.5,21632.9,20062,17901.8,20492.9,20356,20638.1,19359.2,21079.9,21394.9,22027.7,22915.2,17465.8,21693.9,21496.4,19310.3,21386,21526.2,17677.6,17121.8,16476.8,16310.1,20698.4,16300.6,17883.1,16391.3,18209.2,17167.2,21072.8,22101.2,17081.8,21793.1,19476.7,17106.9,20323.2,17698.7,17996,20711.2,21264.2,18701.3,22285.4,19679.3,23093.7,21615.5,21574.7,19643.7,17574.1,21262.7,18525.6,18833.2,18186.7,17978.3,21129,21772.6,19380.2,20800.7,20625.4,17257.2,19782.7,18476.1,20757.5,19710.9,18368.7,20798.2,17218.7,20511.6,19806.4,18923.6,16774.4,17619.9,21114.4,18918.5,18994.2,19457.7,21971.6,22630.6,21370.4,16909.8,20717.6,17813.6,18035.1,18254.9,16471.5,21773.6,22860.5,18741.9,18852.8,19289.2,22052.2,21778,19670.5,17927.6,18266.7,19051,19543.4,18212.7,19711.7,19786.8,20936.9,19908,20627.8,17910.4,18021.9,19635.4,23216.8,18611.7,19273.1,17930.4,17398.3,17337.9,23374.2,20805.3,19109.1,17941.6,22247.5,22331.4,17680.3,22650.2,17932.4,19599.8,21936,19783.8,20310.8,19480.7,19352.3,19432.8,21973.5,21840.4,22753.1,20776.7,20128.5,21820,22919.4,18584.3,17625.9,22375.8,21773.5,17425.9,22502,22051.9,22982.9,19703.4,18479.5,19862.4,18516.8,20168.3,20936.2,18669.6,19736.2,21052,18662.3,21928.2,23419.8,22588.1,18010.9,23103.2,18986.4,19987.6,23298.3,19421.9,17460.7,20643.9,20415.3,20241.3,21153.1,18975.6,17538.9,22193.9,18357.6,20123.4,20899.3,18682.1,17867,21356.6,23139.1,21090.9,17738.4,19636.5,19135.5,16850.5,21209.9,17474.6,19792.1,22151.8,23419.1,23574.4,23966.1,20220.9,22443.4,23089,20626.7,20769.9,21005.1,18426.7,22900.9,20333.1,22608.3,21140.7,20564.1,19106.1,22855.7,21068.4,16901,17704.7,18517.8,19559.4,22627.6,18206.2,17637.8,16603.2,18437.1,17090.8,20418.7,22262.1,21036.8,19520.7,20050.1,21525.7,19429.5,16913.6,21313.5,21334.2,20785.2,18899.1,17858.5,21068.2,17578.5,20587.7,17783.9,21456.3,22518.9,23522.2,23728.7,17315.1,23574.2,21656.1,18952.5,22606.2,22726.6,23522.9,19825.6,23503.1,24479.9,22449.1,24287.3,24571.8,19769.1,18454.9,23776.4,23233.1,20551.4,20278.3,23834.3,25067.2,19254.2,23144.9,23939.3,24597.9,21551.5,18680,22738.9,21116.9,19995.4,21467.2,24277.1,25488.8,23905.3,21853.2,20622.6,20831.2,25597.5,22129,25287.3,25373.1,22386.6,22601.8,22704.2,24359.4,21186,24188.3,21343.2,22137.8,23516.9,20459.4,18875.4,19637.9,23139,25400.5,21831,20851.3,19777.4,24579.5,21882.1,24779.2,22711.2,21966.7,20565.2,23455.6,23137.7,21578.6,26369.6,28653.5,35779.3
35354.4,31633.2,29725.8,27573.2,22970.9,19450.3,20135.1,20931.7,23629.9,19281,22879.2,18863.7,23041.5,21831.2,22152.3,20939.1,23077.4,20842.4,17966.8,22306.2,22024.8,19634.9,18966.7,18614.3,23796,19498.1,20546.5,21828.7,20941.4,18778.5,22860.3,22073.4,18422.4,20635.2,22193.4,19598.7,18836.2,22105,19520.1,20501.3,20405,18768.3,18976,18965.6,19094.9,20626.9,17271.6,16999.8,22029.5,21710.1,20058.1,21492.9,18947.9,19297,19847.1,17486.1,21685.4,17013.4,20750.7,20209.5,19294.7,18770.2,19316.6,21220.9,17246.1,21231,19573.2,21593,17259.3,18548.9,16927.8,22127.6,17600.5,18482.5,20673.5,21977.1,19747.2,19368.6,21029.6,19306,17220.4,22514.4,17628.4,21407.6,20823.1,21453.5,20273.7,19844,21956.7,18171.5,22093.5,18807,21767.8,20141.2,19734.3,18121.3,18054.9,22045.4,22087.8,19286.1,22760.6,20899.1,21353.3,19415.5,19138,21712,19176.4,20087.4,16136.6,18333.6,20382.8,17095.8,21747.8,15951.1,19005.5,21108.6,16382.9,16579.2,18253.4,20843.5,21958.8,19808.4,18547.7,16733.1,22462.4,19630.1,17065.1,22142.9,20435.2,17336.5,22279.2,19939.5,21485.6,20010,21845.2,17561.2,18651.5,21398.7,20755.3,18339.6,18065.5,16839.5,21462.8,18241.2,16878.2,19603.6,18475.1,21711.6,17644.8,19783.7,19000.8,19400.5,17681.6,21867.8,20010.9,17033.1,19865.8,20209.3,21169.1,20517.5,21834.1,16440,16632.7,17968.1,18954.3,18639.5,21202.4,21576.1,20722.1,20395.1,17632,22394.6,20159.3,23028.4,19003.6,21512.9,17895.4,18263.5,21119.3,18810.3,20948.7,22809.3,23479.6,21249.7,23644.9,21855,20789.1,22901.5,20000,20811.6,17316.9,23302.6,23225.9,21769.3,23418.8,19039.8,19649.1,19473.4,22630.3,19657.1,20799.6,17819.4,21309.4,17014.8,22136.2,21426.4,19284.2,21434.9,20186.3,23208.3,20354.8,23120.5,21074.7,20001.3,17606.9,23496.8,18109.6,21453.2,18028.4,21898.2,22868.1,19873.7,20649.8,19386.4,17998.8,23189.2,22971.5,21030.4,18688.2,17554.3,19037.9,21630.4,17075,19355,19387.3,21497.5,20727.9,20840.6,19272.5,19732.9,23483,18025.6,20281.3,20239.4,19739.2,19187.3,21788.6,20679.3,20974.2,22980.1,20626,22734.7,22838.2,18300.8,17349.6,20913,20813.2,22891.4,20989.8,16912.4,21145,21390.1,19526.6,20965.6,18271,18686.6,18006.3,17531.4,18963.4,17478.4,22338.7,21267.5,23390.9,22678.3,21860.4,18694.4,21399.6,21456.5,21800.8,22940,23497.6,18221.3,21625.3,22442.6,19948.5,21239.6,21065,19736.4,19725.9,21385.2,22264.3,23049.4,18950.7,22843.8,17485.7,22744.8,17293.4,19686.9,18260.1,21768.8,20148.9,22846.1,18240.6,17471.2,16798.1,22359.8,19082,20370.9,19657.9,21766.4,22951.6,17037.7,21350.9,22253.4,20563.1,21118.6,20773.8,20329.8,23315.5,20148.2,20429.5,22336.4,23244.7,19525.6,20187.1,18786.6,22071.7,24871.7,23832.8,19656.7,22742.2,18419.6,24091,20061.9,24850.6,21511.1,24304.4,24680.2,24049.1,22114.8,24554.5,20290,23421.8,22484.9,23482.5,24588.2,20909.5,20209,24962.8,25030.1,21881.5,21357.2,24146.7,24086.8,19678.1,24660.9,19258.5,20113,19549.2,21517.1,21107,24555.8,22225.3,19290.4,24255.7,20826.6,21134.5,22642.3,20630.8,22732.6,23232.4,21022.1,20396.6,25445.5,20608.8,23993.7,24036.7,20671.5,20309.2,26077.4,27217.7,26267,31743.7,37423.5
36560.3,29905.7,24049.2,24288,20408,22662.8,22659.3,19831,20454.4,21066.9,21265.3,19063.8,21734,20799.8,20475.5,20173.5,24182.2,20479.4,23839.6,22240.8,19390,21972.8,21158.3,22882.9,17239.9,18613.2,23127.7,17626,23272.6,23793.2,23547.3,23136.9,22188.9,21384.2,22220.4,21164.5,19400.8,18423.8,22909,18625.6,20391,18071,19539.5,16389.2,21189.6,18790.4,17352.4,21122.5,19317.6,16757.8,20620.8,21997.6,18115.8,20713.5,19407.7,16003.9,20978.7,19778,17990.4,16129.7,19959.3,20561.6,17010.8,22069.2,16621.2,19363.8,17301.8,21631.6,17158.6,16306.5,21379.1,17578.7,17809.6,18524.7,18061.7,22960.5,22640.2,18846.8,18148.3,21257.4,18850.2,20113.6,17362.8,22025.9,19532.4,21019.4,21957.1,21198.3,18633.3,17811.5,19474.5,19701.5,21637.7,19796.1,21384.8,16894.9,23499.9,22973.6,23037,21054.1,19606.2,17303.8,21137.6,16666.6,20122,19171.2,21698.7,20034.6,19966.6,20883.7,22080.5,20269.2,19284.6,19137.5,19507.8,16266.9,16041.7,21794.4,18942.2,18758.1,21707.4,18653.8,20956.3,18331.2,20798.2,19655,16844.5,22248.9,19150.8,19473.8,20778.3,22002.7,18443.7,22946,20601,19554.2,20867.9,17175,18907.4,16518.4,16908.8,19295.2,19170.8,21419.8,20968,21561.2,21917,21635.1,17263.8,19903.1,17785.9,20554.4,20992.2,17741.3,17304.2,20336.6,21364.4,21093,21500.7,18814.8,21425.9,17447.3,20836.9,17070.3,17356.5,18568.3,18127.6,22005.4,23042.5,18332.9,5644.44,23609.3,21133.3,19491.7,23486.7,20442.7,22194.2,18568.9,21099.6,23223.9,19530.6,20785.6,21450.6,19345,18710.7,23435,19986.2,18921.2,22433.4,19453.3,21389.8,17622.4,20199.9,19553.4,19401.1,21187.4,22212.9,21572.1,22121.1,20528.9,20991.9,21540.5,22369.9,18929.6,18400.4,22579.6,17824.4,19104.5,16735.2,22923.2,17339.1,20022.9,22650.8,19526.2,17350,20692.9,22341.6,22205.7,18449.4,19394.5,19048.7,19066,20222.7,23806.2,22494.8,20181.6,23839.3,20367.7,23600.5,19916.5,16953.6,21767.6,22262.2,21965.2,21635,20238.4,20526.3,17384.2,17633.8,18517.6,20373.4,18833.9,20917.4,17942.1,17450.6,23060.4,18189.2,17228.9,20725,19189.8,22528.2,21481,20592.7,21113.6,18994.3,19972.7,16801.8,19540.5,20210.2,19647.8,21402.7,18373,19258.8,20560.7,18832.2,22181.5,17131.8,20231.1,19107.5,22576.7,20445.1,21057.2,19294,18139.8,18146.2,17884.2,17412.5,18495.5,20266.7,21081.9,23190.9,22682.9,17359.3,20343.1,21901.1,23252.4,23018.2,17511,18059.8,16523.2,20270.2,20620.8,17322.1,17496.1,22266.1,21339.5,17097.2,21716,21408.7,20420.9,17726.4,23019.1,18547.7,18402,19432.8,20620.9,17725,22461.7,23115,21624.3,20402.2,20785.8,23016.6,17640.4,22133.5,22939,17293.5,20605.7,18972.2,19731.9,19030.3,23090.9,18750.2,24048.6,20004.1,21954.2,23901,19807.6,21618.2,21135.8,19417.4,18505.6,24862.1,19408.6,21846.9,19471.5,19541.6,23319.4,21414.5,22993.4,24379.9,21994.4,19027.5,23813.8,23540.8,22749,22626.8,24744.4,23485.8,21290.8,25375.3,22655.8,21507.4,19644.3,20373.9,25604.1,24353.8,18920.7,21552.2,21385.5,24022.2,18940.5,21498,19045.2,19408.7,21436.3,24339.9,19668.4,21639.2,21128,20228.5,23474.9,23293.1,19604.2,26188.5,20878.2,24086.2,21487.5,22999.6,25223.4,23001.8,28090.8,30713.9,35334.7
36526.7,29223.9,26944.4,27739.1,24729.5,23185.2,19129.9,24191.4,21305.5,18609.7,21652.5,21623.7,23398.9,22109.4,23005.8,23555.5,20503,18994,19406,23279.1,23206,20647.6,21172.8,21564.7,17854.3,21853.1,23001.3,22726.5,18991.2,22442.5,21649.5,22989.3,22009.8,19152.8,23317.5,21658.3,21721.8,18242.7,20095.5,18581.2,21465.5,22247.3,18737.6,19397.2,19587.7,21040.3,22123.5,22002.7,21250.4,22119.5,18673,20997.9,19414.4,22179.5,17842.9,20575.9,18514.5,16368.8,18587.9,19270,18633.9,18371.5,18056.9,16456.3,18460.9,21911.3,20486.8,20086.2,18076.8,16767.1,17358.6,20360.4,17893.8,16988,18844.4,20374.4,17608.2,22861.4,22146.6,17666.8,20843.7,22096.6,18772.5,18283.4,20677.4,23159.7,18814.4,20921.6,20106,19005.1,22441.7,20723.8,19886.4,20141.1,22363,18730.9,23404.4,18450.1,22045.8,18793.8,22409.9,21441.3,19406.8,18865.3,18652.6,21279,18652.7,19873.8,21310.2,22184.5,20352.1,17974,16124.4,22101.5,17019.9,17904,17679.5,18389,20434.6,21875.5,20013.3,20298.7,19859.3,19753.3,17174.3,17320.6,20327.1,21518.3,16942.5,20478.5,22593.6,22751.9,19425,20140.5,18337.7,16535,16887,21558.6,21190.2,21690,20261.5,15995.8,20423.4,22162.9,19867.9,21430.4,21866.5,17062.7,21747.5,19679.9,19986.4,18794.8,18697.5,22408.8,20417.6,15945.1,19294.2,19911.5,16922.2,20440.8,22093.3,17669.7,20086.2,21972.1,22251.4,22756,18515.3,22884.8,19603.3,23377.2,18126.3,23353.8,24124.1,22639.1,19897.4,22753.9,20064.6,18560.5,23528.2,20733,21337.1,24318.6,18655.4,19690.9,20964.4,23381,21993.3,23310.8,20417.2,19032,17739.6,17016.1,21248.2,18837.7,22299.3,19956.9,23351.3,22493.7,17267.3,23053.8,21096.8,19967.5,22974.2,20735.4,21526.9,22673,19709.4,19666.2,19601.4,20109,19245.1,22360,18698.4,19246.4,17046.3,23530.3,19414.2,18202.6,21263.8,23236,18771.6,19044.7,21662,19208.7,22322.2,21155.3,20485.2,20022.2,22955.4,17309.2,20485.6,20146.5,20302.6,18643.3,22600.7,23104.3,22692.5,18950.4,21122.3,21054,18544.1,18711.1,20508.1,22336.5,22349.8,23365.2,17738.2,19109.3,22924,22405.4,22374.7,18399.2,23043.3,17481.7,22619.1,17965.3,17230.5,21684.2,20818.5,18646.2,16477.8,17711.8,17236.9,17914.9,20069.3,16991.2,18832.1,22551.6,20006.3,23231.1,22924.7,21115.3,22318,18243.3,17810.4,18756.6,21341,20080.3,22965.7,18444.9,19927.3,18120.9,19694.4,21324.2,18878.8,17362.9,21966.5,21968.3,16557,22704.1,16818.5,19997.5,19169.7,17240.1,20283.3,20571.7,18902.2,22538.7,17069.8,19498.2,19922.4,17251.4,19949,17360.9,20360.7,21645,21651.7,20378.6,17543.7,22939,18754,20596.5,19569.5,23051.3,22526,22130.3,22489.8,23384.4,22411.4,17780.4,19796,18537.3,23061.3,18734.9,22516.8,21377.6,19107.4,21877.4,21768.1,22505.1,19261.3,18889,20880,20313.5,24922.7,22229.7,23376,24521.3,22221.7,19430.6,23335.3,21074.3,22900.8,20498.1,24912.8,20447.5,24936.2,24141.8,23350.9,23393.7,24000.5,20128.9,19347.8,22480.5,19090.7,19954.6,23949.3,23572.8,20690.9,18990.6,24060.5,24110.1,21303.2,18944.8,20281.1,22246.9,19706.2,23137.5,21717,23803,20595.6,21213.6,23781.1,25912.6,23881.2,20871.2,26085.2,23366.2,23795.1,23067,25826.5,26506.4,32742.4,31576.2
32818.3,31704.6,29714.6,23319.3,24766.1,20833,24544.9,20912.9,23117.3,21999.8,21260.5,23016.2,18870.2,21299.2,22839.8,19375.6,21270.5,24112.8,18244,18202.5,21430,22190.8,18923,22046.7,20436.9,17317.3,21511.9,22235.3,20609.1,20298.5,23405.8,23455.4,18905,23413,20017.1,21868,20386.4,20939.6,17014.2,18898.4,21565.1,21625.4,22390.5,18200.2,20932.7,19640.7,21261.7,19137.9,18982.8,20955.2,19414.2,22038.8,17974.7,21122.8,21279.7,20179.6,16566.6,20514.4,16847,19466.7,17181.8,21415.4,19683.6,20712.8,17047.5,17826.3,19350.9,17812.3,20434.8,19105.7,17374.1,18594,16879.3,22305.7,20493.9,21250.9,23217.1,20595.3,20906,20397,21265,22548.9,19503.3,23538.5,18093,19280,19917.8,23538,20881.1,17423.5,20036.6,17780.6,20670.8,21663,16970.5,21918.7,22825.8,19980.2,21908.9,19698,16920.8,21546.8,17264.5,18209.5,18502,16313.1,20983.2,19289.3,15951.5,21235.9,19092.6,22474.9,21635.5,20621.5,15766.9,16863,15997.2,20034.4,19555.8,20408.1,18272.9,19463.5,22195.4,18071.1,20347.9,21502,22659.3,18457.3,22008.8,20896.1,20664.7,17428.4,18401.1,17827.5,17315.4,18184.2,16146.8,18541.6,16427.6,18548.1,17368.4,19338.8,18663,16923.7,17382.9,20838,17790.1,21109.4,22458.6,19559.9,18647.9,20525.6,19589.4,22146.9,18096.4,17776.2,21709.4,22360,22327.9,22976.7,20527.7,22500.1,19627.5,22040.5,21996,20027.2,22148.3,19618.1,20417.6,22005.3,23941.1,19842.2,22428.8,20169.6,23289.1,19418.7,18838.9,23290.9,22182.8,19151.7,22098.7,23880.2,19220.9,18563.1,20603.4,19966,19680.9,19729.5,22084.3,19169.5,19436.1,21692.9,22580,19696.4,17725.2,19222.8,23522.4,19737.1,23197.2,21404.1,19447.3,17239.4,18406.1,20096,22936.5,18068.7,22092,21272.2,17693.4,20938.2,18809.4,21498.8,22270.8,20022.1,23420.3,20702.1,18009.3,21369.1,19751.7,21217.6,18167.4,17207.3,23278.2,21764.8,21418.8,20836.6,21118.4,21159.9,18246.3,18801.7,23087.2,17073,21159.5,17086.2,18553.2,20663.8,22944,19655.5,20495.4,20157.4,21457,22562,22983.9,21745.6,18799.8,21355.9,20272.9,20395.8,22635.8,22178.6,19810.9,19314.4,20420.7,18295.3,18527.2,22922.8,19518.3,17375.9,22900,21447.4,17602.6,17836.8,18791.3,20167.5,19608.9,17202.4,19435.3,23118.2,18678.4,23421,23736.3,23670,22759.5,19995.4,23323.2,17572,19867.8,22515.7,22326,18003.1,19691.2,22266.9,22234.5,17364.4,18622.3,17718,17677,18899,23018,21626.9,19493.6,21135,23229.2,19621.3,19140.4,18490.6,21315.4,20702.6,21628,19551.4,17270.2,16775.7,20279.2,21415.8,19809.7,20510.9,18445.2,20744.2,19019.4,22518.7,17036.4,22095.6,19182.8,19425.2,19768.2,22136.2,19302.3,21115.3,18430.4,17888.8,23676.8,20376.2,19940.8,19818,24133.2,19915.2,18418.7,20405.1,24133.9,20504.6,19279.9,19768,21153.7,24889.6,22800.6,21258.3,18618.8,23661,22584.7,24409.6,21635.5,21362,23201.1,24652.9,20410.8,20619.7,23388,21008.1,20133.3,20638.5,22717.5,22586.2,25124.8,21330.5,25464.3,24336.9,21172.8,21653.5,20545,19385.2,24686.7,23817.5,20952.9,22974,23160.8,24283.7,18696.8,22732.7,23063.1,26195.3,23509.3,23274.5,24589.3,23285.1,24793.3,25656.8,26035.6,23943.6,21675.3,25417.2,28045.3,29403.9,29914.5,31790.7
36882.1,27546.3,27515,22569.2,21791.7,25370.9,21817.8,22328.3,19607.1,23014.3,18729.9,21777.3,19481.2,24048.9,18223.9,17921.5,23713.5,20196.2,22994,17950.7,22454.7,23594.9,18721.1,18480.7,20502.9,19943,22778.7,22402.5,17657.7,23345.2,21079.9,20910.8,19885.1,20452.9,18344.4,20343.6,22239.5,21307,17306.5,21068.7,19827,17057.7,17737.6,21950,20909.7,19106.8,19061.4,21094.9,20931.4,19995,18779.2,21091.5,19523.2,20675.7,18239.2,18229.2,16233,22054.9,17293,17426,21741.5,20002.4,18797.5,16277.4,16207.8,20314.5,19910.4,22034.1,20269.7,22409.6,18822.2,16210.1,16880.3,17189,23392.1,21847.5,22607.5,21841.4,22127.3,20064.5,18710.3,19580.6,19560.1,21233.9,22011.6,22125.7,18876.6,17493.6,19800.2,20772.9,21627.5,19533,23374.3,21662.9,17922.8,18724.5,20257.8,16949.5,21832.2,17794,22371.2,21246.3,20031.7,20004.2,22211.6,18394.4,19689.8,18512.6,19992.7,20563.3,18123.7,20632,18811.2,19112.6,19383.9,18773.6,20817.2,19183.4,22200.6,21650.2,17689.1,22054.8,21155.7,22190.6,22164.6,21180.8,16811.1,18088.4,21508.9,18573.5,20738.3,21322.6,22832.3,18754.1,19811.1,22268.3,17433.9,16246.1,21482.3,18263.6,18444.8,16808.1,16182.2,22478.1,20944.2,18216,18847.5,16436.9,16481.7,21239.6,19518.6,19851,16779.2,20308.1,17322.2,20023.1,22558.6,17310.3,18440.4,18208.6,22356,17118.6,21745.4,18707.8,18191.8,16590.4,16860.4,22373.7,20010.2,22099.5,18006.2,22335.1,19345.1,22835,18657.8,21171.4,18689,21004.3,22344.4,18923.9,21952.1,23529.4,5896.73,24534.8,21673.3,22920.2,19598,20795.8,21447.1,23317,22809.9,20397.6,19745.7,19293.7,18666.1,22421.4,21146.1,21586.2,22680.8,22236.8,21542.7,17491.7,18488.9,17696.3,20758.2,22586.7,18224.1,20666.2,18914.8,18487.6,17871.6,16887.7,16988.7,18406.9,17728.3,20614.7,22541.7,21921.3,18666.1,23242.8,22467.9,22299.2,18299.4,18287.8,19994.5,22897.6,19720.6,21540.4,22982.9,19181.4,21035.8,21338.7,21630.4,19612,19850.3,22448.9,18347.4,18522.2,19395.7,17555.7,18148.3,17306.7,19953.2,23285.5,20566,19289,19640.6,18155.1,18613.7,19441.2,20559.6,22442.5,17010,21255.3,17376.3,21154.6,23289.6,21961.5,19140.4,22355.1,20880.8,20726.8,16790.6,18934.3,18647.5,20731.2,21078.8,19764,19346.9,18155.5,17987.8,17313.3,23657.1,21318,20041.5,18880,21082.7,22141.7,19184.2,23408.7,22359.7,17190.1,19986.7,19916.5,21128,16771.3,19980,19837,17549.1,17740.8,18151.5,17973,20028.1,22290.1,19415.2,16661.5,16980.3,21794.3,19879.7,21164.2,16871,21786.9,21339,17422.6,17051.1,17407.9,18045.1,22224.2,18924.7,21093.1,18846,20656.7,23497.4,22008.8,20527.5,18981.7,21242.7,20241.1,22223,22446,20311.2,22025,20767,18550.9,20728.1,19063.8,19920.8,21919.2,22715.3,22856.5,19927.4,22491.6,22612.2,19024.4,20768.5,22290.1,23024.6,20725.1,20661.1,21446.5,23958.1,23768.9,20733.9,24966.1,20637.8,23084.7,19941.5,21490.7,20522.7,21871.1,22023.8,22857.8,24147.3,24576.3,22408.3,25549.2,22148.6,23153.8,24668.9,20885.8,24340.6,22246.7,21384.9,22360.8,18670.5,20515.9,20178.9,23614.4,23325.6,21569.7,23448,22671.2,21934,20298.1,23901,24104.2,25789.4,22917,26267.6,26103,24058.6,25274.7,31404.5,32930.4
32580.8,28965.7,24688.3,26044.8,21197.7,23732.1,21224.2,22698.9,21606.7,22327.5,20941.6,20190.5,22044.4,22804.9,24073.4,21672.5,17888.5,22251.9,23496.7,20468.7,17954.9,23339.5,17630.1,21039.1,22203.4,20984,19951.5,18034.9,21182.1,18537.4,21140.6,23491.9,21673.1,22108.2,20572,20595.7,22118.2,19354.9,18569.4,17922.4,22077.6,19077,19213.5,18652.9,21657.1,16889.4,20121.9,21480.1,18312.6,18533.6,21976.1,19985.9,21132.8,20383.2,17849.7,21024.7,19547.7,19516.1,17651.5,22161.1,17019.5,21133.8,16798,21105.4,21162.5,16210.9,20905.7,20586.5,20938.1,17132.2,17363.3,21570.1,20369.7,20863.6,21900.5,17554.7,17847.4,21682.9,18947.4,18941.9,20142.9,22827.8,21358.3,19994.7,17397.2,17718.7,21915.7,19541.5,21607.9,22530.6,17785.4,20030.8,17182,21440.9,19354.9,22448.1,22649.2,19840.6,17872,16739.3,19224.8,22433.2,21307,20891.4,18383.6,21619.5,21681,17664.7,16915.4,19998.6,18180.2,18856.9,22332.3,21208,16884,15819.5,17972.3,16769.6,17917.4,18095.9,20859.2,21720.8,20061.5,16954.2,21316.2,22202.1,22892.9,21150.4,20908.5,19260.2,20131.8,21575.3,19158,22189.9,20604.6,17976.8,20812.1,17798.4,16411.7,18726.4,19462.4,21113.8,18667,20734.1,18429.2,18631.3,19944.4,19520.4,17255.5,19339.4,18692.6,16923.5,19003.7,22177.2,20207,17306.5,19654.6,18744.9,21173.8,17190.7,18439.4,21595.9,22667,19039.7,16738.1,21466.9,18177.4,18580.7,19515.8,23543.2,17924.2,19577.9,21687.3,22610.1,22084,23451.1,20405.2,19871.8,19547.9,20724.8,21202.4,23512.6,21185.5,23465.1,22921.8,20973.9,17454.9,19232.3,19834.2,22796.6,19659.4,18240.3,19489.5,18848.9,18066.5,17273,22725.7,19805.9,19718.4,22718.5,21123.2,21375.9,19004.5,20509.3,22782.7,17316.4,21086.4,20590.7,19185.3,22653.7,19341.2,22826.2,22751,21464.6,20489.6,18275.9,22757.1,22175.7,23802.3,20634.7,18030.2,19807.3,19874.1,17642.2,18579,23251.1,18043.6,19383.6,20016.1,20136.1,22953.4,19041.6,18854.2,21092,18930,22721,22321.9,18500.5,19307.4,18154.2,23402.9,21320.7,23460.8,19889,22265.1,20061,22086.1,22472.4,17797.3,18103.2,18153.6,21849.7,23481.6,19320,20543.3,22394.6,21591.7,19555.4,22820,17473.1,19920.3,22016.6,19989.8,17502.9,16683.9,19649.1,22875,23466.2,22083.2,22536.2,17896.6,20081,18573.5,22677.8,20639.1,17814.1,19377.7,17180.2,18483.8,20390.9,21594.8,17794.6,19336.3,17206.9,19918,17265.7,18665.8,17335.5,19123.5,17692.9,18145.8,16837.8,20275,19737.1,21302.1,17152.4,21166.8,20486.9,20006.6,19078.7,18014.6,21759.4,19348.7,23010.2,17415.9,22186.8,19409.8,20731,17489,17299.2,19657.2,23334.2,21746.3,21016.9,22894.2,17265,17930.6,23938.2,18324.8,22199.9,19586.9,19712.1,19479.7,21669.6,23265.2,24697.3,20459.2,22546.8,21167.9,24138.6,21129.7,20204.4,24789.9,25168.2,21689.3,22267.4,24591.5,23023.6,24868,19643.8,19972.4,20030.7,20770.7,25734.8,21934.9,25151.1,22187.4,23197.1,20653.3,20305.4,19547.6,24175.1,24304.3,19053.4,19578.8,22619.8,22999.8,24947.9,22998.9,20038.7,21290.4,20180.7,19468.1,24748.2,23110.2,23196.9,19424.9,23374.4,23471.7,22303.4,24828.2,22301.6,23951.4,26179.7,26455.3,23271.3,23163.8,23458.2,22809.9,21717.6,25421.3,25866.1,29267.4,37637.8
31818.1,26656.7,26777.9,27814.6,21952.2,21627.7,19439.2,21243.7,20276.2,20052.1,22317.2,22714.6,21556.1,19000,19801.2,23733.6,23751.6,23943.6,21176.1,22658.6,18527.2,18155.3,19202.8,20142.7,21880.6,23726.8,22742.6,22856.3,22188.7,21673.1,22874.7,21792.7,23196.9,21168.6,23201.8,21758.5,21628.3,18391.4,22970.1,19680.7,20337.2,21795.8,18343.1,22230.7,19880,17580.8,18236.5,18991.1,17182.7,21372.6,18524.4,16211.6,19771.3,18848.8,18275.6,19583,20968.3,17082.2,19291.1,19422.2,17623.1,19300,20271.1,19190.8,22077.8,19323.6,21252.3,21307.1,17876.1,21716.1,17370.7,21572.8,17891.2,18710.6,21223.9,21560.6,19213.1,17853.7,20727.4,22097.7,20186.5,21535.4,21374.5,21674.7,19213.8,21433.3,22336.8,19835.9,21272.9,22939.7,21061.1,19197.3,17692.4,17115.4,21821.8,19203.4,22181.2,22178.2,16764.9,21699,19724.5,22251.8,20453.4,17158.7,20804.9,17941.4,21922.5,20942.2,16591,18928.8,18669.8,21638.8,21571.6,20796.2,19372.9,18519.7,18270.5,21050.8,18551.2,19806.2,21348.8,16776.1,20398.8,17876.3,20743.7,17490.4,22862.6,19639.2,21262.9,17318.8,18096.4,23389.2,22761.5,22110.4,18693,22709.3,16906.2,21528.3,21616.7,21558.8,18614.5,20367.8,16384.8,16197.7,16186.5,19148.1,20916.5,21866.1,18541.8,18224.8,17593.3,20658.5,17183.3,19386.7,16182.4,17615.1,22063.9,19851.3,21645.9,17910.1,21114.7,21664.1,17906.3,20986.3,20351.1,17240.8,19048.6,21388.9,21489.6,18920.5,22940.7,22686.4,23482.4,19691.8,23169,18040,19706,18076.8,23899.4,21191.3,22581.6,23824.6,22449.2,21870.6,19201.4,19532.3,23699.9,17447.7,17474.4,22618.4,18332.4,22351.5,17034.3,17224.3,19149.5,21244.7,19687.9,22965.3,21787.5,20283,20731.7,18072,21958.5,22439,20339.4,19755.4,20987.3,17576.5,17355.5,16659.3,20076.8,18562.7,22066.7,19790.9,18497.4,19869.5,20449.6,17606.2,22570,21251.9,19015.2,20847.3,23373,20810.7,23446.9,17863.3,19454.5,18267.3,22477.1,19163,19304.6,18997.1,22648,21684.1,22799.3,20542.4,21210.3,17257.6,18477.5,21768.6,22303.3,23686.7,21679.2,17906.6,18348.4,19757.1,19801.1,21495.5,22842.4,21258.2,23297.6,18101.6,20659.6,18187,20390,22821.1,23389.5,17790.5,20016.1,19366.8,18722.3,17634.1,22716,18678.1,22141.5,21021.3,20821,18669.8,19130.5,23694.9,21693.9,21993.6,19668.4,21809.1,22229.6,20541.6,20206.6,21974.8,17444.6,23498.3,23593.2,21819.6,18975.9,16849.9,18135.4,20210.7,17276.6,19458.5,21931.1,16706.9,20227.6,18618.8,20028,18092.6,17235.4,22624.5,16477.1,19669.7,21233.1,18984,17541.7,22068.8,23267.4,21753.5,17213.5,21451,20394,22210.2,22034,21006.5,21497.2,17374.5,18842.4,18703.1,21041.9,18154.6,20482,19756.8,23676.1,19852.4,22427.2,23980.4,22781.7,23947.3,19534.4,22698.7,19308,22586.4,18591.8,21563,21303,24073.7,24448.8,24365.9,22053.5,20622.7,24634.4,24598.9,22579.3,21391,23864.6,21436.1,18957.1,24479.7,22112.9,22215,20712,22515.5,19091.2,19635.1,23067.2,23172.8,21203.6,24046.7,21619.8,23456.7,24343.3,20335.8,23952.7,23432.5,21475,18694,18411.5,20042,20548.1,21069,24798.5,20537.4,22593.2,22449.2,21022.8,24184.6,23753.2,20211.1,23435.5,25855.2,22961.3,24003,20882.4,23957,22708,29394.8,31200.6,37179.3
34752.2,28582.1,27943.8,25305.2,22301.9,22807.4,24187.1,23021.1,22849.7,20068.2,23970.5,21828.2,21349,22215.4,19915.3,20266.3,21951.4,20027.9,22778.9,17879.6,19104.6,18807.2,23274.8,21169.6,19955.5,21664.1,23270.5,19231.8,23546.4,21355.7,19588.3,21196.8,22444.9,19427.9,23788.2,23451.4,17850.4,20891,17895.8,22705.2,17189.4,21418.6,18943.8,19597.5,22428.2,17574.4,20380.1,21836.9,18425.1,18170.2,19055.5,19450.2,17325.6,19624.8,22414.8,16185,18169.1,20368.9,19859.7,19470.4,19913.6,16403.6,16871.5,20925.5,20312.4,19060.1,19309.1,18754.9,17078.1,20958.2,16742,22141.7,17668.6,21711.8,20982.5,21383.2,17415.5,22154.9,21502.8,21557.9,20302.8,22545.7,18406.3,19747.4,21809.6,23093.5,19938.2,17643,20065.5,19269.8,20611.3,22885.8,21173.6,20300.9,18816.1,21433.1,23635,21935.6,21701.2,20631.4,20903.7,18086.8,16144.2,20015.6,22104.7,19402.1,21591.2,18904.5,18988.7,16295.9,19467.3,19097.2,17518.8,20478,20193.1,21620.8,18019,20715.5,19558.5,18298.3,19487.6,18697.2,17237.8,20382.1,21444.6,20085.3,16718.9,21938.6,22887.9,20527,20793.9,17770.8,17573.5,20353.2,18254.1,19242.5,17699.9,18864.7,20678.4,18458.6,19110.8,20369.8,21826.2,21408.6,20567.8,16286.6,17245.2,22368.7,18801.8,21116.3,20643.9,19313.3,22659.9,22493.1,15824.8,20186.7,21825.4,17914.6,18139.9,20377.3,19245,17784.8,19663,22407.2,19619.8,21690.7,21159,16953.9,23396.8,18791.9,20202.8,23366.3,19098.1,20248.8,17683.7,21140.4,21319.1,23797.4,21255.4,22785.3,23469.3,19392.8,22954.6,22316.5,17941.5,21518.3,23517.5,23135.5,18979.1,18528.9,19381.6,19340.2,20894.4,22801,17179,18516.5,20573.7,18518.7,22745,21734.2,22688.7,18350.8,17936.2,20682.6,17936,20578.2,18354.7,17299.3,18969.3,17887.6,20821.2,17571.2,19470.1,20918.4,18147.8,20287.5,19713.3,18193.9,19242.9,22850.9,23350.7,19297.1,20316.3,18331.2,22637.6,18357.1,20207.1,18630.7,23370.9,20738.6,20364.1,18381.2,21182.1,23472.6,19483,23179.1,20047.2,20503.9,19461.2,17284.4,18369.4,19626.9,22776.4,22188.3,22583.2,21722.4,17322.3,20356.2,20942.7,20688.4,19981.2,20831.4,21024.1,23016,18753.9,20526.2,22271.5,17766,20904.1,19620.5,17484.1,21141.2,20113.6,22419.4,21122.6,23712.1,22146.9,18962.5,23156.6,19756.1,21192.6,21432.9,17057.7,20222.1,22952.7,20187.9,22970.9,17781.5,17948.5,17377.8,21170,22085.7,22428.8,20471.1,20273.4,20438.1,20800.4,21719.8,21826,22294.6,19935.2,18682.6,18359.4,22344.2,21862.3,19591.1,16997.6,20668.9,20887.1,17209,21760.7,20095.6,23114.7,21270.8,17917.2,19407.8,21431.3,20133.1,19447.8,18741.7,20502.4,17550.2,22506,20618,19697.3,19346.7,19114.4,17794.2,22195.8,23103.2,21576.7,21473.5,21719.1,22834.1,23637,21665.5,24391.6,23160.6,20090.4,18434.3,21755.1,24009.5,18879,19545.9,19916.6,23247.6,23906.8,20911.1,22209.3,20363.5,22010.2,22549.3,22512.2,22116.4,23194,22665.3,21062.9,25148,20755.5,20983.1,22456.5,23443.7,22900.7,23591.3,23557.4,20751.6,23580.7,20791.7,24628.9,22145.1,22921.8,24150,23711.2,21458.2,23055.1,19041,21752.1,22789.6,24335.4,21160.5,22667.5,22740.7,25492.1,22795.4,24344.8,25302.5,23968.9,19688.4,20986.2,22758.8,27202.1,25659.6,29900,33791.9
32893.5,28711.3,27114,24063,24649.7,21984.7,24108.7,18758.5,24281.7,20279.7,22703,19669.4,23106.5,24351.9,20615.8,22096.1,23889.8,23744.9,22966.2,20379.4,17897.5,20129.6,20729.2,22416.7,20539.7,18852.4,18697.1,22609.4,23624.2,22064.8,17554.7,20365.1,19514.8,17894.5,19809.2,23413.7,19692.5,20897.6,21829.2,22711.8,17635.3,19286.9,21562.5,17508.1,16755.7,17016.2,19482.7,18041.4,19702,21774.1,22457.6,21465.3,16578.6,20013.1,19576.7,16506.5,18418.6,20696.2,18568.8,19228.4,16548.1,18321.3,16468.3,18145.9,17687.1,20360.8,16349.2,19281.3,19628.6,16314.2,16596.6,16681.4,19044.4,17712.5,17476,20910.4,18464.7,19476.9,20793.7,23376.5,20293.1,20623.2,23546.6,23462.3,22093.2,18222.8,18408.1,21023.2,19713.2,17984.3,23106.7,20546.5,21878.5,21531.7,21978.4,19823.3,20040.5,16787.5,16716.7,18784.7,20844.7,16783.5,21394.8,20248.2,20416.5,20023.4,20366.5,17120.8,20362.7,20330.2,22140.2,16277.2,16886,21391,16919.7,22053.4,19661,21632.8,20805.1,18593.7,21203.1,22153.3,17411.2,17917.9,23293.9,21269.9,17778,19755.4,21698.8,17681.7,18943.7,23686,23470.2,23293,17352.9,22458.6,21059.3,19645.5,22083.3,20520.3,22202.7,16205.7,16702.8,20355.1,20691.8,20316.6,20726.2,19174.6,19322.7,21144.8,19602.3,22633.1,19029.9,19462.8,20592.7,20637.1,17979.6,17765.6,17329.8,21058.3,22931.9,17449.6,21876.5,17084,20709.1,17087.3,16486.1,18173.5,17204.1,18123.5,18709.1,17748.2,21297.1,18664.4,19555.2,23500.3,20777.5,22846.6,19581.5,23156.5,21822.7,19830.8,23708.5,21131.8,22850.6,23118.5,23866.4,20362.5,18994.3,17401,20372.9,17760.9,17354.7,19719.3,21596,21121.6,23269.9,19637.3,17436.1,20315.8,19830.9,20378,18924.4,21326.1,17328.3,19595,20050.9,19088.8,21786.8,16991.7,17358.7,22230,18249.9,20118.8,20848.1,19951.5,18397.5,22468.2,18536.8,18511.2,19613.1,17202.1,17239.2,19325.5,17604.8,20973.1,20852.4,22580.3,21659.7,23158.3,20035.4,19138,19990.1,17114,23534.3,19224.1,19722.6,20473.7,20300.5,22322.6,20647,21748.9,19141.4,20828.7,18703,22817.3,20292.6,17472.1,19528.1,17834.5,21567.5,20004.1,23480.1,22016.9,20298.3,18829.2,22863.2,19796.4,22572.7,20543,21260.7,20526.2,17302.2,19107.4,21681.3,19112.4,20710.1,17317.4,17607.8,18172.7,20973.1,21310.9,21657.9,23684.1,19910.2,22959.8,19968.2,22198.3,20197.9,19294,20606.9,18611.9,17433.4,19985.9,18086.3,20591.2,22208.3,20617.1,18712,18735.3,21646.4,21424.6,18231.5,18096.3,19888.4,22341.6,21957.8,17232.1,18197.1,20621.7,17632,19884.3,17364.5,21007.4,21478.4,19802.3,18223.3,17890.5,22987.3,23023.1,19157.4,21586.4,20454.7,22396.3,22493.3,17495.9,21015,20284.9,17907,21040.6,23204.7,24481.1,22326.9,19701.7,23217.2,24079.8,19327.7,22052.7,24433.6,24729.7,21228,24881.9,24143.6,20729.4,22174.3,24743.1,21061,19279.5,21937.1,21835.4,19867,22685.8,20210.9,20110.4,25270.8,25191.3,24839.4,22318,21287.5,24286.8,20881.1,24317.3,23065.2,25083.6,22542.9,24533.7,24448.5,22614.7,21070.5,18879.1,23738.1,22968,19905.8,23087.7,20611.2,20509.9,23939.2,19234.4,25209.7,21660.7,23099.2,26000,22942.1,24724.1,23708.7,21742.7,23025.5,24999.7,25156.7,25298.1,26498.6,24976,33014.1,36218.6
35281,28827.5,25247.3,23084.5,23026,25468.3,25142.4,23073.1,23789.3,19022.5,24005,19424.1,23755.3,20563.3,19712.1,22575.6,21735.5,23858.5,20699,19619.4,17755.9,20296.3,18540.4,23525,21200.5,19362.1,19077.2,23432.2,20549.3,19499.3,17953.4,23570.2,23069.4,22866.2,20137.8,18856.4,20700.6,22702.7,18943.9,22273.7,18368.5,18919.5,20770.9,19957.2,20098,18566.8,20207,16989.6,17061.4,22318.4,19834.5,16627.5,17702.4,18578,19109.2,20955.4,17793.9,17163.6,16517.4,17276.5,19526.4,21714.4,20808.2,18869,17602.1,21138.8,21624,16551.6,18038.9,20509,22117.8,22233.1,18209.3,17777.7,18171.5,19722.5,23103.6,18799.3,22443.5,20253.9,19358.6,21729.1,22534.3,19571.3,23232.7,23682.1,19901.1,23613.7,19855.1,22918.5,19674.2,23241.2,22220.8,20230.9,19527.6,17287,23094.4,22495.1,19251.5,17882.1,18777.9,17521.1,19217.6,16682,19603.4,20650,18095.3,18062.2,18105.7,20464.5,16979.5,18865.6,20490.7,17676.2,20902.5,20408.4,21776.1,20575.3,22508.2,17033.5,22403.7,22677.2,16670,16567.3,19324,22540.9,16988,19801.6,23191,17862.3,21242.6,21328,18681.4,20180.6,23043.8,18662.2,19532,21245.9,18316.3,20063.6,20428.5,16618,17861.6,19644.9,18192.5,17626.9,22603.6,20704,21662,20698.8,19868.3,18094.7,17690.9,18335.5,19988.6,21221.3,20445.6,19895.9,20337.1,20255.1,22041.2,18776.7,21355.9,18919.2,21148.5,19127.7,21897.3,22491.2,20780.6,21224.9,22842.9,24139.5,22959.3,22604.1,23322.2,22369.7,18404.2,19222.6,20875.7,21434.8,23122.9,18019.5,19750.1,19517.9,20194.8,23939.7,21303.3,19487,22894.2,20744,18424.5,22618,20033,19632.6,18750.6,23058.3,17598.2,18019.8,18868.2,22642.6,19025.4,22266.8,18327.6,19452.4,20023.1,20044.3,19350.2,18673.6,18907.9,18235.9,21308.9,21814.1,17594.7,21734.6,18203,21962.3,17342.5,20285.1,19508.4,20674.7,19694,22423.9,19720.9,21373.3,23134.9,18590.9,19244.7,19917.4,20213.9,21109,18852.1,18555.2,18625.6,17696.5,22182.5,23202.5,21243,19649.8,20619.7,22364.4,21293.3,17795.2,17845.5,21944.9,16835,20456,17802.8,21967.8,22849.9,19268.5,23100.8,19934,17687.9,22800.9,19395,21683.7,18017.5,18882.5,20720.9,17300.6,19639.9,21345.2,22696.8,17891.3,18359.2,23309.5,20566.8,18583.6,21392.7,23769.4,18036.1,18731.5,22721.5,20877,17323.5,18161.7,22683.9,17963.8,23021.1,21532.8,21371.3,20005.5,21764.9,17291.9,17759.5,20792,21044.2,20328.1,22707.3,16879.2,21296.7,18720.6,20820.6,17167.3,19041.1,22777.2,18006.3,18664.7,18922.7,20826.6,21089.2,20446.5,17570.2,19103.7,17751.4,19852,18014.8,18567.9,17908.6,21756,20946,17576.7,18866.6,18451.6,21997.8,20759.9,18399.8,19544.5,18927,20741.8,20835.7,18766.8,17915,21941.5,24897.2,24214.9,19887.9,20857.1,22253.1,23064.7,23372.8,20769.2,21105.8,19182.3,22604.4,20987.5,19215.9,21797.8,22636.1,19437.9,21279.7,22801.9,22979.9,21267.2,19588.6,26015.4,23378,21751.9,20103.2,23744.9,24610.5,21031.5,19773.9,20731.4,19236.3,20904.1,19882.4,24401.3,21875.7,20740.5,23060.9,22944.2,20857.2,18445.4,20905.4,20277.5,21846.3,23993.6,23367.5,21400.5,25257.9,23616.6,23991.6,26073.6,24577.1,22150.7,25243.5,22951,25746,23912.7,26236.6,24307,28403.3,31823.6
33661,29148.1,28190.3,22056.2,26153.9,25092.3,22108.1,21070,18888.2,18328.1,24038.6,22954.4,20764.5,21220.3,21476.5,20877.3,22841.1,22995.7,21224.4,20420.5,22361.4,23166.3,19895.7,21887.9,20186.3,19790.2,18139.9,22527.7,21817.1,20546.5,21251,23828.3,19123.5,23523.9,21901.6,18151.1,20741.3,19616.8,22275,21633.8,19758,18778.9,21191.6,16644.9,22822.3,17748.6,22450.4,18477.2,21499.3,19426.8,17601.7,17976.5,17997.2,16590.7,16767.2,20082.8,16078.3,19438.2,17738.5,21316.7,17721.3,21458.4,21599.6,17882.7,18468.5,21808.9,16745.2,20892.9,22335.4,17414.3,16700.3,19485.5,16935.4,16468.8,21603,19227.3,17372.1,17226.2,22242.5,22554.3,20371,18818.7,18857,22369.6,20681.9,21762.6,23464,21271.6,20868.1,19882.3,17268.7,17331.3,20673.5,20400.4,19422.2,19064.2,18182.2,22500,21863,21465.1,22680.4,16523.2,19932.3,20706.9,17402.1,21410.3,17835.4,19082,16542.3,21030.7,17879.6,16997.4,15847.8,18757,19857.2,20171.3,21993.7,20941.1,18292.7,18458.9,22488,19915.6,22340.9,17135.1,20848.7,21748.5,21491.3,23016.9,22674.4,18726.3,19088.9,18548.5,20509.4,18421.1,20571.3,19355.9,20757,19679.3,17212.5,15865.2,18059.8,17186.9,18700,21498,20722.5,22134.2,18117.5,16832.9,20815.1,17022.3,19385.1,19144.9,20679.2,22860.8,16547.8,18249.7,23232.1,19409.1,21881.2,21550.8,20102.5,19711.1,18870.1,18095.9,20021.3,20902.3,18108.7,19963.8,20407,23377.1,18511.5,21823.2,18628.9,20781.2,23822.3,20828.1,19113.4,24072.6,17559.7,21585,17892.1,21394.3,17883,23859.2,22319.6,19672.3,21332.3,19673.2,20414.5,21639.8,20941.5,20238.9,20551,22636.3,18610.5,18115.6,17395.9,18007.6,18698.5,17205.1,22839.7,22152.5,17343,21303.1,18365.4,22899,18760.9,18155.3,21370.6,18256.4,17260,20533,18262.8,23049,21836.8,19838,18650,17636.9,18167.9,20075.7,17498.7,23329.7,22505.7,19360.8,21838.9,18672.5,18507.5,21720.4,22034.7,18062.3,21893,17553.2,18800.9,23262.4,20533.2,22740.2,20641.5,18128.9,23027.2,21834.2,19531.6,23428,17961.3,22692.3,19277.3,22763.3,23148.1,19706.1,17506.2,23362.8,22854.7,22062.6,22805.3,19967.9,17166.2,18908.6,17649.3,18175.5,23088.5,21763.3,22981.4,20295.2,17014.9,18866.5,22765.1,23174.5,23639.1,21305.4,21068.1,20705.8,22169.5,23138.3,21066.3,18739.8,18364.1,21083.4,19535,21050.9,22341.9,17915,23879,21076.1,19494.9,18873.1,21353.7,17917.6,20671.5,18083.9,22393.8,23035.6,20061.2,18997.1,20011.4,19117.2,19307.2,21368.2,21994.2,18907.1,20441.4,16725.9,21725.7,17298.2,16710.1,23015.3,20478,19072.5,17267.7,17965.5,18730.5,21350.7,18666.5,21357.7,19761.7,21718.6,19858.5,19316.4,21502,22192.5,22715.9,17949.8,19531.6,18726.9,22443.3,19359.6,23600.1,22105.3,23025.6,24564.1,24859.7,23055.9,18576.6,24916.3,18822.9,21709.4,19826.2,22654.8,19317.9,23224.7,18736.2,18750.7,22877.7,22194.4,21318.4,23869.3,25412.8,23181.6,22387.7,25950.1,21371.5,19501.8,19276.2,19082.5,19699.8,22633,25136,20565.1,21265,23791.9,20293.1,21290,20269.8,18740.8,18664.2,19095.5,22308.5,24454.9,19240.1,23661.6,23579.6,20806.2,21301.1,23029.5,19570.3,24546.7,20409,20593.5,21033.9,23838.8,24099.3,21673.2,22090.9,24366.3,28818,36748.4
32548.1,26563.6,26182.4,24424.9,21038.2,22655.3,22989.4,23772.2,20079.3,20393.6,19699.5,21902.8,24157.9,23823.1,24037.3,21131.5,18748.5,20611.7,21885.5,19782.9,22327.2,22986.7,20180.6,19869.5,20691.6,22126.6,18597.5,21528.8,18904.5,20134.7,18466.5,19960.4,23148.9,22909.9,17441.2,18013.1,21730.5,22495.7,21979.7,22623.4,21517,20492.4,18410.4,17080.3,21441,18707.5,17376.3,18984.9,20059.4,21439.7,21034.3,19741.6,18272.6,20237.1,17766.8,19351.9,20425.8,20656.4,16248.5,17646.9,15841.3,19662.9,18782.7,20438.1,19167.3,20521.3,18390,22347.7,19270.4,18273.2,18681.1,17684.9,22672,19290.6,23055,19424.6,17043,17675.1,19501.9,20749.4,21107.7,19745.2,21836.9,23370,17723.4,20966.3,23457.5,17724.5,17908.7,19530.3,23161.6,17211.5,23624.7,23533.6,20057.1,22528.4,19973.5,20891.9,19353.5,20056.3,20470.8,19732.9,15967.9,17402.1,20702.5,18410.7,16256.3,19721.2,19405.6,21646.5,16270.3,18200.1,19146.9,17940.3,19498.4,19634.7,20144.4,18662.6,20656.6,18052.3,22322.3,18640.7,16711.6,16722.6,23322.4,17502,22653.7,17955.1,21373.1,18967.2,17368,16981.1,18463.5,18728.7,18072.9,17673.9,21487.4,20500.6,17251,20484.9,16655,17285.5,17711.3,21126.4,18240.5,16761.7,21447,16395.8,17561,17742.3,20113.8,16992.6,18564.4,19484.2,18700.3,20072.5,22139.1,17790,20355.2,18158.1,17049.1,16851.6,21767.6,19973.3,19837.5,19270.3,19525,18719.4,22462.1,18115.8,23132.1,18860.1,21764.6,19770.3,23951.7,18787.4,22705.6,19940.9,19984.6,17808.3,21197.1,22038.4,20475.1,19791.1,22888.2,21230.2,18420,17416.4,21661.8,19143.5,21694.8,21867.6,17188.3,19096.1,23257.1,19237,21210.1,17541.2,18082.4,21262.7,18365.1,21676.5,17764.4,22622.8,20178.1,19793.9,16953.9,19182.6,22356.4,19065.2,22523.1,18360.3,17436.2,18249.6,19066.7,22265.8,21272,23033.1,17526.2,18347.9,22303.1,19543.3,19188.8,19670.6,20794.5,23832.1,17936,23070.1,21593,21390.8,20873.5,22317.8,19968.4,22042.3,20038.5,23004.1,20827.1,19376,20810.9,17890.7,20699.2,21255.6,22960.1,18782.3,17766.6,20151,21040.2,18197.4,19368,22130.2,22092.7,22249.6,18312.7,21971.4,17691.1,20878.3,19811.7,18110.3,18051.1,22875.1,21968.1,21357.6,22004.1,22801.1,23477.4,22804.4,18033.4,19979.6,22600.7,18626.8,22850.8,23769,21860.4,23885,22606,21307.5,23430.9,22968,22757.4,20313.2,23389.4,23386.5,17899.2,18677.1,18839.1,22786.2,23007,19014.3,22319.8,16902,19677.6,21388,19873.7,18751.8,17310.6,22807.4,18683.7,17746,20970.8,19128.2,20710.9,20899.2,18807.1,22516,17504.4,18019.2,19392.7,18499.8,21357.8,19384.7,21020,18956.9,22494.2,18352.8,21857.2,21562,20218.8,20610.7,18695.7,23796.2,21680.6,22580.2,23141.6,21659.5,21254.3,19864,23767,19534.6,24780.1,20443.2,19673.7,23889.3,18753,23549.4,22995.5,21751.2,24609.2,20612.3,20142.2,18634.2,19628.2,24746,23441.8,25201.4,21372,23674.5,23218.7,20440.8,24834.2,23897.3,19101.3,21788.5,19076.1,20773.2,22924.4,23119.1,19739.7,21909.3,22046.5,20807.4,22221.9,24571.8,24367.4,21584.8,24124,24852.5,20403.5,19469.2,25004.8,21336.9,20004.6,25250.2,21747,25414.8,19569.8,23937.4,19765.4,23608.5,24786.2,21295.1,23663,24950.2,29633.9,36708
35078.6,31053.7,24882,23774.6,21270.7,19855.1,20808.5,20254.6,21986.4,20024.7,19738.1,23872.4,19478,20713.2,18308,22353.4,18627.2,18021.8,18939.7,20142.1,21507.5,18245,23883.8,17927.6,21148.5,19802.3,19597.8,20356.2,22965.2,19403.5,22100.7,18869,20863,20805.7,23370.9,22443.5,23117.2,20138.6,21375.9,20362.4,18193.1,22864,21339.4,19648.1,19548.4,19942.4,19876.9,18935.2,20784.6,18831.6,19050.4,16507.2,16250.8,20240.4,18725,16121.7,18824.1,19870.6,15981,16474,19513.5,20430.4,17205.1,20226.6,18011.2,18616.3,21629.3,21616.6,22208.6,22163.7,20158.6,21226.4,22751.8,20128.8,19401.5,20526.3,18847.6,19481.3,21879.5,18455.8,18209,19032.3,21028.5,21211.2,22300.8,23325.8,23001,18746.6,23143.5,17962.2,23137.1,22368.6,21663.2,20953.3,21640.7,18191.1,21404.9,19875.4,22676.3,16376.3,17133.3,16756.7,16128.5,17878.6,18054.2,21789.8,19862.4,15966.2,19324.1,18542,21143.1,19175.8,17094.5,19812.4,18256.8,16251.6,19253.9,18209,17919.7,16579.1,18849.8,20944.5,21501.4,18909.1,19862.5,16660.7,18559.6,19903.3,20933,17203.4,17846.7,19048.3,20194.2,23108.6,20585.7,19238.2,17650.3,18179,21568.3,21121.4,20616.6,16880.5,21527.5,18165.1,17111.1,16131.1,18670,19269.7,20616.5,21702.6,22344.9,17615.7,18755.3,21545.3,17750.3,17634.4,20544.5,19266.5,18115.1,17723.7,17478.9,21736.4,19595.5,19169,16939.4,21732.4,19030.9,20025.4,16724.8,20101.4,22634.3,21911.3,22133,21102,19784.8,17917,20314.4,19128.9,20524.9,19718,22454.6,20190.1,19046.2,23614.3,22401.2,18880.3,20066.3,18060.3,21707.9,19204.7,18902.5,21141.1,19810.3,20964.3,20200.9,21867.4,20526.3,21187.8,17970.5,22601,20997.6,19980.7,23240.3,17664.6,21672,18059.3,21940.8,21847.4,17702.8,18872.9,21934,18746,18087.7,18081.7,21161.4,21605.3,19987.8,19808.4,21749.9,18149.6,19660.6,21515.5,20138.1,21753.2,18727.4,17947.3,18621.4,21895.3,23546.4,21192.3,20893.6,17107.4,20297.8,22618.3,18482.1,22399,17125.3,20871.8,18877.8,18561,20523.9,22486.5,21446.5,18558.4,18203.5,21436.2,19873.2,17784.8,17863.3,22432,23096.7,20863.5,20815.7,18711,23544.8,19202,18376.4,20975.6,17765.5,19644.7,19586.6,20585.3,19643.6,19453.5,17082.6,21710.4,22286,19315.3,20757.7,18044.1,20248.3,22455.2,22045.4,20356.6,21635.5,20898.6,17533.8,18131,23332.2,22873.5,22357.6,21231,20625.6,21608.7,19314.5,19411.2,20525.7,17983.3,19831.3,20500,18422,20863.9,19029.6,22907.1,21011.6,22104.7,18516.6,18192.4,18348.2,17630.1,19490.4,17981.8,19895.4,21486.8,22542.8,17766.7,23429,18486.7,22324.8,22712.1,20542.7,19326.3,18336,21284.6,23452.8,22319.2,19056.1,17833.5,17733.2,22610.4,23150.6,20293.9,24461.2,21381.9,18319.6,24006.3,24156.3,20333.9,24602,23686.6,23516.2,25276.2,23432.2,22866.7,20857.5,23240,19883.5,20708.2,22600.6,25129.4,22229.1,22395.8,21274.1,24765.9,20236.7,21902.5,20562.2,19615.2,20213.7,24253.7,19271,23028.8,19464.6,20746.1,21689.9,23954.1,24570.2,23716.2,21526.1,19315.3,18938.6,20496,23774.4,19772.1,22047.5,23727.4,21894.6,25188.1,24959.5,21040,23324.6,26027.4,26057.1,22820,19525.6,23006.9,23752.2,21269.5,25457.1,25186.2,25307.2,23849.5,29422.4,32035.5
35526.5,33144.9,26232.1,23786.4,24660.2,24525,19472.2,19754.7,23068.3,21997,23629.8,19130.6,23730.7,18519,20719,19875.8,22972.3,21756.9,22693.7,23669.2,18748.9,19842,19713.9,20520.8,21157,18571.7,22372.7,20205.8,21084.3,21195.2,23443.7,19653.7,24133,23323.2,21453.1,17261.9,18817.7,22050.6,21070.3,17480.7,20802.5,17815.5,20487.6,16478.2,19457.3,17908.8,18108.9,21651,22570.2,16380.6,19443,17035,18381.5,18215.5,18792.5,20042.9,22009.6,21973.1,16473.8,18033.4,17560.7,18809,22094.9,21101.1,17857,19525.9,18004.1,16095.5,18096.3,19727.3,18919.9,16365.6,20210.7,19593.8,17608.4,21231.8,20851.6,21680,20427.7,17930.5,20519.1,18005.9,22938.7,19286.5,22821.2,18966.1,21948.9,20631.5,20262.8,20571.3,20604,18826.5,18014.5,23311.6,21933.9,17966.6,20814.6,17603.5,17072.3,20589.8,22477.8,18360.2,20499,22544.9,22345.7,17678.1,21204.1,16149.7,20105.7,20594.2,15860.7,21323.6,20590.5,19618.2,20524.5,19186.2,17969.5,22535.5,19915.8,20998.6,18006.2,18464.8,19096.1,19709.7,23355.8,19507.4,20966.3,20080.2,21778.3,17411.5,22702.5,19422.5,19512,22259.3,21927.5,20021.6,17124.8,21715.8,22096.5,19346.1,17653.3,21271.3,19004.8,20855.7,19998.4,17719.2,22363.7,22040.8,21576.7,19453.9,18094.5,16827.5,22583.1,19709.4,19335,16436.7,22415.4,18782.1,18193.1,19683.7,17114.6,17910.5,20816.5,22604.3,18598.5,22563.7,16859.2,21161.9,22995.5,20249.7,20632.7,22086,19292.2,22747.1,18841.8,22688.5,23181.9,20147.8,22128.6,23132.2,17757.8,18697.4,23156,21533.8,23065.3,22154.2,20729.8,20435.1,23126.8,22201.8,23210.4,22887.1,19556.5,18523.3,20104.9,18187.3,22794.4,20868,18194.4,22535.5,18130,17731.5,23197.8,20301.8,21848.5,17821.8,20361.6,20297.2,21911.6,20909.6,19491.4,20002.8,20584.8,17654.9,21742.5,18158.8,21522.4,21198.5,21026.3,22081.2,18909,20226.1,18948.5,21353.4,22189.1,21429,19070.6,18949.7,22924.8,21887.3,17373.9,19037.2,22521.1,22469.6,18183.5,21997,18526.4,21471.4,21691.6,22074.3,17816.2,18916.2,18891.1,18477.8,17468.8,18534,23010.4,22749.9,21275.7,22651.2,17677.1,21589.8,19315.7,20368.6,22249,23133.8,17642,22590,16704.4,16827.1,21881.1,21022.4,22396.8,17329,18450.9,23318.3,17535.3,19825.5,21652.8,24084,22233.2,20754.7,23446.8,19621,19578.3,18337.7,19062.9,20465.1,22217.3,23651.7,21150.6,23563.4,20588.4,20171.6,22250.8,19145.1,22094.2,19707.5,19337.9,18895.5,18314.4,17385.8,19127.5,22515.6,19620.4,21617.1,19409.7,17778.3,16664.1,20451.6,20720.2,20497.8,17604,18943.5,18365.7,19917,17216.4,17327,22766.3,23380.3,21553.3,21799.2,19276.6,23216,21058.3,20271.7,23221.3,23563,20058.2,22816.9,21665.6,21755.1,19196.6,22600.6,24008.7,18420.5,21927.6,21794.7,23501.8,20615.4,19682.2,24900,18965.2,22582.8,20665.6,19247.6,20014.2,19831.3,19020.3,24715.4,22201.4,24459.2,23165.6,24776,20015.6,24736.8,21638.5,24137.9,21200.9,19399.1,23021.9,22763.1,19945.7,23803.3,21020.7,22678.3,25189.3,19655,20208.4,19409,23282.7,21387.1,21351.1,21563.4,19516.8,23648,18619.4,24824.1,22768.6,21279.4,20269.3,23055.9,21168.3,25996,20562.6,24242.9,24152,26221.2,24622.8,21018.2,21627.1,28189.4,30406.3,33079.4
33403.2,29566.1,28460.7,28050.9,24311.8,25155.9,23181.3,22974.6,20190.5,24664.1,20070.8,20245.8,23500.1,19516.7,21906.3,22751.3,22971.1,21860.8,24123.4,20310,22739.7,18539.1,22220.1,17893.6,22661.1,23622,20706,19410.3,17981.1,17964.1,23492,19714.4,22760.4,18717.2,22132.8,20189,18470.6,23016.7,23527.2,20573.2,22912.2,20636.7,19050.1,20584.3,19883,19583.4,21376.6,18922,18071.2,17640.3,16236,21465,20667.8,18650,19207.3,17798.6,19307.3,16084.2,17674.5,17105.8,21005.2,19759.2,18772.6,22000.2,16991.7,19926.2,20045.5,17673.1,19445.8,16439.6,18156,18512,22903,22274.3,17752.7,18326.1,20097,23178.4,22882.6,17545.5,23113.5,21930.2,22149.4,22542.1,18611.2,22755.9,17994.4,19113.8,22983.9,17676.5,20369.8,20513.7,18787,17332.3,19929.7,23172.6,17218.4,18652.6,20243.9,21564.9,22563.4,18255.6,21346.6,20219.4,18858,16385.5,22026.7,20610.3,20151.2,20962.7,15833.9,22226.5,20646,20373.8,18123.2,19081.8,19683.9,18420.3,16529.1,19592,22865.9,17196.5,16900.5,22468.7,17099.6,19317.4,20886.9,18001.2,23079.5,23574.2,18559.5,20321.2,18217.3,21301.2,21381.3,20595.3,16679.7,17653.5,18401.1,16297.5,17566.1,16833.2,21674.8,16589,21795.3,21184.8,21588.3,17197.2,18851,21568.2,18728,19365.6,19704.6,18051.7,14676.1,18981.1,21109.2,17535.2,17702.7,19361.1,21966,17923.2,21723.5,17166.2,20460.2,17946.4,18988.3,22038.6,22907.1,19666.3,19739.7,18395.4,18216.9,18840.4,20466.9,19174.3,18885.1,21209.8,20482.4,18906.9,23695.7,21552.9,19509.2,23748.1,22115.7,20561.9,18971.4,17732.5,21626.4,20699.4,20811.7,20896.5,19482.7,22874,18935.7,22124.4,23077.4,21536.3,20988,20312.6,20962.2,19617,23409.1,18336.6,17807.3,21374.2,22327.6,17516.6,21295.4,17469.7,20116.9,23066.8,21368.7,17364.7,17699.7,17158.4,19063.7,18358.1,17264.6,17830.7,18981.4,18891,22293.1,20964.6,20435.2,23720.4,19371.4,22445.8,23508.7,18851.9,18677.8,19548.7,20628.3,19020.2,20717,16973.9,17704.8,23186.5,18749,18596.2,20093.5,20589.6,22176.7,22313.6,19022.6,19109.3,20012.3,20302.1,23549.8,23890,22736.1,18357.5,21177.9,18090.5,22678,17440,18364.8,17150.1,20683.3,17456.1,17987.3,21370,21193.8,17754,21855.6,19790,20791,23858.7,19837.3,20908.3,21741.3,22452.8,22638.4,20469.3,19478.2,19130.3,23866.7,21007,21823.5,20739.3,20134.3,18243.3,19040.1,22803.7,18870.9,20307.7,17407.2,20552.9,21632.2,20392.4,17725.9,18345.2,21912.4,20954.9,17185.1,22850.4,17751.9,18136.9,18502.1,17469.8,20470.7,17094.8,18448.5,18552.9,17966.7,22947.4,22150.2,21471.4,20118.8,20908.8,20995.8,22990,17698.4,21806.7,18909.4,22914.5,17727.4,23275,20343.8,18297.6,19209,21445.5,24123.3,21373.7,21300.3,20495.1,22136.4,24567.2,24449.6,20553.2,20879.9,21298,21321.3,25131.2,23499.3,18970,20402.7,21240.1,24174.8,19239.9,20042.6,25244.7,22253.4,19175.8,21045.1,20564.5,25352,24075,19098.5,21042.4,23674.6,20702.5,19239.1,23663.3,20209.8,20786.3,19349.4,19088.4,23558.3,19951.8,23054.3,21359,23838.5,19007.6,19450.9,23842.8,22149.2,20792.7,22100.7,22066.2,26020.3,20589.3,23867.7,23744.3,21023.2,23015.5,21426.6,24127,24796.8,26834.4,22449,29656.2,30241.8,35282
36248.2,27467,27409.3,27520.5,25913.6,25632.9,22760.3,23174.4,24166.7,22272.7,20724.3,19643.9,20759.3,22285.4,21448.9,22239.8,19580.8,23112.5,22596.4,21005.2,18550.5,20331.7,18336.3,21744.2,18604.6,19476.3,19023.1,17891.4,18935.7,18450.1,19582.1,22317.2,22215.1,20356.8,19534,17207.9,22703.6,23616.6,22801.2,21528.8,21677,17628.8,17981.6,20674.5,21245.9,16733.5,19380.8,16854.7,20525.9,21772.2,18785,21794.5,22365.6,20585.6,18373.3,22506.2,18704.8,19671.1,16045.2,18154.3,20259.7,17523.5,17282.4,18512.4,17937.1,18701.3,17168.7,16106.1,21297.2,20499.8,19683.5,16873,18249.7,21359.3,21045.8,20462.8,21388.4,17456.6,21128.7,21843.3,20850.6,18389.5,18440.6,18243.4,18506.9,20695.4,21974.3,19385.9,23332.6,19932.9,17999.9,17256,18240.5,20620,18733.1,17076.9,18148.2,20706.3,21997.7,22504.3,17273.3,21952.2,17752.6,19595.9,16471.6,19159.3,16343.1,16780.3,19205.2,17788.8,17766.2,16347.3,21124.3,21023,22206,20693,22336.3,17715.3,16571.8,17534.5,19953.1,22424.5,19382.2,21661,22095.4,19941.6,17235.8,18243.3,18353.9,21602.6,20164.7,21848.2,21405.4,21661.7,19268.5,17254.4,18252.2,18832.4,22174.6,20342.8,16666.5,19808.8,20472.1,21385,22035.7,18911.6,20829.1,16601.7,18725.8,20296.1,18729.7,18936.5,20134.3,20363.9,14813.8,19267.6,18234.1,20662.9,22164.6,20411,23034.5,17913.7,18271.9,20598.1,20811,22678.7,22258.9,19215.8,18474.4,22944,21233.7,19194,23902.4,21403.5,20668.1,21665,18601.3,23742.6,19199.5,21188.2,17735.6,18400.5,17726.5,19856,23895.5,23164.1,18379.8,18528.2,22381.2,18088.9,19598.5,21072.7,18134.2,20133.3,22303.2,22958.3,23130.7,17977.9,21453,18707.6,19712.2,22399.9,20701,19274.5,20221.1,18052,21680.8,22275.5,18202.5,18066.3,20799.6,19520.6,17021.5,17431.9,19491.8,21981.3,20731.5,20631.3,19155.1,20380.8,22831,20514.6,19721.3,18596.9,20051,23727.4,19419.3,19402,23283.3,22290.8,18391.3,23292.8,18818,21213.1,19898.1,17028.5,17546.8,20256.3,20903.6,19232.3,20469.8,19657.4,21475.3,19900.8,17659.8,22578.6,17702,21105.7,17854,21829.5,18911.1,22553.3,21361.1,18222.2,22595.9,22913.5,21371.2,19919.3,20604.6,19792.9,20555.6,22030,18172,17064.4,23477.9,19973.9,20636.8,18536.1,21217,19446.5,23009.5,18480.9,21009.1,24285,21713.7,19716.1,18188.2,24013.2,21279.4,23173.1,19049.1,20432.7,23056.7,17316.3,22072,21125.1,18516.1,22439.9,19133.3,19855.4,21616.3,22307.5,22690.2,20517.4,19234.4,17229.6,17308.6,19114.3,18198.9,18177.3,16706.9,20425.2,20007.3,17450.3,17208,21520.3,20506.3,21327.4,19471.4,21297.4,17186.6,18732.5,22313.4,18255.7,23256.4,20765,19129.4,19609.8,18081.4,19401.8,19449.8,19567.6,21196.1,20743.9,24453.3,19619.2,22814.3,23386.5,19951,21945.9,21508,20886.9,24652.9,25204.9,23821.8,23278.8,20590.8,20445.4,19442.4,22660.4,21368,25025.3,23031.8,24254.7,25944,24499.4,25449.6,19690.6,20849.2,23029.1,20675.5,21897,20930.1,19616,20930.9,21932.9,20348.2,18885.2,20448.1,19218.8,20953.7,20565.1,20111,20567.7,23832.6,23019.5,22331.5,21189.1,19594.8,20254.5,25803.7,23782.4,19977.7,24401.9,20871.9,24999.8,24162.2,23485.9,24502.2,24905.1,22473.1,28575.1,26903.8,31735.4
36078.6,31490.3,24991.6,25280.9,21058.5,24755.2,19853.5,19158.6,22374.7,24413.1,24788.8,23114.5,21956.7,18680.3,23365,23226.3,23519.5,20550.2,24703,23865.5,21630.1,22465.5,19934.4,22253.6,21811.9,23603.4,20304,21528.9,22132.7,21813.6,22603.2,23683.2,20887.6,22058.5,18814.3,19001.4,22402.5,23509.5,21054.8,17073,16912.9,20216.6,21969.3,21546,17987.8,17031,19538.2,20964.9,22015.3,20506.2,20820.6,21858.8,20844,18959,19069.1,20739.1,18182.6,16425.7,17522.3,21755.2,18775,16616.1,20224.2,20635.3,21175.8,17922.9,16270.3,19732.6,18797.1,20992.7,21219.7,16652.8,19046.3,18001.2,18443.1,22008.2,18849.2,20863.4,18347.7,19306.5,20162.1,17258.5,21177.3,19097.8,19946.7,21825.7,21616.8,23835.1,18741.8,23526.2,22336.1,23037.5,17529.1,20899.8,23066.9,20812.1,22792.7,21652,20052.8,21455,19070.8,16760.2,21931.3,18930.1,20818.6,18432.8,21339.2,16908.1,19172.2,20135.1,21575.6,16601.7,19888.7,20486.8,21461,19215.6,20954.8,17348.5,22746.5,20954.3,19052,19106.2,19809.3,20539.8,18465.3,23386.2,18519.7,23453.6,22100.2,23322.4,17379.8,21773.2,22726.4,21924.2,19836,17992.4,22443.6,19352.9,20420.2,18676.9,18043.6,20044.1,16328.7,16363.3,20979.2,19537.5,21959.2,21541.5,18030.5,17572.3,18160.3,18019.4,22023,22266.1,19313.3,20142,17279.8,21514.3,16883.2,18525.9,22573.1,21115.4,19821.3,20300.5,18483.8,19186.2,21349.6,22079.7,16718.9,18671,18933.5,18817.3,21524.8,18609.8,20292.7,19708.5,22023.8,17747.2,21547.4,18108.4,20436.1,23377.2,23538.2,24261.4,21279.3,24272.1,23364.9,17927.9,21425.4,23505.1,20842.7,21625.3,20760.9,19014.6,21573.8,22556.8,17105.4,17804.3,19566.4,21308.6,21554.2,22947.4,20340.2,20631.2,19791,18202,22593.1,16789.1,20589,20902.4,21240.6,18382.4,17421,17192.5,19591.7,21193.5,22999.8,18678.3,19331.9,19575.9,23643.6,23067.3,23612.4,17836,21111.6,19095.8,19331.7,21864,22242.6,19213.9,20795.2,17169.1,18515.9,20427.4,21105.8,17932.4,20805.8,17061.3,21475.3,18542.3,21741.4,19982.8,17485.9,18901.1,19036.9,22768.4,17574.1,17744.9,19768.4,19245.9,21742.5,17242,17827.2,18382.6,21106.3,23496.4,17451.7,17905.4,22435.8,17646.1,18102.6,23113.4,17136.8,22638.8,19919.3,17351.8,17287.7,17871.4,19413.2,23213,17481.2,22232.6,23027.8,19759.6,20107.8,18050.1,20422.3,20632.2,23676.3,19874.4,18469,20277.3,22398.1,22126,18664.6,18466.2,20180.9,18305,17840.2,19121.4,18135.9,20108.1,21214.8,23326.3,19503.1,17123.4,17436.1,20193.4,17730.5,21611.9,21368.9,19458.6,17455.8,18762.3,22599.2,23568,20000.1,22313.6,23308.9,19028.6,17477.9,21159,19604.3,18100.3,21186.2,19727.1,20770.4,23717.1,17919,21703.8,21870.1,24613.3,22233.8,22061.2,19703.8,19001.4,18970.4,20828.8,24408.5,21656.9,21431.7,19827.8,21932.1,20548.8,24430.7,21276.3,23175.7,24265.1,19541.6,24833.1,18524.5,23005.4,19490.9,24874.1,24186,23863.8,20483.2,22954.6,21274,20459.1,20512.8,23865.2,19811.9,21376,22291.1,21003.8,23306.7,19481.4,23433.8,23123.3,21183.2,24648,18443.5,24451.3,19245.3,24962.5,23551,19099.2,24452.1,20166.5,21638.5,22847.2,24971,22293.7,21823.6,25709.6,24842.4,26443.2,21124.1,21362.9,23644.4,24591.2,26601.8,37602.3
33410.3,30089.1,27794.4,26418.7,23398.6,22325.4,22461.4,22133.9,23824.1,24130.3,22087.3,23684.5,21311.6,20876.7,23595.3,20370.3,19496.8,21139.4,19680.6,18710.9,18778.6,24006.6,19591.7,19824.1,19292,22110.6,24207.2,18964.7,21701.3,23439.2,21147.3,20061.1,20288,17991.9,22482.3,17553,21867.9,18379.1,20486.9,17097.8,22742.2,20118.4,22843.5,21557.1,21527.9,20456.3,19352.2,16919,22515.2,17076.8,20683.3,19827.6,19736.7,21531.2,18206,20195.9,16371.7,21141.2,16972.9,19784.3,17481.8,16302.9,21643,21557,17667.4,17607,20451.6,16650.6,19225.4,21575.7,18084.7,17125.1,17197.5,17049.8,17251.6,19619.4,21800.7,18220.6,22112.1,17024.8,19271.5,22366.9,19528.4,22285.5,22222.8,22843.2,18087.2,21464.7,22900.1,20688.5,23535.5,21709.5,20841,20464.2,22442.2,19858.8,19660.6,20758,16485.8,22018.2,16600.2,22016.5,16707.3,22488.7,18158.5,20595.9,19445.8,18557.6,21783.3,20192.9,21549,21929.1,18618.1,20726.7,22195,20766,21833,21530.2,17283.2,17004,17928.4,18394.2,18348.4,18235.9,18807.7,19684.8,18517.1,18398.5,19458.6,22792.8,21063.8,23031.2,23671.1,17951.5,18741.1,21582.7,20256,16350.1,20648.9,16519.9,16771.6,20275.9,21548.3,22077.7,16288.1,20132.2,17505,18521.4,19820.9,18838.9,18869.2,16867.9,19823.7,22650.2,15807.1,16171.8,21121.5,21308.3,21369.5,17300.2,22813.8,20899.1,21485.1,21705.1,21109.2,16888.5,17001.5,22614.5,22685.4,17356.2,17336.8,18228.4,21919.6,20831,17454.9,21378.7,21787.3,23868.8,18601.1,20383.2,22229.4,22394.6,24110.5,20965.1,19174.4,19668.5,21349.8,20752,17388.2,17697.6,19735,19570.3,23113.8,21966.5,20348.2,22448.4,23745.7,17879.6,18036.8,19920.9,21836.9,18665.1,20356.4,20517.9,20700.1,22302.8,18365.6,21883.5,22784,17496.7,20659.3,20869.3,19683.2,20390.8,17584.7,21943.4,17708.5,18042.8,22619.7,19261.7,21439.2,22301.2,22298.7,19646.5,23881.1,22229.2,18885.3,23297.7,17365,22880.4,22313.9,17043.6,23001.6,23443.8,22816.9,19662.9,21134.3,23443.6,22775.9,18078.7,22718.9,19941.7,21442,20145.3,17288.9,18031,21071.5,21706.1,22058,18399.4,23426.2,19422.5,20538.4,19215.5,21205.2,20566.3,20941.2,20264.3,18054.5,20564.8,22691.3,20545.2,18202.6,21330.9,18299.9,23702.6,23156.3,20983.5,19813.3,22994.5,23209.9,23813.2,21982.5,24487.9,19912.8,17951.8,24019.1,20084,18837.8,19223.7,23653.6,23965.9,19884.2,21084.5,21500.9,22046.6,17226.9,21064.9,20113.9,21429.9,20238.3,20920.4,17523.5,21810.7,22409,18334.9,19092.9,21257.7,21071.7,18722.2,18624.6,19891.7,19927.8,19560.8,18416,20911.9,18123.1,21001.6,17476.8,19891.8,18609.1,21290,21746,21435.4,22473.5,22882.5,20637.2,21776.9,23788.1,20387.5,20808.1,18657.2,21727.2,22520.5,20854.2,21634.5,22690.7,21906.6,23119.9,21935.2,20131.4,18968.8,19498.1,23836.8,20601,20450.7,18579.4,21546.9,24192.2,24865.1,21212.2,25218,25084.4,23233.2,21359.8,20259.3,24793.9,24422,24320.8,23146.5,19567.5,19158.5,19758.2,23907,22144.8,19395.3,21927.3,19180.7,20473.1,24444.7,23496.2,20208.9,20432.9,22091.5,22767.9,22916.4,21548,21839.3,23592.2,22477.3,22942.8,22125.6,22601.2,19809,23087.7,20100.6,24599.1,23858.7,25495.4,24463.4,25588.4,27637.4,26470.2,36832
31676.7,29246.7,29686.3,27792.5,20801.7,24097,21242.4,23986,23257.4,23802.5,19080.7,22965.9,20477.4,23637.6,22874.8,23772.6,19637.9,23845.4,20943.7,22187.7,19471.8,22693.6,22452.7,20247,21433.8,21615.2,22898.2,20493,24329.9,19790.7,20401.1,18752.7,23437.2,19367.6,17590.3,19912.7,21866.4,21174.6,17668.5,17020.8,23232.1,20484.8,19487.6,19313.1,16964,20446.8,21593.2,18291.4,20433.7,19360,18200,17055.9,16388.4,21453.9,17622.4,20013.1,17027.6,21222,21955.2,16970.3,20190.8,19580.6,16641.9,20074.6,18424.3,19378.4,21533.7,16466.9,21951.9,21523.8,19988,19680.5,17029.8,18912.1,16462.5,17710.9,22511.6,18000.2,21754.1,20117,20540.8,18162.6,17722.9,20165.3,20000,23379.8,18432,21820,19529.9,20075.5,22808.8,22515.5,21688.3,22843.5,23220,23157.2,18663.8,22960.7,17501.1,21016.7,21847.3,17056,19521.3,17871.6,18815.3,15907.7,20827.9,21263.1,21425.6,16559.5,17223.2,22415.6,16961.4,21908.3,19774.5,22620.4,19957.4,18620.7,21965.6,22824,18740.2,20018.2,17744.8,22866.8,18169,17332.6,22493.1,23274.4,17960,17408.7,17561.9,20554.5,17538.8,22369.1,19357.4,19254.6,21001,17701.9,22073.6,18812.1,21448.6,16846.8,22178.8,17534.2,20129.5,21768.5,21062.5,19132.5,19692,18201.4,19219,16977.6,19657.1,20250.6,20142.5,21491.8,17790.5,16896.5,23128.5,23281.7,20819.7,20624.3,17609.8,20043.3,19214.7,18144,17822.3,19895.3,17430.3,20178.8,21422.6,19846.2,23388.4,18613,18416.8,22216.4,23026.4,19717.3,20313.6,21212.6,23239.5,20578.8,19472.6,20178,19544.4,19030.8,22989.1,22011.9,20856.7,22488.2,20739.5,21314,18687.8,19491.8,17796.3,17875.3,19285.4,18131.8,18736.8,17959.2,16991.5,22548.8,18511.7,23376.8,17576.3,19665.9,21005.4,19290,17450.4,18410.8,19332.9,22803.6,23244.1,20542.4,17323.1,23273.2,21944.9,23617.9,18595.5,18796.4,20468.2,22849.6,22575.4,19018.4,21537.2,18716.9,21895.3,17812.2,18062.8,20651.7,23060,21241.4,18987.5,22159.5,22001.9,17830.1,18430.8,22583.5,22504.9,18632.5,17274.8,23390.8,20668.4,18041.2,21542.8,22837.3,20233.9,17569.2,22808.4,21048.1,19101.2,23819.9,23433.3,22249.4,21878,22192.4,17031.6,21616.5,23209.6,23378.7,18846.7,22267.1,19680.3,17468.4,16845.6,20274.7,20568.2,19101.7,23616.1,22091,19799.6,19455.9,18625.2,19627.4,21156.7,22652,21998.7,19422.7,22130.5,20871.9,20512,20791.6,22706.5,21896.1,23620.7,21342,19477.5,21581.6,19530.6,22091.3,21028.4,21782.1,17618.3,19523.7,20050,18739,23358.3,23301.9,20272.5,17222.3,19946.5,18973.9,20736.3,20329.9,18829.8,17381.5,20829.1,17880.3,18630.7,20903.5,18563.4,24032.8,23707.1,20804.6,23790.4,18207.7,21116.7,21163.5,23305.6,23378.7,20357,20820.8,21892.1,23016.5,20728.6,21474.9,21140.3,21172.6,20748.8,24117.3,22615.8,22964.5,22178,23152.4,20629.2,19035.7,22892.4,22509.3,20414.5,21211.4,24694,23651.9,19862.4,20512.8,24987.5,21204,23199.7,25260.5,24885.2,21769.5,20988,22200.8,20025.5,24191.1,19881.9,23426.3,21022,20276,18954.6,21370,20188,21013.7,21840.1,20318.1,23127.2,23458.6,22145.2,19601.1,20854.5,22854.9,20633.2,22228.1,20848.4,19780.9,20506.8,25238.5,22118.8,21633.5,20511.1,20333.2,25118.9,29323.2,32017.5,31092.1
34227.5,27223.7,27347.9,21951.6,20625.5,25149.9,25830.7,23608.9,24683.2,22630,22856.8,19533.3,22951.6,22617.7,19016.6,22769,22192.6,19618.6,22801.2,18247.8,19653.7,22542.3,20741.5,17939.8,22721.3,19010.5,22872.3,22468.1,24332.1,23736.9,19946.7,19013.8,17880.1,17896.4,23722.5,21732.3,18483,23157.8,20327.9,21472.1,17464.9,22083.7,19693.1,21867.2,20195.2,21702.3,19757.8,19831.8,17987.3,18176.8,18184.8,17611.2,16466.5,16298.7,17137.4,20530.7,17760.4,18643.4,22249.1,19601.9,17509,20245.1,17361.5,22111.2,21568.1,21387,16762,21704.3,22370.8,21124.6,20578.4,20821.9,17222.1,22667.1,17413.3,19993.7,18106.3,20932.9,20340.7,19306.7,17300.8,18401.1,19001,18304.5,22618.6,17698.9,18417.5,20014.9,22411.6,18263,21787.6,21497.1,19406.7,16988.7,17477.4,22473.7,19621.9,21157.5,18771.8,19382,17835.8,19975,20247.8,18167.8,17178,21707.3,20931.8,21968.1,21617.2,20039.2,18937.5,20108.8,18292.1,19339.8,16044.7,17105.1,21567.3,19498.1,22643.8,19565.4,20805,21890.2,16847.8,22121.1,20396,21336.2,23309.6,19717.4,23044,22837.5,21090.8,19093.2,20622.6,19910.3,18233.4,20607.9,21133.7,22569.1,18760,19113.2,17652.9,21223.1,18976.8,21015.3,19151.3,21988.4,17266.8,18483,20549.3,18438,19721.8,17170.4,19722.1,20921.8,19623.5,16739,21943.8,20796.8,20469.1,21075.2,17378.9,23317.7,19718.1,18699.9,19502.2,17375.2,19742.8,20652.7,22406.3,23607.9,20241.4,22207.3,20958.5,21950.3,18521.4,21211.9,19534.6,19835.1,18466.9,21130.5,20035.1,20687,21612,22348.3,18567.5,24093,21874.5,22945.7,19044.7,18551.5,23429,18412.7,20980.2,21350.2,17624.3,23500.2,18064.3,20341.6,20895.3,21084.4,17274.7,20352.8,17476.1,18911.3,18510.8,21489.5,22605.4,21681.1,18122.5,16915.9,19557.5,18708.8,17558.4,18755.5,21024.2,20140.6,18556.6,19077.1,19985.7,19878.4,21594.8,18175.2,20906.4,20464.9,22713.8,18462.8,21654.8,18854.7,22517.5,21554.4,23497.7,21901.7,18168.3,23095.8,20021.1,18574.4,17431.9,20512.3,17786.2,20085.9,20532.7,18585.6,23411.2,23305,22050.1,18186.9,18753.5,22016,23148.9,19648.1,17331.1,21627.1,22039.1,21357.2,20868.4,19952.1,17917.8,23287.6,19652,19842.5,16836.4,20979.7,17779.5,23514.9,21539.7,20299.6,21676,17755.8,19030.4,24084.4,18509.6,19450.2,20555.1,23662.2,21005.1,22210.8,20735.6,23747,20370.1,20657.5,19660.2,21362.6,23524.4,21166.4,17445.2,23368.9,20401.6,21755.5,20980.6,17635.2,19021.8,17011.7,20794.8,17160.7,19675.7,23276.5,19248.7,20293.5,18804.2,18967.7,21814.7,19114.1,21909.9,22256.3,23641,22931.7,23826.8,20261.3,22628.7,21822,22416.9,18943.3,21072.9,19706.5,20598.7,22847.4,20217.5,21862.7,23037.9,19314.8,20526.7,24247.6,23429.1,22886,19581.5,18900.3,22395.6,18517.8,21738.3,19153.9,22978,23401.4,19927.4,24640.3,23791.2,22132.6,20143,18716.5,18881.8,25093.1,18707.7,21480.3,25038.9,20507.9,19680.4,21475.6,21300.6,20712.4,24414.4,23385.6,19470.4,21103.6,21394.7,22805.1,23710.6,19951.1,24364,19258.1,24755.8,20537,24810.6,20673.7,18439.4,22674.7,19731.3,20937.2,23277.1,22243.7,23750.1,23045.3,24768.9,22833,19742.1,23970.7,25206.2,25026.7,23749.5,22598.8,20430.6,23229.6,26156.4,24841.8,30040.1,32580
32973.5,28255.2,23807.3,27905.7,26633.4,25886.6,24582.6,19517.5,22542.9,21563.7,23518.4,24233.6,22364.4,24858.4,21257.3,22509.2,24670.2,18983.7,24629.5,18474.6,23792.4,21221.5,20658,20153,22294.1,20020.3,18184.1,18325.5,22674.8,19997.7,20928,18359,18214.1,19891.5,21800.4,22834.6,18907.9,19270.7,17695,17822.9,23131.8,17370,22275.8,20524,18533.6,18133.7,21796.6,21316.7,20156.4,19160.3,20214.9,20295.2,21753.6,16514.3,19070.2,21384.1,17306.5,17588.4,17683.8,21060.6,17125.5,22436.9,22036.7,16275.4,20116.4,22339.7,21015.3,19833.6,21753.2,20979.9,17981.6,16964.6,17606.4,20992.5,18571.5,19010.6,17499.7,23063.8,21926.9,21439.6,22494,17700.3,21567.3,17709.3,17205.4,17733.9,17207.6,18878.6,20153.7,17130.1,18765.7,23197.6,21280,18566.2,22200.8,20923.6,16797.5,19991,20083.3,19541.7,22072.8,22652.9,22870,19364.9,16505.4,19045.6,19723.5,22660.9,22103.1,20291.9,16448.4,20199.7,20932.1,20353.8,17826.3,16247.1,21032.8,21616.4,21900.1,22121.1,22392,19103.6,19090.6,19147.7,20313.4,17513.8,23508.2,19003.6,23097.6,19531.7,23808.3,23647.9,17888.6,21121,17319.7,22072.9,16927.9,22283.2,16244.6,22376.3,18497.2,20171.8,16695.5,18019.4,19189.2,19903.8,17186,21940.3,17726.6,18928,20859.1,21469.2,20259.5,18904.1,15102.6,20878.1,20527.2,18913.4,20357.8,17375.5,20659.9,20049.9,17421.1,17197.7,21913.1,22276.9,20159.4,22580.7,20819.4,22168.2,22460.3,23695.6,22561.6,21891.1,20004.2,23023.2,19477.5,23881.7,22458,22115.2,21475.3,20503.5,21188.2,21104.2,24197,23381.6,23645.6,20988.1,23534.8,19340,21508.5,22230.7,22451.5,22060.4,20909.1,22189.7,21879.5,20052,23382.2,19826.6,17835.7,21897.3,18234.2,20008.5,17355.6,22291.2,22072.5,22302.4,19308.7,17375.7,21073.7,17443.2,21833.3,20437,18106.3,21167.5,19725.8,22500.9,18304.4,22503.2,19924.6,22412.6,22513.8,20809.7,21229.1,18733.3,23831.8,18679.4,20501,20473.4,19231.1,19307.9,17657.7,19944,19892.5,19232.7,23196.9,19786.1,20488.8,17379.4,21094.6,20898.1,17670.4,19685.6,20735.2,19326.6,22605.5,20769.6,18243.8,19402.4,19985.3,20202.5,21567.5,21080.3,17491.1,17565.5,19627.2,17584.5,19903.5,19152.2,21795.2,21141,17871.6,23003,21853.3,18882.3,18691,21467.9,19565.2,19634.1,18080.5,19637.5,21864.2,21083.1,22387.3,20788,23166,23226.4,22141.9,22608.5,19973.1,21960.8,17417.7,23170.5,17968.7,21025.5,21783.9,22139,22241.1,17118.2,20702.9,19647.7,22807.9,18419.5,20620.8,17269.3,19701,19266.8,19196.3,17087.3,21502.9,17561.7,23705.4,22754.2,21833.6,6252.79,20379.5,18183.8,22460.4,24214.5,19337.2,22456.5,20907.9,23715.3,18291.1,20452.2,19892.2,20047.4,23827.3,21622.3,22706.9,20544.7,23014.9,22040.2,24117.7,23587,24524.7,23860.2,23060.8,24081.4,18979.8,22795.9,22787.5,18791.4,18692.8,24655.7,18893.5,21371.3,20462.9,22586.1,20058.5,22598,25339.7,23897.3,24774.6,25537.6,23241.3,22657.5,22301.4,20685.1,22023.3,24716,21963.5,24000.9,21783.3,20919.9,23693.8,24367.4,19129,22624.6,20534,18971.4,22509.2,21080,24603.4,22241.7,20553.8,22644.9,25963.8,22798.6,23682.8,20391.7,24481.1,21713.4,19811.4,23656.7,22382.2,23765.4,24482.7,24311.1,23256.2,29558,26412.1,33860.8
37720.7,30564.3,29139.5,22150.6,25081,19817.3,20844.2,19814.8,21754.1,23848,19419,19224.6,24398.6,21698.9,23483.1,22129.4,22007.6,19937.7,19390.3,23772.2,21661.5,18289.3,24076.4,22779.8,24182.8,20002.4,22489.8,23918.6,24047.2,18304.4,19684.6,21443.7,19345.1,23050.3,19757.8,21657,17686.7,20276.2,18286.1,18978.7,17012.9,20206.5,19716.7,17357.4,23199.2,21305.5,19679,19808,17361.4,17833.5,20198.4,20593.5,20514.8,20874,17458.6,20238.8,18232.1,16875.3,21501.3,16615.8,17025.1,20896.6,17154,18284.4,19662.1,18031.8,16187.5,19716.1,21881.7,16176.7,22424.7,17799.5,18833.5,22762.2,17828,21868.3,21996.6,18357.7,18070.9,20268.7,22287.7,20485.8,18164,18423.5,22287.8,19355,16973.6,20349.5,20209.7,22824.3,17269,20463,22104,20802.3,17460.7,18814.7,17206.4,20518.1,17714.7,18887.9,21669.3,18033.3,19812.2,18403,22010.9,20296.1,18670.1,21845.7,17739.4,20536.4,21075.7,20480.1,22269.3,19748.5,18642.3,18975.6,17191.9,16834.2,16994.1,18189.7,16796.9,18116.6,18003.9,19529.6,22924.5,18984.9,18113.8,23189,18013.5,22175.4,20824.3,21513.5,23781.7,21468.3,19599.1,20043.2,22554,22320.8,20949,17883.2,21597.7,18177.3,21159.7,22233.2,20475.5,18850.8,20830.6,18138.2,19313.9,21980.1,18261.8,19945.7,20312.9,22381.6,20171.3,20026.3,21877,23388,19910.7,21621.5,20103.5,17660.8,18328.2,18518,21665.5,19807.4,22770.4,18829.8,23119.7,18065.6,19978.1,21470.7,20931.2,20420.2,19269.3,23604.6,20072.5,23703.5,18260.1,21911.5,18810.2,23218.3,18728.1,18972.8,23624.4,20251.6,19997.6,21250.5,18532.3,23436.4,23245.3,17731.2,17362,21250.5,22271.1,18021.7,19728.2,19999.5,17566.8,21829.6,22389.7,22529,22098.8,17293,22027.2,22072.1,22339.3,21596.9,18244.5,17174.1,22072.4,17742.9,21584.8,18685,19345,18617.6,22228.6,20125.5,20195.1,16923.5,17023.3,18770.5,17163.8,23701.1,17719,18617.4,19246.6,18646,21026.2,22275.7,19509.1,22600.9,18049.4,23215,21483.8,19426.5,21527,19791.5,17749.2,21030,18656,23273.6,21391.5,23203.8,22113.1,18894.5,21006.4,20128.5,18179.1,20444,23182.8,22314.4,19644.7,18778.7,23483.9,19611.1,17703.6,18937.7,20343.6,20285.3,21985.5,21568.2,21804.1,17923.5,18398.2,20900.8,20416,21764.8,21894.4,18719,20183.7,18070,20272,23253.6,21098.3,20399.7,20847.2,20982.2,20401.8,18768.9,22725.5,18919.3,20222.5,23782.1,20245,22259.9,18639.8,19884.3,21778.1,17419.3,22692,18643.5,19356.7,17378.1,22120.1,18671.9,20183.9,21306.1,18893.8,22241,21144.1,23728.7,23914.1,20683.3,20246.3,17455.9,23627.2,18912.2,19547.7,23811.3,19801.7,20390.1,18047.7,22221.2,19492.4,21922.6,23067.3,20054.1,20652.5,24749.7,23092.7,24361.7,21940.1,24553,19966.4,20283,18979.5,19142.7,22297.2,22970.6,22698.4,19456.8,21702.3,20661.3,21597.5,19770.1,19288,19540.7,19782.2,20168.8,18536.6,22423.8,19699.9,19869,21166.8,22216.9,21513,21527.4,21116.7,24324.8,22905.1,24623.7,23926.4,19255.4,25633.5,24773.8,24142.5,20096.7,19700.8,22612.7,22206.7,22147.5,20927.7,23877.4,20070.4,22405.1,21333.8,22923,20334.7,25457.4,25200.9,19882,22828.5,21798.9,22143.2,23758.8,20587,23978.5,24993.4,22874.6,26825.5,28333.7,27604.3,31420.8
32877.5,30997.3,28291.2,26775.6,23787.1,20806.3,21849.2,21313,21211.2,24124.9,20983.2,21257.9,21977.6,24664.5,20055.7,24198.9,21927.3,21928.7,19865.5,18670.5,20456.9,19813.9,19585.1,20454.2,18790.7,18637.2,21491.5,19827.5,18698.8,21579.2,24082.2,21508.2,19506.3,23008.7,19111.5,19800.7,22136.3,19874.6,20590.6,20033.7,20027.4,19520,16994.8,17866.2,22637.7,21421.2,19741.5,19256.9,19989.9,18442.1,19688.4,16808.8,18049.5,18306.4,18927.2,17501.8,19056.6,19940.8,19540,18847.9,18344.6,16842.2,18185.9,16358.2,19403.8,21003.7,21800.8,19727.3,16309,19845.2,17607.8,20507.7,22026.6,20501.7,17839.4,18993.9,20831.4,17848.3,21019.3,23031.8,19976.6,20890,20172.5,19254.2,21689,20727.2,20248.2,21756.1,22571.3,20326.2,20293.4,17583,18398.8,20538.7,20995.8,19683.7,7068.45,19160.4,17793.4,20430.8,17494.6,21832.1,17259.1,19057.3,16464.9,18073.9,21680.9,18779.2,16453.2,17225.4,19283.9,19750.5,19099,21342.2,21017,20802,22247.4,20649,23008,18106.3,20173,18098.1,23370.7,18429.1,20638.4,17785.3,21455.3,19472.5,18239.5,18883,18323.5,20780.8,21998.3,17584.7,18755.1,16728.1,20025.4,22395.5,22254.4,18789.1,17026,16492,17118.6,16895.6,20232.9,22471.6,22478.3,18978.9,18224.7,17832,16377.9,21868.9,18161.8,18025.4,15302.8,18029.2,17594.4,21734.1,20474.4,22373.3,18150,22374.9,19598.3,20273.2,23413.7,18467.8,23299.9,23295.9,19814.1,17729.8,17755.6,17704.8,18290.6,23359.5,22245.1,23672.6,18703.8,23930.5,21605.7,22416.9,18158,19186.8,19878.1,17983.7,20928.5,19501.4,18670.3,22441,21078.6,22616.3,22317.3,22254.7,21993,23681.1,18844.2,17523.8,19549.1,18930.6,18040.8,21503.6,22471.5,20301.1,18298.5,23379.6,22214.7,19984,22436.8,17022.5,19746.4,22112.2,18025.7,19613.6,17400.8,20382.4,21589.4,22955.5,23450.1,18707.6,20756.1,17826.4,21376.2,19013.4,23139.9,18776.2,22580.6,19808.6,20559.4,19495.5,20940.2,19649.4,20761.3,19259.8,17839.4,20574.1,23472.1,17428,21311.3,22199.6,20342.7,21925.3,20078.3,22743.4,17731.5,20667.6,19600,21750.7,18539.7,18257.8,22736.6,18595.3,19444.5,21001.4,19186.6,23844.9,22873.2,20694.1,20105.2,21130.5,23288.4,19574.5,19287.2,22010.2,20412.1,18515.9,23408.8,20430.3,22603.6,21729,20215.9,21823.3,23307.2,22538.8,22749.2,24028.6,24218.2,20929.1,19932.9,21474.5,17608.3,20727.1,21211,19442.9,21532.4,18189.1,19076.4,22199.9,22074.3,22171.1,17312.9,22889.2,19672.9,22999.7,23273.9,16978.1,17655.4,18745.3,23230.2,21788.6,18765.2,18544.2,18765.4,18353.8,19400,20365.5,18723.1,20274.4,20824.4,18831.8,18543.1,20205.3,23215.1,20022.6,22375.4,19987.8,22180.2,22527.4,19077,20831.2,21000.5,21137.6,22095,19945.6,24191.4,19160.1,22183.5,23540.1,20080.8,23644.2,21593.8,21340.6,18669.7,25025.9,23750.4,20440.2,21693,20784.6,24481.4,18598.7,21590.5,23786.3,19957.2,20864.9,19784.8,23599.1,24005.1,21840.6,25255.3,21816.2,22451.3,20988.2,20875.6,19865.7,22146.8,22980.4,25653.3,21272.9,24397.7,23976.1,19213.3,20957.1,20754.2,21234.3,22924.8,22308.7,18855.5,23477.8,24168.3,21827.3,19363.5,23701.2,22413.9,23106.1,21618.7,21326.2,23905,23424.1,20131.6,24501.9,22060.2,26671.6,25911.2,26004.1,30215.5,31290.2
34591,28510.1,28107.2,26888.4,26609.9,24516.9,22593.1,25433.2,21475.1,21347.6,22045,22909.8,18434.3,23213.1,20612.5,20230.7,18537.8,20811.7,22243.9,20803.6,24314.1,22223.5,20587.5,21057.4,21126.6,18888,24106.9,19734.6,19584.7,23166.5,21214.8,24390.5,21776.5,20354,19133.3,22135.9,20421,20681.1,20782.5,18135.4,20585.1,18483.6,20372.9,20165.6,21889.9,22996.8,22067.8,20804.8,18251.3,18616.9,17799.5,20897.2,21899,17516.3,21634.3,18776,17354.2,20389.9,19019.5,16271.9,21528.3,18776,20729.8,17604.7,17051.1,18807.7,19617.5,21173.6,20482,21156,19368.5,16910,22149,20063.2,17950.3,22706.2,19850.1,18761.3,18383.5,16885.4,19382.4,16810.7,19495.2,23090.4,22711.7,23076.2,19825.2,20206.4,17703.4,18447.1,17523.5,22485.5,18321.4,20100.1,21258.1,21848.8,22217.2,20115.9,18056.2,18596.1,22079,17364.9,21068,20657.4,19107.4,21323.2,17928.9,19438.1,18995.6,22678.1,21913.3,20803.4,18831,17711.3,19765.9,20468.2,22100.6,22006.5,22792.5,18252.7,22872.7,18674.9,20538.8,20230.4,20917.2,17821.7,18122.2,21556.3,19474.6,22968.6,20525.1,19175.8,20976,18733,23379.8,19874.1,21143.2,21442.5,20650.1,20774.8,21551.4,18226.8,20148.9,20024.9,19401.6,16796,20402.1,19156,16716.5,20338.4,18295.5,18790.8,18698.8,17307,15121.4,16992.3,20940.2,22650.4,20102.6,21881.5,18053.7,20304.7,18327.4,21993.5,17172.1,21246.1,22292,17829.4,20589.2,23175.7,21697.2,23818.7,18941.2,22589.3,19290.8,21874.7,19398,23855.4,19390.7,23454.6,19189.6,17782.6,18075.3,20736,21206.9,18099.1,24049,22126.8,23828.2,24127.7,23459,22337,20690.4,19854.4,19611.5,20961,24032.3,20387.1,19744.6,18451,18477.5,22032,17627.9,17595.8,22410.1,18781.6,17411.8,16839.5,16551.3,19341.7,22234.7,21009.1,17636.3,21694.4,18312.6,22515,17104.9,20463.2,17315.5,18998.8,21212.2,18347.9,20478.3,18575.2,20703.5,23607.2,22495,23403.4,20301.6,21817.8,20810.4,17473.5,19095.8,18118,17259.2,21738.6,19709.9,17663.8,19348.3,22336.8,18120.8,21227,23824.7,22982.8,21307,19054.2,19865.7,21127.5,23422.5,19872.8,19633.8,19836.4,20195.3,19138.5,19006.2,20653.9,20441.9,23019.7,19703.9,18181.7,22189.8,19929,22577.1,20498.9,20136.4,21267.6,22332.6,24349.2,18817.6,22989.3,22258.4,23246.2,19091.6,19678.1,21917.5,18769.7,23021.9,23873.7,17634.4,19777,21351.7,20592.6,20441,22989.3,23054.4,21563.1,20983.9,21965,19447.5,22648.6,20363.7,17069.3,21315.7,21477.6,20167.2,18047.8,21959.8,20334.3,16850.3,16847.8,23063.8,17928,19729.4,22155.1,21230,21990.6,17870.8,21577.9,18460,22744.2,23366.6,21297.8,20865.6,18695.4,22615.2,18784.7,23561.5,20015.2,23986.9,19045.5,18484.7,20136.5,19261,24126.3,18799.6,19617.5,21862.5,24939.9,18648.2,24190.7,18863.6,20250.6,24749.4,23768.4,22172.6,24279.8,22029.3,25328.8,23860.4,25252.7,24594.8,19552.2,23362.7,21046.8,25947.7,19772.7,20945.5,20574.7,24978.4,25472.7,25439.4,22164.4,23360.7,25295.4,22783.3,19586.8,22937.6,21399.4,22333.6,24843.2,24531.4,23099.7,18920.7,23191,20285.9,20987.6,18989.5,20100.2,22750.7,20319.4,20010,21963.1,21351.5,20346.3,25433.2,23707.8,24027.2,20738.6,20832.3,22171.5,24732,26344.2,31584.7,31470.9
33446.1,28476.4,24978.3,24717.4,21235.1,24158.5,19467.2,19625,23990.3,22317.7,18480.2,19856.7,24741.3,19282.6,22450,19186.2,22413.4,18203,21442.4,21090.8,19000.6,18187.4,21042.6,21000.4,24002.2,19807.8,18236.4,22814.6,23410.8,23605.6,22896.9,20074.5,22952.7,23168.1,19974.7,22302.7,21866.6,22476,19284.2,22143.5,20168.4,22669.8,22013.7,19673.9,22336.2,21690.7,19382.7,18768.7,17774,19273.6,18867.2,20744.5,21413.1,21555.5,16917.9,16756.2,19351.9,22036.9,18027.4,18208.4,16835.5,20329.3,16382.5,16335.1,21302.7,16886.7,16170.5,19026.5,21668.5,21011.7,22564.4,17417.5,19031.3,22265,18604.7,22372.3,20943.8,19367.7,21806.2,19654.5,17657.5,21355.4,19882,22997.6,19264.4,20346.7,19036,23128.4,23384.7,17959.8,22372.2,17181.6,20558.2,22861.4,20649.2,20389.2,17351.8,16754.8,17107.6,22552.8,18166.2,22201.1,22623.1,18838.1,20793.7,17377.9,19923.8,18462.4,18378.8,18643,18258.8,19153.5,21349.3,18713.5,22718,21925.5,18926,22051.1,22339,20150.6,18662.8,17980.6,20935.1,19916.8,22958.9,23611.3,19956.5,23418.1,22252.9,20073.9,17918.5,17410.6,20486.5,22164.1,17537.5,20142,20436.8,20723.8,21690,20928.3,17486.8,16329.5,16673.1,21036.7,16595.5,17758.7,17523,19744.4,17035.7,19304.8,19493.1,20041.1,19333.2,21579.7,17774.3,20804.8,17564.1,20288.1,20328.8,21825.9,22023.4,19309.5,22396.5,20946.7,22317.6,22601.8,21603.1,23114.8,19074,21400.4,23223.8,18683,19026.5,17646.9,22618.7,20200,18682.8,22675,21305.1,20996.6,20320.1,19789.1,20983.7,18418.6,24139,23000.3,19562.2,22195,23234.2,19199.3,23805.2,20450.5,22301.3,19347.8,18611,22223.9,19872.2,17201,19918.4,23161.3,17936.8,21509.6,23057.5,19965.2,21882.4,20276.4,19492,22526.5,21373.4,23426.9,23124.1,18202.7,21322.5,20706.1,19868.2,19729.3,21937.1,21180.8,19962.9,22410.7,19259.2,22684.6,21972.5,19010.6,22872,22664.8,22575.1,17458.9,23552,19808,21527.1,19897.7,20806.9,17357.2,18629.1,17476,17748.9,23814,5798.04,21627,18757.4,17623.9,23367.8,20971.4,20630.7,18639.1,19161.3,18373.6,17834.6,17433.3,22850.2,19409.6,21120.4,18509.4,22264.1,17549,19966.6,23491.2,17011.7,21902.9,23144.2,18501.9,21593,17644.3,18229.5,19905.2,21731.9,17910.7,18507.3,20237.1,22796.2,22753.4,21912.4,18528.3,18667.3,18393,23179.6,20301.9,17322.9,18594.7,18319.8,18872.5,18384,22567.1,20714.8,21879.1,18098.2,22632.6,21537.1,23146.6,23386.7,19511.8,19461.6,18426,22715.4,19232,22260.1,22726.2,21431.4,20173.1,18381.1,18578.7,20032.5,21761.5,17227.5,19184.7,23582.1,20456.3,20477.7,19943.5,18302.2,23952,18313.2,19841.9,19670.2,20730.3,22047.9,22589.6,19570,22465.3,18659.9,21835.7,21576.5,22823,20049.9,20781.2,24240.4,19885,18580.4,20968.2,21349.9,19641.1,20291.2,19992.6,22513.6,24570.9,24636.4,20723.4,18992.7,20571.5,23399.4,21373.9,19198.9,23441.6,20755.5,24428.9,21160.6,19720,22576.2,20653.3,25424.8,25206,24378.8,21797,21453.1,25193.8,22340.7,20536,20294.8,22802.3,24558.3,23990.5,22675.4,20976.6,24614.5,21446.5,23587.7,21509.8,22895.6,19847,20660.4,21092.2,19896.2,19802.9,25860.4,22527,23639.6,23894.8,20333,20756.1,24983.5,26097.5,30584.5,35762
34782.9,33115.5,26161.5,26650.5,25604.5,21549.6,20318.6,25287.5,22635.8,22039.6,22312.9,22922.1,19833.9,21299.5,20109.3,24281.4,20945.7,19063.9,19119,24083.5,21166,18997.8,20671.6,20016.4,18601.4,23794,22623.3,19018,23726.9,18291.3,22092.6,23729.2,23598.9,19977,20313.1,19554.3,21829.2,21455.8,18327.8,22489.9,19823.9,18136.9,17451.6,21635.8,19361.8,18451.4,18790.9,18282.8,22926.3,20686.2,17098.2,17004.2,21261.3,22260.5,22905.2,20861.9,19909.2,22371.2,17624.5,17548.8,19381.5,19583.6,19720.2,17529.4,22386.1,19781.4,17378.7,20651,20019.7,21803.4,16792.5,18337.5,17191.6,17744.7,20913.5,20362.5,18071.9,21582,22350.8,21764.7,17591.1,20024,18461.4,16995.7,19295.7,20264.2,17961.9,17124,18392.5,18994.1,20556.4,23023.1,17197,23427,22024,20682.1,17920,19401.7,18513.7,20094.9,17720.3,22829.5,19489.6,22109.6,22096.7,20085.6,21746,18338.4,21652.4,17417.7,19638.7,17495.2,19369.5,21074.8,18390.5,17560.1,22601.6,23089.3,23151.3,20224.7,18193.3,20671.5,21398.2,16986.4,20552.9,19660.3,20435.2,20042.2,19109.1,23225.7,22072.8,20521.6,18463.4,17629.3,21680.5,18685.9,17278.9,19350.2,19329.5,18892.4,20172.8,16824,19257.3,18418.7,17463.9,19679.8,17662.1,20175.3,17173.5,17142.2,20678,22391.3,18263.7,20877.5,15518.1,22224.4,20648.6,23094.7,18670.9,23034.4,19021.2,21240.3,17398.2,17038.2,21716.8,17798.9,20075.2,22124.6,20689.5,23174.9,19978.8,21770.3,22539.1,18590.1,18084.8,22473.1,19516.1,17787.8,22224.9,21919.4,18282,20683.2,22546.5,23435.1,20622.1,22490.1,20808.7,23746.8,22553,23122.3,17602.2,17348,23197.5,23758.6,20922.9,22120.1,18701.6,22453.7,19786,23387.7,17505.9,20948.9,17435,19789.2,19845.2,17058.1,20042,20632.7,19883.4,20085.9,21376.6,22519.2,20083.2,21812.2,22195.4,19886.6,17531.8,21824.5,17888.7,19030.7,18393.9,20985.1,20432.7,21461.6,23649.2,20386.8,23291,20022.4,20558.8,21462.1,18875.4,18791.2,21389,21367.5,18612.1,20395.1,21976.5,20024.7,18848.9,19361.9,21786.7,19760.2,19037.8,23756.1,19794.8,23707.1,18754.9,18247.6,21375,21232.3,21374.2,22045.4,20589.6,22180,22172.6,17781.4,23463,21562.4,17206.1,20396,22092.9,17025.4,20561.5,21881.3,20328.8,17484.1,18439,20409.9,19358.3,23537.5,24097.6,23020.9,22858,23179.9,22488.5,23501.4,21647.5,19865.7,20822.9,22943.2,20600,19856.8,19516.6,22526,22009.5,17282.3,17825.8,21250.3,19403.9,21353.4,17840.1,21749.9,16913.5,23228,23034.6,22528.9,18029.2,22730.1,23499.5,18843.7,17634,22987,22750.3,19136.5,19150.4,19242.1,19754.7,21711,23839.4,19091.4,21683.7,18968.3,23891.1,20070.3,20657.5,21277.8,21053.6,22838,22332.9,21846.8,22814.3,24926.7,23234.7,21011.8,24311.5,22888.5,22125.9,23658.6,18941.3,21551,24796,18815.7,20015.2,23895.6,19918.2,24206,24181.2,22267.2,19335.8,20795.2,21192.2,22013.1,24271.6,24113.7,24914.2,21732.9,25737.3,20367,21199.9,21727.6,25240.3,19453,19893.6,21890.2,24484.6,21646.9,22131.2,23587.7,24168.1,21862.5,22653.8,20533.5,21238,24710.2,22149.5,19394.2,24517,24537,21688.3,25809.4,23184.2,23242.1,20586.4,24192.7,25395.9,23916.4,20499.9,24422.4,20658.6,22027.7,21492.7,25608.8,31886,35596
34492.2,28688.7,27069.5,27127.5,20928.2,21382.8,24013,21900.4,21654.8,19895.5,19269.1,23715.1,24775.9,21502.9,22456.1,24408,21484.3,21975.6,23751.5,19273.4,22865.6,20564.5,21901.2,18319.2,22237,21674.7,21797.1,19127.2,19385.8,22264.8,22844.7,24514.1,21714.4,23041.3,18685.1,23472.8,19981.7,18153.2,18759.8,18413.5,22772.8,20401.5,20155.4,20398.4,21014,21500.3,18539.4,20643.7,23020.4,20837.1,21537.3,22759.1,22397.2,18694.1,19692.8,20230.5,17504.5,20657.7,16750.2,20042.1,17124.2,21700.1,21067.9,22036.5,22340,20763.8,21779.1,19680.8,17031.1,16223.6,17193.1,21678.7,20446.1,18530.1,18629.5,18081,20777.7,20900.6,19944.3,18656.3,18134.6,17973.1,18836.4,18572.7,22832,20934.4,22928.5,19910.8,17254.1,17381.9,20784.2,18501.2,23033.6,20733.9,17165.8,16910.5,20768,19412.6,19841.7,20780,22005.2,18881.1,16635.4,18671.7,17367.1,20765,20046.2,19400.9,16879.7,17384.8,21271.4,19858.7,22319.2,22401,22066.2,20352.3,18179.1,16818.6,22961,22846,23008.1,22021,18227.2,20199.7,18758.4,22218.4,23447.1,18297,22335,23662.2,17892.2,21577,21454.3,19926.7,19744.3,21667.4,21193.4,16246.7,17873,16069.7,18317.9,18678.5,20946.6,17726.5,19984.2,18885.4,17380,22536.6,19986.1,16517.7,20106.5,18942.5,19482.9,17251.7,18855.1,17415.3,19375.1,19649.7,17112.4,19472,20748.6,18157.6,21477.9,22387.9,22093,21712,18446,22890.1,22440.9,22159,22977.5,19228.3,22483.1,19177.6,20215.5,20774.4,23533.3,18273.6,21329,18753,22088.4,24012.2,22079.1,22341.1,22049.1,22030.1,20706.5,22294.7,22869.1,23245.3,18521.7,20069.7,19119.9,19929.3,18934.4,20358,23276.7,19805.5,20443.3,17847.3,18714.8,22668.9,17511,22355.4,20734.7,19788.8,21023.1,18647.9,20180.2,19772.1,18298.3,18694.9,19855.2,21356.5,17789.3,21033.7,18656.2,19357,20778,20400.6,17386.8,23381.8,22110,18452.6,18974.8,19596.8,19337.7,19625.3,19917.4,18775.8,19843.5,23034.1,22978.6,22351.6,19742.4,19635.7,22212.7,19790.7,17287.3,22887.4,17968.5,18036.1,21386.1,22245,19128.7,19053.8,23385,22689.6,20361.1,21523.2,23218.2,20952.5,19523.4,22311.7,20236.3,17449.1,20390.9,23359.8,21201.3,19889.8,17261.3,22624.8,18003.3,22868.4,22588.2,18507.6,20437.4,18069.1,19935,21922.9,24742.3,20737.5,21334.7,22791.1,19454.5,18206.3,19766.9,20364.1,23925.2,17911.4,17551.5,18866.8,23570.2,22872,21773.2,19845.9,20565.8,18880.5,22576.1,22901.6,17612.6,17465.8,18984.5,16975.5,23206.7,19536.7,17510.8,17945.5,22589.3,23239.9,18258.6,22419.4,22523.5,18585.1,22975.1,22223,21919.9,21144.6,22653.3,21569.3,19877.7,21944.7,18762.3,23322.6,23645.4,19180.5,23381.8,19644.6,19993.6,23635.1,19697.5,23946,19195.5,19777.4,24519.7,23456,23171.8,18775.8,20067.8,24664.8,19511,21762.8,19360.8,18579.4,22487.3,23650.8,24119.6,20614.6,22846.2,19180.8,20390.5,25301.9,23494,26066.4,20054.6,22410.6,22895.5,22080.8,19277.5,19794.4,23875.8,19130.2,23831.6,20484.4,20071.3,25448.8,23285.9,20694.8,22672.6,19112.9,19991.5,22288.2,18459.3,22985.6,22978.2,22500.1,23452.7,23043.5,24300.6,20936.8,24624.1,20071.9,21845,25113.1,20806.1,20676.4,20514.9,21540.5,22134.4,25483.2,23533.3,26267.5,31607.8,34368.7
37837.2,27492.6,30073.3,23092.2,23896.8,22444.3,21361.1,20358.1,20839.3,22398.2,21027.7,22978.6,24023.5,19436.9,21950.5,18344,22312,18365.6,18650.5,20653.4,19727.5,18198.2,23889.7,20857.8,23828.4,20515.5,23234.5,19682.5,21356.8,21961.6,20868.7,18398.7,20665.3,23824.1,21910.8,21704.3,23885.5,17787.8,18569.5,19974.1,21294.9,19781.6,23104.3,20005.8,19065.4,17898.5,20428.5,16774.1,21909.2,17070.2,21162,18720.2,17813.5,20606.4,17843.6,17951.1,19780,18833.1,17566.6,18475.5,20934.2,21148.4,19221.6,17880.2,21579.3,21291.5,20584.2,17846.3,22448.6,17173.2,20429.7,20905.7,19590.4,21586.7,22517.5,18021.7,19859.3,22021.8,17125.8,22827.3,18082.5,22281,19129.2,17193.4,18919.5,21675,23404.2,18815.2,16866.4,21051.4,20794.8,21978.5,20722.8,21164.6,21727.5,23202.3,22021.8,22306,20010.7,19707.5,19528.1,22186.7,16393.9,19301.1,20554.9,21588.6,22222.3,21622.9,19355.9,21121.9,16328.8,22078.4,22695.3,16334.5,22051.3,17444.6,17405.7,20761.6,19546.3,21106.5,17563,18593.5,17316,18590.8,22522.7,20957.2,19640.4,17218.1,21290.8,21149.3,18950.7,18436.3,17233.9,17609.1,17467.4,19110.9,19313.9,22394.5,16715.8,17890.8,21068.2,16966.2,19467.6,16775.8,21708.5,18715.5,20691.9,17251.8,17957.7,21454.5,17535.8,21759.4,17823.8,17603.3,15884.3,19803,20776.9,22924.1,22614.8,17553.4,22580.8,21540,22503.7,20724.3,19435,22801.6,18522.8,17551.7,21127.2,19343.7,20290.2,21712.3,23025.3,21633.3,19372.6,18950.5,17745.3,23121.4,19313.2,23648.1,22757.5,20237.5,23643.2,19443.9,21641.8,20385.9,23615.7,21693.5,20791.4,20561.7,22524.7,18818.3,23424.1,20835.8,17363.6,18753.5,19593.9,20000.9,18055.2,21108.3,18479,18703.3,18411.4,22234.8,23012,20903.2,21974.6,22168.7,20613.3,22062.6,23307.8,20083,23206.8,20512.1,17524.9,18406.1,22497.1,23181.8,17370.3,20932.3,17780,21185.9,17968.4,21707.2,18400.8,21995.1,22548.5,18940.7,21318.5,20674.5,19357,19305.4,23172.1,21021.8,17293.1,17630.6,19327.5,22960.1,22602.1,24146.3,18737.9,19135,22542.5,22986.2,18336.7,21842.9,20979,22422.6,17756.8,23659.8,22954.5,21798.1,21802.6,22395.1,22129.9,17617.4,21312.5,18313.4,19173.7,19875,19587.2,17286.5,17078.3,22453.5,22842.9,23820.5,24279.9,22931.5,22606.6,19374.3,20470.5,19475,23605.5,22496.2,24189.9,20064.7,21239.4,19546.6,22830.3,19909.9,23229.5,19583.4,19309.8,17328.8,23273.6,21841,22053.7,21393.7,21880.4,20576.4,17266.3,19459.7,18771.6,22436,22648,21245.6,20671.6,21592.2,19424.4,17887,20339.5,19056.3,20591.4,18816.6,18712.4,21547,23796.4,17431.4,19756.2,19100.8,23384.5,21391.7,23683.4,20942.8,20259.9,21415.5,23651.6,20736.2,24087.5,22156.6,18590.2,21906.8,20483.4,23725.2,22737.6,24257.1,20363.1,21169.1,20513.3,20664.4,19409.4,23878.6,20150.5,22708.5,22712.8,19672.6,23986.4,24271.3,20787.9,20973.1,23907.4,22647.5,25722,24736.3,20296.3,21372.8,19659,19452.5,20506.2,23536.9,22162.3,23448.7,24693.9,19688.9,21878.1,25479.2,23225.6,22850.2,18829.7,21089.6,19741.6,19878.3,22025.5,25001.5,18703.4,22819.7,23204,20109.2,24029.1,22479.2,25437,23850.9,26235.7,25366.5,20593.1,20197,22094,21104.4,20508.1,20949.6,21959.2,27157.5,30988.9,37095.8
32802,30232.8,27412.9,23713.1,25797.2,22244,21959.5,25072.2,24704.6,22278,21605.1,20683.4,18413.2,18828.7,19813.7,19112.1,22376.5,21701.6,23432.6,21138.4,21894.5,21699.5,18603.9,23689.9,18946.8,19591.9,23859,23724.3,20805.5,18242.9,21895.9,19497.1,21128.4,19091.6,21951.9,20924.8,19737.9,17883.7,17891.7,21732.7,19178.5,19267.4,20139.7,17336.9,19067.6,17927.3,19600.4,21982.3,18129,19362.8,17603.9,18765.3,21912.3,22497.2,16929.1,16941.6,18358.5,22508.5,16468.7,16721.5,16594.9,20595.1,19509.6,22570.1,20336,20239.7,17502.4,16724.3,20815.3,21712.7,16607,21020.1,19046.8,17257.1,21956.3,19619.6,21406.3,17514.5,17636.6,21429.9,18080.9,18594.5,18990.6,18801.3,22588.2,21223.3,19052,20736.9,17442.2,22395.2,19978,18980,22415,18246.3,20388.6,19010,17922.8,21916.2,22833.1,22935.8,20544.2,17592.2,16710.9,21335,22406.9,18040.8,16816.3,18258,21283,18062.1,19908,20667.2,16712.7,17255.6,17229.6,18043.7,22364.5,17558.7,21007.7,17320.6,17113.9,19963.8,22543.8,17932.2,22140,23472.4,22559.4,19919.7,19325.5,17337,18743.3,21206.3,21170,21167.9,19448.1,18399.6,18468.8,18486.3,20762.3,21322.8,21369,21113.8,18113.8,18231.5,19446.7,21895.1,19477.5,16480.9,18496.5,20957.6,20753.3,22269.3,20705.6,20218.7,19909.6,16938.2,22087.1,18712.1,20711.5,23274,23302.9,19372.9,21296.7,23337.8,18279.3,17965.5,19570.8,20447.3,19207.3,18582.4,21042.7,19292.8,20182.7,18260.6,19811.1,22122.2,19603.7,17841.5,20063,22099.3,23354.3,23604.2,17773.3,19937.1,22496.3,19109,21018.5,22968.3,18068.8,22985.9,18107.9,21096.4,17919.6,23498.1,19116.1,23858.5,23908,18724.2,20484.3,23583.5,18120.6,21299.7,19968.9,22294.4,23278.1,21296.2,20497.8,18746.9,19854.5,23106.5,20669.7,21739.8,22324.2,19422.8,20152.7,20707.1,23488.4,18692.3,17157.3,19439.3,20434.5,22246.7,21393,20768.3,17656.7,17855,19664.7,19672.1,18190.6,21155.8,18117.6,21788.3,22653.9,21203.3,22657.9,18012.2,18421.5,21424.4,21450.6,21158.9,17951,21571.6,20226.1,19967.8,21218.7,19229.5,20702.2,21754.3,24015.4,19034.4,17705.8,19985.7,21588.3,20070,19723.4,19952.5,19597.2,19489.9,20654.2,18205.5,18687.9,17061.2,18657.4,18849.1,18849.5,19825.9,22695.1,21858.6,21644.6,23265.2,24044.6,18211.1,18444.6,18865.6,18557.2,22589.1,21240.7,21958.2,23084.9,22767.9,22316.5,18173.6,19834.3,21539.8,19704.7,20592.2,22609.4,18449.9,18132.5,17107.5,19990.6,22696,22956.8,22537.2,20120.5,22426.3,19404.6,21390.9,17701,22331.1,22765.7,21366.9,18543.4,23265.6,17564,17624,17783.3,17747.6,17213.6,21838.6,22565.3,17965.4,21556.9,21694.9,23827,23461.2,23571.7,23738.5,24202.6,22738.5,19702.6,18463.2,18730.2,22478.6,23118.8,19729.2,18540.5,19190.6,18378.1,20850.1,21206.8,21761.9,22576.7,24229.5,18943.5,24131.6,18652.1,21166,19769.5,22327.6,20971.1,20941.1,23247.5,24337,24916,23121.3,24071.9,21389.7,21702.6,21824.6,19728.8,22967.4,22114.6,24797.3,22854.9,22832.6,25191.6,23124.9,21548.1,19160.2,23525.9,19356.6,21078.2,21116.4,24511.1,24213.2,18931,21098.6,22815.9,22378.6,22426.3,21737.9,22035,23382.7,20830.1,24516.9,25739.1,20893.3,25974.9,26712,22372.7,25740.6,29580.1,33586.1
34318.8,32888.1,24443.7,23138.3,24169.1,23469.5,20650.8,22266.8,20340.3,23344.4,20118,21277,22514.4,23823.9,23319.5,23441.2,24589.4,18842.9,22046.1,21384.4,21822.2,24120.1,18785.6,20700.2,19623.4,22174.8,19380.6,19821.4,19140.4,20378.4,20709.9,22358,18815.4,24589.2,24552.2,24216.8,19122,18495.8,22496.2,17633.5,18211.9,21698,20528.9,18768.7,21637.9,23099.9,19396.1,20332.7,17568.5,19115.8,20990.7,19225.6,21453.8,17358.7,22593.5,20123.7,18732.5,18318.3,21773.3,18398.3,19564.2,17682,16678.4,16506.2,16639.7,21147.1,20267,18076.8,20995.6,19325.5,22184,21867,16806.7,21014.3,20561.1,16570.5,18733.9,17211.7,18265.4,18076.9,20256.8,22794.8,22496,21216.4,20889.8,22504.2,18439.9,18133.1,17965.2,17515.5,16841.8,22164.1,22189.1,17387.6,20544.8,21524.9,18379.1,21931.8,19557.1,20279.2,18900.7,17719,21235,17285.8,17951,16064.9,17694.7,18488.1,21847.8,18695.9,19029.3,21795.1,20363.5,22111.9,17031.1,19171.5,17445.6,21151.3,22228.9,18893.6,20266.9,20743.6,20961.5,19984.9,19534,18948.3,21901.7,17668,20297.6,21830.3,23527.3,18102.3,19325.6,18745.8,17613.1,18358.5,21625.6,18765.7,16376.7,17672,17846.3,22225.7,20755.5,20809,17876.7,18929.6,17275.8,22329.7,17246.1,21634.3,21393.5,21382.4,20104,16651,17933.9,19878,20982.6,17346.2,18031.2,18215,23394.6,17657.7,21111,19820.6,22894.3,19561.7,21745.4,22086.8,20945.3,19492.8,18940.6,19357,20928.9,22240.3,20279.8,20393.2,21491.5,23449,21331,21436.8,19490.3,23425.1,23699.7,20702.1,23218.5,24264.8,21421.4,19780.8,22675.9,19768.8,19934.1,17805.5,22649.8,19327.8,17871.2,21342.3,23867.2,18543.1,18624.5,23638.9,17623.7,19602.7,22882.1,23228.6,19133,22189.9,18546.8,17111.6,16949.5,22631.2,18645.6,21247.9,19488.7,22285.2,21218.5,22989.6,20067.9,22137.5,20085.1,17868.4,18777.6,17242.2,20817.7,19243.2,21302.9,17623.9,19090.2,23979.9,22411.7,23533.5,18612.5,22742.3,19104.1,18874.9,18221.7,23712.4,22666,22774.1,23471.2,20225.6,18620.4,18805,19993.1,21489.7,19026.2,20119.5,20825.3,18733.6,21405.6,22250.7,18965,21643.3,19906.8,19122.6,23709.3,17342.7,17792.8,20123.1,22488.4,21970.2,17910.7,21353.5,22518.7,21790.4,21936,23480.8,21323,20014.3,24056.9,18379.7,19729.3,24088.6,21587.7,21793.3,19377.6,18559.1,18689.7,23102.8,17982.2,22149.3,20315.6,20438.4,17901.2,17489.1,22723,18761.3,18230,22753.4,22802.5,20438.5,18463.4,23086.1,20546.1,17865.3,18164.6,23129.2,20031.8,18926.2,23110.9,21538.4,18109.1,23060.1,19597.7,20732.2,23613.3,23579,20181.7,19469.4,19498.8,18664,18291.8,18221.9,21045.2,21774.5,22228.6,24059.3,23366.5,20579,22992.9,18563.4,18500.8,19918.2,22359.9,21503.2,22257.3,19424.7,23981,18512.5,18946.4,19790.3,21058.9,23435,18560,19893.6,20369.4,24986.8,23994.6,21670.4,19064,20857.7,25310.5,24947.4,19547,22262.2,24767.5,26339,22000.3,25146.3,20654.6,20305.7,20524.4,24172.6,19736,19183.1,24372.1,19929.7,21682.8,23080.7,22660.3,22214.5,18877.6,24952.7,19168,20523.4,18777.9,21603.3,23643.3,20469.7,20210.3,24383.2,21738.6,25991.1,21827.9,25602.6,21851.9,23048.2,20105.8,22788.9,24865.4,26968.9,23306.4,27815,31623.4,33740.2
35703.2,28207.5,25784.4,23069.2,26105.8,21212.2,21371.5,21990.5,24637.6,24192.7,18909.8,19164.2,23489.2,20839.7,18219,17954,18295.2,19663.2,22248.2,20210.5,20689.5,22640.4,21520.7,22998.1,18966.9,19983.1,18122.3,22877.7,21203.7,23576.1,21576.7,22378.3,20229.4,18808.5,19743.1,23406.1,19574.7,23725.1,22594.8,20384.3,23137.7,19212.1,18516.6,21356,21622.8,19783.6,17232,21391.8,17327.8,17269.3,16983.9,18607,22386.1,20098.2,20888.2,21769.2,17899.6,22041.6,20913.2,22370.8,18776.8,21009.2,21677,18944.2,18099.5,18385.7,19929.9,16086.9,16543.7,19015.1,17465.3,18373.2,16903.1,21898.8,22418.6,17258.8,20553.6,22803.3,16734.2,21808.4,18341.7,18868.3,17151.9,20111.1,18649,23343.5,17107.5,18136.8,23403.3,16949.5,17924,23312.3,19936.4,19557.8,20665.9,16507.3,22290.9,19514,23038.9,19532.8,22468.1,22761,22821.8,18430.6,20492.8,20148.1,22186.4,18029.4,19144.4,20473.3,18271.1,19073.4,21916.4,16175.3,20829.6,17775.8,20497.6,22216.5,18734,20207.6,21360.3,17995,22001.1,18656.9,19150,19027.1,20956.2,18655.2,20333.4,22716.5,21836.6,19346.3,23581.9,17668.1,20319.9,18019.5,22540.5,16982.2,22353.1,22202,21320.5,21806.2,21322.8,20362.2,18882.3,18490.4,21918.2,20119.9,17088.8,20920.6,17645.7,21836.9,19328.9,18684,15644.6,19487,23068.4,18984.7,22830,22180.9,23656.5,21359,22415.6,20465.2,21108.2,20291.5,22561.5,20340.5,19749.8,18040.2,22108.2,22522.9,24372.3,21069.3,18000.8,18607.8,21104.8,23604.5,24124.4,21187.8,21263.6,21246.8,20755.3,24244.1,20710.2,20667.5,21198.6,24417.9,18637.6,18153.5,23770.6,17931.4,18060.5,21641.3,18354,17586.5,22846.2,17420.7,19937.3,21695.1,20552.8,18876.9,19547.1,21002.4,18423.4,18256.6,23131.2,19353.1,18734.8,23181.1,20646.1,23251.3,17945.1,21488,20104.4,21582.8,21672.4,17504.3,19293.3,18594.1,16947.4,18105,18388.6,21948.9,21172.7,19712.8,18730.2,21607.7,23467.6,22464.2,17209.4,21301.7,21442.6,18191.4,17393.2,23709.4,18975.6,21193.7,22011.5,21103.3,21981.9,18719.8,18425.6,20838.4,17795.4,23195.6,20061.9,19143.5,18825.1,22950.7,22793.1,18337.7,19379.8,18138.5,22791.7,18862.9,21325.1,22553.3,18608.8,19198.2,23127.9,22947,17391.1,23477.6,20127.5,20950.7,20199,18552.2,19918.8,22704.1,24525.3,19092.6,22439.5,21423,19082.4,24201,19984.7,18144.1,23172.4,22416.4,19906.6,20196.1,20971.5,20640.2,21084.9,23289.9,18449.8,21896,19323.4,17843.7,21397.5,19755.5,21341,21288.8,22558,22590.2,19740.2,18194.5,22118.1,22301.3,19149.8,18307.2,19882.4,17777.9,22060.5,17345.1,17903.4,21020.3,22131.5,23013.7,20043.6,19837.8,20804.4,20838.4,17747.2,23080.2,21963.2,19634.1,18705.7,21737.1,23455.1,21392,24937.5,23279.7,20214.3,19693,20203.9,24903.4,19998.8,20703.4,21714.6,22714.5,23947.2,19984.2,24810.6,24272.4,20117.7,25063.7,24545.3,22570.8,23720.1,22597.2,21569.2,21922.3,19788.9,25092.3,22431.9,22568.4,20416.7,24712.7,24536.7,22151.5,19282.7,23861.1,25531.7,25334.7,21867.5,22313.4,21488.9,24381.9,25090.8,23580.8,21234.1,23894.8,25253,19645.3,20911.5,25469.3,24781.2,23315.8,19687.2,21107.5,20257.3,20020.1,21313.2,20893.7,21913.8,20281.3,25887.6,26701.8,24085.5,24370.6,30898.8,35438.3
34211.8,28734.9,30265.8,22796.5,27163.4,21776,21808,21272.6,24879.9,21463.7,19306.1,20727.4,21884.8,21561.8,22972.9,20868.4,18257,20634,21966.2,21745.4,18688.6,17992.2,21706,21367.3,22740,23262.2,22778.7,19262.5,22531.7,18849.4,23351.8,23943.4,18734.5,19225.1,23133.6,23253.9,20364.2,18596.1,20651,20691.5,21181.3,17553.2,21437.3,20880.1,19304.7,19364.4,19396.6,21739.3,22071.8,22765.3,22790.9,18886,16698.9,16641.6,22631.7,22830,22359.9,21735.8,17329.2,21027.7,22475,22152.9,21049,17900,21623.6,19085.1,20769.3,20336.9,19628.1,20675.5,20545.2,21067,19719.2,20610.7,17024.6,18760.9,19617,20683.6,21390.5,22022.1,22274.4,21735.8,20571.7,23041.4,17849.3,16881.9,17720,21141.8,22378.6,17714.6,22649.5,23029.1,20203,17056.8,20350,21089.7,19644.2,22861.2,20388.7,17971.7,20196.3,18194.6,22121.8,20024.8,22499.1,22424,19192.5,16656.9,17052.5,17236.8,18975.3,21525.5,17710.6,22670.8,18997.2,19761.2,19450.6,18639.2,18511.9,19102.3,22519.9,20911.7,19619.6,17237.1,17362.7,19433.5,20686.1,18757.1,21948.3,21500.4,22668.6,22548,18178.2,18022.4,21510.6,18637.4,19496.9,20136.7,19319.2,22204.2,19145.3,18913.6,17322.8,18403.2,20298.4,20514.3,22082.3,22354.4,21670.1,18132.1,22536.6,21549.7,17781.3,19699.8,16919,20833.7,18662.4,22951.5,18582.9,21397.4,20636.3,17992.8,23081.4,17945.4,22447.9,20692.3,17750.2,18696.9,19481.2,21059.7,21800.9,22583,19552.2,17953.1,23954.6,18318.4,20016.3,23407.6,21601.8,18374.1,20086.2,18882.6,23341.1,24071.5,24137,23300.3,21424.2,18384.7,18839.2,19434.1,23915.1,24310.9,21702.4,22415.4,18021.3,22992.3,22624.4,21135.8,23214.2,19228.4,20689.2,21563.3,21101.7,19988.5,23174.3,21813.4,21555,20615.5,19981.5,19848.5,23430.8,21140.6,17570.9,17153.3,18759.3,22912.8,21410.7,19155.5,17771,17525.3,19469.8,17796.3,23416.1,22207.3,18857.9,18892.5,23630.7,17709,19908.7,18124.4,17820.9,23017.6,19274.7,20309.1,21639.2,18964,21673.1,20805.1,18290.9,18636.9,23583,22399.3,17931.6,18625.1,21264.4,20697.9,20452.2,22267.2,19572.3,22768.3,21440.8,20393,20093.3,21354.7,22696.5,17484.7,20313.7,18697.6,17188.3,20562.3,19788,22226.7,22148.3,18239.6,17947.1,23727.9,20796.6,23470.3,22505.1,22708.6,6439.36,24160.1,21843,18078.8,18047.9,21443.7,23599.9,20384.9,20389.1,20862,23828.9,17907.8,23634,17378.5,20878.1,21188.3,21747.7,20230,20871,21130.2,19963.8,17559.2,19709.7,17817.3,17248.5,20076,18180.2,23175.2,18039.5,22637.5,17097.2,21057.4,21653.3,19221.2,21314.2,20726.2,22317.9,17174.3,18632.8,21373.1,20446.6,18115.9,22023.3,20635.6,18916.9,18241.8,21897.6,21958.5,24126.8,20753.8,19109.6,20573.2,18460.3,24372.5,22594.8,20710.4,21546.2,20508.5,18460.3,22089.2,22859.9,21559.4,21084.6,22266.2,22193.4,19549.8,24932.2,25263.6,24796.9,19402.4,22341.1,22044.4,22986.8,23874.5,25558.7,24757.5,23792.9,21392.5,23605.6,25010.4,20536.4,21795.6,20759,20177.6,19647.9,19084.7,19319.6,25141.7,22142.9,24903,21238.6,20514.4,22715.2,23327.8,21628.3,21434.6,23634.7,21443,21937.2,19902,20933.3,21223.1,24662.1,22538.6,19687,20186.3,20174.5,21589.2,19973.2,21772,25253.2,30273.8,31406,33926.8
37178.6,30619.3,24961.4,27537.6,23409.2,20211.1,24315.5,24258,24241.4,20428.3,18989.1,18537.8,22652.4,22127.9,23030.9,24010.5,19862.9,22572.7,22916.2,24310.3,21447.7,19226.4,23971.7,18379,23347.6,18110.5,24180.5,18416.2,21956.6,22309.1,20735,24521.5,23373.4,21337.4,23835.8,19258.5,20050.3,24177.1,23026.8,20572.9,19902,22019.5,21771.1,21705.6,21675.5,19049.6,21514.8,21226.1,22111.5,19484.5,22634.5,23011,18944.9,20802.8,19572.8,17207,20126.3,16783.8,18303.5,22236,21345.1,19331.5,21911,20694.1,18540.2,22317.8,18536.3,21768.1,21934.2,22591.6,21232.5,17163.7,22866.3,17207.5,22885.1,17771.1,18997.3,20008.3,22813,20552.7,17711.4,17860.2,22603.5,20014.8,20395.7,16789.7,21653.2,21119.8,21940.4,19847.2,22715.8,22048.1,21568.5,21631.1,18918.2,18942.7,19624.7,20656.6,21087.7,20247.7,21852.6,17642.7,18247.3,20689.3,17970.9,20036.2,18011.2,18020.1,17179.7,20952.9,22783.7,21749.3,20838.7,18861,21979.8,20454.7,16365.4,21600.5,20841.3,16829.3,19607.5,22039,20484.4,21168.6,23766.6,17448.4,22481,22395,18700.6,21144.1,22677.4,20288.4,20974.9,22748,19986.3,22396.4,19777,21670.8,18740.8,17712.3,20942.7,22040.1,19042.8,18173,21664.8,17377.3,22576.7,22538.4,20019.8,21796.7,21262.6,21914.6,19039.6,22429,20736.7,18259.4,20912.5,17710.7,23154.6,22208.3,20578.1,20219.5,21627,23166.5,21426.6,22812,23616.5,21078.1,19536.3,21963,21051.7,21048.7,21522.4,21296.8,22311.4,18381.4,20077.4,24356.3,18672.7,18814.5,19277,23917.2,22674.4,23659.8,19372.6,21029,20255.5,20028.3,20940.9,22886.8,24042.6,22665.2,23301.4,19828.4,21866.9,20489.3,19568.7,20744.3,22276.2,19499,17967.3,19300.8,17814.9,22917.5,22740.2,17468.8,19960.7,17865.4,18838.9,22351,18616.6,19262.6,23442.6,22299.2,23124.1,23325.7,17527,18773.1,19041.2,22506.8,23566.6,20955.3,21226.8,23310.4,19446.5,20203.4,17773,23229.3,18614.9,23509.7,20924.1,23136.6,23585.5,21452.8,20497.9,20108.7,21810.5,23127.9,19325.6,23640.5,20052.9,19606.4,17847.5,20219.5,22185.7,22378.5,21657.2,18013.5,21563.9,23390.5,22034.6,22453.4,18306,20527.9,23690.3,21825.7,22458.4,20166.1,21336.9,19652.7,22138.4,23364.8,22371.2,20594.9,22453.5,20195.8,18632.2,21720.3,20747.3,21994.2,21738.1,21943.3,23468.9,22776.1,19848.8,20819,22307.1,18806.2,20740.8,20678,23684.3,17593.9,21518.7,21318.8,17165.4,22367.1,21759.2,17482.5,17158,17533.3,19033,23682.9,19803.5,22147,18685.5,22291,20613,18431,18696.5,21623.2,20115.6,18360.3,19542.2,21562.2,20554,23500.1,20209.4,23394.9,19971.9,22311.5,23145.5,24161.4,20434.2,22336.4,21550.9,22664.9,18366.2,23520.6,22216,20389.5,19106.1,23385,21750,25238.2,25102.8,21790.1,23426.4,20960.6,21449.3,23187.5,22961.2,25200.9,20272,20741.4,19254.3,19321.7,23381.8,24879.1,19316.7,23260.2,24464.4,21793.5,20827.8,25373.7,22859.3,22637.5,23642.6,25379.4,19626.9,20186.2,24126.2,21864.1,24284.5,21932,20169.7,22063.7,24081,23298.4,21050.8,24179.5,24048.5,22796.7,20338.5,20443.7,23937.8,24733.4,21583.6,21589.6,21282.2,20136.6,25187.6,19722.2,20207.6,22854,21092.3,24161,25050.3,21609.2,22206.1,23514.5,21634.2,29550.7,32158.8,37241.5
36959.4,27257.6,29869.7,27121,22990.1,24673.6,21351.6,21201.7,24179.5,19704.3,22530.1,20675.8,18626.5,24505.6,23697.5,18803.3,19679.4,24205.8,18713.6,23948.6,19408.7,18052.5,18899.6,19286.6,23509.7,23947.9,20422.9,21115.8,18163.8,24146.4,19821.8,24151.3,24364.7,24324.2,18250.3,22333.1,20681.7,24102.7,18746.9,18142.6,19750.3,17061.8,18484.3,20476.9,23220.3,22153.7,21447.8,17176.8,19277.8,20763.7,16667.6,18771.1,20571.9,22837.8,22551.1,20000.7,20083,17082.8,17374.4,20040.4,17642.5,18215.8,16955.4,19568.4,22361.8,16700.5,20907.7,18690.7,17675.5,21328.9,21678.5,20577.8,19711.1,17083.2,21741.7,17118.1,19436.9,21461.7,20555.9,17615.4,20318.8,18005.8,21288.2,19674.2,21285.8,21152.8,18403,20001.3,21425.9,23079.7,19244.6,16592.2,18415.5,23544,18239.5,17752.8,19211.3,19812.4,21805.5,18296.1,18902.7,17599.2,19153.7,19175,19346.7,22129.1,20828.4,21268.7,18165.5,22067,17456.3,22654.9,21687.4,17262.1,17134.2,18140.3,17177.1,16512.8,19645.4,18292.5,22132.4,21045.3,16985.1,17483.6,21482.9,22734.8,18816.8,23130.2,21317.1,23628.2,21399.7,22917.8,17700.6,21211.1,18081,23343,17322.6,22297.2,16868.8,21857.7,17466.2,17650.7,19454,18208.3,20329.9,19245.4,20217.7,18315.3,19259.5,21417.4,19520.9,23038.7,19222.9,18211.8,15989.4,18886.9,19223.7,23317.2,19583.6,18255.5,19767.8,22650.2,19134.9,23186,18288.2,17801.3,22508.6,20967.4,21288.3,22790.5,21783.6,21717,21117.7,22199.5,22037.8,19466.1,24163,22556.5,18855.5,23823.6,25025.6,22507.7,20323.4,22501.9,21615,21702.5,22318.2,18611.1,23826.4,21517.3,20077.8,19335.2,19441,22174.6,21579.2,23662.1,19557.7,21116.1,18306.3,18315,17830.9,23458,22973.6,21820.3,18501.5,17932.8,20482.9,19960.5,20593.8,19921.1,22710.8,20514.3,18878.4,17660.4,23086.1,17790.4,23416,19498.5,19568.3,16556.6,20999.6,16714.1,19652.9,21993.9,20878.4,22028,20534.9,18965.3,20277.9,22303.9,23553.1,20983.7,18853.1,20076.2,22832.7,23461.5,19366.1,23830.6,19054.8,19597.7,21614.5,23770.4,18715.1,19861.5,20778.2,19548.3,20708.8,18583,18943.4,19485.3,20029.1,22295.7,22063.6,19945.2,17505.7,22415.2,20202.2,22279.1,22655.6,21422,18474.6,18701.1,18079.7,20790.6,22301.9,17767.8,24100.5,21494,18681.7,19593.9,24422.6,23649.3,20156.3,18047.8,19219,24341.8,21341.7,18843.8,22154.4,19557.5,17912.8,20755.4,21221.5,19402,21753.4,23282,19238.8,19662.1,23000.7,18580.4,20558.2,19932.7,22818.8,21666.5,19976.3,22304.8,19183.9,17498.6,20300.3,17690.3,23273.2,21272.4,19220.2,17356.2,19290.5,22548.7,20789.9,17668.6,19124.9,22234.3,21578.6,22771.1,18722,22717.9,21378.1,20934.1,19860.8,22955.9,22728.1,21029.6,21725.8,20303.3,18832,24794.5,25267.5,22984.7,21672,22703,22756.4,20990.6,21557,18820.4,20687.4,22567.7,22398.7,21023.1,21166.2,21450.8,21134.4,21790.1,19774.7,22848.1,19982.1,25004.9,23281.8,22827.2,22050.7,20544.8,22614.3,20955.9,22626.8,20673.5,24908.1,23387,21987.4,25507.4,24480.9,23000.9,24598.7,25168.9,24455,24102.5,23019.4,23261.4,23266.1,19348.5,23222.2,25849,25064.8,25454.1,25726.7,21859.8,21476.5,24893.2,21098.5,21365.3,25124.9,26204.1,24401.3,21961.6,24688.7,27294.1,31762,36551.1
33989.4,32266,29138.5,25553.8,24142.3,22762.5,19584.2,19558.8,20301.1,23679.2,23285.5,19255.8,19987.1,21376.4,23240.7,21089,18402.7,18514.6,21584.3,20715,23683.8,22284.8,21921.5,19328.7,18602.8,20704.7,20076.5,21444,21482.3,21828.4,23129.5,21777.1,22072.5,20829.7,23847.8,19217.2,19685.3,19935.5,23552.7,19080,22930.1,20961.6,18952.8,19981.9,18637.1,19414.3,17443.1,18666.5,18286.5,21910.5,17437.4,19932.6,19022.9,17554.3,22118.1,21354,22835.1,17189.4,20830.4,22148.6,22371.6,20762.7,22033.7,21986.1,19614.7,22155.2,22190.5,17365.2,22389.3,19552.4,19374,17200.2,21138.5,16651.5,19843.8,18329.8,23086.6,17516.1,22977.1,21247.1,20743.1,19132.1,21675,20504.9,17406.1,17397.9,19345.7,20185.8,21365.7,18165.2,17557.7,20532.8,21114.9,22712.3,22575.7,23347.4,22599.8,18718.8,21970.3,21213.9,21295.5,23240.9,17581.4,21815.6,17994.4,20952,20189.4,22554.9,18964.8,18998.5,20488.2,20906.2,18860.4,16310.2,21373.6,21080.2,21746.7,19335.4,16623.6,23109.7,20446,22644.3,21298.5,21801.8,22585.1,18368.6,22830.3,22974.9,18246.5,21973.3,17776.1,19104.9,17836.1,23658.8,21481.5,19976.9,18810.7,22654.6,17018.7,17117.4,18644.6,20171.2,21122.7,17421,18763,21384.9,17449.1,20053.2,17382.5,17572.3,19551.4,19870.7,22442,19013.9,17972.7,21195.8,18150.2,18126.7,22378.3,19890.4,17778.2,20367.5,23457.1,19576.8,19630.7,21990.3,22489.1,21750.7,21628.4,21142.3,24007.1,22797.1,24334.2,20378.3,22267.2,23703.4,23928.3,22957.3,21936,21593.1,18803.3,20842.1,24525.9,20231.1,20342.9,19703.3,24489.1,21338.8,19559,21729.3,23736,21422.3,23207,21250.2,21855.7,21311.1,21114.1,23076.8,21985.2,18603.3,23135,18713.2,18578.8,22319.6,20838.1,21646.1,23436.7,19904.2,20287,18191.9,20780.3,20332.2,20173.1,19073.6,22273.3,22125,19289.1,20198.8,18625.3,17265.6,17756,19030.7,18199,19517.6,20417.7,18977,23065.6,20174,23232.9,21946.6,20456.3,20140.7,20317,21383.1,18011.3,21166.8,18827.8,21958.7,21022.3,22649.8,19971.3,22938.2,20626.2,20641.7,17856,19052.4,23816.4,21849.2,20819.3,20628.4,23922.2,18772,22928.6,22690.1,22733.6,21084.3,23548.2,19835.9,18437.6,20893.3,19066.5,23448.8,18415.4,21244.3,23885,24146.9,19208.3,20315.1,18270.7,20601.6,24117.4,22438.8,24399.5,18042.3,22061.3,24219.8,18675,19775,17760.7,19720.1,20901.7,19198,19803.3,17862,23603.6,18902.4,18859.6,19490.5,18095.3,17095.5,17572.3,17598.7,17635.9,23327.2,22960.8,20238.4,18697.6,19413.5,18324.8,19439.8,22947.2,21470.2,20565.3,23272.9,17266.2,20126.9,18548.9,20474.3,23370,17724.5,21206.6,22280.4,20903.6,24213.6,23181.5,23942.6,18529.8,20822.2,24431.8,20284.3,24344.2,19718.5,20495.8,25148.9,20508.9,24920,19578.6,19647.7,23698.9,19607,22050.2,22330.5,23200.6,19199.5,20088.4,22965.4,24308.7,23679.2,25614.9,24608,24895.9,23794.9,24393.9,21868.9,20158.6,22585.2,19774.9,23035.4,22132.7,23538.3,24108.9,22231.4,21468.6,24148.8,20812.1,23197.9,18962.9,23004.6,20415.2,22003.7,24253.7,22806.6,21918.1,19879.5,24236.7,22719.3,21499.3,24758.8,23343,24573.7,24626.3,21359.5,19849.1,23665.3,24701.9,23916,21318.5,22460.2,21919.2,22632.6,26319.8,29416.9,27388.3,35300.4
34568.7,30726.9,28208.1,24399.4,23331.3,25322.6,25211.2,24859.9,20571.4,22262.5,21494,19344.6,18988,19504.2,18798.3,24061.3,22744,21454.5,23343.5,23676.6,23650.3,22307,22397.8,18194.7,20806.4,20410.9,20245.8,21814.2,24379.1,20396,19292.8,23933.8,19038.3,23242.9,18632.5,24245.5,24354.2,24216.5,22865.9,19027.8,18487.4,19192,23262.1,19045.5,19588,21438.5,20432.5,21392.3,22494.8,17863.2,21843.8,18438.8,17576.3,22822.1,18795.7,19012.2,21415.6,18135.7,17375.1,18439.6,19028.7,16153,16225.6,20879.4,22220.6,19224.1,22506.2,19528.9,18230.2,18780.4,20104.6,21278.2,16861.1,19233.2,22156.8,17078.7,18093.7,21333.9,22473.6,21169.7,18840.8,22530.4,17382.5,21752.7,17949.6,22318.3,19736.2,17240.7,17445.9,21522.2,16904.1,22111.5,21531,22261.2,19732.1,22978.3,16835.7,18658.9,18030.6,22987.7,23221.4,21881.4,17434.4,16990.7,20528.2,21861.3,20728.6,21709.8,22777.3,22990.9,22911.3,17144.3,19773.5,16802,22501.1,18101.5,22567.5,20403.5,21075.4,16966.8,18555.8,16913.9,21796.5,18181.4,22154.9,21392.8,23067.1,17577.8,20965.4,21349.6,20252.4,23433,23996.4,23882.5,20612.4,20142.5,20391.7,21575.8,18938,18638.8,20484.7,19235.4,20836.5,17895.2,19840.3,16297,19080.3,20048.5,17587.6,21685.9,22880.8,17117.7,23195.2,18998.1,19027,19725.8,19264.4,17539.4,19613.8,17540.2,18485.4,19976.2,19345.4,18007.8,18604.1,21821.9,21548.7,22571.5,20573.7,22549,21431.7,19210.8,20248.3,19048.6,24618.2,20559.1,21170.6,20907.3,19645.9,18921.8,22779.1,22586.3,5837.36,21923.4,22915.3,19004.5,23170.4,20539.4,18250.3,18473.9,22734.8,22018.4,22581,20044.3,23380.4,19400,19976,21938.6,18574.6,21845.2,17676.5,22656.6,18317.1,20033.9,19730,17570.9,21348,19222.6,21296.5,21808.3,18562.9,22297,18529.8,23508.7,19370.1,22452.7,18002,18516,19588.8,20648.8,18196.6,20305.1,18735.1,17681.3,20519.5,20871.5,18297.7,19239.5,20656.9,21570.3,18645.3,20031.1,17750.4,18964.4,23159.8,20440.7,20515.3,22437.2,19971.5,23984.1,19709.3,18382,19349.8,17440,19760.3,19593.4,23451.9,21392.8,18863.8,20106.9,18559.4,23708.1,22011.2,19917.8,18615.4,23407.5,20724.3,20352.9,22089.9,20827.4,20318.5,20975.9,22328.5,21371.2,17744.9,19974.4,19006.8,20142.8,19604,22271,18205.1,18205.2,23619.3,23575.7,18508.2,19017.3,19150.1,18744.4,20639.4,24280,22321.8,19647.1,21332.6,21658.3,18007,17369.5,17627.5,22343.5,18593.8,22033.6,19934.8,17545.8,17332.1,17182.4,22192.7,17203.8,19105.4,18026.6,21583.9,22347.8,18493.3,21380.8,21639.3,18172.8,23154.7,23250.7,21754.1,21263.5,18914.8,22073.3,21657.4,21805.9,20470.2,22592.3,21044.7,23433.5,22834.9,19518.1,21508.7,20378.2,19176.7,23411.8,21865,23760.4,18798.5,20614,21777,22687.9,24851.3,23690.8,18771.5,20281.6,21685.3,19266.8,23010.8,23758.4,25324.8,21809.6,20000.4,23100,21429.4,24600.6,24525.1,20516.7,25658.8,22880.3,24698.7,25864.2,23187.3,24939.8,20671,19283.3,20061.1,24850.4,25381.3,24022.3,25172.7,20766.9,18837,21201.5,19482.7,23416.9,19140.4,20192,20549.8,22191.7,19829.3,24484.4,25675.8,24087.1,25810,20479.1,24271.8,25030.6,20331.6,24752.6,22314.8,24237.5,22597.3,25159.7,23945,30346.9,31140.3,34266.6
37735,29525.8,26488.7,26729.8,24147,22028.2,20953.2,25422.7,20964.7,22374.3,24561.4,18968.6,23014.6,20905.7,23187.8,22172.2,18687.3,22635.9,19934.9,20999,23433,19480.7,19452.9,23870.4,18799.7,24378.8,19310.9,18526.8,22762.1,21960.1,20911.9,21816.3,24202.6,18398,21097.7,22892.5,22424.6,19202.3,19968.8,22200.9,21090.8,18846.7,20163.7,22193.3,20082.3,23264.9,19466.8,17508.9,19298.4,18073.3,18624.7,20044.8,16717,19904.2,21671.4,20889.8,22451.2,21681.8,21097.6,18532.1,17945.9,17448.7,21108.9,20459.9,18041.2,21991.9,18440.8,19494.6,17769.5,19483.7,19923.3,18126.4,16656.4,18820.4,22168.1,17520,20414.2,16895.4,22469.5,17613.4,19962.9,22835.1,18856.5,20250.5,17703,17486.3,17984,17274.6,18558.8,18264.1,21919.5,20757.5,18324.5,16980.6,21607.4,22044.3,19689.6,16982.4,19437.6,19763,23432,23187.1,21878.7,20909.1,19591.8,18157.5,18675.8,17863.6,20278.2,20607.3,17474.2,22630.5,16938.6,21930.6,21979,19877.3,18754.6,16974.5,21831.4,21789.9,18999.5,19014.5,22482.1,19598.5,18554.9,20718.9,22886.5,19907.4,21160.8,19337.2,19116.4,21463.6,20446.3,20570.8,22516.2,19540.4,19240.5,21583.6,17539.2,18920.4,19180.1,16973.8,20221.2,19455.4,20693.6,22274.3,19105,20142.7,21351.8,19071.6,16652.4,20625.7,17122.7,20024.9,18133.6,20815.7,17776,17922,17159.4,21517.8,18087.7,20409.1,22099.1,23013.9,19526.8,18795.7,17617.2,18223.3,17617,23268.5,23067.3,22310.8,21244.8,24533.1,21375.5,20716.1,21068.9,23650.4,21890.5,20873.2,24724.9,24148.1,22870,23414.7,19366.8,23775.1,23250.9,21381.2,18126.3,22619.2,19014.1,19453.2,23366.5,21722,21971.6,19600.2,22620.5,17042.2,17709.2,18840.1,19212.5,21866.2,22893.5,18916.3,23664.8,21156.7,19273,19361.8,17916,21694.6,18532.5,20324.3,21657.6,20471.7,21372.2,19555.9,20645.7,19963.1,23602.2,23083.5,19821.9,19496.9,19991.5,22398.4,20702.1,18728.5,21039.4,21840.9,23269.6,20349.4,20960.5,22274.2,21956.5,19803.4,17949.2,22488.4,21107.7,21184.2,19772.5,20549.3,21691.5,20221.9,22471.8,23623.6,18353.2,18894.3,21444,17596.1,20270,19965.1,20864.1,22046.1,18494.8,22171.6,23667.1,21885.5,19254.1,19253.9,22684.3,20290.1,20979.7,18165,17655.6,19728.6,20955.9,22813,21852,23258.4,24185.1,20450,22661.7,22801.6,21745.4,23581.1,23015.6,20347.1,19762.7,19070.7,23816.9,23970.7,20702.9,18514,21060.7,20619.8,23472.8,20592.6,23542.6,19292.6,21261.9,18949.5,18777.5,22537.5,18078.1,18542.2,20976.6,18329.6,21370.8,17419.5,20860,19694.5,18018.2,20233,23699.9,17791.9,17440.2,19114.2,20349.6,23131.5,21125.3,21802.5,19856.1,20433.9,20157.6,18460.6,18116,24126.6,19004.7,21143,18648.9,19701.2,21416.4,24149.7,20453.7,24652.5,21000.9,21453.5,18590.8,19128.8,20736.8,24852.8,22775,22387.2,23510,25050.1,24193.8,25685.4,20495.1,23701.9,24711.5,25752.6,22650.4,23923.2,23292.1,21754.2,21423.5,21276.3,24490.7,24132.9,24386.1,22586.3,22874.1,24155,22070.1,19934,23669.6,25738.5,23152.4,22118.1,23985.5,22385,24713.9,23168.5,24336.2,19433.6,19589.2,22538.3,20432.3,25829.9,21548.4,25471.8,24428.4,24823.4,19834.3,20172.6,22908.5,22061.3,22177.8,23098.6,21433.1,21299.7,23835.6,27942.9,31299.3,32752.8
36364,33037.7,24237.9,22752,20958.9,21693.6,23094.7,23719.7,23800.2,19315.7,20101,23841.9,21366.3,18351.2,20647,21399.3,23506.8,22524.7,18781.3,21639.7,23953.9,24133.8,21737.2,19060.8,19243.1,23901.8,21955.5,20231.5,22303.1,18596.8,24025.4,21861.8,19092.2,21864.3,19723.6,19751.5,23469.7,20584.3,20534.7,20531.8,22190.6,23214.9,20067.7,20572.9,20673.1,20494.4,21111.7,16968.5,22784.9,20457,19931.6,21055,18319.4,17903.3,19177.6,16986.2,19969.5,19958.9,17579.1,22472.2,21554.2,21256.4,20249.7,20561.2,22124.4,20801,17767,22322.9,17706.3,16440.5,19431.9,17347.5,19092.9,21525.6,19758,23195.7,21225.2,19270.5,22573.9,22009.9,21062.6,18618,22595.4,18849.8,18323.3,17371.7,20977.5,19864.6,17799.8,22508,17737.3,19715.8,20876.5,21363.2,18344.7,20459,18909.9,18601.8,19262.5,21742.1,19862,17515.6,23119.3,18741.1,20216,19405.9,21925,17792.8,17930.2,22630.5,20064.3,20866.5,20119.7,21447.3,21508.4,20979.7,19256.4,21877.8,19306.6,20161.9,21827.4,17984.5,20420.3,18799.7,22801.7,21897.6,21588.5,21977.9,24097.3,23411.6,21952.1,21733.6,18091.7,23233.9,19031.6,20036.8,20609.8,17079.5,17908.8,22644.3,17256.2,20568.1,18540,17574.4,17532.1,21858.1,20536.4,20638.4,16657.4,21893.7,20224.3,22119.7,18616.1,23364.8,19603,19022.9,17786.8,22808.2,22814.8,18682,19212.5,22750,18423.8,17287.2,20853.8,21177.5,19744.6,18854.2,22576.3,24370.9,19274.5,21976.6,20647.7,19122.7,22333.7,23122.6,23066.7,20006.7,23454.7,20075.5,20461.5,24706.2,22680.8,22257.5,19637.1,22902,21669.2,23447.3,19107.9,24087.6,20378.8,22294.5,18784.4,20814.2,22030.9,19375.4,20801.8,18572.6,21898.6,20005.5,21489.9,17748.7,22561.3,20328,20054.9,23315,22898.9,21331.4,19840.7,17993.3,18523.7,17708.3,21313,22904.1,18499.2,19468,23427.8,20037.9,20879,19996.7,20770.8,22407.5,23390.6,18894.8,21733.3,21737.1,20952.2,18689.3,23003.8,17427.8,18050.2,23608.3,20119.1,20962.1,17549.3,20150.9,21573.9,19034.2,23294,20436.5,23678.5,23380,20850.1,17453,20572.5,20076.6,19444.3,18744.4,20816.8,19707,21835.6,20303.7,23750.4,20907.9,19986.1,21887.9,20730.2,21059,21405.9,21324.4,21549.5,18182.4,17488.3,22397.2,18338.5,19085.3,23023.8,23573.4,22409.6,23447.3,18563.3,19473.9,19008.2,22129.6,21261,22100,20762.2,22056.7,22197.1,20169.5,20690.5,21229.3,19777.6,23752.6,22714.3,21608.7,23324,22850.1,20256.5,20320.9,19704,23847.9,20231.1,22157.5,17787,20795.6,17838.4,20965.8,17878,22481.9,17153.2,18848.7,22542.4,19894.6,22054.8,20424.7,22725.8,20082.8,18097.4,20417.9,22367.4,24301.3,18891.3,19313.6,22693.1,24579.9,19880,23070.3,22767.9,19771.3,24030.3,23813.8,20862.3,24095.9,24563.9,23692.9,23513.5,22928.3,23058.5,20201.2,24619.5,21060.2,23785,23980.5,19653.2,23503.1,19645.5,23625,19516.5,25378.3,20932.5,26174.3,24357.8,23603.2,22521,20982.3,24280.4,26217.7,22471.4,25029.8,23654.4,24304.9,24875.5,21279.4,19256.2,23962.3,20101.5,23060.6,19610.6,21326.1,20587.4,23299.8,23477,23408.3,19444.4,20310.1,24411.4,22804.5,21929.8,24568.1,25472.7,22395.6,21869.9,24164.6,24518.7,25583.8,20681.4,20371.6,23769,22705.1,24171.7,23992.1,29781.3,36059.9
33494.3,33425.4,29827.2,26143,21084,19829.1,21843,21386.3,19000,24700.8,21242.3,20373.5,21734.5,18845.9,18937.4,21235.7,22719,20319.3,24297,21500.6,23635.1,22399.3,20832,21861.4,24179.9,20907.5,19803,20454,23393.5,18360.5,23581.7,23966.4,18574.6,23977.5,21141.7,21321.1,21749,19475.2,23025.1,20550.2,23079.9,17612.9,18098,22170.6,19414.9,19113.3,19488.9,19549.8,21799.6,22179.1,21123.8,21035.9,20522.9,19916.6,20732.9,21266.4,17551.2,21655,21562.7,20809.8,18727.2,20061,19441.8,19164.3,18703.2,17607.1,16373.5,17157.6,20511,18227.9,17101.3,22300.3,17567.3,21445,22723.8,19675,22573.1,23332.4,21699.2,19481.2,17393.3,18853.2,18942.8,17640.9,22407.8,19357.3,20429.6,17580.1,21951.3,22148.2,19179,21825.5,17419.8,20676.3,20768.8,17508.7,21864.7,18706.8,21147.6,18448.1,18199.3,18894.2,18615.9,22719.9,21614.3,19403.2,21235.7,21645.9,19816.8,19291.4,22989.3,22079.2,22159.2,16449,20781.4,17444.2,17059.5,17470.9,20528.7,19656.1,23244.5,23145.7,21404.4,17548.6,19100,19555.4,17387.2,20029.3,22776.7,20424.1,19072.2,17788.2,22657,20625.5,19938.2,20509.6,21317.1,21616.8,17774.6,21088.6,18446.5,22329.8,21427.2,19583.5,21141.7,21824.8,23038.5,18397.2,16924.8,16560.3,23070.1,21866.7,21811.7,20195.4,16757,16675.3,17197.1,17827.2,22461.2,23463.7,19700.1,20228.8,18175.3,20324.3,18780.6,21195.2,20630.7,21882.3,17937.7,18643.7,22329.2,19736.6,21839.1,19149.6,24011.9,22937.7,18043.7,23582.9,21818.6,21566.9,22222.1,21131.8,20281.5,18690.1,24285.5,19541.8,21045.8,19458.6,23471.6,21715.6,20002.1,23921.1,19850.5,19540.9,19001.3,22149.2,24418.1,23472,23422.5,22291,21383.4,23593.4,22305.9,21395.2,17516.4,22703.6,18952.4,21059.8,19897.3,18299.7,23029.6,18499.8,22616.6,18585.3,21374.4,20274.7,18732.1,23141.1,21451,21091,19910.3,18424.4,17600.3,20272,20665.8,21559.3,21131.4,21586.5,22169.5,19734.9,22646,19087,22392.8,23027.2,19953.7,22156.1,23498.1,23285,22215.4,23497.4,20163.1,18385.3,18242.2,21492.9,20276.7,20064.3,20427.3,21170.5,22883.3,23704.4,22975.2,23429.7,21627.2,20407.7,21423.4,22213.5,21606.1,17910.8,21376.5,22947.3,18665.5,21443.6,22241.6,21719.2,18033.7,23561.4,20992.7,24098.7,19312,23621.6,23098.9,23996.7,23393.4,24201.9,22773,18049.1,18945.7,23230.3,19269.5,20288.3,18394,4762.72,18922.7,21154,22012.5,20937.4,23601,23433.7,20948.4,23661,20150.1,18561.8,21455.5,21958,20272.1,20219.5,21479.2,20423.1,22095.8,19028.9,17161.6,20009.2,23810.9,19913,23911.9,17678.9,19624,20974.4,23865.5,22967,22194.3,18890.3,21026.4,19071.4,22937.2,23875.1,21933.2,22947.4,22436,19399,19542.4,19113.7,22997.8,22707.9,20655.1,24982,22733.4,18778.9,22333.8,20904.9,22591.5,25372.5,24250.7,21478.4,24339.8,19745.6,25358.1,23763.2,24827,23461.2,22363.3,23600.4,26258.3,22188.9,20524.5,19933.7,23240.4,24580.2,21780.3,23962.6,19433.5,25647.1,20946,21794.5,19981.2,24000.2,23291.6,25303.8,22281.4,21743.9,22013.4,22826.3,21447,22997.1,21933.7,22027.1,22203.6,23833,23011.4,21090.1,22925.4,25243.5,21717,20885,26243.8,25626.7,22640.3,25984.8,23800.2,27046.3,24886,30198.9,31386.4,31747.4
32897.8,29551.1,29491.3,23573.4,25958,22701.4,24245.1,23812.2,21847,20359,23538.3,21903.2,24814.5,23885.2,22599.9,24992.8,23447.9,22498.8,21283.6,22024.7,20559.7,20822.1,21305.9,20998.5,19037.8,19776.5,22588.5,19236,20403.7,22078.2,24493.5,20574.1,22068,22392.8,18977.8,22705.7,22583.6,18161.1,19847.7,20972.7,23602.4,17355.7,20352.6,17097.2,21639.4,17487.8,20438.1,21004.4,18979.8,22378.2,20658.7,19731.8,20983.3,18462.1,18026.8,21915.7,18712.3,17246.2,22143.1,19318.8,21519.9,21005.9,18826,21920.2,18630.5,22345.2,19097.1,17018.1,17925.5,21025.6,18421.8,18225.2,18755.8,19411.2,16920,22526.3,21473.6,17787.6,21325.3,20672.7,19769.1,21607.3,21022.1,17685.2,21831.8,18010.4,18482.7,22266,17543.9,19911.8,17348.3,19340.6,21497.4,19148.2,20598.1,18121.7,22663.5,22404.2,22414.5,19336.1,19065.8,22370.3,19551.1,17328.4,17939,22718.3,22763.9,22843.6,21143.1,17403.2,22744.9,17792.2,18261.7,19455.1,21029.1,19641.8,22454.1,18741.1,18536.4,23028.5,16977.5,20239.1,21211.1,20279.6,23254.7,18961.6,22170.4,20369.7,21987,24284.9,19192.9,21526.6,22061.2,20369.7,23277.3,19323.7,20374,21235.3,21223.4,18429.1,17619.1,22055.2,20305.1,19838.6,20555.6,17671.1,16737.2,18372.2,21185.7,20249.4,19542.7,19458,19974.2,19709.1,19155.5,18538,21659,22472,21151.9,20088.4,21316.9,22175.5,18805.1,17348.1,19297.2,19356.8,21160.8,18545.3,19461.2,24210.9,24368.4,24504.5,19245.5,20448.2,24191.8,22234.9,24348.1,24984.3,18873.4,25181.6,22551,22974.1,25185.6,23160.5,24401.4,24937.6,21556.9,23743.1,24733.9,19819.3,18785.5,23926.5,24254.6,23150.8,22964.1,22353.3,18397,20915.8,22213.1,18708.6,19930.4,18292.2,19465.4,24011.2,23131,18548.2,23181.1,19558.6,20726.1,19394.4,20809.7,20317.4,18397.2,23516.5,23139.2,23025.9,23315,21686.2,17705.2,23751.9,19676.2,22737.3,17667.1,19234.3,22568,23207.3,17792.3,18725,23512.9,21594.9,18468.5,22786,18734,23847.6,21456.8,21323.2,23623.8,17723.5,18459.8,22573.3,20873.2,22280,18869.7,18887.9,17514,21649.6,21936.4,18635.2,22899.5,22387.8,18541.5,24194.8,18976.6,19128.6,19540.7,19716.9,23306.7,17948.7,19488.3,19837.7,17301.1,18904.5,21909.8,20213.6,20339,21780.2,22536.7,22836.7,19308.8,23938.5,19652.8,20056.9,20827,21581.3,24134.3,21654.3,23089.1,21812.9,22978,18711.2,19622.4,23563.4,18811.2,18427.1,19852.7,23496,18112.1,17763.9,20512,22758.3,21240.9,19944.2,22464.7,20445.1,20719.9,21703.9,19455.5,21313.4,19838.2,18320.1,17995.6,17530.6,18716.6,22056.7,17543.6,17623.2,22556.9,18271,23082.9,22849.4,19014.9,19654.1,19338.2,20132.3,22889.8,21110.5,20636.3,22658.1,21035.7,24751.2,23189.3,22850.6,24272.2,23416.1,20414.1,24689.3,24833.2,18709.8,19865,19213.1,23076.7,23377.8,23733.8,21877.4,22969,20540,24899.9,23841.7,25590.9,25792.1,24607.6,25121.4,24933.2,23466.2,21090,25126.2,22651.6,24886.4,20887.4,20295.1,23281.1,21739.8,21845.4,22178.8,19049,22061.4,23651.3,22990.3,19467.3,25419,22180,23043.9,20407.5,21421.8,22970.1,24540.5,22441.7,23399.1,20147.7,21087.9,21093.8,22631.6,20952.7,24521.2,20898.6,25717.2,20483.2,24962.3,24599.8,25687.5,25749.7,26049.5,28689.5,33275.2
35365.9,31941.1,29714.1,28331.9,21273.5,25209.4,21900.4,20273.4,22238.4,24527.7,19181.9,20273.3,23942,22411.6,20672.3,24386.4,24092.4,23761.4,20156.6,23321.6,20167.7,22008.9,23389.3,21341.7,23865.7,22023.5,23966.2,20000.6,20550,19766.1,21456.4,23916.2,18832.7,24081.1,19344.1,20213.5,21024.1,23310.9,22610.9,18461.6,22897.1,18779.9,21713.4,19461.5,21522.7,20144.4,21259.5,18964.9,19338.1,19786,20794,20038,21395.3,18371.4,21959.9,18465.9,21145.8,20802.1,18506.9,20898.7,18714,18903.8,18453.3,21418.2,20448,19565.2,20485.3,18319.8,16861.1,18069.3,16631.3,22584.8,19415.7,21388.7,17413.4,18677.7,18657.3,20260,22308.3,19089.8,20491.1,19538.6,19013.5,23419.6,19203,18053.1,21926.4,17032.5,23197.7,22455.3,20773.4,20006.4,17156.3,20966.1,23412.4,21098,22413.6,22453.7,20260,22629,17711.9,20083.6,19405.9,18844.9,23148.2,21272.8,17607.6,20803.7,22552.8,17256.4,16571.7,17530.3,20747.5,21813.4,16945.8,22686.7,17358.1,20614.7,20906.3,17450.2,19572.3,18368.2,18010.1,20448.3,19699.4,20650.2,22831.5,18736,18009.3,17983,23228.4,21490.6,22684,20069.1,22593.3,23668,18277.9,21525.5,19086.2,22012.8,19553.9,21908.7,20307.3,17411.1,16572.9,18500.6,20408.3,22429.6,17833.2,16915.4,22837.4,22566.3,17147.2,21805.4,18241.3,21727,22631,22469.1,21837.5,23107.6,20364.8,19773.5,19456.3,20224.4,20532.7,20253.8,19932.5,21807.1,20491.5,18707.5,21653.2,23656.1,22650.5,19306,22587.6,24321.1,23967,21296.7,19927.6,24906.5,23019.9,22831.2,20253.5,24864.4,21050.5,18496.2,21291.3,18964.1,22690.9,24062.4,24086.8,19613.5,18782.6,20464.2,24474.2,19360.3,18328.9,19236.1,18168.8,19483,24029.4,18873.3,17703.7,19006.9,21732.2,20020.7,19602.2,17297,19846.6,20803.1,18274.9,23468.9,22051.8,18101.8,20235.7,21102.3,22940.5,22645.5,21734.3,19744.6,20198.6,22028.9,21565,20012.1,22877.6,22087.8,20975.2,23653.7,22756.8,18421,23278.8,23540.1,21141.1,18914.8,19152.4,21507.2,17768,20047.5,18988.5,18660.3,19822.2,20461.7,23839.8,20758.6,19301.8,22517.3,19995.8,23917.6,20948.1,22999.2,19114.5,21780.3,21883.5,21272.7,18782.1,21992.3,17498.2,17702.2,21872.9,19605.1,5065.4,23151.9,21556.7,20907.7,19911.4,20298.7,22181.3,23199.6,23904.9,21981.6,24210,23516.9,22829,19950,19785.4,18834.5,23596.7,19736.8,19447.5,22662.7,18151.3,22392.3,22885.5,23307.1,19288.2,17997.6,21664.1,19707.7,20021.1,21981.7,19318.9,17413.5,23673.7,18757.2,19860.3,20885,19679.1,18784.6,20163.7,18820.8,17631.1,21650,21339,21458.6,17816.7,22381.1,21113.2,22266.7,19436.6,20519.6,19175.9,24247.1,18011.9,22761.5,18697.5,21652.8,20761.6,23537.6,23514.8,20127.5,21619.9,24578.2,19912.4,18981.4,22926.4,20136.2,19415.5,23578,25108.7,25116,23876.3,23439.6,19590.9,23384.2,21106.3,21683.4,21704.1,21908.8,20921.6,23937.2,23490.6,22191.6,25863.8,25327.1,24686.4,23136.8,26237.2,22377.9,19452.8,20911.7,24505.1,25059.8,23245.5,23154.1,24525.4,20933.2,23394.6,21154.5,22560.5,23959.4,25095.9,22600.5,20034.4,21519,23504.6,22754.8,20688.2,22065,23321.5,24419.7,21235.2,20766.5,24353.3,21283.5,25116.7,22687.5,21242.2,19693,24146,24083.9,22982.8,29248,32938.7,31494.3
37862.9,27015.3,26633.7,23461.1,23566.9,20085.4,20393.3,21155.9,22107.1,22236.4,20224.7,21653.7,20151.5,23889.7,6080.54,21799.2,23520,21790.3,19161.7,21318.8,19296,22926,19536.7,21467.3,19063.9,22551,18372.6,19923.3,19465,18923.3,18763.4,23087.8,21937.2,19080.1,23398,23466,23893.7,18768.7,22249.6,21149.3,21134.4,19152.2,18415.8,22188.7,19936.5,20170.5,21070.1,21589.4,20640,20408.4,18943.5,17628.2,19769.9,21887.1,18736.2,17889.5,18658.5,19828.2,18512.9,16705.9,16478.7,22733.7,22486.5,19190.3,20359.3,20618.5,20431.8,20662.7,18721.5,17532.3,19823.8,21527,23005.7,18187.6,18219.3,18996.3,21240,21018.1,23072.3,19805.1,22712.5,20728.1,17870.1,19729.3,23582,18187.9,18846.8,16928.7,17922.2,20815.3,21007,20341.2,20812.3,17002.6,18978.7,22584.4,19661.3,21447.5,21659.8,21445.2,22998.9,17211.5,19312.7,18649.7,18560,22150.6,21152.9,22239.8,17924.8,21937.5,17295.9,21652.4,19715.5,20338.6,17735.3,19490.9,18000.4,17416.5,18563.1,20691.9,17562.9,18189.3,23260.9,21704.6,21834.7,18744.9,17823.5,18404.9,19665.9,22186,19209,22797.8,23216.4,24230.9,20646.8,20745.1,18926.4,16749.3,18056.3,20790.6,19282.8,17556.5,16576.3,18265.4,19769.4,21541.7,21292.7,22442.1,18774.7,21854.4,20374.1,19362.1,21808,18413.8,18927.6,18716.9,18562.3,23528.1,18700.1,20807.4,21486.4,19527.3,17923.2,23683.1,19841.8,17616.1,23434.1,21247.4,20447.6,18552.2,18148.4,24113,23988.4,18953.3,21042.2,19327.6,22727.5,21868.1,22724.3,18781,21364.5,20307.8,19270.3,22384.3,21128.4,18974.7,24581.8,21527.4,24457.7,19400.5,23836.6,18887.8,18317.9,18796.2,19706.3,18058.4,23447.5,19630.6,24161.7,24072.4,20088,22633.3,22421.6,19449.7,20098,21664.4,21036.4,18136.7,22354.8,20397.1,22223.7,23969,22578.8,23904.1,21573.1,22934.6,20176,22749.5,21182.1,18389,21320.6,20337.7,21917,23967,21007.6,19828.6,19027.3,18077.2,23521.9,18568.5,22091.3,18573.2,20032.6,18006.3,22327.8,22190.1,18709,21296.8,18877.8,20717.7,22032.3,19015.2,24041.4,17925.7,19704.6,22166.9,18527.4,20248.2,19419.9,20246.5,19808.6,18340.4,23031.6,23747.7,22540.8,23776.5,20497.1,19499.1,20214.4,18207.5,20319.9,23957.1,20312.5,18698.7,17542,18757.2,18985.1,20036.1,20852.4,18192.8,20779.7,21669.5,23587.6,17961.8,23377.8,22658.3,22475.1,18562.9,20390.8,21086.8,23833.1,18722.8,19355.5,20849,23390.7,17551,23082.8,22913.1,18215.6,19449.5,18791.1,22981.3,21986.2,18717.8,20508.1,20725.8,22605.1,18591.8,21711.1,21597.4,19911.8,23410.1,21889.9,23152,19098.5,22875.9,23619.3,22213.3,20355.5,22603.2,17715.1,19483,19097.6,24449.5,23293.9,19694.6,18058.8,19504.6,19845,23408.2,20864.7,22873.9,19557.4,23216.6,18791.3,18970.2,24909.2,20135.7,20913.4,24193.8,20867,19041.3,24803.5,22960.1,19384.1,25433.9,24607.3,20309.2,20736.8,23038.3,22702.9,25887.8,21966.4,21282.2,24817.3,25754.6,21575.8,19642.6,20824.8,21247.7,21610.3,20185.1,24510.8,21530.2,21941.2,20280.2,19578.3,20465,19159.3,21925,23217,20006.5,20183.8,25292.7,23428.7,22301.3,21583.6,20804.8,19534.4,24385.4,21145.8,22684.4,22496.7,25992.7,22620.5,23608.1,25863.8,21527.7,24327.9,21792.9,22686.7,25414.4,31903.3,32869
36191.3,27477.2,25244.6,27000.4,23434.8,24181.8,23091.5,19118.6,19334.1,18987.6,22950.8,20383.3,23543.1,23768.6,19799,23882.2,22105.8,20020,23763.3,19647.3,22773.7,19975.7,23685.1,22848.1,23185,19567.2,18305.9,22956.7,20123,19470.2,19398.6,23051.5,19916.4,23611,22563.2,21733.4,22231.7,22792.1,19153.1,20785.3,21507.9,22217.6,18185.9,23204.9,22051.3,22132.7,22674.4,23033.4,17699.7,21621,19437.7,17862.6,20564.2,18528.6,20542.7,21432.5,20790.3,20314.7,17957.4,18681.4,17641.4,16871.5,22410.4,18910.9,18353,22479.9,17825.8,19650.3,16940.9,20306.6,21094.2,22175.9,20028.2,19684.9,21435.6,17488,20034.1,19558.1,21999.6,18762.6,18744.6,18341.6,18446.4,19203,19661.7,21185.5,20082.7,22675.1,18594.6,20190.3,21858.8,21854.5,17745.7,22529,17055.5,20328.6,22078.8,18228.5,20055.2,23237.1,17382,17358,17950,18937.5,22546,21144.5,18508.5,16715.4,19013.6,17390.8,21095.2,21968.5,17336,16836.8,18265.2,16957.6,22935.3,21192.3,19952.2,20584.2,18405.5,23238.5,17307.6,22887.7,24182.5,22219.5,23921.3,22347.3,23411.5,21599.1,18377.4,21494.2,22463.8,24680.9,21919.7,17843.2,19396,18387.8,19641.2,19465.7,21398.9,21921.8,22607.7,18374.9,20582.8,17008.7,19859.1,18578.2,19429.1,23161.6,23117.7,19544.3,21999.9,21411.3,20408.9,18118.8,19811.8,21785.8,19471.2,23593.7,22195.4,23310.6,21506.2,20491.9,22432.4,18652.8,21564.5,21123.3,21234.7,22662.3,22408.2,20970.1,23347.2,22968.2,21845.8,24023.2,19064.7,19528.8,23237.7,23568.4,20749.8,19719.8,19823.5,19447.2,22769.1,24385.4,22493.1,20615.9,20430.2,19499.1,19833.7,24219.8,19253,24413.6,22437.7,22531.8,22666.8,21737.3,23148.4,23222.7,19165.1,18176.7,19461,18478.1,23717.1,19245.9,18213,23351.4,21687.2,19829.7,17459.5,17819.4,23691.7,23691.4,18072,22079.8,23376.5,21181,21751.8,18464,20826.9,18491.6,18976.3,21995.2,19816.5,19500.2,22899.5,20227.1,21180.3,21843.9,19424.8,20205.5,22486.1,21072.7,23015.9,22377.3,19981.4,18685.7,21921.4,23160.6,18204.3,23658,21530.7,21532.5,23442.5,20785.1,23168.5,20707.1,24341.5,18622.4,19016.7,23281.6,23449.5,21983.3,18839.7,21372,21581,17868.2,23273,23319.7,21981,22874.2,18091.7,22776.5,22823.9,24132.5,22436.2,19842,20993,19662.4,23574.6,22138.4,23653.5,24205.2,23575.5,17791.5,22776.3,22379.6,24005.1,23870.1,20596.2,24069.6,18360,19042.2,20476,22146.7,19214.4,19911.3,20911.5,17271.6,19926.2,23723.9,17556.2,17343.1,23200.9,17945,17693,18321.7,18012.8,20193.4,19119.3,18872.3,21487.9,23088.9,18368.9,22646.8,20498.2,19638.5,18954.6,21099.5,20363.5,17664.3,23755.3,24504,22051.7,23033,18971.5,23982.4,21904.2,21718.6,22384.7,23911.9,22389.7,23622.5,22126.2,23074.5,21889.5,22136.6,22703.2,24580.6,19451.2,22904.9,24365.3,22253.9,20739.8,19438.8,23985.9,22687,20029.7,25205.6,25413.3,26479.1,20927.2,24697.5,22429.7,24566.4,22646.3,22125.8,25599.2,21474.7,23951.1,21436.3,22070.7,23400.7,21908.3,25544,21619.8,20283.3,22468.8,25059.7,21675.5,19871.1,24776.7,20923.3,19635.7,21275.5,25143.3,21261.8,23646.2,20825,23819.2,22745.2,24013,22342.4,21874.1,26219.6,20727.6,18682.4,22000.1,25279.8,21757.6,30387.3,33172.8,33749.2
37934,27448.9,28732.2,22881.8,22623.9,20979.7,19725.1,22047.9,22674,19359,24213.6,23411.3,20064.9,22299.8,21454.1,21266.6,19077.1,22329.6,19785.4,19076.5,22798.5,24275,23903.4,18535.3,18966.5,21449.2,23204.1,22834.2,19589.7,20818,18621.1,18065.8,22595.5,18639.1,21191.1,23898.1,23743.2,21896.5,21373.9,23360.3,19482.9,18218.6,21595.6,23248,17186.8,21834.2,17150.7,17876.4,18874.1,22103.6,22466.6,22656.2,19745.8,22303.9,19499.6,19589.7,18330,19148.6,19949,18268.4,20893.9,19299,16818.7,21502.9,19817.8,22767.2,17701.1,17945.6,18209.8,21965.4,19978.8,17127.5,18011.2,20745.9,18821.2,21908.4,20692.9,23224.6,18861.4,19858.3,20546.8,23130.6,18524.5,20572.8,17358.3,21460.4,17370.8,20828.1,17990.5,17327.1,22729.4,23401.9,21820.3,22322.5,18044,19821.4,22705.6,23143.6,22689.3,17494.9,20945.5,21391.8,19490.6,19920.6,22502.3,19030.5,22025.4,22292.4,21040,19050.8,16522.9,20778.8,21703.3,16749.3,21364.6,19572.5,23509.8,20305.5,21759.8,20666.3,20895,21274.9,21150.7,21282.4,19803.4,17620.4,24166.4,24343,21863.2,17994.1,20163.5,18798.3,21985,23166.9,23198.9,20512.4,22313.3,21825.4,20373.7,20728.1,21549.3,21926,18660.7,18267.5,20573.7,18887.5,20166.3,18882.4,22057.4,20557,21425.1,23280,21241.5,22523.5,17049.8,22317.8,23634.5,17401.7,18028.1,17972.5,18153.4,19217.6,21421,23393.9,19081.9,20528.6,23764.7,22159.6,20800.3,20805.1,22541.1,21565.5,23475.1,24124,25003.3,21788.1,21832.3,20987.6,22062,22745.4,25209.1,24581.7,22961.9,20359.8,25040.8,24043.1,23590.6,24182.2,19463.1,21029.1,21456,23461.7,21748.8,20415.4,23032.4,23270.1,20531.3,18263.3,20524.9,20967,21420.1,18683.8,17511.3,22567,21778.6,18485,20409.7,20504.6,21653.6,20004.5,20002.9,22194.7,21874.1,23459.8,19648.8,22550.9,23348.2,20954.8,18441.1,19122.4,19932.8,23663.4,21871.9,19979.3,21015.8,21875.6,20325,23282.9,19742.5,18584.8,20338.8,18020,17876.7,21958.6,23721.8,18036.4,23434.7,21722.9,21869.5,24353.2,18402.7,21744.3,24569.7,20082.5,22149.3,19411.6,20377.7,21744.2,21117.1,20341.3,19155.3,22469.8,21095.7,22780.9,20122.6,20821.9,21655.6,18450.9,21736.2,22324.3,19671.8,20040.3,22595.7,18996.3,19322.3,18426.6,17786.2,18366.4,22985.1,22428.8,18808.3,21646.2,17728.4,23042.8,23294.6,18178.1,21549.6,21496.4,21482.5,23730.3,24184.9,19001.7,19954.1,21122.4,19312.5,21067.3,17316.6,20065.1,18319.5,19561.3,21930.5,17590.3,19865.3,19037.1,19418.7,22163.7,23541.9,19273,20133.3,20655.9,23085.4,17806.6,23215.4,18171.1,19725.3,23017.9,19216.9,21372,22680.3,22745.3,23157.2,21455,22890.7,22355.5,23145.6,24626.3,21751.3,20763,19760.2,21421.4,23000.8,20127.2,22796.6,20988.9,19506.9,22135.6,22982.6,19295.8,24159.8,23045.6,20248.1,19901.3,21859.4,24642.9,21145.9,25291.7,19832.8,24691.4,23297.2,21044.2,20204.8,20014.1,25630.9,24596.2,26376.5,20824.5,24096.1,20261.1,20712.6,23526,19492.2,23941.8,23466.3,24538.4,23294,23481.2,23860.3,23605.5,19236.7,25537.5,20014.8,23814.3,23188.2,22191.7,19524.6,19828.8,25395.4,22410.6,21725,26298.3,25259.8,25162,21071.1,23162.2,21054.2,20274,22961.5,21024.8,23257.9,20542.2,24170.6,30288.1,29846.8,35777.3
34564.7,29606.6,26107.6,23762.4,24845.2,24971.5,24901,21528.4,23294.8,18787.3,22678.4,21569,22259.7,23909,20535.8,22553.8,18867.6,22576.3,19992.7,23129.7,20314.5,18767.7,18584.9,21899.5,20223.1,20996.2,22433.9,22752.4,22253.1,18752.5,22611.1,19696.1,20576.1,20256,24017.4,24308.2,18715.7,21881,18489.7,23444.6,19351.8,18507.4,20178,18962.8,21475.7,19039.3,17207,19068.6,18204.3,19237.9,17426.2,22657.1,22055.3,22930.9,22951.4,21979,19490.2,19716.4,17319.1,17852.5,21590.7,17072.4,19223.8,20995.8,18940.7,21390.3,18105.2,18201.4,17561.2,19281.8,20259.7,17755.6,19792.7,17286.8,23089,16908.9,19401.4,17304.7,22225.1,17988,17159.7,21438.1,21344.1,17472.5,18646.8,17909.4,20707,22165.4,22551,20487.6,23151.8,20722,22367.8,21335.9,18022.7,23457.1,22874,17802.4,18363.4,19201,22864,23308.1,18405.5,22170.7,21759,19650.4,22447.7,18051,19287.4,21372.2,17778,22208.4,17952.8,22587.1,19718.9,19359.4,20864.8,21725,20838,21943.5,17284.3,21171.2,20839.2,22098.4,21590.9,23206,24101.6,21518.2,24114.4,20891.8,20822.4,20553.9,18849.4,21638.1,22413.3,20817.2,17489.1,17864.7,20589.4,22595.6,22406.3,17237.5,19398.5,20306.3,22166.8,18526.4,18617.3,18299,17197.8,21432.6,21505.7,17323,22637.3,21087.8,19732.6,19616.8,18540.1,21441.6,19508.5,17791.6,22046.7,22510.5,23647.5,18823.2,22938.8,19759.9,18263.2,20182.6,20047.2,18085.7,19285.4,19735.3,23020.1,23391.3,20270.5,21628.3,21685.3,21048.2,23523.2,24882.2,21638.8,23138.4,20220.1,22539.4,23494.4,23653.9,20626.6,23996.1,18498.2,19778.5,21212,22810.6,19900.2,23864.7,22855.8,23386.8,20530,24094.8,21378.3,22042.5,17841.7,21789.7,23827.5,23854.9,18713.4,18642.7,18366.1,20666.9,20160.4,18971.5,23784.4,18198,17644,23892.2,21234.5,20960.3,19979.4,22884.6,20679.6,20304,22438.4,22183.2,21120.3,21447.4,17840.4,19417.7,18543.2,23029.8,17342.7,19316.5,21933,17588.3,17345.8,21204.8,21698.5,20489,19225.7,22887.8,20793.8,23389.3,21916.4,21097,21703.5,20653.6,20996.8,23121.3,23499.6,19500.6,21666.7,20668.5,23668.3,23621.9,19494.6,24076.4,23297.6,23977.9,23940.9,21909,20961.2,20082.9,21171.6,21957,18694.2,22857.6,20924.6,23237.5,19851.5,22620.3,18891.8,22221,18608.5,24052.1,18736.3,18380.4,22846.6,22158.2,23021.3,20392.6,23367.2,17711.5,17813.4,20944,20648.3,17449.6,21582.2,19331.8,23261.9,21045.4,23611.2,22770.7,22490.5,20298.3,21846.5,20673.8,17964.8,20461.5,17789.6,18633.7,22462,20962.5,22921.5,19462.3,17544.9,23698.4,20956.7,21677.7,23606.8,19231.1,18701.9,23359.1,22071.2,21435.5,17692.6,19519.4,19132.8,21133.2,24105.9,24331.4,23554.8,21729.9,23171,21751.1,18618.5,18513.6,23907,19916.1,22060.1,22091.6,23810.4,24882.9,19132.7,22795,22938.8,21673.6,20388.2,20020.3,23147.5,21201.6,23906.5,20871.1,20913.4,21159.9,22148,26308.8,24042.8,22705.2,26221.2,23282.4,25081.1,19951.9,19513.8,25030,20358.7,22356.8,20384.2,22452.9,25486.3,22777.6,20232,19893.5,21694.5,22649.3,25340,21337,25478,25498.3,21666.8,22297.3,19929.6,26276.7,26194.7,25968.6,20107.5,21253.8,26149.5,22969.2,19860.5,19709.4,24488.1,26056,22795.8,26267.3,31794,35998.2
35126.4,27969.6,26674.7,24796,21054.6,22414.2,22186.1,20922,24826.2,19935.3,18960.9,24752.7,19670.5,24172.9,19349.3,23421.9,19745.9,21399.3,20751,24587.5,22538.6,21466,19768.8,23276.7,23186.8,19077.2,24206.4,23484.3,21169.5,20366.9,18198.8,23653.6,21433.7,18219.6,23080.5,21118.2,24080.5,18826.8,19322.6,18719.6,21125.4,23337.6,18908.6,18178.6,22917.3,19958.2,23191.2,23334.4,22993,18951.9,17996.9,22743.8,19362.7,19016.5,22033.5,17765.6,22921.5,21666.6,19308.8,17871.8,17977.6,16855.9,17773.5,22858.9,21618.8,20850,20778,20083.9,19064.4,20683.6,20563.6,20541.2,17651.9,16676.7,19914.3,18301.2,17709.9,20043.8,22416,20503.7,19200,22207.9,17114.9,18584.5,22050.8,18301,19324.5,20780.8,20090.1,17059.7,17806.5,21323.3,18148.6,20932.7,20217.2,18800.9,17430.3,22238.4,18866.6,19975.4,22057.7,17623.4,22408.1,18232.4,18732.2,23128.4,18316,18807.1,19640.1,20508.8,20829.9,22348.7,16746,23094.5,22810,19349.4,19378.1,22600.4,21084.9,18443.2,19246.2,21927.4,20155.1,19077.4,22840.3,23433.3,19571.6,22353.2,23339.5,20424.4,19679.9,21530.1,22597.4,24054.5,23026.8,21055.2,17282.4,21339.7,22885.3,21357,17318.5,20713.7,16969.7,22855.2,20254.4,21836.3,20354.9,17898.9,22521.8,19419.6,18830.9,22574.2,18525.5,22667.9,15226.3,21510.3,22135.2,19201.2,23626,20921.3,23008.4,18939.5,23866.5,18931,18338.9,19493.5,22900.4,20503.5,19540.4,24246.2,24387.3,19411.4,19445.7,18886.9,19701.3,24132.2,24217.6,24403.6,18978.4,23846.1,21616.2,20263,22192,20197.4,23102.4,24045.3,22083,21974.2,24198.8,24543.5,24854.5,23044,23388,21772.3,24147.3,23929.5,19341.1,21252.2,24199,20644.1,20797.4,22274.9,23323.3,22763,20594.5,20308.4,19801.4,19909.5,17504.8,18572.9,19980.9,21780.3,20009.4,23067,20292.9,22865.8,19954.7,21691.2,21328.2,18314.1,21930.8,17412.4,19671.4,23007.8,23572.9,18167.8,22538.8,22084.5,23210.8,22003.8,22198.9,19037.8,23518.6,19018.7,23735.9,21913.1,22052.9,19360.5,20007.9,18039.9,22741.2,18243.8,20769.2,23370.8,20925.7,23236.1,22755.5,21032.9,18810.3,19098.1,23714.8,19241,18529.5,23143.1,23133.5,19012.2,22972.9,20714.8,20606.5,18821.3,19133.4,22833.4,20887.2,22610.3,22549.2,22002.7,21881.5,17854.6,18218.1,24483.2,19711.5,19662.7,23282.1,20909.3,21922.3,22971.4,22098.8,22252.4,21151.6,23508.4,21182.1,21278.7,18079.6,19549.1,18920.2,22053.9,23818.6,17565.2,22944.8,18150.4,22976.9,19473.8,22552.7,17562.2,22702.9,21527.1,20241,17650.3,18410.8,22555.6,22382.8,23228,18475.3,21546.9,18049.4,17926.9,21729.9,22481,22806.4,19935.6,19365.9,18099.8,20224.2,19179.8,21241.4,21547,21464,24667.2,22868.7,22288.2,23042.6,24449.5,24167,20646.3,23872,23565.3,20856.2,23510.5,22496.4,25268.5,21616.4,20638.4,21701.8,25442.5,22519.4,21332.2,24669.1,20484.5,21854.3,25212.9,22841.1,19906.6,23443.7,23586.9,21691.5,20897.8,21625.3,20146.4,25479.8,22289,23070.4,24397.3,20452.8,20964,20785,23358.4,22136.2,22564.9,21000.3,22508.1,20719.5,19113.9,21431.3,19752,20672.9,24285.6,24067.3,21536.6,26378.7,20781.8,22277.5,22857.6,26445.9,20794.4,21987.2,23928.7,21333.3,22767.9,20160.7,25987.8,24985.8,24063.4,32629.5,35424.6
34014.4,32592.1,28953.2,22777.4,23088.8,26529.3,26376.4,24235.3,19248,23976.8,21107.6,23256.8,21796.7,22884.7,22981,24084.5,23972.7,21039.3,24730.6,18547.4,19826.2,18223.2,19076.3,18484,21002.7,18691.7,20829.5,22436.1,22684.2,20653.5,18156.4,18069.8,20772.8,21934.3,19778.5,19908.6,23242.5,20600.3,18763,19146.3,20595.1,23073.4,21099.8,19505.3,21505.5,22653,20949.8,20884.9,18468.5,22898.2,21678.9,18327.7,21174.7,21837.5,16968.3,17956.7,18479.5,22259.4,17555.6,18598.4,22675.2,21063.9,21214.3,18697.6,19372.7,20137.5,17937,20874.2,21713.7,21548.4,18282,23150.9,20914.7,19590.2,22463.9,21244.2,18069.9,20548.4,23332.5,16923.6,19404.5,19038.1,19549.5,22721.1,19119.4,19178.6,18135.2,22714.5,21038.3,19076.3,17233.7,22482.3,18084.2,20955.8,21677.6,21462.6,22601.2,20568.9,23561.2,17359.9,22581.3,20431.1,21849.2,22797.7,18881.8,21042.3,21591.1,20965.5,21481.4,21347.3,18101.8,21276.4,17003.6,19765.9,20744.6,18935.9,20480.2,20632,21886.3,17242.1,19868.5,22045.7,23804.2,21334.5,22385.3,22833.5,18014.2,23853.7,18833.9,20992.5,22334.9,18805.9,20912.4,23093.3,21145.4,21695.5,20413.3,16738.1,20879,19121.2,18823.5,20725.9,21842.3,16656.3,16931.4,22463.3,22299.8,20824.2,17759.5,22124.7,22205.3,18987,20940.4,21556.7,19621.5,17691.7,19853.9,18386.5,19965.2,17886.5,22465.2,20465.7,18293.2,22170.2,22532.9,20846,23488.5,19691.8,23540.2,18678.8,21593.2,20564.1,24704,22586.3,23091.7,20666.2,21074.4,20818.2,19382.3,19406.2,23983.6,21554.5,20790,24541.4,20081.4,24766.4,24894.8,20747.1,21437.8,21304.6,23562.6,22485.6,19351.7,22824.4,20863.3,19628.4,22461.3,18681.8,19321.3,18286,21294.7,19752.6,21740.7,22087,19146.7,23046.5,20524.5,19765,23085.3,17971.1,18697.3,20571.1,20118.7,20689.9,18844.2,20881.3,23067.9,19680.2,20900.9,23906.6,19358.4,17725,23144.3,18438.4,21988.4,18480.6,22882.5,20187.9,22347.5,23767.9,21183.6,18588.3,23648.5,20796.8,21050.1,22075.7,24054.1,20627.9,24364.9,23525.8,23746.6,19031.2,19422.4,5944.02,23366.4,22530,23457.5,19479.1,23214.7,20979.3,23905.1,22319.8,18005.2,19970.2,19517.8,20683.8,17582.8,17571.4,19673.6,21117.9,22410.8,20216,21212.8,21429,21430.9,17441.7,20182.6,18009.9,20841.4,20747.1,21712.9,23015.8,23764.3,18382.2,22428.5,22577.8,23125.4,21210.9,22075.2,24010.2,23447.6,20284.9,20721.7,23520.9,20648.9,20793.4,22888.6,21465.4,20105.6,17251.6,21837.3,21273.8,22751.2,23302.9,17481.2,22565.1,18898.6,21422.2,22919.2,22740.2,21675.4,23507.8,17818.9,17265.4,19295.6,19359.3,17821,22265.1,20369,21471.8,19608.7,22044.2,23880.6,24307.2,24261.6,18984.2,23301.9,19569.5,21633.5,25331.5,21066.3,23544.7,19284.4,18826.1,24805.6,22135.7,20793.9,23119.1,24306,21869.2,24639.9,25789.2,22609.3,20444.2,25333.2,21410.8,24629.6,20506.9,20221.6,23018.7,25471.3,21980.5,25453.4,20140.6,20196.5,20998.3,20882.8,22204.1,20224.8,23246,21244.3,23568.3,24712.9,24522.1,19680.8,23824.2,19152,19981.8,20974.7,20859.2,24193.6,20537,21689.2,20745.9,20576.1,21406.5,23474.6,24167,25040.9,25136.3,22478.2,20833.5,26356.5,24343.8,21585.8,20354.9,26320.8,24475.4,21479.9,24681.4,24290.9,28189.3,31452.4,35511
37044.5,27736,24390.8,24082.7,24022.4,23469.9,21233.9,25575.7,20032.9,20167.2,20400.5,23686,22039.5,22645,20233.3,23792.9,20365.5,20619.5,21909,22843.9,22082.4,19149,19752.2,23703.2,21479,23791.8,24412.4,20365.2,20288,18555.1,22929.5,20992.8,23203.1,21709.1,18398.1,23381.8,19965.7,19210.6,21162.1,22067.5,21727.8,17192.8,20296.4,20473.3,21443.3,23058.5,19174.5,17494.8,18383.9,17321.9,18077.8,20417.9,20220.8,19197.7,18811.7,17584.1,20171.6,21838.1,18218.1,21633,20009,18030.6,21054.4,17254.5,21705.7,20925.9,21740,19483.3,19130.7,18751.1,22891.8,17814.8,19032.5,17924.9,22701,20975.4,21492.9,18897.1,18798.7,16972.3,19696.2,19642.3,20296.3,18088.6,23632.5,21097.5,22952.4,21380.1,20725.8,18761.8,19097.4,22388.2,19809.3,20011.5,23696.5,23077.8,18640.1,17357.2,19505,16934,23302.5,18421.5,18224.8,21116,22745,23129.7,17093.9,18916.4,20784,19633.6,18372.1,22822.2,17528.4,18213.7,18705.2,19886.7,17969.7,17188,20312.2,17583.1,18964,23164.2,17473.5,18905.6,19960.6,23929.4,24134.6,22558.8,19507.2,22173.4,18466.5,18157.6,19948.8,23319.1,20982.1,21323,23450.6,18294.5,22829.7,19796,20258,20475.6,17558.1,18761.4,19707.9,17158.4,20553.5,17555.7,16858.1,20843.4,22804,22440.9,19340.3,20243.4,15032.3,19198.2,19212.9,20288.8,20620.9,21430.1,21620.2,23377.4,23821.2,22175.6,18086.7,19388.7,17610.4,18894.7,20406.6,22401.3,23839.5,19296.5,22222.4,20672.2,21173.9,22728.5,21168.3,23250.4,22612.6,22002,21081.4,24168.7,19343.4,23729.5,24595.1,23524.8,23477,24699.4,24048.3,20000.4,19571.3,22943.1,20218.8,24001.9,19959.2,22969.9,21967.3,18213.5,19753.8,18705.1,17918.9,20730.6,21243.8,18807.2,23839.2,20120.8,20286.1,20809.8,22277.3,18860.6,20804.9,22877,20223.2,23068,18029.7,23573.7,22098.2,19170.3,22791.3,18271.9,23419.1,19327.5,21310.8,20126.9,18889,21938.7,17852.5,22029.6,21605.7,20857.4,19340.7,22090.1,19582.8,21593.6,19707.2,18020.8,21463.2,18855,19269.8,23427.7,21595,23686.2,24181.1,22762,22466.5,22905.5,21217.5,23799.7,23860.5,22968.7,23972.5,21590.8,18925.9,17710.4,21624.5,22338.6,20083.4,23501.8,21093.9,23138.6,22099.5,17638,21563.5,22491,22209.3,20822.7,21675.1,21923,16762.2,18804,21806.7,21880.9,18341.5,23106.8,23448,21550.2,19890.4,18773.4,18880.7,19007.9,23439,21463.4,21241.4,19219,22504.5,22581,22941.8,21178.5,18790.7,20935.8,20751.4,18101.5,21011.1,20347,21832.3,21041.1,17903.5,19015,21739.6,21171.3,17745.2,20030.3,18900.6,21413.8,19764.4,18529.1,19371.3,23088.2,22568.7,21810.3,21290.2,18670.4,23759.8,20365.2,22100.1,24357.3,24058.7,18857.8,24139.6,20941.4,21085.7,25376.1,25025.6,19661.8,18829.9,20198.9,24109.3,19090.2,24852.7,21816.5,21760.3,19561.5,24389.9,19373.5,20780.7,20703.1,25420,23217,22080.1,20562.4,23080.1,26031.9,20078.7,25124.6,20051.7,20124.6,19945.2,21295.8,20833.9,24904.2,22647.8,23210.3,24641.3,24159.7,20978.3,25004.5,24018.9,21677.4,22580.9,21987.2,25337.7,21445.2,25662.6,20626.5,21533.9,20393.5,23185.4,21101.1,24811.7,21906.7,23685.9,21710.2,26520.2,21967.2,24940,26497.8,22337.1,25581.7,25073.7,24986.4,27225.1,28362.5,28204.9,37171.3
33879.8,29218.2,25603.3,28547.6,24381.7,20504.3,25294.8,21467.4,20570.9,23476.5,24253.9,24516.8,24832.7,23865.3,19218.1,23177.6,19719.5,20542.6,21726.6,20414.9,24549.3,21213.4,24190.3,20752.5,19964.7,23436.5,18265.7,19287.6,20089.2,18548.3,21123.2,24034.3,23974.4,24372.6,24055.8,18669.2,18365.5,19065.3,18832.5,17794.6,21520,17249.9,18683,21364,23572.6,21715.8,23207.3,20836.4,20508.2,19001.2,19472.5,20377.9,17653.3,20643.6,17404.9,21448,23088.2,19814.2,17777.8,19431.9,16962.5,19223.5,17550.4,22696.9,19151,22659.3,20634,22086.4,17417.3,17723.5,21323.5,18976.3,17301.1,17962.1,20886.5,18491,20757.6,19222.6,20647.6,18839.9,17582.1,17745.9,18922.8,18796.6,21264.8,23392.4,18298.2,21734,21171.8,19247.1,20605.6,20944.4,19868,18904.3,19087.4,20709.7,19262.8,17585.4,17507,22369.8,21628.3,21904.5,20025.3,23379.6,17986.6,23383.5,22785.4,16934.3,21903.5,18407.1,17502,18013.4,18846.6,22914,21551.3,20031.6,22866.1,23499.2,24053.4,21842.8,21212.8,19292.2,19953.2,21554.3,22063.3,17897.9,22131.3,24376.6,20026.8,18761.5,18809.6,24117.3,20101.1,18705.8,23655.5,21404.4,18677.4,18513.6,20173.5,20005.1,22725.7,17680.3,22373.7,22003.2,22302.4,21742.1,21116.3,19848.3,19879.6,23384.6,20823.4,19862.7,17842.2,19382.8,18544.8,19616.5,18723.2,17806.8,21080.5,22963.4,19413.6,21177.3,23324,18156.2,22947.1,20531.9,23864.2,23948.3,19606.3,19807.6,22381.8,23292.1,23336.3,24728.9,22850,21186.4,23060.5,19887.6,21806.3,19378.4,21778.1,19785.4,20810.6,22307.1,21350.5,23205.3,20792.6,24019.9,23651.2,20643.6,20377,19554.8,23224.5,18752.2,23724.3,20606.3,19697.2,22445.5,21867.4,18180.5,19933.5,23859.1,21266,22129.4,22196.7,22870,21641.1,24154,23521.2,23456.9,18366.5,17825.9,20434.2,18326.2,18804.7,19242.8,19057.1,23997.9,20271.9,23759.8,20655.3,17754.5,23623.2,19544.4,23761.5,19832.2,21734.6,18260.6,22776.3,20167.2,18986.6,21693.9,20691.2,17601.9,20485.6,19602.3,23488.5,21498.4,21137.1,24012.2,21708.9,20173.8,24412.3,22783.7,18372.6,20562,20875.3,17725.6,22917.8,22343.4,17866.6,22414,23856,20476.5,22937.3,23175.3,22977.4,19662.8,19091.1,22851.4,17566.2,22180.6,22869.3,20659.3,19483.5,21617.1,21062.9,18572.9,22628.4,19623.7,19263,20226.2,21443.3,20464.8,24319.7,23192,21827.4,19806,21945.5,23955.4,19015.3,20317.6,23637.5,20940.9,17663.6,23328.3,22537,20231,20120.8,20507.1,21252.3,23736.5,22818.4,17498.6,23643.6,19358.4,23520.9,18283.2,19362.9,22309,19332.9,21253.2,24240,23324.1,20021.4,20938.2,23264.8,20150.6,18146.9,20818.3,17568.3,21814.2,23252.1,18863.1,23874.8,18558.2,19498,19684,20099,21983,23987.7,20913.7,21228.7,21928.6,19214.6,21656.6,19045.6,22777.4,25176.2,22640,22415.1,23648.7,22763.9,25122.2,19620.7,24038.3,21484.8,25528.8,26020,25587.4,25571.7,21518.8,20384.4,24515,19863.8,19938.8,24501,21654.5,26195.4,24807.7,19715.5,24306,21493.4,25470.1,23702.5,22794.5,24451.6,25313.6,23660.4,20686.7,24229.3,21026.4,20639.1,21882.1,19859.5,20734.1,20925.5,26245.2,26002.2,20626.7,21123.8,24507,25065.2,20620.5,22550,23883.3,26327.2,25387.8,22420.9,23593.4,27065.8,26993.8,31087.3,37113.1
32501.5,29293,27526.2,23729.2,21271.6,20814.8,24989.5,25518.6,24369,20464.4,21208.6,23014.6,23649.6,22129.7,21268.1,22250.4,21219.3,19956,19541.6,19569.6,18196.2,18427.8,19574.9,19467.3,22808.4,20667.4,19304.8,18696.9,22859.3,18475.4,20854.6,18233.5,22637.4,23212.7,21821.2,22525.4,19483.8,21450,24132.7,21313,22979.9,21112.8,23426.8,19848.3,23361,21755.7,20473.5,19925.3,21018.8,21856.4,21632,21745.6,17361.3,18119.8,23246.8,17448.8,20602,22663.4,17607.1,20031.2,21962.5,22604.6,16681.8,19570.8,21300.4,17749.2,18255.6,20471.8,19761.4,17490.5,18832.4,18635,23179.2,18407.6,18800.3,19063.7,17986,18977.5,17734,23163.4,16922.5,17088.9,23269,22767.1,17156.3,23489,22538.6,18055.2,20779.5,19342.7,18180.6,23468.5,18254.3,21344.1,21617.5,17556,18311.8,20963.6,17937.9,23223.9,22223.4,18671.9,21188.4,20432.6,22268.5,17096.8,22170.8,18446.3,19440.4,22761.6,22425.5,22802.9,21818.9,17414.3,22063.2,23412.9,17700,22105.4,22610.6,18015.3,22672.2,23689.2,22518.1,20013.5,18548.1,23953.3,22510.2,23002.8,19538.6,23250.3,21658.5,24464,20316.9,24113,23239.5,18582.4,19442.7,18775.7,20599.2,20834.6,22859.2,18278.8,19274.5,16805.2,22575.7,19690.3,17541.6,17082.4,20361.2,21378.7,22771,21282.8,20743.9,19948.1,21043.7,21088.7,19489.1,18168.6,22340.5,19667.9,22827,21579.4,18096.3,24195.2,20995.9,22670.5,19323.9,21632.6,24131.2,21753,24367.3,21645.7,23682.7,23817.7,20313.5,24859.3,24854.1,24431.4,24847.5,21322.3,23168.4,21318.5,19231.5,21351.4,21324.9,21593.8,25077.6,24744.7,20267.8,24404.7,23598.1,18186.1,19685.2,20871,19030.9,20649.3,19867.8,22659.4,21403.2,19238.5,18177.2,19371.6,20091.3,18386.6,20844.6,18217.2,18413.9,21573.4,23979,19517.1,22831.6,24028.6,20715.4,20806.8,19641.7,20422.8,20674.5,23260,23201.5,19731.5,23780.4,20133.1,18041.9,20643.8,22572,19215.1,20827,19082.7,22876.4,21615.9,18301.3,18454.9,17739.7,17785.6,17378.4,18618.8,18638.4,18535.8,19511.3,19058.7,20178.6,22842.8,18425.9,18055,23163.1,21596.6,22445,20526,23731.2,17914.2,22869.7,20705.3,24270.8,23837.4,20804.7,17937.9,21384.1,23496.6,21255.6,19804.6,21103.3,19878.6,19826.2,21124.2,20323.7,22555.3,21076.9,20388.8,23161.8,18192.2,24194.4,21897.1,19107.7,20639.9,19204.1,22076.1,24349.4,18502.7,19157.8,23196,22270.7,18724,18646.7,18529.2,17965.2,19791.1,22476.6,19141.4,19900.1,20510,21481.3,23908.5,21297.4,21305.8,19892.7,20061.8,20486.6,19886.2,22624.9,20018.3,17990,18326.5,24100.1,23761,23550.1,21099,20424.3,22775.9,21036.6,18376.8,21181.3,18672.3,21451.4,18278.2,23911.4,20109.7,18971.1,18997.7,20982.1,20963.7,22902,22221.2,20480.9,21331.5,24621.2,19068,22053.2,24889.8,19731.6,24823.4,21624.6,22625.6,23819,20755.9,23095.1,25607,21668.3,23201.4,25820.8,22527.1,24919.3,20695.3,25695.7,26208.4,24479.8,20983.3,22288.5,22049.7,22757.4,25697.1,23277.9,20718.4,19363.7,24576.1,19595.5,20658,22436.1,20433.8,21277.3,25281.6,19479,24525.5,19678.5,23502.9,22222.6,19799.2,20906.5,23674.8,21582.9,24167.2,25452,22264.8,22753.9,22599.7,21942.5,21680.5,22949.3,25825.6,21976.8,26781.8,24753.6,25005,27255.2,37607.4
34377.4,28925.3,24744.9,23413.3,6539.39,22468.9,26073.9,24027.1,21460.7,19445.1,25013,19591.4,23898.3,23324.9,20267.6,24548.6,18566.4,22186.2,24238.5,21848.9,20037.7,23848.4,20332.1,23659,24442.2,19526.7,19304.3,19759.9,19277.8,20162.8,23061.2,21046.9,22638.4,19318.7,19912.8,18880.4,18663.7,22335.1,19126.4,19131.6,20385.6,21032.1,20052.8,18803.6,19191.9,17631.2,18271.9,22192.6,21615.1,22904,17529.4,22306.8,20482.6,20138.5,22753.2,22438.1,18902.1,20103,17710.3,22109.9,16818.2,19705.7,21232.6,23055.3,18413.8,20599.2,22167.8,17470.9,17837.3,22268.3,17643.1,20503.3,17441.8,20952.9,23432.9,20151.1,18173.5,22669.3,23069.1,21172.1,17745.2,22579.5,22871.5,21831,20953,18734.9,18343.3,22387.6,23295.4,21522.5,19689.4,22673.3,22459.7,20463.4,17701,22830.6,21125.2,20236.2,20064.6,22268.9,23113.8,18219.2,21683.7,23110.7,19623.9,18332.1,16761.5,20886.3,20711.2,19554.9,20031.9,20414.1,21930.3,20620,23013.2,21455.2,17331,23021.6,19146.1,18409,21162.8,21824.2,22725.7,23426.9,21003.9,20278.9,20712.6,21213.8,22510,19795.8,24417.2,20389.6,18658.6,20056.8,19139.5,18025.5,23132.9,16831.1,19663.3,22434.2,17263.2,18599,20285.4,21814.8,22577.4,22624.6,19942.1,22587.7,21266.2,19098.9,18079.8,18739.4,23576.7,19419.5,16978.2,20996.2,21837.6,21903.9,23456.9,19170.4,19574.4,18340,21440.2,21409.2,22725.8,24057.7,21711.5,21606.7,22387.2,23592.9,20216,18591,24398.6,21214.3,20794.5,18559.8,19449.7,21613.1,20131.3,22919.9,22104.3,24615.6,24857.9,22776.2,24580.2,20863,19718.6,19252.7,20810.8,24686.2,24818.7,20552.1,18525.9,20645.8,23218.4,21121.9,24177.7,22909.8,19410.1,21840.1,20090.9,18308.6,22713.2,19527.7,20424.2,22163.8,19432.1,22458.6,22204.4,23592.9,19666.3,18599,18751.5,23017.4,19079.5,23604.7,23910,22138.5,22872.8,23054.1,20199.4,23065.3,22429.4,19372.1,18833,22326.9,23094.7,23409,20129.7,23572.7,21444.8,22815.3,21005.3,18727.9,23451.1,22788.1,18232.3,24018.2,18772.5,23058.4,21442.7,20291.8,19765.3,24293.3,24097.9,23995.1,21094.6,23153.1,24404.9,21190,18911.1,18574.4,22925.2,18721.5,23820,23931.6,21617.4,20238.2,20836.6,19297.5,19049,22176.9,20283.5,22549.1,19620.5,22831,22367.7,19542.3,19651,20822.1,24076.7,18426.6,23769.2,18374.9,23278.3,21353.2,22989.7,18884.6,19303.6,21382.6,22955.7,23467.4,18512,17942.3,23072.8,17678.2,21093.7,23336.4,18647.4,19397.2,21519,20295.8,20173.2,23454.1,22910.8,18658.6,18933.7,19001.6,21157.3,18692.3,19056.9,23127.6,20970.4,21366.5,23674.2,22542,21023.6,23378.6,21413.8,21734.8,24012.9,22653.5,23638.5,18302.2,23848.8,20103.3,18732.3,23192.1,21861.2,21056,20162.6,20520.2,22502.6,19992.7,21836.7,25364.6,25287.3,21181.4,20771.3,21341.1,22387.1,21992.2,22261.1,20342.3,20418.2,24055.1,25858.3,26269,22486.3,21664.9,25259.1,24812.6,26052.9,26660.7,26101.9,26403.8,25991.2,20636.3,20574.9,23115,20314.3,22312.3,25778.5,21334.4,25009.5,20157.4,24259.1,21249.2,24760.3,24449.9,20655.4,21279.7,19158.7,20040,21031.6,23012.4,21109.7,23142.3,25701.5,25403.5,25444.2,21054.1,25594.5,20776.8,22694.5,20355.9,23127.1,22436.9,23367,25588.2,25591.5,26284.4,31091.1,34169.7
35304.4,31129.5,27917.9,28832.5,23440.2,25217.3,23177.7,21949.9,21555,19155.6,20483.3,24318.4,19418.1,23030.1,23079.3,21567.5,22159.5,19440.6,22412.4,18878.7,19314,22521.4,18338.1,23531.8,21474.4,19022.2,22806.8,24037.3,20156.5,19346.7,20417.2,23252.4,22497.4,23922.1,22384.3,20395.5,21838.3,20485.5,18484.8,19573.3,23305.3,21207.3,20554.7,17297.3,20392,18140.5,22484.8,20352.6,19423.2,18667.5,21272.4,18494.7,19829.7,18139,21948.8,17575.5,19139.6,22203.9,18811.4,21313.3,18318.1,22080.8,18108.4,17310.8,21325.3,22304,22467.7,19538.5,19338.8,20840.3,18257.6,20785.5,19192.3,21450.5,19933.7,16919.1,20747.7,17743.5,23242.5,23009.7,23113.9,21691.4,18659.1,17693.8,23022.3,22723.9,20967.8,19919.6,18916.4,23677.1,17980,23390.5,18550,17369.8,23558.2,21741.5,23924.1,22149.1,22575.3,23473.7,22347.7,21427.4,22739.2,20984.6,22450.5,21043.1,19934.3,20417.3,19450.6,22452.3,18873,19407.3,21304.1,20596.7,18212,22046,21384.4,18926.6,21775,18576.8,18763.9,22186.8,19290.2,21424.7,22764.9,19298,20338.4,20025,22044.7,18725.4,23080.2,18310.8,19522.1,22379.5,18636.5,19562.9,20906.4,20364.2,19680.9,18973.5,22522.7,17253.3,18581.1,19806.9,16856.9,20364,21607.7,23185,20851.2,21894.6,21474.4,21099.5,20680.4,18428.9,20417.4,18140.8,17634.2,19838.6,20193.8,22446.6,18501.2,23163.5,18832.4,20028.9,22438.4,20884.9,21954.1,20393.7,23687.8,23094.4,22827.7,24020,24961.8,21344.4,24064.5,19018.7,19803.2,18840.8,19044.4,20857.9,23492.1,21383.4,20697.4,24241,23298.9,20243,22496.8,19537.6,19412.8,20400.7,22985.5,20711.1,21751.4,19801.5,23994.9,23895.1,22966.1,23040.8,18954.2,22960.1,22801.2,23578.9,24027.5,21073,20809.7,22571.1,22092.1,21730.3,24140.6,20848.8,20758.1,21023.2,23324.1,20347,19317.3,24116.9,19445.9,23098.8,22482.9,18865.6,20736.6,19606.9,23488.2,19039.8,20212.9,23256.2,19587.2,20742,20119.5,20249,20909.9,21095.3,19769.8,17904.6,20146,21227.7,23235.1,22449.3,20451.4,22450.2,22988,21785.8,23821.8,20967.7,21435.8,22248.1,18724.9,19202.7,17899.7,22767.3,19697.6,19813.6,21819.8,22141.1,19149.1,19769.5,18052.1,17993.1,19798,19860.7,18616.9,17483.4,20471.1,18296,19456,22900.1,20297.2,17821.6,19001.4,22676,22207.8,24450.2,18719.6,19036.7,23555,18726.2,22914.7,17979.9,21126.5,20051.4,17975.1,20607.8,23392,20495.1,22705.5,20311.1,18779.8,23410.3,22105.8,17293,21015.1,19963.7,19402.2,19938.4,22184.7,21367.2,22351.4,21916.7,23737.9,19916.3,16994.9,18324.9,18648.6,20365.5,23614.6,19422.5,18869.7,19343.3,17927.1,23538.1,23751,23640.7,23632.8,23921.6,19821.5,22560.1,19088.7,20400.8,23184.3,21157.4,21959.3,24613.3,21927.3,20573,21098.9,19070.9,20741.3,23277.9,19163.3,20104.2,22649.1,19428,25520,20732.9,21995.1,23576.6,21389.3,26409.2,25717.7,26512,22837.3,25715.2,21510.9,20338.9,21792.7,20197.3,20039.6,23433.5,25242.3,25473.4,22242.6,25135.5,25076.1,23450.1,21675.3,20079.5,19749.1,22885.8,20018.6,23826.4,23175.8,25051.5,19573.8,21844.5,20432.6,22674.5,24908.3,20819.9,26436.3,22972.6,23989.2,21795.2,23883.4,21173.5,25074.5,19944.2,20173.3,22066.4,22938.4,20608.8,26550.3,25305.4,32000.9,35369.5
34418.5,29123.7,27860.4,24902.2,26281.9,25435.5,21910.4,19718.1,25238,18726.6,18848.6,22431.4,21296.2,18845.7,21748.9,20744.6,18915.5,20249.4,23487.5,21318.3,24177.9,21329,23278.5,18116.7,20699.6,24099.3,19201.9,23310.5,23347.1,19655.9,22442.4,23267.3,20389.5,22207.7,22272.3,21904.6,18736,20447.4,21127.9,21960,23376.7,22714.3,23051.9,17610,17228,19623.3,18930.8,17089.1,22551.6,22564.9,20345.9,23147.7,21016.5,17808.5,18573.1,19747.7,20945.6,18720.9,18845.5,22067.8,19583.5,17865.1,22942.1,22447.5,22535.3,22596.7,18784.9,19846.6,20045.3,17323.6,19599,17840.4,21446.9,19755.9,17538.9,22709.3,17402.3,22476.5,17452.2,22732.9,19866.5,21200.3,21640.4,20601.7,19050.1,23531.7,18199.9,20945.9,22043.1,23142.5,19393.5,18479.8,23490.4,20362.6,18839.6,20976.8,20557,22325.4,18351.6,23229.9,19415.9,23775.2,18231,17976.6,17500.6,22119.7,17568.9,23028.8,21467.4,17889,23231,16865.4,21459.3,22325.7,19034,20322.6,21653.5,21989,23543,21964.9,17703.8,20242.9,19180,20024.7,21999.3,18495.5,19003.7,21448.1,19380.1,23074.7,19365.3,19428.4,22852.5,21801.4,18907.6,22412.7,21940.8,23226.2,17054.9,16563,17664.3,19567.7,20478.8,18107.1,22895.2,23058.6,22754.6,22831.9,17565.2,21704.6,18661.5,19544.6,21580.4,22203.6,17612.1,22523.2,21270,21301.8,17629.1,23699,22752.7,23887.9,22475.3,19598.9,21338.3,22780.3,22613.1,23514.1,18727.7,24449.4,25069.2,22294.8,24740.6,19371.2,20109.8,24079.1,20803.3,21817.3,19975.3,20600.9,24572,22078.3,19027.1,21622,20339.7,22223.9,19644.6,19937.1,21867.8,24740.6,19006.3,19675.1,23500.5,18903.7,24622.6,22210.6,21870.5,22554.3,19088.4,18793.4,23733.3,24147.3,18310,22379.5,24207,20962.6,20138.1,23548.2,21017.1,24148,23837.9,21250.7,21066.5,21130,20181.8,21830.7,19580.1,17905.4,22149.3,18398,22764.8,20424.9,23677.2,18652.8,18099.8,24078.1,23258.2,19927.3,20052,19155.9,22481.2,22981.5,18767.4,17585.6,20735.3,21259.8,18900.7,21543.5,20383.8,19429.5,17849.5,20923.8,19158.5,23939.6,21907.4,21707.2,18524.9,23348,24112.3,23206.1,23983.2,18314.6,19938.6,21879.8,18849.1,20312.3,18920.3,23282.9,20581.5,18891.2,18644.3,20527.9,23158.1,20706.6,22042.5,19550.6,19831,18116.7,21598.5,22412.5,21760.4,22266.2,22909.1,20130.1,23451.1,17966,21456.9,19991.6,20187.4,22021.2,21479.7,18011.1,23485,20218.3,21520.5,22785.1,17256.6,18386.2,20339.9,19290.2,23612.8,21828.8,22530.9,20770.1,23348.6,23537.9,21672,19354.4,20989.6,22076.6,21992.7,17608.8,24123.6,20926,23054.8,22411,19354.9,19830.2,18847.2,20201.3,24132.1,22063.8,22245.4,24532.2,21161.6,24783.6,23567.8,24177,20873.9,23229.4,19793.1,20072.9,20873.7,22553,23845,23798.9,24816.3,25573.4,20876.3,20491.5,20662.5,20640.7,23952.2,24386.4,21020.5,24944.1,25083.1,23936.9,26333.1,25420.1,25359.5,21134.9,22271.4,20692.4,25536.2,22173.3,25220.8,21861.2,24577.5,24913,22324.5,22951.4,24041.9,21253.7,25364.8,23139.9,20676.2,24415.1,24193.5,25228.7,20223.1,24742.6,24823.1,19952.7,25663.7,22227,23111.2,20109.1,25850.3,22160.3,21412.1,21189,22893.5,26347.5,24412.2,21184.1,24567.3,26096,22469.8,24066.9,22200,24872,32130.7,35929.4
34134.4,32551.5,28531.8,27483,23570.6,21653.5,22762.5,20546.3,22391.2,19131.1,24118.7,18503.8,21720.5,21657,21196.3,22001.7,23253.5,22246.9,21034.2,24250.3,23405.9,20840.7,19950.9,22829.4,19213.9,23705.6,21120.4,20258.1,18514.3,22939.6,20889.1,24148.9,21241.1,23536.7,18814.1,21313.7,19191,22947.9,24019.6,23475.1,17508.4,23410.6,18880.3,22717.4,17735.8,21671.6,21757.9,21481,17268.6,20555.7,21085.5,18235.6,19561.5,21253.5,20499.5,19129.8,18065.5,21109.4,19936.3,21031.1,20304.5,22647.8,18605.5,17987.1,17841.3,22581.2,18028.5,21419.9,17871.9,20550.9,18692.7,22038.8,21565.8,18847.7,23350.3,23654.2,20731.8,19604.2,19407.7,20841.6,22527.2,21995.2,21913.2,23563.4,21711.5,17201.6,18141,23064.6,23151.2,21281.8,18970.8,22538.6,22377.1,23906.1,18241.8,21889,21665.7,19966.1,23858.4,7048.61,17656.4,19483.9,23688.9,17840.6,20058.2,22953.9,17909.7,20088.9,17664.2,21787.5,18316.7,20709,23518.1,19332.4,22411.4,21815.7,17884.4,22067.2,21524.4,17458.9,21225.4,22532.8,20009,22405.4,22732.6,22473.2,20574,23837.6,22357,18682.8,21231.6,20553.9,23878.3,24576.1,20810.1,21180.8,22000.2,22361.2,21240.6,17024.4,16834.5,17728.4,20286.7,18219.6,17443.3,23052.5,17187.6,22316.5,18376.5,19396.5,19103.4,19694.6,22976.2,19777.4,15518.9,22842.9,21991.4,22903.5,18619.3,17813.5,17632.9,22120.1,24067.5,17947.4,23464.6,23261.6,20704.9,18483.9,22072.3,18781.1,18598.5,23675.2,24001.9,21357,21322.7,20529.3,19784.7,25249.7,21244.4,23756.9,20387.2,19095.9,24908.5,24974.2,23927.8,19960.3,19549.9,22508.1,19259.8,19079.1,23363.4,22365.1,24515.3,24230.2,19204.1,24140.6,18885,19353.2,21369.8,21606.8,21686.6,18756,18766.8,22763.3,21134.1,18220.3,22409.2,23533.9,20613.2,18473.4,19843.9,19556,19527.3,21054.2,19673.5,18057.2,19942.1,19003.5,18736,18147.5,23141.4,17859.6,21730.1,21005.8,20626.2,18691.8,22738.3,17540.1,17985,21909,21002.4,20957.8,19802.1,19167,20963.2,21401.5,17382.5,22771.9,18901.9,21927.2,18304.6,23051.9,24182.1,23632.2,23359.9,22329.7,21159,18922.3,21453.8,17888.2,22235.9,22457,20576.9,23466,19114.7,21559.2,21721.7,18004.1,22572.8,22416.9,17006.5,20961.5,21912.3,19539.4,20918,21764.5,24088.4,19332.9,24327.8,18529.3,18675.7,20335.3,17768,21709.2,20014.9,21726.3,19249.1,18856.6,20710.9,19208.3,18943.7,23871.9,21635.2,17546.4,19222.3,17813.9,17142.6,21716.4,23006.1,22883.3,22136.7,17776.2,17204.3,22793,22685.8,17942.1,19664.7,23154,18326,17848.5,19977.2,18333.1,23857.2,19889.2,18206.8,24135.5,19435.1,22354.2,24309,21317.1,22289.8,22945.5,24204.1,23931.4,24676.2,21822.3,23301.9,21324.1,20238.4,21416.9,21427,20803.3,23530.7,23578.9,21762.2,24661.8,20562.5,25457.5,19951.7,25405.7,24616.2,25361.6,24993.5,23412.6,21247.6,25382.5,20729.2,22376.3,24723.3,25663,26250.1,24341.9,26215.9,23108.5,20216.1,20790.9,22695,23829.7,20202.1,21840.6,25560,23920.3,23526.8,23908.2,22661.4,24258.8,23909.5,22348.8,19966.7,23586,23530.4,21475.1,22030.5,26036.2,23937.6,21319,21152.6,21719.2,20234.6,21047.4,19998.8,26645,22912.4,21108,23441.5,24326.2,20523,23667,20234.9,21142.1,27315,24607.7,32799.2,35774
37831.1,27638.9,25866.8,22231.1,25805,22025.3,23747.5,21177.1,19241.7,20070.3,23850.8,24378.2,21863.2,19357.3,18900.6,19388.1,20858,18251,22529,18401.2,18834.7,23790.5,21519.8,19485.3,21176.6,21012.9,21972.7,22592.8,19215.3,22564.4,21269.5,20468.8,18317.8,23884.3,21418.7,19782.6,18004.6,23884.4,20174.1,22415.3,18341.4,19181.8,19407.1,19866.6,17481.6,18335.3,17477.7,21988.2,22851.3,20850.4,22282.8,22927.3,22038,21557.5,17798.2,22842.7,20521.9,21879,22432.1,22789.3,19902.7,17588.4,21349.5,19703.5,21182.2,20440.6,23366.1,22056.7,19284.7,21731.6,23617.3,22170.4,20019.1,17398.7,19404.8,23534.2,21351.5,21138.5,22646,23289.4,19169.7,17537.3,19058.1,17135.9,21587.8,20760.8,21224.2,22458.6,18123.5,21276.5,17801.3,18894.9,21948.3,22271.5,20842.5,22302.2,18899,21355.7,17914,20122.7,22318.8,21739.6,22840.2,20384.9,21128.4,17295.8,20548.8,21574.4,22222,20531.1,21828.3,19080.1,22087.5,18296.3,20107.6,18591,22819.5,18034.5,17573.9,20581.5,20091.1,22103,23673,18028.1,21981.5,22650.5,23670.8,20892.7,20498.9,18556.3,22133.4,20520.7,24775.5,19806.9,21274.6,21893.9,18877.9,21504.2,20969,21168.9,22057.4,18128,22239.3,21007.6,21480.6,18540.1,17144.5,23009.8,17779.7,18717.3,19089.5,22562,22313.1,16986.9,16897.7,20692.9,22445.1,23672.8,22588,22999.5,22235,24136.8,22703.3,24268,21134.6,20119.9,19396.1,20018.8,24763.8,20587.3,21555.1,20856,19981.3,23307.6,19487.8,23506.7,20763.7,21808,22825.9,24893.4,22312.9,24866.9,19858.6,21124.4,22370.9,20032.4,23403.2,24377.4,23813.8,20074.6,19100.5,24986.8,20267.3,22414.3,23331.1,24025.2,20981,21367.8,23925.9,24312.5,21516.5,23261.3,22478.1,20307.4,18256.8,22865.1,18361.9,20281.2,23078.7,23559.3,20561.4,18182.8,17825.5,18522.8,21251.7,18896.3,19308.9,18817.4,19678.8,18771.7,18514.7,19095.9,20988.3,23558.6,18844.1,23808,22221.9,22033.8,18630,22763.7,21544.3,20434.2,20329.6,23575,21380.1,21525.3,17140.6,18058.9,17536.9,23404.7,20705.8,24207.6,24203.4,21363.4,18296.7,20752.8,19842.2,24160.8,20126.2,18799.8,22836.8,19870.5,19522.8,20946.8,23360.3,20143.3,17971.9,22454,17351,19325.1,23086.5,21032.7,23648.1,20467.9,23505.9,22678.1,19815.8,18993.7,23245.5,18713.1,23005.2,21058.1,19640.8,22534.2,24173.6,17776.6,17575.8,23001.3,24100.5,22081.1,20500.8,19877.3,19149.3,22576.8,20648.2,19575.7,18551.3,20368.9,17431.9,22209.9,20120.2,19779.9,21515.3,22064,18149.5,20249.9,23391.2,17366.8,17989.7,20131.6,18491.4,20912.6,22057,18754.7,18150.3,23353.4,18164.3,20937.7,18693.5,20045.7,21808.3,19583.7,20277.5,20540.3,18317.7,23201.4,24974.5,20902.7,23473.1,22106,21894,20660.3,19911.8,24429.4,20898.9,23049.2,20633.3,24047,21037.8,21562.4,19193.6,23473.2,25250.9,21526.3,20063,24847.9,23961.5,25578.9,20054,22284.1,26100.8,20835.6,26211.5,25033.8,25775.2,23140,21706,26310.5,21664.8,21162.2,22991.1,25729.8,24817,24067.9,25272.7,21868,21228.7,23501.5,24063.1,25355.1,19704.8,22523.5,22242.1,22895,21110.7,21284.3,25001.6,24158.8,24147.4,20418.1,22097.9,20857.7,20997.8,24876.2,25668.4,20909.7,25947.9,22164.8,22171.3,23818.4,23977.5,28942.8,27079.3,36460.9
32669.7,28224.6,25321.8,25970.5,23221.7,20304.9,20094.6,22337.3,23056.3,19258.9,19373.1,21721.6,22696.1,24446.1,18702.5,19349.8,24451.9,22266.3,21238.8,24044.9,22899.2,20260,21749.9,20011.9,23264.7,21923.6,19612.6,22269.2,21918,23357.5,19456.7,22272.6,20097.3,18657,19253.5,18368.6,18689.1,22459.7,20024.8,23790,23028.7,20492,21267.8,23028.3,18778.7,21583.8,21787.5,21355,19306.6,18970.4,17879.3,20168.9,19344.1,23357.6,19924.6,22743.6,21257.9,19481,22649.3,17051.7,18137.6,19300.3,17944.1,18328,17523.5,22138.8,21644.2,19843.9,23253.2,17591,23142.3,18538.7,18227.8,23269.2,22159.8,19301.8,19307.8,21570.4,20393.7,17354.5,22868.2,17642.5,17402.9,20922.2,17179.7,19506.3,19902,18550.5,21541.1,17442.3,21105.3,18210.1,20036.9,23311.1,22507.7,20151.4,20370,18957.8,24034.2,21080.8,18035.2,19236.7,17220.5,21078.9,19474.4,17154.4,17067.4,22124.3,16968.4,22903.6,19488.5,17936.2,22934,17368,21339.4,17935.7,22721.9,20948.7,23787.4,22043.7,20446.1,20672.3,18879.6,21003.7,22915.6,23339.4,22056.7,18822.9,23340,21338.9,21515.5,23007.1,23878,22352,19399.8,18752.7,22672.5,20682.3,19999.1,19832.9,21490.8,17709.7,21648.9,23235.4,17243.6,21444.4,17338.7,18169.2,17220.7,18295.8,18000.5,23404.9,21141.9,23289.8,15691.2,23289.5,21894.7,18138.4,20120.3,20954.7,24204.4,22392.3,22551.6,21707.5,22741,19734.9,23532.7,21433.2,19991.3,23126.3,20745.3,23466.2,23580.8,21742.5,20251.9,22583.5,25199.7,19995.3,22196.2,22382.6,19195.1,22487.9,22945.1,21622,24549.8,21253,25159.7,19439.4,23974.9,21698.1,24548.6,18692.8,22660.5,19932.2,19728,20580.7,21201.9,19846.6,23137.8,24777.2,21572,18512,23527.6,23893.8,23423,24045.1,22123.6,18166.6,21403.6,19468.2,18775.1,23535.9,20138,19470.7,22853.4,19268.6,22004.8,18155.4,20597.4,22135.5,20487.8,19086.8,20441.7,21566.4,24019.3,23208.1,19210.1,18975.7,18614.7,18176.1,18150.6,21297.7,22289.6,22049,20581.9,19681.7,21410,19815.3,18390.7,20303.3,21782.5,20092,18965.6,22819,19603.5,20732.8,23853.1,19528,19919.6,23470.9,20600.4,24356.2,20308,20667.1,17997.7,19262.9,23228.1,20921.6,19417.5,20878,17839,20649.7,17568.2,21801.7,21772,18271.6,23443.2,24118.1,19919.6,17931.1,23243,22305.2,18545.6,21729.3,18282.3,21012.5,21505.1,23876.5,20999.8,18429.5,19152,20680.9,17212.7,17673.2,20347.6,22680,19574.3,20024.5,23139.6,22302.3,19124.8,22932.8,20419.3,22604.7,18384.2,22415.9,17272.7,18177.4,18298.6,20042.6,20627.7,22488.1,19227.5,22019.4,18718,22830.3,21444.7,22768.4,22170.9,23285.2,23975.3,23470.1,19122.2,18457.8,19382.7,23589.1,19923.1,21372.9,23036.1,24709.2,22122.1,25356.7,19083.4,21288.9,22080.8,23884.8,24035.9,21781.2,20709.5,23685.4,19867.4,24902.3,24097.5,21839.8,21908.7,24950.4,19884,25373.4,21225.3,22453.2,22670.7,22288.4,21040.1,22207,20763.3,23185.3,24773.8,26107.3,20216.2,21943.5,20385.2,23679.9,21801.2,24974.8,24262.2,22098.2,23104.4,20259.5,19317.9,23258,19882.1,19427.6,21811.7,20400.6,23059.6,19991.2,23335.1,26322.5,22227.7,25122.4,25027.5,26003.5,26484.8,25907.1,21184.5,23824.5,22241.2,25160.9,22227.3,24664.5,26641.5,26719.4,28721,37448.8
37036.8,30235.5,30190.8,27896.6,26008.6,25192.3,22371.4,24639.2,22552.3,22751.7,22157.2,20250.5,23986,23240.5,19782.3,24507,23186.2,24420.4,22515,18150.2,21418.8,24028.8,20034.7,20749.7,24031.4,22044.1,22544.7,19664.5,18206.6,20588.4,20940.9,23355.9,22086.6,21479.2,20878.5,21800.2,23667.2,19938.5,18548.1,20913.7,23779.3,19265.3,21016.2,21912.7,19121.6,17787.9,18169.5,18557.4,18982.4,17926.5,19220,20419.1,22490.7,18267.4,17461.5,19452.5,17742.6,22523,22410.4,19585.7,21301.8,23115.6,17353.2,20983.5,16859.4,22296.5,20148.8,18284.8,22568.2,19312.9,22126.6,19088.6,18447,22927,17936.9,22738.2,22623.9,23387.2,19903.7,22981.3,17655.9,17477.2,18906.7,22448.9,17762.7,20391.1,23033.3,22481,20494.4,21770.3,21839.5,18395.1,23812.9,17613.4,22478.9,22329.4,17773.4,21430.1,20753.8,22314.1,17476.8,18538.5,17160.2,21889.5,17116.1,17738.9,22073.7,19530.5,19326.6,19832.7,19407.2,20110.4,22386.3,22876.6,19967.1,23101.7,21569.2,22332.2,21371.8,23604.8,20451.9,21134,20799.9,23548.5,23650.8,18473.2,22580.9,20385.1,18685.1,18637.1,21455,19547.8,24244.7,19884.2,20748,19862.2,21302.4,18257.4,19114.2,22149.2,18451.8,21377.5,19619.1,17423.6,18984.5,19961.7,19552.9,22524.3,18210.7,22591,20430.6,22296.9,22020.3,19176.4,19996.2,23456.2,23324,21273.1,17854.5,20091.5,18221.5,22184.9,22993,20255.7,23615.2,19178.3,18475.3,20361.7,22126.3,19775.1,21655.3,24875.3,25348.8,20744.5,22572.8,24957.9,24446.9,25112.5,20153.4,25458.9,19158.5,24735.6,25517.1,23826,25361.2,25664.8,19266.2,19795.4,24072.8,21954.9,24229.3,21049.3,19501.3,18914.9,20822.6,19778.4,21058.1,19696.4,20313.9,23748.3,18812.6,18529.7,20931.3,18485.7,23694.3,19506.9,18997.4,20327,18181.1,19924,22616.4,18941.4,18428.9,21582.3,22829.4,20898.8,20920.9,20323.3,21658.8,22479.4,19616.7,20192.8,19357.1,20874.7,22590.7,18739.8,22847.4,20644.3,18456.6,22550.1,19228,23191.7,17931.7,22140.5,19076.4,23708.8,20234,23986.9,21987.3,21000,23144.8,20747.9,18096.4,18337.3,23471.7,23432,18505.9,18042.2,24138,22876.1,21204.8,24097.8,21783.4,23114.5,20380.6,21974.8,21591.6,23646.6,20138.4,17998,17955.9,21167.4,20819.5,20635,22074.3,23505.1,20795.9,18625.6,22749.7,21258.2,22104.1,23174,21798.4,20791.5,22448.1,23365.2,18598.1,21338.5,22047.6,22304.3,17901.3,18349.8,20652.8,17986.1,23117.2,17211.1,18334.7,20792,21779.9,23905.2,20639.4,23197.3,19415.6,21836.1,21557.6,18253.1,21797.5,18727.9,17750,21687.2,21219.2,19871.3,23315.1,19192.4,17894.7,17765.4,20817.6,18282.4,24383.2,24367.5,23767.1,23007.3,23088.9,20156.9,18397,21120.2,22613.2,22463.7,20338.5,24171.8,25148,24725,20082.1,19986,22007.2,21565.8,22828.3,24296.4,25645.8,23440.6,24242.7,24619,25147.7,21213.9,19688.7,22206.9,26397.1,25361.9,21530.8,24963.1,20062.5,23421,23324,22768.8,24464,24738,22985.4,23882.7,20882.4,25514.9,20257.4,20821.2,20395,21477.7,25742,21707.2,22346.9,20258.9,20191.6,22739.2,25043.8,24316.6,25383.2,23149.5,23369.3,25161.5,22067.9,24907.4,20773.7,24332.1,24585.9,20217.8,24592.7,22731.3,20042.8,21060.2,24309.3,22005.1,21223.4,21669.3,27659.7,24775.2,31316.5,32966.6
30983.5,32596.8,27442.7,23787.9,23673.9,20261.3,25142.7,19146.9,24987.3,21175.8,22053.2,18341.1,22973.7,23463.9,24139.5,18103.4,21971.8,24240.5,23588,21604.7,19170.2,18877,21321.8,20921.7,20556.6,23137.7,22074.3,21302.1,23524,18713,21300.1,21950.2,24054,19018.4,20525.4,21691,21469.2,20366.3,21562,20936,23342.4,18254.6,23097.2,17683.5,22871.3,18519,19355.2,18296.4,22071.5,18485.3,19228.6,17731.1,21439.5,22499.3,17027.5,18216.3,18264.1,19107.3,19193.2,18269.4,17176.1,21620.3,22971,21958,21405.3,18319.7,21482.5,21531.9,21936.9,21555.7,19943.4,22028.5,20457.7,23213.9,20835,21575.7,18661.6,19408.3,23438.1,18802.9,20528.1,19054.7,18390.3,17707.5,20351,19991.8,17674.5,21252.7,18949.1,23433.5,21064.2,21418.6,21235.8,23377.5,18827.4,21209.3,19228.1,21034.2,23270,21272.9,22414.5,21254.5,17770.8,19694.4,18335.8,18609.6,20207,20209.9,17104.4,23112.7,17236,22818.7,17342.1,22176.5,17963.7,23426,22061.3,18090.6,18235.7,23836.3,21377.8,23281.7,18306.1,22364.2,22066.4,24374.4,24095,22611.1,19945.7,22376.6,19832.4,21076.8,22521.3,25042.5,22994.2,19406.6,21208.2,23044.1,20077.1,22381.6,19374.1,19240,21603.7,18762.4,19029.7,16923.4,19821.4,18708.9,18292.1,20239.2,18260.8,21554.2,21144,17473.7,18901,22242.9,23193.9,20769.6,23092.2,21839.2,23305.3,18142.3,22534.5,24006,19994.5,19319.2,21592.9,20685,19645.9,21467.5,22876.5,22191.2,25017,24697.5,23129.4,24932.8,22550.7,19365.4,21615.9,21653.5,20842.7,21353.3,23772.3,25360,24630.3,25321.5,21338.9,19114.5,22273.1,19721.3,23390,21342.7,25115.8,18804.9,23190.4,22931.1,21645.2,25014.3,18736.5,20421.3,23587.2,21411.2,19890.4,19734.5,20196.6,19549.9,20502.5,18048.6,22712.5,19314.7,19758.6,19429.9,20931,20951.6,21593.9,24044.7,22763.4,23140,17842.2,23797.3,18231.9,18824,21802.4,19592.5,21931.9,24291.9,21476.3,21232.3,20143.1,18917.7,20975.1,18666.3,18829.7,22665.5,18489.5,17802,17953,21535.9,20510.9,20063.3,19830.1,22222.5,20015,21785.9,20523.2,21318.3,21008.9,19837.5,22110.3,24438.9,23202.5,23327.3,19192,24428.2,18429.1,20907.2,23319.4,22331.2,19569.8,22369.9,20631.6,17543,18065.8,21607.2,20252.3,21314.2,18316,21651.1,23522.3,19318.4,24162.5,21155,21433,22067.5,21525,18192.6,17992.1,21569.4,23710.3,17761.7,20368,18017.2,17405.5,17437.4,20818.5,21222.2,19818.3,23696,21781.2,18101.9,21756.8,23669.7,18337.4,19130.5,21743,22056.2,21755.7,20333,21221.1,19031,17773.3,17982.4,20735.8,24346,19025.7,23241.4,21568.4,22043.7,23076.1,18867.9,22110.4,23550.6,18311.6,25004.2,18951.4,24679.9,19434.5,18991,23832.1,19628.8,21615.2,19687.2,24065.3,25538.6,22207.6,23813.2,19477.1,24187.5,23651,20459.1,22385.2,24103.3,19581.8,20556.5,23353,24720.7,20717.7,20258.5,22276,22310,20101.7,23442.8,26255.8,21977.2,23988.1,24802,25663.4,23790.9,23911.5,22458.4,24746.1,19622.5,25333.9,24055.2,19867.1,21913.6,22267.5,25029.7,25314.3,25414.3,21992.2,20870,22321,20607.1,21127.9,25990.4,20873.7,23656.4,20951.6,22135.8,25592.2,24039.8,23346.7,21612.9,26183.5,20848.6,20523.5,25320.1,24959.8,23675,28371.1,27015.6,33574.4,38265.3
35328,31811,23865,24787.7,25347.5,24151.2,25380.1,20910.9,20600.5,24653.4,19398.1,20378,23870.9,20057.9,23934.6,21320.4,23159.5,22141.4,21344.4,23614.8,18632.7,18795.5,21080,19244.8,21692.6,23088.8,19499.2,19151.1,22824.2,21379.4,19529.9,22823,23259.7,19840.9,22093.2,21025.8,22713,24032.5,18772.9,21114.8,21901.9,19800.9,21294.7,22197.4,18762,19000.1,23124.2,17214.1,19144,19153,21657.4,20288.3,19124.9,19493,21009,22779.7,18968.5,20189.5,21373.7,22462.6,22127.4,20835.1,18099.9,20574.5,17414.7,19173.8,18241.4,18067.9,21535.5,21835.7,21509.9,19055.6,17687.8,20912.3,20580,22835.1,17731.6,20943.1,22286.9,17858.7,22401.8,22078,21725.7,21334.4,21177.7,17676.7,22098,22674.4,19854.7,19957.8,23706,19734.9,21188.7,22002.4,19904.1,18194.9,19035.1,18502.4,19145.5,17132.7,21941.9,21705.5,20992.7,19177.9,22599.3,20038.4,23176,21684.5,18724.5,23175.6,20666,20031.6,23276.5,17243.9,18728.4,21490.9,21362.5,23377.8,22596.2,24094.4,19292.8,19992.4,22685.3,19902.8,23715.3,20651.8,23729.7,24768.5,24767.9,19364.5,22193.2,24592.5,24483.2,18473.5,21568,18685.1,23734.7,19593.3,20343.8,23232.1,20157.5,19018.7,16912,20125.3,19424.1,17618.4,20763.6,21220,19418.6,19385.8,17595.9,17989.4,21151.6,19103.6,17666.8,22497.9,22053.2,21384.3,19807,24138.9,22620.9,19687.5,21292,20274.1,18779.3,20495.6,24504.8,19923.7,24579.9,20973,20702.8,19988,19197.6,24916.9,24614.4,20083.4,22823.5,21777.4,21772.2,23641.5,19325.6,25438.9,25405.6,20677.1,21029.3,23841.3,19531.6,25554.7,24535.7,20143.6,24483.9,22652.8,22741.3,21340,21866.2,24620.4,20973.9,22095.4,20425.9,24087.5,21659.2,18632.5,24711.6,24929.5,19169.1,20970.6,18659.6,19864.6,21081.3,21297,18554,21247.1,20250.2,24417.7,23086.1,22663.6,20116.2,18777.3,18531.7,21317.3,21028.7,19188.5,18473.6,20500.4,20857.1,18608,20483.9,20873.8,23861.7,18331.7,18949.6,19679.8,23451.8,22304.5,18459,18693.5,20561.9,21091.5,20196,20124.4,22124.6,24392.1,21848.5,20953.1,22213.7,22700.2,23358.6,24213.9,24568.9,20632.7,21809.8,20614.9,19270,20617.7,20673,20292.4,22675.4,19293.8,20214.8,17555.8,19646.2,23349.4,18690.4,20632.6,23214.4,20612.4,20288.9,18168.3,23989.9,21108.2,23106.4,18967.4,23148.8,20966.3,18794,19159.9,20364.7,22058.7,20176.6,20857,21483.9,19801,21728.3,21221.4,20122.5,17505.5,23676.3,20753.2,22771.4,22675.8,21766.7,18765.9,19731.7,21995,19688.3,19590.6,18316.2,20407.1,22989.8,20227.6,18896.6,19706.6,19682.3,19114.3,19032.6,19304.3,21722.2,20727.8,20748.9,23001.7,19299.4,21853.6,20754,20379.1,24345.8,23952.2,19037.9,19599,25409.9,19239.5,21176.6,23335.3,22522.1,22669.8,23103.6,22251.3,23522.3,22517.5,24103.6,25196.1,23319.8,20999.1,24654,25713.1,23945.7,25958.2,26173.4,22665.8,22877.6,21275.3,21637.3,25332.5,22300.3,23009.4,23049.7,23761.8,21686.3,23545.4,21701.6,22844.8,21221.2,23556.2,20923.9,21759.5,22632.3,25606.5,23819.5,24097.6,19312,25132.5,21479,23233.3,23873.1,20428.4,21579.1,24684.2,22723.4,25105.7,21925.9,25306.2,21185.2,20385,26078.4,20293,25361.8,21193.9,23239.7,20675.2,21789.7,25437.2,22595.3,27468.3,27186.7,31474.9
31727,32744.6,27624.9,24229.5,26697.1,22141.6,25461.7,20060.5,21339.6,23605.5,21117.5,20751,18586.1,19067.9,19154,20841.8,18967,21330.4,22076.8,20174.3,21140.2,20889.7,19455,19452.5,22987.3,19791.4,21105.3,21087.8,22087.3,24002.7,18255.2,22559.9,23440.9,22230.7,19482.8,18652.2,23345.6,21502.8,20487.2,22825.2,20986.9,17988,19660.6,20155,19161.7,21153.8,17946.8,18635.3,22553.9,17730.4,17925.6,20950.5,17549.2,18792.2,18055.6,22899.2,22135.9,18629.7,16844.8,22546.3,19215.9,23253.2,18918.9,19073.3,19806.1,18987.1,19508.7,22187.1,19704.8,20155.3,19791.4,23480.2,19303.9,18590.3,23155.3,21926.9,23932.6,19914.6,19008.4,22954,20461.2,23647.1,19115.1,19614.3,21632.1,19601.6,19053.4,20773.2,19214.3,17688.3,22033.9,19084.2,20375.6,20294.2,17740,17936.8,21325.9,22778.3,17262.5,18439.9,18735.4,18503.2,20395.6,18955.3,18599.1,20794.3,22962.1,18492.5,19312.8,17180.8,18179.2,17201.2,17969.7,18339.7,17707.6,19909.1,19409.6,20740.2,23909.3,17787.8,21509.3,20516.2,20685.9,21663.4,18918.4,18544.8,23146.6,23277.6,20574.1,23185.8,19933.1,20307.6,24970.9,21248.9,19167.4,18100,20042.5,19748.9,19666.5,17133.6,19375.9,18394,20224.5,17255,19763.2,20276.8,17100.7,18961.6,19613.3,23220.7,21906.3,17468.6,22477.2,20112.8,15480.6,19306.2,20243.7,19069.2,22748.5,19977.9,20899.8,20330.4,18728.5,20612,21167.7,20362.3,20899.6,21409.5,23724.5,20550.3,24110.3,24450.1,21555,21424.5,22466.9,24404.7,23797.8,24150.3,21235.1,23159.4,22820,23810.9,24481.6,24448.1,25050.4,21193.9,21047.7,21405.3,23043.6,23780.3,19156.1,19476.7,21126.4,22890.1,23397.9,19856.6,19627.6,21281.4,24917,24026.2,21461.9,20886,21901.8,22122.3,22641.7,18797.6,22860.6,21060.9,20138.7,21196.5,23831.6,23947.9,20295,23857.4,24428.2,22076.3,19279,20085.9,24187.1,22609.4,21233.7,21629.2,18813.3,24403.8,23003.4,23714,24261.2,18481.1,22787.6,18493.1,22853.5,23661.7,22297.2,19353.9,21114.2,20757.9,17546.3,23537.1,18201.7,18332.5,22287.7,22822.1,23739.8,24523.6,24226.3,20114.2,22949.5,20533.7,20763.6,18970.9,20650.7,21771.2,23171.9,21450.2,23445.9,23665.3,18787.8,22340.1,20584.9,23007.8,17335.3,20714.1,20583.5,21565.6,19010.7,22019.7,23256.1,22231.2,20023.1,19140.3,20916.1,19525.9,18975.3,22431.6,18077.9,20311.5,21140.7,20544.8,17373.4,21367.8,18928,18444.6,21866.4,22941.5,22957.6,17310.2,23087.5,19783.3,18454.5,20675.1,21365.9,20277.3,21005,20660.2,18084,19555.4,17851.2,23092.2,21094.1,22746.3,23560.5,20432.6,18007.6,22377.1,23863.5,24035.6,22110.2,20842.1,23374.5,24699.5,19223.5,22154.4,21728.9,19232.7,22438.4,20751.5,19475.5,19958,20408,20681.7,24497.4,23193.1,21016.7,24883.3,20575.9,23492.2,25401.6,22764.4,21566.8,19326.5,23327.6,20623.1,25177.3,23767.6,22054.3,24755.9,21433,21025.3,24919.6,23696.6,22432.2,23618.1,20823.1,22752.5,23555.1,23300.5,24150.7,25097.2,24799.3,22563.9,24132.8,20181.2,20890.3,23713,24461.8,24209.9,26051.8,22837.8,23781,19984.7,25099.9,23687.4,21812.8,25480.9,25733.6,25806.5,21434.5,19824.3,23718.2,25793.1,22109.6,20701.6,23543.3,25009.8,25179,26089.1,24127.7,20534.9,21460,24468.1,24660.3,24946.3,30496.7,33603.4
33176.3,30432,25890.2,27782.9,21577.6,25897.2,23600.3,20929,20936.5,19655,21403.3,20933.9,18208.1,22985.7,20295.7,19411.6,21505.5,19378,23252,21123.2,21414.2,20279.2,22809.3,19084.6,24124,19525,22033.3,20637.7,18042.1,21877.8,23048.1,24096.2,24594.4,19338,20212.2,19111.3,20576.4,17843.7,17806.2,19852.8,17786.6,18218,17902.9,17229.1,17535,20549.3,21389.6,20401.8,17606.9,17133.6,19215.8,23349.8,19277.3,17288.8,20067.7,22887,19257.2,19760.4,20144.8,20612.2,22990.5,20107.8,22273.1,21451.8,18525.9,17136,18505,21685.8,21820.3,21362.4,18831,22147.4,20826,22241.1,18969.4,20655.9,19749,20361.5,19755.5,18349.9,22257.2,21113,17983,19213,23505,21721.1,19927.2,18272.2,18940.6,17460.5,20585.8,22623.3,21734.3,19113.6,22700.7,23490.7,18379.4,22176.1,18720.2,20467.4,20602.5,22210.1,22928.3,19817,17149.7,19042.6,20036,19523.7,17346.2,22723.1,18196.3,22539.6,18569.1,18374.1,17658.7,17538.4,23546.6,23303.9,20305.8,22020.2,18653.4,22926.5,17851.6,22388.7,18212.6,18507.7,19069.1,18083.6,20744.2,23301.7,19113.1,21722.1,21503.6,24040.6,24551.9,22607.8,19450.1,19877.4,21461.9,19947.5,21570.3,18321.7,17063.5,19004.2,19265,18286.1,21077,21833.6,20518.6,22792.9,17670.4,18572.1,22662.1,20461.7,16616.7,17201.2,18620.6,23217.4,24004.4,20550.4,23330.6,21779.1,22605.4,19595.7,24022.4,23041.4,23861.9,20292.1,19600.2,18951.8,25434,25093.3,20672.7,24181.9,21185.5,21573.6,24113.5,21931.7,19557.6,25259.1,25543.2,21347.5,19484.9,20311.7,23258.7,20782.3,20703.2,22277.4,20338.3,23081.6,23891.8,22040.4,21712.8,20877,19378.5,21254.8,24767,24704.1,23343.9,22062.4,18922.3,23891.8,18894.2,21729.2,22010.2,20568.4,24305.1,22937.3,19647,22165.6,19930.8,21406.8,18453.2,18582.2,23278.9,18747.2,21776.9,21678.5,22958.7,24451,21082.1,22298.7,21620.6,21520.3,18229.2,24452.6,24246.9,20607.4,21081.5,22122.6,17373.3,21660.6,18245.9,20110.2,21812,23694.7,21950.5,19245.4,17924.3,17733.1,22476.8,22251.1,17866.9,23704.9,24337,21931.5,22942.4,22190.7,22500.3,20063.8,19194.3,24476.2,19154.5,24263.6,20349.6,23156.4,22453.8,22283.1,20081.3,20899.2,17748.6,19398,20689.6,23778,19663.3,19782,21439.8,21727,18964.6,22437.7,23938.9,22978.2,20919.1,19338.4,17888.4,20409.3,19280,20769.5,17355.6,20078.5,20694.8,23727.3,22028.8,21445.2,21592.8,21872.7,23608.2,22932.3,23303.9,21936.6,19050.7,23999.4,18919.1,23479.4,21263,22323.1,18296.9,18488.3,23394.6,19943.1,23068.2,23791.4,17674.4,23968.2,18401.7,24032.1,21768.2,21095.4,23091.5,23405.5,20059.6,24106.8,22504.1,19025.9,21521.4,24829.9,18962.7,24092.1,24975,21311.2,20793.2,25395.4,18980.5,24774.2,23134.7,21498.3,24853.9,22801,20582.3,19022,24984.4,22586.3,19487.1,24586.3,22008,25260.5,26555.4,25862.3,23110.1,23559.6,21237.1,24559.3,23486,20810.2,22133.8,23931.5,25655.9,26166,22941.8,25259.4,21679.8,21111.5,20869.4,25578.2,22342.6,22926.7,20913.5,23605.8,20507.8,24729.4,22533.6,23736.1,22541.4,24621.9,20609.6,23403.2,23403.7,21723.2,20863.4,24846.3,21921.3,20044.6,23033.3,23953.1,21964.1,20228.4,25104.2,22214.7,25143.1,26473.2,25596.1,23947.5,26889.6,34410.4
36231.3,32827.2,29553.5,26170,24949,21409.4,19665,19762.2,22406.9,22005,22424.9,19289.8,19823.4,23953,19838.4,22984.8,20017.9,22919.8,21990,23745.5,23648,23047.8,24310.8,22566.1,20299.9,20519.4,20015.7,22346.1,21901.2,19401,19185.7,19361.3,23899.6,19937,24227.2,21821.6,20765.3,19058.2,22140.6,22085.4,22423.1,22115.6,20412.3,19775,18182.2,21539.1,22171.4,22741.8,20170.3,22899.3,21545.3,22491.5,18172.3,20433.9,21239.5,17859.9,20842.2,20957.7,19121.6,23192.9,17264.9,22052.4,18349.2,22954.6,23235.9,22302,21950.6,23289.2,19802.5,21140.4,22379.9,20575.7,19226.6,19547.8,20638.8,18473.4,22827.8,20541.9,18729.5,19980.4,18567.5,20122.3,19528.4,19763.4,20528.7,20681.6,19088.9,22867.6,21508.2,19319.1,17898.8,17827.3,22085.8,21047.9,23435.4,23532.6,23843,18798.3,20557.8,18310.3,19466.8,20586.2,20404.1,23104.3,23137.5,18626,20903.8,23355.7,18261.3,16936.6,20102.1,21521.8,21065.6,20912.2,17629,18430.6,17431,21148.2,17618.8,19337.6,18816.5,22887.8,22593.7,22483.5,18628,22008.6,22299.4,18751.2,21120.6,20475.3,18872.8,23957.3,20599.1,24282.1,19878.7,21874.8,18252,20564.9,22065.5,23424,18704.6,17016.9,18100.1,19561.8,23401,22665.5,21953.6,21342.9,22880.7,19260,21632.3,20412,18713.1,22749.1,20477.5,18867.4,23715.8,22364.1,21768.9,19277.7,20806.6,23048.7,19940.6,19289.5,20845,20143.9,22763.1,19819.6,24101.5,25269.7,23143.2,23214.3,24886.8,24245.3,20911.3,24226.2,23781.2,21109,19204.5,24850.7,24532.9,22954.7,22804.4,20282.9,20867.1,20489.3,19589.7,25396.5,25088.6,21233.5,19304.5,21871.2,21209.9,24220.9,21959.8,19406.8,21720.1,24898.5,21603.6,22501.3,22903.6,22719,21912,19352.1,21679.5,22703.6,19795.8,23515.9,18298.5,20928.5,19896.6,19877.6,21041.2,20012.9,18713.9,20950.6,20550.7,24094.8,23207.7,18344.4,23372.5,23668.8,20467.2,24652,19409.9,22509.8,24219.6,19435,18590.5,22748.6,20746.8,19443.2,21643.5,22230.7,20278.2,22517.5,21309.8,23732.6,20628.6,21161.8,23617.9,22337.1,24068.2,20045.4,17891,19910.8,23214,18685.3,22909.8,20280.5,20516.3,20570.6,24195,22285,23995.3,23697.4,19133.9,19860.6,18388.6,23968.1,17872,18044.7,18786.1,22020.5,20279.6,18504.8,22545,23472.1,23677.9,22936.4,21325.8,19698.3,18038.1,23150.9,21734.1,17801.1,23690.7,22550.1,21360.3,23429.8,18504.7,21715.1,21487.8,19381,22848.8,21352.6,21238.9,22493.7,23574.7,22433.5,22275.1,23315.7,19743.4,22696.2,22101.9,22990.5,21211.8,17509.3,23832.6,23722.7,18756.2,18233.6,19348.7,19059.2,19073.7,21643.2,23388.2,17944.1,22268.1,21588.2,21831.5,23131.4,23530.9,22327,21852.6,19780.5,24058,20948.7,19298.7,22970.2,20830.7,22408.7,20989.9,22460.9,24588.2,23079,25687.5,21276.9,23651.4,23010.9,22081.8,22211.2,20704.7,24202.6,25634.7,25376,25925.3,20986.6,23477.2,25236.1,22526.7,24659.6,20854.5,26038.4,25192.2,22199.6,23063.9,22120,25820.8,24824.7,22926.3,25133.7,24397.7,21121.6,21061.3,23968.2,21188.8,24981.7,22002.8,24847.6,25851.4,22276.7,23484.7,22999,25852.4,24081.1,24453.4,23261.4,21053.6,25842,20011.9,21152,19650.7,22494,20729.5,23995.2,22189.4,23417,21497.9,25453.1,22108.4,24402.1,27548.8,34735.5
34996.8,27388.4,29741.9,27216.5,22449.7,23381.6,20554.3,24727.2,24209.6,18349.8,19254.7,21904.9,20058,20407.3,19321.2,21056.6,22933.2,22692.1,22184,20528.2,20272.3,24034.4,21530,24188.4,18526.6,18221.3,19037.7,20129.7,23390,24248.6,21914.7,22782.7,23394.8,23410.4,19235,18680.1,18175.2,20821.3,21345.8,19987.3,20233.5,23028.9,20075,18594.2,22825.2,19432.1,23080.9,19519.4,21928.6,18794.1,22382.4,19685.1,20378.3,18957.3,17506.3,19011.7,17815.2,17074.7,22383.3,18646,20090.1,20565,21628.3,19797.8,21837.1,23239.6,17057.7,21813.5,19610.7,17212.1,23334.5,18114.8,17471,20887.2,20180.5,22017.9,23112.7,20386.9,23709.1,20754.7,20577.1,21114,19611.1,23774,21981.1,21959.6,20782.8,19616.6,19901.4,22377.8,21796,21094.5,17387,21412.5,22464.9,21902.9,22123.4,21398.5,23653.3,20476.2,22675,17845.7,21466.1,19299.8,22171.9,18617.9,20993.2,21168.2,23088.5,20606,20299,20726,20954.1,17408.3,20687.5,20518,20550.8,17651.6,19367,20971.3,19226.9,22554.5,18575.1,22631.9,19184.2,19859.2,20091.8,24071.7,20880.8,24597,24876.6,23532,18479.9,24893.1,21401.8,20369.7,21463.7,20294.5,20262.3,22359.3,22126.9,17743,17435.9,22143.3,18312.8,19324,19069.3,21818.2,17899,20600.1,23609.2,19721.1,18491.3,23255.2,19120.4,17222.1,20271.5,19021.5,17854.6,20757.4,20081,18245.8,23754.3,19722,22582,20516.8,21785.4,20252.5,22130.4,24902.3,23569.6,21977,22883.4,19025,21876.9,19209.5,19793.6,21978.3,22516.1,24217.6,23538.7,19918.8,21710.4,24086.5,24119.9,25980.6,22991.9,23225,24531.9,23369.8,23120.2,19810.2,24431.7,21892.2,23899.9,19117,22636.2,23438.8,20879.1,21136.2,24830.1,23078.9,21670,21362.5,24926.7,19164.6,19812.9,22415.1,18502.9,23643.2,23355.7,19484.9,19618.8,18809.4,22507,23964.3,19848.6,22785.8,18888.9,19534,21183.8,18945.7,19043.6,23840.9,19574.6,24043.1,20192.8,17914.7,18614.2,23891.4,19162.6,20257.4,19405.1,21414.3,19538,21098.2,17433.9,17608.3,18128.9,24024.2,23363.6,18378.7,22002.1,20339.4,23598.2,20161.7,23408.6,22133.5,22489.1,19775,22186.1,22223.1,19067.7,18290.4,22262.6,21439.4,18652.1,21088.1,20900.1,18018.9,18922.5,19220.8,18113,18858,20355.8,21017,19398.5,19240.9,22910.3,20164.2,23747.1,20697.9,23884.7,21711.6,22004.2,18628.8,20546.2,18069.9,20072.7,21591,22698.5,18216.4,23716.9,19106.4,17973.7,20387.4,20985.3,19604.7,21551.9,17982.9,20931.1,17456.4,21444.2,19117.2,17312.1,22357.5,23132,22067.5,23766.9,22610.5,23801,18962.3,18403.7,21595.7,23631.3,21229.6,23443.7,22277.5,20208.3,22491.4,23344,20581.3,19802.5,24441.3,24019.1,21504,22007.7,19494.6,22762,24035.9,24799.8,22165.3,19461.1,22563.3,21802.9,24053.5,23779.6,23231.7,23907,21291.7,23323.3,21599.2,25430.4,20523.5,22968.8,23353.3,25437.6,25896.4,24575.5,24554,26110.5,23864.2,20757.8,25227.8,20562.9,23355.6,26143,21878,22086.8,23019.3,20986.8,20154.2,22296.4,22215.7,20179.6,19938.5,24591.1,22803.6,23853.4,20886.1,23402.7,22463.5,24269.1,25224.1,21371.2,22383.1,22430,25562.6,21217.3,25624.1,24403.1,25141.4,20140,20187.5,26239.2,25908.9,25835.8,21993,24738.6,20923.4,23607.3,28444.8,33520.5,34389.6
31640.2,30928.3,30248.6,26882.4,20932.6,21378.3,24113.2,20845,20838.4,22263.5,22476.4,19640.1,21555.5,19934.2,19767,23146.8,23565.7,23619.5,22348.7,21720.8,18248.5,18119.9,23390.6,23942.4,23773.9,19814.5,20199.3,21989,23831.9,22507.5,23798.8,23645.1,22603.1,20846.4,23333.1,22769.2,24092.3,18454.3,20163.2,22345.3,23055.8,17957.3,19974.4,18606.4,21180.4,18352.6,23722.1,23244.6,17971.2,20880.1,17495.4,22687.3,21966,17388.5,22262.3,20689.2,20418.1,21180.8,18454.6,22563.5,19299.6,21253.1,20379.8,22120.1,17789.4,20913.7,19918.3,22042.9,20448.7,19884.1,23274.4,18404.8,19217.4,19442.5,19664.3,18168.1,18423.5,19797.5,23514.9,19257.5,22831.5,19370.4,23539.4,20076.8,22982.1,19693.4,18510,21259,19446.5,21919.4,22142.4,17740.2,21685.2,19151.9,23296.5,24091.3,19651.9,19601.9,22339.2,23325.6,20713.8,21820,17326.2,18260.6,18561.6,19321.9,17532.5,23027.1,18299.5,23341.9,20096.9,18876.6,20061.2,23349.2,20258.2,18430.7,20218.5,23410,22245.5,22608.1,18780.6,22451.1,19177.7,23474.4,20684.9,23942.9,18288.5,19134.7,23261.9,19933.4,24110,19230.6,20967.1,24764.8,22983.1,18980.9,19456.6,22965.2,19255.3,18239.1,16997.7,20930.6,17692.8,21708.5,23444,21917.1,18938.6,22182.9,19492.3,23060,18254.5,20633.3,20090.8,20734.2,21014.8,18648.8,18792,22275.8,23701.8,19591.7,20504.8,24315,21072.5,19486.8,19733.7,19222.5,24037.9,20872.8,25090.8,19222.2,23474.4,24235.3,23339.3,24949,22416.3,20639.6,22491.6,24657.2,19543.1,20199.3,23715.3,21654.4,22957.1,24489,21626.6,20488.3,24877.2,21248.3,25018,23259.3,19571.7,19276,20992.1,20698.8,23325.4,19282.7,22877.9,24554.2,24339.8,24252.1,24288.7,24190.4,22381.1,22441.8,19856.5,18726,22326.9,18576.6,18198.1,19841.3,18677,18689,18667.2,21818.3,22508,20592.8,24482.2,18211.6,20206.4,20704.3,19640,24597,22381.4,20998.8,18917.8,19840.1,24455.6,23117.4,23006.3,23439.4,17971.7,22023.1,17809.4,19965.5,23809.2,20332.6,20335.3,19261.3,18491.9,23197.6,24360.9,21512.9,23812,22259.4,21091.5,24478.3,18292.5,20061.9,21166.3,19106.5,20784,23638.9,21511.2,20852.8,24131.6,24035.7,21349.6,19950.1,17913,23919.5,17961.2,17758.5,18185.6,23540,20628.1,22813.9,17895.7,21466.3,20309.4,19157.4,22219.9,20221.3,23975.7,20829.3,20511.7,23979.3,21761.8,20720.3,23001.6,17896,22557.6,22722,21703.7,21529.9,22350.5,17641.6,20908.3,19709.2,21673.2,20516.9,18560.5,18615.4,21108.3,17842.9,17598,18403.4,18659.5,19896.2,23623.4,18336,22164.8,23628,24308.2,20077.9,20325.8,23642,20744.1,17985.6,21775.4,21920.1,19517.3,23780.5,23878.3,23637.9,18726.6,23157.3,21059.4,25037.8,22226.7,24913.9,20860.5,21358.3,21209.2,25614.9,20632.4,20184.1,22522.2,19720.8,22960.8,23648.3,24149,20031.8,25165.3,20922.6,19984.2,26524.6,22301.1,23387.8,26419,22110.4,20582.6,24835.9,22011.6,22027.6,21013.3,20800.8,23330.2,25854.3,24881.4,25467.3,21730.1,20275.3,19773.5,25840.4,23454.4,19732.2,19834.5,21277.7,21393.1,22752,25002,22103.5,24924,25850.9,21267.1,20314.1,19614.9,24775,20333.8,20308.8,20274.2,22349.3,21434.7,23671.1,23667.7,24717.3,20757.3,22508.3,25083.4,24568.6,22511.5,24670.9,27551.1,32173
35447.3,27877,27175.5,26175.6,23091.1,24797.5,24083.7,23618.8,20959.4,24456.5,23858.2,19650.2,21498.6,18213.1,18567.3,19184.8,19017.4,23592,22653.7,19226.2,19544.4,21988.8,18840.8,23837.4,19070,18906,22402.5,18400,18087.9,20061.9,20006.8,20414.5,20189,18321.4,19849.3,20475.1,21937.5,20914.4,20892.9,22324.5,22335,18498.9,19473.5,18422.7,22254.8,19065.3,22912.1,19166.2,19588.4,17834.7,19231.3,17719.3,22301.9,20763.6,18638.4,22501.7,20194.6,22625.4,20155.4,20237.4,17398,19340.2,18254.4,20995.4,20536.5,22409.1,20174.4,17599.2,20490.9,21810.3,17941.4,22270.2,20006.7,17373,18396.1,21387.3,22966.1,19939.6,17881.8,17622.5,23373.9,17627.6,21916.8,21774.3,22714.9,22021.5,22176.4,20558.8,19964.6,23795.7,19436.4,17617.5,21901.7,24202.4,24215.1,20130.8,18937.2,20798.3,21161.4,18579.5,19158.9,20031.6,18702.6,17653.8,23519.9,22922.3,23737.7,20853.5,22142.8,21624.2,18735.9,17316.8,17521.3,17922,21886.8,22568.3,18973.5,19017,24013,21866,19700.7,20734.3,18794.6,19252.9,21143.4,20311.7,23297.2,19179.1,18924.3,24474.1,21278.9,21521.1,24228.7,19101.2,23820.5,20945,19395.6,18508.3,20282.5,18877.1,17813.7,20865.8,21608.2,18931.9,17279.2,20108.8,18030.9,19831.7,22206.4,23891.8,18733.4,21736.4,20809.7,21623.3,19539.6,20090.6,20763.1,20399.5,23047,24227.8,22264.3,20601.2,20996.2,17840.9,18189.2,22059.4,23115,22646,23686.4,22734.2,23574.6,24096.3,23426.5,22714.8,24658.5,20789.9,23189.6,20307.4,19360.9,21515.5,23804.6,22507.2,20468.8,19944.6,25373,22236.5,25190.3,25132.7,22118.6,23423.4,23020.8,24384.2,25186.7,21182.8,24081,20703,19172.1,21710,23486.7,19724.6,22015.6,24209.7,19988.5,24196.4,18886,22821.7,19485.9,20487,24461.2,24341.6,19410.3,21500.6,20449.5,23680.6,20162.7,21302.3,22316.7,22434.2,18306.7,22681.7,19767.4,20059.9,18526.7,23942.5,23334.8,18551.6,18407,23228.9,18196.6,19615.4,19163.6,18593.7,22819.3,19065.3,20361.2,18162.6,20085.8,17796.2,21442.2,22549.5,21703.8,23924,18026.3,21618,18046.2,21986.6,18076.2,22658.4,22971.5,21576.6,20951.5,20869.7,18478.1,24666.2,24424.5,19217.9,20836,20982.7,23232.4,23735.1,19851.7,20025.4,18165.7,20756.6,18260.2,22537.6,18195.9,18213.6,22067.2,21343.3,24446.4,23051,20281.3,18959.5,23571.9,19312.8,19709.5,22861.9,22112.3,20904.2,20393,23438.1,22506.1,21985.1,21487.7,19563.9,18486.9,19929.8,22048.8,23677.7,20370.4,18690.4,18269.6,22284,22429.3,20494.8,21272.2,22181.2,22852.3,22663.3,23002.7,23102.7,20984.2,21443.4,20743.1,19760.2,22212.5,21854.7,20779.1,18490.6,21456.8,19807.2,24474.6,23336.4,22499.6,24087.4,24613.9,20084.9,20360.8,23186.2,25336.2,19500.9,23570.2,20896.5,24878.5,23898.9,18918.2,20194.2,20921.5,19284.1,20773,20275.5,22684.7,22942.7,23145.7,26570.9,22874.1,22647.6,25827.1,24245.1,22807.8,25295.6,23330.6,22530.5,24493.7,22771.5,25685,22889.6,24597.1,23777.2,22861.5,21025.6,20337.2,25518.2,23946.8,25453.9,26137.6,22779.8,20027.2,25646,24341.8,25721,25649.3,19681.7,25561.3,21756.1,22670,20229.5,23905,25974.4,22137.4,21259.6,21490.6,22746.1,25997.8,25317.9,22415.6,25245.8,21852.2,25083.5,25161,28017.9,27427.2,33908.2
33968.3,32229,25616.4,26496.9,25088.7,24370.8,25548.8,21890.4,24720.4,18968.6,22140.7,18740,19536.1,21803.2,23327.9,22077,23247.2,19096.3,20772.2,23724.9,18482.9,20094.6,20721.6,23925.8,23936.6,20305.7,21610.2,20895.2,21110.8,23999.6,19390.7,20786.6,21003,18327.7,19103.4,20423.1,18746.1,20346.5,23656,23744.6,23759.2,17746.8,23102.4,21947.8,19105.5,20609.6,17439.9,21163.6,17426.1,18376.4,23511.2,20412.9,20615.7,18367.2,17377.7,23383.6,17725.4,23423.3,20207.8,20872.6,17368.6,21461.2,19367.7,22369.1,17725.3,23060.9,23606,21957.6,22579.2,18700.2,17342.4,21041.7,19977.8,23231.3,21032.5,23792,18985,21611.6,17629.7,20445.1,23909.7,18271.3,23091.1,20270,20760.1,23738.7,23779.4,19602.7,24143.7,22002.3,21216.2,23417.4,22225.2,18312.4,21489.1,23191.3,17859.2,23744.6,19830.1,21531.8,19339.6,20040.2,18699.8,19521.3,18144.4,19358.5,19402,22319.6,19502.7,17261,20758.2,20639.9,23847.8,20123.2,18318.4,17575.2,18026.6,22251.9,23002.5,18362.5,23039.7,18830.6,21053.9,22323.3,18310.6,24572.6,19306.4,18165.6,23170.1,23406.5,20740.8,21361.1,19880.4,24242.3,20290.8,21114.6,21398.7,21228.7,19218.6,21804.8,17553.9,17231.6,18086.5,17933.3,21804.2,18822,17586.3,17561.6,23894.8,19039.2,20634.9,20639,18320.1,20554.8,17093.8,19181.4,19687.3,21294.2,23898.9,20538.8,19132.8,19799.2,22618.7,19548.5,22093,21190.1,23402.4,23692.4,19207,20558.3,19459.5,25029.8,22403.1,20524.7,20458,25283.2,25310.7,19679.7,23911.9,19279.7,21319.7,22114.8,24756.4,21158,23371.9,25032.4,25368,23069.8,23150.6,23329.9,21414.1,24637.7,24077.1,23748.3,24637.7,25110,20332.1,23088.8,20907.1,19285.4,23360.1,19391.7,23122.1,19554,21183.8,22861.5,22441.1,19351.9,18383.6,22114.7,18907.4,20373.3,24386.2,20603,22731.8,19851.9,20686.5,22948.3,19248.4,19576,21857.9,24041.1,21577.8,24430.6,23896.1,23885.5,20080.2,18874.6,23761.2,18070.1,22460.2,23333.3,21658.9,20821.2,17996.8,19435.3,19409.3,19293.4,21564.1,20629.4,21043.7,21406,18512.9,21977.3,18382.9,20314.1,24283.8,18437.9,19123.9,23234.1,18488.5,18276.5,24380.9,19687.6,24211.8,19645.4,18294.3,17770.3,23549,19761,22285.1,23819.5,21535.1,23105.8,17574.4,19309.6,20454.9,23777.7,21187.1,18575,23367.7,19714,18191.7,22067.1,21949.4,22597.4,22686.8,23031.8,20485.9,19736.6,20132.1,20503.8,22520.8,22370.7,18431.4,18023.5,21508.5,23557.3,19413,23753.2,18087.2,17563,22961.1,20851.9,17632.1,18776,23016,22364.5,21986.8,20202.5,19326.2,18839.1,19038.7,20965.1,22852,18351.9,20947.9,21796.5,22835.2,23840.9,21549.6,24432.9,20325.1,21087.8,23042.4,24884.6,24376.5,21385,20738.7,20795.2,23747.6,23150.2,19691.3,24904,25298.2,21999.4,21196.8,21439.5,25111.4,24195.8,21008.8,21854.3,20233.9,20611.8,24660.2,24382.5,26219.5,24773.4,22800.7,22992.5,20386.4,24721.8,22628.5,22829.6,21681,20896.5,21184,22682.6,23691.7,23295.3,26074.2,20889.8,19598.5,20971.9,20082.2,20868.1,20022.6,20029.7,20084.1,20829.9,22116.9,22255.9,25742.5,21873.4,20707.1,24213.2,21480.5,19704.4,22686.9,20411.3,21734.3,19829.2,26033.4,25222.5,25189.7,24180.3,24421.4,21768.2,25263.9,21732.7,24792,27651.9,28235,36334.8
36746.5,30621.6,25842.2,25934.5,25703.3,20864.5,23291,21887.7,18787.3,20392.7,18540.9,19178.2,20655.8,23350.2,23592,21640.9,19545.4,21816.5,19008.9,21850.6,24080.4,23422.5,20179.3,20951.5,21023.6,19346.1,20328,21433.6,24233.9,23979.9,22907.1,21103.3,19932.9,24294.8,23476.8,20632.2,20578.2,21706.2,20716.3,23179.7,19169.4,21261.9,22671.1,23199.7,19130,23734.2,21266.6,19143.2,17644.6,20636.9,22944.5,18866.2,17885,20868.5,18526,18859.2,20828.5,18737.9,20683.1,17466.6,20935.6,20255.4,19246.2,21641.8,22444.1,19216,21030,18153.4,21392.4,19053.7,20495.1,20551.7,22438.9,20166.4,20499.2,23160,21201,17685.5,21949,19608.2,21765.7,19689.7,19632.3,22027.1,18493.7,19619.2,17841,21174.4,21321.6,21532.5,22609.9,23729.4,21138.3,21719.1,21297.2,20673.1,21982.4,17948.9,17434.2,18284.6,23813.5,18589,20110.1,21885.3,17648.3,22844.1,17859.4,23112.4,23400,19068.5,22174.4,22692.5,23113.9,19015.5,17324.9,18250,21002.7,22382.6,19575.2,23454.8,18065.1,18391.5,18214,23072.1,21894.2,21856.1,24496,20608,21624.1,19569.3,19847.6,23824.3,21741.7,19044.9,23226.8,23227.5,19100.9,17392.5,18923,18120.9,20254.3,22455.6,19647.3,18693.4,18534.4,19665.4,22557.8,23202.8,19629.7,22509.2,18666.8,22298.4,20035.7,23486.3,20253.8,20625.1,20359.7,18376.7,18839.7,22698.8,22747.4,22653.7,22668.2,20183.5,22354.1,20726,23434.6,24221.4,23747.5,24578.9,23810,21192.5,21748.8,20481.8,20049.5,21973.7,22085.7,20175,20227.8,19481.4,21388.2,24184.1,20379.3,21123.6,23851.5,20132.1,22288,21968.6,24888.4,19912.4,21971.6,20312.6,18996.4,19759.4,21088.6,20946.7,20406.7,19903,21411.2,21043.7,20930.9,23937.3,23067.1,25255.8,21639.8,18420.2,18779.6,20817.1,22357.2,22416.2,18963.4,20645.8,24033.9,24059.4,20886.3,22113.2,23819,24163.4,24790,22909.5,22833.2,23577.7,22840.8,19063.7,22595.3,23653.3,20608.1,23153.3,24256.1,18301.6,19333.6,20286.3,19330.2,20388.7,21582.2,18098.3,20234.8,21297.9,20596.3,20040.4,23085.4,20210.4,18559.3,17873.3,19936.9,24298.1,23887.6,18501.2,23758.4,21528,20017.9,19927.2,21399.7,22831.3,24051.6,23254.7,24417.1,23960.2,18699.8,21755.1,18300,23604.9,19243.7,22495.8,20309.7,18875.7,19529.9,24172.1,22226.8,22097.1,24549.6,23111.2,23982,22264.8,23073.7,20904.7,18148.3,20747,17529.4,22620.7,24049.1,21370.6,22015.2,19694.5,21179.3,17353.8,20832,22850.7,22562.9,17711.9,21829,23543.6,19135.5,19192.2,17877.7,23296,21920,17629.7,23715.2,22940.2,17795.2,18457.4,21644.5,21062.9,20650.6,23811.8,22376.7,22343.6,20269.1,18637,21993.1,24205.1,22811.1,20850.1,19409.4,22797.4,19442.4,24618,22540.2,20207.4,19130.1,22476.8,23909.4,22950.6,19299.2,25529.8,19829.6,23177.8,20682.6,21986.7,20770.9,24936.1,20174.8,21804.3,25412.9,24576.1,22410.2,23289.2,21363.4,26578.9,23233.4,26258.3,26334.1,21449.4,21834.9,22596.3,21185.7,25075.2,24817.2,23290.2,25710.5,21810.8,19507.5,24859.1,22359.7,19921.3,19480.2,22232.6,21169.7,25099.6,20238,25704.2,24653.6,20575.2,21319.2,22307.4,24709.4,23849.7,24658.4,24534.1,25803,22906,23450,26497.1,25862.3,20805,22756.5,25097.9,21301.4,23290.6,26288.3,27961.5,29631.4,32258.7
31892,33090.5,28638,25961,23992.5,22459.8,23733.3,23970,22002.3,23978.8,24688.3,24416.9,20788.8,24386.7,20112.9,22281.6,21835.4,24305.1,22526.2,23768.3,19726.6,19959.5,18672.1,23336.4,23597.7,19826.7,21097.3,21195.2,20885.6,20951.2,22177.6,22108.4,21082,20128.6,18862.5,20373.2,20221,22335.8,23831.5,21021.5,22327.2,20207.5,17748.1,17698.9,21912.6,23145.2,19161.9,22523.7,21453.8,22953.9,22492,21678.7,21009.1,22154.4,21146.3,18227.3,18297.4,21049.3,19619.3,23093.5,20018.2,19306.9,20992,19283.3,18218,18883.9,23322.9,22819.9,19562.5,22167.3,22426,19475.6,20328.1,23749.7,23603,17512.5,19359.1,19056.8,21074,22301.9,22742.6,19842.8,18867.1,21469.3,20462.1,17759.9,23041.3,21430.5,20497.4,23678,22561.2,20923.7,24006.5,23888.5,21056.1,22458,21304.6,19413.7,23089.1,22412.9,22790.7,17827,19172.4,18527.8,17465.5,22829.6,18677.4,20289.6,23420,19711.4,21289.7,17546.1,21651.9,18676.1,18150,22871.3,18817.5,23350,17710.8,23818.9,17683,24136.3,24488.3,19772.6,23669,18584.1,20113,24412.8,20745,20853.6,21558.7,19468.1,24428,23625.7,22115.4,20737.7,23842.2,19709.7,21247.3,22456,20500,20611.3,23492,20789,22428.9,20761.1,20275.7,19266.3,19300,23574.4,21012.2,19288.6,23626.3,23178.2,20315.5,21042.7,22795.1,19315.4,18369.2,20939.5,21511.4,24277.8,23369.6,22075.3,20534.4,21380.5,20310.2,21865.4,21073.9,25282.9,22436,22874.5,23675.8,22695.4,20408.3,20209.9,24278.7,24787.9,22603.7,22135.2,19804.8,22647.5,23007.7,22760.2,25557.3,25850.7,19778.1,22660.5,19713.8,24617.5,24156.7,21753,24051.5,25214.9,21962.8,25287.2,25486.4,23421.1,24131.6,24198.7,21003.6,22929.3,21050.9,21197.1,18678.1,20886.8,24801.8,23473.9,19843.4,21161.4,20429.1,24025.2,19121.3,18983.3,24789.9,22759.2,19340,19357,24234.8,5700.37,22884.4,22940.1,18944.7,22142.2,18822.7,21473.7,18940.4,19860.5,23320.3,20634.6,22004.4,20235.4,21630.4,18590.4,18357.5,18936.8,19239.6,22053.4,21344.3,23083.4,18501.3,23690.6,20678,23711.3,20043.9,19353.9,24543.7,24620.5,24125.2,21597.8,21718,22499.7,22898.5,21729.6,18533.4,18355.3,20002.6,20339.8,20189.1,20093.3,17803.2,22651.1,21936.6,20263.6,20999.2,21135.2,20927.6,21340.3,19367.7,24413.2,24605.1,22833.5,18258.8,23543.9,18038,21288.6,20296.8,23298.1,23034.3,21767.6,18198,19574.5,19959.1,17324.6,21922.3,20353.6,17579,22845.3,20285.8,18491.4,20331.5,17542.3,21970.6,23580.4,21510.4,18140.3,20010.5,23910.1,20313.1,23364.8,20520.8,17753.2,18748.7,18792.4,20831.8,21685.8,23528.5,23265,24220.8,22967.1,22655.9,19301.7,20928.5,24395.2,20722.3,24687.3,22768.8,21338.8,22323,21078.9,19686.6,21790.7,19699.3,23360.9,22241.4,25727.5,25807.9,22709.6,21922.3,25571.1,19251.4,25649.4,20961.7,24895.7,26034.4,24903.7,24067.1,26087.2,21269.6,25357.6,25755.9,25776.5,23164.7,26193.9,25545.5,26543.2,21485.3,21748.5,22288.7,23486.9,21187.5,25887.5,24471.7,24406,20266.6,23388.9,21138.3,22908,21443.2,26201.3,22416,20563.4,24017.8,19787,19361.8,19641.2,21562.1,20517.5,24183.6,23643.4,23945.6,23301.5,23106.5,21243,22846.5,23604.5,25236.2,24165.6,23009.8,21312.4,26191.8,29706.7,30171.5,37644.8
36482.7,28445.6,25620.5,22868.6,25720.3,24553.4,24845.8,24661.2,21568.3,24657.5,23685.6,21998.3,24452.3,21695.9,23689.1,19329.5,21562.4,18927.7,19186.3,19668.1,24097.1,23837.7,19039.5,20103.2,21989.4,18965.5,20174.3,20312.3,19028.8,18483,21203.6,23908.2,18156.7,18713.8,21183.8,19049.4,23355.5,18259.3,20560,23737.3,22788.1,20860.5,19155.7,18482.8,19429.9,20662.6,20457.2,18495.8,19969.9,22434.1,23043.6,18807.6,18639.6,21469.6,18934.6,21810,18777.1,20801.4,20210.7,20240.4,21708.2,20748.7,17775.5,17242.5,21316,18228.2,19977.3,17459.4,21964.9,22785.1,18397.9,22548.5,20762.3,22547.9,18636.6,20514.8,21300.6,18062.9,18061.8,19557.3,19740.3,17545.5,20495.9,17585,21839.2,20727.9,21377.6,24249.1,20671.1,23595.1,20907.8,22217.5,23740.6,17709.9,21629.8,19588.3,18648.4,18825.5,20103,18508.8,21894.5,20577.2,21242.9,17567,21583.5,22223.7,19360,23248.6,18096.3,20870.5,21807.4,19395.8,21921.8,18887.6,21482.6,22916.6,17762.1,19283.9,18935.6,21995.2,22581.7,22301.6,19950.7,22840.5,23551.9,23949.6,20370.9,22771,21273,24127.4,24030.3,19606.4,22377.6,23877.3,22345.8,19140.4,23106.3,20584.5,22701.6,18892.4,21036.1,21013.6,21992.3,18299.6,18139.7,20170.9,22509.7,18920.4,19472.7,20052.8,20903,19383.8,18661.7,23018.7,18698.5,21767.4,22942.7,19663.7,23991.1,18220,22271.1,20044.3,23051.3,18433.2,23697.3,22243.9,18778.1,22893.5,23359.3,23044.2,19544.1,23799.9,23675.3,24369.5,20449.7,21920.6,24938.2,24647.8,19508.4,22371.6,20747.2,23544.5,24147.8,23237.2,19577.4,24414.1,19953.2,25022.8,22863.8,23684.3,21004.7,23433.5,19917.5,19674.9,24040.1,22949.4,21566.7,24092.6,19911.3,18813,19196.2,21046.7,20418.6,24051.3,18729.2,19755.7,21706.5,22883,24624.2,20706.9,18906.4,24791.7,23615.6,20398.4,19346.9,24948.5,19872.5,19597.8,19600.9,20607.8,20178.9,18655.4,24506.4,18951.9,19581.8,21855.3,23850,22757.7,21703.1,18027.8,20342.4,21757.2,19546.9,23904.6,20437.5,18668.4,22158,18196.7,20626.4,23687.6,20002.9,23653.7,21843.2,20974.5,20935.4,18308.8,21488.5,20442.3,19365.1,20423.4,20469.5,20136.6,22532.7,21983.3,19393.7,22705.5,22321.2,23460.4,21740.2,22132.1,22361.8,18103.4,21642.4,19141.5,21286.9,23275.2,22568.6,18469.7,22322.1,22763.2,19435.2,18445.3,20232.3,19677.4,21666.2,20514.2,21559.6,20883.9,22394.7,22582.6,18492.4,21424.3,17431.4,17596.8,18586.7,20909.1,18964,23761.9,23493.5,21640.7,17917.4,22005.9,22569.8,22075.7,21698,21897.2,19842.7,23001.7,18657.2,19342.9,21984.8,23549.2,23497.8,24654.9,23268.1,22424.3,18844.4,21002.5,24032.4,20995.4,24417.7,24653.4,21830,20833.3,19003.4,20932,24341.5,24229.8,25471.3,23759.4,19694,20129.2,21341.7,22024.7,19927.2,21514.6,25020.2,21531,23198.4,20093.9,23750.6,21903.8,26289,25292.6,22798.7,24860.2,24253.8,25024.9,20857,23514.2,24406,26495,25138.9,21342.2,22718.7,21843.7,23297.4,22239,21642.5,26314.8,22039.6,22524,24710.7,25236,22295.7,21721.8,21589,24879.8,25461.9,23415.4,22158.1,21671.4,21898.4,22216,20703.6,20756.6,22435.8,24788.7,20244.9,20093.9,23119.2,24621.6,23163.7,25268.7,23274.5,24339.3,24900.7,23167.1,20307.3,24684.6,23289.8,24393.2,27734.1,31670.5
32554,29600,24703.8,26031.4,23172.7,23873.2,21492.6,23099.8,23733.1,19420.8,23734.1,20428.5,20166.9,24170.7,19933.1,22207.8,18462.9,20602.3,24626.4,21747.5,23787.6,18576.4,19352.2,21963,20285.2,23500.6,20121.3,21758.7,21478.1,18156.3,20563,21148.3,23721.4,22158.1,22267.3,23467.7,18638.1,20246.9,19688.2,21046,19038.2,21520,20983.9,20009.6,22447.6,20819.4,22398.5,22670.5,19503.4,22383.7,19684.1,18229.7,19511.8,20817.1,23329.1,20477.6,20988.4,18477.2,20076.4,22047,18942.1,18017.4,18477.7,22605.1,20701.8,22242,21611.3,18634.2,20131.1,23132.8,23123.9,19808.2,23882,23157.3,20207.2,18716.1,22324.6,18190.9,22183.1,19159.1,18034.3,23445.5,20731.4,18947.6,23709.2,23664.3,21572.1,18141.9,19953.3,23920.7,21764.4,22376.7,19923.9,20475.3,20252.2,24049.7,19838,18963.2,22188.7,20530.4,18405.6,23067.6,18024.9,21543.2,19580.6,17276.1,20572.6,21416.7,19248.1,23433.3,23827.5,20069.2,21632.6,21540.8,23210.4,19968,19525.1,21241,19308.7,23224.6,22820.8,18732,22196.6,23568.9,23156.1,24778.7,22903.6,23960,18682.1,22493.9,19920.3,24616,24738.8,23772.5,19201.6,22040.6,17950.2,23467.6,17086,22919.5,18364.5,22080.5,19231.8,21747.6,22425.7,20864.6,21325.2,20729.3,21552.5,17992.6,18529.4,20185.3,22552.7,17835,20906,17656,22144.1,20329.1,21089.9,21135.8,18607.1,23406,23283.5,20645.8,20449.2,24078.7,22204.1,20294.2,19563.3,20647.9,22279.6,23609.6,19933.1,19298.1,25429.5,25496,19354.6,20176.5,19283.4,23329.1,20664.1,23499.7,25703.3,20331.6,22838.3,19774.5,24521.4,25465,19714.2,23638.6,21413.3,20314.6,20150.9,19634.7,25139.1,24803.4,21068.2,24670.8,21799,21635.7,19486,21241.9,19507.4,22008.3,19197.1,18883.8,23481.7,23669.4,21151.5,20436.2,21420.8,22433.8,19010.1,22869.4,24081.8,21008,21437.8,22378.7,22242.4,20654.3,18345.2,20236.9,20939.3,21960.6,21949.6,21841.3,19020.4,18430.2,22150.7,18111.8,18367.4,23350.2,20516.2,18943.1,21460.9,20535.4,21167.2,23638.8,18864.2,20531.8,19451.3,24243.5,22928.5,22233.8,21525.8,21818.1,20546.9,23618.8,23823.8,22918.8,19070,20796.4,24458.3,18211.1,21010.9,20131.3,22930.1,19596.4,17927.9,19796.9,17898.2,21297.1,20879.7,21190.6,21514.5,19815.3,18921.7,21660,19989.9,19785.3,18516.5,21580.1,21199.6,20418.7,18416.8,17986.8,22435.3,23265.5,18645.7,19023.4,21042.5,18747.5,20784.1,17216.6,21159.9,20978.3,19213.8,20809.7,22411.4,17876.9,23790.8,19041.8,18861.4,22555,18549.6,19427.7,19795.9,19829.4,22498.8,18870.3,22527.4,22431.9,18539.4,21106.3,20928.5,19446.6,21008.7,24226.2,24452.4,20463.7,19652.2,21365.7,20202,21219.3,22922.7,20697.8,23619.2,19883.6,22155.5,24116.6,20769.5,19597.3,19855.9,24395.4,23947.9,20858.6,22077.2,23884,20284.3,21621.3,22192.7,26150.8,23006.3,21982.3,23733.6,23297.5,20522.3,26771.2,26645.2,20904.6,25053.3,25396.6,22296.2,23958.1,23734.8,20600.3,25921.8,25860.9,26289.6,21948.3,21995.8,23732.8,22156.9,20577.7,23828,22156.3,21182.7,25571.9,19975.6,20102.8,21863.2,19959.6,20867,19460,21670.5,24120.5,23982.7,26174.9,20764.2,26370.4,20439.1,22786.7,24610.7,22909.8,21244.2,21246.9,21100.1,21878.4,26030.5,21953.2,22425.4,30170.6,32894.7,34295.7
34926.4,27445.6,29906.1,24448,23291.9,20924.5,25555.9,21874.7,18694.8,23220.6,21160.4,21269.9,20502.3,20480.3,23612.7,18168.9,23135.8,22846.7,20435.1,18440.9,23844.6,18414.7,23300.2,19489.1,21557.5,22171.4,18990.6,20250.5,20387.8,19819.1,19182.3,24212,20410.6,20156.8,19240.9,18052.3,18423.4,21315.4,21308.1,22568.9,21903,19605.5,19285.5,18890,20956.5,19313.2,23753.4,19554.5,18285.6,18145.9,21282.1,20122.6,22408,21818.1,22192.1,17858.3,17439,22747.9,22100.9,21758.3,19649.6,22323.7,20223.1,18122.1,21142.6,20462,22388.6,21065.6,19735,18033.1,22329.1,17598.3,19747.6,22404.6,20652.3,18590.6,21723.6,18062.6,24057.7,23352,24025.6,18611.1,22753.1,21872.4,21187.1,19395.8,22437.9,18118.5,23513.7,20441,18101.9,18899.5,22013.4,17788,22571.4,23877.2,20611.1,23573.6,22175.4,23880.4,23813.5,22703.6,17262,20787.2,23861.6,17835.6,19905.7,22658.9,20535,20097.9,22764.3,23399,19233.9,17576.6,19658,21230.3,21254.3,21026,20605,20179.4,18032.8,21031.2,20398.4,21722.5,18136.4,22332.3,23191.8,19084.5,22895.5,20826.6,19982.5,21347.3,18526.8,21648,20617.6,20487.1,24000.9,17385.5,20363.6,17173.1,22763.5,17534.1,21675.9,23100.4,22806.9,17861.6,22226.8,23584.7,20736.5,21950.2,23185.3,18804.2,23697.2,22612.2,19014.7,21936.7,18246.7,18642.9,24045.8,20851.2,20979.8,22698.6,18930.6,22936,21991.4,18678.9,18396.3,22098.4,25269.3,22945.7,20298,25430.2,19423,20980.1,20305.7,22229.9,22159.7,22193.8,23154.1,24415,20649.3,23826.6,20965.6,19835.1,24389.1,22879.9,25203.2,24882.9,21445.4,23542.4,19732.9,24931.6,25482.1,24841.4,21701.8,23982.6,23765,21179.9,22806.8,20424,19122.3,24302.9,22428,21417.6,20135.1,21234,21583.2,24783.1,22421.6,19826.7,21747.3,18887.9,20749.5,22423.3,22260.2,23805.4,19461.7,21778.2,22926.3,22312.5,20397.8,22734.3,24031,21945.3,21941.1,23999,20014.5,19093.9,20914.2,22814.6,23237.9,22986.5,21895.1,21475.8,18615.5,20378.7,22408,17968,23926.6,19281.8,23420.5,23047.1,19025.5,18300.2,19211.3,21793.5,21854.4,22656.2,19888,23540.9,20907.6,23403.1,21818.4,23858.1,21521.6,18993.9,22253.6,23392.6,23074.2,20595.3,18290.9,23941.4,23830,19983,17543.8,23021.5,21759.9,19603.3,21451.3,22826.7,24683.8,21692.4,22822.9,19725.1,20610.7,17868.5,20882.3,18204,19558.5,23030.9,22143.8,19868.9,23023.8,21564.8,19036.9,20065.5,19743,18189.9,22178.5,21850.2,20612.2,23567.2,21861.2,19408.9,18952.3,22249,19064.9,22400.2,17956,20447.7,23052.8,19497.2,19161.1,24041.7,22150.4,23246,22591.3,20795.5,17969.9,23505.3,18689.2,23588.2,21191.8,24502,20148.8,19314.7,21260.4,21347.7,24277.5,19557.1,19886.3,19580.3,25487.9,24427.7,20841.3,25635.3,24810.7,20428.7,20345.7,23120.8,25842.6,25769.5,23393.5,20699.9,24399,26268,21902.9,24542.7,25247.1,23975.6,23650.2,21059.9,25141.1,20736,21542.9,21377.1,25941.2,22001.9,26349.1,23248.1,21200.8,19614,22579.6,19764.4,21863.2,23162.4,23185.3,25699.1,21879.6,24327.4,20523,20124.3,25660.3,21727,20672.5,20642.8,20829.8,19762,25148.2,23127,25872.4,21254.8,22253.8,26314.5,25945.9,23504,24505.5,26361.7,25266.3,21363.9,24910.7,27269.8,32037,36748.6
34066.5,27365,23710.6,25451.5,25643.1,23469.6,22326.2,20422.6,21352.2,22740.7,20862.7,23273.8,20984.7,23137.1,23649.7,18216.1,23596.5,19975.4,22859.2,20515.6,23350.8,22846.8,20171.6,18325.8,23704.9,23543.5,23596,21950.6,22390.3,19362.3,19093,20600.2,21042.1,22657,23783.5,23048.2,22308.2,22757.5,18913.5,23273.3,19301,19690.7,17774.4,21915.9,18903.4,21413.1,19051,22645.1,18860.6,19334.3,18626.4,21662.5,19186,21222.4,23282.9,23389.5,22788.3,18063.5,22000.8,17083.6,23485.9,21344.4,22409.1,21373,20413.8,19777.4,17353.1,17189.1,18385.5,21885.1,19182,22352.7,23231.6,22924.2,19476.1,19111.8,20593.4,20748.7,24166.8,19776.9,19380.5,21617.6,24061.5,22748.4,23219.6,22873.2,21491.4,19702.1,20354.7,22027.6,23460,19835.2,22911.4,23342.6,20416.5,19021,22687.7,18784,18930.1,17610,17882.7,22555.2,18217.3,17877.9,19556.6,17193.1,19833.9,22352.2,23660.7,18781.1,17893.3,23632.8,19534.5,22091.6,19942.5,23124.9,21232.8,19956.6,21841.9,21872.6,17731.1,18587.5,22306,23558.6,21283.9,24623,23242.3,22568.8,23260.1,24928.3,21025.6,23942,24257.6,21031,23108.6,21595.5,23941.2,17190.1,17392.6,18893.9,18385.1,22973.5,21720.1,20222.3,18852.4,20457,20662,19463.3,23720.4,19002.2,20634.9,22852.7,19196.2,23254.1,20164.1,18984.4,19776.4,19227.1,23244.4,23227.1,22535.5,24650.6,20602.2,18310.6,21410.2,24377.1,23662.9,24906.4,19484.4,20563,20458.6,19484.8,24079.9,19104.1,21043,25059,21915.9,20989,24970.2,23439.3,21280.3,22735.4,19671.5,19563.8,23516.3,25820.5,25162.8,21197.6,23793.1,25560.6,19789.5,23498.6,22852.7,25322,24003.8,24639.8,23161.2,24487.4,20706.8,24138.5,20130.4,23106.7,24199.8,22750,25235.8,23314.7,19062.5,23210.6,19519.3,19137.5,19739.7,23451.2,20354.8,21037.7,24343.3,21900.5,22505.6,22020,20001,22883,20951.2,20072.1,18545.2,18494.4,18848.2,24521.7,19722.8,22427.4,23403.1,20302.4,20228.2,21531.1,21801.2,20623.2,20202.3,21602.7,22736.5,23442.7,19313.6,19767.6,18017.7,17922.2,20299.1,23331.6,23229.4,24042.4,24184.1,19058.4,23564.6,18754.7,21307.2,19399.9,19554.9,23353.7,19662.4,22215.3,21164.4,20600.5,23736.9,18215.7,18192.8,18346.2,19139.6,21154.7,22104.6,22384.8,18369.9,24044.8,19357.6,18588.2,24084.5,23857.4,21905.3,22965.2,18791.9,21839.6,24061.8,23248.4,22165.2,20613.5,17630.4,20605.4,23503.3,23052.2,20138.1,20487.4,19780.1,20676.4,19455.5,17782.6,18943.9,21682.9,20457.4,23115,18853.6,17532.9,22292.1,18050.8,21012.5,20743.5,21465.2,18125.9,19378.9,20870.2,22577.1,20087.6,22799.2,22813.6,18070.8,20964.5,23123.4,20799,22941.9,18692.2,24271.9,19380.1,24914,22340.9,25312.1,24988.6,19443.2,20965.4,21551.2,20755.2,21418.4,21178.8,19848,22196.2,25507.6,24245.4,20688.6,20456,25019.6,22949.2,22151.2,25952.8,21051.5,25058.1,24829.9,26148.9,26200.6,23230.4,22179.8,20762.5,26679.1,26986.4,20827.6,24965.6,23824.7,22862.9,20598.9,24594,21301.8,24448.7,22931.4,21618.1,21564.6,23138.1,23059.6,20982.9,23195.5,24500.7,26140.5,21351.2,21321.4,21476.5,22708.3,24234.1,21113.9,22258.5,26155.7,26145.3,20747.8,21707.2,26263.5,20178.5,26419.6,26682.8,23311.3,23889.9,26173,25251.5,32822,35596.7
35237.8,27509.4,24894.2,22217.5,25721.9,22806.1,19555.5,24384.4,21148.9,23812.4,18972.4,19938.6,23476.6,24628.4,24497.8,20102.1,22803.9,20008.4,21912.2,24687,24226.1,22385.9,20419.7,19831.3,21775.3,20055.9,18475.7,23179.7,18701.2,18227.4,20922.5,18289.1,22269.2,19263.3,20029.8,22490.4,20992.5,20163,18845.9,22317.5,22875.8,18896.5,18357.5,19211.8,19047.1,22452.2,22406,18915.1,23344.3,20635.3,22449.7,19312.9,17454,19768.7,19546.4,22639.5,19036.3,21363.7,21044.6,19529.7,18230.7,23160.9,20771.7,22501.7,20066.2,20990,18189.8,19890.8,21985,23433.3,21525.2,21487.7,19507.9,21245.2,24186.6,21223,20594.8,20886.2,22943.9,22108.8,18191.6,22029.8,23568.8,21636.2,19939.8,21033,22111.6,18941.2,18152.1,21870.4,22806.1,21825.5,19936.7,18776.3,22839.5,21142.4,17564.5,17567.2,19172.2,18500.9,23061.3,20475.3,22753.6,22553.1,21165.5,18270.1,18992,22507.3,23599.1,17760.7,19130,22523.3,23914.2,20376.3,20140.2,17408.2,18620.3,22811.4,22306.1,19051.4,22741.2,21710.7,19133.6,23138.7,22862.3,22932,18647.3,22295.1,18876.1,18477.8,18764,19204.5,22628.5,23954.8,21195.8,22252.7,23775.9,23099.2,21269.1,22124.8,21324.1,20017.4,17734.5,20628.1,21329.6,19611.2,22949.9,18319,17847.4,21943.3,23851.9,19057.6,22611.2,23531.4,18210.5,21743.8,20207.9,21421.9,23800.5,22747.2,23926.3,20417.4,22006.6,23392,24545,18804.5,19249,20481.4,21356.8,22867.2,22192.5,22940.3,25436,21842.8,21552.4,19956.4,20342,21897.3,22146.4,20103.1,22783.5,24014.1,22836.3,22914.7,23625.4,20690.5,22348.4,23673.5,21029.6,24006.9,23324.4,24059,23650.6,25100.8,19853.9,23593.9,24977.1,21270,22577.8,19235.2,21833.1,24830.5,20949.5,18954.4,19719.6,24439.6,19128.9,22483.6,23408.8,20724,23768.7,22173.8,24752.3,24614.6,23631,23983.9,19600.3,20265.5,23854.2,19187.5,24107.6,20740.1,24810.9,21978.9,24856.1,22968.3,23911.9,21764.7,24398.3,21706.7,20056.8,18913.2,18213,23025.9,21367.6,19190,23687.9,20255.2,21349.2,23321.8,23609,24470.5,20911.8,19130,18626.2,24628.1,19811,22117.8,19933.9,24076.2,23185.9,21744.3,22852.2,21376.9,18263,20029.5,18725.6,17912.8,17687.9,22340.4,21681.3,19707.2,21107.6,23390.7,22327.8,23424.7,20935,22175.7,22850.5,20883.7,23203.7,21919.6,19696.7,24155.2,21476.8,20899,21550.2,23187.2,18651.1,18646.5,19092.5,17878.6,18908.7,20767.7,17835.4,19341.2,22160.3,23028.6,20630.4,18445.1,21073.4,22041.3,21306.3,18071.3,18171.1,22535.4,24082.8,23822.2,17671,18316.2,22710.5,21020,21834.7,19156.7,21071.2,22674,23466.8,18513.7,21946.1,20699.1,23321.8,23381.5,21638.4,20254.4,24741.9,25468,22196.8,20592.4,22774.9,23028.6,22375.4,22368.7,22192.2,23310.9,24840.7,23272.4,20682.4,21228.5,24518,25367.2,24641.9,23675,26232.9,23725.5,22161.7,22377.8,21429.5,22944.8,26246.7,25025.2,23862.3,25227.6,24918.9,25066.2,26693.7,21984.4,25187.4,24706.5,25735.3,24295.3,20762.7,20339.2,20004.4,25070.1,20187.1,20762.5,19661.3,25011.2,22697.4,21875.7,25820.9,20485.9,25911.7,23390.3,23508.2,20816,24532.5,23681.2,26419.8,21212.3,26249.1,24075.6,22895,25751.5,25302.3,22587,21464.7,26541.8,20688.9,21986.8,21712.6,25518.8,28008,32494.7
36647.9,31724.7,25847.3,21910.3,26224.8,20666.3,20987.9,19113.1,19026.2,22610.2,18312.6,19628,24490.3,18410.8,20459.7,19312,21663.8,18667.3,22885.5,19836.2,22645.1,22855.6,18299.1,21200.2,22588.6,19796.6,18233.7,20153.2,20017.5,18607,21190.5,21498.6,22215.6,20415.7,21261,21417.7,24137.5,18233,23219.9,18774.7,18878.5,21839.3,22265.7,19854,19757.4,20393.7,17997.6,21842.7,20494.8,23261.8,20637,19326.5,21969,21106.4,23920.9,21129.6,20594.4,17241,21955,18408.4,22774.7,21804.8,20676.2,18783.8,23177.5,20574.5,21133.6,21675.2,19948.5,22297.2,17583.6,22999.5,20900.9,21908.7,18158.7,22958.8,18058,18701.8,19425.3,24308.3,23017.7,22627.6,18739.1,22879.1,19189.5,19369.3,18271.2,21298.9,18398.4,19135.4,19381.7,17712,18982.4,21187.1,19706.8,19169.9,19711.7,21290.2,20504.1,20314.3,18955.3,19143.1,19997.9,19209.3,21031.8,18735.7,23086.8,19615.9,21195.6,20581,18857.3,19995.9,18342.6,18210.8,18658.9,18228.7,23461.4,17742.6,19296.4,17559.8,21264.9,20884.8,22017.5,23575,23770.4,23840,18496.5,19932.4,19811.3,22761.4,19310.8,18621.6,21639.9,18950.9,23766,20223.3,21943.6,20272.4,18972.1,22239.6,23088.8,20389.7,21178.6,22356.9,19717.9,22398.2,21443,23354.1,21693,20336.2,23142.4,22960.5,20365.5,23328.1,15964.2,21839.7,22064.3,22744.8,19592.6,21663.6,18685,18381.4,24276,20469.1,24242.7,22365.8,23171.4,21727.1,21011.8,19487.5,23169,19466.8,20861.2,19324,21453.6,21475.9,23738.5,22741.2,24013.6,22388.8,24604.4,24440.2,21011.8,22909.7,23441.9,19693.9,24936.6,21783,25378.8,20093.4,25559.2,19884.1,8750.93,24772.7,22604.1,19554,19385.6,21437.2,23423.8,22452.7,20896.3,19706.1,22852.5,24004.2,22891.4,21899.7,20671.5,24083,19655.3,24987.6,19417.2,22651.8,21750.1,19753.2,21548.1,24594.9,20513.2,21171.5,21167.2,20245,22113.4,23296.4,22194.4,22251,20250.3,20392,21921.5,23091,19406.4,22855.2,23423.7,19223.8,19020.9,18795.3,23854,19897.9,18697,20195.2,23471.2,19159.8,24243.9,23069.5,19237.1,20372.2,23398.8,21325.4,24555.3,22391.4,21079.1,19854.1,22311.8,21981.9,19155,20479.5,21094.9,21359.5,20361.9,20441,20290.5,20949.3,22735.4,20520.8,18543,23746.9,17555.8,21139.1,20432.1,21922.1,18071,22212,24241,19940.9,20449.9,20882.8,20595.1,23300.4,23937.4,18662,17426.3,23054.9,19993.2,19400.2,19998.4,20939.7,21563.8,20190.1,23075.5,21306.3,22880.7,17857,19596.6,20057.8,18073.3,22147.7,21507.6,21542.5,20559.8,19621.2,18204,19533,21018.7,23668.8,24365.9,19489.5,19476,23824.9,18795.2,24324.7,21257.7,23258.5,23775,21444.7,23561.9,19486.6,18582.1,20233.5,23024.7,24423.6,25445,21377.9,24826.1,20981.5,19318,25976.1,21896,23999.9,22833.5,26249.4,19800.2,21643.4,21851.9,23936.8,22827.3,21540.2,22714.4,20580.6,25893.4,23908.2,20316.4,23297.1,25945.1,25762.6,23849.4,24863.9,20344.8,23839.5,24331.5,25148.3,24793,24724.6,20052.4,19856.2,25670.8,19580.9,24409.8,20296.8,23298.1,22827.5,22563.5,21164.7,20725.2,23191.7,23697.7,21772.2,21643.1,22060.8,22201.5,23537,20511.4,26450.6,22165.9,25415.4,23679.9,22481,25313.1,23531,22161.2,21461.1,24609,24360.7,21803.8,30072.2,32223.9,32710.2
31443.8,31822.4,27915.3,24680.6,25133.8,21417.3,24479.3,22466.4,22333.4,23860.9,23824.7,23577.3,20194.1,18916.5,20940.5,19198.4,23109.4,20635.7,19119,19951.4,22284.6,22088,18164.3,23072.9,19893.8,23278.5,23995.5,23875.4,22392.4,23345.4,19890,23468.8,22087.2,18051.6,22663.3,23181.1,23973.2,23192.9,22105.3,17575.1,20524.9,22844.1,21239.5,20439.4,17670.8,19205.9,23690.5,21123.8,20191.5,22207.8,21890,21908.1,19471.6,19233.4,23584.7,18333.1,23537.2,22610.3,17306.2,21493.2,22383.2,23278.5,23149.2,19852.5,19003.8,20407.4,22405.3,19623.9,19664.2,22081.8,22512.9,22173.5,21293.1,23155.2,23159.9,21253.6,22527.7,21512.7,22063.1,23918.4,22388.7,19514.4,22194.8,18875.4,18197.1,19546.2,18913.1,24121.6,18666.6,22055.8,18813.6,19996.9,23628.2,20175.4,18328.6,23304.2,20462.3,23548.8,19793.6,22840.4,24055.1,23597.2,22235.3,23955,23436.3,17452.4,17685.5,23259.8,21425.8,18458,18348.5,20827.5,19265.9,19241.4,17960,18295.7,17498,18109.5,23271.8,19616.7,17925,23872.6,20352.2,18834.9,22734.2,23275.1,18570.2,20876.7,23413.9,18552,20631.5,19420.4,23754.6,24718.1,23212.6,19426.7,21345.1,17828.6,19617.1,19641.9,17860.4,22513.5,22114,22509.8,19714.7,22037.3,23808.4,17569.3,19618.7,21913.5,23468.2,22723.1,21934.2,19882,16432.6,21174.5,23980.1,18897.5,21779.2,24327.3,21582.6,19312.4,20703.8,22210.2,18389.5,24666,22982.5,24031.6,25507.7,19494.9,20325.2,25736.3,24270.9,23739.9,19549.5,20402.2,25179,21013.1,20676.2,22818.5,19763.9,24152.8,20938.5,24754.2,19941.3,25631.4,19849.3,21945.6,25337,22722.5,23934.1,24197.7,20947.9,23744.9,21137.4,24406.4,25002.8,20135.9,21493.1,19205.8,19882.3,23620.1,22479.2,20857.1,20633.3,19300.7,25070.5,24516,24297,20613.5,22407.2,24305,21384.5,19200.2,19157.5,19376.6,23109,19376.9,21564.1,23216.3,19203.4,19576.7,23589,21131,21694.5,20495.9,21882,20639.8,23455.3,21635.2,19976.6,19329.8,20018.7,20635.9,22995.8,19026.7,20532.8,22337.8,22671.3,19312.8,20931.5,22069.3,18519.3,23151.8,20711.2,24312.2,24015.1,23785.3,23355.4,23694.9,19440.2,20458.7,21130.1,20434.1,18470.9,18007.4,22059.9,19822.8,22378.8,23488.2,21482.6,22598.5,20427.6,22375.8,22323,19325,20881.5,20463,18355.5,19305.5,18449.7,23553.4,22842.7,19264.9,21035.5,18528.9,23155.7,18312.9,20785,22682.2,21548.4,21720,19039.1,18107.9,18616.6,20634.8,22820.3,22423.1,22805.1,20470.3,23253.5,23272.4,18412.4,19505.6,18559.6,23113.3,18632.3,24208.2,21880.8,18634.4,19694.9,20893.2,18468.2,20318.4,20811.7,20878.7,19592.9,22206.8,23828.2,21057,20599.3,19234.6,23130.4,19135.3,23495,20180.4,23816.4,21540.5,23083.7,20877.7,25238.4,21845.8,19927.7,25794.8,20747.4,24810,22622.1,21606.7,25799.4,24040.2,21584.4,24258.4,24400.6,21154.4,23694.5,24772.3,23767.3,25525.8,26075.5,21828.4,26452.1,22823.3,24830.4,24858.3,22794.1,20817.7,25102.6,25769,22419.9,23537.1,25638.9,19879.9,22641.5,22381,22209.9,21309.6,24779.3,25879.8,25467.8,21383.5,20919.7,24117.1,25785.2,19557.6,21614.7,21177.3,20765.1,22660.3,19817.3,20009.6,26031.9,26526.4,24591.2,23981.7,22581.5,23711,24805,24735.3,24594.9,25558.4,22338.1,29794.3,28413.3,34188.9
35269.6,31934.5,24344.5,27033.3,23480.5,24135.7,23844,24099.9,24359.7,23718.5,22418.5,21724.3,19727.9,20889,23384.9,24429.2,24255.9,22611.7,20725.1,21218.3,20245.8,20384.2,23264.9,20835.6,19158.3,17876.9,20750.9,21812,19080.1,21381.5,23977,20697.3,19724.4,21644.3,20171.1,18085.1,22891.2,22399.2,23029.5,18300.6,21993.7,17227.4,20971.2,19007.6,17688.7,22598.3,18573.6,17604,22080.6,22878.2,19812.1,22076.7,18486.8,23221.6,18429.8,20985,18903.2,22716,19564.5,21351.2,21093.4,22922.1,23349.1,18398,20909.7,21561.6,18188.5,22559.2,19755,21458.9,20216.4,18560.1,22525.4,18447,20440,23299.3,19799.2,20070.3,20324.2,21304.9,21281.1,23260.9,17917.7,22368.3,19537.4,24243.3,22698.9,24166,23025.3,18126.4,19354.5,23812.1,23899.1,20340.5,19595.7,22336.4,19045.2,23573.4,20411.2,20167,21524.9,20399.2,17757,19832.8,22161.9,18917.5,23339.3,22963.1,17799.9,23051,23568,23717.5,18589.2,19733.2,17710.8,22827.8,17702.6,18527.7,17815.2,18085.3,22322.9,20670.4,21251.9,23515,21500.7,21501,24194,22355.6,19754.4,19743.4,20637.1,21459.7,22656.2,20370.7,22279.5,21468.3,20811,21999.1,19236.3,21658.5,19536.4,20458.3,19561,18518.6,17731.5,17727.2,20496.2,19174.9,21487.3,22863.1,23551.2,22918.1,21925.1,23734.1,18330.8,23302.8,24105.5,22847.6,23159.8,24167.3,24066.8,19683,18270.9,22458.6,19449.4,21336.8,22280.8,22613.5,21567.9,20468.5,24114.7,24310.3,19505.8,24014,23728.9,21182.3,23003.9,22599.9,19311.1,24083.8,21795.5,25922.8,21819.8,19813.4,22207.9,23979.9,20596.7,24290.2,23511.9,21282.3,25257.2,21513.1,19750.4,22416.9,22503.4,22683.8,22642.1,21783.7,22265.1,20570.5,25128.8,24908.3,18850.5,25075.4,21481.9,23016.4,24392.7,19365.3,24183.5,20257.4,22807.5,25087.9,20924.1,22844.7,24753.1,21766.2,23241.4,19695.1,23111.8,21061.3,24941.3,23637.3,24290.5,24718,22851.2,18825.6,25089.9,24350.9,24082.6,18408.9,20439.6,20907.1,19519.8,22529.6,19808.4,19011.7,21971.1,20693,18887.1,22883.8,23505.4,21729,20200.9,20038.4,22617.2,18632.2,19577.2,19058.1,24393.9,20458.3,20109.4,23486.2,19218.1,24062.7,19821.6,21876.2,23720.4,23070,22982.9,21191.5,22024,18064.7,22301.6,19488.7,18995.9,18743.5,20088.9,19476.5,23063.7,19093.1,19775.7,20288.1,21571.9,22198.4,22176.1,23716.1,22588.2,20876.4,22754.4,19635,18451.1,19147.7,20337.7,19945.1,23388.6,17394.8,20103.5,22832.7,17652.9,17377.3,23562,18054.8,21180.2,21956.1,22447.2,23443.2,21668.3,20278.6,19753.4,24195.7,20982.9,23608.8,23358.5,22252.5,21349.4,20603.8,19584.6,18382.7,20925.4,18207.4,18446.7,21281.1,23030.3,19161.8,21334.1,21491.9,24582.9,20709.5,21867.5,22200.8,21727.7,20638.4,25039,21903.8,25733,23511.3,22266.8,21069.1,20623.4,22291.8,24057.5,20854.9,22345,25689.1,25390.3,25195.5,24779.4,23678.1,21374.5,26365.9,26325.5,25367.5,21197.9,21207.1,22582.6,24830.5,25046.4,25156.6,21901.9,19769.6,20988.5,24877.1,20299.8,20727.1,20295.2,22852.1,21849.1,21428.4,22093.9,21531.4,20727.3,21553.5,25264.4,19568,23726.2,22658.2,25573,22232.4,20904.6,22035.7,23479.1,20952.8,19698.5,23725.6,19819.1,26679.3,22586.4,23837.6,23255.8,21005,25981.5,29887.8,30573.8,33456.5
35604.5,31710.7,26277.7,21908.9,21438.4,22494.8,22686.5,20367.5,18957.3,22487,19801.5,23842.5,22102.1,23282.8,19699.8,22583.9,23981.9,22516.5,21453.7,24164.7,24398.2,21326.2,23367.6,22413.3,18951.5,22099.7,18161.4,23025.1,23602.3,21302.4,21756.2,23660.3,20941,23636.3,20625.3,22730.8,23285.1,23487.8,19380,19573.1,22885,23596,20718.9,21089.1,22320.9,20401.9,22817.6,18338.2,22020.7,22669.7,21877.1,22851.7,23796.1,22312.2,17905,23018,22931.5,19354.1,17733.8,23319.8,17923.4,19160,21194.8,18007.1,19956.3,20536.7,21687.5,20400,19901.2,22192.8,18304.9,17832.7,22136.4,20372.4,20076.5,23297.7,19129.3,19724.1,23582.9,20531.4,21957.7,22487.2,22155.4,17695.9,18037.3,18878.7,22303.8,20413.5,24207.4,20011.9,22901.8,22288.5,20903.5,18132.6,17965.2,21556.6,18997.2,23632.9,18340.7,23924.5,22279.4,19050.2,22698.2,22570.9,22882.8,22380,20667.8,17922.6,17462.6,21934.7,24011.4,23607.3,18779.6,22340.4,17227.9,22779.3,22373.4,21671.4,22397.7,17730.6,17712.8,17619.2,19642.4,22471.1,21512.1,21809.3,20576.6,20811.3,22495.4,23217,21083.4,24661.5,24943,24822.3,22728.5,20910.8,18819.7,18154.9,20937.4,22506.4,21190.3,21241.5,21975.7,17691.7,18889.4,23095.5,21118.1,20680.7,18979.7,21185.2,22327.9,21478.2,19520.5,17522.5,20548.4,18285.7,19626.5,20230.6,21971.7,23232.1,20786.7,24182.8,18702.5,22766.8,19623.7,21414.9,22800.1,21784.5,19474.8,22832.9,22799.7,22071,21386.5,22478.3,23207,24760.5,19345.5,23476.4,25383.3,23445.2,23424.8,22865.5,22788.1,20115.9,25042.7,23418.7,23690.8,22183.1,22287.5,26105.6,21365.8,23740.2,20958.2,24685.3,21972.7,21207,19969.7,20764.3,22503.7,25295.7,22131.4,22194.9,23489.5,21336.1,21085.2,21190.3,24912.3,23062.8,20992.6,20056.8,22578.2,20431.4,22853,21192.5,23637.9,20777.3,19871.4,21279,18586.9,22200.6,21151.2,23354.4,24496.7,23646.2,25012.5,20211.1,21477.1,19581.8,19949,19234.4,22691.8,18700.7,18421.7,20867.1,24624.6,23637.6,24518.7,23957.6,24564.6,20767,20357.8,23019.6,23450.1,19600.8,23945.8,22133.2,20594.3,24056.8,23771.4,24942.1,18441.7,22156.4,23838.2,24804,19909,22924.8,18788.2,23071.5,20856.2,22215.7,18668.7,19855.8,22883.1,18379.6,17372.6,21987.4,23635.7,22388.4,23351.2,20502.3,20720.1,18222.4,21868.4,22382,19800.2,18549.4,21593.1,21521.3,21957.9,17669.2,19389.9,24119.8,23564.4,19761.5,22950.5,19988.9,22825.1,21251.9,19205,18656,23079.6,23535.6,20260.3,20058,20794,18406.1,23973,18065.3,20091.5,19217.1,18353.2,22732.9,21837.4,23125.2,22725.7,18795.5,22027.1,18217.4,18224.5,18935,23367.4,19963.1,18838.1,24614.7,18799.8,22121.2,19949.8,20649.3,25414.4,20860.2,20155.1,25971.6,19709.8,21234.6,22484.5,21083.4,19704.2,20377.7,20682.8,24523.1,23672.1,21016.1,23716.4,26598.9,25067,24198.7,25323.8,20331,21562.8,22415.5,22218.5,19955,26455.9,21679.4,24379.1,24945.5,24330,21135.1,25910,22212.1,21222.3,20195.6,22926.9,22502.9,23846.1,23532.7,20826.2,20032.5,19898.8,22049.3,19750.1,23944.6,21347.5,23172,19959.9,25123,23976.9,23253.8,20446.2,24728.2,22728.3,21250.9,22885.2,22306.8,21113.4,22240.8,23397.1,25035,23068.7,21653.9,24108.9,30146.4,26879.7,31970.7
32669.9,32526.9,28175.9,25577.9,26764.6,20964.5,20851,19018,19699.2,20344.3,23684.2,24517.1,18947.7,24626.2,23415.1,21246,23200,20804.3,19746.8,23017.6,21149.3,20505.7,21228.6,20239.1,18079,21241.9,19499.9,18868,18442.2,24183.4,22140.2,20333.3,19317.1,22986.8,22915.6,23668,23831.5,17887.1,23468.5,19611.6,21104.4,23052.7,21024.6,23528.3,20667.1,19865.3,19260,20737.6,22784,18090,18183.8,22709.3,22386.7,19157.7,20329.8,17250.3,18692.2,18716.8,18033.4,23372.1,18116.2,21663.5,21944.8,21799.1,19614.8,17288,22918.4,22509.7,19935,20156.6,23777.1,18039.2,20556.2,22323.4,17777.5,19694.9,18440.9,22636.5,20134.5,18610,21280.1,18753.1,18166.4,23348.8,18315.4,18492.6,18549.5,19293.5,20861.6,24450.7,22328.1,24074.4,21781.9,18374.8,18880.1,22022.2,24072.3,22080.9,21309.1,23543.4,22341.5,20928.9,21321,19377.4,21576.5,17276.3,20577.5,18041.7,23117.4,22549,19308.4,22705.4,19778.3,21909.4,21796.9,19917.9,22788.6,22968.2,21178,17813.9,23685.7,23455.4,21789,23976.5,20559.5,24238.1,24585.1,19819.3,22285,23912.1,23399.3,23705.7,19381.8,21579.2,18322.9,22477.1,19356.5,20805,17664,21428.7,23515.6,17650.1,22689.4,17738.7,18284.5,22642.7,19059.6,18554.3,20993.4,17804.5,17768.2,19845.5,24081.8,19632.6,17600.2,23043.2,18896.7,17842.8,21063.5,22518.4,18511,23303.7,19804.3,24117.2,22470.7,22200.2,19554.6,22484,24381.5,20570.2,19439.2,22837.5,22638.2,22337.3,25127.2,20875.4,25400.3,25625.5,20128,21432.7,24599,20311.1,20369.2,19797.6,23879.5,23875.9,25548,21252.6,24220.8,24611.3,25084.3,21010.6,20465.6,21248.2,20068.7,23565.8,21323.1,21980.8,20191,19163.2,19839.7,20787.7,25214.7,19183.7,20039.4,19548,22063,22701.5,19717.5,23893.3,21324.3,24909.3,22638.7,22137.3,21202.7,19366.8,19510.7,19202.6,21636.7,20311.1,18973.6,24591.7,19080.1,23454.7,20785.2,20822.5,24940.3,24355.4,19821.8,21341,24120.9,23772.5,19140.7,22773.4,23539,20857.1,23663.9,19175.2,19553.2,19325.3,21793.8,19977.7,22550.7,22515.6,20351.8,20054.4,21093.3,23251.5,19272.2,21401.9,20425.5,20766.7,19722,21749.3,19703.3,21453.9,21415.2,21551,20820.5,19488,21152.9,20690,23226.6,20655.2,20488.4,22415.1,23495.1,19997.3,18501.1,20379.2,19550.8,24109.6,19759.5,22517.3,19513.7,18473.9,19073.8,21649.2,23866.4,17777.7,19452.5,18354,22657.5,18114.1,17679.1,23037,21613.3,23517.9,22464.3,21482.3,17520.3,21752.8,18653.3,23699.5,20073.3,21971.9,19137.3,23952.3,18875.6,23050.6,20210.3,24307.7,20248.9,20533.6,20203.1,24273.4,21140,24626.2,19598.9,24261.2,19070.9,25247.3,19413.3,25308.2,22604.7,18735,24929.7,18985.8,22439,22564.6,22434.1,22172.8,21470,19892.8,20386.9,19591.4,23252,19967.1,21849.4,22990.4,24871.3,20198,20121.2,23271.9,26295.9,25892.7,26291.1,25831.1,20535.5,20342.9,24088,21153.5,20515.8,23469.5,26451.6,22164.6,21523.2,23707.4,20121.3,24087,20873,25546.5,25365.3,26084.8,25132.4,25435.7,20925.2,23527.8,20551.4,20103.5,20983.7,22981.4,23970.1,20600.5,23824.7,24913.4,25891.6,26028,21388,24802,24620.4,20010.6,22706.2,22979.6,25543.5,19883.3,23197.8,26165.7,20836.9,26704.2,25825.1,24882.5,30290.5,37743.8
31497.6,28586.5,29404.6,27623.1,22746.7,20638.4,19331.7,20503.8,18790.7,18555.1,21445.7,22639.3,19343.6,19924.3,19979.8,22992.9,22286.5,23833.4,20863.4,21592,19689.3,19622.4,20996.7,21022.8,23184.2,21304.2,17897.2,21461.5,20671.3,23030.8,20787.9,22702.6,23391.4,22783.2,19985.5,18710.4,24130.4,22357,23631.1,18638.9,22249,18395.7,21777.3,18611.4,18758.6,21896.5,21165,17820.6,23456.7,20994.8,20295,20565,19496.3,20046.7,22166.1,21297,17483.5,19356.8,18817.2,20372.7,18797.6,23034.3,17486.7,18287.9,20498.8,21200.3,20636,21740.9,18732.6,21761.3,18970.8,22304.8,21511,22743.2,24015.6,21459.3,19004.9,19079.4,19299,22788,18797.7,21551.5,19346.1,22750.2,19935.8,23071.4,21707.9,22430.1,21262.1,22566,19770.4,24030,23878.8,18783.8,21247.1,19120.5,18159.5,24114.7,19055.9,22950.8,23749.3,22449.5,22476.1,19317.6,20693.4,19036.1,22445.1,18084.5,18108.5,18279.9,19448.1,22937.4,19339.7,18427.6,20485.4,17934.2,20239.7,22316.5,18868.3,17813.9,18182.3,23603.1,23332.2,20956.6,22915.5,19396.5,19671.3,23926.7,22157.7,23157.8,25129.1,20883.3,19935.8,24038.3,24592.5,24390.4,19846.9,21217.3,21022.5,21578.7,18781.7,22911.6,23584.8,18382.8,17473.8,18101.9,20769.5,20710.8,23196.9,21360.3,21586.1,22875.9,18898.6,22380.3,21002.3,22441.5,23995.3,21158.5,23548.1,18435.4,19105.7,20407.6,19920.3,21615.3,22470.2,24073.9,24613.5,21171.5,24940.4,19800.7,24557.7,24349,21853,23619.9,23186.6,21782.9,21395.4,21242.6,25088.4,25597.7,23895.4,19493.6,20650.6,22819.6,24504.2,24117.7,23919.9,24107.8,22330.2,21486.7,19960.1,23978.1,22757.7,25133.2,24053.4,24107.5,23446.1,20904.9,23903.5,25027.5,25265.3,24707.2,25139.8,20871.2,22137.9,21643.3,24803.8,19547.9,20098.1,24342.4,21950.2,22735,22599,24145.5,22876.3,22735.5,22038,23462.3,22755.6,24822.8,19186.8,21950.2,24673.7,20469.7,19713.1,19254.4,24009.6,20528,23154,20187.4,21074.9,19372.3,21299.5,24579.7,19723.2,22617.7,18862.4,23234.4,23768.1,23941.9,20163.9,22407.7,18958,20614.8,22608.7,24926,23683.6,23686.5,21545.6,22562.7,23907.7,22162.6,21658.7,18279.7,23306.5,22525.5,21075.7,19011.3,22297.3,20542.2,22899.4,22038.9,17399.6,23199.9,20338.3,22972.5,20494,22828,23275.9,20537.9,19173.7,18459.5,18533.5,21010.2,24197.5,21150.1,23956.4,23856.6,18001.9,22215.6,23689.5,21327.4,18069.1,20183.9,23121.1,19697.6,21066.9,22231.2,19258,20438.6,19457.2,18129.9,23069.7,24194.7,21992.6,20959.4,24154.5,24302.3,23955.4,21939.6,21456.6,21458.3,20826.5,22873.9,22698,20755,22626.7,22548.6,19192.7,20409.4,20854.3,21107.6,22263.5,24579.5,20037.5,20270.5,19873.3,23705.4,24383,22807.3,23562.9,20104.3,23852.1,21486,22884.7,23910.3,20119.7,23656.2,19821.9,25086,24925.3,22379.5,25411,22407.5,23516.2,22904,24023.2,25377.9,25204,20790.3,22750.4,24336,23804.9,26239.4,23942.7,24962.1,23157.9,23396.4,25697.3,25986.7,23191.8,23332.5,24690.6,20896.2,22637.7,20421.7,20201.2,22263,23641.2,21822.4,23682.3,22748.9,22132.9,21172.8,24100.9,22559.3,24577.1,22559.3,19903.1,25827.4,24100,23084.4,19837.7,26317.2,24143.5,20839.2,20658.1,23577.1,23348.2,22538.1,22014.7,29432.3,28345.5,32178.1
37188.9,32435.2,26366.4,26232.4,23693.3,24129.1,19510.7,24869.8,23838.5,22604.5,22550.2,18090.6,22681.6,20117.7,20718.5,20285.6,23145.9,22139.5,18821.5,19935.4,20117,21364.5,22345,24117,22397.8,20819.8,22943.8,18747.8,20399,19740.5,23192.2,21771.2,22168.8,23987.2,20196.1,18927.3,18559.9,19338.3,21160.4,23649,19519.3,22076.3,19167.6,19059,18508.5,19189,21186.8,23453.7,20427.8,18150.8,22409.6,20744.7,23544,21223.7,18625.7,23268.3,19360.7,23137.5,20079.4,21908.9,18290,17675.4,17622.5,18859.8,20956.8,20283.3,20715.9,17802.7,22672,20903.5,21913.8,18892.6,21067.4,19425.7,20055.1,18467.5,24316.5,23526.9,19474.9,21330.4,19447.5,19133.1,19598.7,18481.7,20159.7,20641.2,20965,24604.6,21060.1,18101.4,22505.1,22564.6,21194.4,18211.8,18555.2,23375.8,21371.1,18104,23773.5,18950.3,19942.2,21800.9,22995.3,20418.1,20979.3,17077.9,22402.8,23349.6,20183.6,23501.3,21588.2,20082.9,18808.5,23648.9,17457.9,17778.3,18593.7,20433.5,19240.8,22739.4,19294.4,23176.6,20871,19101,19689.4,22799.2,18597.4,21127.2,19410.3,19114.4,20677.2,18524.6,24198.7,24544.8,20101.8,20915.1,17820.5,17609.5,18967.4,21411.8,20337.2,17609.8,20760.1,23171.7,23004.6,17907.1,20509,23431.4,21335.6,23536.2,18955.5,19708,18399.9,18970.3,20902.6,21446.9,21487.4,19647.2,22984.9,22844.2,22711.5,22676.3,21442.4,19285.1,20971.4,23323.9,20217.7,23744.1,20181.6,25549.2,23570.2,25343.1,24832.8,22226.2,22339.2,22548.5,25357.1,20009,22937.6,21579.9,23345.2,24849.4,22999.9,20619.3,25402,23725.2,25917.5,19686.2,22419,22724.8,20676.8,22935.8,21286.6,20671.7,22937.5,23653.4,20608.3,23295.2,20081.6,19773.2,21629.1,20977.5,19046.3,22874.5,19051.4,19163.6,20851.7,21666,20968.5,20984.9,22950.6,19004.1,24164,23630.2,22670.5,23140.6,19954.4,24380.6,22031.4,21711.1,22790,24080.4,18625.4,18420.2,22155.8,19039.2,20758,19720.6,24002.4,24797.3,22336,18627.4,20398.7,24629.9,20971.6,18967.5,22600.1,22318.9,5701.64,18865.9,22234.2,22740.7,19236.2,18722,22827.1,24798.9,24102.3,23699.5,24638.4,21252.8,21874.2,21848.3,24633.9,24244,19574,21996.7,20849.2,19993.1,21936,22478.3,19304.5,20257.4,18451.5,19483.1,19415.5,20358.5,24276.3,23000.9,19400.1,22750.2,22206.2,20837.3,22282.5,21216.4,21723.6,23931.6,19847.7,24321.5,24018.9,24016.6,17787.3,22765.6,19790.1,21319,23131.3,18811.9,20479.4,18074.1,23058.2,22158.8,21034.7,23748.5,18513.1,20555.8,21170.4,20814.3,19236.3,19351.8,19626.7,20012.8,21008.8,19641.2,21219.6,21040.1,18704.6,19346.9,24284,22219.2,23355.3,20564.1,19141.4,24377.9,23018.4,21927.2,19088.6,23486.3,20140.1,24148.5,24371.2,22564.6,23474.8,24987,22921.8,24479.2,24089.2,25993.6,21505.1,21707.9,26002.6,25053.1,22331.2,26696.1,25906.6,25141.4,24336.6,23658.4,24755.3,24774.7,24376.4,26142.4,25149.2,24137.2,21423.5,23360.1,22133.8,23121.7,23252.8,21512.8,24153.8,26214.2,24204,25614.3,24412.2,20863,20897.3,20329.9,21738.8,24766,20594.7,25555.9,25079.2,23012.8,19916.9,21165.1,24216.9,22953.5,24220.3,23808.9,25982.4,21036.9,25707.5,23074.2,21937.8,25380.6,20105.1,21330.1,24581.6,22177.5,23515.6,20798.9,24819.1,30295.8,31765.9,37182.6
33442.2,32030.6,24456.2,21854.4,23745.8,22578.4,22049.2,22172.5,20400.8,21860.7,23724.6,22926.8,19189.8,23536.5,22275.4,19374.1,19117,21403.6,22854,20534.3,21405.9,23507.7,22330.4,21138.1,20529.2,19204.6,20739.5,18564.6,18478.6,23082.9,23584.9,23685.8,24309.8,21215.6,23883.7,22655.9,19664.5,23398.6,17863.5,18337.5,21096.1,20692.5,19052.9,18884.5,17644,18246.5,23512.9,17377.5,21233.7,18462.7,19527,18999.9,20683.8,20686.8,22951.6,20644.7,20323.7,18769,22293.4,20641.7,21746.1,23287.1,17533.6,23497.9,22841.5,22138.3,19538.8,19153.6,17586.4,19212.8,20533,22247.6,21086.3,23455.4,21827,23180.2,18378.4,19294.4,24577.4,22941.6,24233.2,20817.3,21655.4,23461.2,19191.8,19339.1,19510.7,20965.7,21263.9,18648.7,19384.2,20010.6,24060.8,23976.4,17784.7,20195.3,22370,18483.5,23953,23113.7,19123,17743,17860.1,18499.3,23546.6,21313.9,22431.9,19859.6,17904,18942.2,18614.5,22846.3,21398.5,18235.5,22338.5,19307.8,19187.7,23753.5,17713.1,18025.9,19154.9,20176.7,19609.1,18607,18114.8,21759.4,20969.5,23499.1,22005.2,24995.8,20435.6,22736,24790.2,18891,24864.4,23411.5,21172.9,22546.6,17684.1,21307.2,19554.3,20217.2,20266.4,17461.6,23127.3,20743.6,22009.6,23209.6,18989.7,20551.8,20022.8,21407.8,19103.6,18136,17561.2,17168.7,22538.1,17947,18914.8,19545,20363.4,18799.8,23660.2,19746.9,22107.9,19020.6,23720.1,18978.7,23940.7,24546.1,24309.3,24873,24266,20251.7,21616,24325.2,19590.4,20039,23853.6,21322.5,22251.4,23663.1,20163.3,23762.7,19978.6,23471.3,22845.1,25367.5,25390.2,23175.1,19756.9,24568.3,20924.7,20798.8,24711.9,21353.4,22399,25505.5,24828.8,25210.2,24159.3,20463.4,19009.9,25130.5,23053.4,21976,23175.5,19270.1,21539.2,20961.6,22934,23989.2,24111.4,22470.7,19669,19079.6,21810,21748.6,22916.2,21569.4,22721.9,18534.8,18637,24118.7,23748.6,23594.5,21471.9,18768.8,22450,20762,23809,23253.1,19345,21865,23671.8,18699.5,24310.6,21828.6,22918.6,18868.5,22589.4,18680.1,19062.3,23880,19988.3,21546.2,19058.6,24520.5,22186.8,21847,20595.3,22217.3,23429.8,23569.2,23994.1,23117.1,23170.6,18287.5,19856.4,22631.3,21087.5,20657.1,18472.8,22709.6,18005.2,23972.2,22498.6,18280.5,22346,19987.3,24070.9,23363,20633.6,21719.2,21396.7,19655.4,23480.7,18665.2,21582.8,19257,19630.4,22285.8,22449.2,20474.3,19738.9,18976.7,23946.5,23181.5,17790.6,23359.3,20538.4,19430.6,20903.6,18094.1,19459.6,20763.2,19242.5,22490.4,23147.6,21038.8,22916.3,24366.2,18890.8,18562.5,19076.9,20994,19691,22418.1,21735.7,20417.3,21243.5,21619.2,22277.4,23123,22956.1,23336.2,21108.6,22259,24903.5,24890,23756,21441.9,24580.8,23111.8,19791.4,25369.5,20955.9,24560.8,24731.2,21938.3,24079.4,22335.4,22907.1,23043,22093.6,24538,21786.7,24526.4,24180.6,23258.6,24574,24734,22778.5,26818.5,24416.9,26435.8,22513.3,20451.3,23530.1,21833.2,22234.4,24712.2,20037.3,19770.5,22454.7,24017.9,25123.2,23567.3,23873.3,23876.4,21483,24834.9,24992.6,19490,21253,24837.4,24241.4,20215.2,26284.9,22132.4,21233.3,25643.6,24246.1,20436.3,21880.2,23728.3,24534.9,24094.5,26035.4,26889.4,24517.4,25496.3,32443.1,32857
35155.1,30585.7,25136.1,25000.1,25654.3,22577,19857.7,19778.2,19355.8,18410.1,18361,18483.3,21271.8,21962.2,19984.2,21996.6,18208.8,18440.4,23383.2,19234.2,22061.8,19381.6,21558,23427.9,23997.6,21340.7,23527.4,19688.3,18918.5,21815.1,18558.1,22971.6,21225.6,21338.5,23242.7,23014.6,19102.4,17826,21503.6,18452.7,23506.3,22280.2,18168.8,17530.2,20163.6,22613.9,23355.6,22174.6,21526.1,18669.6,23456.3,21604.2,20012.9,20812.1,18680.3,19738,19425.6,20888.4,18443.2,19509.1,23015.3,22862.8,18550.3,19819.3,17479.9,20338.4,18410.3,23358.7,22004.1,22331.8,19524.5,18989,20500.1,18158.1,24075.5,23686.8,22380.6,18505.1,22652.2,20895.2,21626.6,19904.3,18586.9,21318,22510.5,22427,22189.7,20607,23555.5,19390.6,24641,20309.5,24208.4,21468.5,20657.5,20143,21084.2,19051.4,23669.8,24170.4,23512.7,19119.4,18808.3,23629.3,19801.3,22679,22990.4,23891.3,21808,20094,23818.1,21044.1,21703.8,21800.6,22126.8,20097.3,18648.2,17729.5,20514.9,18875.9,21981.4,18651.4,23626.2,19725,22812.8,18846.4,23030.8,21381.2,20887,18792.2,19788.3,19149.4,22608.2,19694.1,18380.6,20223.3,20553,22483.3,18447.7,23426.3,17326.2,17851.7,20376.3,17856.2,19820.2,22397.7,18753.3,19418.8,18999.6,20321.3,18232,23062,22846.2,19382,16967,22997.6,22917.8,18906.2,21958.3,20014.1,18315.9,23164.9,23987.6,23894.5,20866.7,18816.5,23528.1,22721.6,24504.7,23942.2,21137.7,23441,23091.7,24919.6,20565.1,20659.9,20303.3,22976.2,19294.4,20956.9,22244.4,25400,24300.8,25947.5,25270.8,24796.5,26021,20871.1,25868.2,20241.7,23656.7,23607,23779.9,22692.5,25858.6,20314.7,20376.2,19456.4,19274.2,25044.3,22707.8,19851.3,23258,23940.4,22976.6,24564,19169.7,24352.5,20435,21405.4,22263.5,19232.4,23975.7,25014.6,18763.8,19630.2,25069.1,24396.4,21246.5,23166.5,23837.9,19292.5,21281.6,22739.5,19081.1,23906.3,22968.8,22534.2,24904.5,23691.4,18240.4,19322.8,22495.8,22249.1,21469.9,22764.6,23273.6,19101.5,20210.4,24405.1,23421.5,20790.8,19664.3,23798.6,20592.6,21392.8,20132.5,21611.9,25133,20955.8,22859,19535.1,20389.8,21790.5,19173.5,19715.3,24150.2,23518.4,19586.8,22627.6,18684.5,21286.7,20740.2,21285.2,20942.8,18941.8,20909.2,19714.7,22339.8,23929.6,21397,20515.8,23964.4,20932.8,21705.2,24377.4,19754.9,22062.2,23409.7,22421.1,24228.6,23453,19140.5,17942.9,19786.5,18829.4,19786.4,18957.6,21711,22297.9,19223.1,19300.8,21779.3,18674,20823,21825.1,21575.8,22882,18814.9,19165.1,18565.4,19658.1,23602.6,23209.4,23779.2,19016.8,20361.5,24169.2,20498.7,24590.1,21841.7,20306.3,20619.4,18678.7,20294.1,22316.5,23387.2,23874.1,23430,25456.5,23703.6,21597.7,20134.2,20913.3,23685.2,20959,22812.6,25068.1,26060.5,25267.4,21576.1,24501.1,20417.1,24722.4,25710.6,22221.2,25329,21756.9,25129.8,21421.8,25821.6,20605.4,21959,20540,26691.9,23769.5,25515.9,23826.8,21782,20075.3,21672.1,24308.4,19827,24814.2,21822.8,25491.4,25286.9,20225.8,24388.8,20650.8,25678.8,21789.9,20301.5,20263,21081.1,24248.4,24732.6,26079.9,23657.1,21789,22576.1,19940.2,24424.7,25747.8,24282.7,20304.7,25495.3,24209.1,21256.5,23703.4,26378.9,26252.2,32844.1,36625.5
34974.9,28385.1,26665.7,22411,21818.6,23066.4,23692.3,22135.1,18840.5,21839.4,20165.5,19691.4,19762,24469,19644.7,21911.6,21276.7,18695.1,24532.4,20387.8,21960.2,22280.4,18679.7,20987.4,17884.3,20626,23080,21007.8,23058.2,19471.7,23893.9,22301.4,24172.3,19823.4,21114.5,24248.9,17956.3,20026.2,23744.8,19265.8,17624.9,19463.5,20436.9,18987.4,21504,19674,22163.9,19883.6,22662.9,22917.3,22393.1,21322.5,17489.5,19952,18695.6,17600.6,22691.6,18639.8,23230.5,23235.6,20772.1,22107.1,18657.5,18910.8,22247.6,17806.5,17657,23763.8,21545.8,23719.7,22401.2,20054.7,21281.5,19826.3,22865.9,18094.9,18342.5,23487.7,21058.6,18087.1,21730.7,23818.8,19837.9,22870.5,18707.3,22185.8,20217,21521.5,22516.1,23310.8,23183.9,21759.5,23981.6,18386.9,18498.8,17928.8,22824.3,24201.1,19742.5,23843.2,23667.2,19777.6,19417.4,17363.3,20697.9,21786.3,18364.7,18030.5,21737.8,17622,18065.4,20671.6,21151.9,23819.9,17869.9,17533.2,18140.4,20669.2,19534,20248.6,22003.4,19915.8,23754.4,21414.4,21477.8,20159.5,22859.1,22514.8,25068.5,24908.3,20606.9,22061.2,25144.2,23704.1,22698.2,23062.2,21099,17553.9,23485.6,18096.6,20458,18825.5,18855.2,17509.3,18420.5,19544.1,23475.8,20439.3,23331.5,21740.9,23059.8,23180.2,23621.6,19663.8,17076.3,20105.3,20415.7,21779.6,21597.4,21148.9,23963.8,24212.9,24399.2,18134.9,19282.1,21953.9,20775.2,20692.5,20366.4,20056,21069.5,23704.5,24607.6,23945,21133.2,21505.8,25229.2,20113,22074.1,20685.6,24922.1,21594.9,24128.2,23936.6,22126,20423.6,25934,25470.2,25626,22486.2,21992.7,25375,23320.6,23395.4,25920.6,25432.3,21894.8,24570.5,23612,20618.2,24469.1,21130.1,19545.1,24925.2,22403.5,24671.6,20579.8,18793.4,24845.1,20348.6,24015.2,21039.5,21951.2,23095.3,20674,20900.2,19131.4,20950.8,23834.6,22366.7,24538.1,23572.8,22942,22423.3,21926.1,20854.2,22267.1,23206.1,20254.7,22776.6,18242.4,24474,23338,22954.1,19412.7,22241.2,21348.4,22252.9,18343.9,24030,21425.9,24528.4,20066.5,22237,18568.3,22257.1,23717.8,22296.5,20786.4,23440.3,20150.9,21810.8,24551.3,21518.9,24198.9,21035.6,20831.5,18193.4,22354.2,19250.3,19618.6,22381.4,17537.4,19673.7,19939,19176.4,20909,19521.8,19884.9,22254.4,22655.5,21315.4,20853.2,19641.6,24189,20745.5,20297.1,23301.2,23666.3,22715.1,23043.1,19932,21493.6,21120.7,21101.3,20501.1,23788.4,22677.2,18704.1,20410.9,19666.7,21889.5,20214.1,20710.2,21499.3,21205.7,19155.9,18973.4,23810.4,18533,18840.6,21551.7,22695.9,20827.6,18572,22254.7,23928.7,23163,18916.6,21226.1,22586.1,19654.2,23563.3,22550.6,21574.2,25175.1,23115.2,19797.1,21485.4,21568.8,24734.4,20459.7,24380.5,21771.6,22550.2,24612.7,20550.6,21735.3,26388.7,24181.2,23464.2,23565.5,20699.7,22708.4,26665.2,23092.6,22032.8,25229.6,25897.9,20346.8,26152.6,23317.1,20226.5,20404.5,24067.6,22868,19957.1,21322.1,19883.5,22212.9,24012.1,20733.8,25802,24618.4,22411.8,22985.4,25041.5,20830.8,22064.6,23094.5,20935.2,23760,19909.5,25728,22449.7,20547.4,24496.9,21011.6,24022.7,21958.8,21752.8,22508.2,25652.3,20044.8,25776.3,21077.3,23555.4,20257,23297.4,26744.6,23580.5,28312.7,29992.1,34257
35544.2,32085.2,29171.4,27523.6,24390.2,24741.9,23926.7,21765,18651,18592.7,23187.4,18180.7,19957.3,21350.2,19903,19864.4,24338.3,19797.8,22630.9,23517.6,18461,18390.8,23259.5,23735.5,20036.1,18183.9,18209.3,19832.4,18252.3,20469.9,24023.3,20733.8,23538.9,23842.3,23284.5,20109.9,20811.2,20733.2,21377.3,23916.3,19092.4,19047.7,20864.2,19115,23297.2,21635.4,23217.4,19870.9,20749.8,19293.1,21151.9,19400.7,23520.9,22915.1,21549.7,23490.2,22329.8,20475.9,18164,20026,19048.3,17632.3,18978.5,23604.3,22256.6,19999,17682.7,21683.4,17984.1,18235.4,19745.1,19634.5,18129.7,22794.3,18309.8,18184.2,18726.1,21158.5,22380.2,18909.1,19526,20400,21291.1,24521.4,24499.4,18303,22891.7,20090.8,22216.9,23713.7,24190,19433.3,20437.2,22531.3,19787.8,18102.6,23282.7,23794.9,21291,24211.4,24248.2,19337.8,23618,19845.3,21094.5,23789.6,23690.2,19288,21183.8,19384.3,22218.6,23093.2,18519.1,20764.9,23689.4,22733.3,19157.4,19382.6,22338.7,21600,17308.2,19717.7,24279.4,21666.2,20845.3,18600.9,22707.4,21935.5,18997.8,21588.5,22434.5,20670.5,25211.9,24130.2,19839.4,22043.7,23133,20450.9,22808.6,20135.8,21775.3,18750.8,19133.1,22683.6,22169.8,17757.4,22090.3,18282.3,20236.3,21507.3,18090.9,22043.8,20371.6,23312.1,20315.5,20390.6,17940.1,19396.1,19235.8,24263.1,18998.9,18562.3,19897,21760.4,21472.7,23185.3,19406.9,21356.7,23775.4,22883.3,20998.7,24368.2,25204.5,24230.4,22135.2,22117.9,20988.1,24585.8,22179.5,20678.2,19787.4,24743.3,23672.6,25411.6,21834.9,23930.2,20604.5,23888,23080.8,24750.8,24132.3,22110.4,20811.5,25292.4,24018.4,25830.4,19765.9,19005.1,22526.8,23954.4,19904.6,21164.9,25451.7,19511.2,19356.2,20404.2,22292.9,21230.7,20781.5,24023.3,21263.6,24829.6,25045.1,20955.2,21053.1,20129.1,20263.2,25041.9,19539,20878.2,24019.5,20922.9,18899.3,20943.7,18699.6,23746.7,19157.6,19804.3,24300.7,24126.2,23847,19927.4,19156,23267.1,18656.5,22473.4,20475.9,19847.7,20771.8,19718.8,20822.4,22001.3,19799.9,20216.5,18903.2,23967.8,25196.5,24283.1,21991.4,24580.3,22800.7,23207.3,22497.7,22976.4,22760.5,23061.2,24521.6,22097.7,24365,23495.9,22455.2,19550.3,17762.8,19207.6,18356.2,17800.5,23409.7,20840.7,21653,24078.5,19495.8,19394.6,19948.5,21860.2,23877,18973.8,17996.9,18068.3,20653.2,21281.2,20103,20390.8,21547.8,18303.6,18471.7,18217.7,20040.2,20305.4,20652.4,18905.4,24750.1,23820.9,22994.7,25200,22756.6,21309.6,22607.7,23028.9,22754.3,22124.3,19262.5,24460.5,21562.4,20812.4,22967.4,21636.1,23648.2,20156.5,21630.9,24649.5,19885.3,25080.3,23626.2,20551.4,19433.1,24403,22670.8,20674.7,20636.1,22052.8,22082.4,19573.9,21127.9,23291.3,20919.2,23398.9,21339.4,24055.3,25253.2,26393.9,20227,26540.8,26218.5,21283.9,25688.9,26474.7,25769.1,20555.3,20928.3,26433.9,22150.7,26492.1,22207.9,23322.2,26700,26457.2,21733.8,26141.6,21632.2,21367.9,25744.3,19583.2,19256.9,25481.3,23565.2,26074.8,21381.8,22506.7,21496.1,21228.4,22899,21935.3,21704.4,25413.9,19897.2,22117.4,22189,20362.4,26271.7,26542.5,26562.2,22767.5,20903.5,25388.8,20967.1,22162.4,26014.2,24106.7,26082.1,22131.3,27717.7,27370.9,30016.5,31958.1
30901.9,31945.9,27485.4,22682.8,25520.8,23366.2,20571.7,24567.8,24213.8,24403.9,22792.3,18416.9,22200,23911.1,21621.5,20557.9,21970.5,21306.3,19003,24431.4,19958.7,19414.8,19573.2,22706.4,21016.1,18635.7,19427.2,20568.8,23342.9,19772,22740.6,20031,24259.7,18753.4,21325.7,19231.5,18738.6,18414.9,18587,19968.3,21501.8,20706.1,23413,21934.4,19599.8,20166.7,22183.5,17440,22738.4,20953.1,22990.1,21266.8,20757,19780.4,19305.9,23531.8,21627.2,21733.4,22201.9,18659.5,20468.9,18043.6,19306,22847.1,21909,21111.6,22083.6,20477.6,18987.7,19672.7,20914.7,21342.7,21741,23714,19468.4,24071.6,19240.5,20548.8,21535.1,20572.4,22393.3,22068.9,19828.8,20386.2,22614.2,19898.8,22926.3,23926.6,19341.6,18343.4,20242.2,19291.6,21141.4,19545.4,21125,21381.3,20552.1,21565.4,24288.7,19049.1,20203.5,23637.7,22632.8,19016,17819.4,21780.3,19613.8,23463.9,18239.2,17795.3,20324.1,21226,23225.3,21775.6,18840.7,20463.1,21971.2,19013.9,20605.6,23704.2,20637.3,17628.4,23619.3,21742.9,22410.8,19477.8,23563.6,19154.6,19104.2,18728.1,23588.6,22391.3,19209.2,20521.8,23846.7,23638.1,23631.8,20969.8,17379.2,20376.8,20153.7,21063.3,18105.8,18187.2,22028.6,21603.2,20489.5,20759.9,19838.6,22287.9,18219.2,17959.3,23768.5,22984,18547.4,18574.5,18007.1,21328.1,20883.5,19243.3,21738,20411.9,20875.5,23741.3,22622.5,21959.9,20870.8,22203.8,19518.5,23819.4,22094.8,20019.9,25573.3,24201.3,22625.5,22121.7,23564.6,25477.1,20184.1,19440.6,20136.1,24240.7,22680.6,24676.8,21916.9,21226.4,24152.9,24602.3,23071.8,23138.7,25519.6,25168.7,20498.5,19635.1,22823,19544.1,22051.9,25322.8,20636.8,25442.8,20235.7,25236.3,20675.2,19533.8,24754,21751,24288.3,21761.2,23519,25312.6,22466.5,19836,20514.6,24724.1,23512.6,20194.5,23351.7,24662.3,23589.2,24621.1,18604.1,21807.1,22553.5,19386.2,20319.3,21467.9,19722.8,22085.6,24906.3,19709,23265.3,24262.2,22178.6,18794.3,23497,21107.6,19494.2,19069.9,24129.6,20251.8,22077.4,24310.7,19921.4,20301.8,18344.7,24644.6,24427.2,18766.7,23350.7,23754.5,22674.1,24932.6,20721.9,22463.1,22164.2,23484.7,22194.5,20090.9,18317.4,21346.8,18175.6,18073.1,23285.2,22380.2,17684.1,19804.6,24096,24703.6,19995,22020.9,21748.9,21741.8,22531.3,22403,18375.4,21649.1,21588.1,18407.2,23092.9,20236.8,20793.7,21504.3,22925.3,17707.6,19474.7,23466.9,18545.6,24017.7,23471.1,23836.6,24943.2,23360.6,25536.9,24878.7,24785.2,23708.8,23266.4,23722,23557.6,23817.1,23507.2,21761.8,22100.8,24106.7,23347.9,23561.2,22287.3,22400.2,24501.2,23798.7,20265.9,22294.2,22241.8,23511.2,23290.8,20644.2,19242.4,18892.4,19070.7,21875.4,19504.4,19149.3,18985.1,22060.3,22523.3,25919,22301.8,25497.7,26407.4,23488.4,20711,20864,21381.7,26163.7,22696.3,23904.5,20508.8,23710.2,23766.1,25960.4,21762.1,20249.4,26489.1,20439.9,24822.3,25699.2,24330,20470.6,20879,21302.7,25628.4,25884.5,21036.6,22288.1,23298.7,22997.5,20864.5,23115,23221.8,22668.1,24690.6,19789.3,19304.6,19558.5,20782.2,25295.8,26014.7,23343.7,24864.7,21213.9,21058.5,25034.4,25200.6,23785.6,21757.8,19965.3,25905.6,26059.2,21563,23691.3,27198.4,26819.8,27741.2,35559.7
34566.1,26953.9,28316.8,24189.1,25975.8,22449.3,21562.8,23912.1,24562.3,24008.8,22907.4,18210.6,21962.3,19397.8,23510.5,23120,21210,24164.1,22244,21917.9,19776.9,23606.4,20780.1,22035.7,20097.7,22848.4,22363.1,18611.6,21983.1,22568.8,22723.3,23862,18908.8,24012.8,21028.2,22232.2,20520.1,22703.3,21712.2,18849.9,21038.7,23303.5,22593.6,20832.9,18987.4,18461.3,18701.7,21845.6,20001.2,20557.3,22821.6,21157,23296.5,20797.7,19615.1,21667.3,23747.6,21750.8,20328.3,20200.8,18187,19233.5,22276.7,22775.8,19541.6,23679.2,20466.1,18838.2,21669,18105.4,19529.7,24253.2,20517.3,18490.6,21512.4,22517.3,23355.6,21409.2,23865.1,20718.5,20131.1,19196.2,24298.9,19131.2,19551.4,22065.6,20549.1,21424.1,24708.2,20254.4,19683.9,23580.5,18857.3,21344.2,20986.8,22383.9,21560.9,23652.2,18577.9,24243.1,21415.7,22855.2,19243,21374.6,20660.1,21651.9,20497.6,20264.3,19123.6,17556,20523.1,19892,20665.8,22741.8,21840.9,20220.8,17661.3,20681.2,22133.3,20151.6,22467.5,18883.5,21346,21935.7,23530.1,24703.5,22219.6,22880.2,22865.6,24562.2,20168.9,18818.2,23251.2,24922.3,22574.5,24551,22219.9,19302.8,19361.6,17511.5,21016.2,21842.4,19880,21882,17711.3,18699.4,21022.3,18538.1,18970.1,18941.4,22776,20867.8,18601.3,20388.6,19852.4,20545.3,24018.6,19705.5,22517.4,22686.4,18863,22321.1,20342.4,21888.4,20550.4,24872.1,23583.6,20088.7,18983.5,19838.2,22921.9,22104.1,21253.3,21220.8,20240.4,21673.8,25206.2,22622.5,19906.7,21252.5,22203.8,22891.9,22453.4,25947.8,19835.8,23219.3,24599.4,20075.9,22585.4,23515.6,22044.2,25475.3,22835.3,26185.9,23100.4,24712.8,22136.2,24255.9,25376.4,25030.9,20760.1,23197.4,21672.5,24296.6,22123.3,21812.6,19966.7,20858.6,20092.4,23227.2,22427.1,20589.1,20215.1,21966.7,24425.1,24217.8,23442.7,25315.3,23230.2,21765.8,18510.2,20861.7,23684.8,20733.2,24978.2,20383.7,19778.5,23850.9,21193.4,24137.1,21167,18711.5,18387.2,22279.4,22445.1,22363.5,20839.1,21909.4,19297.6,24111.7,19381,19619.9,18311.2,20164,20061.3,22822.2,20304.1,21604.9,20505.5,25521.9,20703.6,18839.4,25020.9,24326.1,24972.6,20951.3,21619,24222.3,19842.2,22963.2,19219.8,19211.6,20714.5,22435.3,21354.3,20712.6,22868.3,21406.1,19929.2,21128,19617.9,23564.6,21348.2,21331.6,21200,19289,20727.3,21330.2,22021.4,19950.9,21589.2,19154.9,22931,22443.6,23403.7,21842.4,24023.5,19498.5,20018.1,23589,21914.6,5734.82,27751.8,25519.6,21525.4,24626.9,23967.6,21830.4,21092.2,18911.2,17938,22660.9,23927.2,23542.2,20545.6,22713.4,22556.3,22780.8,22608.4,21708.2,18839.3,22526,24530.4,24670.2,20076.5,21685.7,20668.6,24915.3,23235.5,24230.5,20450.5,24027.9,21884.8,20222.6,21036.5,23541.5,24447.1,23868,23552.9,24187.2,23228.4,20955.4,21106.3,23871.7,24827.9,22308.7,21683.7,22355.1,20459.6,20500.4,26469.5,22472.5,23933.5,20996.7,22050.6,22452,22689.7,25180.8,24626.8,22680.5,21898.9,23942.8,22145.7,23148.6,21311.2,26090.2,20968,22901.7,22366.8,22058.4,24906.4,22759.8,23131,24278.2,19167.4,20368.9,21055.9,21071.7,20671.2,21102.3,22762.9,24403.2,25250.7,22782.8,21605.3,26074.9,20980.5,22797.3,25180.7,20561.5,21613.2,26511.3,30436.7,35519.5
35660.1,26784.7,24424.2,23578.1,22816.2,24741.5,19999.8,24863.3,24845.9,24840.3,22785.7,19145.7,23734.9,20542,18713,22221.5,23184.4,19660.2,23652.4,19737.5,20096,21864.4,24201.9,23047.6,22990.4,24359.3,21290.9,20566,19740.9,18774.6,19127,19953.6,21055.4,18861.3,19050.6,21953.9,23279.8,23776.7,21785.3,19987,18520.3,17964.9,18863.7,17721.2,18854.7,19074.7,20689.9,22837,17638.8,20771.2,20100.6,22026.9,23506.7,18758.3,17773,20633.7,19766.7,20676.5,22005.6,21418.5,18758.3,21764.7,20868.8,17365.3,23066,19273.9,22485.2,23974.8,19506.3,22397.7,18862.5,17969.2,18203.2,18743.5,20443.9,22515.9,19616.1,19187.5,21242.2,18567.1,21370.3,24011.8,19399.3,21216.6,19888,20407.2,21941,23593,18949.5,22649.1,20977.1,20347.9,18084.7,18633.9,24285.8,21801.5,21118,23570,21192.5,19386.8,22285.2,21794.9,21915.4,18248.4,19686.2,21119.1,19161.7,20124.2,21560.8,21772.9,18910.2,23537.5,21350.2,17371.6,17973.5,17379.1,23358.2,19451.3,20492.2,18490.4,17864,19173.8,19992.2,21761,21576.3,20522.3,23604.7,22875.6,22058.2,23320.2,24693.7,22693.8,22040.8,21387.9,22503.2,21750.3,17943.9,23314.7,20084.9,23329.6,22967.7,22495.8,19954.5,17453.2,19141.8,22749.8,22141,17880.1,22049.6,23836.8,22745.8,18194.5,18611.8,20149.2,15970.1,20140.4,20181.3,22384.2,19019.4,20940.3,23365,22981.5,19669.8,21887.1,21488.1,22050.6,21187.6,22377.4,21050,22619.3,21069.9,23916.4,20926.6,19327.4,21198.3,19601.6,21420.3,19220,19907.9,21027.9,22590.6,19857.6,24197.9,25500.4,23408.3,21288.6,25075.2,20466.7,20660.3,20933.2,24190.2,19846.5,19651.6,25922.7,21391.8,22014.5,19555.3,19500.2,22104.8,25431.3,22553.1,24315.4,22020.2,23079,23784.4,23078.4,25042.8,22247,20601.6,23937.9,19513.1,21868.9,22388,23157.1,19885.7,20157.1,24563.7,22499.3,22289.6,23252.5,21288.9,20872.5,22422.8,25135.1,22751.2,21994.7,25141.3,22904.5,24387.6,24655.2,18368.2,19725.3,23842.7,21803.3,23071.8,19325.5,20800,23215.9,23037,18890.6,19866.7,21176.7,19758.6,22690.5,20048.6,19793.4,21850.7,23417.3,22009.6,24763.3,24746.6,19382,20287.6,24580.8,23185.4,23125.1,19561.9,18519.5,23661.8,18089.4,17574.1,17883.5,23347.9,22853,18599.9,22491.4,20844,24567.9,18767,22189,21915.4,18115.7,24058.1,19442,18791,19114.2,23537.7,20295.8,18892.1,20748,19190.4,20836.5,22181.1,20956.4,18006.9,22381,24381.1,21064.1,24629.6,22286.4,20101.3,5564.02,2563.09,21707.5,20110.3,20328.8,20027.8,21940.3,24594.4,20470.2,20900.4,23014.2,23340.3,21772,17987,20884.1,22096.3,22503.9,23562.9,23628.3,21849.4,18905.6,19700.4,20251.5,24472.3,23445,19130.6,22994.1,25021.7,20296.5,19064.2,22199.2,25255,23690.5,20769.7,22957.8,20038.6,21447,24315.4,26209.6,23426.5,25751.7,24794.8,20954,23422,24669.5,20985.8,25575.3,20636.5,22514.8,24099.8,20387.1,20161.1,20723,25671.7,22119.4,24038.4,23531.9,23506.5,22552.8,21061.8,25295.9,22959.8,23057.7,24897.8,22559.8,20669,24877.5,22985.7,22876.2,25141,20793.3,22758,21122.2,25683.6,21504.7,25351.3,25393.4,24780.6,21102.4,24816.8,24912.6,23974.1,26182.6,25384.6,19732.9,24633.4,23009.6,22990.3,20601.7,28207.5,25843.2,31989.9,34277.3
35115.7,30252.5,29740.7,27902.4,24525,25820.5,24807.1,25236.8,19505.6,23964,18850.1,24597.4,23826.6,24199.9,21332.9,24164.2,24347.2,23839.2,19149.3,18292.9,20761,19725.2,24155.3,21189,21835,22621.9,23007.4,21851.9,21994.8,20516.1,21623,23603.2,19747.2,18026.7,18401.9,23014.1,23426.5,22086.9,20828.8,19061.7,20647.6,22318.2,20392.7,23216.7,21378.2,18805.1,20842.3,18764.7,21310.1,17401.8,22661.5,19929.1,20414.8,17904.9,19370.7,21858.2,20055.1,21821.4,19461.4,18853.2,21902.9,22789.6,19487.3,20832.3,23622.8,20554.5,20417.8,24039.1,20543,19959.7,23300.6,18409.5,24072.6,22026.4,20695.3,23415.3,23524.1,18976.6,23340.3,23042.9,19695.3,20559.3,18340.6,24638.5,19798.1,19854.7,23456.2,20374.3,18693,20029.3,20894.9,23587.8,21292.2,23285.3,22907.8,19718.6,21986.8,21517.6,18989.6,22461.7,21608.9,20012.6,20743.1,19931.7,22943.3,21922.3,20165.6,21328.2,22165.2,22675.2,17921.8,22699,22574.8,17985.6,23414.2,19724.4,23725.7,21561.8,20533.6,23107.5,21189.7,24091.2,22259.1,21675.9,18164.6,24545,23699,24810.6,22295,22713.5,22065.5,21455.3,21896.7,23984.3,23906.6,24233.2,23606.2,19046.5,19765.3,22495.8,23544.7,18302.8,18496.7,20836.3,22916.6,20005.5,20209.6,20199,21781.1,19183.4,22219.7,21524.4,23485.7,19654.9,20856.6,20462.3,23436.3,22035.3,24333.8,23819.8,22894,20353.2,18911.3,19971.1,19031.3,22083.8,22125.8,23498.1,22888.5,24196,19592.9,21304.4,21404.8,20540.8,22001.8,22355.5,20533.8,23801,20209,22245.2,22163.4,21140.4,19254.7,25505.8,20029,25116.7,24678.7,21096.3,20939.2,25195,21030.5,22499.2,21192.7,23823.8,23668.2,24491.1,21348.3,25427.9,20916.6,23949.5,22411.2,21992.5,23154.3,24279.1,19738.3,25307.1,22459.2,24279.9,19804.7,23866.4,19484.9,20807.7,20138.6,21209.1,24326.8,24353.6,22599.6,21489.7,25001.5,24558.9,23848.6,21822.6,19168.5,20024.5,21562.3,23055.5,19366.3,18922.1,24416.5,21942.5,20931.2,19708.3,22882.9,23690.6,20725.4,18715,22674.8,19029.6,23690.7,20416.3,18863.4,24442.7,19532.4,21035.4,22854.1,22093.5,20700.5,23408.8,23764.3,23786.6,19056.1,19280.4,24710.5,20553.6,24792.5,24182.2,24858.2,23499.4,19729.6,24066.2,21973.2,22439,24033.4,23097,19581.8,19142.6,21760.3,22889.8,22390.7,18122.7,23396.6,20361,23439.5,18746.2,18412.5,21364.1,19057.9,18123.8,17932.5,22311.5,17861.8,22316,21284.2,19182.7,18713.2,21583.6,22269.7,19853.1,19586.6,19575.9,21867.1,22766,21798.5,22895.5,24032.2,19225.5,20957.5,18391.9,18582.1,19806.5,22601.6,21932.4,21699.7,19961.8,22477.9,23406.3,22316.7,20769.1,19658.2,20631.6,24372.8,23944.2,18766.4,21739.4,21046.4,19065.8,21553.2,23142.7,20801.8,24002.7,22976.4,25921,20781.5,21341,21878.8,23535.8,20958.5,22298.9,20541.3,23240.3,24519.2,20981.6,20302.9,24425.2,25488.6,20404.5,23226.7,24337.6,25780.7,24919.3,23798.8,25376.8,23890.6,21464.3,21262.7,24275.9,25796.4,21819.6,24302.4,21151.3,20178.3,21614.8,23099.9,21377.6,19781.1,26240.2,25040.1,26063.6,20833.8,23402.7,22360.1,24909.1,21295.4,22814.2,20201,25243.7,25603.3,24654.8,21116.9,22955.7,20845.5,21826.5,25365.9,24283.9,20074.4,20445.6,25224.4,25485.2,20350.2,22155,25727.2,24791.6,31329.8,34042.5
32480,32339.1,24884.2,24635.9,21343,20110.7,21108,24018.3,21977.1,20714.2,21470.3,24625.8,18476.3,24406.4,23882,24520.6,19262.1,24042.3,20475.5,23713.3,22130.1,20168.8,21684.1,21835.4,21204.3,20421.9,18758.8,19952.1,22909.2,17871.6,22652.4,22891.9,19033.1,22721.4,18060.7,20103.9,20925.3,23575.7,22300.1,20558.7,21539.9,18647,21902.7,18328.5,20988.9,18597.5,18233.6,19574.2,20707.1,17367.3,20977.9,19588.3,22475.5,19811,23298,19251.6,17881.6,19831,17598.4,22187.5,19727.6,17998.9,20064,20738.3,19510.9,17857.5,19427.9,22183,18207.7,20676.5,23008.1,20914.6,20384.7,22744.2,19978.8,20600.3,19142.7,19277,18709.6,21925.3,23298.6,20729.3,19144.7,21583.9,20631.6,19127,22954.7,22228,24879.2,18620.5,24896.9,21322.5,19487.4,20500.4,24147.1,19862.5,18424.1,23630.8,21673.9,18938.5,23584.8,20218.8,24049.1,20494.7,19256.9,21141.6,20845.4,18766.5,20060.8,22080,19074,21263.4,19160.6,18264.7,19026.7,19769,22246,19408.9,18513.6,23707.2,18010.1,20780.6,19949.4,21104.2,24419.4,20118.8,19342.6,20989.5,24492.7,24127.8,24840.8,20386.3,19686.7,20131.1,23196.8,18458.9,18945,21153.7,18865.6,21092,17457,17827.1,18470.5,22161.5,17990.2,20543.8,20963.6,21960.8,22525.8,23430.3,17700.7,20832,20033.1,21551,17814.2,19462.9,18131.8,23832.5,18161.5,18485.7,22512.5,20471.7,23672.9,21268.2,24322.6,21250.2,19140.8,19068.5,22186.2,24528.2,25285.3,20701,21957.4,24864.2,22948.1,19849,22150.4,24357.1,22454.1,21724.7,23552.7,24483.3,24357.4,21623.2,21884,20525.2,22713.4,21549.3,19935,21049.3,24111.3,20665.9,21200.5,21907.8,23792.4,25162.6,24911.2,25968.4,20058.5,20605.8,20519.8,25156.8,20760.2,25173.8,24391,23666.3,21980,20117.6,20094.6,24363,20224.9,21384.1,21324.9,21857,24903.5,19067.4,20506.7,23305.7,19313.1,21370,20018.7,23226.8,19471,19285,22817.4,25381.2,25030.8,19198.2,19462.3,19920,20253.3,24056.7,19498.6,23809.8,21330.4,20533.5,23782.9,23620.3,20561.1,20335.8,20306,19520.1,22304.8,23792,22775.7,19644.6,23467.6,21459.2,24746.5,22276.2,21289.1,25383.4,23143.4,23716.2,18543.8,20270.2,18990.2,18858.9,21017.8,23233.5,19884.2,19347.5,18267.4,22233.8,19534.1,21102.6,19952.5,21670.2,20418.8,23018.5,24384.6,23667.8,22431.2,19070.4,18697.5,23595,21151.8,23996,22736.6,19761.7,23246.9,23413.8,23957.6,23840.5,19753.6,20788.1,23301.4,20459.9,24784.6,24697.7,23139.8,21276.9,19512,20014.4,25119,19374.4,23155.2,18675.1,22941.1,21834.1,20466.9,21622.8,23567.9,20806.8,18692.7,22945.1,24078.2,19679.1,20665.1,19002.8,19442,23557.8,23297.9,22608.7,21338.3,18690.5,23939.3,21138.8,20720.7,19125,20635.2,21792.9,23064.8,21081.2,20116.4,20063.1,25819.4,21766.8,22981.1,20280.3,24100.4,20755.2,24120.4,22162.5,25998.1,26410,23674.2,21299.2,20062.4,26492.9,24479.5,24677.5,22385.4,24260.6,25057.1,25620.1,26233.8,23722.6,25321.7,24082,25698.8,24915.1,25050.3,24803,21599.6,24548.1,26429.4,22470.9,22083.6,26402.9,24348.2,25144.6,23430.1,22063,24090,22797.2,19890.9,24208.5,25622.9,21941.8,23419.3,22492.5,26007.7,22654.2,23422.7,25907.2,23414.8,23464.4,23252.3,26185.4,24170.2,25693.8,33259.6,33812.5
31277.9,30173.3,29092.6,23561.9,27066.3,23950.6,21607.2,22317.4,23929.3,24161.3,24779.9,22861.4,22417.3,21911.5,18690.2,18398.8,18218.1,21535.2,24439.2,23792.7,21652.6,22898.2,22001.1,20684.2,18395.8,20541.7,23739.6,21606.8,19698.4,18793.6,23800.1,18264.2,18661.6,23612.2,22707,21384.6,23391.4,21996.8,18614.2,17607.4,19089.7,18391.7,22603.1,19206.1,22712,21822.6,23264.3,19640.5,19912.4,18102.4,18154.3,21382.4,20180.6,17683.7,18733.7,21286.4,17983,20918.8,21684.5,22923.1,20615.4,23087.7,21530.4,20650.9,22194.6,20184.6,20826.3,20235.7,21449.5,23775.2,23604.6,21765.2,21818.6,23960.9,19155.1,21367.6,19334,21636.7,24775,20828.2,21925.8,19017.2,21573.1,21676.1,22514,21879,22404.6,19914.6,19689.9,19546.2,19980.1,21380.6,20447.5,24758.1,24257.1,23782.7,21507,21330.4,22114.5,24023,20637.1,19747.3,22600.9,19997.2,19882.5,18211.5,23840,23335.4,22623.1,21758.5,23628.7,20871.7,21945.6,20022.8,18780.7,18479.2,21088.2,18545.8,22143.7,22495.3,18253.4,23743.1,24075.1,18303.5,24319.9,18611.5,19405.5,23696.6,19910.4,19472.3,18795,25291.5,19356.5,21157.5,21059.7,22554,23735.4,18735.2,21487.5,22195.7,22815.5,22940,22868,19680,23450.5,17948.7,23436.5,21101.6,23916.7,19503.4,20410.4,23182.7,22775.1,20902.2,15574.5,20866.7,23630.8,20588.2,22543.8,18472.4,21497.3,19778,21816.2,21109.4,21679.7,19563.6,23283.7,20431.6,21181.9,21399.5,24544.7,21488.1,20524.4,25658.4,24939.5,22648.5,21180.3,19022.9,20070,21134.6,19687.7,22659.9,23913.3,22117,25523,22312.3,23306.9,25910.2,24052.2,21241.4,23347.4,22160.9,22238.9,20404,24482.4,21221.1,21262.2,25995.6,23340.8,21179,25009.7,25643.6,25683.6,23610,22863,23326.5,24311.5,24473.3,19331.8,25440.4,23790.3,25569.7,23204.1,24226.5,19643.4,24913.4,25161.4,22563.4,22706.2,24377,20769.4,21468.1,24177.1,23200.7,22266.2,21594.5,22031.1,23459.2,23402.4,21338.9,21245.9,19081.1,23476.8,19379.6,24080.2,23492.2,18332.3,24370.4,18298.4,24308.6,19537.1,22681.6,22480.6,22469.2,19219.1,24958.3,19274.2,24094.8,23375.4,23213.3,21605.6,23364.1,24786.3,22618.3,22124.5,22781,20598.2,23095.6,24091,19855.5,18099,22797.1,23992.9,20524.6,18345.2,21006.3,24376.2,20766.1,23456.1,21787.7,22564.1,19045.3,24420.3,23483.2,22342.8,20798.8,19600.2,20738.1,20006.9,22473.3,23303.8,18863.8,22414,24266.1,20427.1,20987.1,21961,23377.8,21689.6,21983.2,21901.6,22287.9,23857.2,23276.9,24828.5,19187.7,19334.5,22535,22112.1,20838.8,22650,20975.5,22774.4,21780.4,19987.5,23614.7,23371.9,20639.3,23160.9,22932.7,24511.1,22819.2,23667.1,22963.2,21529.3,22919.5,24202.2,20323.4,21128.9,22698.6,19828.4,20289.7,24810.6,22060.4,20244.3,24161.8,23871,24376.7,23181.6,22460.8,20094.4,20625.2,22291.8,26222.3,22489.2,25372.3,22862,22123.1,24065.1,23559.1,23166.1,21228.4,23114.7,26715.1,25939.5,24685.4,20380.3,22084,25804.4,25685.7,22254.1,21269.1,23058,25439.6,21101,24434.4,26132.2,23243.4,20995.8,22534.4,24504.7,22304.2,24681.3,21069.9,24325.1,22384.2,22336.4,20000,19930.2,24312.9,20357.4,19523.4,19518.2,26021.3,25223.1,25574.7,22819.1,21972.2,23846.9,22428,26567,29400.8,28585.1,34198.5
33184.3,28062.2,26816.3,27815,22755.4,24260.9,20738.8,22839.9,24581.9,24197.3,24526.5,18817.3,22705,18493.8,18610.7,23803.9,20705.4,18695.1,19376.1,24519.3,19457.6,20669.9,22249.7,20192.4,19431.6,22016.6,19752.7,18401.6,22108.9,20009.1,23905,18325,23226.5,21980.4,20456.5,19044.6,21584,21758.3,22058,22828.4,22641.7,19014.3,17452.2,22834,18994.3,20599.7,19135.5,22204,17998.5,20222.3,18581,17720.8,20115.1,22141.7,21270,22007.2,19927.5,22703.7,19421.2,17684.3,23645.6,21347.6,21754,19481,24140.3,20371.4,19427.9,21025.2,22841.9,22939.3,18977.8,23456.3,18267.6,20498.5,23448.7,23201.3,19699.8,19539,23998.6,21362.1,18638,21872.4,23057.8,18747,24364.7,22982.4,18807.9,23048.1,24196.6,20797.2,20133.3,24809.9,19691.5,22253.8,19912.8,18924.5,24593.2,23772.7,23454.1,23850.1,22469.6,18271,22435.8,20602.5,20289,19427.2,20344.2,18755.4,22950,20763.4,22429,22068.8,23695.5,21339.3,23884.5,23981,17677.7,22793.2,20276.4,17740.6,20048.6,22933.4,20788.1,22563.2,23273.3,18977.4,22938.6,23704.4,24899.1,22042.6,24335.6,24407.5,19267.6,24678,24879.1,22101.2,23628.3,21701.5,20854.9,20520,22640.7,22551,19189.8,17673.5,20504.3,17439.9,17652.9,20441.6,17619.7,21093,22901.5,22699.9,19641.5,22284.3,19298.3,20450.1,18331.1,21277.8,22673.9,18432.2,18093,20585.1,24234.3,21333.8,23561.2,22261.4,18680.1,23644,23607.2,24920.4,25379,22156.9,23409.7,23974.4,22466.3,19861.3,21625.8,20237.1,22374.1,21822.6,21788,24035.6,20792.6,22662.2,22513.7,20231.9,26128.7,24014.8,21254.1,25131.4,19803.9,21085.9,25477.9,21333.9,24116,23222.9,22781.6,23528.2,21722.3,21759.7,24833.7,19570.8,19360,19768.2,24664.4,24599.6,23389.8,19374.7,20844.9,21399,19132.3,20416.2,21137.6,20756.6,19350.2,25171.6,20052,22135.6,20137.8,21795.3,23749.5,22487.3,20879.4,20706.9,20797.7,23502.1,19168.9,20499.3,19310.2,19955.5,20008.4,22423.3,23342.2,23113,21270.7,20833.5,19321.3,20055.4,21488.6,19059,19671.6,24337.6,19107.6,21237.5,23308.8,21053.2,22298.1,24970.2,19157.7,25752,21943.5,21165.7,22578.9,21459.1,22451.7,20334.6,23664.4,19291.2,21215.7,22445.7,23583.8,23372.7,19555.9,20056.4,23804.9,19596.2,21871,19206,18636.8,24835.3,23095.9,23003.5,19410.3,22944.1,23911.4,20426.7,24481.9,20572,17710.6,21365.2,23062.3,22875.6,23312.6,19382.6,18208.1,17688.5,18621.8,19317.1,22859.4,21266.6,22013.2,22958.3,24241.3,20531.4,20769.7,19993.7,18413.1,21047.8,22001.2,18708.8,21303.9,23302.2,23483.2,24142.3,18397.9,22414.6,24467.4,24065.5,18868.9,18304.6,20214,21621.9,25038.3,23509.5,24493.9,24218.9,20230.6,24727.3,19430.7,21650.5,22740.3,22584.4,23228.1,20548.5,25754.4,20498.2,21660,24240,22893.4,21768.4,25194.1,22001.4,20824.8,20366.2,25030.8,25271.7,22958,26012.2,22081.6,20994.2,21404.3,25068.9,24617.5,23438.3,23846.4,21747.4,26325.9,25413.7,19963.1,24034.9,23336.5,24186.3,22271.1,20368.2,19900.9,26139.9,25056.4,21410.6,21797.6,22447.8,19864.1,23912.6,23194.9,23646.5,20166.8,22038.7,20661.3,20566.7,23621.8,20715.9,25410.6,24887.2,24372.5,22855.5,23539.3,22527.6,20725.4,25590.8,23745,25635.4,26027.8,30135.8,26987.8,34386
32992,26631.6,27051.6,25719.3,24546.8,22332.2,24485.3,20240.7,24286.7,23848.5,24286.3,19262.7,20247.3,22449.6,24081.8,21326.6,21725.5,22910.8,20056.9,21256,20631.2,23772.1,23949.6,19776.8,20680.6,18845.1,18250.5,19834.3,24246.4,23820.7,21081.4,21042,18456.9,22185.4,22303.1,21417.3,22616.2,19428.3,22045.5,22082.9,19607.4,17816.6,21824.2,20425.9,20359.1,20172.3,17723.9,17947.5,17766.7,18168.7,19477.6,19156.6,23119.8,22819.8,23935.2,20187.7,20366.7,19612.4,19174,22138.9,20467.8,19848,22671.7,18105.7,21516.4,19403.6,23936.7,22810.3,20036.3,23976.5,21646.3,22408.1,21317.5,19858.5,21529.9,21279.2,21265.9,23465.2,21583.7,23716.2,22884.5,22196.9,18657.5,22997.2,20658.2,21455.5,22389.8,18967.3,19713,19820.1,21482.5,21170.4,23642.4,20503.6,21748.8,19031.6,21763.1,22150.3,18174.2,19756,20833.4,21590.8,22807.3,22239.1,20215.9,20629.6,19858.8,21948.4,21191,21168.2,22784.4,24432.6,23105.2,18319.3,22453.2,21991.6,23840.5,18084.7,18445.1,21963.7,18766.9,20850.9,18129.7,20396,24231.4,22752.3,23345.4,18950.8,21794.2,23417.2,20887.8,21854.7,21175.9,25079.1,22636.6,19167.1,20107.4,19202.6,21931.7,20967.6,21749.6,18309.5,21512.6,23794.9,19464.7,23424.7,21499.6,17481.9,18279.3,20086.9,21847.8,21338.3,20375.3,18640.9,19993.3,21236.5,18095.1,24224.4,18318.7,19501.5,22987.9,22021.3,19190.9,20311,24026.1,21173,21360.9,23996.7,21538.5,22284.7,22635.8,21664.6,22952.7,20472.1,24824.5,20451.3,19451.8,22265.5,21505,25697,20697.2,25375.9,21223.3,20380.1,22267.5,24574.6,24738.1,23436.5,23854.5,20660.3,20808.6,22105.5,22584.9,25337.8,24862,20590.5,22565.6,23827.4,21852.1,25880.4,23889.6,20932.1,20656.8,23309.5,24771,22650.4,21435.4,22507.8,19408.8,23844.2,21952.9,19641.4,20823.6,23754.5,19059.9,23666.6,24307.6,22331.7,22891.7,19733.1,19309.3,19272.4,19921.5,25031.6,23698.8,24543.1,22797.6,24530.2,25316.3,24557.2,19844,21593.4,22533.9,22377,24691.2,20330.5,20751.7,20623.6,22514.1,24952.5,18803.3,23518,18234.4,21016.3,21085.8,19509.8,19403.5,23453.9,25300.7,22450.7,24134.8,20448.2,23961.1,20404.8,19363.2,24699.3,21333.4,21615.1,19394.1,21160.1,20814.4,21882.7,20853.8,22255.6,23492.7,23877.6,20394.7,19535.8,24416.9,23285.6,23495.9,19584.1,20771.9,23477.8,23052,18734.7,24318.2,18813.9,24406.7,23450.6,23971.2,19241.7,23536.7,18512.7,19544.4,19679,24020.1,18040.9,19144.6,18838.9,18983.3,21249.8,23244.4,23935.7,21695.8,22717.4,23865.9,19075.3,21492.1,18259.7,20309.7,20473.9,18352.3,19053.7,18198.4,18266.1,19463.2,23698.8,20555.7,22486.8,21891.5,20637.6,23175,24523.8,21723.9,23395.6,19957,21682,23258.9,20054.2,23943.9,23176.7,23376.6,23977.8,21383.7,19686.4,25415.8,23885.5,23256.2,21066.8,22623,23313.1,22240.1,26273,20990.3,26286.9,20993.8,24428.4,21979.7,20871.5,21788.4,25835.4,20905,25498.7,21275.5,22521.9,21242.9,20368.6,21249.2,19817.5,21149.8,21759.3,20695.2,22430.4,23745.5,20307.9,23392.4,22827.8,20702.2,26235.1,21220.8,22233.2,20005.8,22605.3,21728.4,19775.5,25481.7,24209.9,20937.3,24685.8,23475.4,22579.9,22994.1,23277.5,24655.9,19871.2,22170.1,23608.1,24348.5,20979.6,25027.7,26441.7,30228.2,35246.4
36530.2,31368.4,26880.5,27124.2,23162.5,25474.8,22838.6,20290,23347.9,20453.8,21235.1,20441.1,18673,23587.7,22696,18572.4,19445,18379.4,19914.9,19328.7,20641.8,20526.2,18414.9,20713.4,24151.1,17959.9,21036.1,21185.5,23473.2,18710,19657.8,20221.8,19446,20181.6,19747,20385.1,19036.4,21413.2,18000.8,22569,20581,18688.4,23479.3,20796.2,21926,17838.2,19164.1,18038.1,17759.1,18176,19588.3,23860.4,20476.4,18287.6,19766.4,21293.9,24098.7,23216.5,21606.6,21336.3,21161.3,21414.6,19765.3,22437.2,23835.8,18863.3,21457,17879.4,21032,20265.9,22925,20506.9,23935.9,18426.1,19829,24405.8,21328.9,20539.1,24033.9,20883.5,20532.8,23882.4,20254.9,24459.1,20445.2,20905.9,22347.8,18620.5,19321,19473.4,24127,24026.8,20149.6,19541.3,24418.3,20325.8,22052.4,23933.3,23394.7,19151.2,18754.5,20535.4,22237.5,18323.2,18484.2,23855.9,23539.4,18903.9,23100.1,22920.9,17857.3,24049.6,20630.6,19004.8,19313.5,21282.3,23135.8,20359,21214.5,23155.1,20499.8,19881.6,23675.1,18180.9,20614.3,18782.7,20939.7,18574,24061.9,20358,22786.4,20144.6,21008.9,25271.2,19144.8,23702.5,23675.4,23838.3,19352.4,21457.3,23722.4,21773.4,18135.4,20872.7,20245.7,22617.9,22578.7,18876.4,22031.5,19681.5,18926.1,22100.2,22863.6,21392.6,19151.5,21999.4,23386.2,19963.6,23979.2,21264.5,20570.9,20280.7,22567.4,22724.5,20132.1,23587.7,24494,23841,24772.3,23024.9,20908.4,23805.6,25210.5,24953,25555.5,25595.3,21193.6,23687.1,25497.7,23355.2,20111.6,22976.5,20011.9,22584.5,24267.6,20776.9,26190.2,23266.3,20382.5,20526.4,21716.7,21889.1,23750.5,26150.8,23724.1,19688.8,20170.6,21983.6,25459.1,21110.2,23761.5,24857.4,21120,19504.4,23239.4,22879,21310.6,24987.4,23390.6,21664.1,21995.6,21981.9,20794,20865.5,24814,24320.7,21623.8,22753.6,21396,22337.8,20541.7,23934.2,21076.2,23099.6,21466,23291.2,22289,19897.2,22353.1,23197.8,20392.9,22717.1,23361.1,24253.2,23472.6,20822.8,22544.9,19990.2,24187.1,22260.8,19437.5,19766.7,19473.3,22525.6,21118.2,24569.3,21134.3,21692.3,25374.3,19596.2,24263.5,22825.7,19984.1,22964.1,21398.5,24883.8,23941.1,18900.6,20010.6,19894.4,22900.2,18250.3,17722,21122.2,20584.8,23393.7,20890,24237.4,18594.1,22108.8,21434,18911.2,21759.6,18294,23222.6,20557.7,19642.6,22171,22786.4,18778.6,21902.3,18527.2,18622.3,17842,19262.7,21464.1,24293.7,24170.9,24036.9,24411.6,18392.6,21419.1,23351.7,23803.7,24782.8,22551.3,18458.3,21695.3,20418.4,18408.6,22750.5,21940.8,19611.5,18563.6,24069.5,22569.1,21933.8,19444.6,22027.6,23200.2,21992.4,22068.9,22844.8,25321.6,23915.5,19187.6,19250.7,23921.1,19791.2,25068.7,23574.9,24816.2,20804.3,26131,20695.8,23607.2,24593,23954.3,24690.7,20995.3,22526.5,21976,24131.6,20780,25522.1,25212.5,22560,24207.8,21121.7,24001.6,26281.2,25072.6,25394.6,26349.6,26471.9,26091.4,21813.1,21832.1,19852.7,25368.4,20985.2,25075.1,20302.4,23299.4,25495.3,25544,26384.6,22127,20755.9,21551,25925.5,25604.6,20016.6,23673.2,23950.3,21330.3,24873.4,21075.9,25829.8,25341.8,21750.1,19765,19868.6,22738.1,19960,23881.8,21964.8,23797,24984,25379.9,25613.3,24764.9,29033.1,34031.5
34232.1,30903,25235.3,26300.8,25913.6,23394.5,19705.6,23632,19989.2,22587.8,18773.2,18855.3,21504.9,19862,23486.4,23818.4,23788.4,19495.8,21692.2,21125.6,23807.7,22489.5,23372.9,20433.5,19629.7,23196.7,19219.8,19503.6,24285.2,24355.4,21113.1,19278.7,18478,21105.7,19600.5,18214.3,19457.8,22229.6,17864.2,20004.9,19455.3,17337.1,19743.5,19391,17545.1,21983.9,20006.8,20970.2,23377.4,23733.1,21494.7,18786.8,21310,21446.1,17931,22384.7,23220.4,23048.6,23306.3,20925,23243.4,22010.8,23730.9,18912,18683.1,21343.6,22005.4,22807.6,17358.2,21198.3,22418.8,18207.2,24833,24365.1,24041.6,20632.8,20934.5,23416.4,19667,18606.1,18589.6,24066.1,21573.4,19357.1,19639.7,21048.7,20950.2,21466.9,19011.8,25101.8,23573.9,22216.7,24327.4,18892.5,24884.9,24583,21804.9,18559.5,23261.6,17778.7,18300.9,22327.8,22226.3,18074.5,20218.6,23783,23842,17856,21025.7,23063.4,19937,19141.8,24308.7,18718.3,18727.7,17935.2,21456.9,23307.3,18353.9,23799.8,19548.7,21375.1,23139.1,22852.2,24128.4,23303,21755.1,18966.8,20521.8,24151.4,23297,22671.1,21277.5,20250.5,19026.2,20655.5,17971,22849.5,21643.7,21296.9,21811.5,18553.6,21868.1,22051,22509.4,19814.2,20887.3,23680.7,23136.4,20379.7,22680,22453.9,18127.9,19369.4,20126.5,19451.5,19932.3,21854.8,18472.3,20314.6,21796.7,22636.1,22733.7,22318.2,22541.5,22844.3,21659.7,24858.4,23902.9,23292.2,25604,23949.4,23403.3,25408.8,20071,20985.5,23005.7,20575,24880.4,20986.2,19327.7,24651.5,21432.4,22136.7,19901.1,25552.8,26247.3,25445.1,21844.5,21501.6,22172.9,22015.9,23706.4,19576.7,19474.5,23485.3,24230.2,23566.4,24609.9,23574.8,22414.1,19555.3,25279.6,23123.6,24865.7,21329.4,19723.4,21808.5,20775.9,22735.7,24419.9,20146.4,24572.4,19118.6,20014.8,21718,21770.7,22540.9,21385,19897.7,24433.7,19619.7,23390.5,19826.1,19046.5,24753.7,19157.7,20877.3,23201.1,23143.7,22424,20081.3,19682.8,24225,20211.8,19783.8,20780.8,18531.7,19910.6,19298.4,24269,18519.8,21015,19770.3,23654,22156.6,23492,22838.8,23701.7,24816.7,22702.4,23683,24662.4,22840.9,18705,19160.3,19919.9,19087.3,18947.8,20108,19927,20899.9,23501.4,18694.8,18966.1,23298.6,20622.8,24370.9,23420,20836.6,22020.4,19476.2,18594.1,24539.9,22430.6,21751.3,19403.8,20397.5,19595.7,23643.2,20665.3,24600.5,19763.6,19303.4,21760.9,18103.6,20628.4,21073.8,22260.3,17916.8,24307.1,18474.4,22309,23039.5,22752.2,21633.4,23007.2,19678.8,21431.8,24035.8,22643.1,18859,22266.4,22361,23483.2,23645.4,23487.1,19466.6,21734.7,24074.2,23821.8,21941.2,22437.9,18614,22070.1,21219.1,19011.3,21364.2,18798.4,20155.7,24753,24378.5,25061,22258.5,22987.8,20455.6,20086.3,21695.7,24798.1,24193,26357.7,23702.3,26426.1,24988.3,26509.6,24472.8,23968.4,25198.5,24298.1,24970.1,23194.9,21447.6,23207.2,26870.1,24636.1,26652,22484.9,22396.8,22746.7,20096.2,22642.9,19536.3,22823.2,21755.9,22728.8,24912.1,22175.2,24466.4,20202.4,21180.8,19889.3,25306.2,22842.6,24174.7,25714.9,19918.8,19683.7,22813.3,23385.7,23917.6,21052.5,22873.9,22069.2,25435.3,21510,24189,20758.6,24332.6,20393.5,25350.5,22538.1,25971.2,32151.6,32008.9
34151.6,27113,29032.8,22202.4,22913.3,25436.8,21239.2,23533.6,25057.5,21255.7,23707.5,20568.1,21156.8,20810.8,20237,19845.3,22526.3,21707.1,20279.1,23139.7,22271.2,18864.2,21876.4,19024.5,19483.8,23424.4,22187.1,22002.3,22477.3,21826.3,22898,19587.5,23630.3,22349.1,24011,19636.5,20122,19280.4,22416.5,17703.3,21370.5,23674.2,23743.3,19688.5,22881.4,20109.5,22876.2,19306.3,18325.6,22377,23472.2,21658.8,21106.2,21512.7,23170.8,19436.1,23580.7,23410.3,21323.3,20815.3,18298.7,19376.7,18621.2,22284,23541.1,23183.5,21158.5,21879.4,17951.6,18492.6,18227.3,21700.5,23394.6,24205.2,20049.6,23767.7,23995,19017.5,22301.6,20100.7,21086.1,22472.6,21415,21498.1,20066.2,19490.3,25017.1,18695.7,24094.3,20165.3,21780.7,19456.6,23898.9,25043.3,18576.9,21660.3,23921.4,22670.9,23236.1,19332.9,23970.3,21553.8,19351.7,23514.5,17878.6,23120.6,18108.3,22950.6,21348.1,17619.1,17525.4,20217.7,20006.7,19932.9,17747.5,24055.2,23651.4,17306.3,17209.2,22773.2,17837.1,23931.8,22953.5,23265,22589.2,22295.3,22699.4,24140.6,21141.9,20336.1,21678.7,23005.1,21269.1,20796.1,24992.2,21497.6,22588.4,18631.1,17646.5,21521.1,19746.3,21613.2,19606.2,21194.3,19629.8,23448.3,19146,22658.2,17754,17917,17664.2,23759.8,19146.6,18981.2,20602.4,19414.6,23964,21201.7,22213,19812.5,23921.1,19504.8,22780.6,19758.1,19760.6,22484.1,22090.4,19564.5,23656.5,20389.9,20850.1,21339.9,20158.9,19900.3,19623.9,21608.5,21162.4,22441,22919.7,22788.5,23823.8,25670.3,24362.2,22334.8,19845.8,22975.8,23690.1,26011,21961,25993.4,25262.6,21951,23974.1,24063.9,22926.7,24912.7,23211.8,19339.4,21650.7,19581.1,20329.8,24206.6,24229.5,22736.5,23379.5,22986.6,20104.2,24312.5,21248.9,19722,24977.5,19934,22841.3,25148.4,24272.1,21477.8,24176.6,19244.3,21996.8,19971.6,23051.1,23971,20976.3,20885.1,20775.1,24759.4,25146.2,21032,20822.2,24949.7,24276.5,21152.3,19144.8,23410.2,24457.3,23804.1,22945.6,22135.4,23554.3,22782,18682,23275,23051.9,22865.7,22554.5,22406.4,22750.2,20585.3,24671.9,19490.9,20642.7,22048.4,20899.1,19527,19595.3,22569.7,19494.1,24422.8,20272.9,19169.8,18371.1,22941.5,23568,20836.1,21250.3,21669.5,23990.2,23116.3,23824.5,21622.9,19816.8,18595.5,18677,24475.9,22190.5,23007.2,20737.7,22274.8,21915.6,24522.4,18221.3,18531,20688.2,19025,23475,19108.8,21873.5,23548.7,18242.2,22063,22400.7,23811.9,20160.8,23158.3,19148.4,21460.9,20274,19192.6,21101.2,21306.2,18530.3,19594.8,21953.2,21113.7,21366.2,20097.2,19040.4,23171.5,23123.7,21423.5,22909.3,19364,18763.4,24224.9,21576.7,20345,24442.3,22527.2,19457.5,20119.5,24716.8,25994.1,25630.5,21866.7,23022.1,19772.3,20998.3,22433,22006.8,24860.8,20723.7,23572.1,25782.7,25804.7,26141.7,24644.4,23174.5,22027.2,24901.5,20609.4,23328.9,26305.1,25979.9,22440.9,24769.9,23074.7,21660.1,21757.8,20410.1,21188.2,21778.6,19889.9,23281.3,21191.8,21496,21589.8,21050.8,25480.3,23468.4,21440.2,21523.5,24073.8,23468.6,21699.1,22371.1,22920.5,23003.5,23140.8,20340.8,22051,22088.9,24049.7,21176.8,25899.2,23387,22057,19969.1,20311.6,26351.2,26906.4,23080.2,25157,26913.2,34549
35626.3,28025.3,28223,26039.2,21248.7,24481.5,19343.9,23099.6,18773.8,18362.4,22713.4,24013.1,20326.2,21049.3,21281.2,19799.1,23618.8,20156.3,22199.2,18512.4,20982.1,21035,22902.3,20866.8,20407.4,21727.6,18976.9,23822.9,18151.8,22403.1,23032.5,20846.5,18853.6,19224,21496.4,18966.9,20019.2,20336,18038.3,21372.4,20524.4,18249.2,23551,23426,18810.1,19586.4,18200.2,18844.7,17554.5,22170,20295.3,21942.1,21325.3,23705.8,19372.9,23962,23784.1,22885,22757.4,21296.3,20812.2,18946.3,17487.3,17540.6,19332.4,22236.4,23458.7,22649.9,18166.1,17312.3,21100.2,22440,21257,21182.3,23317.1,21477,24019.9,22088,23727.8,24494.1,18519.9,23356.2,18776.3,23893.6,18752.6,18854.7,20048.5,18560.9,21110.2,23876.2,23568.8,22628.6,22012.8,20552,21164.2,18410.7,20275.1,21238.7,24158.1,20445.7,18566.8,19833.5,24092.5,23167.6,19320.5,22811.1,20837,22372.5,22447.8,19395.7,22758.9,18957.9,23697.4,18131,23640.1,20044.5,18934.1,20688.5,21113.2,22314.7,20144.1,17845.7,21354.5,18016,21220.6,18285.9,23189.8,20871.4,23911.3,21682.9,20773,20159.3,22022.2,22943.3,20011.2,20505.4,22220.3,20903.1,17555.8,20197.8,18119.4,22737.8,23695.5,18899.1,17805.3,20981,19644,18960,21805.4,22651.8,20098.8,23027.2,22515.4,22565.3,17671.4,19727.2,21224.2,19114.5,18168.4,22566.4,21258.5,22475.8,19698.9,22866.7,24169,22265.2,21078.5,23757.6,21342.7,23578.3,19618.6,19845.8,23736.6,21485.7,23441.6,25479,20446.7,24224.2,20106.1,25168.6,25009.7,22191,23880.1,21223.8,22837.6,21274,22010.6,24988.9,21964.7,25283.9,24829,25645.1,21945.5,24064.2,22056.7,20960.8,20985.9,19486.2,25322.7,24610.3,20782,21701.2,22784.3,24724.5,24497.5,20242.5,24509.3,19181.3,19651.2,24141.6,19319.8,22155.2,20672.5,22711.2,19593.2,19133.3,23059.4,22705.5,20443.9,22282.4,23408.2,24205.9,23712,18842.2,22434.3,20876.4,24669.5,21092.7,21795.7,23433.7,23786.1,23340.3,19296.7,20357.2,21855.1,24874.5,22254.1,21439.7,20823,24573.6,19878.2,24239.9,24792.4,22185.1,23165.6,24720.9,19416.6,20796.5,20462.8,20945.9,20113.5,21875.9,20488.9,20136.3,23226,20436.4,19341.5,18498.9,20028.8,18425.5,18709.4,19291.9,22523.1,18167.2,24346.3,21766.3,23444.1,23429.9,22586.4,22778.9,20118.5,23799.6,22535.3,21691.5,19885.7,23414.1,18953.1,24163.8,21450,22547.4,20467.4,19595.1,17812.2,22661.1,21927.5,21307.4,20176.2,21905.5,23234.6,18369.9,19800.9,20736,21520.1,21652.5,19513.2,20016.6,24050.2,22264.3,22019,18678.8,18395.4,21153.6,18774.9,24018.7,19502.3,20251.3,19418.3,22733.5,24138.2,20043,23905.4,22490.1,24854.6,20683.5,22562.3,19351.1,19743.8,22241.5,20688.5,19764.1,23363.8,21606.1,21988.7,24685.4,22241.8,22410.7,23366.1,22426.9,21485.1,24688.7,24083.2,26756.1,26668.3,21972,23178,23064.4,22753.3,26141.7,20340,20286.4,22368.4,25297.9,22045.9,20566.3,20541.5,24258.1,21632.4,25871.7,22037.6,19752.2,22040,24797.8,21440.4,20197,24570.3,22658.5,23923.1,22263.5,25802.1,20387.8,19582.7,24547.4,21924.7,22991.4,25858,24201.5,25456.7,22079.7,25225.9,21614.5,21957.2,24422,22357.3,20201.7,21232.9,20862,20255.7,24812.4,23617.5,20768.6,27989,30489.8,29837.5,33115.1
36769.8,30496.1,24755.5,21949.7,21572.5,25518.9,23390.4,23105.1,23687.3,19851.3,22099.3,20307.2,20302.1,23597.5,19376.9,23037.1,19909.3,22830.5,21352.5,21958.4,18933.5,22702.8,19546.1,20917,23379.4,21689.3,22859.5,21056,20204,17971.4,20991.2,17930.3,21287.3,24207.9,23772.6,24271.8,23588.7,23158.8,17885,23138.5,20676.5,23396.8,22385.7,17583.6,23835.8,18010.8,23764,21194.2,18168.6,18307.5,19611.2,21848.4,18678.2,19111.8,21194,21013.4,18287.3,22177.4,20646.5,18357.8,23366.3,23101.6,23249.4,21112,23744.6,20288.8,18019,20962.6,18543.6,21593.9,22525.7,21185.3,21311.2,23732.7,24076.5,20233.6,19344.6,21616.9,21951.9,20954.9,24353.8,24881.7,20579,20846.7,18728.1,23518.2,21386.3,19158.8,23440.5,21806,19688.4,18718.6,24129.1,20222.7,19482.5,23662.7,19875.5,24583.5,24044.5,18166.7,21483.6,20668.2,20624.9,17797.8,22336,19018,24116.5,19944.7,22942.2,24175,18101.2,21115.2,21205.4,18634.2,24016.8,23923.9,18905.4,23893.4,18830.5,20362.8,17393,19221.1,23770.6,23153.8,21558.2,18754,19200,20764.5,22499.8,19452,23543.8,21677.2,21661.1,23317,19910.7,24638.9,22159.7,22563.5,23211.9,17959.5,19254.5,19457.7,19020.6,22984.3,21906.7,21817.1,19420.9,23744.8,22675,19228.4,19627.6,24050.4,18017.6,21837.5,18420.7,18083.7,20299.1,20370.5,18405.9,20461.4,23030.7,23578.9,21699.8,21373.7,18993.5,18561.5,20513.2,25049.3,20283.1,19151,22078.6,25378.9,24644.4,25372.7,23295.7,25772.5,23271.1,21053.2,21647.1,25730.9,19400.3,23007.8,21654.2,24318,20658.8,20009.8,24666.5,23906.9,21342.4,25179,22965.4,23485.2,21876.6,20994.3,24945.9,23588.6,23478.7,24267.6,24239.4,20348,23570.4,21046.4,25483.4,20668.5,24751,25511.3,20661.2,21942.2,24915.9,25045.5,24770,23342.7,21378.8,20499.5,24019.4,21523,22756.5,23751.3,23743.3,23804.4,18699.4,19092,22089.3,19272.5,22070.5,19864.3,19189.5,22705.6,19437.3,22330.2,23694.5,23968.9,23724,23610.9,19025.1,20722.1,20693.4,19365.9,21472.2,21377.4,19691.5,22395.7,20376.4,24388.1,24907.3,25398.9,21497.4,19938,22300,23127.4,25630.3,19994.8,19601.6,19621.5,24402,21640.2,19492,19359.2,22110.5,22926.2,20893.5,18181.9,22166.5,23478.5,20231.4,19622.7,18886.8,24209.3,23291.6,23814,22154.9,24072.8,21516.9,23215.7,18973,22498.9,21657.5,23796.2,24048.2,18681.4,22242.7,22747.6,20192.6,20271.8,17771.8,18834.5,20063.9,19770.2,17693.7,19986.9,18139.5,20508.3,23389.4,23247.1,18187.9,18620.8,24235.6,20036.9,19747.7,19705.2,22749.6,19953.6,22736.8,20124.2,20208.7,23046.1,19124.5,21372,24590.9,18598.8,22306.3,24207,24001.1,18714.4,21247.3,21690.2,21696.8,21140,23722.3,21215.3,20864,19672.5,24641,26047.9,25517,24616.8,24285.7,25779.6,20723.7,23897.3,22217.9,23187.5,25388.4,22870.7,26528.3,25339.3,22937.5,22372.6,22599.3,23390.2,22908.5,26230.3,20548.8,22478.5,26722.8,26324,22100,21530.7,20287.8,24333.4,21623.1,20201,23245.9,21133.4,23605.8,20923.3,24948.1,20837.1,23564.8,23973.9,19753.6,20502.3,22227.1,21287.4,24548.6,24696.2,21079.9,21113.6,24051.5,21512.2,25863.3,20458.6,26105.4,21662.7,21509.5,25951.6,20980,24915.8,25966.3,25709.7,23944.9,23683.1,30412.8,32586.3
35097.6,30440.9,26143.5,26308.9,21970.2,20607,20883.2,22959.5,20706.6,19101.3,19860.1,21035.1,19032.4,23053.9,21593.3,19594,19585,21916.9,22642.6,19160.5,18789.5,18844.7,20941.1,23227.8,23288.7,24149.8,20739.2,23574.3,20355.4,23916.2,22426.8,18967.1,23906.3,20917.6,19364.8,20631.3,19299.4,19248.9,19133.7,19935.1,22495.9,18055.3,23689.5,17684.5,21044.3,18783.8,20230.9,18832.6,22305.5,23714.2,20866.2,18779.7,23577.1,20448.5,17656.4,23378.6,24124.3,21229.1,23745.8,21188.1,18638.2,21893.5,20382.6,19398.7,23962.9,20341.2,20206.2,21671.2,23265.2,21095.7,20580.7,22484,20991.5,23790,24050.4,23217.8,4662.46,25108.7,20268.5,22827.9,24519.9,22196.3,20209.7,19840.2,20344.5,23833,23656.8,21296.8,18938.2,20991.2,21315.5,23755.6,18947.7,18807.4,20858.7,19395.9,24153.4,23294.2,20539,18602.3,20284.1,20808.7,18096.5,24186.2,20817.3,20273.1,20047.5,20248.8,18875.1,24016,20024.2,20648.7,18827.2,18274.9,20514.6,20977.5,24110.1,23983.7,22778.9,18847.8,19655,17637.1,22425.7,20177.7,22965.2,22060.1,20544.6,20737,19949.8,19786.5,23166.5,22765.2,20748.2,21093.4,22816.7,18858.6,23084.7,18855.9,19589.6,17854.1,18211.2,18945.8,21815.1,22345.2,22963.4,19489.8,21667.3,18404.1,18264.7,20478.4,18233.9,22008.8,19731.7,21057.1,18723.3,22161.7,18357.3,19882.7,19655.3,22284,18503.6,20904.7,24024.4,18922.4,19901.7,23165.2,20878.2,19445.2,21818.1,22900.7,25254.6,23430.1,21486.4,20370.1,20943.1,19884.6,22957,21643.4,19832.9,22050.4,25673.2,21528,24520.4,23053.4,21865.5,25801.4,25680.4,24383.6,26102.6,22123.5,20461.5,20070.6,20456.7,23009.7,23357.3,21799,23055,25316.6,22517.3,25062.8,21580.6,19997.9,23701.2,23127,25436.6,22952.5,23157.8,22808.8,24907.5,24868.4,25840.1,21558.1,20016.2,19106.6,21025,25501.3,21914.7,19035.9,20590.1,24125.1,24444.9,20502.9,21242.9,21118.4,20982.1,19364.6,23273.9,25321.3,24355.2,24990.1,19633.1,20110.5,24564.3,19308.6,24009.1,24519.8,21839.4,23409.5,18955.1,20632.8,20964.8,24408.9,23106.7,22232.8,23357.7,24133.7,22663.2,21501.4,21895.3,25665.4,24119.8,19984.5,19341.3,21499.7,18699.4,19022,21338.6,23992.9,18696.3,20467.8,18722.1,18714.2,21416.6,21625.5,20286.4,18894.4,21204.2,24272.4,24837,19254.2,19336.7,19641.3,22183.1,20616.1,19442.6,19566.1,23397.5,21313.7,18527.2,22319.3,20885,18076.8,20271.8,18949.2,18034.5,21659.8,21435.6,23350.2,19727.4,23467.2,22843.2,23951.7,18580.7,21981.3,19447.3,20830.7,18825.8,18328.8,19127.4,19082.4,19199.3,23854.7,23579.2,19538.1,21748,21880.1,18001,22513.6,20081.8,20389.9,24541.9,21946.5,20593.5,19869.9,24584.4,23842.5,19977.2,25107.5,20601.8,21360.4,23412.3,22936,21420,20903.9,20168.1,23729.5,24668.8,23774.9,25922.4,21474.6,23290.3,25812.5,21569.3,21314.4,26603.3,23201.6,24512.8,25285.2,19892.2,23393.3,23977.3,24919.9,23881.4,25988.5,20990.3,23453.7,19854.1,21656.6,23787,26023.7,21278.8,21236.7,21313.7,23645.4,20476.1,22134.5,22440.5,24623.5,23211.1,26136.4,25519.1,20392.5,23830.1,25388.5,23522.9,21792.5,21931.5,23835.8,23223.1,22018.4,22510.8,22780.8,23998.9,20131.2,24335.6,23354.1,21152.5,22350.7,23037.9,21906.5,26541.3,25884.8,29581.4,36255.5
31604.1,29117.8,24395.7,26336.4,25575.6,23887.7,25252.2,19393.6,20580.7,19407.3,19637,18198.3,24446.2,20409.5,22650.4,18881.7,23483.8,24152.7,21063.3,21710.6,20210.7,23465,20783.7,19692.6,23329.6,24205.3,18548,19726.6,22193.6,21748.6,19960.4,20276.1,23187.4,18550.3,23636.4,19229.6,19518.9,17802.5,18533.2,22341.2,20993.7,22477.8,20614.1,22311.9,17705.8,19089.9,23319.7,21794.6,21730.4,18581.9,21284.8,21515.7,19241.6,20707.1,20721.6,18300.2,18365.6,20746.7,18614.4,22393.6,20738.4,23004.6,19339.3,19832.5,18439.1,17946.3,20865.3,21483.1,21020.8,21404.5,21667.5,22495.3,18745.7,23054.1,21429.2,24859,24967.3,19488.1,24368.6,23320,20139.7,23129.1,19585.8,24905.7,20245,18287.9,19415.4,18949.4,20367.7,22632.9,23967.1,21688.8,22793.7,21434.4,24181.3,19442.9,18445.6,23086.9,19599.7,23729.4,23563.9,20932.7,23902.6,20032.2,18738.9,23322.6,17718.4,18962.7,18309.3,19142,20789.2,22417.8,20577.6,24304.2,20376.3,20788,20569.3,21849.4,20134.8,21853.7,21555.8,19407.3,22890.1,19583.8,18803.1,19384.2,24153.1,20203,22298.5,20037.6,23954.7,19535.3,23732.2,24739.1,24383.2,18342.3,20200.4,19548.3,17289.4,21269.3,23808.5,22423.6,19507.1,18917,22095.8,18403.1,23478.7,18861.9,21155.5,20043.5,22557.6,18352.7,18913.8,18850.4,15891.7,17436.4,23889.1,18208.8,20297.9,19737.3,23452.3,20080.8,23068.3,24690.3,22050.8,24597.2,22533.9,20295.9,23116.5,23957.2,19720.3,24752.8,21971.3,24399.1,25159.4,20093.3,25362.5,24640.6,19566.4,24098,21291.9,24324.8,21089.7,24804.8,23649.2,20728.1,20122.8,21766.5,24548.7,20346.7,22881.4,22947.3,25306,24146,21338.2,23673.1,23130.1,24951.8,25703.1,23388.3,22292.4,21895.5,20967.6,23020.8,23964.5,23377.2,23404.4,22874.3,24393.4,19862.7,23931.1,24318.9,23651.5,22196.3,19578.8,21658.8,21512.6,24647.9,21432.8,20961.2,24714.5,24400.3,24608.4,19538.4,24894.3,20786.9,19966.6,19002.4,21329,24539.7,22780.3,19465.9,21866.3,23350.3,22772.4,21653,21152,23398.6,21333,22517.2,19619.2,24194.5,24110.4,19002.3,21438.6,18805.9,19085.7,21977.4,22419.5,21821.4,19742.2,25228.1,21715.5,23757.6,20555.4,23677.1,22965.4,19852.5,24712.9,20428.1,18690.4,22620.3,24387.1,22867.5,23327.9,24157.3,24126,22383.7,18921.2,21867.7,19366.8,23500,19165,22643.8,19803.9,21652.1,22071.5,25259.5,23478.7,20937,24196.7,22919.5,21947.8,22234.5,20758.9,19052.3,23708.2,23601.1,23744.5,23989,24408.2,20207.1,18023.1,21602.7,21488.5,24605.8,21948.3,21548.2,18723.1,20020.7,24380.1,22620,21622.6,18436.1,21937.2,22102.5,23109.6,24073.4,19145.3,20692.7,22643.8,24905.9,24692.6,23522,21235.9,21173.7,21464.6,25562.1,23001,19864.4,22203.6,21389.1,22505.9,19752.5,25580.1,22303.9,23765.4,22067.8,22499.1,21862.6,25522.8,20577.7,23719,21042.2,20457.4,22998.7,26627.5,25765.7,23801.9,24664.9,26045.9,22862.2,21754.3,21673.2,20136.2,25886.2,25617.2,21908.6,25163.7,26237.2,22994,21362.1,22299.6,25816,25954.2,21635.7,21506.7,21520.8,25204.4,22445.2,25652.1,22886,20650.1,25334.9,23387.1,23053.4,23759.3,24957.8,21330.2,23657.8,20588.4,20636.8,26251.3,25028.7,23656.7,21853.9,25351.3,25016.6,20928.9,25246,23540.7,29135,26833.8,35905.4
31621.2,27485.5,27786,23451.5,26792.2,22139.4,24054.4,20296.8,23418.5,21343.9,20374.5,20861,23600,19227.3,19762.7,23470,18542.8,20240.6,22903.8,22472.5,20106.2,21615.2,20897.1,23653.3,24167,19629.7,20028.9,20731.5,20176.8,19975.1,23613,21239.3,20958.2,19667.6,22307.9,19399.6,20300,18834.7,19070.7,22047,23807.4,21497.1,20180.8,21651,20949,22939.6,22484.6,17971.3,18341.2,20464.8,19441.1,22939.4,23826.3,23049.2,18738.3,22911.4,19763.6,21996.5,18211.6,17958.2,18591,22208.9,18398.3,21889,24114,21199.6,24495.4,23143.3,23777.9,21590.3,21482.6,19680.7,24746.3,20807.4,18044.3,23176.9,25115.3,23146.1,23310.5,21843,24188,20286.7,23872.1,22986.7,21316.1,18750.6,22507.8,23062.4,19585.5,18766,22955.9,23534.1,20555.1,19606.6,20942.8,23121.5,22853.4,19999.4,18311.4,19512.8,19098.8,23509.2,22976.9,24361.7,20102,19282.3,23051.1,23287.4,18268.5,22694.4,18200.3,22336.7,23211.5,19065,22832.5,19605.1,24142.1,22078.7,21231.5,21760.7,18369.6,23793.3,18579.2,23321.8,22819,18941.9,23073.7,24083.4,25109.9,19493.7,18869.8,18727.5,21207.9,18971.3,22951.6,20495.6,24143.9,17595.5,22415.4,20275.4,22544.5,20832.8,22822.3,19325.9,23525.1,23210,20147.3,19830.2,20245.8,20110.3,22735.1,20643.7,22580.6,23181.2,19463.5,19533.3,18506,20053.3,20757.3,20492.3,23755.2,19445.8,18611,21997.8,22427.7,21085.8,21706.7,21203.6,23785.5,22254.6,20807.4,25151.2,24036.8,22553.3,22081.7,23921.2,24831.9,23463.2,23992.2,23260.5,20235.6,21547,25253.1,20181.8,22435.1,21491.1,22266.9,25515.3,26395.8,22676.1,25279.5,20186.2,25460.2,24809.5,21549.5,26091.2,23258.3,24913.9,21859.9,20582.3,20092.5,25114.3,19922.2,22687.9,23595.7,23790.9,20759.5,22981,20034.8,19599.5,20242.1,21291.8,21452.8,21667.6,25303.1,23995.1,21193,21911.7,23803.2,21593.7,21685.1,19212.4,19185.4,23465.1,23129.5,21845,20461.5,19211.9,19607.9,20578.3,23757,24458.2,19054.9,21220,19609.2,20562.9,24057.1,23153.2,20042.4,22516.8,23354.8,22499.1,20047.2,20835.4,19227.9,24480.3,22496.5,20177.3,25643.7,24947.2,19730.7,21913.5,24370.8,20861.9,21162,19588,22938.2,20247.8,19561.4,22355,19410.8,23259,23009.4,20482.5,22345.7,24176.8,22160.3,22563.9,18741.4,23756,23549.5,24089.4,22902.2,20229.2,25108.8,19493.7,23829.1,19873.9,23686.7,20557.8,23513.3,18449.8,18740.3,20112.2,22968.4,19965.2,22105.2,24220,23387.2,18888.6,20643.7,19578.6,20751.6,21987.1,20633.5,23129.7,20093.5,23268.2,17856.6,23800.7,20894,22575.7,22094.6,21210.9,22843.5,22110.2,18846.5,22583.5,23358,24327.1,23216.3,24881.9,21240.1,20483,23494.7,19597.6,20091.7,22130.5,18639.6,21612.6,23051.8,22672.3,21609.2,20751,23808.7,23018.9,22136.8,24004.2,22459.1,21730.5,21790.9,20251.2,23076,23446,26662.8,20267.4,21002.5,20684.2,26589.9,25363.1,23525.9,22506.7,26091.1,24877.1,21801.1,25738.2,23146.1,22516.1,23365.7,20848.3,23185.3,20060.7,23161.2,21650.7,23399,24779.3,22599.9,22735.3,23687.6,24156.9,20761.8,19638.2,24463.1,20764.6,23187.7,23039.3,25221.8,22520.1,25179.6,21705.9,23394.8,21664.1,24041.4,21323.1,20273.6,25921.5,21742.7,26402,22073.3,21198.4,22143,25384.2,30924.2,33597
32034.6,32244.4,25225.1,21606.5,20783.4,20273.4,25259.1,20718.5,22271.9,20468.5,24657.8,21842,23097.7,24344.9,19757.5,23137.7,19544.6,20230.4,23509.6,18285.5,22401.5,21767.1,20559,19599,23100.3,21871.1,24358.3,19317.2,22016.4,23666.6,24242.1,24049.1,23022,22534.4,21970.9,22808.1,19870.9,24181,21086.7,19129.9,22439.2,21075.4,21627.6,21392.4,22678.4,21451.4,18721.7,20931,21412.6,17742.2,20272.2,22509.1,19047.2,17939.7,18910.6,22992.1,20497.6,19235.3,21004.2,19355.5,17579.9,23882.3,20341.4,23101,23607.9,21233.4,20813.5,19716.7,18460.4,19943.8,19153.2,22809.8,21543.4,20994,22603.3,21184.3,24464.7,20724.3,18942.4,24427.3,24971.1,24755.7,18942.8,18705.5,25025.7,23559.7,23527.7,18623.7,19151.2,24193.1,19637.6,22129.2,24497.2,18627,19089.2,23937.9,18461.9,19882.6,23283.1,22143.5,20416.1,22092.6,18302.5,21930,21714.8,18476.8,19336,18954.6,22781.8,23534.7,24534.6,19863.2,22071.8,20166.2,23365.3,20226.2,23409.4,21017.6,23424.2,19690.3,23305.4,19968.8,23996.2,19974.5,21053.9,22893.7,18391.3,20626.8,21323.2,24362.8,21298.7,21237,18764.1,18757.4,22795.5,19675.7,22342.3,20535.7,19659.3,20386.4,20484.5,20134,18096.7,20302,18022.9,19137.7,24231.1,17900.2,18120.9,19587.8,19174.4,21767.8,22898.3,20758.9,19522.1,22570,19167.1,19808,24297.4,20173.9,22056.5,23776.2,24456.1,22145,24497.3,18830.7,22234.9,19024.3,19712.4,22952.2,19701.1,22646.9,25791.3,23146.7,25371,23514.7,24178.9,22337.1,20355.3,21664.5,24497.5,24118.4,22139.8,25727.6,25757.4,22701.9,24492.2,20082.5,22665.6,21562.1,20161.2,25581.1,24664.3,21301,23903.1,21604.8,23802.4,22858.8,19883.1,19959.9,19532.8,24960.9,23543.8,22328.1,24440.1,23221.3,23073.5,23916.1,23139.1,25731.5,25513.8,25791.7,21136.9,21944.3,19745.3,24871.3,19824.4,24654.6,24961,20715.1,20872.3,23022.5,21832.5,19004.2,21894.6,21770,23304.7,22041.8,23763,23213.2,22312.4,18834.1,20954.1,22292.2,24955.1,20595.1,19167.1,19407.2,20425.7,21794.8,21130.2,23061.1,18680.6,22146.2,21956.2,22194.7,19238.8,21255,23963.4,24613.6,19536.3,25585.4,20500.5,21424.8,23357.5,25391.3,22882.7,19996.3,19224.6,23948.7,19438.1,22161.3,18220.6,22550.9,23534.1,23576.7,23158.8,21357.4,24584,20858.3,20995.9,19800.1,18937.2,25102.7,19731.5,20207.4,25076.5,24781.1,24581.1,20989,21318.6,22697.5,23840.4,20953,18614.2,22155.2,20392.2,21457.7,18012.1,21866.2,24272.4,23100.7,19402.9,22621.4,19005.8,23688.4,19011.1,21731.3,22754.1,18257.7,22548.5,20665.5,24581.7,20614.4,20247.8,23399.7,18376.8,21545.3,23518.8,22263.5,22680.6,22204.8,21131.6,22627.6,18557.2,21318.3,22598.1,22950.1,20459.5,22758,20886.9,21282.7,20249.7,24419.7,23112.5,21662.1,21457.7,24261.7,22751.8,20060.3,23047.5,24435.1,21256.8,22252.1,25531.4,21564.7,20348.3,22696.6,23241.1,23997,25934.4,22950,22418.2,21244,21859.6,24507.9,23326.8,23274.9,23093.6,26137.3,23389,23567.1,21356.9,25365.2,24414.9,25025.9,21583.9,23074.3,25914.7,26238,25589.8,23797.8,24601.2,22760.6,19349.1,22327,25698,20270.3,24042.7,23074.8,20663.9,25296.3,19517.8,24163.3,20815.1,23383,21540.7,24085,22108.7,26226.2,27432.9,28717.7,33148.9,35746
32577.7,26074.7,24921.7,24270.9,25078.2,20502.4,20515.8,20557.9,24033.7,19457.6,18766.7,20019.8,20842.4,22874.1,18634.5,18921.6,23615.1,20189.3,24068.8,21795.9,22570,20717.4,23999.3,23808.2,22611.8,23666,23626.2,19783.7,20821.2,24214.1,21487.7,21512.1,20086.3,22465.7,23820.7,18240.7,18158.5,19127.6,20417,23310.3,23109.7,19990.3,23282.7,21017,19394.4,18224.6,17633.1,22948.6,22763,19936.2,18537.4,23691,22616.9,19222.5,22981.9,19487.4,21684.4,21879.1,22099.3,22364.2,20049.5,19790.2,21887.7,23473.9,24181.2,20718.3,21530.9,18723.7,21478.3,18687.5,23596,20456.2,21340.3,23527.7,23870.8,20816.3,23690.9,21421.5,23881.4,21759.7,24633.3,24885.5,20342.3,22310.9,24171.2,24533.2,22954.8,23616.1,18695.6,23837,19442.8,23352.9,22574.8,22456.4,23467.9,23262,20359.5,20821.2,18773.9,18825.7,24797.3,23095,21171.2,22082.1,20246.7,20053.1,19133.8,22340.9,20322.3,22999.7,23782.7,18406,19407.2,23964.6,18760.1,18475.8,21436.9,18491.6,19988.9,22796.9,21913.8,20480.9,21842.6,19860.6,18351.8,19544.5,25161,23979.8,24397.3,25296.9,22229.5,21186.3,24667.3,25589.2,24380.5,19417.8,24189.4,18872.4,20559.4,21701.8,23599.6,21954.1,18460.4,20738.9,23673.4,17664.2,22095.1,21314.9,22979.1,20671.7,24346.8,19782.7,19239,22098.3,20978.6,21982.8,21750.5,21061.4,23989.2,19535,18650.3,23162.4,20346.5,22046.1,20564.7,23978.6,21679.1,22125.7,20270.4,20369.8,22081.1,22339.4,24958.6,20558.4,25220.3,19575.8,21164.2,20999.6,24327.3,20259,21877.3,24884.9,24687.9,20234.3,24984.5,22598,21046.6,25167.2,24827.1,22054.5,24754.6,22620.2,20255.8,26133,21838,25062.5,26324,20692.6,23867.9,24054.4,22421.6,21952.5,22925.9,26314.3,21042.7,20547.7,19646.5,25608.3,20888.3,24320.6,21181.8,20772,22256.5,23436.3,21471.4,19202.2,23410.2,21477.2,22307,22445.2,19885,23281.5,21782.7,19326.9,25243.3,20268.5,22901.4,22367.8,24751.7,22674.1,21568.2,21599.4,22426.6,20934.4,21649.1,19358.3,19823.3,19721.5,18774.5,19316.3,20719.5,18702.6,21510,22185.6,22909,20622.6,23436.1,22691.1,25849.6,25935.5,20199.1,24243.2,22329.8,23302.5,24859.4,24289.9,25221,25081,20792.5,22853.7,20965,21982.5,18498.3,21596.7,22397.9,23949.2,19753.9,19661.9,25557.3,25322,19078.8,25333.3,25216.3,23529.6,24167.1,24526.5,25039.6,25388.3,22056.8,22789.5,19346.2,22515.3,22453.7,23729.4,20320.8,23645.3,21546,19175.8,23263,21537.5,23657.5,18729.7,22511.2,21762.1,18597,23163.4,20620.3,18593.2,20704,19758.4,18564.8,18378.2,19203,21170.3,18383,24002.6,18018.9,21621.7,22929,21244.6,22941.5,18654.5,23862.6,19377.5,22584.9,19813,21889.4,18906.5,22977,24280.4,24407.8,25469.1,24580.9,21459.4,24893.9,26169.3,24200.5,25397.4,23457,26209.9,24707.1,20426.2,20055.4,21868.7,23665.8,23890.6,23029.6,21979,19878.1,20855.1,22958.5,22332.8,20601.9,21051.7,26172.1,20305.4,20819.5,22820.8,23405.1,24442.2,22236.5,21992,20059.7,21703.1,23420.3,21699.8,20325.4,25878.9,20859.9,20542.1,25468.1,25291.8,20280.7,22474.2,20054.6,20713.4,25125.6,22352.5,22196.3,21354.6,21913.2,20215.3,20707.9,23267.7,24179.1,25391.8,20362.2,24679.8,24877.4,23407.7,22167.8,26804.4,27696.9,32173.2
35090.6,31852.1,25654.3,27184.4,20841.2,20019.1,21615.7,22479.8,18697.7,21179.4,20151.7,22731.7,23522.7,18352,22459.8,22947.7,20101.9,23754.6,23975.5,20772.4,23183,19825,23456.1,23827.9,23898,18272.4,18852.3,22704.1,22485.8,21425.9,23940.5,22721,20490.2,23825.5,21569.9,23505.9,19901.1,22395.2,23995.6,20177.6,19162.5,18415.4,21463,19832.3,17923.7,18717.6,23819.5,22480.9,21876.7,21393.7,20273.5,20572,21811.7,18728.2,22598.9,17783.2,22338.6,23367.1,23475.5,21819.5,18823.8,23558,21769.6,22799.1,23907.3,20616.8,18969.3,23693.3,18853.6,22073.8,18886.5,24293.6,23831.1,18843,24645.8,24137.4,22066.3,23404.9,23822.9,19370.3,22151.9,22256.7,25053.3,20560.8,22515.1,18589.6,23312.6,22565.8,18752.4,22596.7,24191,22284.3,23286.6,22490.1,22731.3,24866.1,18777.8,22253.1,23972.4,21266.5,20447.9,20530.5,23347.1,20854.4,20521.8,19784.5,21865.6,19330,24260.9,18617.4,22864,22539.3,20886.3,20009.7,19736.2,21945.4,19286.8,21917.7,18776.9,21244.8,19374.6,22978,21817.3,19430.9,17878.7,19270.4,21434.9,22432.2,20230.3,25014.2,21493,23011.1,24288.3,18896,19020.3,18937.3,20087.8,17813.4,22989.2,22498.1,20796.5,19249.4,19478,24014.1,18203.7,22777.3,20943,24101,18194.8,22631,24076,23598.2,23571.8,22893.7,20323.7,18744.6,18902,18069.9,17924.2,21381.8,20645.5,22252,18994.6,24107.1,19280.1,24450.8,21533.6,19157.4,25371.9,20798,24713.3,23915.3,22795.5,25941,24314.9,19776.5,19412.4,24100.8,25638.3,20061.6,23092.5,20161.2,24628.1,24599.2,25436.6,25842.5,23876.6,24458.4,25394.3,25861.6,23307.6,20882.2,23462.2,25486.7,24410.8,23869.3,21004.9,23754.1,21388.8,21490.5,22781.7,24311.5,19557.5,21038.7,20208.6,20848.7,20654.6,23322,24429.7,24470.6,23153.5,23691,26061.1,24575.1,23134.3,24768.2,21114,21866.6,24548.6,23918.7,22033.8,20226,22688.4,24270.2,23792.6,25343.1,19432.3,25248.7,22645.4,23673,23497.3,20558,23962.3,20278.6,20863.5,22064.7,21817.2,20908.6,20140.1,23261.3,20401,19784,22107.7,22479.5,20592.1,24054.2,22573.6,24906.1,21168.5,20394.9,20510.2,20402,21788,25603.8,19905.2,21442.8,22683.2,21253.8,21438.6,23278.7,19717.5,20726,19644.2,21529.3,24481,21817.3,24445.7,20283.5,20541.6,20577.3,23869,20318.6,19974.2,22198.4,23009.5,19153.6,22519.5,20098.1,20418.6,19116.1,23886.8,24226.3,19959.2,20540.9,20107.6,24740.7,21138.9,23279.7,20724.5,18430,19276.7,23799.8,23350.4,22779.6,21727.5,22419.7,24046.9,18459.4,24009.2,23731.7,21449,24189.8,21028.2,23285.5,22231.3,18238.3,24382.3,23065.1,23289.6,18416.8,23369.3,18636.7,20041.7,19896.2,20373,19799.3,19327.9,19848.5,21152.2,21836.7,24455.6,19252.6,21597.7,19474.2,20690.7,19473.6,24604.1,21735.1,21364.5,22462.5,20434.2,24842,23954.4,25930.5,23808.4,23422,24920.5,26182.7,26139.9,23779.1,22581.3,22260.1,24395.7,26162.5,23516.6,23745.1,21897.2,23425.5,24366.6,24701.1,24896.8,23756.3,19535.4,22894.7,22971.1,23562.4,22312,22717.5,21982.2,21689.1,20141.3,23261.7,20593.4,21299.3,23369.9,24840.3,19118.9,19112.4,25942.2,23252.6,22359.1,24731.2,24730.5,22235.7,25506.1,20532.7,25394.2,20506,23023.2,20700.6,25709.7,28286.5,27107.1,36062.9
32457.1,30756.8,26167.8,23071.7,21688.7,21054,24681.1,19687.1,19807.7,23038.7,21809.6,22015.9,22630.7,20006.7,21367,24181.5,21013.4,22300.7,24641.6,20718.4,23826.4,23022.1,20373.7,22799.1,19113.6,18691.7,22214.6,23668.4,20952.8,18328.2,19185.7,24030.8,19787.7,23385.8,22009.5,22051.5,20866.4,18696,20331.5,20459,20478.1,23191.6,22185.7,21763.8,17975.6,19058.9,17840.5,21322.3,23003.6,22441.1,23484.3,19208,20133.5,18689.3,18311.3,22901.6,18127,24112.6,21104.5,18293.9,18523.1,18376.6,19443.9,23696.9,22652.4,19499.3,21165.6,22188.3,24529.3,23200.5,23220.1,23421.9,20894.8,21210.5,19247.9,22833.7,22073.9,23196.2,19319.1,24781.6,18971.1,21990.3,21405.5,22100,20502.6,19195,21203.8,21392.6,23062.7,23441.8,21269.6,21378.3,24532.4,20791.5,24018.6,23038.6,21935.1,20088.6,20539.7,23651.7,21851.6,19164.9,24445.1,19725.9,18399.5,23308,20388.1,19357.2,21903,19068.4,19170.9,18755.4,24769.2,22747.2,22786.3,19175.5,22033,18084.7,22007.7,20449,20558.4,22832.1,22982,19720.1,21925.6,19429.3,20296.2,25190.9,25111.9,19751.6,23830.8,21202.5,20116.2,19959,19950.3,22102.7,20579.7,22396.5,20476.7,20364.9,21162.1,21305.3,18126.6,20598.1,22313.3,18555.1,20338.3,21835.6,20164.6,22153.6,22705.3,20350.1,22662.5,22836.8,15772.5,23194.2,21130.4,22682.4,22097.8,23403.8,18993.3,23719.2,21412.2,18626.4,20971.3,22331.4,23434.6,22182.2,22531.7,21700.9,23212.8,26010.8,20065.7,20430.4,25639.5,25283.3,23557,25927.7,24922,20391,21520.9,21930.4,20874.1,24508.1,25707.8,20575,21849.2,25222.9,23611.8,23134.2,24249.9,26286.5,22582,22832.9,23252.9,22652.4,20396.8,20115.9,26067,21247.2,23672.6,26049,23580.7,23539.1,20944.7,21578.6,21764.7,20635.4,20243.2,25621.5,21870.1,20951.9,24313.7,24160.4,21817.6,25517,24149.5,20738.7,24278.5,19583.7,22307.3,22629.8,20259.8,23986.4,23455.1,19913.7,19390.8,24696.7,18941.3,22467.7,19694.2,20481.4,19122.7,19745.7,23510.6,22370.1,22420.6,20998.2,19349.5,23158.6,23518.4,19940.4,23244.9,18564.6,21662.9,21318.3,21298.5,23026,22235.2,24920.7,21734.7,21713.5,21610,19893.6,21848.3,21239.1,21677.7,20976.7,19376.1,20284.2,19997.1,20355.5,18819.3,24510.2,23020.8,23676.4,19528.1,24851.2,25829.4,22955.3,19087.2,22306.9,25550.3,25688.5,20283.3,22675.4,20571.4,21880.8,24711.8,24869.5,22405.3,19262.7,21249.7,24777.8,20038.2,22926.4,22696.2,23100.1,24082.6,20666.1,23206.5,23364.2,19257.6,20793.3,20065.7,19596.9,23337.2,18464.6,22138.8,18427.3,21237.6,20518.5,21450.5,20273,18279.3,19649.3,22958.7,22935.2,21084.5,24542.1,24996.5,18869.3,23649.9,19825.1,18649.5,20232.4,19747.3,25385.7,20494.7,25149.1,19432.2,24432.8,22052.5,21925.8,20702.1,25538,22646.5,20795.9,24865.5,22749.5,21783.4,25070.6,20394.5,25564.7,22906.3,24194.2,22105,21944.3,24623.5,25042.2,26018.3,25372.5,22898.4,20612.4,22014.3,23838.2,23096.6,22125.3,23147.3,21509.5,20163.8,23785.8,21450.9,21209.9,23458.9,24866.1,21775.9,21817.1,25774.6,20426.4,19532.7,19561.7,21753.3,25691.6,23520.3,20765.5,24683.5,23055.3,22842.7,19949.6,23120.9,23553.5,24052.6,26190.7,24719.8,21176.5,21480.7,20681.9,24968,23845.4,22563.3,26073.5,32803.7,34568.2
36213,31828.9,26050.3,24831,26305.8,22148.7,25160.4,21165.7,19858.6,19756.8,21460.2,23370.9,18771.9,22199.5,19455.8,18405.9,19095.6,19606.7,19154,23260.4,20188.4,19266.7,19896.6,23632.3,22164,18686.5,20625.9,20885.1,23502.9,23337.5,24040.8,19613.9,19336.3,22596,20636.8,19208.6,18121.2,18107.4,19424.7,20411.4,18405,18162.8,21554.3,23916.1,17824,23113.1,17862.1,22884.8,23836.8,21385.5,23738.5,20558.2,17595.9,20147.1,20887,22257.9,23281.9,18655.2,20318.7,17784.9,21296.4,19589.1,19031,18085.9,20990.5,22383.2,18450.1,18267.5,23304.4,22027.6,21937,20707.9,23158,21474,18563.4,19860.3,20507.4,18765.4,19656.8,22001.9,18756.1,19279.5,23456.9,19114.1,23588.9,19894.2,20950.7,19078.8,24374.2,25322,22603.3,24089.2,23929.8,21961.7,22196.9,23833.5,21168.8,23785,20107.6,24160.4,23027,22581.4,24431,24812.4,22990.5,24232.5,22517.1,20781.6,20378.7,21080.8,19425,24247.2,22268.1,22312.9,20153.1,19203,21018.3,21098.2,21072.3,21005.7,23045.4,22294,18173.8,22064.9,21947.2,24619.4,20787.7,21401.6,24925,23132.6,19607.5,19426.3,19720.4,20464.3,21978.7,19668.2,19535.9,21458.2,20962.9,18832.5,18302.5,20718.4,21046.9,24058.9,20274.2,17517.1,17920.7,18250.3,23899.9,23642.1,20304,23925.8,21433.4,18440.9,16200.1,18946.8,24378.4,23770.1,18633,20039.9,20276.5,19836.1,22197.9,20977.8,23024.6,23306.9,23670.9,24445.2,19405.2,23667.1,25440,20056.7,25482.6,22223.2,22036.4,24924.4,21960.1,21147.4,24563.1,19882.7,22081.9,24291.5,23222.8,22978.2,25555.8,19948.8,21171.3,23959.3,22460.9,23851.1,21865,26352,20755.9,22816.4,20733.3,21965.3,21366,24356.3,21031.4,21121.6,19553.8,20662.8,25099.2,20982,23056.6,25502.3,21765,25091.4,24207.5,20083.3,23158.4,24197.8,23698.9,19814.5,25266.4,20143.7,22030.1,18935.2,18985.7,20647.2,22299.1,24997.9,20399.2,20553.4,24319.5,25668.8,21633.9,25371,21024,20096.6,21905.4,22180.4,24636.7,23495.6,20891.4,24526.5,21670,20478,24914.2,22456.1,23591.9,19368,21557.5,21411,19925.1,21825.1,22696.5,24648.8,23292.5,24572.6,21992.1,23306.7,21673,25679.9,21056.1,23116.9,24172.8,23328.6,19496,20702,24579.2,24481.9,24927.6,24062.5,20664.8,19977.2,24255.5,22680.2,22205.8,21173.4,23578.3,19774.5,23155.3,20876.4,20096.6,19262.9,22305.1,22285.6,21609.7,19215.9,23478,23120.4,24783.9,22946.6,20455,24402.2,23994,19761.5,19984.1,18674.2,20130.2,20374.6,24426.6,21335.8,22166.8,20411.8,19122.5,19426.8,21910.3,23588.4,23651.4,22885.3,21543.7,20653.6,23387.5,24442,22967.6,19824.7,20240.9,20825.7,19492.4,22459,23385.2,19098.2,23671.5,25113.5,23195.8,19199.7,23452.1,24696.4,20128.5,24119.3,20977.5,23284.8,21974.6,25716.4,25308.4,21466.6,19597.1,23793.1,22375,23275.6,24486.1,26416.2,22321.4,25618.5,25964.8,23970.2,26460.8,25104.6,26190,20648,22841.5,21754.7,23578.7,23930.4,23972.6,20584.9,25847.6,21309.1,23042.3,22559.5,21633.7,23558.6,23748.1,20572.6,24755,20494.3,23254.1,25080.9,20138,22683.7,21010.5,24029.6,22675.1,19889.2,24907.9,23902.5,21012.1,25292.2,26199.3,22234.8,24694.7,22935.8,25346.6,24330.4,19940.9,19789.8,24786.8,24775.8,27712.6,24966.7,27777.6,35360.2
34621.4,31080.9,26666.5,22591.8,21767.5,21790,23437.5,23760.4,23604.4,21519,21555,20740.5,20827.1,24574.7,18821.5,19262.7,20534.1,24716.9,22999.1,20464.1,19055.3,23978.4,23472.4,22838.2,23396.7,23698.3,22934.3,19352,22209.2,19588.8,23964.3,24530.8,24005.8,22631.5,21851.5,21995.8,23139.4,21113.4,17901.4,20419.4,18139.2,20928.8,20796,19370.2,19686.9,22381.7,19292.3,18328,20204.2,22359.8,20252.1,21329.7,23663.4,22922.9,19735,20493.8,22156.1,22187.4,17866.3,19201.5,20902.1,23144.8,20721.2,23696.4,19529,23953.7,24218,23304.8,24163.5,21115.5,18347.2,22077,22058.9,20337.2,24078.2,24690.7,25148.1,24457.3,25107.6,23459.7,24986.9,22888.7,19620.4,20479.2,23537.9,18568,20803.5,22300.2,25249.9,24890.2,19497.9,23596.7,23952.3,20136.2,20068.9,22354.7,20060.6,18751.2,20176.5,18392.9,24530.4,19803,20156.4,18561.5,18434.8,19898.1,23365.2,22952.5,24113,24605.5,23144.9,18546,18623.5,24406.3,23015.9,21428.2,23348.9,20222.4,24309.4,23617.3,19624.3,17919.6,22127.1,22076.7,24498.7,19450.4,24041.9,19232.5,23370,24986.9,21166.2,24955.2,25553,22775.5,19948.4,23986.7,22984.8,20383.1,18647.5,23323.2,22278.8,20175.9,20570.2,19596.8,20034.8,19721.1,23782,23548.3,18932.9,23098.5,23294.3,19202.2,20376.2,19539.8,20754.1,23905.7,24232.8,19968.1,21682.2,21386.2,22984,20283.8,23523.3,23891.4,23630,21571.1,24141.7,23092.3,22983.5,21351.5,25377.1,22944.6,23650.1,24852.6,24106.5,21252.7,20417.1,25449.8,23457.4,22086.2,20449.2,22590.8,19995.3,22880.7,24469.7,24632.3,21046.1,21431.2,21883.5,26479.4,21056.5,22846.1,25165.7,21624.1,26087.3,20683.9,21199.7,24996.7,21292.5,20289.6,23814.7,21376.8,22658.5,19840.3,22073.1,23210.8,21136.7,24845,22033.6,21842.1,23361.9,21351,25150.4,23445.2,24083.7,19760.1,19744.1,23554.6,23518.2,24869.5,21460.1,19116.1,19486.5,24130.3,19506.8,19854.5,23156.9,23849.3,20016.1,22988.3,24595,19306.4,22788.7,20900.5,21682.9,22080.5,22470.4,25113.6,24287.6,20316.2,23242.8,21825.9,22663,18535.4,19316.6,24401.5,25182.9,24454.7,21142.2,22785.3,22679,21910.6,21561.3,23468.9,23735.2,19508.7,24051.4,23108.1,22387,24605.5,22050.3,19130.3,19362.8,21828.1,18754.1,20778.3,24364.3,22179.9,22678.6,25162.3,21390,21998.1,23085,22268.6,21011.1,20291.2,24508.5,24849.8,23308.9,23633.6,20367.2,22171.5,20453.3,20086.8,20209.7,19911.4,19441.4,20477.7,21767.6,23598.8,24617.1,20781.3,21862.9,20408.4,22740,21251.4,22073.3,24042.2,24350.1,24538.6,22566,22172.3,20492.8,19553.6,20282,19378.5,18658.2,18821.9,20878.7,20428.9,20036.5,20317.8,24599.9,23445.8,20677.7,23777.7,22804.1,23991.9,21744.5,23447.5,20835.7,24735.5,24299.7,22503,19394.3,24401.9,22128.7,23015.1,20443.8,21876.7,23803.9,22420,22559.8,22666.2,23353.2,22599.5,19836.8,26519.2,23073.2,22542.3,23739.9,20610.8,21615.8,26025.5,20115.1,24325.2,20635,20300.3,24487.7,23523,19863.4,24291.4,23268.7,21726.8,24864.2,25401.4,24601.5,26187.3,21207.7,21403.1,19346.4,19875.4,22645.6,24023,24063.1,22784,20919.8,25074.4,21867.3,24028.9,22071.6,22880.1,25367.3,21675.9,19470.2,19747.1,21080,24346.3,21657.5,23079,24878.8,27036.1,27425.8,37801.9
32273.9,26637.3,24923.3,27535.1,25983.8,21559.2,21731.1,21104.9,20741.2,18898.9,18377.2,19219.8,22094.8,19760.3,19052.3,19385.1,18620.9,18753.4,18616.1,22492.1,22361.7,21705.4,19993,22790.4,22366.9,18301.3,20614,20510.2,18778.4,21088.8,22440.9,21839.1,19062.9,23369.5,22802,22471.9,21490,18474.4,20843.4,20470.9,21217.3,19806,18065.3,18966.6,23418.2,20128.3,17826.6,19672.5,20653.3,20569.5,20859.3,24042.3,20013,24042.5,23153.3,21931.7,19666.2,22342.8,21177.8,21563.5,23135.7,22576.7,22117.4,21860.3,19411.8,22344.3,18344.7,21191.9,22164.9,20130.1,21821,19947.4,23865.4,23085.2,22733,20488.1,24687.8,24138.7,23294.6,24198.8,24734.7,20774.4,19941.2,21878.2,22926,24344.7,19631.5,21554.8,20006.5,18937.1,18778.1,19753.2,24633.5,24719.9,19106.8,21633.5,22629.8,23708.5,18649.3,23423.9,23527.6,22600.5,21830.3,22758,21230.4,24598.5,23771.4,21486.1,21885.1,22382.8,23784,19555.5,24609.1,22506.5,22638.3,20021.4,19628.9,24184.3,22405.6,22896.1,19383.3,22148.3,19876.5,22620.5,22633.2,24016,19650.5,19822.8,23398.2,18819.2,23703.8,23603.2,23656.3,20090.1,23653.4,24191.4,22377.6,22044,20268,17645.6,23842.5,20081.8,22740,22416.4,22340.6,17952.6,23635.7,22697.2,19734.3,22745.2,18899.9,19455.2,18295.9,18927,16515.4,17653.8,21848.8,22397.7,18700.6,21305.4,20188.5,21791.4,22965.3,24175.1,21257.6,22877.5,24616.5,23508.5,19056.4,22271,24937.7,25913.4,20208.4,20100.8,22348.1,23223.5,24568.5,21872.1,22713.5,21684.9,25809.7,20725.5,25200.3,24120.7,23396.2,23498.3,23365.9,21442.3,21915.2,21696.3,24698.9,21263.2,22321.2,20948.2,22977.5,25534.3,24432.8,20993.4,21522,19843.7,19725.7,22248.2,22248.6,21886,21707.9,21878.9,20624,24409.8,19914.5,24927.6,24778.8,20251.5,22029.8,21750.6,25058.8,19434.8,24456.5,25752.4,25514.2,19918.8,19202.1,21686.8,24689.1,23279.2,24430.8,21505.9,21041,19423.9,19764.7,25678.7,21351,23880.8,23803,24603.9,22022.3,25048.5,21083.8,18955.6,19783.9,22903.8,24746.1,24360.5,24302.9,19301.8,21170,22821.3,25245.8,19946.7,25681.7,19795.4,20657.1,23381.5,19956.4,24814,24915.7,20110.3,23744.1,22524.7,19515.2,23911,23281.4,24259.8,21344.7,19624.7,22576.8,23977.8,23337.6,24773.7,25846,24973.3,25768,25619.3,23868.6,21881.5,21628.5,19471,21696,23184.3,22421.7,21380.4,20677.7,21509.4,24829.8,19529.2,22591.8,19682.6,20090.3,19929.9,25227.8,20809.4,25141.2,23800.8,23874.6,22694,19088.8,20177.5,23925,21536.8,19184.3,19187.7,19691.7,20354.8,21570,20142,19203.1,24643.7,19772.7,18235,24552.7,21220.4,22637.3,20842,24297.5,24104.6,19357,22131.3,22104.8,22991.7,24214,25111,25319.2,19997,21389.8,21023.6,24312.5,20126.5,21314.7,20007.6,25714.2,21035.9,19524.5,23011.7,21848.2,20487.6,22699.8,24633.9,19776.6,22818.9,22257,25998.2,21939.8,23416.8,25897.1,20116.3,25182.6,21406,24936.1,25208.2,25349.6,21538.2,25454.1,23824.6,19735.5,20140.3,22092.8,23831,22269.8,24486.5,25049.9,22099,19629.6,20491.2,21388.8,22075.1,24786.4,24356.5,20634.5,24520.1,19941.4,20975.6,19775.2,24651.9,24871.2,19603,21952,26267.4,21533.6,26218.8,25218,22529.8,27636.3,27695.1,31548.7,37853
31019,30837.1,28226.4,22749.2,25036.3,20716.2,20068.9,22731.7,23765.5,23763.6,22289.9,18467.8,22502.2,21397.7,22989.6,22395.4,18796.1,21494.6,20913.4,18870.4,19748.8,22213.6,23490.8,20937.7,23792.7,22722.8,21364.1,24482.9,18506,22710.2,18570.7,21073.2,21663.5,22612.5,22641.1,19834,18981.3,18989.9,19394.2,23102.3,19381,18030.1,19561.5,19461,21677.2,23865,23228,22118.9,20265.3,19960.1,18244.8,19454.5,20734.9,18100,23445.1,22750.1,23418.7,23667.2,18362,22160.1,23140.3,20711.3,21808.1,23203,18958,18819.7,19904.8,23298.8,22714.3,18352.1,20132.6,20111.1,24404.3,23345.6,19245.3,22237.4,21306.9,25155.7,22143.6,21844.1,23028.1,25250.5,22809.4,21789.6,20420.1,20088,20827.8,20237.2,24965.9,22941.7,23768.2,20699.5,21061.2,19782.6,24903,19060.1,21435.3,23915.1,19760.3,23424.9,22859.5,24703.3,20554,18335.3,18885.7,24448.7,18391.3,21074.1,21472.9,20224.6,21456.1,18824.4,18978.8,24045,20817.6,23148.5,20627.1,22059.9,22994.8,17371.3,23495.6,23291.5,22173.3,23727.7,20963.8,23979.4,22064.1,24728.1,24406.5,18932.8,24257.3,24339.8,23158.9,24798.8,23446.4,19714,23132.4,18346.7,18907.8,22706.8,21896.6,19146.4,23153.4,22958.8,21771.1,18640.7,23267.5,23265.8,18518.7,18692.6,20472.4,21250.5,19427.7,23703.9,18488,19195.2,19097.8,22401,18341.7,21450.8,21583,23576.4,22000.9,23786.3,20628.3,24616.9,24745.9,22117.5,19879.3,25484.5,25470,21234,22064.5,21488.9,20976.7,22327.4,19754.7,22979.4,20340.1,24963.5,24496.5,20192.3,24361.6,26317.7,20778.5,25999,21154.8,21123.7,23395.2,25547.8,22650.9,26083.8,24916,22768.9,20169.7,25395.8,21465.7,23933,23887.3,21476.3,25295,19886.7,24200.6,21882.3,22883.5,24754.4,21506.1,22351,21852,25141.3,23458.2,22050.9,19953.9,20421.1,25067.4,20598.1,21872.1,19640.7,19486.4,22940.1,21857.2,24955.7,21185.9,23282.3,21266.7,20188,25298.6,20456.4,21698.2,22574.6,23762.9,20046.5,23563.5,23076.8,21103.2,23584.4,18859.8,18610.8,19152.1,19066.8,24053,18876.7,23183.4,24731.8,22834,20893.9,19376.9,23417.7,21279.8,24099.4,25990,22743.6,22799,25386,22496.1,21973.3,19431.9,24975.9,21144.3,21875.3,19956.6,23801.1,22373.9,20498.9,22543.6,23614.3,24686.7,25815.4,23622.8,21260.3,25670.9,23048.7,23069.2,24732.9,23016.3,24658.4,23158.3,22729.1,20246.9,24587.5,22321.5,21955.1,20287.8,20128.1,23960.1,23707.5,24234.6,19082.9,24157,24533.5,25150,22970,22804.5,19585.1,23363.8,20295.3,18778.4,5807.86,19029.8,24276,22573.9,20782.6,22091.8,23449.4,19930,18260.3,22560.4,22398.3,21114.3,21757.2,21643.6,23330.2,24840.7,21959.8,19688,19315.6,18817.5,23624.6,21938.6,22321.8,24146.7,19703.6,22914.1,19934.4,21323.3,19585.8,19626.8,20233.2,24925.7,21490.5,21766.6,23267.2,20838.7,24669.6,25650.3,19817.8,21864.4,26307.9,24176.3,19941,23476.1,20306.3,23207.2,25425.4,24585.5,20796,25815.2,23327.3,24093.9,19958,21609.7,23790.3,23358,26033.9,23508.1,25628.8,23235.8,25055.8,22673.7,22036.7,19952.9,24306.9,19388.4,19450.8,19807.4,24482.9,20898.8,24813.4,25334.7,20245.1,25769.5,23342.3,24770.3,26136.6,21201.9,22035.8,24976.2,21314.8,22951.3,24488.8,26642.3,24685.8,27334.2,34597.4
32379.7,29205.7,26334.4,23848.1,21767.9,21124.4,21163.8,25159.7,22199.3,19145.7,23759.5,19018.4,21514.7,23217.7,21976,21473.3,19516.7,22054.3,23713.3,19889,22598,23368.8,18799.1,18136.4,23915.8,20537.1,21232.3,24566,22927.3,18670.2,22728.6,21213.3,23617.9,18916.4,24305.9,18401.8,21848.6,20175.8,23133.7,19393.4,23627.5,22309.1,19150.4,19438.4,23263.4,20596.4,22555.9,22148.8,18082.3,23782.2,21688,22598.2,22175.6,23205.2,23212.9,23229.8,19873.7,17764.7,23891.3,20039.3,20590.8,19151.7,23304.8,18787.6,22712.2,18787.3,21001.7,19901,20209.7,22094,20249.5,24036.8,22909.9,18531.5,19972.2,20513.2,19595,21297.1,20625.3,23282.7,23477.1,21838.7,21786.4,19581.2,20383.2,20604.6,24555.7,23229.7,20539.3,22809.5,23056.6,22601.1,19505.2,20891.2,23888.9,22485.5,18662.6,24570.2,18693.5,19898.1,24144.1,22234.8,23040.9,24397,19937.4,21416,19149,20898.4,21947,23356.1,21898.2,18460.6,23211.3,22289.4,23700,22246.9,21551.1,23960.3,18680.1,22933.7,18728.2,23449,18031.5,19566.6,20564.1,18253.9,20691,20549.1,19431.8,21134.4,22470.2,20483.3,22563.3,25333.9,20702.4,19161,18752.1,22544,18798.8,18137,20156.8,21760.7,20572.3,24043.2,22876.6,23109.6,23936.3,23403.2,22774.7,23262.3,23225.9,19365.7,18499.6,18905.1,20098.2,22629.6,18892.9,18167.4,23898.6,22880,18589.8,18400.7,19335.6,21153.4,20627.5,22554.5,23242.1,22416.7,19515.6,23571.5,25207.3,21556.1,22606.3,22981,23986.2,23298.3,24094.7,25253.7,24033.8,24000.5,20256.8,20508,20363.5,24824.6,21521.5,24128.8,21300.5,25557.4,21919.8,25793.8,21604.8,25012.7,21767.3,21498.5,22937.9,25173.7,22858.3,22979.6,24059.2,23844,22752.5,26223.6,23969.6,20912.1,22030.1,24544.5,21853.1,21715,25899.6,25635.2,24358.7,22297.8,24923.2,20018.1,24732.2,23053.1,21630,21850.7,24369.6,22146.3,24690.5,20858.4,25084.7,23313.5,22413.9,24399.8,19667.7,24590.5,25542.4,20276.2,20355.5,18775.7,21569.4,22385.8,18886.3,23188,20019.7,23456.7,21863.6,24315.6,23605.7,20016.6,21218.2,19613.1,19387.8,24172.7,19743.5,24503.9,23186.8,25995.3,22342.5,20064.2,22834.6,24717.7,23476.7,20156.8,23759,23156,19173.3,21919.8,19074,21474.4,20683.4,23172.3,23689.6,22848.2,23443,23815.5,23009.4,23666.9,21106.8,20195,25829.3,26025.1,20677.6,19308.4,21003.3,21360.9,19469.7,21657.1,19688.9,24486.9,23757.4,21423.7,21462,24536.2,20766.6,6354.75,20128.9,24630.6,22833.6,23886.1,19286.8,23308.4,23975.6,22152.1,22702.8,18620.1,20050,23264.9,20561.9,18797.2,18855.2,23036.5,20842.7,21396.9,18290.8,21402.1,24190.6,19734.7,20524.3,20714.6,19303.4,21537,21965.3,22237.3,19804.8,21708.3,18968,25261.3,21539.6,19542.8,25538.1,21732.6,22152.1,19609.4,20427.7,20806.3,22003.1,21748.1,23986.9,23918,19743.7,19829.5,20940.6,25931.8,25503.4,23675.9,25833.1,19825.7,22380,26267.9,20420.6,21277.5,21239.7,20419.2,22979.1,19627.5,25873.9,19482.2,21267.2,22761.5,24500,20218.1,25820.9,20234.9,22942.1,22817.3,23046.6,20415.7,20866.1,20987.7,19118.5,23729.3,25222.6,19342.6,20056.3,23470.5,24570.2,26011.1,24880.5,22950.8,25250.1,20083.3,21926.8,21510.1,23086,22027.1,23753.4,20842.2,26213.9,30099.3,29360,32198.3
35764.2,27872.4,23771.1,23397,21542.3,20522.4,25392.7,22108.4,20734.1,21746.4,19980,21412,23808,21490.7,20361,18880.3,19870.3,23320.3,19366.2,18968.4,21260.9,22506.1,20067.7,23625.6,23615.1,23858,24068.8,22425.9,20174.2,22832.4,21147.3,20068,19487,24034.8,23510.9,22918.8,20658.1,23499.2,19462,19588.3,18543.2,17501.1,21858.5,20316.2,20446.1,19444.4,20703.5,20576.7,23372.9,20656.9,20215.9,19370,23313,19257.7,22774.3,18945.9,20271,21708.1,21939.3,17720.5,23964.2,18582.8,23255.1,19756.8,18664.2,22806.8,22656.1,20786,22555.9,23320.7,23594.3,24466.8,24218.1,21272.8,22747.7,22184.2,20830.3,22580,20353.9,21419.7,18671.7,20403.7,24405.6,19727.2,21143.9,19720.5,21407.4,20220.6,21530.3,22828.3,23329.9,20723,20937.1,22768.1,21957.3,23300.3,20083.3,19308,23840.6,20325.1,21294.7,21408.6,23765.3,19683.5,18979.1,20001.7,21954.2,22754.8,21376.7,19712.6,21585.4,18951.7,23949,23745.3,19381.6,18653.5,23824.2,24515.8,22492.2,22441.5,21384.4,18767.5,20470.8,18080.5,18867.7,21639.9,19392.1,24700.4,24326,24350.6,24499.9,22461.6,23276,24181.7,24343.6,19735.4,19704,23155.4,17773,19640.3,23608.4,20037.1,22118.8,21483.8,19791.8,23369.1,23920.4,22022,18110.9,21839.8,19841.8,23318.4,20490.8,23507.8,18704.8,21026.3,22131.2,18040.6,19178.6,22156.3,21151.4,19486.3,18234.1,19812.8,22222,19195.8,19935.4,18992.7,19641.7,21004.6,24371.2,21352.4,21838.3,21608,22553.4,23900.6,25468.5,25472,21377.8,25784.3,22454.8,21360.5,22934.1,20447.4,20006.3,24162.8,22248.9,24922,22565.8,25590.5,24062.4,23255.3,24891,20562.3,25511.7,21538.6,22494.8,25156.7,20866.7,23734.2,22216.8,22915,20892.4,19928.6,19960,19651.9,20670.5,23743.2,23024.8,20426,21100.2,21896.2,23626.2,22591.7,19334,24539,22698.1,24959.4,20022.4,22959,22401.4,19125.8,20931,22478.9,21551.2,19518,19848.5,24689.2,22676.9,23021.7,18780.5,19039.3,25125.3,21301.6,22279.2,22461.6,24613.4,19154.8,23049.2,19247.4,21573,20354,24267.8,18502.2,21079.6,22046.6,21463.2,24569.9,21806.9,20850,24988.6,23696.6,25719.9,20980.4,24912.8,24489.8,21023.1,21071.7,20262.6,21651.7,23764.8,25149.1,21295.2,19723.5,23759.7,23292.5,19888.3,25144.7,21230.7,19711.7,24838.9,21693,25858.8,22153.6,24967.7,25232.5,23963.3,21014.6,23622.1,21024.5,21596.5,21531.7,25574.7,20808.1,20354.4,22728,23919.3,22542.4,21738.5,24675.1,22655.7,19134.3,19336.1,21511.5,19537.4,23678.5,19325.6,18890.6,25168.3,19402.3,19911.7,25122.5,23347.9,19398.9,24572.3,22466,17983.2,21013.6,20368.6,19492.5,18700.7,20617.8,19080.6,18975.8,24521.5,20780.7,23612.5,23133.1,22425.6,23043.9,19580.1,21698.1,20912.4,19440,25120,25205.2,22887.9,25111.8,25145.6,21882.1,20713.3,19944.6,21369.9,21425.3,23766.4,20372.6,20045.9,20563.3,19975.3,22221.5,24685.2,20373.4,24303.9,21830.5,25104.6,25724.7,24747.4,24563.9,23509.2,21390.1,23461.2,22049.3,23383.4,20153.6,20138.6,20162.7,21911.3,24995.7,22388.2,22610.6,21629,19784.7,21966.5,21706.2,23410.3,23349.2,19139.4,22321.3,25910.7,19524.1,22998.4,23288.5,23263.5,22099.1,19650.1,22384.7,20761.4,22710.7,20660.6,25442.1,23064.8,26837.9,31702.9,32891.5
36731.2,27233.6,26712.4,27024.3,21825.6,24871.6,24783.1,21505.6,21346.4,21662.6,21322.8,24380.3,19846.5,19161,24179.9,19262.5,22366.9,22164,22591.1,20187.8,20274.2,22279.7,24614.5,21850.4,21448.3,24653.1,19895.2,18847.5,20255.3,20387.5,22362.4,19702.9,23364.2,21980.9,18460.1,19721.3,22540.4,22252.7,24029.5,19601.1,23701.6,22507.4,22789.8,21640.3,21332.5,21559.5,21076.9,22244.6,20163.8,23661.1,19584.4,21041.6,24002.2,21290.8,23153.3,17944.4,21516.5,19662.1,20301.8,21254.4,18151.5,18877.2,22130.9,19718.9,19995.4,18245.3,23168.8,20809.5,24147.5,18370.7,19492.3,24104,23885.1,20636.8,19503.8,23377.4,24442.5,23026.8,19268.2,23837.5,23876.2,22258.2,24942.2,21853.5,21252.3,25217.3,23008.3,19151.3,21791.4,25517.5,25573.8,20076.6,23646.3,21601.3,21999.8,23354,24575.5,19365.8,20075.7,23714.8,23344.3,21965.6,23941.2,24415.2,23520.2,20812.8,22103.8,21814.5,20689.7,20139.9,24708.4,21379.8,24738.8,20797.2,18442.9,23158.6,22029.6,24052.7,20456.9,18646.5,23716.5,18056.3,23858.1,21722.4,20224.7,22632.3,21115.8,24114.1,20316.6,22698.6,21116.5,21935.9,21482.7,22093.6,18874.3,21675.2,21095.4,18420.7,20427.1,21605.5,22174.7,20762,18085.3,23842.8,19758.2,20586.7,20695,19984.3,20736.8,20109.8,17772.9,23077.3,22475.7,18842.7,21011.5,20930.6,22313.2,22696.7,24432.1,19103.8,23651.7,19793.6,22370.7,24407,20944.6,21458.1,22052.7,22967,20655,25387.3,21418,20296.5,20783.2,22861.2,23771.1,21900.8,21372.3,24028.4,21309.2,20437.6,23530.4,23515.1,20955.9,20490,21852.2,21537.6,22206.3,26046.3,22819.6,26133.5,24529.3,25474.9,20312,24454.6,23375.7,26093.6,22019.1,21107.7,19609.2,20806,23135.1,25083.8,24439.8,21723.8,25163.1,24985.6,21334.4,21499,21187.9,20252.7,24756.2,25938,25346.1,21744.9,20163,25399.4,20529.6,20983.3,22390.5,23465.5,25354.3,22005.8,22577.9,22840.5,23618,22789.3,24472.5,25444.6,20065.6,24103,18912.1,23793.6,24968.1,21365.7,23546.6,24760.7,19384.3,24400.3,22943.8,24201.2,20901.8,25029,24028.3,23844.1,24707.2,24596.6,23542.3,25542.2,21359.8,22324.7,23143.4,21654.7,19612.3,25881,26026.5,21588.9,25861.8,23140.2,23727,20181.8,20429.6,21534,20727.8,20629,20890.4,21082.5,22425.8,21795.4,25160.3,25835.6,21814.3,25352.3,24851.5,23928.2,25574.5,22766,21800,22158.9,19888.4,23066.4,22698.4,22971.1,25304.8,21474.5,20211,24204.7,20565.4,19860.1,24353.8,21181.1,22450.8,19629.2,24034.2,24128.3,22209.5,24305.6,25053.8,21823.4,19226.4,22248.1,25193.6,22890.1,23681.8,24287.4,19250.7,24796.7,24321.6,23038.6,21235.6,20229.9,19675,23162.2,22136.7,24674.2,24912.1,24720.2,21857.8,22132.6,22002.4,20407,23072.1,25049.3,24583,23823.1,21844.5,26085.1,23050.1,24900.3,24723.2,19228.5,22885.6,25628.9,24424.8,23859.4,25727,21061,25222.8,22402.4,20579.5,25510.6,19666.2,24027.5,22331.2,23271.9,20935.6,21639.5,22803.8,23395.3,21027.1,20391.1,18959.2,21846.2,20556,21395.2,24700.5,23903.1,25528,24755.4,23172.2,20253.5,23761.3,19483.8,24580.7,23337.9,20448.7,23802.1,24188,20117.4,19505.9,24687.3,19493.1,22024.5,23545.3,26187.6,22828,20847.3,23283.7,21972.3,19549.9,22456.7,25741.4,23651.5,32142.8,35731.2
31932.4,30671.1,23510.1,25802.4,23171.7,20470.8,23392.2,19810.8,21432.1,23333.1,22908.2,22989,22039,18819.4,22454.8,21244.7,23053.3,18491.3,18804.1,20722.8,23369.3,23799.5,19727.6,21158.8,20293.3,19505.8,23498.2,24500.3,23987.5,22988.9,21392.3,18700.2,24477.3,22142,24222.9,24107.4,21451.8,22322.9,20015.1,20507.2,21233.8,22336.8,19071.8,21317.9,21105,24010.1,21918.8,19165.4,18530.7,22074.7,21436.5,23962.1,18428,22378.9,21200.2,23633.7,20637.4,19277.6,23007.5,19344.7,19837.8,23189.5,23496.1,22655.6,18117.3,23207,23205.2,22683.2,22757.3,22715.7,18786.1,23644.5,20029,20208.5,24145.3,18630.4,18989.1,19144.5,21517.3,18948,22589.3,22239.8,19067,19838.2,21431.6,19312.1,24306.5,21994.4,20589.4,18877.3,20899.7,22128.9,23426.4,19811.2,23668.9,21317.9,21103.5,23272.6,19038.9,18720.8,24869.1,18929.1,18491.2,22206.8,19998.6,19914.7,23294.2,20961.2,20599.3,18683.1,21334.8,23141.3,19873.6,24257,23866.1,18185.6,21178.7,17897.2,21278.5,20560.8,22540.6,22615.3,24124.6,21096.8,19931.8,22573.1,24463.1,20636.4,25020.7,22091.9,22909.9,23020.9,24555.2,22536.2,19702.7,20686.7,20050.5,17662.8,23796,18316.9,21850.7,22135.6,18604,21585.1,19356.9,20158.2,20942.2,21131,18887.3,21767.2,19084.5,19877.5,23373.1,20881.9,16486.2,21420.6,24360.1,20557.6,22333.2,19025.6,21146.7,22870.1,23572.2,23957.2,19840,22637.1,21891.9,22639.4,25468.3,24232.7,20306,24026.8,20047,19859.4,21461.7,21771.2,25988.2,24184.5,20121.4,21873.3,20517.6,23871.7,25250.7,24204,24239.4,24711.7,21978,20908.5,23968.6,25381.9,20743.1,22890.5,20969,20409.8,23015,22439.7,20796.5,19915.5,24145.7,20224.1,22059.6,24858.3,23166.1,25358.5,24922,23626.9,21583.8,24459.8,23911.8,20854.6,25634.6,23647.3,21160.2,22799.9,20849.6,19980.5,24825.5,22760.5,23117.3,24800.2,21053,21948.6,22951.3,20140.9,22480.4,19843.3,21542.5,22014.9,20503.9,19889.6,19549.7,23193,22775.7,22414.2,20651.9,22557.7,22029.6,23741.4,21234.9,19501.3,22101.2,22512.2,23363.8,22412.1,22645.9,20858.8,22857.6,21958,21980.3,24346.5,23426.4,25051.3,25545.9,24874,20105.7,24877.6,19599.6,20202,23872.2,22640,21058.9,25331.8,24114.5,21316,21450.9,24458.5,20722.3,21153.2,20782.7,20391.4,23505.3,20907.4,20966.1,21700.5,21390.6,20887.7,21613.6,20421.6,22706.2,19753.3,25629,22571.3,22584,19142.7,21141,20842.5,22184.4,24327.1,21909.1,25325.2,23976.7,25638,25113.6,23847.7,21763.9,18648.5,24914.1,25241.8,22516.7,22516.8,20889.5,23306,22056.3,24098.4,20734.9,24452.7,23572.1,24411.3,22820.4,18398.7,22359.1,19400,23314.8,21128.9,19511.9,18906.3,19787.1,19919,25351.3,20100.7,24191.8,24996.7,25344.7,21576.5,22430.3,25097.4,21783.4,20904.6,23507.9,24738.2,23755.7,20004.6,24885.6,20546,25349.9,23241.5,25544.4,20887.7,24903.7,23350.2,19893.2,21089.8,24380.4,24106.5,21234.9,20796.6,26170.2,24506.6,20507.2,19390.9,23078.4,20931,19786.2,21511.7,20708.3,21819.1,22162.9,23455.5,19605.7,22944,20457.5,23370.4,21332.3,24186.5,19038.2,19448.4,21209.9,22123.8,21820.4,23661.8,25188.3,19354.1,24497.9,21416.4,19902.2,24901.4,24979,24188.5,21404.8,24631.5,25265.1,28726.7,28758.5,32875.6
33300.9,26230.8,25883.2,24709.8,21598.7,23984.5,23756.2,22981.3,21218.9,23079.8,23659.6,22140.9,20961.9,22086.2,24417.7,24654.9,21291.6,22153.9,18812.8,21299.2,20111.8,21765.8,18741.7,23146.7,18676.2,19975.8,18635.7,20957.4,19235.2,23419.5,23098.1,23753.2,21157.6,20146.2,22072.4,21109.6,21671.5,20828.8,20316.5,22672.4,21808.3,19070.4,20405,20925.6,18748.3,20638.5,19014.3,23566.3,20799.1,19268.8,21739.4,21905.3,17811.1,18692.8,21589.9,23287.7,21545.7,21468.8,20349.5,20504,21594.2,22527.8,20099.7,22122,19095,23288.2,23024.3,22757.4,20287.7,20397,18915.4,23980.2,19534.7,22137.6,19129.7,21406.1,19185,24963.5,24955.1,24681.7,24535.4,18932.2,23817.1,22731.4,20008.2,22559.4,23243.3,23494.8,20080.7,19066.9,19323.7,20888.5,22865.4,24414.5,22041.2,19677.7,21774.7,23708.7,19394.2,18660.2,18955.2,23178.8,22381.9,19895.3,23035.7,20029.9,24288.8,21007.4,23198.8,18611,23367.7,21059.3,21521,21834.9,18408.9,17936,21686.3,19627.3,23913.3,17759.8,23066,21296.3,18640.8,20157,19028.8,19192.2,19956.1,22308.9,23320.2,23810.4,23366.6,22049,24449,20758.2,24063.9,23510.8,20134.6,18717.6,21859,20175.8,18817.5,19192.2,22993.3,19574.2,23071.7,17900.3,21855.5,22013.3,23422.6,24276.7,21181.4,21494.4,18820,19470.3,20892.6,19458.5,21861.3,24193.7,20858.8,18090.3,23234.3,20461.5,18308.8,18379.1,18922.1,22083.3,22382,20402.8,19122.3,20965.4,21781.1,23623.2,21150.6,23926.4,21021.3,19602.9,22979.9,24963.7,19971.3,21544.4,25902.6,22074.7,21194.3,24128.5,20904.3,22608.6,21934.5,23185.2,25278.7,21400.8,22617.4,20206.3,22253.7,20861.6,24579.8,26167.6,26092.2,24943.4,25840.7,25401.1,23285.1,24864.9,22467.2,23523.9,25772.3,20249.3,24872.1,23523.7,22473.4,21533,20851.5,23454.1,20668.6,21648.6,25570.5,22861.2,21856.9,25155,21149.4,19829.2,21655.2,23759.5,24342.6,20557.7,25333.3,21939.7,19391.8,24208.9,19492.6,24992.7,22306.6,19353.7,18894.6,24830.2,22234.4,22588,21323.3,19023.3,19010.5,19532.4,20119.8,21465.2,20547.4,23407,24886.4,25221,22881.9,22983.1,25898.2,23306,26132.5,25823,23116.4,24813.1,24858.2,24341.6,26141.5,24268.2,23392.4,19171.6,23947.6,20997.4,24903.1,19199.6,19591.1,19749,23617.2,24568.5,21846,20266,23550.7,20018.3,24644.9,21821.9,20567.1,24721.8,25275.4,25211.1,21575.8,20932.8,21321,23855.9,21045.3,22770.8,23235.6,22731.2,24982.1,20557.3,22800.3,25411.2,22257.5,19398.9,22887.8,23238.6,24069.4,22952.1,22907,24694.3,20943.8,25040.5,19775.4,18748.8,19053.6,20502.1,23311.1,21938,22886.3,22811.7,18337.9,23050.4,20050.1,23835.3,21480.6,24979.9,23773.7,21252.6,19433.6,20384.9,22359.4,18992.8,25500.4,24704.4,21914.8,23804.8,19573.6,21857.8,23087.5,22857.3,25178.5,25070.3,22693.2,21176.4,23975.7,24206.1,24986.8,23138.2,21004.3,19996.9,20927.1,21621,22823.1,24320.4,24667.9,19996.2,22085,24387.6,22869.6,19481.9,20166,23329.9,20624.4,24310.3,20051.6,25538.7,24054.3,23101.1,21244.9,20124.2,23726.9,20886.2,20697.2,21215.8,24989.1,19382.3,20238.5,22535.2,19424.3,24473.3,25270.1,23395.3,24488.5,24925.6,23989.3,21171.3,20107.8,21196.5,22702.8,21475.8,23054.7,26446.5,25026.2,29939.2,32494.2,35371.4
33585.3,30175.6,29182.1,24175.3,24081,21025.7,19251.4,21723.2,24667.4,18577.4,22046.7,18820.2,22499.6,20642.8,20496.7,24219.2,23436.5,23349.1,22233.4,22825,21411.3,19225.5,22077.3,24038.3,24128.5,19543.9,21687.2,18566.8,21711.7,21367.3,19637.2,21495.7,23416,23374.7,24222.3,20353,19140.4,22292.3,23100.5,23425.2,20270.8,19502,21257.5,23064.7,19220.2,21010.6,19138.9,21333.3,18211.9,22115.6,21155.1,18812.9,20325.3,23929.9,22039.4,23535.5,21728.1,19583.4,23600.2,18368.6,20286.2,19508,22329,24120.6,18508.9,19624.8,22611.5,20109.3,21006.9,20604.2,18431.2,22544.1,20943.5,19015.2,19365.7,24559.1,20176.7,24918.3,23685.4,22704.8,19040.2,19041,19423.6,24559.8,19431.3,19024.6,19904.5,25131.7,25338.7,24939.3,20135.7,22242.4,22257.6,25177.4,23981.8,18680.6,21790.5,24591.7,18571,20855.4,19417.8,20997.5,21216.2,23416.6,20566.1,22591.1,24501.3,22760.1,19797.1,23350.2,21208.2,23355.7,21147.2,18231.5,19351.5,21342.2,23562.5,22885.8,20486.8,19200.4,22216.8,21078.8,21638.9,18596.5,19966.8,24494.3,24038.4,23778.7,24759.4,23781.2,25551.6,19232.9,21560.3,25432,23397.1,24769.1,20615.7,18042.3,17904.5,20104.3,23760.7,21384.1,23678.8,22555.7,20571.6,18199,19684.5,20353,20220.5,20030.5,23992.4,18683.5,21419.7,21481.2,19239.5,19885.9,23324.2,20271.3,23197.7,21893.8,24283.2,21227.9,23684.3,21723.5,22972.1,23072.9,24581.8,21392.5,25600.8,22035.3,24846.3,25035.4,23170.7,23151.4,22336.4,19732.1,25450.8,19925.2,21818,22246.1,20877.8,22188.7,20675.2,25467.9,26019.8,23630.6,22485.5,24576.1,24595.9,21595.6,21923,23286.7,25131.7,23520.1,19855.5,20924.3,21626.7,21977.6,24630,23328.8,25948.9,24059.5,20038.2,20141,24193.8,24515.2,24916.7,25573,22990.3,21468.5,25810.9,23953.8,22939.4,25262.2,20672.8,22721.8,19061.2,25603.2,23046.6,22752.9,20508.9,25328,20480.1,20456.9,20529.4,22812.8,19156.7,23374.7,20836,23228.9,20337.5,19673.3,25143.2,25519.1,23495.3,23581.9,22711.6,22725.4,24045.1,23274.9,21521.9,20637.9,22479.9,18699.5,24379.9,21891.7,24304.4,25730.9,23218.7,25097.2,22736.8,24329.1,24529.8,20647.4,24761.1,25728,22501.3,25357,23924.8,20289.8,25244.8,24305.3,24083.4,19719.7,20691.6,20788.7,20087.4,25341.4,24966.3,25196,23938.4,24881.4,23503.2,22934.9,24855.2,21286.6,24641.5,23339.1,22163.1,20757.2,24856.4,20181,24346.7,20696.2,19694.9,22527.1,22981.5,20501.6,24117.3,25068.3,21154,24562.8,18931.7,19449.3,22544.9,24233.1,24758.9,20279.4,23544.4,20018.3,22900.7,21064.5,20702.2,22529,18512.7,24459.9,19303.9,21197.1,23740.8,19541.1,23682.1,21139.5,18341.9,23671.9,21351.3,21560.2,24296.7,20832,19997.4,23361.7,24407.7,23979.9,21306.3,25257.6,22565.1,26040.2,24416.3,20298,21331.1,19204.7,24205.2,21761.4,24775.5,24947,20929.4,24526.2,21565.5,19942,24112.5,19701.1,20463,25595.2,25929.8,20240.2,25515.8,25439,23488.6,24896.1,21749.7,20245.2,24143.3,21732.5,21142.3,23839.6,20774.3,25235.7,26168,23540.8,24856.9,21018.3,23591,19796.7,21506.9,22810.9,24907.5,24982.9,23356.3,20523.8,21695.1,25863.4,20122,21287.7,22950.3,21239.3,25627.3,23480.6,22666,20811.2,21316.4,22760.4,25971.2,24950.5,27087.2,32885.9
34682.5,31187.6,26504.8,22472.5,22028.9,20324.7,23713,24385.4,22890.8,18377.1,18399.3,21658.2,23818.4,22921.2,22540,23632.6,18787.1,21908.5,24655.2,24387.7,22289.9,22828.8,23423.3,18960,18480.8,22725.7,23469.7,18430.9,20468.3,22341.6,20444.2,20054.2,21963.1,24066.2,19212.6,18863.6,18251.5,22999.3,21389.1,18714.1,20210,18414.9,23985.5,18758.5,19914.5,18041.2,18888,22547.6,22707.8,22769.4,20028,21415.7,19001.4,23729.3,20438.4,18181.5,17838,20675.5,22585.9,21717.3,22241.8,21169.6,18411,18574.5,19084.6,19719.5,24072.4,22899.9,19403.9,19710,22891.5,20308.3,23415.9,23825.7,20600.4,22081.3,22943.1,25452.8,19687.9,23056.9,23050,19256.4,23539.8,23219.3,24062.6,23033.9,25101.9,25492.1,21069.3,22545.5,19152.2,24031.1,19922,22835.1,23184.2,23651.1,23265.4,24447.5,21599.3,18824.3,22873.9,21709.9,24490.3,18938.6,18930.8,22185.8,23541.1,19500.5,23570,21307.5,21254.6,23136,20155.9,23707.1,21374.4,21998.6,20306.6,20106.2,22530.8,22107.9,22931.7,22645,21944.5,22733.2,19914.6,21436.7,24692.1,23448.5,19302.4,21488.7,21606.6,19238.1,20561.8,23346.1,21071.5,23963.9,20847.1,20198.7,21158,18742.1,19513.5,22280.2,18176.6,21918.6,20404.4,20591.1,21622.8,21178.6,23119,19152,18108.5,21425.4,23622.6,22019.2,21204.2,17777.7,20653.6,21101.1,21818.8,22231.9,20517,18653.2,24443.4,19788,23636.8,20304.3,20718.7,21460,25136.8,21771.4,20064.2,21999.8,21401.5,24183.6,19670.2,20828.2,22737.1,23771,24636.7,25406.7,24465.2,23009.6,25567.1,23231.6,24507,24213.4,26036.1,26386.7,24143.8,23283.7,21312.3,25067.2,24647.1,25692.3,19631.2,25087.6,23332.6,25209.3,21235.5,21023,24117.5,21785.7,20222.6,26163.3,26173.2,20558.9,20472.7,23439.9,20064.1,20452.4,20051.2,22714.3,24654.2,21074.1,23245.9,25020.4,22994.7,19869,19466.8,19053.2,19380.4,24612.9,21727.6,21997.7,25419.2,21749,19170.7,20848.2,23392.1,21813.4,23276.8,19062.8,25091.9,25060.3,24665.6,19627,22204.5,25092.1,20670,20245.7,23034.5,19502.4,21259.1,21968.6,19805.2,19913.1,24120.3,23443.1,19419.9,26089.8,24975.1,23341,19823,20148.5,20816.2,22148.9,21679.9,22337.5,22887.5,22926.7,24936.9,20139.4,19900.3,20749.3,19226,20583.3,26191.9,24295.6,20972.6,22256.5,24393.2,19764.4,20605.6,24080.8,25419.2,25975.2,24152,24713.1,24321.3,26192.9,24337.4,22531.2,23792.1,22199.6,25095.4,25205.8,22927.5,25573.4,22719.4,24678.7,20073.4,25722.4,25024.4,21957.3,19984.7,23506.1,23172.3,20979.4,20492.8,21451.8,18689.2,23075.6,22761.6,21752.7,18711.2,22725.9,19112.8,22772.1,22627.9,19896.8,22572.9,24656.1,22540.3,20839.4,20769.2,19137.4,24069.7,18490.8,18735.9,23844.6,19685.4,24930.4,22674.2,24319.2,24985.4,22941.6,21827.5,26016.3,20388.2,19088.3,19411.4,23145,25262.8,24057.1,22364,19797.3,22507.8,24841.9,24213.5,22119.5,20525.8,19985,22649.9,20717.9,23135.1,25111.7,24638.9,24587.5,20880.8,23599.5,24890.2,19281.8,20089.9,23461.1,25705.6,24419.5,22354.4,24748.2,23726.1,20057.8,22954,22556.1,21292.6,24063.4,22666.6,22708.7,20558.7,20962.2,19578,23241.8,23379,20187.9,23954.8,25353.7,22033.5,26184.4,22606.5,19521,24236.5,23976.7,27529,24121.4,31651.9,32687.7
34271.6,27802.8,25314.2,23782.2,24648.6,20653.2,24208.4,23564.4,19238.7,21099.5,23847,21572.8,22230.7,20419.9,20706.5,22433.6,22486.5,21799.7,21872.5,23511.1,21390.2,20222.9,19980.1,21668.5,19530.4,22473.7,24270.2,21547.6,21090,19363.4,19720.8,18742.2,24214.9,22179.8,20302.7,23449.5,22373.6,20617.4,22109,23195.5,18186.4,19828.9,21209,18788.7,18156,23509.3,19694.9,19539.8,20688.3,22143.9,21875.3,22880.6,21320.4,18760.5,20383.4,22269.2,22877.3,20826.2,22981.2,20998.3,22259.8,20048,21249.1,24270.4,21072.3,23650.4,21263.2,22903.8,21510.5,21709,24126.3,20742.1,19076.7,23625.2,25415.6,23313.5,25231.4,21389.2,23648.1,22447.2,22476.4,20399.8,20795.6,25123.9,19906.8,25317.5,20812.7,23219,23833.8,22331.8,21154.9,24208.5,21945.7,23755.5,20087,23452.6,22101.5,19402,25367,22488.9,21126.5,25036.7,20853.2,22646.2,20918.2,18615.2,19247.2,24546.6,20921.8,18915.5,20142.4,22177.2,21850.5,22736.3,20706.3,19918.3,22216.4,18897.1,21741.6,17770.1,19352.5,24246.3,24342.1,18304.8,19482.5,24056.9,20587.2,25165.8,23016.1,25063.7,21512,24011.7,21600.2,19800.9,22099.3,20990.9,22182.8,23508,20448.2,24040,22113.9,18484,19085.8,18811.9,17701.3,22243.6,22961.1,21821.2,20826.3,18214.8,19073,23230.1,19245,23918.5,16203,23544,23460.5,19555.6,21997,21904,21194.5,23746.8,19784.7,22588.4,19427.9,21395.2,22200.3,22822.8,21261.3,22778.4,21657.5,22595.5,22458.4,23858.2,25850.2,21286.1,23843.9,22660.2,20249.2,23031.2,20834.3,24332,25425,25923.9,22423.6,25694,22838.6,21877.1,24663.4,26461.3,25505.7,23408.4,23359.4,25769.6,21138.2,20791.8,22121.9,25769.2,19476.6,21792.1,21019.5,23553.1,23815.8,21346,22518.7,20936.3,21686.9,21452.8,25720.6,21598.1,21677.9,24920.5,22585.2,20508.8,22440.7,23723.3,24892.5,22441.9,23723.8,23017.7,21054.8,24663.5,21286.8,20628.9,22059.1,20186.2,24672.5,19464.6,21408.4,23114.6,20246.9,24585.6,25646.1,25106.7,22079.6,20771,23392.8,24288.8,22666.5,19438,21376.7,25135.5,21083.2,19180.5,23614.6,23515.5,23814,22144.3,22052.5,25963,25646.5,20472.5,25008.5,20281.7,22333.7,24170,23025.8,24877.8,23495.3,20259.6,22592.1,25220.4,21957.6,22181,25066.6,22962,23508.1,22038.8,24364.7,19697.8,24207.3,26117.1,26052,22305,25711.8,20961.5,25786.6,21371.2,6215.79,26224.5,24667.2,26344.8,24910.7,22374.8,20593.2,20645.4,20636.9,19277.8,19612.2,21571.5,24281.1,20728.6,21998.2,20445.3,25343,19101,22351.6,19336.1,23044,21275,24394.2,22816.1,19886.4,20448.6,21882.1,21316,22405.8,23842.1,23772.6,20231.2,21490.8,22370.7,19440.6,25101.7,22656.4,20908.5,19783.2,18930.4,22532.3,24150.3,19212.3,24583.6,23237,19671.9,19889.2,22909.9,24531.5,20075.1,23897.4,23599.3,19588.2,22360.7,20266.7,22749.1,21606.2,24733.9,23064.8,24719.5,20360.4,24629.7,20540.1,21587.2,25429.1,24694.6,20659.8,24681,24680.3,19880.2,21157.8,20721.6,20470.3,19358.9,25583.9,25093.5,23449.3,21412.2,25078.7,24170.6,19298.5,22402.6,19772.9,21630.8,18764,21329.7,21586.3,19265.9,24883.1,25554.8,24547,23230.8,21812.9,25717.7,20846.7,25050.6,24313.4,24165.3,22847.6,23399.3,19530.7,22983.6,23782.2,25379,27520.2,34486.5
32882.5,31797.1,25828.5,27322.2,23436.9,20461.6,19844.2,21995.2,18649.3,22333.2,22554.3,19340.6,18408.9,24509,20407.9,21144.3,21288.8,24113.1,24445.4,22574.4,20150.1,24290.7,20246.1,22718.9,23428.1,20411.4,18385.4,18484.7,19134.1,19883,21653.5,22088.8,21637.4,21190.1,20074.3,22864.9,18589.4,19608.2,19469.6,23558.6,22605.8,19889.1,21336.5,23303.3,21923.4,22557.9,23075.1,20920.4,22159.9,19033.5,20731.1,18799.2,19325.7,20603.3,19645.2,19705.3,18300.4,21204.7,19503.7,18657.6,22988,22828.7,23593.4,21861.3,20963.5,21233.6,19288.2,23956.3,20345.1,24379.5,24714.5,18974.9,24870.2,22844.9,23755,19166.7,21512.3,18997.9,21965.7,20348.7,20377.7,24875.3,19206.6,20003.4,24534.5,23751.5,24400.8,21033.6,21988.2,21139.6,23897.3,22425.2,22617,23191.2,23743.3,19013.9,22185.7,23357,24980.7,20985.1,24087.2,23486.8,20082.1,24626.7,22198.1,23966.2,22983.5,24154.4,24166.8,20978.4,20204.5,20383.6,22544.1,23145.4,19161.6,20290.6,24277.6,21062.4,19523,18248.6,20078.3,24272.1,24271,22328.9,22147.9,24541.1,21792.3,21495.6,21809.7,25194.3,19552.9,23771.6,25754.8,21891.4,24273.5,23319.4,21130.4,23698.4,18351.4,21667.7,20343.8,21241.7,22708.4,20322.1,23495.1,21816.2,20792.6,23965.7,18730.8,18806.1,21677,22518.5,20300.4,21836,15568,23722.7,19322.4,22871,19161.9,18519.7,20341.6,22234.6,23400.5,19659.9,19771,20482.9,23798.7,21237.3,24278.7,25203.9,21888.1,20528.3,21396.7,20812.8,25621.5,22651.3,21276.7,25003.3,24182.3,22095.4,20266.8,23211.9,19687.4,20390.1,21664.9,23185.4,20466.9,20868.8,24594.1,26322.1,20723.4,23283.3,22740.3,26174.8,25684.7,23817.9,22862.3,21089.1,19412.2,20891.7,25244.4,25591.2,19735,21940.9,23757.5,23566,25381.1,25196,22509.1,23242.5,21666,25370.7,21624.1,24051.6,25959.1,22560.9,20404.6,24655.2,22946.7,20832.6,21075.7,22838.2,21754,23232.3,24694.5,24150,25207.4,19338.5,21374,23026,21468.5,19876.3,19806.6,22514.7,24061.5,20886.5,23717.5,22963.8,21478.6,21717.3,24124.4,24737.1,22796.1,19622.2,19573.8,21739.4,23374.1,25377.5,22319.1,23038.1,21663.3,23178.1,23199.8,25648.3,20068.4,21754.1,20337.1,20554.2,22375.2,22424.3,23597,24972,23240.4,25796.4,21890.5,24626.4,25962.1,25663.6,20530.3,19654.8,25691.9,23911.4,21902.4,24338.2,24865.8,22379.7,26579.8,24996.1,23786.1,21139.3,20005.8,23584.6,23045,24296.5,25006.9,22653,19516.7,20957.1,18918.2,21935.5,25064.8,25201.9,24958.3,20130.7,21086.5,19435.9,23392,19114.3,20905.3,24673.1,21680.5,23102.8,20441.2,20018.5,21393.9,20695.7,21769.1,24436.7,25327.7,24641.5,18877.8,20763.2,21106.3,22161.4,21628.7,18622,24659.8,21544.3,23920.6,21759.2,22536.1,25340.1,24292.6,20080.4,21727.4,20680.5,23805,25816.7,22189.5,21780.2,22354.3,21114.3,22223.9,22471.9,20837.5,19887.9,20128.6,23598,20009,21696.3,18874.4,25097,24715.1,20758.1,24019.5,22759,19303,21823.5,20943.1,21838.4,21980.9,25275.7,24255.5,25286.4,25340,22602,25199.4,20685.5,22286.3,22854,19137.7,22054,18831.9,18813.5,18602.6,23443.6,22685.9,23673,19643.9,21234.7,19298.3,22297.8,24947.9,21112.5,19365.1,22409.9,24130.2,22367.2,21385.9,23796.8,21318.7,29136.8,32103,34654.5
31415.5,29590.4,27265.1,24600.6,25663.5,20790.5,25249.5,21384.5,22078.6,19619.7,20673.5,20559.6,24030,19341.7,19846,19607.1,24156.7,21640,22018.4,21793,20643.1,19853.3,22056.1,20690.4,19421.4,23595.2,19237.4,22311.2,24177.5,23814.6,22863.8,22987.7,22138.3,22563.4,20641,22931.4,20409.1,19157.4,23245.7,24076.4,18124.1,20062.8,20868.5,18330.6,20181.5,19034,21754,18009.5,20766.3,19960.8,23020.3,20522.3,21400.8,18973.1,20978.4,21449.8,19159.8,20091.2,21274.9,23761,21568,23158.8,18708.2,19503.3,23973.8,19877.7,22005.6,21190.9,19036.9,24507.2,18881.8,24472.3,21874.4,22911.8,20443.1,20693.8,22548.7,19498.7,19880.4,19819.2,19538.2,24944.1,22870.3,23134.5,20574.4,23374.6,24705.4,25521.7,25673.5,22647.6,22662,20209.9,21429.7,18899.1,18949.6,22569.2,19336.5,25346.1,20041.3,19142.8,21768.7,21732.3,21778.3,20263.8,24904.6,21632.4,19859.7,24471.2,22368.3,23215.7,22201.5,22326.7,24798.1,24435.3,21830,24375.9,24229.1,24021,21491,23052,23580.3,19274.1,21847.3,23622.5,18161.4,24503.6,18774.8,24873.6,20194.1,23409.9,20524.8,24248.1,22020.3,22016.6,24451,21321.9,24424.1,21275.7,17885,22376.1,20221.9,18859,21037.9,20074.4,23920,18378.1,19911.3,21652.6,23105,20544,23499.7,20179.3,18031.1,20467.9,19650,20746.5,18710.6,19180.5,23684.3,21151.3,23487.4,22331.6,19674.2,24366.6,19937.7,21674.3,19544.3,19199.6,23759.6,25176.6,21064.1,24486.7,20562.9,22557.6,25056.2,24499,25335.2,25640.9,23756.3,20763.8,20026.8,24033.3,20699.8,22123.7,24423.2,24609.3,21501.1,23088.8,22677.3,25624.2,23823.8,24927.2,23299.5,23470.8,21787.5,25744.2,23019.2,24435.2,19987.1,24318.2,24428.7,19826.5,25831.6,25985.3,23688.7,24323.7,25412.3,21936.2,24211.6,25918.5,23986.7,20108.3,24090.4,24181.1,21707.2,25154.8,25764.9,19298,19336.4,21421.1,24409.8,22620.7,22592.5,20201,21176.6,25243.5,22505.7,24350.2,23002.3,25243.6,25145.2,20115,23733.7,22995.6,23763.8,22299,24706.4,23901.2,22958.3,25076.7,22839.4,24981.2,24680.1,19576.3,19026.5,21293.9,21680.6,20887.3,21669.8,25449.6,22096.9,24473.2,26196.5,26239.5,25270.6,21069.3,21816.5,23375.9,21135.5,22645.8,24231.1,19500,20963.2,19280.4,20589.1,21926.3,23795.2,25707.7,20842.3,21294.4,20511.3,24021,22667.9,25289.8,25484.2,23181.4,26554.9,20978.3,24893.7,20039.2,23298.6,25075.2,21700.4,22084.2,21276.4,20569.6,22593.8,19575.4,23384.9,21473.9,23529.7,23555.8,21613.1,19707.3,25506,23174.7,19810.9,21883.4,19762.6,24327.1,21134.4,25669.1,19771.5,22703.2,19706.7,19241.1,23233.9,23290.5,21489.9,25454.8,22302.9,19068.3,19955.9,19159.4,24835.7,20594.5,22369.3,18556.2,23659.2,20021.6,20732.7,23159.5,23036.4,22022,21647.6,24822,20673.7,23154,23311,19649.1,24579.2,19999.6,20575.4,23891,22850,24740.9,21547,24984.3,24591.7,23048.5,21773.5,22929.1,25511.7,21256.2,19528.5,25342.7,24131,24409.3,21898,23617.8,23318.5,20412.9,22322.6,19380.9,25757,22908.2,20644.7,24465,25019.3,25409.2,22145.3,20846.2,24112,20801.5,19821.5,23918.6,18612,19119.3,24293.1,23626.4,22278.5,25331.2,20267.7,23144.7,23656.4,24118,19146.8,21704.4,24360.8,20527,27322.6,26456.3,27732.9,32734.2
36719.3,29194.4,23919.9,28317,25710.2,20320.1,25563,22151,19882.8,19947.5,22192.7,21286.9,23904.1,21671.9,24451.9,20724.2,20683.6,22418.7,24224.3,23074.6,20571.2,22049,23654.5,21852.5,20841.2,18740.5,22416,24173.1,23285,21507.9,19197.2,23702.8,24836.2,22711,22532.5,24031.4,19816,23370.2,22788.9,20541.4,22825.3,23638.5,22234.4,20629.7,20651.6,23786.3,21125.2,20186.9,18740.9,20984.4,20882.2,23738.6,19393.1,22394.2,18372.2,24015.6,23809.6,19523.3,23182.1,22718,24229.3,20709.5,18841.8,18106.1,19251.1,22092.4,23173.1,21184.5,20171.6,22652.2,21458.6,21584.5,24792,22494.1,21448.3,23017.4,20563.9,19348.9,24032.1,19792,22748.6,21239.1,23839.6,20891,25458.3,24552,21328.6,23531.9,25030.6,19504.6,24885.5,20878.4,21271.2,24802.6,19218.6,23075.6,20467.7,21062.3,22273.9,19889.2,23555.4,21977.5,20770.6,25279,20580.6,23234.7,24820.7,23558.3,18378.2,23577.2,20417.2,21965.3,20916.9,19128.5,20585.5,19050,22834.8,21523.2,22489.6,22965.7,24117.6,20963.7,22078.5,22645.4,18144.4,20044.7,20625.1,21640.5,22983.9,19805.2,22341.5,20541.4,21218.7,20551.3,25763.6,23313.6,20381.4,19638.6,18058,20026.4,18405.9,20352.2,18389.7,20462.3,20397.7,22413.2,20450.1,23038.2,18108,24421.3,24076.1,18035.8,18459,17764.5,17277.6,19023.8,23956.2,22190.4,21357.4,23532.7,23573.6,18653.8,21186.8,19741.9,22292.2,19207.2,21683.5,20910.6,20624.3,25294.2,21808.4,25866.5,21807.6,20125.5,20998.2,22840.2,23331.7,23994.4,22942.1,22833.9,21295.8,22118.3,24279.7,22263.8,23286.8,20737.9,21431.7,26284.7,24213.7,21186.6,25570,23051.1,22927,24563,23714.2,23957.7,21391,23655.8,24870.2,24203.7,23269.1,25136.9,24818.7,23538.9,23714.9,21314.1,23662.4,22051.5,25416.3,23290.9,21697.7,20759,25168.8,22026.5,20828.4,19778.9,23142.2,24531.7,21166.4,21336.5,24499.5,24358.4,23164.4,23472.7,23842.1,19392.3,22848.5,19483.4,22524.3,24052.5,19521.6,24460.9,22590.8,23915.6,19141.6,23671.9,24641.5,22585.8,21161.4,21537,22672.9,18995.6,20069.1,19134.1,23956.9,24506.3,19084.4,20896.8,25033.8,23526.5,20708.2,23735,24045,24651.4,22003.8,26469.1,25713.1,21476.4,19716.7,23105.3,23798,24519.2,20320.6,22615.4,20510.2,24196.7,20781.4,21818.8,21986.6,22290,23861.2,22634.9,21282.9,20221.1,23841.5,20199.3,23243.9,23283.9,24340.2,24247.8,21484.2,22115.6,19741.8,20585.2,24263.5,23775.8,24447,22988.8,22124.4,23510.9,19320.5,22245.3,19374,24269.3,25612.7,24637.7,19613.9,23798.8,22279.4,20030.8,22204.9,25786,20084.5,22167.5,23758.7,22566.3,21681.5,22218.2,21492,24929.1,24437.1,22019.7,25108.8,19718.4,23944.5,20227.8,24505,22065.9,23276.3,23655.2,21803.2,21111,24714.1,24876.2,24507.7,25635.7,20959.1,22243.2,20709.7,20372.6,20869.6,22546.6,20740.3,25043.7,24986.2,19826.4,19874.3,21482,20052.7,23613.9,20209.1,20163.9,23628.4,20427.5,25489.5,23387.2,23464.7,24426.2,20663.2,22553.4,24960.9,20046.5,22593.6,21760.7,19853.9,23364.6,20451.7,24547.3,23144.9,20362.6,19839.9,23860,19337.8,19122.1,18985.6,19268.6,19223.2,24881.7,23969.9,20734.7,23225.6,20874,22789.7,25047.6,25350.7,21796.1,21939.6,21210.3,20519.9,20913.9,25192.8,28618.7,30447,37131.8
35438.1,28775.1,27740.8,27778.3,23918.8,21266.7,20166,24831.1,20790.4,21641.6,22432.1,19177.7,20191.2,24843,21176.4,20082.8,24591.5,23837.3,24114.6,23864.9,24507.3,24425.2,18708.3,19098.3,19631.1,20545.2,19427.1,23271,24011.3,22891,20890.1,23095.4,20585.1,21648.1,18437.6,23211.7,23154.7,22550.4,20937.1,19669.1,19062,19365.5,20587.1,19327.2,18075.2,23608.9,19400.5,20295,19252.1,19565,22900.8,23794.6,22785.1,22273.3,22533.8,20783.5,18406.9,20922.2,20527.4,18507.1,18252.1,22306.6,21315.3,21009,23181.4,20643,18742.5,18319.7,19237,24052.9,23398.6,23333.6,19463.3,21901.9,19463.1,21036.5,22066.1,23710.3,23598.3,24547.5,19193,22783.5,25267.4,20914.8,23249.5,19355.7,25014.9,19715.5,23960.6,25629,23642.6,19899.5,19920.7,25024.2,21064,20375.5,20158.5,21245,25494.9,18858.5,20512.7,24336.7,19961.9,24656.9,18816.7,19701.9,18812.6,21701.6,22073.3,22929.9,23952.1,19594.4,19526.4,22444.2,19975,20698.8,20952.6,23726.3,21242.1,20591.3,19829.6,22874.6,21625.7,22042.8,21955.3,23491.7,21273.8,21980.9,25637,22206.9,23006.1,22526.7,25137.2,23996.4,24882.4,22129.4,19210.8,23031.1,21216.7,19254.3,19132.2,20374.1,23940.1,22808.5,24062.8,22586.4,23952,20972.5,20322.7,19533.7,23099.2,21044.5,22677.1,22754.9,20848.4,22422.4,19413.7,18180.6,18150.9,22981.2,21459.3,22800.7,18641.5,19716.2,18509.1,20499.7,19333.1,23629.8,21746.7,23874.9,25101.5,25211.3,24290.6,23212.8,25026,20260.5,21967.3,23821.2,20983.1,22916.4,25735.4,23199.1,22266.7,22408.4,26033.8,21002.3,25358.1,21569.7,23857.1,20440.5,26309.2,24202.5,26038.2,24681.6,20056.9,25618.5,21457,25278.4,21853.1,20942.9,21249.8,25729.9,24708.2,19868.4,19481.6,21031.2,21763.8,25489.2,21840.2,21245,22931.3,21431.6,23699.3,23875.3,25497.8,22661.2,20681.1,25806.9,20352.7,23790.4,24651.2,22248.6,25614.2,24002.2,24461.2,20779.7,22406.9,22419.8,23093,24053.4,25159,25012.6,19176.2,21599.7,24410.5,21848.6,24288.8,22196.6,19891.4,25256.2,24384.9,23662.1,20255.1,21392,21590.9,25037.9,22836.8,20898.4,20285.8,20302.7,25520.7,23931.5,25365.9,26176.3,23938.8,21974.3,19978.3,22929.6,25995,21843.1,23875.4,21634,21604.2,21238.1,20758,25407.1,22051.4,24071.8,25530.8,25388.6,23558.1,23235,23176.6,23071.9,25252.4,21464.7,20533,22070.5,19780.2,24626.6,20120.8,24253.8,22468.8,19421.3,20684.5,23142.7,25028.5,21634.5,22301.1,24093.7,22940.8,25358.1,24564.9,19291.5,19767.6,20046.7,21289.3,21170.5,24432.5,21951.3,23223.2,25122.1,20890.1,25793.6,23155.9,23337.3,24717.8,22026.1,20534.7,24251,24895.8,19559.9,24908.7,22779.3,21167,18539.5,19161,24903.2,20501.2,22546.3,19848,22077.6,22301.7,22215.1,22045,23674.1,19414.9,22050.2,21601.9,23958.4,23892.4,20893.4,23006,19245.6,21971.7,24427.6,23565.7,24793.8,23282.2,23384.6,23707.9,20508.9,19720.4,23143.4,23746.5,20912.6,20904.1,24020.6,20899.2,20568.3,20431.4,21451.3,21467.3,21659.8,25079,21484.4,24333.5,25116,19729.8,20029.8,24530.6,24606.1,19495.2,18620.2,23003.4,22240.7,24082.8,21804.2,22584.4,24381,22823.3,20492.9,19210.7,24942,25459.3,25902.8,25206.3,23093.6,21405.4,22407.9,25090,27559.9,30712.3,31386.9
35342.2,27502.9,24257.9,26873.6,20843,23600.7,19397.2,23101.2,21076.2,23352.5,21155.8,20668.5,22400.2,20001.9,20204.2,24929.3,22778.8,18736.8,19908.1,21523.4,24193.6,22516.9,23900.7,21526,20931.4,20801.3,24092,24543.2,22015,21520.1,21564.7,22764.1,24313.1,22595.2,23521.9,23014.2,20637.5,20114.6,22267.5,20047,18508.7,22182.2,23519.3,24186.2,21458.2,22593.1,18398.8,19627.5,20729.5,19099.5,19904.7,22861,23767,20161.7,22075.8,20734.2,20066.3,20293.5,21256.6,17800.8,20236.3,23927.3,17978.1,20867.2,18600.8,23548.9,21633.1,18660.6,24545.1,22138.2,24143.9,23652.8,24888.3,22110.1,19817.1,20653,19861.6,21781.9,24658.8,23158.9,23597.2,22355.7,20930.1,24702,25670.1,20756.6,22998.7,19919.8,22238.9,19144.5,19871.4,19288.4,24633.3,23958.7,20676.7,20955.2,25744.3,22710.2,20863.4,23230,22053,20571.5,24382.4,23722.2,24913.2,19079.9,24339.6,19999.5,24164.2,22358.7,20106,21807.6,24044.5,20967.5,21216.1,20038.5,22945.1,18433.9,24190.5,18185.3,18136.3,20469.8,20226,21518.9,18560.4,23581.7,23684.2,19271.1,22555,24029.7,25718.7,20990.4,20862.4,22785,20456.8,20317.1,20295.4,21619.9,22811,23373.2,20265.3,20515.6,19394.9,22524.8,23650.3,23114.4,19149.7,20279.7,20905.9,24489.5,24208.5,19182.4,24124.1,20792.7,18769.7,18635.2,21743.2,21447.1,23379.7,21602,23401.5,19380.2,19086.8,20157.8,23861.2,24033.7,22353.4,19457.2,20892.3,23525.7,21423.8,22393.8,21183.3,26312.7,24964.8,23598.3,25305.4,23715,21456.9,23433,22413.7,22666.4,20700.1,21913.9,20645.8,22376.4,19912.9,23739,22695,25632.7,22506.2,22204,20826.7,23285.5,23787.8,20452.3,22779.6,23162,22866.9,21345.7,23939.3,23860.9,20969.6,21651.4,23930,21899.1,23239.5,23105.3,20377,25394.1,20436,21516.2,24720.7,21457.2,22580.6,20746.4,22079.4,24405.1,22687.2,19805.9,20746.7,25599.7,25616.4,23522.7,21701.7,21399.7,20131.3,21270.5,21229.4,22376.7,23882.8,22034.3,19634.5,24428.8,20573.4,21298.9,24386.5,24667.5,19747.8,19139.7,24561.8,20025.3,19972.6,24135,22344.3,22705.5,25632.7,23935.4,21561.2,25248.1,21368.7,25349.9,21619.9,24395,23484.3,24774.6,20099.8,21387.9,22618.8,20714.8,19422,25220,23457.1,24837.3,21991.4,22437,23131.9,23518.3,22261.2,21347.5,24733.8,24522.7,20617.3,22977.9,26416.5,23664.8,22285.7,26190.5,22861.1,19717.8,19961.9,20905.6,26116.4,25876.6,24460.9,23323.6,19626.1,21590.4,19058.9,20476.1,21691.8,22890.9,23085.2,24254.4,21815.3,19151.5,24293.6,24489,24186.4,24268.1,23735.7,21588.9,20284,22517.5,22907.8,24795.1,20878.2,24195.7,22715.2,19591,25048.3,21539.9,24863.2,19775.4,19901.5,21296,25181.2,19720.3,21630.2,21755.4,20768.9,24021,21587.8,22953.8,22772.6,25468.9,19151.5,19706.6,22863.4,19164.6,18961.9,20824.4,24702.6,22990.4,22298.9,24362.6,22275.2,23321.2,21534.4,21900.4,23381.4,21063.5,24758.5,24450.1,25705.9,25213.9,19504.8,20985,19620.8,20177.1,20628.5,19841.8,22920.3,24263.8,20568.5,20822.1,24743.2,21677.2,22809.7,22357.4,20980.1,19001,24398.3,24299.9,23116.9,23434.3,20862.3,19550.3,22452.2,23633.2,22131,18977,24795.9,24275.4,25632.4,20134.4,22152.5,19435.9,20645.7,25591.2,21493.4,29495,27799.5,32627.4
35678.5,29349.5,28592.8,26133,23206.8,24775.2,25018.6,24084.1,21821,18489.7,19005,21855.2,22583.2,21272.8,20134.5,24283,22760.5,24288.1,23294.4,19438.7,24929.2,23846.2,20478.9,24542.3,19964.1,22273.4,18305.2,21252.9,20709.1,20668.8,19585.3,21635.3,19525.4,21053.4,23266.6,20150.3,18324.7,20981.4,18606.6,23472.1,21067.5,20123.8,21305.3,18225.3,21570.9,22323.8,20130.5,18229,22406.5,21995.7,20798.7,20738.4,22797.2,19727.9,23467.8,22160,18587.4,19272.2,22109.4,19036.2,23493.4,23523.3,22075,23107.7,23288.8,23544.9,18716.5,18131.7,21841.8,20366.7,19992.5,22608.4,25054.3,23224.5,25218.5,23092.4,23304.3,22537.4,21297.3,20227.3,19275.3,23453.3,22504,23833.4,19451.7,22973,20737.8,20116.4,24924.1,22068.2,20653.1,19183.2,22092,20232.8,21524.2,23853.3,20705.4,21684.7,23875.9,25222.1,21680.1,25136.9,21558.3,24789.9,23931.7,20900.6,20593.7,20580.4,20373.8,23053.6,19103.1,19458.5,24962.6,20618.4,24794.5,19444.1,22464.5,22737.9,20608.1,19881.9,21228.7,20368.7,18320.9,23156.7,19427.5,23556.6,22444,18751.2,24721.8,22974.8,22157.3,20066.9,20001.8,25872,24480.2,21385.1,19846.1,24321,22818.6,21035.5,18677.8,18822.7,20733.9,19190.6,20470.2,20335.7,18870.7,18479,22511,19784.1,23663.5,19233.2,21819.3,20912.2,21344.6,23732.8,20698,22117.3,21180.9,24397.8,22307.7,23203.9,18335,21723.6,20057.2,23775.6,19854.9,21280.3,20875.8,20201,19864.2,24798.6,24604.3,26357.3,24606.2,23867.8,25599.3,23641.2,20597.8,24288.8,21564.3,20423.5,22373.3,25913.1,23712.2,21822.6,23324,21796.1,25000.8,21272.3,23759,23694.6,22142.9,24225.1,23724.3,22372,20857.2,24455.4,25073.9,20700.5,24008.2,25458.3,19950.8,22853.7,25928.6,20537.8,23213.1,21650.6,25370.3,20718.3,21286.8,21047.2,25464.2,26095.1,24086.3,22687.9,19796.3,25427.8,25157,24268,20039.8,25270.1,23414.3,20307.1,25585.9,21097.9,21587.6,25746,20766.1,23588.2,20126,23246.1,21972,21778,20526.7,23638.9,19827.3,22142.1,19568,20700.4,20044.8,22386,23020.7,22692.1,18973.8,21157.8,23290.8,25351.8,20408.9,24234.5,25747.4,21684.4,22275,25126.3,26213.9,21232.5,21399.2,20732.7,21450.1,25945.9,21287.2,23783.9,21429.2,25054.3,25344.7,25006.8,26512.6,22530.9,20515.6,22318.9,26443.9,22299.9,26414.9,20852,26208.1,23730.7,20103,24509.3,21064.5,22499.3,25584.1,24997.5,23922.7,22407.8,24706.4,24710.9,24724.6,22998.9,20167.3,19695.8,22881.8,24695.3,20895.8,20725,25476.3,23603.6,25028.4,25320,23702.3,24520.4,25475,20440.8,22693.4,19345.4,24243.9,19044,20276.6,21894.4,24190.2,21487.9,22527.3,22966.1,20235.3,24535.7,24780.8,23615.5,20418.4,19956.5,18585.7,22299.9,23995.6,24031.2,18546,19980.5,19075.5,22212,24555.8,20073.3,24801,19375.8,23077.4,20458.3,19416.8,22048.2,24848.6,25858.5,23128.5,22661.4,21681.7,23158.5,21135.9,18971.7,23787.8,24958.2,20567.6,24391.7,21456.4,19956.2,20769.1,19566.6,22579.4,22133.5,22978.2,25246.6,23607,22636.2,21804.9,19559.7,20700.9,24817.2,21809.6,20676.1,23106.4,19051.6,21218.6,21273.2,21130.2,22027.2,23189.3,20133.8,21162.6,22794.1,19681.1,20893.1,25810.2,23751.9,22624,25496.2,21577.3,22855,21982.8,24784.8,31537.6,36371.5
35102.3,26220.8,23376.6,25058.4,21107.2,19967.4,23922.5,20265.1,23477.7,19057.2,20689.7,19613.2,24049.5,21582,23265.2,20356.6,24000.5,20802.7,25078.7,20549.5,24420.5,18726.7,23601.5,19942,23842.9,19280.6,23559.5,21923.7,19161.6,22722.3,22919,21711,23744.5,24250.9,21093.9,21000,24093.9,23963.2,20973.3,24095,22215,23401.7,19734.6,19909.8,23843.1,20548.4,22625.6,18789,22565.4,23592.9,20186.2,23260.7,19865.7,23703.4,18948.8,22083.8,18544,23830.3,23068.1,23788,19052.5,17930.6,24103.4,18906.4,23898.4,18226.9,24363.6,20777.8,21397.7,18492.9,19484.2,21575.5,21982.8,24104.3,19954.1,22037.4,19384,24693.8,20447.6,21228.5,19317.4,21252,19421.3,23174.8,23331.4,23942.8,23838.8,21116.2,24782.2,21040.2,23614.2,20359.7,24695.5,23494.9,24788.6,21042.8,19463.1,19788.6,25016,25432.2,19570,21651.7,24405.2,18895.3,23995,24644.7,20199.7,21878.1,20161.8,19474.5,20798.5,22617.5,21953.6,18554.7,19153.9,24765,19109.5,21108.4,23133.2,23929,24590.6,23977.9,21889.8,19135.4,19299.7,19775.9,18999.2,19048.5,20454,20336.9,19665.8,21266.9,20095.2,20391.1,22107.3,21178.9,19902.8,20552.9,20367.2,22296.4,23288.6,19827.7,22888.4,19515,22839.6,19169.8,20551,20200,23645.6,24547.1,24425.5,20437.6,20029.8,22546.2,19480.8,21232.1,22369.5,23807.3,20279.3,22120.1,20367.1,18222,23286.6,22400.4,20538.5,19819.7,20412.4,19287.9,21455.7,24813.5,23245.4,24961.5,22665.5,6036.89,21672.1,22839.2,20989.3,22069.8,22492.4,25430.8,24768.1,21965,21511.7,26277.8,23489.7,23162.4,21997.3,22864.2,23281.2,23487.7,24527.1,21819.8,22425.7,25484.2,21073.3,21051.8,23320.3,23377.5,22253.8,20852.9,25909.7,23161,21195.2,24765.6,25869.4,23240.2,19946.2,23973.3,22350.7,21889.8,22242,25308.3,20290.2,25783,25887.2,24276.8,22340.6,24423.4,25045.7,19382,22181.6,20540.8,22548.9,23223.3,22077.3,24846.3,22676.5,21089,25631.8,22454.3,24403.6,24960.3,25149.4,24444.8,22997,21737.1,19476.6,25263.2,19116.2,19421,21077.8,23328.8,21228.3,19589.7,21433.5,23241.3,23231.5,23248.3,23937.8,21121.6,24399.8,24830.2,25026.8,22737.4,23859,22695.2,20787.4,26197,24209.6,20331.2,23182.4,23518.3,25943.9,25813.1,22707.2,22055.5,22876.8,24305.4,19926.4,25142.2,25254.4,24984.9,21504.2,25076.9,21327.5,20713.4,25611.7,22946.3,24432.4,21220.7,24222.4,26388.9,22455.6,25872,23615.4,25764.6,25643.6,24923.4,23943,20336.1,21800.7,23348.1,24276.9,23721.6,22839,19887.6,23248.1,25824.2,25662.5,25265,23832.8,22495.8,23174.6,24023.2,23359.8,24048.1,24487.4,19302.2,22813.8,19636.1,19668.5,24538.3,23391.6,20945.4,19957.8,19054,20304.2,18925.3,21421,24894.2,22464.9,18907.1,19007.8,21494.1,20344.2,23710.7,21878.7,21287.6,21119.4,20571.4,22483.5,24635.2,19666,23927.9,20441.7,23279,22735.6,24465.3,24910.3,24966.9,20157.7,22191.7,21191.1,21146.4,21250.8,20930.4,21373,19074.3,22772.7,23670.6,24018.9,23438.6,23014.8,19122,23194,24241.2,24162.2,18797.3,20896.1,21904.9,19553.8,18720.1,21197.9,22065,18268.6,20152.3,20698,20938.1,22755.4,19088.1,22758.4,18822.8,21167.4,23791,18767.4,25216.7,23290.4,25603.6,20713.5,19837.9,21245.5,24042.7,29386,35871.6
30929.8,29207.4,29121.6,27186.5,25350.4,21977.5,20726.5,22677.8,22784.4,18740.2,21391.3,23418.4,23427.2,22818.3,18888.3,23729.3,18918.8,23015.7,20788.7,21107.5,20233.2,22486.3,22068,19935.6,19081.7,19550.7,24303.4,23247,22511,19123.9,19614.5,24561.6,21741.6,19244.5,22722.2,22353.6,22753.1,24204.2,22914.2,18114.6,24316.8,19526.4,19418.8,21822.7,20825,18502,22923.3,22319.3,20071.5,17942.2,19394.6,21162.9,23013.8,23748.3,21063.4,23564.7,19448.7,18582.8,23912.1,20612.8,19983.8,22156.8,20488.8,23359.8,21355,24016.6,24035,18707.4,20814.2,23924.6,20451.9,20170.4,21561.7,19348.8,19185,22364.8,23710.1,24677.9,19936.5,23785.2,21101.9,21219.6,22097.7,23417.5,24702.5,19407.3,22254.3,20243.5,23242,23764.1,21948.4,19431.3,24616.6,26017.8,22488.9,22018.3,21011.5,25225.8,22406.9,20111.7,21319.3,19414.6,19070.8,20108.9,18718.8,18637.2,21852,21116.8,21250.4,23127.4,21248.2,19723.7,25180.3,20417,19695.7,20363.6,25022.8,24483,21536.6,24393.8,24697.2,21820,22923.7,22427.7,21212.7,18561.8,23126.7,21994.1,24720,21648.6,22157.6,20622.7,20315.9,26099.5,25562.4,24771,21015.5,19290.9,19323.4,22216.2,19449,19256.6,21096.9,21151.5,19639.7,23355.7,20486.6,21430.8,19691.7,21707.8,19621.4,22386,19113.9,20539.9,18227,19071.1,20147.6,20443.2,20578,18630,21159.7,23406.3,19513.9,24026.1,22951.7,19580.7,19212.4,24014.4,25042.3,23347.1,20601.3,23009.7,20298.3,22672.3,23885.5,20964,21606.3,20808,21464.2,21117.8,26364.7,23976.6,26134.2,25526.1,22384.2,22848.8,24713.4,22295.1,25349.6,25529.6,22113.7,20301.2,25072.1,26649.4,26343.6,21580,24494.8,20870.8,24141.9,21587.7,22784.2,22461,20602.3,25173.4,20690.5,24324.3,20896.8,23104.1,25806.2,23113.1,21290.6,21352.1,25375,21786.6,22343.3,19842.7,21691.1,22120.9,19519.8,25825.5,21781.4,22524.5,22687.8,20669.1,20611.8,20359,23448.5,21443.3,22680.9,21356,21820.5,24480.6,25239.6,25136.5,25090.6,25597.3,19747.7,23853.3,24154.7,22702.5,23900.1,23593.1,23203.9,22191.9,19178.3,22642.7,20457.2,19877.9,21597.8,26283.6,24288.6,24270.2,20851,24117,22523.6,20999.3,25611.1,21390.5,24048.1,24293.4,20421.5,26142.9,20038.5,21981.9,22779.1,23445.2,24879.8,23951.2,21440.4,21038.6,24908.3,22643,20781,24013.5,25485.1,26430,25021.2,21647.8,25229.9,22844.8,26811,23354,20787.3,19654.8,20550.2,20641.9,25472.1,24291.3,22707.3,24047.7,23608.3,19559.8,24201.8,23937.4,21762.6,20106.8,22547.6,24183.8,21489,21036.8,22330.5,22076,22171.8,22375.2,21508.1,19892,24229.2,20146.9,23726.4,20491.6,20021.5,25444.3,23057.6,19273,22357.3,22101.4,20050.4,21972.1,19986.9,21193.4,24409.3,23719.3,20227.3,25514.1,24584.4,25062.9,22579.7,23243.5,24111.3,25247.9,21838,21598.2,23673.3,21973,21784.7,23367.3,22080.7,23944.9,21249.5,25272.8,21253.7,20491,24277.3,20761.6,21891.7,23051.3,22366.5,25173.7,22585.2,20983.5,23141.3,21931,23937.4,20449.4,22615,25229.1,25538.5,20401.6,18397,20938.2,18585.6,19692.9,21826.1,20376.1,21931.1,18262.5,20864.7,19561.8,21152.5,19395.7,19412.1,21310.1,21448.1,23810.7,23983.8,22133.1,21516.1,20797.9,20601.8,21832.6,25676.8,25678.2,29768.8,36679.3
32754.1,27633.2,27845.2,22404.7,21166.1,22099.3,24246.9,21603.2,20928.8,18437.7,19426.5,18636.3,21107.5,19323.8,20980.5,23082.2,21874.3,19021.6,18706.7,22180.1,24520.5,19690.9,19435,22238.4,22998.9,19467.7,24601.4,24406.3,19899.6,24320.3,20788.1,22692.6,19898.4,24288.5,23350.1,20852.3,23722.6,20976.5,23460.8,18166.2,19392.8,18899.2,21185.4,23170.3,18675.5,19254.8,23728.2,19550.2,19636.3,19085.6,18892.7,20470.8,20567.5,18737.2,20186,20058.5,20695.5,22823.6,23596.2,23071.1,23887.7,21566.2,22741.7,21120.3,22489.8,21405.4,23084.4,24290.2,23817.4,23623.4,21146.5,20834.4,20703.5,22526.1,25022,25005.6,25340,20704.7,25402.7,24664.8,23187.7,19421.2,22468.4,24675.4,22249.5,22701.8,19958.6,25852.2,20413.2,22093.7,23208.1,20971.5,23233.4,22007.9,23927.3,20297.6,21687.1,20807.2,21340.6,23855,25397.7,20116.2,19262.6,25175.2,23448.1,20758.4,20126.7,19811.2,23425.4,22956.9,22393.2,22926.8,19529.8,21920.2,19048,24966.2,25370.2,20634.7,19786.1,21610.2,21637.9,20508.8,23815.1,20151.1,20192.7,20868.9,18802.3,19204.4,24741.3,25858.5,21769.4,26017.2,25759.8,20149.6,20113.8,22917.6,19603,20032.2,23423.9,21684.2,22892.5,23108,19234.5,21617,19108.6,21702.7,22550.8,23138.7,24061.3,22129.2,20828.4,20536.4,22007.5,21139.9,17206.4,22605,20164.9,22356.6,24218,18992.7,23098.3,24046.9,21875,19386.2,23190.1,21950.9,24471.5,23866.6,19506.4,24499.6,25693.4,23198.3,21095.5,20539.1,20711.9,24709.7,20290.3,21237,24203.6,21721,24276.8,25675.8,25334.2,25350.9,20216.9,26248.5,20163.6,24877.7,24291,23412.7,21456.1,20451.5,21428.4,24006.5,22123.1,22334.7,25943.6,20650.6,26101.7,20406.4,21212.2,25046.6,21520.5,20918.4,21109.6,25207.6,21180.1,24953.7,23624,20099.7,24686.9,20318.3,20215.1,25296.7,23712.4,22593.8,25845.1,22633.7,24636.8,23953.6,24463.1,20478.4,19901.9,20701.1,24141.4,20020,20343.5,25330.5,25288.5,20754.7,23781.3,24797.3,23581.2,20994.8,25419.5,23492.1,22718.5,25078.7,23331.9,20495.3,21660.6,22040.1,19800.3,20512.9,19656.3,22945.3,24116.6,25140.5,21755.7,24369.7,26589.3,24507.7,20225.6,22318.3,20606,21995.8,20265.2,21149.7,22695.2,22095.9,21559.4,20676.7,22073,20067.6,26093.8,22283,23258.1,24314.3,24886.4,24403.6,25969,21761.8,23875.3,21675.2,26335.4,25415.8,23534.3,24673.1,21422.2,23712.3,22333.2,23705,21855.6,25322.5,21009.8,20282.7,23028.3,22258.2,24539.9,25038.6,19950.9,20210.2,24845.6,24485.3,23652,19425.6,23489.8,19418.3,19368.2,19453.1,23598.5,19698.7,21624.6,20159,20193.8,24741.7,24367.3,25456.6,21372.2,20033.1,19368,22858.4,22973.7,19382.3,20982.7,21318.1,25506.8,23797.3,20136.6,21307.7,20146.4,21594.6,24307.3,20701,19955.2,24899,23688.7,19359.9,22548.6,24839.4,19835.6,18605.8,19943.6,23738.9,23014.5,19407.7,20809,20960,18837.4,24031.9,21385.3,25106.5,18850.8,19621.3,21002.7,22189.5,18965.1,24380.6,19848.2,18998.7,23931.9,21271.1,22153.3,23030,21538.3,19416.6,19799.1,23855.3,18370.3,19348.7,18748.9,19746.4,18299.8,23509,22267.2,18113.6,19281.2,19477.9,19340,23583.4,25344.6,22621,22390.2,18974.3,22393.4,23404.2,23195.2,23267.9,24032,23795.7,27346,27476.8,26298.5,31676.8
33911.8,30626.8,27542.1,24785.4,24161.9,20053.1,24474.2,24656.1,20155.4,18605.9,22168.9,23604.4,23859.6,20254.6,22112.3,20585.8,21869.2,21736.3,24886.4,20732.2,21012.5,20364.9,23668.6,18841.9,18714.1,23249,18825,22382.6,24025.5,22202.2,20107.1,22579.6,20838.1,19714.5,24200.8,23635,23478,20514.3,23536.1,18178.9,22092.1,20085.8,21765.5,21726.1,19276.8,23977.6,21400.9,24342.8,23597.2,20619.4,18102.2,23840.5,19780.6,17935.1,22489.3,23348.7,24115.9,22468.2,19997.9,20836.1,21535.2,20119.1,21832.6,18519.7,22064.5,18269.4,19550.6,20789.2,21102,18559.7,23369.6,22201.3,23598.9,22176.9,23375.4,21406.7,19371.9,25296.6,24468.2,25468.8,19770.3,24695.4,20179.1,22482.9,19475.5,23775.9,22265.4,25466.1,19905.5,23567.7,24790.5,22329,21978.4,21423,21951.7,21432.8,20184.3,21184.7,23913.1,19147.1,25542.7,24491.5,24950.7,20492.9,24704.7,23456.2,24395.6,22132.6,21643.5,22114.7,21237.2,24224.1,21848.5,23994,20233.7,24361.4,21098.7,19691.9,23782.6,19356.6,23124.3,24479.8,20735.7,23917.6,24078.5,20490.9,21343.7,23725.3,20920.7,24412.1,25790.3,23653.7,22142.7,23312.1,25446.3,20091.7,24040.7,23024.5,23343.2,21843.6,19100.1,23622.5,22093.2,18965.4,20589.4,21171.8,18553.5,21581.5,24242.5,20207.2,19012.2,19366.1,19342.8,23464.5,20996.4,19754.6,19313,22254.4,18823.5,22436.5,22600.5,23585.8,18796,22839.5,21345.3,20304.2,22913,23350.5,23396.6,25469,20867.6,21906.8,25838.5,21780.4,22833.6,24151,21271.3,25300.3,21167.5,22675,22747.4,21363.3,25413.9,21209.3,20011.2,22316,20415.2,25184.2,22304.8,23205.8,26560.1,25118.1,25797.7,22715.1,20830.6,20434.9,22411.7,24203.8,21360.8,21557.2,21943.4,22776.5,21105.6,21522.4,20203.4,23826.1,24964.9,24027.3,22030.1,25126.2,24135.7,25489.2,24871.8,20057.3,25325.5,24195.9,20033,23659.7,23932.1,20561.8,25532.6,25538.4,25501.9,23769.8,23607.5,24927.8,25985.5,22442,25245.2,26102.7,22444,25167.8,23197.1,20934.7,20216.2,21187.5,22051.1,21281.5,23425.4,20143.5,24405.9,23084.6,25818.1,22379,22578.6,22457.9,20294,24453.7,25755.6,22046.2,20318.6,22457.2,22320.4,22214.8,26204.7,20326,25763.4,23930.3,25605.5,23545.7,23037.8,20821.5,21944.7,26012.8,21876.2,23275,23529.3,23675.8,26467.6,22844.8,26415.8,25811.8,20103.4,26100.7,20396.5,21001.7,20528.4,20206.5,25969.3,21926.9,21381.2,20296.8,25839.5,21722,23684.9,24610.2,22881.9,24140.1,21337,25631.3,24278.3,21865.1,21547.3,19643,24432.5,21551.3,19672.3,24301.1,24695.2,19491.3,20115.4,20612.7,25818.2,22757.4,24202.5,25544.1,21629.6,20952.1,25155,21073.8,22687.9,19577.7,18994.6,23225.7,25381.3,23336.5,18776.7,19058.6,24506.4,25261.1,23705.2,24517.4,21744.5,24082.2,24209.7,19212.2,18612.7,24973.4,21551.4,25098.4,19547.6,19866.3,24646.6,18698.3,25012.2,21364.5,22590.8,24582.5,24223.6,23924.3,19284.8,23923.8,22795.9,21498.3,20988.1,21672.9,20574.7,19100.7,20653,18779.8,20428.1,22317,23635,19665.2,19896.2,20016.2,22441.8,23948.4,22467.5,21092.5,20393.7,23042.9,20816.6,21689.3,21899.2,18168.2,22655.4,18669.4,19276.4,23361.8,22324.1,22441.9,24841.5,19146.5,21487.7,19962.6,24651.4,25023.5,22825.8,21725.7,27246.8,27334.1,26135.1,31641.7
33578.8,31088.3,26768.3,27186,22360.3,24303.5,21453.9,23331.4,20015.6,22086.9,19708.9,23735.5,19243.5,19967.2,20065,24044.8,23087.1,24694.3,21312.8,19564.5,20430.9,19526.8,20419.5,23844.2,18763.4,20369.9,22915.9,18653.3,24680.5,22704.9,24641.2,21504.5,21911.6,23587,21213.1,20538,19782.9,24327.5,19384.6,23200.9,23063.4,18958,19532.1,20025.7,18922.4,18116,20576.7,21976,22893.6,21456,19685.2,20275.8,22665.1,19505.6,20721,18447.1,23542.1,19798.6,18392.8,22579.9,20906.3,22974.2,21312.3,20877.2,20123.8,21992.2,21373.4,18891.7,20278.3,18944.4,20968.1,24516.6,21243.8,19298.3,20706,23355.9,19357.1,21489.2,21357,19508.6,23943.4,22994,20195.7,23925.2,19303.7,24432.3,24731.1,19870.8,20407.5,23524.1,20433.1,25216.7,19565.6,23556.5,25910.6,22217.7,24931.8,23226.9,22537.3,24104.6,23272.1,23479.6,20289.6,25500.5,20743.4,23571.1,22233,21814.4,23967.5,21500.8,19691.1,21473.4,24080.2,25098.2,22565.2,22728.5,21568.4,19793.5,24862.4,24498.9,22647.7,19796,23615.4,22651.2,18669.7,21144,24555.8,19511.5,19033.1,22006.1,23685.7,26125.6,25264.3,26217.6,19874,21607.1,22359.5,19870.3,22848.8,22542.4,18800.1,20866.1,24445.8,18477.3,22445.3,23165.3,19354,19482.6,19882.4,19285.7,19690.3,23666.7,21144.1,20103.4,16306.3,19262.4,22051.7,23580.6,21154.8,18772.3,20371.3,23623.4,22927.9,19570,23763.9,20858.5,24039.3,20005.1,24779.5,21706.9,22047.2,24557.7,23542.1,24119.5,23554.7,22643.2,26005.7,26879.8,20328.5,22768.8,22067.4,20720.9,21586.3,24882.8,24419.1,20253.7,21091.6,26610.1,26583.2,22041.3,21552.3,22593.5,24654.8,20662.8,23679.7,20534.5,25387,23915.8,20117,21719.1,23014.9,21284.5,22376.2,25424.3,25110.3,22400.1,23630,22896.8,25884.8,26196.8,25343,21939.8,23359.3,20819.2,21992.6,20414.2,24432.1,21389.4,25814.4,21268.7,23162.8,24049.1,23625.9,19545.5,20888.9,20270.3,23677.1,20836,21354.3,22099.2,24884.5,20973.5,19985,19960.1,21268.5,22689.6,25125.6,20097.8,22877,20208.7,23583.4,24363.3,22745.5,20636.6,21465.9,20316.2,25448.9,21925.2,25962.2,26411,21254.6,22371.5,24438.4,24487.7,24664.4,24576.3,26179.1,21851.3,20665.1,23162.6,25885.8,22940.5,21573.4,24339.5,20024,26487.8,25254.3,22654,23274.4,22747.2,25306,24149.7,21822,23273.4,25631.4,22487.8,21958.7,24868.9,25453.1,25995.7,20964,20016.7,24146.7,20916.2,19732.2,25718.5,22639.1,25134.3,25175.5,24401.6,21686.6,23377.2,22168.2,22512.6,24158.6,21817.4,23873,24341.4,23987.8,24453.2,25595.8,21636,21638.9,22197.9,24628.9,23682.7,22208,25772.6,24045,21887,24903.5,22186.2,23662.5,25470.3,25113.4,23218.1,23101.6,24537.6,19928.7,20882.6,21667.4,24791.1,21858.5,25675.9,24098.3,22961.8,23218.5,22357.4,24287.4,23242.6,22314.8,24371.9,19615.9,23928.5,21632.2,23512.9,22115.6,19473.8,24513.4,25149.3,18771.9,24411.7,22658.1,23124.7,19762.1,23337.5,22590.3,22136.5,21044.8,23315.7,21545,23380.6,24377.7,19548.1,23143.4,19222.5,18621.8,19210.4,23987.4,18899.3,23189.1,18805.7,24143.1,20415.7,17768.7,22905,22541.9,23199.1,20971.9,21244.7,20176.5,23669.2,20528.2,25033.4,20962.6,22720.3,19747,19807.9,23861,25457.9,21233.2,28087.8,29691.1,36817.3
31355.7,31318,24834.6,22700.3,23781.7,21407.5,23722.2,21771.5,23788.7,18831.1,23435.1,20802.9,20717,18687.2,23746.4,21665.4,21230.9,19969.4,19394.9,23345,21939.5,24558.8,21353.4,18171.3,18892.1,19735.1,21078.3,22266.9,21639.8,24249.5,20607.7,20916.8,22492.9,24863.5,24748.5,22564.5,22824.5,18821.2,21473.3,21310.2,21956.5,22724,23396.5,19742.9,23082.1,18856.1,20344.9,23233.6,22289.8,23082.4,20826.5,24362.5,21340,18749.8,20314,24026.9,23762.7,23472.9,23194.5,19408.9,22566.7,19332.8,24333.3,19763,20996.3,22598.4,18777.7,19285,20065.3,20009.2,20580.8,23275.1,21789.3,24866.8,20841.2,22883.2,24012.5,23339.9,23839.8,21506,24295.1,20220,24671.6,25558.7,24533.2,21619.6,25768.5,24158.3,25881.3,25337.8,21287.4,22049.5,21374.5,20521.8,21481.9,22609.8,20154.4,25319.4,22454.1,23481.4,19330.9,19692.8,23419,19697.5,20391.9,21506.8,24313.5,23571.6,19724.9,22693.9,22019.2,24294.8,24145.8,20027.4,18911.4,20529.5,25327.3,22683.1,24459.5,24756.6,20733.8,19294.5,20773.7,23877,24854.4,23232.9,23455.4,21350.8,23247.4,22210.8,20056.1,20945.5,21200.8,21797.4,19601,24507.9,18898.4,18542.8,24151.9,19963.1,23393.7,20306.6,22114.6,21421.6,23111.8,18853.7,24174,23794.4,24191.8,22277.9,20351.9,22531.3,18258.9,19926.4,16883.3,21774,22773.3,21357.7,22514.3,22585.3,24304.6,24514.7,22010,24373.7,22143.1,24711.2,20004.8,21752.7,22724,25353,22047.2,21106.2,21296.6,24633.1,20202.3,22498.3,25409.2,22960.3,26675.6,21232.6,21197.7,21750.8,25554.8,21275.4,24729.7,20564.8,24768.6,22781.8,23260.2,23148.1,22987.3,25647.1,25504.2,22222.3,23509.1,23443,26667.7,22378.5,24803.7,20456.7,26346.2,25035.6,20488.3,26291.9,21618.5,23783.9,25556.5,22549.6,24904,21226.5,24958.5,26165.3,24943.3,26585.6,20330.2,24371.5,21366,20773.5,23519.4,21110.9,20152,25366.6,25315.5,23884.4,21308.2,19845.9,24318,20005.4,22603.2,26014.9,20226.6,20656.1,23050.4,20696.4,20789,21102.9,20725.5,24924,21709.8,21137.6,20639.2,21590.5,21859.6,19955,20355.3,25912.3,21657,25061.4,21740,23997.9,21037.7,25654.6,25405.8,26232.5,21968.6,27077.2,23424.5,20511.8,21242.5,25858.6,23191.2,21429,23422.5,26343.1,21542.9,21259.1,26179.9,24630.8,24805.4,25233.3,23507.9,23400.6,26507.7,21331.6,26261.6,25614.2,20017.2,26447.4,21255.6,21073.7,24459.9,23543.5,25316.7,24059,24651.7,25430.9,22775.1,22982,24396.9,19240.6,21669.4,21506.8,24911.3,19576.7,22049.6,21717.4,22117.7,21676,24993.7,22678.3,19654.3,24691.6,22430.2,20033.2,22477.9,20909.6,22063.9,20276.3,19441.2,19565.9,23267.7,25712.4,19746,24992.5,25408.6,21965.9,25534.9,19584.8,24150.9,25446.7,23260.8,24860.7,25738,22062.5,23947.4,24471,25393.5,25801.7,20981,21557.3,19437,25086.3,22935.9,24435.5,21828.6,22385.9,19098.9,22990.5,21532.9,19002,21501.8,23431.5,19393.3,23429.5,21870.3,22288.1,19568.5,22348.1,18741.3,21964.8,24043.6,19749.2,18058.2,20247.2,23729.4,23889.1,21245.3,23397.1,18782.8,18938,23527.4,20262.3,19343.4,19816.8,18532.9,20200.4,21256.4,22819.8,22426.3,20177.5,22113.9,19346.2,22674.4,19495.5,19430.9,23434.3,23889.2,25232.7,19775.4,23271.5,25824.7,26152.4,28610.7,35241.1
34579.3,30289.6,27370.9,27792,26551.5,24125.2,19873.1,24257,19571.7,19453.6,20132.8,18867.6,22715.6,21337,23552.1,23426.9,21101.6,20118.5,20344.3,22578.1,20644,18324.1,21013.6,23869.7,21827,23856.6,19014.7,21721.9,23609.6,20234.1,20119.9,22796.9,22532,20486.5,19301.4,24389.6,23541.6,21909.2,23333.7,21109.2,19729.5,19151.2,22729.8,22350.7,19636.8,20654.4,18725.6,23686.2,23248.6,19631,21452.5,18360.6,20078.4,18869.3,18880.3,21112,23250.6,23375.3,18993.4,20876.7,21699.3,21299.7,22777.4,23828.9,23407.5,19695.2,22101,22153.2,23713.2,20461.2,19685.6,18874.3,21732.1,20767.7,25230.2,21239.8,24464.1,25086.4,19316.4,19571.3,24319.3,23429.3,21834.9,20147.6,21058.6,20135.3,23884.8,20341.7,21709.9,24979.6,21456,23655.2,21749.8,23173.7,21371.7,22004.2,21399.8,24382.9,21473.1,23629.1,24206.2,24697.1,25635.2,19332.6,21682.7,24907.2,23949.8,19576.5,19451.7,22550.5,23548.2,19101,24173.5,19944.5,20651.8,23332.5,20638.5,21220.6,21060.1,21911.1,18985.7,19929.7,18291.1,20916.2,19861.6,21995.3,19818.2,23237.2,25406.1,22837.8,20112.8,22203,23579.5,25950.2,24790.2,25396.6,21009,18747.6,20601.6,23557,19763,20536.6,18827,21811.6,20355.8,20018.8,18850.9,21514.6,19500.6,24188.3,23536.1,23134.1,22249.8,19987.9,15984.4,22568.5,23291.8,18995.2,19342.2,20233.6,18881.3,19737.2,18893.3,24813.9,25314.3,23848.9,19049.2,20268.4,20648.6,23689.2,25586.4,21928.7,24634.6,21647.8,23434.9,22958,21066.3,23199.9,22494.6,23432.5,21735.5,20274.5,21235.1,24194.6,21311.7,25197.8,21402.8,21960,26457.3,26117.2,26540.3,24207.3,20464.4,20425.4,23997.5,21928.7,21944.1,24092.1,25159.6,25419.3,23724.6,20720.5,24412.7,24754.5,20409.5,24784.8,23482.3,24715.7,23636.8,23888.4,22558.3,23918.5,22438.5,24369,22956.3,25449.1,22191.4,21943.8,22592.7,26115.1,22881.7,19859.2,24388.2,26149.7,23122.7,23604.4,24144.9,24971.1,25370.7,22478.9,20930.2,21699.1,23356.7,21022.5,21944.7,19484.7,24480.4,19992.5,20324.2,20879,21638.2,21236.4,20173.5,20481.1,21589.6,20190.3,19785.4,25645.2,22839.9,25101.2,23301.8,25276.4,21596.5,20527.6,21194.7,22363.7,21486.8,26278.8,24147.2,22789.8,22621.5,24933.8,21030.7,25588.6,22524.6,20432.6,22729.8,26254.8,24175.1,24478.2,24448.4,20598.5,20392.7,23453.9,20366.2,21082.2,21056.5,23952,20246.7,21317.3,24023.8,24467.2,20941.8,20060.5,22243.1,21903.9,24883.8,24749.6,25715.3,20775.8,23877.2,23016.5,20943.1,20683.1,23271.5,21365.3,25623.5,20333.4,21277.9,25078.5,25213.9,24177.7,22809.7,21411.3,20595.4,23965.2,21107.2,24266.8,18998.7,23045.5,21004.1,22568.7,21157.4,19932.2,23593.8,23601.2,24630.3,20038.5,23881.6,26106.3,26027.3,25737.3,22555.7,23971.9,22541.2,25425.5,20663,19886,20996.5,25169.7,24713.4,18747.6,24738.2,23235.4,23607.6,21846.1,20142.6,18607.3,20887.5,21144.6,23168.7,19955.2,20759.5,22894,24824.6,25074.6,20424.6,19760.1,18114.9,19714,23552.6,24335.2,23646.5,21661.4,23253.3,20708.8,23770.2,18124.6,21920.5,20637.4,23518.3,18816.6,22202.5,23024.4,21347.2,23320.5,23297.6,23374.6,23120.1,19839.1,19791.7,24072.9,23331.5,21712.4,21138.8,22382.8,23163.3,24154.3,24010.4,20756.3,26573.3,24632.6,29208.9,30594.4
33885.2,28278.3,25131.2,21832.7,20370.4,23801.4,19281.2,19768.5,23713.2,21455.5,21683.9,19426.1,21016.5,21956.3,19185.8,22926.8,21826.3,20410.5,24633.2,19874.3,18611.9,21803.6,18674.5,19168.2,24095.2,22576.3,24091.6,24041.3,20681.8,23214.5,19820,22984.1,24486,18590.7,23518.1,21881.3,18917.5,23696.5,21349.7,18846.2,19536.8,19649.4,18423.7,18176.6,19683.9,21536.9,22035.6,23815.1,21073.7,22458.2,20726.8,19137.9,18561.3,22253,19225.5,23350.3,20141.1,21863.7,23746.8,23781.2,19187.8,22489.5,20035.3,17912.5,24376.7,21690.5,23431.6,19699.2,22101,18771.1,19160.6,21720.6,23578.8,22853.2,24954.7,22065.7,23017.9,23313.3,24401.2,19736.4,20690.1,21873.6,24985,25889.2,24671.3,19748.8,20764.8,24339.3,23971.2,20225.4,24122.5,25324.8,23046.1,21613.5,24077.4,21585.6,22191.4,25686,19459.4,22465.4,19369.8,21421.4,21836.2,20535.8,21668.9,22508.2,19655.8,23153.3,24722.8,20616.2,21594.8,23676.2,21619.2,24256.7,22765.4,22131.1,19308.7,24918.7,19664.4,19385.5,22972.8,20968.1,22403.1,20174.9,24357,23107.2,21531.2,22326.6,24620.8,20184,23490.3,21250.4,25246,25821,26168.8,21900.5,19040.6,21961.1,21153.7,23786.9,23227.6,23847.5,20647.8,24494.4,23650.9,24446.5,18892.4,18606.3,21632.6,19364.5,20546.9,23067.6,23535.8,22710.6,16655.7,18524.8,24005.3,24686.4,20958.2,20834.8,24215.9,21327.4,21412.9,19967.9,19646.9,18772.5,21421.1,19737.7,25435.8,25260.6,26312.2,20573.9,25044,22420.1,26324,24645.8,21994.2,24099.8,26319.2,21794,24534.5,22663.9,21919.5,22034.5,21344.3,23094.5,20142.7,23457.1,23901,24996.3,25121.5,26133.4,26644.9,26779.7,25122.7,22729.7,26764,23157.4,22762.7,20399.8,22423.3,24709.5,22974,21314.6,21604.2,20365.9,23473.5,21483.1,24867.4,23457.9,23744.9,23273.5,25155.8,23681.3,24469.9,24542.9,22309.5,22578.8,21715.1,24695.4,22014,21851.3,22807.6,22579.9,20086.3,26482.3,25746.8,24305.9,24891,23029.9,24935.9,21785.9,20538,23096.4,20024.4,22414.4,24785.8,20094.2,20590.9,25343,23864.5,26182.2,24575.2,19959.7,23780.5,22513,23384.9,21685.2,21507,23427.8,20339.4,25473.3,26431,25611.9,24036.2,24419.8,21656.8,22347.1,20892.5,25751.8,22392.2,19873.4,20988.3,26141.5,24913.7,24020,25684,22368.8,22238.2,22383.2,19956.1,21433.2,22444.9,23030.5,24836.6,21002.6,19860.2,23202.5,20466.7,21015.1,26080.8,26254.2,20394.9,22093.8,21621.1,19834,20045.9,24785.1,22721.3,20282.8,25428.7,25025.9,20027.9,24157.9,19602.4,23928.7,24739.8,21816.9,21823.9,22309.1,22294.2,24585.4,21572.7,23114.1,20463.8,22930.3,19251.6,24834.5,20264.8,25240,24556.5,21833.8,23623.4,23480.2,24283.8,20291.9,19474.4,23595.4,23863.2,25942.1,22569.6,21019.9,21277.9,20908.2,20261.1,25731.9,19822.3,23200.2,20169.3,20982.9,20089.9,19008.3,20469.7,19587.7,24513.8,22619,22173.1,24175.3,19505.9,19814.4,18892.1,20848.1,21540.5,23023.3,22268.7,24817.4,22963,18355.5,19479,21718.3,18161.2,18225.5,19972.8,23524.5,18978.4,19729.5,21667.3,20562.1,18671.6,20733.5,24191,21742.7,20397,23183.1,23625.5,18333.1,19800.1,20343.4,23403.5,21392.7,18177.9,20516.5,22531.4,20394.2,20128.6,19294.3,23145.6,24363.6,22187.5,25096.3,24561.7,24788.6,28759.7,31329
35743.9,29251.1,24564.9,24697.9,23660,20650.7,22331.3,21823.9,23960.8,22933.1,22659.2,24743.4,22962.3,19348.9,24398.6,21417.5,23136,20972.1,24158.1,20139.3,19033.4,24535.2,20100.2,21020.5,19879.1,21719,21667.1,21730.1,22369.8,19131.3,18497.1,18733.1,23613.7,19236.8,23539.5,22415.2,18913.7,21254.6,22608.6,23825.7,19716,22918.6,19236.9,23472.7,21757.1,23765.7,18582.3,19264.9,18461.7,19615.2,23100.5,21414.1,18024.9,21042.8,24070.3,23186.4,19726.7,23499.4,24250.3,24252.5,20019.6,19023.4,22573.2,20086.1,23656.8,20170.8,18613.3,21280.8,20355.5,19266.2,24328.7,21413.1,24379.7,19944.9,24730,24713.3,25723.8,20755.4,25971.9,24989,24841.7,21940,19870.2,20532.2,24599.1,21164.2,21331,19560.1,22038.6,19379.9,24788.4,26033,23549.2,22456.7,21848.5,19789.5,24058.2,22289.2,19999.4,20618.9,25459.7,23435.2,22282.8,23732.4,20162.8,22326.8,24488,21786.4,22118.1,22104,22386.9,25052.5,21994.4,19171.8,24697.4,21207.6,23130.6,21260.3,20305.6,23338,23112.7,22936.5,23390.4,24127.2,18552.4,24437.6,19903.2,25065.2,24497.1,19214.4,19896.1,19640.3,22753.4,23410,20975.6,25035.8,21776.1,24155.4,23598.6,21012.7,22823.8,19732.5,20037.3,19637.7,20954.3,19770.9,24818.8,20950.8,21144.7,24095.1,21864.7,23737.1,19149.5,18949,20386.5,22750.1,20646.9,21630,20977.6,23065.1,23279.2,21065.1,19249.6,19322.9,24724.2,22100.5,19326.2,24049.1,19826,20585.4,22570.4,24414.1,26337.1,20620.7,23091.7,19939.7,24241.3,20521,21198.5,26799.2,24244.1,20362.1,25754,22226.3,20921.2,23627.4,21204,26203.8,21429.9,24960.9,21686.9,23121.4,20755.5,26786,21920,25523.3,21016.5,22538.7,22725.1,26267.3,21635.2,25878.6,25496.2,25419.6,25206.7,25662.1,26426.6,19969.2,25229.4,21992.7,20692.5,23843.1,20443.1,26711.3,26668.1,24071.6,23426.2,21153.1,23260.5,20478,19635,23221,20894.7,23108.8,22003.1,21880.1,24194,24667,22075.3,24810,25407.1,23555.5,23620.8,26223.5,25578.7,20033.7,21256,21893.9,20406.2,22058.2,19636.7,23171.2,21677.9,20198.2,19534.9,23938,22188,22612.6,26284.4,21712.1,23137.4,26248.6,24029.9,21131.2,24465,26572.9,22910.9,22440.2,22166.4,21160.2,21304.6,19792.1,20976.5,26005.3,24629.3,22708.5,24200.3,24330.6,21104.7,22876.3,25604.6,22679.8,25221,25202.5,23684,24271.6,23891.8,21188.1,24007.2,26295,22729.8,22400.1,24961.6,24922,21963.9,25061.9,22139.2,25321.4,24564.4,23928.5,24471.9,25585.6,19551,22591.6,22758.2,25650.8,25541.2,21912.7,24667,24565.5,20644.4,24593.2,25247.2,22889.7,19864.6,23817.3,23073.1,22031.2,21344.4,23829.3,25312.8,19667.4,22823.6,20544.6,23278.1,19576.7,24718.2,19542.4,24247.6,19429.8,19588.6,23051.6,23957.7,22823.4,24431.2,23186.9,25389,21683.6,21157.7,25106.5,23752.2,18710.2,21220.9,18655.7,22569.7,20007.1,22399.1,22062.8,19614.4,22083.9,18376.2,20741.1,19993.4,20678.5,23338.6,18743.5,21984.4,24523.4,23853.3,20053,23806.4,21442.3,21757.7,18717,22765.1,19504,23709.3,19819.4,17832.2,23554.6,23931.7,18998.4,19721.3,18483.2,18666.6,19737.5,19748.5,22414.7,21565.5,18732.7,20700.5,18388.6,20096.3,21663.2,22596.6,19185.5,19212.7,19157.5,20356.1,22719.6,20634.5,24808.6,26870.6,31611
34484.1,27146.9,24327.5,22335.6,26336,21265.8,19739.9,22104.6,22596.3,20418.3,18615.5,24186.7,21784.3,20475.8,18559.6,20337.9,20785.6,19747.7,24972.3,22988.6,20235.8,23800.5,24797.5,20176.5,22931,19113,19284.7,23477.1,22949.4,22992.7,21087,20087.3,18498.4,24019.2,24192.4,23696.3,20050.3,20491.5,24458.6,18476.7,22396.5,22221.2,19409.7,19258.5,19285.3,23433.6,21443.8,22385.1,20398.9,18846.6,20657.4,22198.5,18072.6,21187,21598.3,23429.8,24507.4,18218.1,19795.1,18883,18553,23619.8,22851.2,23342,20077.7,24286.7,21577.2,21053.4,21915.1,22227.7,23374.7,22727.2,25337.9,21545.9,19871,25336.4,22193,19289,19437.7,24483.1,20076.2,21425.5,21356.3,21141.9,21803.6,21183.4,19863.9,20638.6,25780,20666.7,22886.9,26063.6,24139.2,22545.2,23220,25028.5,23267.2,25147.2,25863.6,21317.6,20166.3,19352.1,20646.8,20898.5,19553.5,21973.8,20614.4,25248.1,24081.4,22342.2,24039,20362.7,20789.1,20878.8,22518.7,23300.4,20099.1,24866.5,23298.3,19440.3,19467.6,19470.2,24015.2,20604.3,23173,19339.6,18232.2,23191.1,20457.5,24412.9,23504.4,25509,20944.7,25496.7,21388.9,25750.4,21838.1,22361.7,23505.2,24568.3,21732.7,22028,22009.9,21407.7,20687.3,23897.9,20806.8,20315.3,22920.1,23441.3,21866.7,21399.7,23572.3,24450.8,21479.1,24495.8,22442.7,19471.1,23293.2,22943.5,23220.1,23480,20007.5,24044.6,23058.8,24449,23365.2,19617.6,20063.2,25060.6,21293.1,24184.8,20295.4,23453.3,26318.5,24639.1,24666.7,25938.7,25475,24432,25452.2,24791.7,20827.3,20657.6,23731,24922.3,21707.1,26509.1,20992.3,24966.9,25791.2,20719.6,24022.8,25655.1,26340.8,21460.3,20952.2,23286.5,25542,26243.2,26331.3,26714.7,21435.7,25512.4,25979.3,25314.5,22663,23943.5,23159.8,24740.1,22457,24857,25452.2,21920.8,22508.7,21182.6,22687.5,23746.2,21014.2,24935.9,20917.8,24359.1,22717.2,21082.3,23488.9,24486.6,25363,23358.2,25170.6,25226.4,21869.1,23389,20632.8,20832.2,23177.9,25864.1,25837.9,22178,25390.9,25238.9,24198.3,25036.9,24506.4,20953.6,20323.6,22617,23017.9,20629.6,23087.2,22817.2,25231.5,23685.6,25291.1,20612,24380.7,20888.5,23497.5,24244.2,22415.2,25253.4,25420.7,24427.6,20872.1,22150.3,24348.3,21795,20182.8,23265.4,25916.4,20039.1,23895.2,24009.9,24929.9,25270,23538.5,20700.8,24035,20476.9,26333.1,22905.1,20609.3,24360.4,21757.4,20647.5,23906,25520.5,25031.9,20366.1,23790.2,25540.3,25789.2,20501.3,19355.4,22120,24376.7,22862.8,22047.9,20451,19522,19495,20866.9,22292.3,20424.6,21564.6,19231.5,23473.6,20092,25293.8,21179.8,20124.9,21132.7,25461.8,24465.3,19577.3,17078.4,18736.4,20067.1,25164,19455.9,20542.2,25289.6,20614.7,19599.6,22261.3,24651.7,22563.7,20325.2,20103.6,22965.9,23138.1,20093.6,19794.6,24955.2,19418.1,21174.5,23599.9,23856.1,18529.7,23960.4,18510.3,18913.4,24545,19385.4,23958.3,19444.5,19621.6,22987.5,23515.5,20061.6,19978.9,20647,19826.6,18295,17824.1,21292.5,19109.1,22970.3,24036,19991.2,21383.7,21436.5,21966.6,19183.9,21148.8,21698.3,23621.2,19320.8,17555.7,24377.8,19216.6,22240.3,22042.7,22669.1,20038.7,23718.2,24650.1,22793.2,19075.2,18969.8,24900.5,23977.9,26747.4,26117.9,33944.5
32505.8,30178.9,26132.3,24144.5,24093,23843.2,21536.3,19973.8,24459.5,19411.9,21384.2,22944.5,24368.5,23155.5,19858.8,21029.5,22019.4,22200.7,20765.9,18912.8,23074.7,22536.1,24851.2,23185.3,22233.9,24654.4,22874.4,19350.7,23169.4,23830.8,23410.9,24345.8,23582.2,20500.2,22005,19944.7,23115.5,18904,23516.5,20520.8,23220.1,24480.2,24398.5,18640.1,24506.5,19411.2,23438.6,21779.9,20744.9,24236.9,18424.8,23118.1,20697,19638.4,22827.4,22479,23479.1,22713,21989.5,19171.8,22775.9,22372.2,18980.5,23957.2,18501.9,20962.5,21006.4,24036.5,19048.3,24964.8,24624.7,20987.8,20509.4,24461.7,19061.4,20427.6,22753.6,24481.3,22827.5,24589.5,22905.5,23676.7,22485.8,23457.2,19410.3,23353.4,19470.3,23095.3,22553.4,22505.3,20103.4,22627.4,23951.3,21476.7,19560,23489.7,23375.6,22399.2,25681.2,24029.7,20892.4,21788.6,21805.9,23467.5,25872.8,20986.3,24835.3,21518.4,25071.8,20183.7,19994.8,25056.6,25257.2,20780,23949.5,25018.2,23003.1,23085.1,20803.2,19232.5,21207.7,21766.4,22253.4,20787.1,24463.4,23483.6,23078.9,24392.3,22040.7,20131,22104.6,22475.7,20213.6,21523.2,25487.2,25297.7,24177.7,18936.8,22675.7,24468.7,22511.4,24484,20836.8,18465.3,22939,18448.9,21203.3,21679.7,19752.8,20017.6,21704.5,20639.5,24692.4,22036.2,19202,23104.3,19165.1,19895.3,21653.3,20463,19945,24267.3,24243.8,20354.5,24762.4,20113.8,24602.4,21675.7,23280.4,21418.2,23526.1,26561.4,25083.2,26168.4,21203.6,21871.6,23242.9,21256.7,24653.5,20459.5,22677.1,21051.9,24468.3,24018.7,22854.5,22404.5,22766.7,21844.8,24058,24266.1,24285.4,24363.6,24880.4,21446,22253.8,22302.2,24002,24107.7,25916,25744.6,23076.8,22823.7,21118.5,26331.9,25003.4,24457.5,23353.4,26372.3,26189,25889.4,21627.7,21332.1,21272.2,24982.9,23378.4,23592,25293.3,22468.1,23604,19783.2,22643.1,20479.8,19745.6,21123,25094,25624.2,21994.9,21529.6,20799.9,24920.4,25250.1,25538,24292.4,22024.1,24887.5,21530.5,22209.6,20616.1,21089.8,24671.4,23959.3,20277.9,23593.5,20394.5,22428.8,24889.6,25252.1,23251.8,26086.9,20016.6,22638.9,24808.5,21243.5,23794,24193,21749.2,20740.1,25113.9,22321.4,26346,26129.8,24245.5,21933.8,25421.7,22445.5,23542.9,22691.2,24075,25176.2,22725.9,25632,20897.2,20584,22706.3,24075.3,25620.8,20821.9,22280.3,25167.4,22961,20961.3,22784.9,25736.3,25141.3,25843.9,25772.6,23376.4,24491.9,22774.3,23748,19654.6,20064,24880,22399.7,22777.2,24075.8,19777.9,23446.1,20632.3,24608.8,19827.2,19539,20530.9,21875.8,23137.5,24622,22891,23870.3,23655.8,24456.9,21027.7,25287.4,19792.5,22833.5,24209,21734,19605.2,23337.2,21201.6,20844.5,24683.4,22081.5,20345.3,23308.2,19722.1,22669.7,20546.5,25269.6,22766.3,22264.5,25036.9,25719.6,19148.5,25141.2,21299.8,19439.5,22739,23092,22702.7,22421.1,24016.6,20601,23506.6,22308.9,21889.8,18781.5,21583.7,21480.3,22115.5,22068.8,22114.4,22597.7,21020.3,21009.7,22017.8,22095.5,20734.3,20437.8,20684.6,21632.7,18532.3,20263.4,17893.6,20203.6,18256,18718.9,21407.4,23100.9,23353.7,21373.5,18637,18283.2,23332.6,20549.6,23570.5,21123.1,21783.8,18785.1,20871.5,25195.9,26051.6,24191.7,26443.8,36235.3
32915.4,26133.5,26545.1,21959.5,26423.2,24599.2,24516.4,25279.2,23854.5,19741.9,21192.9,20508.9,18345,24265.9,22289.2,24286.3,20136.5,23793.5,19321.8,22016.8,19515.1,22110.8,23751.7,21203.1,22337.4,24888.7,23013,23247.8,23429.3,23368.6,19918.7,20634.5,22277.1,24106.5,24763.8,20041.6,20299.3,23065.3,21782.6,23448.7,18809.3,23159.9,19075.2,22080.8,18981,23318.5,22905.7,20122.3,21853.1,20082.5,23223.1,24196.4,20079,19124.2,21169.1,21435.9,20473.2,20898.4,20501.8,21525.8,19058.4,21313.1,24361.8,22607.8,18278.1,21190.8,22873,20544.2,24254.1,19119.8,20092,23142.9,21944.3,22485.5,20358.3,22334.2,19745,21994.6,19641.4,20610.4,20057.5,20919.1,21454.8,23781,23721.3,22958.5,25645.1,22935.6,22546.4,21124.2,25500.2,19518.8,23241.5,21207.9,21946.2,21696.2,22794.4,21096.4,23192.1,20875,25512.8,23182.4,19552.4,20168.3,20352.2,24589.2,20585.4,22748.7,19128.8,24962.2,20694.5,25398,20735.4,24363.5,25374.6,19136.9,23460,19645.5,20066,19992,24609.9,23873,23510.1,19311.6,20430,20602.6,22243,22878,21158,24443.9,19246.7,24258.8,24711.7,23376.3,23381,20865,22252.2,20729,20520.2,22885.7,18878.3,19656.9,21959.3,22886.8,19731.8,18896.7,20227.9,22940.8,18901.9,19008.3,19592.8,20013.9,18459.5,19866.9,20361.6,23998.8,24620.8,22923.5,22727.4,25021.5,19519.5,20252.1,20013.4,24239,23716.3,21523.1,19529,24724.2,23331.4,25284.6,24838.7,21283.2,23636.3,26352.1,24299.9,23486.3,22450.5,22252.9,23669.6,23339.6,25344.5,20257.3,21026.3,24813.9,20566,24900.6,23221.9,23660.8,22066.6,25461,24805,23591.5,24393.1,22697.9,25974.6,24757.9,23449.9,25565.6,21163.5,22926.3,20651.9,26253.5,25914,21391.5,21709.4,23351.8,25249.5,25139,23038.7,26557.9,24273.5,24276.2,25095.6,21389.3,21460.7,25318.2,22386.3,25904.5,20698.3,24870.8,25284.9,21306.4,25631,23566.9,25517.8,24802.4,20697,25750.5,24755.8,20326.2,20784.5,24430.6,25077.8,21089.2,22012.2,22830.7,21438.9,22809.6,20731.2,21042.9,24396,23497.6,22306.4,21105.9,22412.6,20485.3,22246.2,22180.9,21563,23255.7,23294.1,26099.1,21757.5,26044,24592.3,21550.2,26966.7,23816.7,21254.8,22913.1,24214.6,23956.2,19930.5,26238,24652.7,25950.2,23575.4,21943.7,20467.6,20879.9,19955.9,23065,21450.1,22255.7,22796.1,22638.8,21715.8,24792.6,22172.6,23326.3,22808.1,23844.3,24770.6,23252,25800.5,23299,23148.8,25402.7,23255.5,25388.9,21096,24250,25114.7,20439.2,22218.5,22903.3,23634.4,25674.6,21687,23570.7,21023.7,25655.3,25788.7,21132.6,22885.1,21009.5,22408.5,23419,22490.2,21678.4,21432.1,24418.5,25131.4,24604.6,22419.4,23027.8,22031.2,25909.6,25312.5,23154.6,19519.5,19848.2,19126.8,22325,22397.2,25606.4,20148.5,23671.5,20618.9,22216.4,20292.5,20381.8,23183.7,25423.7,24607,23141.5,21161.4,22775.4,22125.2,19820.7,22597.4,17902.4,17854.9,23981.8,21209,21176.7,19589.5,20542.9,23580.4,23165.4,20695.4,17965.6,19578.7,22476.3,23448.6,23510.1,19523.8,22025,22979.7,18445.4,20442.1,18055.6,20025.4,18591.5,17442.4,17838.6,22265,22034.5,23123.2,20450.5,20735.2,20977.1,22923.1,19206.6,18973.6,22646.1,21078.4,19418.1,18738.6,19898.3,20230.5,29102.3,30093.9,32147.1
32140.7,26781.1,25275.2,23913.9,26704.6,21666.8,20081.2,23340.2,20890,19765,23845.4,18975.2,21708.4,24139.3,20262.5,19434.4,24830.3,20637.4,21194.9,22985,24081.3,19065.7,24918.4,19968.1,21575.6,20312.2,24491.9,23079.3,18515.6,20115,24976.5,21465,19417.1,19507.7,24625.1,24377.6,19196.4,20629.3,24803,21595.4,20981.5,18962.6,21943.5,19741.1,23596.3,19202.8,24143.6,23184.1,23662.8,20854,23731.1,19192.5,21354.2,18500.6,22265.1,23197.2,22538.4,21883,20412.9,19523.1,22587.7,21431.5,20362.5,20280.3,21202.3,18472,22168.6,23296.9,24815.5,22441.6,23361.1,24926.2,24090.8,24853.4,22983.9,20317.6,25051.4,24983.2,22176.2,20511.4,20279.9,20982.7,22197.9,22957.8,20287.8,24538.8,22704.6,19729.8,23628,24104.8,19430.7,24109.3,25057,19760.3,19520.8,20830,22611.9,20690.5,19426.5,24754.7,23399.5,21171.9,20364.7,25471.5,20265.3,21663.1,23136.3,22898.5,25217.5,19306.9,22033.1,19653.1,24735.1,23220,19554,19347.9,19394.3,25027.5,19644.8,23775.5,22833.1,23612.1,20065.6,22843.4,19165,18831.5,18818,18638.3,19652.5,22778.8,21709,21659.7,25993.3,26330.2,21427.8,25810.9,21648.5,20242.8,20588.8,19626.9,19824.6,19992,22389.2,24307.5,20310.2,21469.9,21241.1,20997.1,23494.8,22724.6,20307.7,22448.4,23935.1,24617,21307.3,20187,23873.8,21058.7,24501.9,25242.7,22670.9,22158.7,19394.1,19270.7,19601.7,19101.4,20037.2,23914.1,21911.5,24435.7,25681.2,25060.8,20215.7,20283.3,22523.5,26052.1,25171.1,21949.4,24391,26436.2,25947.8,22939.4,23920.2,23599.6,26913.8,26573.8,24275,24681.1,21078.4,26955.9,25796.9,25628.1,25242.9,23662.7,24508.2,27077.2,26769.7,24577.9,21281.9,24872.7,22917.3,26206.4,23385.9,23825.9,26171.7,26222.9,20922.8,20071.4,23764.3,23789.8,24721.3,25620.1,21071.9,25265.4,21417.1,26799,25361.4,26723.4,23919.3,26224.1,23741.4,20892.5,20814.8,22381.2,21793.8,26262.3,20170.2,22299.9,22855.2,26222.6,22023.2,19653.1,22808.5,23081.3,24567.3,20614.4,24240,24364.8,25099.9,23528.4,20640.1,25245,25318.4,21682.9,23118.6,24389.2,21049.9,20799.6,25169.7,20876.8,20477.7,24529,25197.6,20894.6,20357.4,23825.4,25624.1,23827.9,22105.4,26197.3,20604.9,20525.2,26309.1,24908.5,26123,23377.7,20674.9,25127,20594.6,20575,19945.3,21400.2,25107.1,23507.3,21710.3,25116,26655.9,26605.2,25007.4,23736.5,21395.8,21106,21752.8,24767.8,24810,25204.6,23749.2,21248.5,22148.2,21141.9,24028.5,20570.8,23627.4,19999.7,21041.4,20694.8,19777.2,23870.7,19508.4,22529.1,20653.9,22417.8,25969.5,24089.4,25363.5,22882.4,21506.8,21072.9,19051.7,25532.1,21902.2,21085.3,21285.5,23858.2,20931.4,24869.7,25026.5,22407.2,24173.6,19979.3,23887.1,21588.1,24386.8,19960.5,25523.3,19612.2,20566.2,24101.9,24514.8,23912.5,20289.6,24268.6,22961.6,24403.3,21063.7,22923.8,23599.7,24634.6,23270.7,24299.1,21485.8,18684.1,23852,20771.6,18608.6,22142.1,24053.2,21099.9,22088.5,23533.1,20534.5,20873.2,22764.6,23152.2,23561.3,21509.8,19245.7,21657,20125.3,17605.4,19380.8,16940.7,18018.6,18134,18032.6,21757.5,22360.7,20255.4,23584,20140.3,19875.4,19753.8,19064,22803.6,24531.8,20688.4,24049.1,23809.9,19852.2,19129.3,24430.7,24013,29716.1,31949.8
33225.1,30371.7,24225.9,22380.4,20862.3,20242.7,23626.8,23817,22466.9,24229.8,21378,21927.4,23202.6,23960.7,22544.7,18431.2,22347.8,22198.5,21223.6,23469.4,22271.8,24212,19208.9,22573.1,25006.1,24423.4,20600.9,19982.2,22000.4,21916.6,24985.4,23868.1,21150.3,24492.2,21939.2,23459.1,19042.3,21712.3,20060.4,22591.7,22049.5,19174,22350,24233.9,21653.1,21780.7,19697.3,20660.8,23324.9,22892.3,20100.5,24805.1,21523.2,19080.9,19160,24564.8,21679.9,24544.3,21147.7,24310.7,24651.4,20586.8,23939.6,24396.5,21209.9,19361.7,22294.7,23733.1,23805.7,23871.4,21030.1,25175.4,21273.5,24576.1,22309.7,24593.2,23673.2,22366.1,20324.9,20347.5,22080.6,25472.9,22504.7,22467.8,24120.8,23884.1,24269.3,20444.2,25602,19388.5,22808.7,24862.5,25572.2,20476.1,20738.6,22858.3,21715.8,19448.5,20054.3,25322.5,25068.5,19707,24477.8,24132.7,24860.7,20733.7,23770.2,25850.6,21356.5,23588.4,23644,20492.1,23887.1,23698.1,25017.7,20715.5,19835,19130.6,25252.8,19727.8,23940.8,23070.9,23611.6,21033.3,24596.3,19932.4,18775.8,24098.5,21066.9,22551.2,23099.9,19583.1,21606,23884.9,23112.7,19594.5,22272.4,21308.7,24531,20223,20135.4,21231,23370.9,24803.1,19226.2,18642.4,20074.6,19834,19583.8,23116.4,19815.9,19564.3,23100.3,20150.1,18317.4,21259.5,24312.1,22968.3,23967,20893,24022,24892.3,23120.9,20402,20505.3,19721,24794.2,21250.7,19534.3,24611.2,21124.7,22423.1,21636.5,21489.3,22471.2,21560.8,24591.3,20429.8,23660.5,24853.2,24528.5,26099.4,22845,24981.3,20608.4,23761.8,26348.6,23468.5,25172,26493.1,23594.9,25918.3,24186,24807.9,21406.9,25620.8,26017.7,21513.3,20267.7,23806.4,25879,22496.4,20833.4,21556.4,21012.8,26418.4,22526.4,24444.4,22895.1,21099.9,24703.7,25970.7,26520,24479.5,23516.1,26427.1,20713.1,26404.1,20237.5,22340.4,23147.1,22676.2,25586.8,24085.2,23737.7,25901.7,25987.9,20128.2,24528.1,22122.5,19797.9,22182.4,22517.1,23069,22660.7,24431.1,23846.1,19588.1,25439,20887.6,25061.3,22361.8,23801.3,25555.8,22816.8,22847.8,19430.5,24927.8,24773.2,23992.4,25662.6,22299.4,22462.8,23818.2,21834.7,26821.9,22532.5,21173.7,20095,21428.8,20946.6,24920.8,21067.5,25892.3,24727.9,25801.4,22519.3,21575.3,21949,21595.1,21349.4,24848.5,23647.4,22479.1,23030.9,24498.8,23866,21614.2,26229.4,22468.9,24545,23635.2,21651.8,25654.2,22365.5,19449.2,25327,24247.9,24529.2,24358.3,19628.7,22201.9,21552.2,21917,24635.1,24772.1,24965.5,21433.1,24182.1,25878.2,22070.3,24473.2,21665.3,19344,19913.1,19371.3,23336.1,20905.9,22180,22993.7,19312.9,21274,22597.4,25115.7,19181.5,20217.8,21303.8,23245.8,22397.2,19769.4,20372.9,21719.2,24375.4,21082.6,21297.9,24573.1,21354.9,25492.4,22684.5,25218.1,24864.6,24216.9,19813.9,23323.3,25592.1,24397.3,21754,20083.4,19929.8,18533.1,22393.3,19367.7,22326,23964.2,19957.1,23510.9,20792.6,20271.2,23256.4,23383.8,20589.3,22466.2,20485.8,21544.2,17428.8,20697.8,17693.7,20133.3,20415.8,18384.9,19899.5,16953,21784.1,19572,22563.9,22848.7,22539.2,20435,22460.3,18915.4,19048.8,20491.6,17562.6,20758.4,23450.1,19580.6,19933,24043.9,22387.3,23613.9,20901.4,23698.6,25435.6,32443.7
32699.5,27142,28135.7,23284.9,20325.9,22829.3,20220.7,19936.1,23887.3,23855.4,25000.9,21188.3,20741.1,24043,20711.7,19692.5,22984.9,21142.2,19433,24743.5,23271,23035,21672.9,24311.3,19314.9,21348.1,22589.3,20106.2,24168.5,21347.1,25150.2,21633.5,20871.8,22043.2,21766,22589.3,24307.3,23175.9,20941.6,21232.1,21129.4,18872,18774.2,24194.7,23374,24515.6,24679.1,22141.9,24228.1,20365.5,20297.3,20386.7,23059.1,23978.7,24280.9,22697.1,21436.8,24149.7,22895.1,20380.8,23339.4,24032.4,18713,20423,19355.1,23790.8,23744.6,24755.4,24716.5,24635.5,21643.5,24935.1,19957.8,22472.1,25205.1,19891.8,22060.7,25216.2,25199.5,24458,20027.5,20099.3,20488.7,19573.2,25090.5,20585.7,21684.2,21814.6,21076.6,21011.5,21535.7,22782.6,25957,22804.8,21121,21972.9,22885.9,24232.1,21299.9,19349.5,21336.8,23568.7,20397,19496.9,23071.8,21484.6,25270.6,22676.2,21143.3,22658.4,21128.7,22135.6,19477.3,21943.9,23133.9,25388.8,24421.7,19128.4,21080.8,20889.5,20018.2,20097.9,22757.3,23325.5,21208.1,21659.5,25259.8,22072.8,24429.1,25359.4,21583.8,20826.5,23207.8,25539.4,20226.3,24128.5,23813.8,21777.1,22405.9,24757.3,18676,23405.7,21470.7,22356.1,19213.2,19184.2,22012.9,19223.2,22591.8,22685.7,24504,23272.1,23841.8,20148.4,18863,20833.7,20646.7,24474.1,21783,20356.4,25374,21165.2,21974.5,24221.4,24402,19337.7,21469.9,25536.3,21611.8,25239,22088.4,21412.4,21803.7,22990.7,23124.8,20401.3,26505.9,21277.2,23387.2,21369.8,22840.4,24140.3,20886,24188.2,23325.9,21119.4,21218.4,27012,20797,25256.3,21460.1,22567.5,24873.8,21812.3,25712.2,22234.7,26423.9,23295,21143.1,27024,22301,26569.3,20907.7,25935.7,24640.1,20277.4,20871.2,23295.5,25953.7,23088,26930.7,26302.5,25483.6,26175.7,24791.3,20482.3,23076.6,26507.8,20306.7,22231.6,21092.2,20320,26168.8,23105.7,23706.3,20071,25617.7,26121.3,20095.7,21661.5,26049.4,23756.2,20236.2,19929.8,22767,20291.7,20866.5,20824.6,24561.1,24919.3,24857.3,22724.1,23898.2,22663.4,23735.1,23884.4,22008.3,20248.6,20158.1,23649,26297.2,20319.1,24724,21901.9,26101.1,24529.5,20502.7,21269.4,25517.3,23730.3,22354.4,21251.2,24891,20338.1,22738.3,24569.3,22815.6,22160.3,22966.8,20096.6,24342.3,21837.8,20945.9,21503,26141.6,20760.3,23455,23177.7,26112.7,23325.3,23117.1,26360.7,21409.6,23262.5,19826,19364.1,19489.3,19209.3,23712.2,19660.4,25736.1,20837.9,20664.7,23620.2,20110,25415.3,22162.3,22803.1,22316.4,21296.3,20018.3,22038.5,22091.6,22671.8,22799.7,21366.5,22213.3,20383.3,21875.9,22143.6,21943.8,23189,23247,19207.2,25410.2,22365.3,19210.8,24207,22786.3,23902.4,23761.4,24522.7,20137.5,23316.2,19535.1,24006.1,21757.6,22461.3,21881.6,25004.1,22383.2,22311.5,19942.8,24806,23514.4,20387.8,20120.5,19591.9,24695.4,20741.9,23539.9,23055.4,24336.2,22326.4,22486,20043.6,22378.1,23913.8,23381.6,23673.8,21569,17335.1,20248.6,22874.2,19745,19101.6,20109.3,18718.4,22726.9,18195.4,16798.7,17342.2,16672.4,21498.3,22334.1,22262.9,21951.3,22592.5,19565.4,19576.1,17562,20345.7,24500.9,23299.6,18755.4,18576.3,23584.7,20472,20603.2,24285.7,20602.7,26541.2,26949.4,35057.2
33667.7,26456.1,26819.3,21709.9,20539.3,20631.9,22303,19857.5,23625,19653.9,23612.9,20243.1,21053.2,20309.5,24701.5,24739.3,21004,24813.5,22256.8,21984.7,22258.8,22207.2,4727.77,20687.7,22166.2,23204.1,22228.9,21000.8,19892.6,24747.4,23776.1,23599.5,19318.3,22709.1,18753.7,19572.8,24259.6,22424.6,19335.9,20093.5,24321.6,19025.4,21854,23055.2,18702.5,23399.3,22664.9,23339.3,22606.9,21057.8,21186,23258,22455.3,21073,23376.6,20544,24468,20872.7,21515,19988.6,21220.5,18440.7,20059.3,19834.5,20962.5,23455.5,21486.2,24306.7,19282.6,20922.5,23880.3,22487.4,19427.1,19269.7,20219.8,21981.1,21257.7,24928.3,24045.5,24644,21588.3,19407.6,22253.2,21922.7,25890.4,23622.2,20771,25599.1,26105.4,24424.3,19650.4,25124.7,21030.7,23985.9,24985.5,19816.2,23624.8,20560.7,25615.1,23318.7,22312.3,25656.8,22993.8,25784.9,25181.2,20795.8,23285.9,19231.5,25103.7,25347.1,23398.3,25281.3,24976.5,19197.5,22516.4,21950.1,18983.7,22766.1,23707.1,19520.2,21507.5,21567.7,21026.3,19054.8,22081.9,20529,22955.1,19674.6,20074.7,23116.7,23597.2,20134.3,24586.1,22636.7,24037,24912.8,21170.1,22766.8,23285.2,19779.7,22168.5,20352.2,23240.8,22787.8,22801.5,20594.9,22027.3,24087.3,20850.1,23993.7,23857.2,19529.1,23976.7,23708.7,16584.2,24201.3,21622.1,19511,24948.9,21628,25292.7,22620.8,20476.4,20986.7,20654.9,19345.3,22173.1,20190.7,25431.5,20753.9,23154.2,22109.8,22906.4,24013.5,23215.1,20561.1,26161.7,25654.9,24190.8,23825.4,25710.9,24385.9,20501.6,24925.6,26089.4,20919.4,22189,21788.5,22043.9,21971.5,21870,24810.3,22064.6,26745.7,23955.5,23285.5,22296.7,23707.3,24035.9,25010.5,22910.5,25332.9,26355.7,25230.6,25258.2,21745.8,26054,22918.5,21705.6,23056.5,22853.6,25683.6,23295.4,24021.7,20575.7,23221.2,26525.5,20425.5,23658.5,22548.9,23503.8,25166.2,22950.7,21645.5,25362.7,26058,23057.9,24214.4,21767.2,23211.7,24859.9,22399,20493.7,20159.3,26396.5,25467,21579.6,25619.1,20594,25654.9,21277,25076.9,19806.4,25473.2,25195.7,20901.9,19591,23394.7,23927.5,20709,23866.5,25872.7,21564,25457.6,20894.4,20643.2,22710.1,22633.2,21730.9,22083.9,24589.1,24748.2,21618,25835.9,22351.1,21490.1,25229.5,23714.6,23023.1,22471.4,21809,22076.5,22055.5,25734.4,25777.3,20907.5,20766.2,26237,24445.5,24465.9,21853.1,23231.7,21344,21752.1,22536.1,23775,23087.9,25424.5,23414.4,21040.8,25468.7,21934.9,22150.5,20553.9,20068.4,22316.8,22906.7,23240.5,19473.2,22647.9,20988.6,25011.6,20229.8,24217.7,24791.1,23977.3,24900.2,23424,24573.3,23473.8,21451.2,21122.2,24784.8,25326.7,23298.7,19958,23850,22821.5,21140.1,21051.3,24565.5,21872.1,22261.6,23745.8,20385.3,22342.4,23024.8,23631.7,22113.4,19296,22032.4,19906.4,23454,24444.4,24581.1,22517,25614.4,21294,20758.8,22596.3,18260.1,20842.1,23542.4,19169.7,21522.2,23420.5,21651.5,22338.8,18903,18013.3,19370.8,19886.7,19148.1,22805.1,17110,23449.5,22569.3,16832.2,22750.4,18288.5,21276.4,16722.1,20890.5,17051.4,18422.3,21094.7,22812.5,17535.7,18650.5,23108.9,20193.7,20176,21685.6,18732,19678.8,21869.9,24587.5,24473,18056.9,19940.1,19935.9,22720.7,31124.9,30340
34076.1,31337.9,28012,24864.1,22614.7,23256.5,23047.3,19382,20755.8,22697.5,23230.6,23745.1,20920.4,20541,19556.1,19343.9,20985.2,23725.5,21812.8,22250.3,19047.3,24743,22812.1,22898.5,20242.5,24929.8,24443.5,18676.1,24120.3,21425.7,23605.9,23170.2,22822.2,22699.2,23859.7,19572.6,20990.3,20881.2,19045.9,18810.3,20721.8,20244.3,20419.9,21409.4,18640.6,19099.4,24177.4,19531,22699.1,23436.3,20836.6,18678.6,23084.6,21246,21402.3,18694.6,22726.6,18976.2,24530.2,20814.5,22984.3,18951.5,23837,19321.9,20609.7,22710.2,18505.7,20002.8,25025.9,25132.4,24899.7,19948.2,19836.2,21213.5,19135.5,19262,24388.7,21712.9,22569.9,24434.4,25574.7,24788.6,21373.4,20294.3,19758.7,19663,19260.2,21357.7,22557.5,23671.6,20853,24547.3,21419.6,22602.4,21648,25811.9,19814.9,19607.9,21017.8,20295.4,26005.8,25520.2,20461.9,25704.9,24753.5,23080.4,19746.9,21871.8,25018.2,21400.5,21480.1,22748.2,23288.6,24530.3,21153.9,25116.8,20425.5,20186.3,25096,20682.7,21898.1,23504.8,19181.2,20703.4,23565.3,22807.5,23904.8,19632.3,19285.2,20844,21908.2,23149,25258.9,21130.6,24670,23461.6,21025.4,22625.7,21688.7,21232,22482.4,23955.5,22284.4,19510.4,21314.2,19368.6,21526.5,23495.4,24391.6,22128.4,21896.1,19595.2,20453.7,22452.1,17043.8,23702.4,25204.7,19620.1,21206.9,25256.2,22105.2,23835.3,21443.4,20457.3,19473.4,19983.9,21735.9,21390.5,23483.4,24749.5,20809.4,24197,26263.1,24575.6,21305.5,21157.4,23688.9,21680.6,22355.9,26215.8,26430.6,24069.7,25413.8,23722.6,23715.4,24540.8,22714.8,21478.8,21439.1,24522.1,24274.9,26609,21316.3,20946.4,23840.9,21585.9,22782.7,27024.8,25928.2,25867.6,23873.1,23808.6,24255.1,22721.8,22120.6,24290,25556.7,21962.5,25418.8,24235.7,26638.6,24490.4,25810.6,22747.4,26430.2,22063.1,21382,21636.7,21241.4,24498.6,23833.4,23846.3,21746,24098,23361.9,25832.1,23715.4,23142.7,26356.2,26687.8,22061.2,23126.1,20735,23117,20177,24732.3,22320.4,20307,21186.3,23390,20010.3,21025.4,23702.2,25972.7,24854.5,25031,23653,23240.7,22610.8,20635,22957.9,25592.1,22121.7,25615.9,21084.5,26174.2,21020.4,22834,20018.9,21795.3,20047.6,20918.5,23855.7,21006.2,21252.8,24860.3,24742.7,22326.5,20987.9,24068.3,21504.3,20782.1,21104.9,22585.9,25972.4,24782.1,21783,20950.1,21634.1,21923.6,23957.3,22431.5,24648.5,21140,23407.1,21735,24996.9,24209.4,23517,24918.2,19491.7,19563.1,23908.4,24273.5,19334.1,25566.9,24595.6,22339.9,20376.5,23820.8,20658.6,19404.3,24649.9,22777,22465.6,21660.4,22399.1,24541.1,22870.8,19524.5,25258.4,24369.6,21527.3,22167.5,20903.7,20018.5,20477.3,25924.5,19956.7,24732.7,20836.8,25824,24272.2,19629.7,22308.3,21526.1,25698.2,25822.5,22691.6,23515.9,19691.8,25193.5,20090.6,24997.1,25283.4,21503.4,25328.4,25674.2,25043.8,19684.1,23301,18528.8,22696.3,24729.3,24104.7,20295.5,22739.3,19256,23469.2,23695.1,17426.4,22525,18946.3,20108.1,23064.5,21888.1,21398.7,21108.8,20590.4,22573.2,18991.2,16359.6,21836.3,18288.6,18470,20657.5,18712.6,21142.2,17858.8,23227.1,17535.1,20763.4,23799.1,18776.7,20020,20267.4,23623.6,23481.8,23787.8,19267.7,24120.4,22989.6,29183.9,30437.5
31056.2,32058.9,28709,23674.6,26435.1,24811.7,25407.5,23503.4,19200.4,23485.1,22809.9,23428,24405.9,23526.2,21717.3,23633.6,21920.5,23899,19444,18839.6,22267.1,19243,24421.7,22625.9,24247.3,19164.2,22215.8,21826.3,18609.7,19256,20955.1,20818.8,19342.2,25056.5,25157.5,19936.3,19568.3,18947.4,23986.6,23504.3,23744.8,23470.4,24948,23506.7,25098.2,24702.5,22012.3,24168.1,19694.8,24391.7,23466.7,25042.8,22941.6,22986.6,20810.6,22972.8,21510.1,22235.4,21115.9,22991.1,18635.4,22861.5,22701.6,22380.9,23717.3,21307.2,19119.2,23084.7,22224.5,19831.6,19474.4,20834.6,22859,20555.2,21364,23302.1,23333.3,20076,22865.6,20191.5,24645,20856.2,20755.3,22952.8,24024.9,20473,20878.1,19925.4,22886.1,20085.9,24903.5,22737.8,20730.4,20200.5,20392.3,24038.9,21470.9,24486.3,21718.3,22599.7,19771.4,25145.7,25622.2,23935.7,24197.5,19497.9,24448.3,22247.3,23909.3,20155.9,24388.8,20685.1,25952.1,25691.3,25105.2,21974.2,25064,25120.7,24886.9,24439.8,22837.8,21680,25216.6,24772.8,24893.4,21501.7,20920.8,22385,24941,20268,24831.6,22523.1,22155.8,23684.5,26478,21714.4,22354.7,19429.4,21631.1,24753.1,19634.3,24552.3,24074.6,20260.1,22421.2,19782.4,20624.5,23705.8,21054.7,25201.5,21437,23295.3,21561.4,24004.1,20718.3,22152.9,20227.4,24999.9,23268.7,20092.3,22770.8,23038.7,19495.2,20082.1,22804.8,20949.6,21251.4,20706.7,20627.9,22902.4,20942.3,23487.6,25514.1,25709.4,21218.2,23257.6,26697.2,21298.6,25608.7,25256.6,22194,24286.6,26666.8,26989.9,26233.4,25839.3,25518.4,27152.5,23330.9,20792,22626.7,21471,26041.8,21038.5,23169.2,25566,23424.9,25923.6,21526.2,27131.7,25145.8,26288.6,23206.7,21548,23645.8,26110.2,24881.5,24631.8,20729.2,23044.9,21885,23019.4,25278.6,26172,21549.9,25360.9,26582.6,26323.7,22415.2,26031.4,22596.2,22125.1,24239.1,25409.5,20565.9,22945.5,24360.7,25515.2,21211.8,20982.5,22301.4,22562.3,25658.6,24359.8,21853.6,23218.4,25136.2,20924.5,20533.6,20323.6,20858.2,20901.9,23644.1,24594.2,23897.1,23604.7,25068.4,25536.9,23737.5,22055.4,20967.8,23424.8,23655.6,22143.5,23810.2,25081.6,22293,24110.1,22864.8,25707.4,21371.9,24597.9,22667.8,19991.4,25192.8,24354,24293.3,22793.3,22211.4,22317.8,22510.4,25191.8,21971.2,21628.3,26093.3,22792.5,24742.5,24034.5,22096.4,25385.9,22040.4,23737,19644.4,21882.3,20729.4,19726.1,25688.8,23331,25800.5,23283.9,20268.9,20387.8,21247.6,22893.1,22892.2,23387.5,23033,22142.2,20798.7,21869.7,21613.4,22650.2,20189.9,22883.3,19295.7,24537.8,24825.9,18939.1,22547,24223.4,25439.7,24498.3,19297.6,21565.5,23801,19977.2,24423.8,23646.1,22655.1,21863,20764.2,22787.1,23747,21120.9,22920.1,23930.5,20313.4,26064.9,22047.3,25421.4,21733.4,21943.1,22250.5,26023.9,19570.1,19590.2,19537.4,24689.2,20508.4,20353.5,19024.2,20977.3,23301.4,19982.4,20298,21833.3,22296.1,18462,18441.9,22688.6,20171,18850.9,18199.3,20739.3,16854.4,21805,19983.1,18927.2,16655.4,19232.7,22244.6,19557.4,16612.7,16710.5,15978.3,21734.1,16184.1,21305.3,16720.1,22047.3,20617.7,19410.2,23368.3,19154.7,20200.7,18814.8,22825,23954.3,19517.5,22607.7,25041,23539.9,29933.6,36623
35692.1,27085.1,27363.7,21486.6,20727.3,21424.1,22075.4,22022.7,23797.9,18833.9,23474.5,21800.3,23361.5,24298.5,25100.2,21419.1,21875.4,20644.6,24558.8,25083.1,21433.5,23176.9,18862.5,24976.7,21542.9,21199.2,20026.2,22800.7,18846.9,21889.4,19245.5,20743.9,20569.9,19011.4,23298.2,22206.7,24735.5,22326.9,23985.3,22094.9,22263.8,18969,19795.8,24578.6,23749.5,23882.4,21554.2,22582,22072.8,22646.8,22586.1,21466.1,23814.3,23323.6,24197.7,24092.8,20048.7,22904.5,24343.7,20041.4,20119.3,24548.9,24127.8,19973,22518.2,20022.1,21048.6,20996.7,24299.6,25230.8,24121.4,21220.8,21724,23590.7,21075.7,20460.4,24933.6,21890.5,19354.5,23294,21128.6,25672.2,25111,22261,20375.5,21076.4,22012.6,25313.3,24564.5,22055.3,23238,21335,22042.3,24027.6,22215,25240,24009.4,25953.1,25458.2,25505.7,20847.6,23834.3,24836.6,21087,25253.6,23084.3,24250.3,20605.6,20939.4,25262.6,19321.1,19242.8,20327.8,22050.9,20378.9,25568.5,24317.7,19911,25052.7,20124.8,25480.1,19657.8,23944.7,23686.4,20022.4,21331.7,22666,20993.2,25094.5,23743.5,24823.4,21390,25279.5,24760.8,25033.3,26306.6,23939.9,23166.9,23012.9,18879.2,22784.8,19382.3,19208.2,24985.6,24944.6,24940.7,24411.7,24450.2,24313,20985.8,20096.7,24732.1,24639.7,24309.7,20251.3,20434.2,25281.8,23535.5,24847.9,24115.5,22948.3,25145.6,22158.5,25230.3,20021.2,25005.4,23748.3,20853.9,24417,24075.5,23522,26030.6,22882.8,23572.7,20406.8,23047.1,23679.7,26595.1,26616.9,24098.5,21840,25161.9,26690.7,25907.8,26141.4,25706.5,24082.4,24118.1,27013.9,25033.6,24630.5,24068.6,24106.5,25451.6,27091.1,26180.7,25318.3,26373.3,21225.1,23059.7,25857.4,21654,25775.9,27252.6,23457.2,26813.9,22357.1,25204,21816.8,22588.7,26850.9,21264.9,22466.1,23240,23671.2,23579.3,23882,25091.9,22134.1,22946.8,22179.8,24706,24972.1,21222.2,24453.5,19918.6,26008.5,25708,21068,24586,20286.6,21845.3,23631.9,25865.3,24445.4,23815.2,24100.7,23822.2,22408.3,26518.5,20295.2,25705.7,25986.6,20761.1,22293.1,23508.1,24056.7,25075.6,20193.6,23843.4,23927.7,22809,20155.8,22035,22860.5,25956.7,26887.1,21072.4,21155.3,24752.5,20011,25803.8,26123.1,26079.7,25765.5,20804.3,23618.8,20802.5,24667.6,25101.7,25765.1,26638.2,25896.5,23633.3,23458.2,22435.5,22046.7,23826.8,23189.3,20442,22783.3,22258.5,20532.7,21464.5,19745.2,21523.1,22374,23148.9,23047.9,20183.6,24940.3,19599.1,23244.6,21887.9,24267.1,24176.1,24812.7,23419.4,24615.5,25388,23847,20802.8,20339.3,20121.6,25064.9,24422.4,23537,19022.5,25170.4,25453.9,24960.1,24429,19203.9,19592.8,21988.9,22763.2,23659.4,21965.9,24213.6,20649.2,20535.4,25931.4,20084.5,20060.1,19685.6,25389.9,24811,25921.6,24809.2,19903,23803.4,20834.7,20346.8,24452.6,24393.7,23112.3,21655,22410,21673.2,25483.8,23094.3,18987.6,19685.3,23581.6,22577.4,22642.1,18527.3,24314.5,19755.4,20370.5,22755.4,18912.7,23158.2,20216.7,18956.2,20456.9,19231.2,21019.3,17062.6,21371.8,18011.1,17961.5,20903.5,18767.1,19755.6,17894.2,16394.4,20727.4,21562.8,18910.1,20375.4,23111.6,18702.3,19212,20128,17856.5,22343.8,17984.2,19886.2,23068.9,25722.1,26627.5,27721.3,36303.7
36246.6,30560.7,25116.4,26314.6,24842.2,22481.4,21581.5,21803,24147.6,22453.4,19137.4,20572,24465.7,21631.4,24843.6,19656.2,20495.7,24218.2,21448.1,24412.3,23307.5,21981.7,22301.8,24064.4,24911.5,20673.3,21357.4,23152.9,22567.3,20380.6,22729.4,20780.8,22275.5,19349.3,19114.9,24424,19566.6,21413.5,21889.6,24246.4,21786.8,19867.6,24136.7,19775.9,22060.5,24717,22530.1,21092.4,24272.5,21144,23079.5,21129,25350.1,24509.6,21297.7,19702,21728.7,24042.8,22758.4,22448.9,19378.3,24715.3,24805.1,24752,19504.7,18567.6,20612.3,21029.1,24474.1,24429,19461.2,20684.9,24143.6,24822.7,20672.6,20085.7,19147.9,21972.4,22210.4,21062,22240.9,24812.7,20754.1,20355.5,20692.4,22946.1,24991.3,24043.7,22613.5,21001.2,21117.8,21682.7,20348.9,22517.7,23843.3,22507.1,23710.6,23048.8,21017.9,19928.6,22024,25620.3,21053.8,21186.2,21583,23300.2,23057.8,23396.4,23031.6,22730.5,21578.1,21732.6,24603.9,19383.1,23842.4,23208.6,20150.9,22835.7,24793.1,20496.1,19400,21002.1,20312.6,23601,23670.7,25097.1,21351.3,19602.2,24574.4,20386.5,22413.8,24223,24972.3,26318.4,20296.9,25569.7,22615.9,23610.1,19020.6,24301.3,21132.8,19471.3,23574.2,21289.2,22693.4,21579,23876,22177.5,20381.3,19214.6,21975.2,20554.3,20633.4,23727.3,21640.6,21298.2,24714.6,23073.5,22648.8,21069.7,20204.7,23346.7,24298.6,24568.5,24960.8,24378,24087.8,21329.8,20601.1,25233.7,21904.4,24550.9,23728.9,20728.7,21664.5,22271.9,23623.5,23546.2,24610.9,23535.5,25811.7,24373.8,22469.7,26272.1,24969.3,21903.8,24029.1,26734.4,21872.8,22783.2,27274.9,23926.8,22272,21292.2,21640.8,21153.9,26932.6,24800,23783.3,24526.5,22593.5,24621.2,22613.3,25793.1,21735.5,26725.7,25639.8,24397.4,25108.2,26347,25212.7,25598.7,24016.3,26145.8,23394.9,26418,21466.6,25865.5,25429.7,24596.1,26518.7,24293.5,24726.5,25946.1,26236.3,20254.2,21830.3,22205.1,23090.7,26371.7,25904.7,26371.9,22218.3,24726.4,24382,24130,23079.6,25405,20124.9,21742.2,26241.3,21556.3,24633.7,23579.6,24327.8,21671.6,21756.5,25005.7,25963.6,25566.8,24591.8,24401.2,26806.4,25625.1,23257.2,24299.8,26685.1,24283.6,25182.6,21391.1,25407.9,21852.7,26411.2,25435.6,21368,22075,22954.7,25054.8,20969.5,21076.4,25238,21152.4,25493.8,22106.8,26519.8,25535.7,25597.9,23067.9,24344.2,24125.5,19791.1,20772.4,22656.1,23937,22612.8,23623.6,25105.2,24838.5,24937.6,24984.5,25683.8,22012,20299.9,20509.1,19559.6,23696,19320.9,25398.5,23014.5,21448,20761.3,22003.6,24951.7,22563.4,25675.2,24707.5,21174,20476.3,22671,24509.4,21265.6,24561.5,22200.7,23049.3,21655.2,23050.1,21620.3,20596,20384.5,24862.2,22864.6,24485.7,20493.5,25573.3,25290.1,24058.5,23040.4,26324.2,20316.5,19356.9,24694.4,19275,21535.3,24883.3,21249.7,25695.9,21043.7,21457,20233.3,23445.7,21419.2,21829.1,24199.6,21020.6,25466.8,23108.5,22950.3,19409.8,22978.1,20866.7,19637.5,23691.4,17222.8,19993.7,18333.2,19170.5,17538.1,18592.3,17785.8,17226.2,16584.6,17248.7,21717.7,18619,18595,16617,17924.5,21297.1,19166.2,19247.3,17628.8,19517.2,17998.2,20439.8,17455.3,21170.3,23690.9,20746.5,23643.8,18761,23660.1,24352.9,30285.3,33512.1
36600.6,28669.9,23736.9,24807.2,23346.3,20855.9,22364.3,21643.5,24571,23345.2,18804.4,19217.4,24177.9,24235.4,19074.4,25103.8,25152.6,19569.8,24374.5,19374.4,23765.1,22348,25170.5,19733.3,20199,24952,20699.4,24861.6,23990.1,23002.6,21506.6,19811.6,22164.3,24903.2,19869.3,22611.3,23909.9,19346.1,22834.6,24864.2,24468.7,19028.2,24288.9,20193.7,19697.5,25200.7,21182.8,21522.4,23071.8,21017.7,20801.9,21105.8,22895.7,24802.3,23968.2,23961.8,20568.1,21256.3,22543.7,20930.6,20604.9,25126.5,24860,20595.8,20242,18965.2,23017.8,21709.4,21154,21562.7,21523.5,20878,23864,23736.3,19806.9,22368.5,25062.6,24430.2,20621,19418.9,24262.8,24236.1,22573.9,22379.2,20709,19547,21238.8,22091.5,20627.1,25156.7,23548.5,20969.2,25514,21556.4,25880.1,24743.4,20640.5,22199,22162.2,25366.9,20115.8,22994,24603.9,21888.8,25243.8,21857.9,25291.7,21942.8,21875,20275.9,24753.9,19911.6,20803.5,21190.2,23817.9,25888.6,20192.6,20744.6,21513,21145.8,20847,21417.9,24238.4,22938,21253.9,19582.7,20083.2,21689.5,24134.3,23281.6,22461.7,25289.5,24689.3,25545.8,25127.9,25560.2,22070.1,20882.8,19617.3,20655.8,19948.1,20090.9,21616.5,25234.4,21628.6,19902.1,23995.6,19284.8,22539.4,24494.6,23034.3,20442.9,23954.6,20246.6,21738.4,21074.6,21884.1,24083.3,25157.4,25646.5,24875,21230.1,24761.2,23047.9,22259.6,22569.3,25756.9,25942.3,21990.7,25253.6,20624.6,23677.2,23465.1,20794.9,23107.9,20524.3,22767.2,23023.6,26115,22516.8,22983.6,23862.8,24121.5,26624.3,23660.9,22278.5,24465.2,21660.1,21278.1,26386.8,27110.9,21888.5,20927.6,25180.9,26993.2,20902,21066.8,27339.8,23865.3,22206.3,23348.6,23633.1,23549.6,21444.6,26976,22074.9,25354.3,23354.6,26383,22836.2,26091.2,23406.6,22180.2,27249.3,27002,26469.5,24647.8,26963.5,21920.1,21848.6,21779.1,23357.6,23045.4,20078.4,24869.2,26235.7,26736.3,26588.2,25053.7,25100.5,24375.6,25350.7,26061,23203.4,25054.3,22949.3,25912.7,24904.9,20200,23898.9,21934.9,21660.7,25424.2,21800,21355.5,24389.1,19867.4,24195.2,22835.9,22413.5,26057,23560.9,25796.8,25777.5,22920.2,27315.8,25630.4,23833.8,25555,21525.7,21060,24320.4,24395.6,24517.3,25396.3,23204.3,22180.7,20264.2,21052,20180.5,22004.8,25169.4,21676.6,25772.1,24223.1,20560.1,25580.7,26094.8,25831.6,24638.3,20705,25862.3,22969.6,20275.9,20506.9,25124.6,23005.6,23704.2,19811.6,24346.9,24567.4,24749.8,22248.4,21993.1,20937,23858.9,24062.7,23567.2,22212.9,23364.5,20198.4,24097.8,23874.8,23206.9,20992.5,22735.4,23641.4,20797.8,22421.9,22693.2,19057.7,20719.5,24078.8,25480.5,22537.6,23724.4,25644.9,21622.3,22109.7,24076.7,21314.9,19978.7,24867.1,25927.1,23959.4,24669.9,19989.3,20458.6,21274.3,22759.6,21521.3,20516.8,22757.4,20177.7,22158.3,19899,22389.3,25596.6,22765.1,23683.4,20005.7,22002.5,23038.2,24082.5,20923.7,21208.5,21822.4,22562.3,23976.7,23855.1,23088.2,20116.3,21710.5,23475,16872.6,18187.3,20758.9,18406.3,18989,17073.8,21313.5,19288.7,16388.9,16597.4,17630.2,21322.9,16647.1,21839,16472,19625.7,18569.1,18554.1,21679.8,19018,22919.9,19766,22899.9,18610.4,18826,19083,25089.7,22643.5,31169.1,33874.1
34948.4,30569.5,29065.7,25034.9,27049.7,23043.1,24469.9,22419.5,22574.6,25073.5,18789.4,22445.2,24985.9,24456.7,19852.6,19853.4,22760.1,25399.2,22318.9,19126.3,25532.7,21456.6,23485.3,23173.5,23909.8,25326.9,23711.1,22098.2,23800.5,9530.53,24265.2,24023.8,21180.4,22432.8,20697.8,24110.3,22146.4,21996.4,23630.4,23160.9,19745.2,22966.6,22051.5,20945.4,25007.8,22268.1,19840.1,20176.4,21257.9,24803.1,22516.3,24685.2,22849.9,19766.8,20678.1,25176.8,20310.1,24738.3,21252.4,19261.9,21103.1,23341.4,18917.7,20555.5,23891.8,24582.2,25290.7,20737,20392.3,23247.2,20847.6,20553.1,21775.8,22424.5,25167,23556.6,21123.6,21188.4,26254.7,22284.5,20331.8,20108.2,21184.1,21972.9,19581.8,22542.1,25083,21126.1,23267.7,23622.4,23137.4,25054.4,23645.9,25182.6,22802,23597.8,20092,23738.6,24226.8,26025.3,22879.7,19915,21566.2,21349.7,22216.1,24262,21797.9,24353.6,21599,25492.2,20749.7,24493,23632,25161.4,23071.6,25169.9,21928.2,19967.8,20552.4,22330.3,25352.6,24875,24508.2,25442.7,22696,22336.2,21054.5,22747.5,25025.1,22477.3,21868,21364.6,24727.9,27003.4,22572,24924.7,21183.7,22181.7,22065.8,21357.5,20488.9,23588.3,19718.3,23355.9,21038,24669.6,25235.6,24836.5,22619.5,21516.4,25930.4,24119.4,24653.6,19447.2,18050.8,23573.6,20054.3,21242.3,19900.8,24353.1,26228,25294,19494,20045.1,23368.2,26207.7,22752,22440.6,26306.3,24896.5,25469.8,22054.6,22705.5,25136.8,26091,22557.4,21227.4,25644.5,22952.1,26052.8,25443.8,21085.6,26928.4,21451.9,24583,26533.6,22278.9,25962.7,26685.1,26607.4,22924.5,22470,26770.2,21521.8,22271.8,23293.2,24446.4,23025.6,24127.5,25333,25940,25122.2,22768.1,22970.3,27250,21318.5,22303.5,26906.1,21977.6,25170.3,26965,24417.3,23252.4,22406.9,24419.9,23941.8,25402.7,23656.8,22509.2,23139.8,26851.3,24931.8,25948.4,20568.6,24588.9,23900.5,24985,23677.1,26062.1,24058.2,20623.8,22172.1,25699.3,24363.8,22804.3,26157,21921.7,25337.6,24501.3,26711.1,23473.3,22092,24094.3,22003.4,20430.3,25356.8,25849,26506.8,26189.2,23943.4,24616.5,23713.6,20646.8,23083,23628.9,23527.8,23915.1,21540.8,20493.8,23837.2,23308.4,21887.6,25098.3,26839.8,23122.8,25679.9,24746.1,22545,25228.3,25751.3,26502.8,25908.5,22537.6,26527.5,24363.8,23984.2,25039.6,24721,25001.9,22687.6,22315.3,26561.9,24046.9,23188,21771.5,25163.3,24361.9,25342.8,21019.9,23557.6,25920.7,24181.9,20539.4,20688.1,25999.1,20479.3,26182.8,20615.8,25506,24167.3,23379.8,24203,21746,25062,20989,20259.3,24266.1,24122.2,24412.8,25028.4,23414.8,19880.5,25073.9,19740.2,22257.4,21899.1,19573.8,21946.8,21657.9,23102.4,22755.4,20267.6,22010.4,21096.8,25429.9,20794.5,20095.2,23761.5,21280,22205.1,25326.5,21066,23170.3,24807.2,25205.2,20035.1,25028.9,22398.1,24836.2,22464.7,23612.3,19643.9,24513.9,20346.7,22967.8,22499.8,22073.9,22092.4,24730.3,18509.1,17990.8,23308.6,22814.3,23326.5,23068.7,22578.2,18764,17672.5,16598.5,22806.3,19451,17708.4,22043.3,17044.5,20089.1,18848.7,16227.7,18856.1,20360.6,18048.4,21791.6,20843.1,16824.2,17687.4,22960.2,18972.5,19249.3,22539.1,21270.3,18797.8,24500.5,22490,25596.4,35743.4
36283.5,29681.7,29684.3,22513,27068,21304.2,22399.4,24261.9,25686.9,24058.8,19150.1,22618.9,20515.8,23733.2,20250.6,20282.6,22764.2,25176.3,22896.1,19626.4,20234.1,20237.7,19782.6,25198.1,20484.5,25908.8,22990.4,22458.4,20373.4,20964,24177,24962,20660.2,21824.2,23683.5,25315.7,22231.8,24153.1,24861.6,25973.5,21947,19460.1,21678.5,23224.1,25870,19734.3,25742.9,19617.5,20045.9,22828.1,19624.6,25420.8,22515.5,19828.9,22926.5,21247.9,23703.2,22905.3,21781.9,21099.3,20139.1,19733.2,22772.5,25583.9,23581.3,23687.6,22973.7,25942.4,24323.2,22452.2,25977.8,22395.5,25127.7,22227.5,22573.3,21827.8,24092.5,20695.2,23428.8,21740,25312.5,22599.7,21114.3,21202.9,21615,22807.2,21950.7,25207.6,20819.6,22217.7,25643.5,23043.7,22363.8,26401.6,25480.1,20540.3,22525.9,25615.9,26625.6,20500.9,24438.2,24336.5,20297,21052,22560.6,22355.7,20248.6,25900,23384.8,22072.5,20525.6,21022.4,22622,26354.2,21630.5,20839.9,22852.1,24674.3,20733.6,20863,26277.2,20480.4,21485.5,20559.1,25090.1,24085,20262.6,19553.5,23966.9,20993.5,25762.5,23612.3,26876.7,24393.4,25621.7,21945.6,21656.1,21511.4,25313.7,22761.7,24800.5,23310.5,23361.8,22377,21360.8,22474.3,24367.7,21570.7,25524.8,22306.9,24318.6,21411.4,25804.2,25347.2,21277.1,20963.7,22969.8,25067.9,23556.1,21574.7,24494.9,25818.3,21251.4,23010.2,23341.1,21610.2,25540.1,20691.1,24880.4,25949.3,25882.4,22434.5,22508.9,24447.3,21325.1,24866.7,27003.8,26101.4,25756.6,24273.4,27252.8,26695.8,25645.5,24557.8,26453.7,25245.7,22263.3,23765.2,23904.5,23462.2,22433.9,23552.3,23187.5,25956.6,22553.5,24748.1,24294.3,21782.4,22816.2,25780.2,23986.9,25254.4,24298.6,27844.7,27269.7,26646.5,21920.6,26096.3,21629.6,24042.7,24972.9,23220,23237.1,25152.2,26336.7,24475.5,26515.6,22818.7,20882.6,26220.1,24664.5,21904,26482.6,25808.2,21522.7,22710.9,25305.2,24575.2,23360.3,26801.8,25540.3,24379,23899.5,20775.2,22553.5,21158.4,22216.4,25859.7,24303.8,21369.1,22467.3,26501.2,23345.5,27060.3,22943.7,20667.5,21901.4,23865.1,27251.1,21567.8,26003.2,26198.5,21387,23808.7,26547.5,22826.6,26358.9,26094.7,26311.8,26767.5,22888.3,26260.6,24059.3,26906,24189.3,26409.9,23875,23497.2,21905.8,23755.8,26646.1,22156.6,26946.6,22871,24590.7,22335.4,24582.8,25364.2,22085.7,25439.8,25086.1,27250.6,26389.9,23952.8,21741.6,23919.4,26044.6,24385.2,24830.7,20094.3,24174.8,23742.5,21239.2,21920.1,23765,24099,23973.7,23928.5,25458.2,21573.8,20491.7,25040.9,23913.3,20816.6,23444.6,25853.2,24451.1,20670.2,20355.5,25989.6,21331,21998.1,24745.9,25483.2,21625.5,22469.9,24643.3,24567,25472.4,24334.4,20809.9,21807.6,21561.4,25524.7,26576.5,25562,26150,24668,25476.1,26303.1,23287.8,25451.4,25691,24484,25174.2,26552.6,21009.3,20777.5,22369.2,23266.3,19581.6,21397.4,23536.9,24439.2,23877.9,19274.1,21972.1,19491.2,24376.5,23260.8,21560.3,22968.8,24234.6,20427.1,20927,17802.5,23442.3,20736,22687.1,17378.6,19545.9,20651.7,18078.5,22405.6,22402,20159.4,21543.8,20366.3,21337.5,19663.5,22419.4,21567.1,17543.1,20275.1,23194.3,17058.5,22871.6,21305,18250.7,22431.6,21648.5,26029.3,28494.7,34246.8
32426.1,29796.8,28806.6,22296.2,22052.5,25721,23961.9,23211.3,21290.1,20186,21037.2,24483.3,25559.7,21145,21217.9,24536,24079.2,26071,21827.2,23289.9,25148.5,21499.7,20814.6,25921.7,24755.5,25501.5,23794.3,23438.9,21942.2,22991.3,25289.5,25491,22222.7,20545.6,24137.4,23553.5,25804.6,26065.8,25891.4,20637.9,24222,25023.7,23266.7,24788,20214.9,21642.9,24731.6,26012.8,22097,24769.8,22478.8,23125.4,20668.9,22449.4,22748.8,20149.6,22537.4,22687.5,21872.6,23829,25158.6,22563.6,24632,25255,21706.6,25322.4,26105.1,20600.2,25211.4,20058.2,24092.1,25817.8,21260.1,25561.7,26654.3,26377.3,22953.9,26237.4,24693.1,24596.1,23930.1,22789.9,22030.9,20693.1,26543.2,24901.8,24837.8,26259,25167.5,21756.6,20615.2,20783.3,25170.5,25903.7,23462.6,22251.4,27333,21531.2,23842,20951,21653.5,27049.5,22885.2,21594.8,21327.1,24268.4,22900.6,24736.3,27102.7,24583.7,22723.9,25099.6,22776.1,20762.8,22244.2,24419.2,26589.8,21057.3,24339.4,20659.9,21455.3,20287.9,26604.4,25776.1,26631.5,26890.8,22062.5,21444.2,21121.6,26614,23418.2,25456.8,27397.8,22427.5,25379.7,25066.2,25329.3,24588.5,22048.7,22079.2,21093,22777.5,20915.7,25982.1,25526.1,20451.1,23095.3,25441.1,22478,23617.5,23242.8,22666.8,21076.5,24582.4,21454.7,22448.4,21420.4,24482.7,25642.9,25321,21314.6,24690.1,21737,22630.8,24512.1,23396.7,20759.7,24590.7,26806,21762.7,25235.9,27349,23205.3,21740.5,21564.2,23405.4,27797.2,23632.1,24659.3,21573.8,21543.4,27322.1,22702.3,27455.7,24197.8,25226.9,22290.2,26446.4,26984,26178,23978.5,22556.3,23197.8,27334.8,22796.8,28350.6,23583,25661,22375.6,22527.7,23388.9,27070,23194.8,24378.8,22770.1,21849.1,23379.3,21549.5,24885.2,25915.5,23073.4,23136.5,22645.4,23037.3,27697.8,26433.8,25636.5,21698.3,27766.8,24561.3,24577.8,26853.1,22950.3,22319.6,24926.8,25929.2,27053.2,21818.9,23443.9,21788.8,27422.9,25924.5,26714.6,26293.9,23918.9,23792.6,26154,26993.9,21713,24614.3,23127.3,21241.2,24658.2,22634.5,23066.3,21797.8,23320.1,24300.1,23612.2,24203.9,26171.5,25404.8,22828.6,22147.2,24786.8,22124,28164.5,22162.1,27631.4,25834.1,21669.6,27692.7,27373.6,23413.4,25831.8,22982.2,21500.9,24747.6,22409.9,23010,24110.9,23565.9,22361.6,21882.6,23716.7,27006.4,23234.8,25850.8,21381.5,26901.4,21298.7,26344.2,20851.5,22251.5,24225.6,23286.9,21121.9,26464.7,20843.9,20450,21815,21850.7,22625.7,21415.5,20393,25075.1,20563.9,26245,22741.6,24086.3,25127,25220.5,22683.8,26632.8,21419.3,26850.3,21574.6,25025.7,26388.1,26176.3,20120.5,20229.3,20106.2,26084.7,22029.2,21664.1,22884.5,26640.3,20749.5,23276.8,21964.4,23072.3,25394.2,23536.5,22289.7,24484.2,23821.2,25725.3,25794.6,24156.8,20215.8,24426,24757.8,20711.1,24724.9,24760.6,21619.7,21631.6,22187.2,20834.4,23546.8,24574.5,20616.4,25497.4,25669.4,25432.9,20948.9,19819.6,22036.1,20936.1,22693.9,19207.5,24921.7,24227.3,19891.2,22235.8,21300.2,24079.4,18277.5,19462.6,18265.3,17490.7,21127.3,18538.4,21395.8,18324.3,22141.2,17255.5,19690.4,18283.9,18044.3,23092.7,17594.9,19692.1,17129.5,21916.2,20491.3,19298.1,17951.1,22980.1,23380.9,22352.6,26709.1,32595.8
31569.6,28722.6,24293.3,27286.6,26482.1,24973,24071.4,23863.1,20898.7,23020.6,23692.9,23516.6,20897,24416,24931.8,25663.3,21225.8,26360.8,26469.1,25418.9,26012.7,23663.4,21154.6,22461.4,21385.9,20974.3,22648.7,25337.5,23555.2,26969.1,25134.2,23943.9,21608.9,24019,24393.4,25860.9,21515.4,24241.6,26428.6,21777.7,23129.4,21590.1,25128.1,23617.3,24322.1,26665.8,22933.7,22340.4,24738.1,24314.7,21768.6,23376,22997.7,26673.8,22383.1,26009.9,22476.6,21988.4,25728.7,25526.4,26090.7,21087.2,25288.7,26190.2,22645,26295.4,22803,20825.9,21862.7,24380.5,25680.1,24680.7,22469.8,26182.3,22894,21022,25945.5,21072.9,23487.3,22861.6,27400.7,24150.2,25978.7,27889.4,24749.8,23349.4,27421.9,26711.6,25208,24959.4,22326.8,22645.8,26582,22129.8,25719,23041.2,22473.5,26166.4,26821.5,22961.4,27523,27448,28053.9,26690.7,22657.7,26482.9,21980.9,25779.8,24305,27681.8,22854.8,23916.9,22301.7,27698.5,27688.8,24798.8,26858.1,23023.4,24734.4,26973.9,24602.7,21668.1,25707,23258.4,21828,27509.2,25353.9,23244,21357.3,22534.7,24832.7,24878.2,27692.2,21890.1,23353,27390.5,23067.5,22934.8,23832.5,21471.1,26903.2,23431.2,21948.1,21396.5,27005.9,22345.1,24681.9,26294.9,21765.5,26045,21543.6,21485.1,25145.3,26498.7,21592.5,26916.6,22599.7,23789.2,24691.2,22701.5,25909.1,22604.3,25028.1,22473.9,27414.9,22893.6,23446.7,26361.3,25036.3,27340,22668.6,28131.9,24955.6,27614.5,24770.9,28144.7,26010,24716,23812.4,24060.8,28467.9,26567.9,25321.6,27588.7,22483,22482.8,26130.2,28922.4,25460.8,24287.1,28795.5,22711.8,27653,28761.7,28934.2,24662.2,22954.8,23665.8,27534.1,23917.1,23264.9,23681.7,26227.3,26631.2,28488.9,25461.6,26345.5,25868.7,24574.8,27746.2,23127,22900.3,26905.8,28869.9,24315.9,25345.3,24379,22996.2,27443.5,23812.3,25255.5,27328.7,26808.6,23406.6,25055.4,23153.1,26453.1,26951.1,26152.3,24754.4,23972.1,22108.4,23795.6,24977.1,23904.1,25817.5,24352.6,26169.9,26281.4,24884.4,25387.9,27067.3,26336.5,22524.2,25774.7,25658.2,23363,22709.3,25332.1,24343.3,22054.2,24145.6,23607.5,27164.7,22630.5,24343.1,25109.8,24243.2,27674.5,26199.5,24404.7,25814.1,27850.9,28971.8,25290.7,23997.8,28465.1,27479.6,23844.8,27772,25449.1,25799.5,25910.5,23366.2,25680.9,22759,27320.4,25360.5,27093.5,25957.7,26069.7,21879.2,27937.7,27720.6,24113,23554.7,23136.6,22884.1,22030.8,24405.6,21325.8,22582.7,21395.8,23614.2,26843.3,21868.1,26477.6,24937,24161.8,26562.6,24734,21364.8,24765.6,21685.3,22058.3,20653.2,25878.3,25699.2,23104.7,22901.4,26050.5,22613.8,23977.5,21010.5,26705.7,26273.7,21473.2,22904.1,26368,26515.1,22683.4,26693.7,26509.3,21207.4,26599.7,25879.2,22295.7,26693.9,24188.6,24066.2,25224.7,20986.8,22117.2,25485.1,23927.6,23689.2,26902.4,25636.3,25835.6,24524.7,24654.7,23112.3,22820.4,26715.8,25885.3,25678.4,25305.3,21513.2,21351.3,20637,20500.8,25198.4,25055.8,24410.7,21515.5,22196.8,21024.7,19776.7,19262,21823.8,20137.1,20054.1,20037.5,20239.4,21143.5,17720.3,19090.9,23414.7,22872.6,18510.6,23843.6,23202,20964.6,21395.6,23530.3,18672.1,23889.6,21443,22461.7,23069.2,25179.2,22728.8,26834.2,32936.4
35825.2,30675.4,29946.4,29284,22744.3,26040.2,23982.2,24637.5,24353.4,23022.9,24798,21079.9,23840.7,26576.9,27157.7,24721.2,21643.7,22413.5,22641.4,24627.6,24243.2,22287.5,22634.9,25183.4,22098.3,24963.7,26041.6,26566.1,23858.2,23719.7,24079,23725.5,23329.6,23094.3,27527.8,22582.4,22164.3,26009,23577.8,27243.9,25061.9,26167.2,24537.9,25830.2,27882.3,25187.7,24478.9,25272.7,24188.5,23386.4,24538.6,28136.5,23120,26378.8,25189,27814,26541.2,23115.2,22255.1,24168.4,24979.7,21801.9,27656.4,26286.6,26862.1,26121.5,28120.8,24072.9,27236.1,22997,27726.5,28029.5,26825.3,22303.9,27172.5,24054.1,22386.7,25209,27799.7,26241.1,22446.4,24628.7,27846.8,26145.1,27522.3,23144.6,24298.2,28140.2,24357.8,23832.2,25202,28792.8,29003.6,25461,29081.7,27456.6,24142.6,24080.8,25754.3,26088.3,22637.8,25834.1,23184.5,22843.1,26659.2,28206.5,28668.5,27995.5,26817.4,29019.3,27408.3,26612.7,25914.3,23167.4,27827.9,23688,22903.9,27862.7,23984.3,22832.4,25898.7,26902.8,24142.6,25762.4,27299.6,25399.8,23398.7,23868.7,25811.8,28195.4,23950.3,22339.3,25974.2,29028.1,27014.5,23585.1,25490.1,25728.6,26871.8,22500.3,22495,24782,26918.4,27593.5,24035.1,23132.8,27608.1,28132.6,23523,27019.2,24616.4,26850.8,23618.1,25486.2,20329.9,26528.1,22721.5,26424.8,22352.1,28630.4,27827.8,22626.5,26895,24629.3,25014,26320.2,24630.1,26702.8,24407.9,25203.3,23802.1,25267.6,24239.9,23148.5,25045.7,28464.9,27962.9,25739.3,29779.7,27601.8,23788.2,26058.2,29627.4,24920.3,27518.8,29038.8,29310.8,28220.8,24355.9,27939.9,26698,27162,24561.2,25895.3,25270.6,29701,28638.8,25180,29706,26926.3,23784.5,25616.5,29943.1,29955.3,25070.5,25520.2,25210.3,25645.6,24422.1,27664,25086.2,28991.8,28024.8,29180.3,29699.8,23810.2,25838.3,27902.5,23643.8,27941.4,23853.3,25103.9,23305.8,29091.9,28924.2,25500.1,28920.3,26364.7,28129.7,25061.3,25877.8,29646.9,24255.7,24658,29424.8,24683,28097.3,28115.2,26841.1,27263.8,29449.5,26700.8,29507.9,26466.9,23595.2,28203.2,26949.8,24488.3,29542.7,28051.1,25832.3,26670.1,24014.3,29834.8,24581.3,29750.5,29890.6,25833.1,25076.4,27940.5,24165.9,23978.7,27934.7,24059.1,27228.6,24184.2,29532.2,24649.2,26291.9,25519.6,28992.2,23849,28380.8,25386.1,27694.6,28757.9,25061.7,26567.3,23428.7,25800.4,24501.9,27972.3,25812.1,23423.5,26946.7,26420.3,26112.2,28450.5,22188.5,26746.1,27237.1,27754.1,24708.2,28164,22461.6,25231.6,28401.6,22128,24884.1,23585.5,21867.2,24062.3,27980.7,23854.6,26833,22829.9,27743.1,26155.3,26135.1,22925,26475.1,24080.5,27890.8,24401,23565.5,27067,25817.4,24061,28023.9,28149.1,24968,22727.5,25999.4,27419.3,24360.1,24220.3,26794.5,25135.5,24870.7,21961.1,27736,25739.4,26706,24767.3,25457,23313,25516,22628.5,25199.6,22091.3,24044.6,26410.7,26459.3,25638.8,24676.8,25888,21832.8,21373,25925.4,23397.4,25979.4,22466.9,23016.1,26964.7,26745.7,25083.8,25479.3,20841.2,20271.2,20849.2,22155.4,25155.6,24726.3,18791.8,18276.5,20122.1,21532.1,18504,21665.3,21474.3,22094.9,22224.4,22809.5,20833,24172.7,22801.2,23533.1,25004.2,24584.3,24380.6,23743.1,28801.8,29769.9,34669.2
37726,29290,31213.6,24822.4,28211.5,24757.9,27147.2,24183.5,24124.4,27375.2,24926.2,27305.6,23943.7,27579.4,28381.4,25769.3,29377.7,28417.1,29154.4,23442,26520.4,29282,25506.8,26255,28069,24325.5,27213.2,29688,28284,26004.1,29676.7,27136.9,26603.9,29621.6,23547.3,26917.1,27803.3,26371.4,26272.1,28867,26178.3,26666.7,26477.3,25686.2,27500.4,29656.2,25196.8,25084.6,28452.1,27060.2,29197,29120,24766.2,25893.7,27761.2,25429.7,23736.3,29740.5,29568.3,25927.2,25463.6,24071.6,25965.7,27550.7,26924,28229.3,24317,25841.2,29509.8,27900.7,25496,25623.7,25682.5,28755.4,26536.3,27592.1,25111.9,29504.5,30073.2,26237.6,26192.9,27189.4,29808.5,26983.2,29776.2,29913.3,25402.8,29608,28133.9,25183.7,27145.6,24245.2,29657,26035.2,30124.9,25622.9,30272.2,27497.2,26246.4,27043.4,28216.7,30231.9,26599.1,28735.9,25147.9,27410.6,26076.3,29382,30109.8,26999.1,28126.2,25692.5,25366.6,26943.3,28347.3,25099.6,26140.8,25835.7,30071.3,27955.6,24137.4,24068.7,30261.6,27346.9,30222.7,27563.3,27366.2,27307.1,27909.8,25323.6,28357.1,26282.5,25171,27484,26691.1,28658.8,24541,24446.9,24127.1,27481.3,28760.7,26568.7,25679,24366.8,24889.4,25378.8,25771.6,27501.6,27834.4,24380.6,29580.7,29313.5,27359.5,28427.2,24611.8,24898.5,27685.7,24443.4,25434.5,26934.8,28510.8,30451,28318.9,25725.9,29217.1,26258,27920.6,26664.5,25652,30955.2,30354.3,29867.6,26232.8,24984.7,28978.4,27547,26955.4,28284.4,28976.6,29415.8,25783.5,31332.2,25803.3,25715.6,26367.5,27073.3,28367,28334.6,26186.9,25698.3,29241.8,30679,28696.7,30661.6,30720.9,29816.5,31399.2,29576.5,27622,27041.4,26249.6,26579.2,30667.8,25701.1,30951.7,26656.8,31678.7,28699.1,31074,25887.3,25790.6,28051.8,26437.9,28782,31235.3,27099.3,26108.8,27135.5,29190.9,27022.7,24575.6,30958.8,27970.7,30863.5,28167.2,27722.3,25643.3,27318.4,31035,26912.4,25594.8,28356.3,24845,30223.9,27761.2,30334.8,25196.8,26268.7,26515.3,27791.2,30713.1,30339.1,29251.4,28851,26982.3,30509.2,26284.2,29888.2,26362.3,29539.3,29526.6,24995.3,28675.9,28926.9,28674.4,26388.2,27936.4,29794.9,26912.8,30525.9,26586.5,30652.9,24865.2,30576.9,27752.9,28594.5,27824.8,29425.4,28339.7,25881.3,30789.1,27884,30756.3,25139.8,26964.1,26073.9,26279.9,30013.9,26486,29660.5,27283.6,29325.9,25779.4,24204.7,25209.3,29710.1,29563.2,28778.8,23835.4,27293.1,27782.1,24737.9,28295.6,23714.9,25782.2,27014.4,29681.7,26178.1,24732.8,25298.6,28755.8,26819.8,25535.5,25469.6,26932.3,24547.2,28344.4,24125.5,27387.9,23815,25821.2,23830,26421.5,29898.8,27481,24878.4,25849.2,27626.5,25600.4,26967.1,29801.1,29071.6,27152.2,28160.8,26919.8,27219.4,27132.1,26004.8,27622.7,28332.1,24957.2,24404.5,29598.2,24447.9,27665.2,27766.1,24050.3,23869.1,25640,23389.7,25218.2,27702.5,28133.4,26933.6,27221.4,27230.9,23391.9,26884.4,23837.2,27224,24607.5,25399.3,26415.3,28565.4,26999.9,25055.2,23305.3,23780.7,23221.1,25343.5,26229.8,24051.1,25906,22270.2,25720,22143.9,22958.8,22551.1,24308.5,25654.7,24230.4,21777.7,20928.9,24872.3,26972.5,27614.2,21663.1,25993.8,26737.8,21297.5,27001,27382.9,33382.4,32670.2
37730.6,31968,29120.3,30735.7,27048.8,30235.7,29364.2,27829.4,26697,30930.5,28235.9,25532.3,26553.5,31868.7,30552.5,27450.8,31267.4,25711.2,31199.8,29189,27207.7,30280.3,31908.3,26211.9,25518.5,30911.5,26135.4,27055,32043.4,32070.6,31132.5,29670.3,26142,30126.2,29119.4,26785.8,30920.9,31687.2,30724,28105.8,27182.6,30678,27364.2,26727.6,31793.3,31914.5,30698,28136.3,28161.8,30048.6,31082.7,31602.1,26809.8,31470.3,28303.2,30841.6,28878.4,26947.3,27932.2,29853.9,29267.9,29515.2,30365.1,29226,28626.3,31497.8,31500.5,28544.3,30298.7,25808,27550,26693.7,28670.3,28308.5,27452.2,30708.4,30878,28948.2,32114.5,32598.8,27133.3,29277.5,29794.5,32957.8,28721.6,29646,28026.8,31470.5,31648.4,29188.8,33227.8,26869.1,31435.8,30594.5,28849.3,32457.1,29387.5,29596.2,27110,30462.3,28014.7,30055.9,28356.5,30498,28969.7,28442.3,32882.2,29180.2,27807.7,31630,27344.5,27440.4,28455.3,27103.1,28259.7,31883.5,29551.3,28907.2,28142.8,29272.2,27528.1,30577,26083.7,27646,32091,31817.3,31363.3,28316.7,31563.8,31943.4,27648.2,29224.7,30793.7,32340.2,30807.7,32483.7,30900.7,31933.8,28143.8,29567.1,28026.8,26630.3,30462.8,28305.9,31202,28707.1,30801.2,31034.6,28918.9,28734.9,31540.6,26696.7,32125.5,30058.7,26037.5,29109.7,28209.7,27408,27436.1,26316.1,30554.8,32028.1,31352.2,26601.9,30677.3,32098.8,32021.8,28061,28832.4,29978.6,28265.5,28979.3,31004.7,28363,27031.1,32243.9,32730.1,30200,31928.8,27929.6,28705.6,31204.5,30104.5,32019.8,28127.6,30938.4,32380.7,32387,28650.5,30058.1,28287.6,31428.3,31191.8,28999.4,29302.3,28995.7,30771.7,29079.4,30534.5,29568.1,28286.7,29795.8,32579.5,33986.8,32657.7,30535.1,32256.9,28946.7,28287.1,33608.4,31486.7,28050.8,32683.1,32107.7,31890.4,30128.4,29471,30334.5,30900.4,31451.5,27098.5,29773.9,29138.4,31448.5,32927.3,28030.1,27299.4,27049.7,32355.2,31050.6,30767.1,27869.9,29202,32140.3,27938.8,32371.7,33305.9,28097,27125.9,27526.9,32718.4,28647.6,30784.9,29942.6,29435.8,29435.7,26708,27468.7,27428,29279.2,30743.4,33272.9,32360.5,27932.7,33051.4,30671.1,29500.5,31223.4,27339.3,32111.2,30722.2,29541.6,30431.9,32583,30893.7,32592.3,30907.7,32746.8,33691.4,27447.3,28008.1,28645,33289.7,33761.6,27018.1,32893.9,28364.1,27564.1,30368,31450.8,28873.3,28748.4,26455.1,26263.6,28437.1,28524.3,28115.5,27404.5,29989.2,27529,26413.2,30470.1,30198.7,29376.1,32243.2,29004.7,28013.6,26430.9,26802.1,28201.3,28277.6,30111.9,31150.5,29124.1,29659.7,28575.9,29893.1,31809.1,31108.3,30473.7,30059.7,26749.5,25486.7,29875.2,30860.3,31090.8,29725.4,30375.6,27456.9,31148.6,28813.6,31536.7,26514.8,32327.5,28596.6,29532.6,30957.2,26047.9,26203.6,26156.2,31848.5,31951.6,31860.6,32381,31806.9,26021.4,29818.6,30907.9,29458,31847.7,26484.7,29721.4,30531.1,27225.1,30980,27568.8,30943.5,29028.9,31182.5,27795,29607.7,26226.8,30188.2,30667.3,25011.3,30482.9,30061.9,30000.7,26470.2,26398.8,25377.7,24775.8,24849.2,22849.4,28019.2,23797.4,23240.6,24102.3,23970.2,26918.7,26550.5,28338.8,28647.4,27744.7,26831.2,28788.8,28043.6,27882,24765.8,28499.5,29087.8,29616.1,28774.7,37270
37855.6,34992.6,36282.4,30838.8,29338.4,28994.5,33223,34273.4,32344.9,31734.1,30769.1,31726.4,35024.5,31941.8,30831.4,29591.7,30188.8,35397.9,34913.6,29810.9,33762.3,32567.8,33693.3,34772.2,32833.7,31775.9,33361.8,28767.3,32617.4,31871.3,34953.5,34329.3,33949.6,33648.4,35082.2,30194.8,33909.8,30449.2,31537.2,32807.3,32504.4,34854.4,29546.7,31668.9,30064.9,30741.5,29354.4,30773.9,31489.6,29699.7,28867.5,34167.3,29240.1,30606.1,33994.6,29082.5,29397.1,31054.2,34382.2,28778.1,33285.3,28921.6,34911.9,31596.6,29411.5,31104.1,31034.9,31696.6,31015,30561.5,32187.5,30905.7,35221.8,31227.5,34192.6,31989.2,33801.2,30130.1,35039.2,31428.7,34881.8,32988.4,32704.7,30679.5,33585.2,30669.5,36264.1,31179.6,35460.8,30673.9,34073.1,32934.6,34624.9,36552.6,33236.2,32522.4,36077.9,32318,36346.5,30307.6,35590,30536,34495.6,34262.9,35308.1,29861.1,31488.2,35826.2,31662.8,31525.8,34839,35292.9,33741.4,34129.9,36294.8,35404.2,33210.9,31621.2,33004.7,31120.6,34606.8,33285.6,31776.5,34664.6,32466.6,31860.1,31217.3,29886.6,32799.5,34710.3,34049.9,34861.1,30017,31565.4,33673.4,30397.7,35178.6,31172.6,35193.1,32550.6,30439.5,30157.7,33040.5,33672.6,29698.9,34503.6,29922.6,30325,31976.7,35822.9,33149.3,31356.2,33356.5,34443.5,27423.7,32410.5,34222.4,30147.9,35859.7,31047.5,33549.5,34263.6,30305.7,31298.6,34543.2,32784.4,31191.2,32511.7,30013.4,35837.7,32966.3,31748.9,33802.1,32600.2,31078.7,36414,31989.1,35729.8,31660,35804,31218.5,33457.3,33687.1,31172.3,34015.1,36489.6,36978.8,31891.9,32041.1,35479.2,35121.7,34647.5,35834.6,37098.9,33548.4,33204.9,37643.2,31933.2,36597.1,36028.9,33349.8,33319.4,31516.2,35023.8,34588.3,31637.8,31204.7,32329.4,32668.7,35192.7,36362.9,34453.1,36272.6,32762.6,31286.5,35778,35130.6,35073.7,35058.7,33130,31618.7,31397.6,31453.8,33504,36382.6,34813.5,34668.2,35811.1,31334.3,32971.8,32698.6,30189.6,32555.4,35538.5,32004.3,30744.9,34686.5,34430.1,31055.1,34518.1,35519,31529.2,35435.6,30201.9,30667.7,30340.8,31502.5,35809.2,34080.2,34444,35501,31542.8,35810.6,34354.3,32591,32870.9,32867.6,35890.2,36783.9,36411.1,31187.7,36322.9,35971.4,35912.3,33711.3,36081.5,32839.4,35287.1,30391.5,32148.4,32110.5,33894.3,31868.9,32378.4,32164.4,36390.7,31406.5,36598.5,34681.9,33753.8,30292.9,34322.3,30531.3,32421.3,31082.8,34839.6,30738.3,35098,32515.9,32597.9,35099.2,35038,29316.2,31196,34282.8,30028.4,33709.5,34921.1,32923,30064.9,32387,32744.9,30457.5,31961.4,33367.8,31225.6,31378.1,29906.1,28946.2,33015.8,29031.9,29443.6,29425.1,32197.1,31102.4,32660,33649.2,29926.6,34411.2,31654.4,35668.8,34463.3,34691.3,35978.5,36282.1,35526.8,30668.8,36111.1,33928.1,29732.7,35302.5,29484.1,29263,35771.9,30905.8,29888.2,29251.4,31209.6,33922.9,30049.9,32973.2,32088.3,34997.9,29526.7,32592.8,35623.2,34459.1,29080.8,32488.8,35178.3,29597.4,32745.5,34028.3,29561.6,32876.9,35410.2,30556,33996.2,30289.5,33686.6,32969.2,32194.7,26665.8,27399.6,28001.5,32750.5,29346.2,28424.2,30004.6,33102.5,28417.8,28789.1,30807.1,31871.6,33925.1,31704.5,32630.1,29920.4,27656.4,27533.3,29556.4,30142.5,37119.2,34512
