41928.6,37627.5,33296.9,34838.2,30949.4,30057.9,33523.5,32108.9,28353.3,29809.2,28640.2,33465.4,27914.5,31380,29179,33178.6,27645.3,31101.5,33263.3,32529.7,33839.1,32278.3,30090,28371.3,33402.1,33814,32051.3,30107.6,31636.5,31623,31152.7,34417.2,29198.3,29262.7,33433,31038,32284.1,32295.5,30781.4,30081.8,28534,32868.6,29923.7,30568.8,32125.6,30003.2,34040.8,31532.3,33343.9,30671.8,31665.7,32195,30250.3,33089.7,30552.1,33787.3,32472.9,33482.2,33497.4,29056.3,29927.8,32754,32413.7,30296.4,29208,31725.8,32463,33516.9,33463.4,29472.2,29870.8,32794.2,29175.1,29063.4,30646.6,33990.4,33832.8,32345.8,32074.1,29108.3,28968.1,30330.9,32787.1,33778.2,32084.5,34427,34153,32682.1,33975,30361.5,30819.9,30587.9,33877.1,33977.1,35518.3,33057.1,35259.5,31356.8,34524.4,30627.3,32146,37040.4,32082.4,32830.6,31810.4,30688.6,35327.4,34873.8,31343,32402.5,31447.6,33087.6,33769.8,37572.5,33058.2,37380.4,36744,35218.4,32228.2,35719.1,32486.6,35134.2,32244,35970.4,37537.3,34406,33465.4,36254.9,37132.3,36864.7,36214.7,34883,34683.4,36416.6,35060.5,31797.7,30884.7,35705,31282.8,32352.4,31179.4,29900.4,34602.1,35958.3,31743.8,31286.5,30328.9,32673.4,33311.3,34052.1,31846.4,35989.6,35976.3,31210.4,30791.8,34898,33897.2,32883,31661.4,36335.3,34171.7,32458.4,35650.1,37002.9,32553.1,36768.6,33092.3,32939.8,37064.2,33971.1,34556.1,33805.2,34168.2,37736.1,32571.2,36266.1,32814.5,37121.9,34897,33579.1,32182.7,34528.2,31577.3,35413.1,32230.5,33250.1,36336.4,37151.9,36115.8,31905.2,35322.3,32407.5,32621.4,37134.1,33254.2,36906.8,34161.1,38043.2,32864.2,33690.7,33772.5,38314.7,36019.5,36456.1,32867.9,34187.1,35282.5,38381.4,32706.6,37066.5,33135.7,34420.6,38643.3,34077,32588,33809.3,34707.3,36284.6,37135.6,35980.5,35116.9,34920.2,33741,37136,34930.8,34718.2,36425.1,33054.2,31794.5,34988.5,36643.8,36718.8,36362.5,33427.4,33336.5,33808.5,32284.3,31870.5,34444.2,35505.7,35461.1,36558.2,33682.7,36385.5,35791.4,31850.5,34148.7,31844.6,31435.5,37112.5,34290.3,37427,35740.9,35311.7,31333.5,32193.8,32923,33209.7,32583.9,32928.7,36588.2,34778.9,31337.1,33436.5,35477.5,33038.8,34654.5,33849.7,37138,32521.8,33270.6,37357.6,34244.2,31486.7,31381.1,36897.8,35949.9,37109.4,34104.9,35333.5,33292.4,31515,33043.3,36233.1,31239.2,30479.9,31977.3,30669.2,31423.1,35491.4,34563.4,36347.3,31587.7,37343.5,32485.4,36670.8,34991.8,32722.8,33108.6,31325.4,36043.3,31515.9,30658.2,31581.7,32240.3,36750.3,33008.3,35143.1,35281.4,30866.2,36376.5,35355.3,36996.3,31748.5,31510.6,35003.4,36396.5,37660.6,33821.7,35648.1,37086.4,33076.3,31740.2,36091.4,31955.2,37550.7,34405,36916,34267.5,37548.2,32975.6,35736.9,36347.3,36651.4,32148.1,31798.5,31994.2,35038.8,34284.7,35117.3,32884.8,34717,33446.8,36012.8,36970.6,31422.3,34003.1,36685.4,31833.5,32295.3,30908.1,33221.5,35231.9,31609.6,31467.9,31553.4,34377.3,33220.4,30445.1,28622.5,31142.4,33571.5,33817.4,32456,34016.2,31253.7,31837.5,34173,34198.3,35678.7,31725.6,31603.8,29113,29500.4,32591.8,31939.2,35398.3,34786.4,32131.4,30795,35681.2,34876.7,33926.5,38573.7
34181,33441.4,31551.1,25446.6,28999.9,27770.8,23764.8,25080,25182,26004.1,24690.2,24333.6,24423.9,22843,28062.7,24556.1,22828.2,24022.8,25698.2,24595.9,26405,23047.3,22533.1,22396.1,27359.4,26382.3,27162.3,27031.7,29103.8,28995.1,26772.3,29115.5,29601,29311.9,26506.2,24980.7,26283.6,29459.4,26044.7,23707.2,24094.4,29229.4,27583.2,26226.5,25583.4,26981,25655.2,27042.8,24314.5,24768.8,27501.7,24508.9,23988.8,23797.9,25996.3,28646.4,25459.6,28979.2,26347.5,22753.3,23225.7,26739.1,25124.3,27124.3,25006.3,23195.7,24206.7,26083.2,25306.6,28139.6,25766.8,28587.7,23751,24444,24468.9,28600.6,29104.6,24588.3,26418.4,26603.7,29083.9,23830.7,23762.1,24417.1,24438.2,24740.4,28084.2,27911.8,24884.7,25840.3,25155,30007.5,26088.3,28245.4,27685.9,24783.8,25905.7,30190.7,25618.3,28593.7,31477.1,29720.1,30780.4,27810.8,25832.2,31626.7,25998.9,29027.4,31833.3,30136.7,28159.5,31705.8,30876.3,29680.1,30184.9,28959.9,30612.3,29012.7,27748.6,27346.1,27165.8,31900.2,30747.2,29904.1,29556.6,29938,29447.7,28532,30958.1,32063,31627.5,28213.5,29394.3,29171.6,28136.3,28170,29490,25884.6,27245.9,25813,26311.3,27080.1,25218.6,24706.9,25449.3,26881,27847.5,28631,29618.5,29370.1,28517.2,31072.7,29679.5,27322.8,28332.1,29514.6,27766.9,28057.1,29589.2,28462.4,31358.1,28556.5,26935.3,25623.4,27043,29425.9,30827.1,26796.4,30576.3,32617.9,27205.9,27033.2,31186.5,26371.2,29898.6,28092.8,26527.6,32183.8,30356.6,31644,30353.9,30289.4,26747.8,32399,28658.1,26574.1,31116.9,30345.4,28574.8,31527.6,26244.7,30902.8,32421.4,27164.9,26667.4,29608.7,33594.1,32070.7,31468.2,30599.3,28900.8,27953,32041.1,28286.4,32633.8,31088.9,31936.7,31070.6,30092.1,32829.3,31289.6,28412.1,28854.7,28724.4,33315.5,28759.8,29929,31453.4,29859.5,26199.5,26527.8,27312.8,31577.4,30662.9,29371.6,26648.4,31805.2,28706.8,31804.6,29405.1,26598.5,28492,28057.9,28554.8,28325.4,30130.4,31813.8,29781.3,29284.2,26260,26310.7,29823.3,32222.1,28494.5,30711.9,31031,27912.5,29496.7,29908,29687.3,26564.7,29404.5,25849.7,26085.7,30381.6,29604.6,31616.2,30423.2,26528.6,27225.7,31307.6,32210.7,25798.7,30099,27742.9,27650.5,29736,28434.8,31918.7,31388.4,31876.9,30013.1,29786.4,27721.7,30281.1,29175.1,30872.8,27361.7,31340.3,29019.3,29670.7,27009.3,28194.4,27383.8,26610.3,31547.4,31828.3,28768.9,25587,29514.4,30514.1,29141.4,30139.8,26094.9,31467.7,30306.6,32063.6,27725.1,27120.5,29719.8,31819.9,30286.5,31681.4,27842.2,29554.1,30510.5,31609.3,26601,29494.2,31969.2,29681.8,31345.8,32163.6,27228.4,30063.4,28646.1,30032.4,28566.8,27827.8,32427.7,32871.3,29879.7,27230.1,28582.5,28272.6,28457.7,28948,31383.6,32146.4,30203.8,26569.5,27301.2,27924.1,30333.5,25953.5,27883.4,29231.1,28659.6,30680.9,29173.8,28310.6,29434.9,27099.5,28905.6,29208.1,27429,27801.9,25356.5,24973.8,25046.8,25984,28355.5,28632.4,29620.5,27974.1,25049.5,25046.9,28595.2,23013.2,28209.2,27614.6,24259.8,25091.4,22956.3,22860,26005.7,28758.4,27334.3,25292.9,25321.8,27341.3,24182.8,26397.9,30734.7,29906,30367.6,29438.6,29917.4,28514,26772.3,25776.6,30348.5,30462.3,35515
34162.8,29974.1,27296.1,27364.3,24681.5,23151,22427.2,24140.8,25763.7,22970.2,24656.6,23485.5,20962.3,21970.5,23339.5,20088.1,22357.7,20629.7,23519.5,25148.7,20227.1,22763.7,23545.7,24922.8,22175.9,24647.9,21949.3,19654.3,20570.8,20813.5,21290.5,20549.2,20884,22045,24994.8,20828.8,23633.3,20907.9,25525.3,20739.4,20262.7,24394.7,24736.7,25763.1,22233.6,24996.3,25460.2,23604.4,25326.4,22355.1,23682.2,19508.9,19780.8,23553,23908.6,21146.5,25885.6,23030.9,21120.3,20403.3,23362.6,19521.5,22998.6,24037,25806.7,21344,25204.6,20043.2,19611.1,23290.6,19644.2,24164.1,26053.7,24670.5,24620.9,23820.7,25192.4,20273.9,22148.4,20057.6,25148.6,26026.3,20327.1,20371.3,24570.3,20329.3,23219.5,22001.8,24531.2,26632.8,25964.6,24225,25882.9,25575.9,23179.6,27699.8,21513,22206.4,25131.8,26644.8,27087,22900.1,24053.2,23219.1,23050.2,23000.4,23830,22795.5,26168.5,27140.7,24266.8,27159.6,27725.4,23820.4,26331.9,28781.5,28523.1,28868.5,27380.9,26467.4,26805.3,24798.1,25536.5,27276.2,23738.5,22900.7,28795.7,27884.5,28897.8,24645.7,29041,27618.5,23131.7,22894.3,28065.1,26689.8,25149.1,26121.8,22985.5,24530.3,25161.2,22375.1,21868.7,26441.3,26745.9,21804.9,25503.7,21453,24846.1,24455.9,27754.2,24963.4,27306.4,23027,20527.3,22266,25436.7,22380.2,27936.6,22681.8,23590.1,24122.3,27388.1,27730.7,25081.7,22515.5,28110,28664.1,26920.6,23815.8,28013.8,26810.9,28110.6,26761.7,28495.8,24954,28224.5,24908.3,23481.9,24399.3,23492.6,24791.7,26710.1,23375.3,24047.9,25276.7,25153.1,25312.3,22542.5,25322.6,24434.2,28233,22738.3,27227.5,27127.8,24450.6,24956,25633.2,26028.6,27861,29873.2,28604.5,24319.2,26489.1,26110.9,26294.5,26701.5,27754.8,26710,25859.7,27478.6,23713.6,27488.1,29361.7,23645.4,27911.6,26313,28358.1,28903.6,24050,28490,24714.1,28888.4,28445,24001.4,27024.3,27698.9,28180.5,23909,28261.9,23346.6,23094.2,25999.1,25530.4,23539.7,27879.5,28398,24664.1,24545.3,23222.8,22730.2,26637.5,25785,27316.4,27830.5,22929,24074.7,22399.4,26974.9,28900.8,26888.5,22497.6,24104.8,25797.6,22650.5,28819.1,25224.1,22684.5,26928.4,23125.3,23396.8,23640.6,23170.3,27901.5,24564.3,28187,25782.2,28561.4,27123.6,25235.6,24442.2,29164.4,22405.2,27203.2,24433,28169.9,28342.6,22274.4,24405.1,23408.3,23299,26487,23329,24887.3,22539.2,21685.1,28134.4,25348.9,24308.6,26760.5,23034.1,27510.9,25847.3,26950.4,27626.8,24276.2,22675.9,27763.1,28572,26869.1,22572.7,27401.3,22198.6,24777.5,28235.1,27091.9,21740.3,23723.9,25583,27841.9,28210.5,23310.1,26125.6,23523.6,28465.1,23282.4,23169.8,29297.5,23347.6,22948.6,27033.5,24838.9,24248.3,26654.8,25354.6,29611.5,25286.2,23999,28526.9,23909.8,26783.6,22640.7,22627.8,23719.4,27215.9,26501.2,23461.2,24102.2,22124.9,22257.5,22987.6,25780.9,25840.4,24412.3,23337.8,23452.9,27609.9,26065.6,26045,27482.5,26246.9,21490.9,22489.1,22887.7,20602.3,21632.3,24993.4,23442.7,24481.8,22424.7,21377.3,23841.9,23612.2,23981.2,23716,21491.2,24069.8,20794.7,20834.3,25306.1,23621.2,21218.2,24370.1,25015.2,26729.1,25191.9,23866,22958.1,22599.2,24213.5,27063.2,24267.2,26947.5,34965.8
31081,30710.7,24575.4,20409.5,21561.2,19613.4,21876.2,20709.9,21651.4,22390.1,22147.3,21368,19731,19101.2,23415.2,17201.2,17120.6,19590.4,20703.7,17595.6,22152.1,18871.1,19999.3,20144.1,17394,22150.1,22011.3,22098.6,19131.9,20254.2,21595.9,23710.6,19227.8,21945.3,21906.6,21116.3,20733.8,18515.1,22722.7,19716.9,22798.1,22473,22949.3,18074.1,19464.8,18975.1,21842.8,19566.9,22033.7,17907.3,18004,22998.4,20637.5,18344.9,19247.4,21360.9,19891.8,23306.1,22701.7,20052.6,21053.5,19362.7,17471.9,22538.1,21570.4,22804.7,23674.5,20559,18986.2,20108.9,19737.8,19954.4,19035.3,18670.3,18801.5,20342.7,22704.9,21554.4,18303.1,18406.4,18332.9,21119.3,20412.9,18726.4,19847.8,19072.5,22532.6,22661.8,21353.3,24271.9,20888.2,19148.8,20063.9,20174.6,18701.3,22114.7,23792,21911.8,23253.6,23396.3,24509.1,19790.6,20109.2,19293.2,25569.2,23638.7,23068.4,20047.2,20797.2,21457.3,21767.7,23695.3,23845.6,25921.8,24239.9,19808.6,25739.6,25151.5,20196.5,26166.9,24326.7,21192,19896.8,23848.7,23223.7,25334.8,21507.6,26287.3,25716.7,22040.6,25726.4,22999.6,22153.2,24659.4,24971.6,21289.8,22290.5,24219.3,20320.3,23661.2,20745.3,22852.4,24052.1,25440.2,23883.6,20550.1,20124.5,21850,24733.6,25219.4,23281.9,23087,20347.7,22760.1,22078.8,22729.9,23797.7,24585.2,24930.2,22755.9,24191.3,26328.1,24463.5,22449.1,25344.2,22058.4,25044.1,20524.1,22543.7,22713,22838.5,21495.1,23958.4,26375.2,26553.5,21744.9,26338.3,23438,23170.8,23382.1,25442.9,20410.5,21107.7,22760.8,23370.6,24147.4,25554,24380.1,24430.8,26394.9,25267,23929.6,22573.1,22615.3,24163.4,25386.2,25549.8,27476.2,25173.6,26745.8,24534.3,25200.4,25342.2,26541.6,24627.9,24603.2,26822.9,26199.6,23872.1,21515.9,24360.2,22108.4,22890.3,24045.6,21198.6,24162.2,21911.2,24693.1,22423.1,23404.3,23381,22389.5,25881.5,20745.8,21883.4,22151.1,21720.8,23980.7,21217.8,20782.3,19854.6,24416.1,25384.9,23210.3,25911.6,24017.6,22252.6,25057.5,19946.1,24443.2,22755,22046.1,26102.7,25864.4,26307.2,25432.3,25744.5,21785.5,25739.7,24293.1,22034.9,22824.7,21791.1,23175.7,22258,22172,26367.8,25801.7,20524.6,24727.5,22382,25006.7,20027,21378.5,24724.3,20332,22802.1,26851.4,24930.2,20584.3,21740,26491.9,23249.3,20684.3,22423.2,23769.3,22444.7,25303.5,25613.1,25854.5,25221.5,22556,21094.9,23782.4,21481.2,25591.8,22605.6,24941.2,25233.1,23034.9,23498.8,21331.8,21180.7,20283.6,23265.6,25905.2,24003.4,22995.9,22667.7,24169.3,22300.8,24139.3,21423.7,20348.8,22465.2,26038.3,23474.8,23949,22155.8,21620.4,21220.7,25813.3,20691.1,22227.7,24540.7,22249,21073.6,20464.1,24059.9,21009.6,22601,21584.3,25272.7,26017.9,21352.3,23281.9,26339.9,24400.1,25228.5,20923.1,20864.8,23850.2,22423.7,26790.8,25025.4,26546.3,24391.5,25520.3,23273.8,21615.8,19694.4,21772.9,20094.7,23317.6,22200.7,20669.5,23859.9,24750.2,23994.4,24056,21331.4,21328.3,19065.4,24485.6,23143.2,23268.9,24336.2,18549.6,20703.7,19096.6,17609.2,22353.3,17401.5,21771,20420.5,18999.1,19362.8,20222.6,22165.8,23765.1,20894.2,18955,23551.2,24669.8,18204,18845.7,20194.9,22862.2,24292.1,20289.9,21193.6,27856,27587.1,32034.2
33182.9,24911.1,26657.4,19275,18248.4,18565.1,21064.9,18793,18963.7,20770.4,16652.2,17519.9,18305,21575.8,21674.7,17351.3,17258,21619.9,20600.5,21309.6,17981.6,19183.2,18045.5,21144.3,22123.8,18566.7,18157.4,19920.5,20380.5,16849.1,22007.1,19268,19875.4,18403.9,18359.7,23142.6,18703.8,20104.3,22954.4,17967.4,17876.3,20897,16378.4,17144.1,18702.5,19077.6,20847.8,18634.6,22201.9,18426.7,19442.7,19934.2,16587.9,19336.7,18769.6,17783.7,17650.1,19899.4,18970.8,22120.7,18039,19033.1,21148.3,22191.5,17631.2,21214.2,21640.3,22118.1,19336,18915.1,21370.3,17959.7,20322.9,20398.2,17438.9,18211.4,21830.1,22170.8,17370.2,22169.2,19967,21963.5,22601.8,20447.4,17671.2,19067.7,21125.3,18566.6,18604.8,18975.5,20568,20264.7,20312.9,21694.8,22742.2,22022.4,20335.5,21012.3,20783.1,20446.8,23890.8,20978.5,20250.4,23748.4,23422.8,23799,20543.8,17990.5,22416.5,20728.9,19152.3,22167,22966.6,24447.7,24576.6,24761.9,20585.7,19333.7,19734.5,18675.9,18371.1,20107.2,18948.4,24154.9,22410.4,22099.2,18504,22658.5,22160.2,22553.8,21895,22122.3,23370.7,21310,23659.5,22603.7,18344.4,18852.3,21476.3,19246.3,20126,18756.7,17935.2,22086.5,22044.2,20953.7,21611.8,23471,20553.2,24025.6,23662.7,18152.6,20174.6,21367.1,22033.3,22295,20466.2,20637.1,21501.3,20456.6,19715.3,22664.6,19394.3,22364.1,24285.5,19490.9,22390.6,19783.6,24111.5,22114.3,24443.3,19987.5,22393.8,23855.3,21027.1,21479.9,19274,25361.8,22209.9,20771.9,20026.8,21149,19799.8,19395.3,25125.6,23682.1,21066.8,21593.9,19774.9,22323.2,23720.1,21500.8,25201.9,22038.6,22337.5,23894.5,23156.9,25893.5,23884.7,19941.8,23227.3,23209,25172.1,23730.5,20399.9,22954.3,23126.9,19927.3,22970.6,25875.6,22761.3,22548.9,23493.9,21139.6,20246.4,25486.5,23605,23640.1,24620.3,21057,22131,24634.7,21311.7,19886.3,20029.9,19248.5,20366.7,24863.2,19957.8,22031.6,18697.3,21938.8,23515.9,20292.8,22896,23757.1,19015.3,18857.4,24895.4,19556.9,18705.4,18816.7,20590.1,24519.5,23708.3,25093.1,23658.3,22623.1,23147.6,21893.2,23698.9,21993,25010.5,19028.7,20384.8,23933.6,22393.8,24514.6,24063.1,21441.4,22670.3,21049.8,23883.7,20446.3,23296.2,25106.9,22053.6,20754.2,19660.2,20866.2,24404,21208.9,22452.8,19943.7,24300.8,23074.9,22421.6,20690.1,22418.5,20373.8,20157.4,23469.7,20206.4,21646,23055.6,22910,20583.3,18461.6,21956,20745,22829.8,18537.8,24695.8,24680.7,20171.4,22375.5,22454.7,24617.4,19728,22328.1,21229.8,23740.8,24083.8,19551.9,24085.5,23798.9,21327.4,19372.5,18821.5,24338.5,22321.5,24167.5,21624.8,20016.5,24652.4,22904.9,23220.2,23522.7,20148.1,22745.1,21606.5,20810.5,24725.5,25377.1,20640.9,24247.5,20488.2,19685.6,25491.1,19169.8,24831.7,18997.7,24994,19054.2,22801.5,20943.2,21669.3,22374.6,21099.7,24696.8,18729,18420.7,24868,21119.8,23402.1,19887.1,19786.8,23939.3,24223.1,23872.3,20112.1,21569.9,20582,21186.8,20702.1,22159.7,19935.7,18283.6,18959.3,16369.7,22151.8,16388.3,22084.2,19408,17174.4,15902.5,18140.3,16277.8,19885,18600.7,17528.2,16759.3,23207.8,17176.2,18404.7,20207.6,21193.7,21591.2,19992.5,22257.6,25044.8,21369.4,24114.1,32143.9
34255.3,29759.7,21260.8,19011.2,18534.6,18958.6,17979,15670.6,21532.9,17823.3,17225.7,20262.9,17378.5,15543.7,19661.8,16413.1,17993.4,18796.9,21259.6,20194.9,19675.7,16113.5,16501.6,20895.3,16415.7,18787.1,19271.3,17177.8,19050.4,17364.5,19078.4,19558,19433.6,16221.4,17242.8,19473.7,15840.5,16584.3,21588.9,15931,15721.2,16836.9,19808.2,18402,19344.5,19955.2,17835.8,19786,18668.6,20301,21256.6,19806.5,17559.6,15896.8,20454,15605.8,18031.9,19591.1,20125.1,15723.9,21439,20677.9,20528.1,18294.8,20188,17663,15817.9,20733.7,20458.3,18059,15211.3,16564.9,15390.1,18537.2,18320.5,18416.9,18634.3,16773.2,15981.1,18259.2,15648.8,20318.4,21758.2,18819.3,20791.4,16374.6,18776.8,20785.6,20236.4,15909.7,17653.8,21844.2,18951.9,22596.7,17693.8,16447,19172,20071.3,18712.6,19874.8,18049.4,23092.3,17282.2,19656.6,18305.8,20491.9,18557.5,17773.4,22511.4,17523.8,22287.5,21376.5,22856.5,23353.3,20959,20560.1,22994.1,18699.9,23335.8,23558.3,21065.3,21623.5,22659.8,20296.3,18813.7,23192.1,18549.3,19026.5,18990.9,23219.8,20950.6,18799.7,20303.1,19577.7,19429.8,18158.6,19509.3,22338.4,17436.2,20526.7,21472.6,17534.5,18089.8,18008.2,20460.3,20444.6,19468.4,19240.1,21740.1,22721.4,19964.6,19303.3,17847,22172.7,20344.3,21642.6,17705,20048.4,20187,19818.5,23101,19006,20953,22233.5,22100,22967.3,22139.5,21408,19476.2,21707.4,18487.6,23610,19737,20140.6,21149.4,21486,23088.5,21011.3,24279.8,22088,18194.5,21433,19379.8,20238.9,20489.9,24191.3,18726.6,23924,22052.8,20085.4,24066.2,20954.9,21017.5,20796.9,19948.3,18857.1,19380.8,23661.2,18506.4,24404.8,19701.7,20874.8,21613.2,23940.5,21273.6,19159.2,23361.6,24486.7,19777.1,23336.5,22857.9,19106.6,22209.6,20439.1,22195.2,20610.8,23417.4,18345.8,19834.6,23913.3,19694.7,22032.7,21780.4,22697,21399,23027,19071.3,22843.2,22060.5,23526.8,20886.6,22290.2,21028.1,20588,18216.2,19795.3,22291.8,21352.9,18358.2,19141.2,22436.4,21547.9,22701.4,24190.1,18129.8,21817.1,23396,23108.4,20021.1,23872.2,23420.8,21345.5,20544.4,21526.6,21851.1,19535.1,23572.8,21575.6,21512.4,21447.1,20996.1,21354.6,19277.3,19693.9,21254.3,20186.6,23576.8,20112.4,23070,21757.2,22973.1,19518.3,18239.1,18680,22405.2,20379.3,20569.6,22512,22348.6,19255.9,19931.8,22274.8,20040.3,17844.9,18848.7,19829.5,20812.7,18389.2,20526.1,20386.5,23410.5,21345.7,19522.4,18777.8,19936.5,17603.3,19582.8,21393.4,22597,20233.7,21751.1,24017,20343.3,22323.3,17763.6,19020.5,18842.1,23071.7,22222.6,19990.4,19035,19023.1,20588.2,17746.3,18874.9,23640.1,22052.1,21949.7,23097,24003.5,21177.3,23472.9,24553.8,19312.4,21407,22028.3,24466.9,24130.3,18945.2,18077.6,18862.8,18239.9,23671.8,21795.9,22960.4,24126.7,21090.6,21263.7,22166.5,19181.9,23317.2,20272.2,20375.3,18485.6,21397.8,19208,19538.9,23438.5,21048.3,18455,20137.5,20832.7,19190.5,20821.7,18152.8,16810.5,20520,15705.7,17822.4,16562.2,18180.5,17791.9,20758.4,18745.3,20037.6,15375.7,17757,22003.2,21937.7,19441.3,20946.3,15581,15535.4,17948.9,18097.3,17407.7,22446.6,19578.9,16983.6,18161.1,19077,25880.7,23915.4,34396.2
28991.8,26344.8,22228.1,18643.1,21566.8,16480.7,20122.7,18583.6,17665.4,15447.9,18678.7,18072.5,19992.1,15848.2,18551.7,15065.2,17428.9,18032.2,19180.6,20213.8,19918.8,20123.6,16113.6,17486.5,19737.6,20530,20184,18295.5,19815.4,19801.8,21447.7,19726.4,18990.5,18224.3,19868.6,19768.1,17620.5,16376.9,17807.6,17437.8,19529.3,20142.4,20751.5,20827.9,19156.9,17636.9,15521.3,19592.6,17439.5,16572.9,20193.4,19677.8,18941.6,17521.3,16638.2,15620,18077.9,18345.1,19387.6,16165.7,20681.6,20050,17261.5,14744,16364.5,15094.5,19291.4,17206.4,15392.3,16981.5,19404.7,17757.3,15150.2,15026.1,18542.5,16785.8,17202.9,16512.3,18341.8,15298.5,18146.7,21071.3,18249.9,19031.7,21218,19569.5,21088.4,20252.4,17288.3,18007.2,20686.7,16955.6,18292.1,20112.8,19962.4,18272.1,22401.7,19647.3,20264.9,20214.3,18784.6,20554.5,19709.8,18857.9,17697.1,21225.6,17418.1,18223.1,16450.6,22789.2,19487.1,17066.5,20834.4,23043.1,22953.3,19403.6,21922.3,16802.7,21948.7,19500.7,21181.6,21860.5,17526.2,17158,18642.7,17194.4,22257,22490.2,18295.4,22820.5,21318.5,22371.8,20377.9,18003.2,21017.6,19698.5,16148.6,21800.6,17312.5,19740.3,22002.2,20256,17674.4,17521.8,20695.9,21972.8,22163.5,16184.8,18687,21778.3,20008.2,20490.4,17897.4,19392.5,20932,20139.9,19260.4,21770.1,21222.4,18872.6,17421.9,21590.6,18207.8,22374.8,20958.2,21600.7,20516.1,19380.5,19012.8,23108.7,21257.4,22130.7,19698,19799.1,23728.7,22665.1,22298.7,17499.2,23663.3,22817,21755.1,23036.9,19821.5,19591.7,19257.7,21944.2,19378.2,17846.6,23005.2,17991,19804.5,19646.7,22836,23052.9,22502.6,19762.2,18874.3,23295,20104.2,24367.1,22283.4,21948.2,19088.7,22614.2,19376.5,20025.5,22159,19752,20433.5,24296.6,19264.7,19879.4,22356.5,18354,22712.4,18102.5,22439.7,20992.8,20117.6,23389.2,23114.6,19122.9,18680.8,18809.8,19428,19864,20897.2,20266.3,18974.9,18887,16776.2,20088.1,21349.3,20555,17089.2,17445.6,20704.9,20316.8,21325.2,23464.3,23257.4,20216.8,22306.6,23570.1,22494.6,19561.1,20403.3,18739.5,19645.4,21631.4,21736.1,17905.6,23228.9,20156.1,19371.5,17925.1,16943.5,22660.8,22929.3,17476.2,19982.4,20430.4,20429.2,22007.7,20868.5,17556.4,22012.4,23123.9,20934,18182.3,18258,19378.5,19026.9,17961,18632.8,18329,21576.7,17985.7,20516.9,19423.9,20841.2,18776.1,21665,22567.4,18363.6,18136.9,20051.7,21301.7,22648.3,18134.6,22366.3,19983.3,20458.8,21218.6,19225.2,23119.1,23154.3,19874.5,19948.5,20545.9,16967.3,18156,20914.2,17281.2,17961.3,19295.1,18869.5,22883.3,18524.5,18513.5,16677.7,22821.9,21626,17779.5,19119.8,22552.3,18815.9,19168.7,18560.7,17939.3,23754.6,23791.6,22505.5,21202.7,19586.7,19347.4,23463.4,24006.5,20805.6,19133.6,19789.6,18340.2,19267.6,22312.4,23712.7,23662.1,21711.6,21463.3,17502.3,21534.6,18293.4,18995.8,21673.3,19200.7,20689,21850,21613.8,19172,21005.6,19912,16348.4,17412.2,20524,20540.8,16601.2,20745.6,16934.7,21481.7,20547.2,17008.5,20624.4,19044.9,17324,15900.3,17722.7,19021.3,18510.3,19510.7,20840.7,20860.9,21873.3,21834.8,19655.4,21596.7,19312.5,16447.9,17262.9,18841.2,22225.3,16657.7,18045.7,22072.4,27575.8,34710.6
31287.2,26750.2,24837.1,21065.1,22391.2,21048.7,21125,19324.8,14771.2,14699.2,17082.4,16690.3,15430.8,18734,19575.1,14579.1,18633.7,16837,20160.4,14901.2,14530.6,15344.9,17184,17165,17281.5,18500,20135.5,19422.5,16102.3,20811,16554.7,21001.5,18119.2,18100.4,17060.9,20985.4,20828.1,16507.8,19463.1,20284.5,15399.7,17413.5,21011.9,17316.5,19465.5,15006.2,20364.9,18235.5,19217.7,19884.4,15666.8,16071.2,19389.4,14714.7,18065.4,14735.1,16418.8,16127.8,19189,14869.6,19390.2,16485.4,18420.5,14334.1,16281.4,19886.3,17971.4,16153.3,16938.7,19561.1,19829.2,14400.4,19720.8,19073.1,17353.7,15781.4,20681.3,16435,16503.9,18140.4,17971,16871.9,14778.5,14600.2,16021.1,21138,15097.8,14960.4,16849.8,19439.1,21318.1,17900.8,17445.8,18918.7,18212.6,19701.3,20838,21074.7,15878.9,20569.1,16943.2,19905.3,21921.8,21489.6,18536,18937.3,17810.1,21364.5,21562.1,19320.7,22944.5,18147,22647.2,20944.4,19926.9,19935.5,22727,17644,18442.4,19675.5,16536.4,21970.7,19169.8,16339.7,21409.4,17993.3,21835.1,21511.3,22071.2,19025.2,22287.2,23168.7,21437.3,23012.4,21052.2,17143.6,15582.2,21672.7,20643.7,18245.4,17371,18512.7,16001.8,18596.3,17012.7,16150.6,20478.1,18942.4,18069.2,17470.8,18125.8,17000,16571.8,20005.2,14839.7,21674,21088.7,19335.7,18915.9,20055.3,17735.2,17556,16384.5,17458.4,20458.1,16302.6,22687.6,17822,20958.4,18508.2,22327.7,20505.8,19455.5,17706.9,21936.9,17549.4,17874.1,20926.2,18638.2,20321.7,20111.2,17159.1,22451,23262.2,19713.4,18368.7,19141.5,19938.2,21910,18366.4,19612.3,20752.9,20867.9,19024.5,23387.8,22425.1,18493.4,22560.7,20177.7,18845.6,18624.1,18096.2,20693.5,19301.9,17628.3,23396.7,19524.3,20097.1,21559,18052.2,21634.6,19193.2,19334.6,17397.8,20242,23203.4,17328.8,22596.6,19294.1,19086.2,17859.5,22297,18032.4,22563.4,17016.4,21515.5,20423.7,18704.6,21944,20483.4,22052.8,18701.3,21948.7,21920.3,22099.5,22658.3,22675.4,19519.5,21630.9,20621.8,18914,19921.2,22516.7,19153.5,16935.2,18728.3,19746.6,18949.9,22744.8,17835.6,19996.1,20014.5,20993,21353.2,21333.4,18350.9,22599.5,21403.4,22876.1,20979.3,21664,16838.3,18500.3,21409.9,20860.2,20362.2,19568.1,22143.4,22909.4,18622.3,19352.8,22080.1,21210.2,18799.7,21857.4,22574.7,22912.9,19132.3,18720.1,17941.7,16909,22445.3,16730.3,20561.9,19645.9,17603.2,22157,19732.4,18394.2,22096.5,19721.7,22209.3,21665.3,17631.7,19860.7,20027.9,22246.2,21048.7,20651.2,18646.9,17580.7,17791.9,19316.5,17216.4,20394.8,20140,16658.7,18198.1,17738.3,19351.5,19324,21871.7,22541.4,16823.3,16551.4,17862.1,19863.5,17406.1,18593.1,20258.2,22220.5,19087.6,21795.1,23671.2,20146.1,18856.7,18016.1,21283.6,22762.6,20453.3,21908.6,17397.8,23121.1,17768.8,21692.7,23076.7,22771.9,22395.5,17247.8,16788.4,19483.7,22755.9,19678.2,21117.2,18521.2,21756.1,19385,19251.1,18108.3,17416.6,21307.4,17316.9,18329.3,16184.2,16298.7,21006.1,17190,16283.8,15599.4,19746.7,20150.7,19677.4,17551.6,14558.9,16280.6,15197.9,16336.1,19043.2,19254.5,20705.4,20117.4,16769.8,15773.3,19994.6,15814.2,21940.7,20846.4,16413,20713.7,19668.7,23412.5,25450.5,26559.5,32253.6
34168.4,26316.2,24512.4,20970.3,17450.2,17069.4,20866.4,15986.9,18135.6,19832.2,17172.6,14352.5,19071.7,20236.5,16943.2,17843.3,16358.6,17140.4,20217.2,17224.1,19456.4,16819.4,18868.2,14397,16222.5,17448.4,16493.5,16955.1,16177.6,16219.7,20775.5,21253,21392.9,15383.5,18276.8,15975.3,21165.3,20321.2,15453.9,20583.2,17053.8,16028,18080.8,18705.1,19662.7,14480.7,18365.9,15769.2,15961.7,20294.5,18015.3,17642.2,17856.6,18536.7,17842.1,20476.9,19481.8,15388,17744.5,20153.9,16072.7,19839.2,14282,17830.5,16084.2,20420.4,14924.2,16058.2,14147.7,15445.6,14679.2,18552.5,18264.8,20132.3,15820.5,18950.1,17129.1,18201.1,15114,16048.5,14453,15005.1,17143,15166.4,16959.8,18696.1,16833.5,15480.4,16128.3,16194.2,19658.2,19333.3,17042.1,17054.2,20063.8,15817.2,17619,17817,18920.3,18547.4,16323,18177.3,21792.5,16203.2,15984.3,16196.8,17049.8,18539.7,19078.6,22016.2,20809.3,19273,21141.6,18901.2,17614.7,16494,18859.5,20883.2,17953.1,18637.5,21958.1,16840.1,17941.8,21564.3,20925.7,16168.1,20608.3,19774.4,22316.9,19489,17757,19629.7,18310.3,20933,20581.2,16989.5,18474.3,16399.5,18110.6,16415.8,16411.6,20023.4,15862.9,15324.3,21223.1,20280.9,18786.8,15346.7,21778.2,21646.4,21809.1,17961.4,19975,20361.8,19142.4,20496,22030.7,16841.8,20800.2,19140,17194.4,16969.1,17720.5,18841.1,21477.7,20577.1,20551,16960,16275.8,17345.9,21391.2,21808.7,22321.5,23009.1,20089.1,18575.2,22026.2,21758.8,17773.4,19564.5,19550.7,21344.1,19249.9,21584.8,22138.7,18874.8,18991.6,21302.1,19798.9,16212.7,16300.7,18469.7,20333.1,17563.7,22992.6,17945.4,20997.8,21864.8,18654.2,18480.8,17149.3,22565.3,23521.8,23312.1,17734.6,21525.1,22961.2,20545.1,23208.8,18023.2,20732.9,19515.3,19809.9,20957.1,19215.2,18865.3,21107.4,21510.6,17227.9,21297.2,18478.4,20950.5,16817.9,18794.7,22070.1,18865.8,20424.3,18752.3,19282.4,21011.1,19525.1,17070.2,16632.7,18730,18425.2,16276.2,16408.1,22520.9,19796.1,18201.6,19028.4,21007.8,18782,18665.2,20876.2,21875.2,20275.4,20523.1,21309.3,16296.1,17118.1,17473.5,21392.5,17683.1,18689,20195.4,19230.9,19017.9,22161.9,18603.4,21048.2,19012,17302.3,19935.4,21066.2,22460.7,21246.3,17506.6,23002,20561.5,22193.3,17451.3,22495.7,21424.7,22270.7,19673.8,20724.6,21250.4,19900.2,22699.5,17677.8,18475.4,21652.9,20298.2,18500,16390.9,17496.2,20431.5,19421.2,20649.4,18248.1,20781,21976,17385.7,18995.8,17432,17240.3,18205.3,22146.3,21503.4,18695.1,19295.7,20098.8,20777.1,17392.3,17461.1,21663.7,16314.3,20133,17715.1,22154.6,21955.7,17273.7,16546.5,16539.8,22659,20405.5,17002,22235.8,18492.9,17910.7,21726.5,17946.3,18346.2,23487.9,21096.6,21192.2,17264.6,20270,20823.3,20272.9,18848.6,17582.1,19476.6,21684.8,19548.9,20012.9,18478.5,22953.9,19556.4,18534.2,21105.3,20217.6,17036,21860.1,19054.2,20367.5,20509.3,20295.5,17679.3,19372,16906.6,17671.7,17644.5,17589.2,18660.3,16576.4,17576.4,16183.9,19598,14875.5,18440.6,16527.9,16194.6,17761.1,17997,14500.7,17801.8,17756.4,15481.8,16360.1,17703.1,20280.2,20466.1,19629.3,18727.2,15276.7,18353.6,21448.5,16526.5,21821.3,20387.9,24096.5,33987.6
29003.2,25727.4,24166.3,21756.7,22717,18131.1,20780.5,14958.5,15555,14803.9,15947.9,17697.4,14552.2,17558.1,15715,20043.3,14479.3,20175.9,17165.7,17051.8,16889.3,15685.7,20308.7,18004.7,14703.9,15023,19938.2,16379.2,16103.2,20299.1,19593.7,14946.9,20374.8,17662,15969.5,18261.2,16458,16723,16202.3,15868,15903.7,17351.7,20177.1,19457.7,16558.4,15061.1,18847.9,15362.6,14653.7,14243.8,19769.6,16485.6,19605.6,17168.2,18638.1,15356.8,18086.8,18244.9,15855.3,14384.7,15818.5,19382.2,18065.3,19702.4,15686.7,19552.9,15568.9,18356.8,18877.9,18308.3,18663.6,14140.1,16031,17514.9,14526.6,20351.1,15880.4,20324,19259.6,18694.4,18430.1,20565.2,14381.5,20078.7,18219.3,20573.9,18189,21142.7,17785.7,15189.4,15072.8,19964.5,17302.6,16699.7,20390.7,21533.1,19024.7,15752.9,19242.3,20545.5,16339.9,20324.6,16087.5,15845.2,19983.9,15505.3,17893.1,21821.2,21270.3,16656.8,17871,20406.7,18734.1,20060,21020.9,21041.1,22479.3,20419,17461,21114.9,18664.9,17063,22345.8,19471.4,21836.5,20374.8,19665.2,18321.4,19077.5,21683.7,21011.5,20748.1,22209.4,17956.6,19016.2,16952.8,17834.5,15097.4,20023.3,15780.2,16142.4,19272.7,14957.1,19873.2,19118.4,19978.2,16832.4,20641.1,17383.2,15357.4,16777,19671,18269.1,17127.9,19352,17378.9,19301.3,17879.8,20592.1,22323.7,17327.2,16463.7,21417.2,20081.3,16970.6,19063.3,19523.9,16474.6,17197.7,22019.6,18720.9,17935.8,22745.2,18545,19311.7,22567.3,17185.7,20432.9,18846.2,19313.2,20234.6,20511.7,16515.9,21745.5,16625.9,20186.9,20053.4,19426.7,21614.7,22078,21545.2,19217.5,21298.9,21199.5,18029.2,19928.7,20699.4,19704.6,23125.8,22348.5,21888.3,23271.7,17157.8,21649.8,20684.3,17649.4,19581.9,20814.4,23075.7,22217.8,18680,23453,17613.9,22559.6,18441.7,19592.7,20668.5,17388.6,21104.9,18928.7,21604.9,17819.6,22051.1,17076.5,21842.7,18102,19881.1,18063.2,18664.2,17799.6,16858.1,18704.5,17698.5,17424.3,17931.9,18602.1,17979.9,16765.8,20288.2,19857.3,17165.2,17892.5,18166.9,17274,17648.1,17979.6,16622.9,18841.7,19249.4,19199.6,19598.3,17322.6,17152.5,22236,17460,20023.6,16601.9,19338.7,19592.8,20984,16407.3,16927.1,17452.1,17128.3,21853.2,16894.4,21412.1,18045.2,18417,20315.3,19760.4,22331.3,19626.2,18970.7,19318.7,17459.4,16436.4,20876.1,22396.9,18547.2,19985.7,21680.6,18444.6,17414.7,21001.3,19485.8,21494.3,19644.6,16358.6,17303.3,18272.9,20981.8,22454.1,19798.3,17361.5,17726.8,21418.4,16430.8,21225.7,19469,20143.2,19001.1,22180.6,17365.8,22119.3,18140.7,16600.7,17114.6,18276.7,20602.9,22172.5,19945.6,16996.6,18643.5,18312.1,20711.6,17180.2,17409.2,18423.9,19927.7,21812.8,21795.4,19304.2,22422,17159.8,23382.9,18258.8,17518.9,21112.4,17133.7,17117.1,22018.9,18743.1,18662.7,22559.2,18770.1,16964.6,21192.3,21282.4,17756.8,22595.7,19728.2,17808.7,18601.8,21890.2,20830.8,19142.5,19280.1,21419.4,20568.1,17863.3,16324.2,20327.7,18218.7,17305.9,15874.7,14932.4,14937.5,15235.3,20490.7,19947.5,17918.8,15315.9,18359.3,16089.9,19417.8,14789.1,16731.3,17912.1,18059.6,16340,21190,14908.4,14880.5,20278.5,17936.7,15095.2,17508.4,19797.5,21052.4,23886.1,26150.9,26679.5,33014.3
29618.4,28839.8,23074.1,19635.1,18190.2,19705.1,19910,17998.3,14817.9,18992.1,16965.2,18629.2,19234.1,19248.4,17824.9,16744.9,19281.8,19500.8,16093.1,14973.3,17678.5,18496.7,19287.3,19034.1,14944.8,14111.6,15523.6,18441.8,16923.8,16683.4,19381.6,17593.5,20821.8,18671.9,19694.4,19501.5,17886.2,19168.9,19729.8,15263.6,15196.1,17208.9,17297.9,18637,15060.2,18910.1,18111.5,18379,20204.3,16880.1,16682.7,15601.1,20263.8,19593.9,18955.2,19415.4,15988.7,17846.5,18348.1,14733.6,14919.1,19751.1,17978.5,19904.2,16362.1,19877.6,19666.4,20399.2,15943.1,16248.2,14571,18340.5,15965.4,15998.5,16804.5,16042.8,18284,17976.1,14596.3,16429.7,16527.4,16106.8,20186,17389.8,16124,14973.9,20222.3,20905.8,19587.2,16231.1,15665.2,18726.6,18121.2,16989.9,16522,20794.8,19450.2,21357.3,19905.4,21826.5,21679.3,21351.8,16057.7,15585.4,19152,16382.8,17366.5,19888.9,17129.6,19727.6,17959.6,20463,20597.9,20020.9,18641.8,19502.7,17379.4,17791.9,21435.6,20739.5,18182.9,15777.8,19312.6,15628.8,17324.9,19492.7,21551.6,16655,19957,20287.5,20908.1,22093.4,17752.6,21338.6,20698.1,17559.1,17785.8,19834,19340.6,16747.6,16150.6,20955.1,17995.9,17655.5,20410,18843.7,21203.6,15279.1,16139.3,16448.9,16132.4,21115.3,20801.2,16269.9,19645.8,15683.9,15800.5,20150.9,16090,19398.6,20635.9,20428.8,17081.4,19468,17294,19719.2,21667.6,19674,17605.6,22093.6,19049.6,22636.5,16574.9,18528.7,20817.4,22186.2,20016.7,21573.4,20814.1,20679.6,18952.8,20300.5,17448,18314.1,17247.5,20395.5,21866.9,20857,20438.2,19819.4,21740.8,16284.2,22493.8,21102.1,21006,19344.8,17189.8,22807.9,21886.5,22008.7,21378,21932,21851.2,20758.7,17422.6,16859.3,20714.9,22403.3,18885.2,20579.4,22856.9,23288.4,19172.1,20782.7,17372.3,22697.5,18881.7,21874.8,20511.7,20167.5,15925.6,17114.3,21791.9,20883.9,21478.3,21600.5,21147.7,16332.2,16260.8,19980.8,17034.4,15640.6,17525,19917.4,18020.4,21896.3,20255.7,19034,17059.3,22418.1,21832.9,16072.5,19522.1,20280,18432.7,17184.9,17134.5,18125.5,16020.7,20616,16900.4,21803.8,21775.6,20533.5,17585.7,17474.2,18112.6,20960.8,16357.3,15614.1,15450.6,18503.4,17338.3,20885,16992.1,20866.9,22301.1,22175.5,19371.7,21911,20255.1,20331.1,19869.6,16650.1,20187,16622.8,21299.8,20595.6,19028.4,19725,18183.8,20666.8,19578.6,16028.7,21452.1,16201,17227.2,21012.3,18794.7,18247.7,20941.1,18941.6,15911.4,20404.2,18098.2,20474.9,19735.9,16971.2,18854.8,21039.7,16087.1,17913.4,18791.2,20884.8,19596.8,21659.9,19809.1,21767.3,22259,19211.7,22150.6,19834.1,16039.1,18724.6,18642.6,16716.5,22359.4,19518.7,21220.4,16906,19139.9,21595.2,17965.4,22922,21113.2,19430.4,22135.8,20836.8,21372.3,20269.6,20965.2,22994.8,18510.3,21487.8,18251.7,17494.2,16613.1,22231.3,20329.3,21239.2,21886.5,19777.4,20695.8,17852.2,18425.8,20137.2,22348.5,20814.8,18056.6,22073.2,18988.7,21695.3,18943,18787.8,15633.9,15200.8,16718.2,15655.8,14458.1,20079.5,18658.8,20169.6,16413.7,18861,18654.1,18897.2,16685.9,19377.8,16476.3,18980.8,19339.3,17047,17594.5,16884.1,15151.3,15799,19241.8,21842.8,19696.5,22598.6,19927.3,24176.6,26299.3,33015.6
30688.7,28433.7,21558.8,18851.9,17765.3,15673.2,18563,15344.8,16423.7,17053.9,14477.9,17974.1,15805.1,19993.7,19092.5,19154.1,16183.6,18193.9,19565.4,17066.2,16192.1,17087.2,18969.7,14045.2,19915.3,19523.5,15292.4,15115.3,18602.7,18035.5,17451.1,19030.7,17153.8,16235.5,20420.4,16856.9,16939.6,21069.1,17089.8,20245.5,20004.4,14776.3,15660.9,19206.3,16285.1,16741,17696.4,16926.2,14587.9,17497.4,14183.9,20493.9,17987.9,19822,18933.3,17326.6,18010.1,14534.2,19411.1,14884.5,17069,17968,16915.8,16346.7,17336.5,15264.3,15548.6,16018.7,17106.9,14553.9,14612,14126.7,14702.8,16275.4,17604.3,17541.8,16419.2,18043.5,19030.2,14113.6,17785.1,17061.7,15169.2,18030.9,19156.2,14407.5,16759.7,17295.4,18007.5,15570.7,19267.3,15194,19168.3,15494.4,19418.6,21472,18492.6,15871,20227.9,15550.7,19329,16270.9,19459.1,15839.2,21056.2,21518.8,20171.1,16400.9,21608.3,21428.3,20613.2,15821.2,21213.2,18330.8,19546.1,18942,19615.4,19001.4,18581.9,19261,20135.7,16088.4,21146.2,17753.1,18736.3,18357.1,19654,18296.8,21572.2,16889.5,21286.2,22072.9,20353.5,19340.4,16898.2,21558.3,19890.1,14938.4,15077.8,19194.5,15287.6,17266.8,16220.5,19519.9,17798.4,20850.5,20248.1,15213.8,15486.8,17172.9,18679.4,20254,20265.6,19731.3,17301.1,16668,16571.6,15745.1,20677.7,16889.3,17871.6,19261.6,19580.1,17600.9,21157.9,19409.5,17793.9,16047.6,17972.1,16938.8,21888.2,16389.8,18736.7,19104.5,19020,16544.6,17420.3,19347.1,18006.3,18267.6,19207.1,16879.4,21702.9,20941.6,18801.2,16687.3,15993.3,19392.7,20792.6,19732.9,20636.3,20605.8,18481.4,22362.7,22650,21232.8,18808.8,21443.4,22013.4,20082.8,19643.4,17329.8,22499.3,22970.5,20927.1,18613.7,19783.8,19947.3,21100.7,21593.8,17658.7,23246.9,20904.7,20021.3,22634.1,17427.9,16215.2,18981.3,20911.8,22035.9,18174.2,19318.9,16136.5,16281,19403.2,16653.6,19007,18004.4,20021,18867.2,16442.6,17184.7,17098.7,21737.8,16150.3,19512,20388,21391.7,21821.8,16288.4,18314.1,17790,17672,17062.4,19041.3,16384.6,21225.1,17778.5,21525,20029.4,20663.5,16605.5,17402,17350.8,17293.4,17580.6,20106.2,16295.9,16081.3,21261.8,19684.2,19389.7,16508.7,19232.6,17823.9,20713.4,21838.4,20917.2,22030.8,19958.7,21242.6,21781.4,22647.5,19825.6,18188.3,20236.5,17632.3,20903,18384.5,19356,17883.1,19081.3,21963.4,16246.7,17554.4,20990.1,20195.5,21688.7,16734.2,21557.6,16193.9,18065.3,17352.2,21456.3,20872.9,22356.9,16115.2,21612.2,19926,22039,22073.1,18380,22432.2,22083.7,20882.8,21849.6,21370.3,18209.6,19158,20716.9,19719.9,19484.6,16287.1,19456.1,19141,20252,21134.6,19727,16987.2,22172.2,21864.5,22697.4,17454,23050.3,20777.3,16949.4,18456.1,19674,17757,22837.4,21538.3,17299,20382.5,20134.5,17712.5,17052.4,16956.1,18298.9,19993.1,16552.9,21972.6,16588,17160.7,17809.8,16805.5,17199.2,22480.4,20247.1,19144.3,21358.1,15537.4,16498.9,18259.2,17236.8,19269.7,17907.4,16989,20296,18577.6,18799.6,17555.1,15401,18933.7,18399.6,15731.2,19628.2,17321.7,19764.7,20318.4,17187.6,18312.9,18310.4,14763.5,21293.3,17432.6,16638.4,17383.9,18164.1,21903.6,16968.8,20399.6,25522.5,26760.6,34777.7
29961.2,28442.2,23356.6,19701,20352.8,21333.8,15423.9,17911,17151.3,20863.6,17194.1,17463.9,15873.8,15976.6,16765.9,14164.7,19150.8,19401,16187.5,16477.3,15245.9,19229.1,20286.4,16862.2,15626.2,20250.6,18999.9,15355.5,19439.8,19029.6,17432.4,17675.4,16979,15664.1,19847.1,18717.6,18176,19592.8,19934.7,14697,20789.2,15404.5,15322.9,19281,16972.8,16441,20529.6,15890.9,15045.5,19620,18308.8,20235.1,18818.3,17365.8,15096.1,14907.6,16919.1,16993.1,15146.4,19029.8,17367.9,15060.4,20387.4,15639.3,17049.5,20311.1,17716.5,17147.3,17731.7,16627.7,19146.3,19969.3,18360.8,16176.6,16768.8,19958.3,20297.8,16740.5,17615.1,20142.3,19640.8,15743.8,16878.7,20690.9,18599.8,17535.1,16594.5,18927.9,16257.2,16114.9,17610.5,19088.1,20514,15699.9,17247,15594,17679.4,17200.3,19338.2,15421.1,21168.1,16297,19362,17589.9,16487,15515.3,19898.7,20565.4,16192.2,18302.2,18310.2,18450.3,16590.5,15832.9,17751.3,20074.4,17760.2,20067.4,17462.1,20126.5,17577.8,16511.2,15701.5,17800.1,18315.3,18352.6,17487.9,21616.7,20407.8,16331.9,22295,16154.9,16735.5,17618.1,20415,16834.1,17815.9,20598.7,18998.6,18958.5,16215.7,20629.8,16163.3,16014.6,20953.5,18087.9,16876.8,21244.9,21474.5,15572.1,17315.1,15750.2,20797.8,16126.4,17626.6,20024.7,19863.2,19735.1,21645.4,15886.1,17330.1,21146.6,19211.1,21760.1,19371.4,19733.5,19369,20702.6,22164.8,17575,22033.8,18170.5,19419.2,20862,17266.5,17033.6,16553.2,19835.5,21178.5,18406,16662.9,21907.8,18601.9,19281.2,19902.8,21276.4,20734.7,15787.4,16288.3,16396.1,15838.3,20399.3,19037.5,18874,18924.3,18042.2,20374.1,18343.5,19461.8,19461.5,18555.6,17405.1,22646.3,20039.7,19517.2,18821.1,20901,16688.9,16793.1,21199.3,21229.9,18626,21613.7,19200.1,21969,20369.4,17220.7,17925.7,16611.9,18681.1,19690.7,17076.5,18909.8,16809.3,16123.5,17514.3,15772.4,19625.2,16395.7,18308.5,19025.1,20193.7,22073,21288.1,19427,17857.4,19890.9,19556,18773.4,21295.8,20223.3,19390.9,15958.5,22193.3,16024.4,19674.8,20484.1,16041.9,17620.8,16447.2,19940.2,16761.3,18331.7,17306.1,18303.8,15662.1,18195,15564,15925.3,20039.4,19004.4,20005.7,17710.5,16744.5,21141.2,22331.2,22749.1,22398.6,18754.8,20199.3,20942.8,18807.4,20472.9,21627.3,20033,19523.9,22496.8,16683.8,17155.7,19978,21241.8,21783.4,19644.1,18532.3,18635.3,18470.6,16112.5,21765.6,16033.1,21771.2,18646.9,15852.9,17080.1,21691.3,17697.8,18194.9,20936.8,17938.7,21547.3,21593.1,15863.8,17495.5,22364.4,18082.9,21489.1,21369.1,18174.3,18647.8,17982.4,21749.3,16576.9,16981.7,19313.8,15703.9,20281,17951.4,19874.6,22348,21009.9,16739.6,17754.1,19662.9,20303.9,22847.2,18326.6,22071.4,16883.8,21222.5,17724.5,22682.4,20074.7,21452.9,18143.7,17387.3,16733.6,23195.3,18209.3,21001.8,16860.9,17169,16391.4,16620.8,16859.8,22053.5,22336.6,19182.9,21120.8,20426.7,18780.4,18770.6,21177,15821.3,20076.6,16304.5,19736.5,17320.8,18932.4,17190.2,16236.7,17809.6,18246.6,18905.9,6208.3,17646.6,20328.6,14429.8,14782.8,20127.1,15057.6,19239.9,17786.9,19194.4,15964.5,15568.9,15089,19995.7,16399.4,19213.5,20458.6,22198.2,21886.8,23681.3,29117.3,29493.2
33019.3,24246,25273.1,22636.8,19873.7,16159,17819.3,17381,16568.8,20328.9,19498.1,16946.2,14066.8,15770.1,14837.3,17288.4,16133.3,14449.2,14118.7,16799.5,17985.4,14037.3,20151.1,19512.6,14400.2,15033.9,20457.3,19114.2,19424.4,15196.4,16254.3,19342.7,18281.2,20441.7,17141,16916.8,17394.6,15840.3,19482,17357.7,17763.3,18437,20404.2,14931.8,15150,17135.8,19329.8,14973,20237.8,19458.9,20556.5,19971.4,14813.1,19510.8,16972.8,16250,15778.6,19193.4,19453.6,20497.3,17351.4,20121.2,18791.6,17567.2,15570.1,18240.6,17216,17967.7,20314.7,15291.2,17971.6,18902.1,19699,15359.4,14314.2,18911,19718.6,18249,16766.8,16863.1,15097.9,14893.6,16546.7,18375,18557.6,18366,18495.1,20585.2,17676.3,16788.4,17118.1,15211.9,15465.6,19413.7,15650.6,15395.2,20936.2,20805.7,18217.3,16974.6,21539.2,16352,21863.8,15971.1,15095.6,21707.7,16132.5,21796.6,21264.8,15808.7,21154.1,20013.7,21583.2,18102.1,18348.5,20642.3,17321.8,15768.9,15996.6,19236.4,17522.1,19714,17094.1,16103,16770,16040.2,18303.9,17555.3,20211.8,20023.6,19204.5,17847.5,16903.9,17283.9,20246.1,21247.7,15083.3,16930.6,15584,15290.7,15300.8,18018.8,15889.8,18606.5,18226.3,19922.3,17703.3,16296.9,19811.7,19903,16135.3,17381.2,18573.7,20317.1,14134.7,18228.7,19927.3,17432.3,17624,17043.7,17081.3,19598,21871.8,19146.8,16127.3,16703.8,20319.1,17331.4,18696.5,20401.6,20067.6,21026.7,17609.2,16265.6,20417.7,20814.3,18860.6,22313.9,21684,16794.1,16822.9,22247.4,16643.2,19115.9,21928.4,16578.5,21334.1,19090.6,20190.5,18656.8,16743.5,20777.2,21746.2,18826.9,20610.7,20624.7,21148.3,19654.8,18008.6,17049.2,18720.8,20705.6,18689.8,21295.5,17335.8,18940.8,22610.1,17737.7,17524.7,20058.8,20552.2,17544.9,22438.1,16817.1,17464,17290,17504.6,22218.7,21684.7,16687.1,16865.9,21210.7,17923,18759.9,20622.9,18329.3,21847.7,20906.8,16522.6,21038.8,19175.8,21918.5,19486.1,17946.4,19893.3,18644.8,19624.7,18149.1,20496.8,21685.6,17104.7,17416.3,19485.2,16857.1,19110.9,22190.9,19114.4,20573,16103.8,20379.9,16197.1,18856.5,22178.2,16632.5,16396,19847.2,19544.2,16314.7,16845.1,20988,19104.1,18430.8,15940.9,21504.3,17378.8,22441.6,19035.4,18682.9,22207.9,17748,17335,17648.8,15974.2,22628.6,22256.2,18401.8,20505.6,20772.8,22091.3,21276.3,18379.8,21811,20797.2,16570.5,21325.6,19662.1,18003,21938.4,18677.2,15921.2,17953.3,21366,18179.9,17987.8,17246.3,22409.2,22093.7,21045.4,21520.6,17195.9,16195.6,19710.3,17799.2,21468.7,15849.6,18297.7,17414.1,17845.5,18095.1,17438.4,20433,16228.5,19984,18486,19731.5,16893.7,21265.7,21014.8,20082,22680.9,19377.8,19165.4,18316.1,19635,18641.4,16888.2,18756.5,22414.5,19724.1,19141.3,17226.3,19584.4,18036.6,17156.2,17979.9,20651.3,18621.3,22342.5,16742.8,19810.8,16647.3,16984.5,18830.7,18944.1,17647.7,22332.7,16526.7,19582.3,18376.3,21444.1,15575.7,21664.3,15564.7,21268,16771.5,18292.2,15500.6,19739.4,20952.7,18414.1,20326.3,19388.5,15283.5,19777,15500.6,20886.8,18037.1,17955.7,15609,20791.6,20879.9,16368,21075.1,21508.4,15226.6,20648.3,21298.2,20233.8,15887.4,19872.7,18570.2,20679.9,29711.8,28734.8
31068,23375.5,23939.7,19877.1,20499.6,20258.8,17376.2,17757.1,17864.6,15984.9,20243.9,19942.3,18888.7,17944,20231.1,19775.1,14504.4,16835.1,19410.1,14838.7,19490.4,16648.2,16873.5,18109.7,19562,17879,18818.3,19823.4,15516.8,15142.3,17077.3,20924.6,18832.4,15750.5,16817.4,15606.9,18895,17169.3,16493,15988.2,17494.3,14774.7,18765.4,18630.3,14434.5,18164,17884.8,20656.9,14875.3,18425.7,16072.1,16920.5,14260.6,16036.6,15821.2,15170.5,20434.3,14560.7,16703.8,18361.2,18720.7,17961.2,15081.6,14331.4,15050.5,15794.7,16906.1,18985,20748.6,20748.3,17811.3,15174,16836.4,16424.3,16636.8,15048,20358.2,16711.8,16416.1,20536.9,15984.1,20537,17528.2,20702.5,15900.4,15881.6,16537,20949.4,21347.7,15516,14955.8,18905.8,20818.5,21551.5,17103.4,19907.3,21018,20764.7,17909.4,16185,21335.1,15636.7,21758.8,15586.5,18274.4,15953.9,18391.9,20770.6,21093.8,19961,20277.8,15921.8,16944.4,20792.1,16041.4,19363.3,20592.8,17732.4,19152.6,20416.4,21505.2,16639,19948.9,19924.1,17159.6,18520,20349,16292.7,18819.7,18421.1,21754.1,16547.7,17430.6,21308.3,16034,16967.3,15682.5,20514.8,20933.1,16261.1,20391.9,14733.2,19622.8,18866.8,19388.2,15169,18489.3,18648.9,20546,19232.2,21487.2,18092.5,20206.5,15581.6,16564.4,15250.9,19052.5,20832.2,18276,19017.5,21637.4,16261.4,16901.6,21278.6,20728.8,16559.8,19537.3,16599.8,15949.2,20195.1,21118,17739.6,17499.7,18964,17182,20813.8,18146.5,21705.1,16431.9,16426.5,22101.9,19618.8,17692.4,18056.9,16985,19436.8,15791,20722.8,19987.6,19883.3,17612.1,16441.8,18198.8,16885.5,16819.4,20342.3,21237.3,18641.2,20613.7,17794.6,22792.9,17323.2,16629.8,22655.8,19889.3,18583.6,16651.3,18046,16626.2,17836.4,18305.3,21033,20464.5,21966.5,17982.1,22348.7,19601.5,20852.5,17088.8,21511.6,18406.2,16670.7,21445.5,17060.2,20737,17737.2,16227.8,19062,18200.6,18338,16490,15656.2,22049.5,20280.5,18384.9,18182.6,20171.8,21987.5,17690.2,18503.1,16466.5,20659,21649.4,20659.8,17557.3,16747.6,15781.7,19839.5,17110,17634.8,21364.3,21250.9,19013.5,18103.3,18812.6,19606.1,16446.4,20429.3,17161.6,20107.6,17347,21488.8,17613.5,19726.1,19053.1,17232.7,21342.4,21261.3,20642.8,22035.2,21466.9,18862,16057.6,18682,18533.8,16226.5,20317.9,19008.6,17699.8,17152.8,19987.9,17155.4,18091.4,15891.2,17229.2,15551.2,16572.5,18418.1,17948.3,16986.4,21735.7,16358.3,16396.8,18142.1,15743.4,16902.7,18290.9,21411.5,17404.1,19192.1,22081.2,16457.9,18097.4,19859.1,16111.5,17572.9,19573.4,17596.7,18910.2,16884.7,21789.1,22397.1,18685.2,17619.2,16737.1,16422.1,18635.2,20980.3,19886.6,19927.2,22404.2,18482.3,18673.1,20442.5,20561.5,18486.6,17662,23104.7,21776.4,17993.4,19241.8,17843.8,20436.3,20729.4,18578.9,22954.7,16853.6,22162.5,20288.5,22358.1,18875,21568.2,20323.2,16725.5,22547.4,18302.2,19086.6,17613,20917.8,16200.5,17423,18791.9,20428.9,16733,15937.6,18418.5,16422.8,15096.8,15193.6,16479.5,17070.5,17979.5,15607.5,20122.3,20682.5,15548.5,19682,18415.9,17225.4,21485.1,19414,18023.5,17605,20867.3,18841.1,17655.4,15746.9,15480.9,17701.6,22818.7,20434.2,25580.1,28623.2,34458.8
34368.5,26990,25072.1,19746.8,17076.8,17319.3,20186.9,16385.8,17030.3,17876.6,14694.7,18119.8,15568,14083.8,14011,14604.6,17170.4,19762.4,16910.8,17863.8,15370.3,17275.8,18535.2,18899.1,20052.3,16515.3,18209.5,15112.9,17761.6,18704.2,18318.9,16539.5,16195.4,18099.3,18400.5,18755.5,18753.9,19873.8,18990.5,20650.3,16609.4,16932.4,18286.2,14785.9,18725.6,15176.4,17294.8,19327.7,17718.3,15017.6,17362,19646.6,15467.4,17665.7,18252.9,15632.7,18397.7,18261.4,16749.8,17841.4,15029.7,17581.8,19229.5,19740.3,18141.5,18923.3,20036.9,18398.7,20308,19685.6,19525.7,17856.5,19637,16322.1,18721.7,16608.8,20504.1,16961.7,18347.3,17102.2,18530.7,16538,20048.8,19501.4,20620.9,16048.1,16516.8,17248.2,20560.4,20219.4,20915.2,21090.8,20360.6,17014.1,17858.6,20975.5,21107.3,15734.4,18706.9,20924.6,18544.4,16129.2,20119.1,16745.6,20091.1,17101.4,16385.8,17394,21330.1,18499.5,16828.4,20816.5,17229.4,19587.3,19848.8,19483.4,18748.8,16106.4,17895.9,20403,19100.8,17143.2,18274.6,19548.5,15812.4,19548.8,16316.6,20278.5,21390.8,15724.8,17590.1,21231.6,22544.7,16884.7,21075.6,16707.8,15517.1,15773.1,14986.4,19478.2,15683.1,16093.1,17583.4,18620.4,20818.5,15087.7,20443.6,16906.3,19517.5,21292.2,15706.9,20520.4,21227.7,16822.1,15263.8,15894.1,21051.2,20031.1,20335.9,20695.7,17439.9,19437.2,17044.7,19270.7,16151.6,20709.7,21579.7,16732.2,17886.7,18730,17835.3,18183,18412.1,16113.5,19033.5,21759.7,16594.6,22247.3,16823.1,16556.2,18125.8,18550,22193.2,18876.4,21220.5,19016.1,20028.1,21968.2,15643.7,16981.4,17578.3,21080.4,16822.3,18435.2,22218.2,20882.5,17726.8,20852.7,16435.4,20693.8,21208.6,18320.3,22627.7,17803.1,18769.3,21547.3,22056.1,17350.7,21848.2,17883.5,20931.6,16842.6,22079.6,19294.4,16869.9,18496,22409.9,20803,19734,15877.1,20110.9,16733.7,17761.6,17194,17783.6,22173.9,20051.2,17977.9,19843.1,17768.7,20807.6,20684.5,20674.1,19287.9,19001.1,18377.2,16545.1,17493.3,16263.2,21620.8,16868,18090.5,16168.6,16785.3,20342.9,19947.2,17173.3,16750.4,15752.1,21468.6,19780.6,16536.1,17822.1,21804.2,19935.3,20167.1,16926.4,21288.2,20351.8,22151.1,19746.1,19161.8,20674.3,22095.3,20526.9,19225.3,21567.4,19686.6,20386.2,22430.3,16692.1,21240.6,16799.8,18332.1,22244.5,16489.9,19518.3,21769.1,21221.3,21470.3,19578.6,18255.5,19020.8,19085.5,17172.9,16952.2,22146.3,17628.9,20117.1,21493.3,20682.3,18371.5,21697.3,19282.6,18460,21033.4,16406.7,16031.8,15708,17687.8,19496.9,16937.7,21785.7,22479.1,17876,21376.7,20135.4,18603,21265.4,18779.3,20762.7,16195.3,17954.4,18611.3,16302.4,18567.2,22675.7,19071,16991.1,20626.3,23077.1,21385.5,17586.3,20597.7,17984.3,21416.3,21336.5,23150.7,17873,16658.5,16560.2,23285.7,20505.3,16801.3,16600.2,18039.7,19616.3,19383.5,19406.9,22754.2,21774.9,22529.5,16673.1,16646.5,17254.7,20689.4,17043.6,20822.2,22305.7,20403.1,17737.3,19204.2,20783.4,17014.7,19940.3,20720.6,21623.2,16908.3,17537.5,19045.2,14583.7,19650.4,19267.9,14549.2,18360.5,16409.7,20531.8,19019.8,19631.2,19637.8,20437,17407,15614.8,18177.7,15582.5,17346.4,21456.2,15748.5,20193.5,17515.1,20684.4,22989.5,26820.2,30019.4
29780.4,25259.6,26241.8,20444.8,17360.4,21312.1,20942.7,18755.3,16983.3,15064.6,16399.8,15101.5,14305.5,14282.5,20146.4,18002.2,16490.5,15715,17771.8,17608,18534.7,18039.3,20149.1,17326.5,19508.6,15976.3,19153.9,15633.8,16461.7,20054.4,17957.2,19566.9,21030.3,14990.7,15834.9,16203.7,17228.8,20309,18281.5,18016.5,14861.5,18552.1,20733.7,20729.7,19338.2,20488.8,17579.2,17247.3,18617,17668.2,20335.6,19054.3,16535.8,20223,17313,18260.6,20668,17302.8,19653.6,17193.1,16392.8,17214.6,17973.2,20227.5,20260.9,17139.7,20538.2,19761.2,18386.8,20632.6,19603.3,17432.7,15094.5,16582.1,18607.4,20044.4,16407.2,19587.8,19797.1,14395.6,18695.5,19330.5,15464.7,17922.7,19594.4,18172.7,19698.4,18975.4,19775.8,14823.8,16043.4,16165.1,20876.1,18237.9,16241.7,20508.3,18113,20741.1,19672.1,19687.8,15253.6,20390,20553.8,18929.5,18193.9,20679.9,20177.7,21700.5,20676.1,16236.7,20321.8,19289.1,20052.9,15704.5,17984.1,21842.3,17671.5,18846.2,15799.5,16119,19446,21863.9,18095,18343.3,16742,16249,19983.1,16764.8,19714.3,18498,16802.3,21358.7,19512.4,17102.1,16918.5,18342.2,20568.2,19555.2,18554.6,18527.8,20953.8,17391.9,16458.3,17554.9,18796.3,17114.2,15039.5,20078.9,18775.3,16258.5,17010.8,15585.7,15926.8,16703.8,15508.1,20280.7,18581.3,19481.3,18353.7,17147.4,18902.2,17764.1,18295.7,15924.6,16652.8,19121.3,16846.3,16968.5,17943.5,20243.9,20192.2,16087.7,18385.5,18559.5,17233.8,21598.9,17160.9,22427.9,18829.9,21132.7,17315.3,18777.9,20287.2,20585.2,21728.2,19192.2,17294.3,21178.3,20331.9,16150.2,16872.3,17862.3,21919.7,18108.9,20966.9,20134.9,22799.6,17218.8,16775.7,22110.2,18070.4,21232.3,21888.5,20169.9,18402.3,16799.4,16568.7,17373.6,21506.9,17534.7,18482.5,17121.4,19607.1,21923.8,19824,17837.2,21804.8,18991.8,16413,16634.3,20258.5,19349.4,21034.3,16689.3,15693.6,18211.9,17598,17755.4,19237.6,16902.4,20926.1,20554.1,21337.8,15949.1,21825.7,18963,19697.2,18651.5,17544.6,19513.9,17523.7,17185.8,17303.6,18222.1,21978,16669.7,19908.9,16046.6,18736.2,17843.6,21951.6,17482.4,17000.1,18121.8,19197.4,21266.6,17648.6,22201.2,16912.2,16993.7,18859.9,18839.8,20817.2,17314.3,17972.9,21370.1,17678.4,17630.3,18528.5,21326.3,21967.5,17196.8,16363.1,16307.9,17303.4,20791.1,20513.9,17988.6,20694,20422.2,20655.4,18110.2,17494.4,16151.8,19400.8,16060.6,17138.6,20344.1,20742.3,17820.3,18104,19284.6,20885.3,15909.3,15783.5,20919.6,17431.2,18211.6,20782.9,19014,18510.5,21143.3,17400.7,18568.4,20605.6,17053.1,22275.7,19758,20050.8,18564.6,19310.1,18173.1,20459.4,17928.8,18895.1,16202.3,21959.1,21533.8,19680.2,18233,19033.5,19589.2,18734.4,16766,22585.6,18193,20208.4,16916.2,22867.7,21994.8,21896,21311.5,18651.3,21919.1,20498,16843.7,19317.5,17042.1,23036.8,18280.8,18751.7,20543.7,18151,18374.7,17151.1,19981.7,19955.5,16437.9,18667.9,17272.2,21249.3,17982.7,15600.1,21668.4,17399.6,18018.3,18984.5,16932.9,16160.2,15627.7,20505.3,19248,17233.4,18839.8,16035.3,19361.7,15564.9,15425.3,15844.2,21278.8,21171.9,21425,16677.1,20800.1,17676.2,17780.6,15956.6,17831.7,16597.7,22120.6,21066.7,24016.9,26543.3,31169
31512.8,27155.8,21765,21354.7,20390.6,19106.6,20198.1,16584.3,20020.7,14468.2,19876.8,16238.8,14867.5,18158.6,15977.4,15892.8,18134,14846.8,15327.2,17415.6,14399.9,15675.7,17438.5,14196,20500.5,16635.2,19554.7,18700.4,15905.6,18994.9,20818.8,20166,21078.2,15609.4,18746.1,17318.6,17947,20864,20304.1,20529.6,17927.5,19593.3,15212.3,16216.7,19448.5,16049.2,16076.8,19560.9,16441.2,18635.4,19335.1,17819.1,15305.9,15812.4,20468.1,15350.9,15330.6,19630.9,14844,19429.6,16793,19499.9,17474,16558.2,16780.2,19096.6,20928.9,15385.2,19422.4,20899.1,16667.1,19251,19437.4,18186.6,19164.5,16876.2,15472.8,19857.6,15788.2,14243.5,17603.4,15535.4,15156.1,15804.1,16177.4,17188,19033.2,17227.2,17579.4,21163.7,18407.7,17549.3,15965.7,20130.1,20376.7,18627.5,20910.1,18036.2,19733.9,19145.8,18697.3,19407,20238.5,16951,16066,19244.1,20196,17531.4,18678.9,20101.1,17635.2,22202.2,18475.5,17522.9,16317.7,19209.5,16086.3,21699.7,20408.3,16387.4,20311.7,21074.9,18219,16278.5,18607.3,15914.5,19006.5,16235,17253.1,18903.3,21083.5,20479.6,21701.6,19837.2,17878.5,20426.9,16575.3,18941,15320,18332.3,17051.9,17136.9,20749,17687.2,20881.6,19761.3,18266,17104.9,20240,18605.5,21539.6,16318.1,20725.9,21070.3,19069.3,20552.6,19701.2,17022.4,15966.5,21091.5,19516.2,19238.7,15737.8,16687.2,17214.2,16064.1,21492.8,16370.3,19554.1,17402.5,16506.5,20842.3,20152.1,20493.4,20637.1,16095,17076.1,17820.2,22125.1,19402.3,20247.5,20554.4,17194.7,17873.3,21189.2,19633.7,17285,18939.8,16403.4,19376,19406.6,21377.6,17719.4,16727.7,21569.1,20704.5,20485.3,18438.1,17503.3,22861.5,21837.4,19172.3,20683.3,19348.9,17130.5,21838.8,20025,17734,16411.4,22366.5,17688,19395.3,21216.8,21687.1,17018.7,20277.5,17752.1,20622.5,20483,17061.3,18990.2,19154.3,16717.8,18463.3,18876.9,16275.8,19879.9,16157.2,19911.9,16731.9,20183.2,19534.9,21462.5,17846.1,20075.6,19642.3,16078.6,20443,20413.6,20118.3,17986.2,19466.4,19548.7,20115.9,16712.6,21039.4,19001.5,16691.6,17852.1,19718.1,20592.9,20726.1,19924.7,17075.8,21516.1,22009.5,21605.3,19758.4,17192.5,20490,21690.5,19249.9,21112.1,21737.8,19607.1,18655,17747.2,21661.2,19874.5,19061.2,19401.9,17471.5,17028.9,16688.6,20032.9,18223.9,18496.2,18854,21916.8,19995.1,17881.9,17077.8,19206.6,20071.4,21875.8,16021.1,18588.5,19311.6,21351.1,16216.6,15809.6,18086,21267.2,22274.8,18375.4,17937.8,17095.2,22236.8,16112.6,20680.7,15901.9,17807.5,20244.2,19613.5,22331.6,18967.1,21030.2,20376.5,20568,16822.7,16592,16990.1,22591.8,19494,16611.1,22269.3,22096.9,21976,22394.6,21156.2,18234.6,20663.6,21246.3,21262.8,19600.7,19291.7,21947.9,21424.1,22329.1,23359.9,19190.9,18877.9,21504.6,18099.1,22321.9,16842.7,22951.4,20839.8,19105.8,20529.8,20344.2,17373.1,19606,20870.1,20579.4,17749.8,20663.9,17306,20822.8,21111.4,17453.6,15663.3,20256.1,16350,16804.1,15353.3,17285.9,18146.1,15052.9,16978.5,19141,15432.6,14913.9,20672.8,15685,18120.5,16657.9,18144.6,17543.3,19960.5,21328.9,21880.1,17106.2,21962.1,20480.3,16073.1,16901.3,15822.3,18977,17183.2,22189.4,26200.8,26951.6,33112.6
31597.8,26903.2,22492.1,24580.7,20895.1,21598.9,17310.6,19082.9,17836.9,15818.6,17826.7,15956.9,19968.3,18775.2,14283.4,14144.9,14879.8,15260.7,16119.6,19214.7,15875.3,19099,15676,19930.2,17726.5,17098.7,17724.4,20584.4,20610,19795,19874.5,17854.7,16205.1,21509.5,20835.4,15534.4,15491.3,17387.6,16999.8,20537.7,17058,18794.2,15380.4,18055.6,17682.7,15198.6,19135.3,19634.8,18235.9,18923.4,20113.8,18829.6,14604.1,18935.1,18502.8,19834,19947.7,18547,16525.2,17059.5,14888,15428.3,20047.6,15578.4,16728.4,20221.7,18358.8,18814.3,16062.8,16946.4,16461.2,19096.9,19254.7,15327.6,16036.4,19332.8,16589.2,19546,16553.3,14754.1,14379.3,15004.1,15856,15131,15128.5,16154.1,19853.8,16356.9,20530.7,21475.2,18787.9,16297.8,19326.5,21259.9,17923.6,20522.7,18434.7,18376.6,20732.9,16525.7,16732.5,17188.4,15934,15827.9,19480.2,20698.2,16954,18635.7,18457.7,21033.1,20613.5,16749.6,22443.3,18190.1,18509.2,21997.2,19300.3,20291.9,20538.4,18487.6,19902.5,21552.6,19197,15529.9,18728.3,21284.5,18607.4,18228.7,16164.8,22337,20749.7,22280.8,19601.2,20985.2,21206.3,18914.8,16231.4,17157.1,17518.4,17018.9,18251.8,14794.1,15780.9,17838.5,15852.7,19364.7,17937.2,16442.6,15189.2,19386.2,17650.3,17130.1,17396.7,17107.6,15278.1,18724.3,18859.2,17565.9,16733.2,17021.9,18007.9,15823.3,19561.9,16634,18108.7,20784.2,17164.9,19092.3,18682.4,21678.5,17127.3,16114,18808.6,20846.7,17929.2,19807,22123.6,18754.8,16207.4,18174.2,17979.2,20965,19986.5,21984.8,17216.8,21845.5,20896.6,20257.7,20170.3,22002.8,19830.2,19472.7,17391.3,18408.4,19908.3,18440.8,20072.7,19493.5,20250.8,17318.2,21532.7,17463.6,21054.9,21220.2,22857.3,20407.8,20756.1,18513.7,19223.8,21869.2,19984.8,17516.7,19552,21753.5,20805.8,21188.1,21396.7,21202.7,17086.6,19845.9,15524.1,19794,20420.2,16248.4,19254.6,16851.8,20681.4,19093,16674.7,17290.9,19440.5,15679,21934.6,19960.2,18204,21290.6,18450.3,21499.8,22232.5,20181,16725.3,21161.1,20817.7,16711.6,21681.2,19060.9,21110.3,19224.7,20493.5,19153.8,19575.9,19067.8,21739.6,21928.8,18873.7,21999,20240.6,20875.5,21967.7,16411.8,15548.5,20248,17731.5,16467.1,17483.7,18115.9,22662.6,17813.7,22771.2,17589.2,21191,19964.2,17610,21802.2,19275.3,18728.5,19143.1,17958.8,20416,20759.3,19933.7,16414.8,19717.9,22002.1,21554.8,16783,19859.3,17783.4,19859.2,17077.6,19248.8,16485.8,17277.7,16763,19351.6,17207.5,17197.1,18799.1,22159.6,18826.5,15826.6,22556.8,20071.9,16684.2,20332.2,17705.3,18199.4,20796.6,16399.4,18770.6,20908.7,22279.3,19752.8,16145.1,20275.1,16390.6,18392.4,17150.7,17599.3,21411.2,20363.1,17274.7,18995.9,17725,21658.2,19648.6,20405.9,23396.5,17131,22779.8,20959.1,21009.4,17920,20808.4,18083,18379.7,17346.6,23380.5,23203.5,19872.5,23133,18466.8,19763.1,17810.5,17565.6,20270.7,22727.6,17446.8,19151,17873.7,16762.6,19315.5,21632.3,15875.7,18317.7,19151.9,19716.8,18269.1,17539.1,19777,16933.3,16753.7,15003.8,20680.1,17283.3,19765.3,18340.4,19708.1,16955.9,16040.2,17762.2,20504.4,17143.6,20625.7,18706.2,20144,19514.3,16629.5,21043.3,18691.8,18855.4,23708.4,27124,31416.1
33975.4,27567,23138.9,20511.5,19977.6,17435.8,19390.5,19567.7,18459.6,16982.6,17679.3,17369.6,14731.5,15469.8,19731,16885.1,18719.1,17973.6,18548.9,20635.1,19886.5,18268.9,19402,15422.3,14681.5,18053.6,15901.1,16048.2,19000.6,18197.3,18946.2,16308.6,17631,17946.9,16846.4,17690.3,20311.7,16097,19597.3,20420.1,18818.9,16521.9,16165.1,19915.9,15886.7,17109.6,20946.5,19898.4,16433.1,19079.2,18424.7,21111.5,17859.7,14771.8,15702.8,17490,17282.9,16748.2,18881.4,20301.4,16124.6,14628.1,15489.2,15715.8,18405.6,18264.5,20651.8,18991.4,15223.5,20364.3,16267.4,15110,18883.9,18317.8,17536,20802,20888.4,17374.8,20035.9,14444.7,19557.4,15440.4,17610.6,15806.6,16864.7,19261.8,17279.3,17904,21330.8,15069.8,20490.7,16997.2,16399.7,20789.1,16953.7,18035.3,21558.6,20857.5,18372.4,17423.5,20040.3,15221.7,17942.9,17487.4,21743.8,21612.9,21387.5,21853.9,20376.1,20659,21488.4,16387.3,21492.8,17732.4,19931.4,21375.8,17050.4,17383.2,16045.5,16113.6,20932.7,19190.2,18629,15960.3,16964.6,18201.1,19335.5,19329.5,20122.4,19692.9,16964.5,21303.6,17170.1,19835.6,17843.8,18665.1,16962.3,19288.6,15480.3,18494.8,20220.8,16387.7,20581.3,19562.9,19289.3,19213.1,20400.1,21108.4,20561.7,19494.4,20310.7,18474.1,21125.1,17976.5,15850.3,19164.2,21952.6,21771.6,20654.6,20851.5,15716.7,16710.8,18023.7,17978.2,21325,21695.5,16677.2,17011.9,20767,18591.1,20834,21694.2,20879.3,16620.4,18014.4,16236.6,17112.8,17622,21375.6,17436.4,17257,16161.7,21533.1,19850.5,19513.9,18582.7,18960.9,17209.7,17544.6,19597.7,19914.3,15530.3,15773.2,21768.1,20557.1,21418.2,20875.2,18393.3,22704.4,17815.9,22262.4,21994.2,22774.1,20155.4,19252.5,19858.8,20920.9,18203.3,17561.2,17985.3,17108.2,17524.3,19198.4,17065.7,18485.5,20421.8,19247.1,21375.6,16143,20667.4,21758.2,18085,16992.1,20864.7,19672.8,17846.1,18933,20921.2,20506.4,21929.2,19975.5,18491.7,19904.5,18102,19146.2,16173.8,18492.1,18297.8,21571.9,22157.1,20718.8,21145.6,19092.5,17480.6,18628.8,21637.7,16425.7,17101.1,21955.2,21173.9,18828.3,20391,17639.1,21579.8,16733.7,21197.1,18558.5,20986.4,20611.2,21505.8,17690.6,19360.6,18639.8,20278.8,20461.5,20733.8,21523.8,20053.6,22606.5,17423.6,16468.5,22606.2,21647.6,19793.8,20361.1,16976.7,20449.6,19959.2,18259.1,20918.2,21985.5,18229,16368.3,20118.6,18190.9,17039.5,15759.1,16323.2,18276.6,19943.3,22337.9,17973.1,16142,18254.6,16534.9,21554.3,18243,22273.3,16612.5,18591,22185.8,18964.7,17856.6,16449.1,21457.5,20132.9,16125.7,19347.1,16957.2,22146.9,18682.2,17306.8,17814.5,17280.6,20058.8,21334,20741.1,21560.2,17032.1,18153.1,17295.4,23026,21431.5,22552.7,20122.7,19972.1,21293.3,20006.1,22811.9,17461.7,22623.3,19040.7,16771.5,17857.7,18004.8,17914.1,22514.9,23087.6,22082.3,18115.4,20609.6,20108.1,22821.3,21517.3,21741.9,19916.1,22782.3,17910.3,20212.7,16836.4,18503,19483.6,21739.1,18610.2,19923.7,18699.8,21994.7,16792.2,16158,16109.9,19624.5,18772.8,18615.1,15715.7,18654.9,18936.3,15946.4,16004.1,19798.1,16708.4,18771.9,16810,17048.2,18512.4,20431.6,16004,16954.3,21243.5,17224.1,21206.8,23052.2,22685.5,23939.6,32233.7
29741.3,26412,24386.7,19632.6,18840,22067.6,15891.4,15994.9,21020.3,19828.1,19055.3,16807,15938.8,20237.2,18737.9,16215.2,17478.2,16356.7,14517.6,19593,17972.1,18137.6,17950.7,16868.6,14220.4,19334.2,20292,16576.1,15808.8,20951.8,15041.8,16703.5,20704.3,18108.9,20437.3,17538.2,16287,21103,20163.7,21472.8,16933.8,16238.5,18835.5,19461.1,18558.3,18124.6,16289.7,17485.2,16177,15694.4,16535.4,15425,17698.9,18480,19837.6,18654.8,19179.1,20682.2,19585.1,15377.7,15340.4,17638.3,15376,17898.9,16408.2,18049.8,20161,18831.1,19661,19548.6,20261.7,17764.4,15867.5,18484.8,15418.3,20799.4,19875.9,19757.8,19834.4,20692.8,18029.7,16338.3,18806.9,20021.3,16135,19343.3,18807.4,17537.2,20405,16408,17783.4,19956.3,18075.8,18710.1,18856.5,18756.7,21714.9,20820.7,18160.8,16669.6,19192.3,18287.5,19697.5,20548.6,17801.6,18430.6,16692.7,18179.5,16647.5,21301.1,21944.1,18033.3,16322.3,19472.9,19180.4,17617,20763.6,17116.6,18860.6,17449.2,15947.3,22234.1,18870.1,18136.2,19765.2,18353.2,18805.8,15760.6,22403.2,19742.5,17428.6,19481.7,20502.9,17955,18328.5,17744.6,16297.7,16004.2,16657.2,17064.7,16170.1,20164.1,15242.5,17888,19531.4,19539,15210.1,17318.7,21317.9,16734.6,18625.1,20183.2,18450.9,15699.8,15458.7,18746.7,17183.3,18561.8,20864.5,19541.2,16058.4,18048.7,20980.2,18088.7,17503.7,19347.5,18139.5,21600.2,20442.5,20148.5,18938.6,16533.9,21125.6,18865.7,19293.9,16588.1,21388.8,20749.1,20607.3,20258.3,21265.5,17893.8,20404.3,22211.5,21078,16510.6,16098.8,18600.3,18563.4,18996.7,18405.2,16952.7,19917.7,19904,22308.7,20953.5,19791.2,19127.7,16977.4,16864.4,22258.2,18302.6,22262.4,17834.9,17283.9,20139.7,17571.5,21138.1,16281.4,22483.9,18926.7,16925.4,21482.5,17368.2,17176.7,21368.5,21985.4,21610.7,19627.2,20154.8,20079.4,16791.5,18265.7,16436.1,17503.3,22047.3,20186.9,19078.1,19196.4,20440.6,19008.5,19693.7,21375.6,17913.4,21194.3,16716.9,19294.6,20334.1,20148.3,16940.1,16378.9,21168,15934.7,20708.4,17462.1,21133.1,16524.9,16829.5,18558.7,16438.8,16764.4,17738.3,20221.7,17243.4,17643.6,17212.2,18648.1,18609.9,17297,18410.5,15772,19611.2,19095.7,16967,18909,19266.5,20752.4,20731.3,22878.8,19147.4,18778.9,21424,18014.7,16937.3,18286.7,16067.2,17314.3,19226.5,16507.8,22026.4,16722.6,18849.7,16384,19308.6,19170.8,19284.4,16675.3,17720.4,18120.2,20793.5,19741.1,19839.2,20604.9,17733.6,16758.1,21679.2,19505.8,17719.9,16035.8,20827.9,18853,21155.7,18142.7,18192.9,22080.3,20813.7,21051.9,19364.1,18915.9,18417.7,15947.9,21700,16961.4,5188.04,16547.9,18451,18990.1,22756.8,22233.9,22539.7,17427.7,20197.1,21425.8,23494.2,19989.8,19266.9,20900,20075.2,17676.3,20322.4,19055.5,23475.1,19304.2,19512.1,18677.9,22446.4,18668.4,19131.8,18848.8,23379.2,23164.7,17065.2,19639.3,17878.6,17512.2,20498.8,19746.5,19376.4,22247.5,19725.7,17587,19681.5,21985.4,16480.4,15742.2,15644.4,16053,18227.6,21573.6,20378.5,16907.6,18419.3,18339,15769.9,16638.7,16469.2,16196.8,19213.2,15362.3,19025.3,18696,21354.2,21932.6,18560.8,17763,18241.3,22046.7,16709.9,20594.6,19608.9,24918,25473.4,29517.8,34901.1
31124.9,27859.5,23058.6,21880.8,21663.6,16234.8,17486.5,18663.4,19734.5,18771.5,14772.9,17372.6,18373.1,15593.6,19569.4,15735.2,14332,15880,16688.8,20315.3,19726.5,15277.8,18706.1,16717.3,17951.2,14495.1,17922.8,18009.5,20827.1,19443.6,17631.1,17368.6,15261.4,20276.9,17072,18853.9,18319.5,16023,20426.2,16714.6,19144.7,17997.5,20732.1,21003.5,20419.7,15324.2,21099,17224,18773.8,18537.4,19916.9,20236.8,19776.4,17680.3,19655.1,18384.5,15134.6,17385.6,15582.7,15443.3,15409.3,18344.8,14881.3,15854.1,14700.7,16147.8,16998.7,16313.6,18174.3,15789.9,19144.1,16321.6,17747.7,19657.9,20369.1,14568.8,15181.8,15568.1,16143.5,16404.9,14883.6,19403.4,19986.9,16167.2,17894.5,17497.4,19751,18837.5,17366.4,18539.4,17918.3,21445.9,19515,18378.5,19090.5,20662.2,18228.5,19075.1,16817.1,17113.4,17134.7,15138.4,19878.8,17556.6,16185.4,19405.1,15765.9,20781.8,18076.8,18910,17988.1,17470.8,19920.7,19945.6,19056.2,15965.7,21798.6,17108.3,20744.9,17638.7,20565.3,22182.7,17260.1,17294.7,19737.9,21869.6,21961.5,20946.8,19776.5,15959.9,20144.2,16880.7,16945.7,18179.6,20512.5,16159.3,17732.6,17269.1,20038,18259.9,20251.6,16008.2,17454.9,20676.9,18751.1,17885,18265.4,17827.8,18393,16598.2,21344.9,16415.9,18841.5,21373.9,15724.5,16766,19687.3,21768.3,20044.2,19494.4,16399.2,21034.5,20852.1,17314.2,18206.5,21379.3,18035.1,16325.5,17185.4,16910.1,19131.2,19354.1,22134.8,21135.7,16539.7,18265.7,21384.1,21770.8,18834.2,18327.1,18233.7,16470.4,18764.8,21494.3,21322.2,16264.2,17818.7,19718.8,18755.8,15486.9,17349.6,18176.1,16647.2,20103.3,21522.1,21630.5,21807.4,18771.5,17836.3,21339.4,17679.8,17266,17360.4,18522.2,22120.7,21347.6,18180.7,19846.9,21229.8,19764.1,20687.8,16337.9,21085.5,21206.2,16478.6,18838.3,21506.3,20583.3,17343,19581.9,21568.4,15633.7,20703.1,19426.8,17554.9,19302.5,18713.7,16174.1,17225.8,21986.1,16075.2,21670.8,17543.9,18096.4,18721.3,16462.2,17983.8,21206.8,16823.5,16025.2,16645.8,22011.7,16501.1,20613.5,21325.4,18277.3,16806,22196.7,18290.5,21859.1,19812.8,21237.3,20279.6,17837.3,15453.7,18989.4,21203,21490.9,21365.1,19133,16453.2,17975.3,18240.2,17845.6,18680.1,21751.5,21578.6,18226.9,22297.1,19896.5,16282,17155.9,21829.1,18385.5,21810.2,18036.7,16505.5,16041.6,19804.2,16368.8,21873.1,16354.8,21761.2,18112,15830.9,20046.9,21780.6,20150.7,21584.9,21796.4,17821.6,21376.6,20133.5,19721.7,21035,18574.4,22380.6,18224.6,20100.6,20703.5,17420.7,22073.6,17410.1,21380.9,16934.8,19639.3,21459.6,16562.3,21464.7,20741.2,20531.9,22160.4,17434,19595.9,19282.3,20514.1,18798.3,20717.1,20390.1,17361.3,17745.8,18346.3,23296.2,23724.6,20620.2,18851.7,21803.8,21026.4,20561.5,22396.9,20713.8,18711.7,20520.4,21291.2,17368,22655.2,19046.8,22366.1,19249.9,19617.4,17540.2,19946,17937.2,22626.3,21769.4,17271.7,19908.6,19499,17165.9,17756.1,18882.3,17313,18895.6,15813.7,16522,18825,21680.2,18361.4,15020.1,16125.1,21024.6,16702.6,20055.3,21194.2,19435.8,15068.9,19909.4,18185.1,21476.9,19004.3,18277.5,21598.9,18083.7,21451.9,21220.3,17403.7,16272.8,19658.8,20692.8,17531.3,22149.3,24598.8,24464.1,33904.4
31150.8,24019.1,22428.3,21388.9,18597.8,16848.1,17687.8,19579,16056.9,20258.2,16002,15863.1,15792.2,15027.4,15877,15659.6,14702,18711.3,20354.6,18837.2,14717.8,17421.8,14737.8,20054.2,14478.8,18556.6,20137.3,18231.7,16272.3,20332.9,21244.6,17519.8,17014.9,15136.4,16505.1,17416.3,20868.5,18517.2,18226.8,15150.9,17282.5,21186.4,16873.9,20400.2,19715.9,19571.6,18747.3,20270,19640.8,19542,21060.1,19213.1,16624.7,20199.3,15618.5,19649,16352.7,19971.9,20860.2,20815.1,15236.5,17765.3,19938.1,15276.5,15340.4,18019.3,17211.3,16302.1,18080.2,17928.4,16192.7,19033.8,15206.1,15912.7,19001.2,19359.3,20979.1,19261.1,15975.7,19059.9,18200,16263.6,18535.5,15988.1,14762.2,18674.6,20192.2,19111.1,20762.8,16399.8,16105.3,17339.6,17432,19762.4,19655.5,18756.5,15406.8,17624.9,18570.1,19479.4,16735.7,21793.6,18258,19868,19502.9,15303.9,18393.4,19022.1,15788.6,15512.7,21960,21442,18938,17759.9,17416.7,19829.4,21899,18256.7,19609.9,17432.7,15917.3,16961.3,19392.5,21394.4,18080.7,17390.9,16023.5,15671.3,16941.2,21180.2,17467.8,17543,18594.2,19202.7,15938.9,17495.8,18570,20471.8,15250,15815.9,15503.4,19341.6,20933.8,19958.5,19571.1,21039.8,16314.4,19935.2,16407.5,16644.8,17818.3,18557.6,18076.7,17174.3,18291.3,14959.5,17944.7,17835.8,20228,20443.6,20428.7,19196.1,20191,21580.8,17914.2,16621.6,16949.6,19695.2,17290.4,21858.4,20852,18804.2,20730,21332.1,18691,17849.7,16520.4,19675.6,19929.4,18419.5,16505.2,16652.3,15861.8,20036.2,17110.2,16822.9,20479.7,18949.5,17972,18852.8,17345.1,21267.4,18324.8,19482.6,16661.5,18512.6,20867.7,17460,18217.9,22007.2,22380.3,19904.8,20072.9,16865.9,16931.1,21543.4,19545.5,22516.6,20520,17021.3,21163,22163.5,22527.3,21381.8,21367.6,19947.1,17972.1,18675.9,18386.7,21957.3,20868.2,21101.2,20279.7,19689.9,18359.3,20051,20245.7,19966.4,18533.9,17106.2,17483.5,21131.3,21729.7,18148.4,21311.1,17023.7,17512.7,17067.8,15798.1,20118,16476.8,16056.5,16505.8,16210.1,21016.4,21328,19723,18321.9,17465.6,19551,17643.8,22196.6,20069,15846.7,18937.4,16281.4,19555.3,17924.5,16866.3,20559.6,18999.6,19536.3,20251.9,18641.2,19596.8,20814.7,18631.8,22135.3,22396.2,22842.2,18608.8,20207.3,17764.9,20616.1,16348.5,21543,17511.3,21767.3,15821.4,16731.2,20864.9,18194.8,21543.2,16118.4,16977,16532.7,19909.3,19294.5,15833,17522.1,20668.8,21546,22618.3,17941.3,20711.6,20869.7,21010.7,21606.7,21686.3,21386,22289.9,18905.8,16378,16584.8,21618.3,22178.4,20985.7,19407.3,21870.7,21681.1,17464.4,19052.3,16780,17859.3,20335.5,22403.9,17965.1,18847.3,22699.5,23043.3,20524.8,21039.5,16884.7,17292.8,20809.3,19000.2,17389.6,20952.4,22117,22685.5,17044,18897.7,18008.6,21995.3,22704.5,20575.5,21673.6,23581.3,19636.5,19958.3,20159.1,23296.5,20331.1,22572.3,20345.5,17778.4,18122.7,23108.5,20016.4,22203.6,22131.3,18692.8,18540.7,17322.1,19758.7,15962.1,16828.9,19306.2,17269.4,15397.2,20548.3,18005.9,20096,17434,19329.1,19074.3,21055.8,19177.2,17399.6,18854.4,16241.3,19324.6,21021.6,21470.3,21945.9,19583.7,19957.3,18732.7,18514.4,21504.2,20081.1,20824.5,30614.7,34110.4
30619,24392.8,22784.7,18572,22806.5,21093,17471.7,15378.4,21333.1,16968.3,15802.1,16002.9,14418.3,16205.9,15923.1,18638.8,16386.2,16610.8,15838.6,15227.9,18488.8,18093.2,18343.4,15523.5,19480.2,16728.6,16522,19992.9,15593,17467.2,17927.1,20838.4,21167,20788.9,19700.8,17370.5,19739.5,19405.3,21648.5,18518.4,16504.4,16298.5,18439.3,20910.3,15958.7,19804.6,20089.6,15704.2,18159.6,18738.8,19545.1,14955.2,17381,16389.5,20862.2,15418.5,20737,15370.2,14914.3,18759.9,18560.1,16395.7,20476.4,17378.3,15375.9,19392,21207.7,18266.5,20978.5,15122.1,15059.5,18884.2,17047.8,19769.5,16969.6,16686.8,18801.7,19124.7,18676.1,15854.3,16554.5,18593.1,15324.9,14959.2,16833.3,15793,17156.4,18553.4,19684.2,21453.7,15315.2,15394.1,19157.5,20804.2,20111.1,18755.4,17080.9,19402.4,19403.7,19372,16689,16108.1,19461.5,20810.1,16498.4,19332.1,18445.5,15429.6,16307.8,17993.1,19685.4,19731.8,21318.6,21575.3,18579.7,15884.7,17700.8,19756.3,17140.3,16665.6,22062.3,17081.2,16664.1,18785.3,18203.7,22061.1,16868.8,17115.3,19372.3,20449.5,20220.2,17517.8,17706.1,18499.4,17042.8,16232.9,19769.6,19731.2,18342.2,20688.4,17503.6,18053.3,15817.1,18088,15455.2,17271.9,18259,20833.8,16869.7,21376.7,17972.9,17160.3,21593.8,18061.7,16151.2,19619.1,18740.3,17945.4,21551.7,20061.2,21139.9,19250.9,21358.8,17418.2,18067.6,15898.5,18370.9,16319.6,17541.9,16965.8,22302.2,17494.4,22049.9,18974.9,19802.8,21565.4,20782.4,20041.6,17573.3,19845.2,19397,19524.7,20423.5,18199,17241.3,19852.9,17449.6,17748.1,17828,18018,16995.6,18530.6,21783.1,16522.5,20865.4,18959.6,22630.4,19145.1,17310.5,20232.8,20358.9,19352.6,22017,19181.9,20114.7,21276.7,17358.2,16713.8,17094.6,17777.4,20969.3,21193.8,17599.1,21277.3,17370.4,16452.6,18711.5,20122.3,16396.7,20002.5,15703.9,19144.6,20780.8,16662.1,17408.5,20053.5,19562.5,17791.7,16416.7,19874.4,18432.2,21176.1,20950.4,21237.1,17249.5,18285.6,19494.1,18633.1,16268,19016.5,21727.9,19213.4,19988.4,16688.4,17499.5,17565.3,18254.2,17429.2,19671.6,18455.9,16329,17427.3,19937.8,16550.4,19944.3,19999.6,18309.2,22032.6,15711.6,20279.7,20490.9,15964.7,16992.6,16433,16713.3,16478.2,22605.6,20630.2,17891.7,16418,22779.2,20087.1,16989.2,18016,20273.5,19316.5,18038.8,17442,15961.7,16480.5,22266.5,17048.5,18542.4,16766.5,16547.7,16880.2,18722.1,16151.8,17229.7,20467.9,21777.5,20876.6,20407,21865.9,20446.4,18033.3,20002.9,16977.5,17168.3,16733.8,17152.6,21095.4,22759.8,18765.6,20420.4,21140.4,20985.7,16755,19895.8,19088.7,18737.6,23001.5,21340.4,19976.6,16336.7,17417.8,21261.3,20934.3,22971.6,17130.7,21338.1,22440.9,22635.2,19861.4,17374.9,19620.3,21921.1,21014.2,19981.5,17514,22481.7,20938.1,23443.7,23217.4,17805.7,17408.6,18845.5,20713.5,18228.4,22081.2,23014,22301.8,18314.8,22084.1,18669.9,21755.6,21616.8,19134.5,20028.1,20808.5,17647.4,22395.7,21767.9,16988.8,21452.3,19107.1,22128.2,19876.6,15439.4,16511.8,20139.2,17859.5,20257.6,14879.6,16479.9,18073.6,19287.5,19754.4,15675.2,22045.2,20495.9,20008.3,20319.7,18139.9,21971.3,21187.4,17434.9,18748.6,17063.9,20472.9,18850.8,25278.7,24603.2,30633
30362.6,27201.1,21246.9,21766.7,21315.3,18079.9,21626.2,15403.8,19035.8,15819.7,19608.7,19991.9,18627.7,20505.3,14428.1,15640.2,16694.9,20498.4,15778.3,15094.6,20157.3,19156.7,19289.3,19370.9,16910,16534.6,17674.4,16763.6,17735.9,15000.8,18726.6,15543.3,20500.2,19921.8,20684,18307.3,18403.1,15979.5,18633.3,20213.2,19871.4,16508.6,17992.7,16461.7,21310.5,17809.1,16304.8,18093.1,19177.3,16191.8,20168.7,17850.7,15709.5,19169.8,16270.3,20648.7,18347.5,15284.7,17821.2,18325.9,14995,17199,17085.3,19467.8,19188.3,16998.6,16354.6,16217.8,18568.2,17250.2,18305,17672.4,21050.9,15473.8,18131.2,17211.7,15605.5,14891.1,21130.7,20375.9,20925.7,15079.8,15719.5,17233.2,14974.2,15581.1,15054,18391,18674.9,20125.9,19692,15746.8,19437.4,19761.9,21862.4,21648,16653.8,18071.8,18642.6,16159.6,16909.7,18214.5,16433.1,16556.5,15798.5,21390.1,15318.9,18732.7,18320.1,21198.1,21377,18676.8,18424.7,16671.2,16109.3,18743.3,17369.8,18469.6,19597.8,17799,19496,19303,19170.3,22176.4,18144.5,17472.5,21169.4,16458.7,20004,18889.8,21053.4,18085.6,19912.1,16076.1,21838,15711.9,17004,19339,16358,18492.1,19247.4,15708.3,20695.2,17062.5,16225,17235.3,15691.9,18945.7,18710.4,16722,15661.1,19173.1,21625.2,19450.2,18862.3,16372,20150.6,18406.9,15910.6,19340.4,16765.2,16047.9,21092.2,20641.7,20912.1,17561.7,16057.4,21690.5,18084.7,17489.9,21707.3,22352.2,19397.7,21066.2,18220.5,17124.5,15685.5,17133.6,17312.7,21297.5,19454.5,21461.5,19290.5,18564.1,20119.6,19320,20842.6,18870.4,17701.8,19104.2,21807.7,19395.3,21076.1,18596.8,15932.6,21326.7,16852.4,17826.2,18064.1,19181.5,20431.5,20802.1,19389.9,16580.1,18151.1,21720.9,17569.2,16141.1,19054.7,17280.3,16093.2,20105,20323.4,17604.2,22247.7,16224.9,17715.5,18202.1,21377,16044.2,15585.3,19961.2,16932.2,17793.8,15569.3,16990.8,20381,18231.2,16996.2,22126.1,17637.9,16759,21061.9,21753,20652.7,18126.3,19134.7,19765.5,16718.2,21084.1,15791.5,20272.7,20451,22228.2,20757.3,18532,20777.3,19000.6,18231.5,19854.9,16499.9,18576.3,20576.9,17670.2,15688.9,17280.9,21845.9,19556,16126.1,15690.5,19863.8,18200.6,17741.9,17691.9,17049.7,16916.2,21174.5,18128.6,22713.6,22202.7,21027.3,17445.5,19894.3,19736.4,18849.1,19327.7,16839.3,16933.8,17097.8,20787,20739.7,16549.3,21239.6,20680.8,21929.8,18942.1,20458.5,16080.4,19764.3,22082.2,22353.4,21663.5,20884.2,21499.6,16492.2,17160,16280.5,19639.3,20384.7,20930.7,18956,21115.2,22957.5,22202.7,21188.5,16957,20890.6,21984,20853.4,18617,18495.3,20520.8,22742.6,19320.4,22806.6,19179,19743.2,17984.2,22388.7,22397.2,19911.8,19484.7,23502.8,21601.9,19470.5,23233.7,18215.3,17532,21591.2,23666.9,22545.2,21349.7,20160.8,18824.3,17224.4,23202.6,22367.4,17307.3,21853.8,19898.5,20694.1,18942.1,22261.9,21645.9,21858.4,22909.8,19599.8,20363.6,20310.6,18111.5,17726.3,16500.5,16839.9,21237.1,21781,15990,15683.9,18159.7,18776.9,18027.6,19310.6,18184.8,15749.6,15225.6,20470.1,18968.4,17112.9,15444.2,20472.4,21302.9,21328.9,18003.3,20824.5,18918,19153.8,19279.4,18328,19181.5,20376.4,18395.4,19467.6,25693.4,25679.3,30347
32028.1,29089.1,24678.2,24159.8,17566,21439,19110.3,19404.2,18027.6,19341.9,17966.2,19115.1,16720.6,17756.6,20051.6,17481,14479.4,15920.3,16924.3,19898.4,18136.3,17043.6,16944.9,20779.5,19825.9,16030,20407.6,20076,20274.6,17078.8,17514.2,15835,21442.8,17452.8,17789.4,18228.9,15811.3,16673.8,20083.7,17530.3,16211.8,17321.9,15846.4,18326.3,20857.7,17968.8,19216.9,14820.3,16385.4,16038.3,19036.4,17793.1,15826.6,16741,19275.5,20461.1,18225.9,17631.1,15979.8,15057.2,19428,20470.9,15161,17845.6,18126.1,18603.4,19663.6,15732.5,17653.5,20977.9,20233.6,15257.5,19026.6,14747.4,17687.7,20542.7,17395.2,16828.4,21252.7,20688.4,15618.2,18166.2,17425.1,17104.7,15936.6,19278.2,18772.7,18553.8,20245.6,21218.8,17799.4,15265.4,17852.6,20001.9,20080.6,18992.9,19743.5,20685.4,19725.8,17908.8,18073.8,20830.3,19690.6,19482.4,15493.5,19068.1,19912.1,19793.3,22043.4,20231.2,20960.5,20877.2,19612.1,22109.9,20764.9,20876.3,17899.3,17030.8,20000.1,17740.6,18474.8,22261,21234.2,20774.9,19335.8,17216,20203.2,20866.1,18881.9,16914.3,22019.5,16697.2,17156.4,17189.2,18740.9,15776.1,19296.5,20471.2,19646.6,19064.7,16591.7,17058.7,16529.4,17055.7,15238.1,18381.2,16477.1,17633.2,17748.8,17315.6,16764,16919.4,20164.4,16095.5,15033.6,14892.3,15684,20363.3,20608.9,21593.1,20567.6,21013,20696.5,20408.9,15766.7,19607.6,17927.6,15527.9,20854.5,16490.9,20156.1,18090.8,19121.2,21192.3,16255.5,17082.8,17660.9,19922.8,15854.1,16196.7,16561.6,18118.6,18836.2,21279.1,15594.5,15788.5,19808.9,19193,18453.2,20862.6,17695.6,20803.7,18427.3,18905.2,17228.5,19266.4,16474.6,15982.2,16512.5,17646.2,20549.3,19442.4,21483.7,20837.3,21540.3,21487.8,21931.5,19366.4,19291,18816.3,21488.1,16559.4,19104.5,21335.5,19663.6,19435.7,21958.7,22022.8,16770.7,21855,17453,21193.7,20099.5,16127.2,16899.4,15634.3,20668.8,19820.8,17986,15972.7,15818.9,16219,21736.3,20411.4,17395.8,15986.5,16357.1,18080.7,15904.6,19127.7,19144.7,16626,17058.1,21152,20898.1,20252,16858.6,17036.9,21366.1,19517.9,16046.9,19076.5,17834.7,21638.2,20455,19256.9,16946.5,20239.3,19975.6,18758.1,16455.7,21324.7,17545.5,22001.6,18248.6,21570.4,20892.2,20382.2,22441.1,21750.9,18935.6,17208.4,17623.5,20007.4,22023.2,22232.6,18912.7,20270,18080.3,18703.4,18617.4,18699.6,18983.8,21584,18950.4,16496.6,17202.8,19141.2,18018.3,22345.9,15965.6,17756,21347.1,17729,19869.2,16347.6,19221.8,21661.4,16891.9,17772.1,20707.7,18540.1,21174.8,22824,19205.2,18627.7,19550,17046.6,20751.1,17967.1,16587,22503.1,20950.4,19651.8,16549.7,17063.9,20838.7,21085,21770,17257.4,17572.6,18701.4,18520.3,22660.2,18203.5,20192.8,21407.1,20647.2,21538.5,18006,20352.1,21351.3,18802.9,20882.7,19940.2,19634.8,18305.5,21384,19069.9,21408.5,23004.5,18556.9,17173,21507.1,21499.7,21103,22961.9,22634,17930,17731.9,16899.6,19935,21460.8,21032.2,22436,18208.5,17317.8,15850.4,18519.2,15505.1,19079.2,20773.2,19249.4,15920.9,19839.6,21062.1,18630,20188,21585.7,16053.1,20917.4,22073.5,22050.5,16079.5,16670.1,20637.2,17886.6,22025.2,18457.8,20355.9,19232.3,24041.3,28396.2,32915.3
34019,26418.6,23686.4,23704.7,18551.9,20903.4,18214.9,16080,17972.4,19939.1,17065.5,20643.6,20179.1,16576.9,19312,20114.6,15150.5,17819.7,15984.3,16039.3,16956.6,16813.3,17763,15428.9,18998,19986.2,18913.4,18639.3,15529.8,20189.6,21210,15834.9,20977.6,20553.5,19151.8,17961.7,17384.1,15812.5,16214.5,15378.9,16849.1,17714.1,16449.9,16399,17416.5,21064.7,20235.8,19744.6,18913,18176.8,19481.2,20002,19605.9,21130.9,20266.6,20167.7,15810.1,19063,15810.2,20016.1,15612.9,15238.2,19614.9,16587.9,19569.6,20869,19727.2,15189.3,16507.7,16922.6,17637.4,16291.3,17200,18729,17529.1,21210.4,16434.3,15408.4,16691.3,18790.8,17557.5,15150.1,20771.8,19135,19280.8,21267,19679.4,15268.2,18932.2,15663.6,16934.8,20721.9,17259.6,21004.5,17842.5,18921.2,16238.1,21850.9,17825,21061.9,20268.9,16141.6,21205.3,16580.5,20382.9,18870.7,21500.9,16418.5,19666.5,21408.9,16453.7,18638.8,20090.9,17159.1,16310.9,18110.2,20436.8,16159.7,19501.2,17113.4,21837.7,16499.3,19120.5,16594.6,18398,20346.3,19001.4,19181.6,22141.2,21977.4,17079.6,17251.1,22205.8,16598.6,19739.4,20269,16862.3,17089.3,16251.7,18549.6,19158.6,19763.9,18156.6,18599.9,19469.3,20469.6,15021.6,20303.2,19465.6,15842.2,19844.1,15402.4,16947.7,20077.1,19616.7,16398.6,21163.8,17819.2,21686.4,18579.6,17104,17663,16019,19482,17937.9,19705.3,17717.4,18656.7,19477.8,21825.2,16767.3,17154.1,17325,21158.3,20913.1,19305,18262.7,18524,17053.9,16295.7,19806.7,17139,18389.7,18558.6,15970.8,20475.2,17539,16422.1,17195.4,16407,20031.6,18787.9,16019.6,21909.6,21416,17894,20518.6,16332.7,21930.7,17696.7,18339.2,18889.6,21467.2,20601.4,18763.8,20934.4,17694.8,21527.3,18103.8,19904.5,22433.9,21917.6,17753.3,18306.2,19845.3,16998.4,16497.1,16235.2,18301.6,19861.1,16140.6,19354.9,15461.2,18620.8,19815.8,20876.4,21769.3,17715.9,19080.5,16222.9,19027.8,19265.3,20770.4,19406.5,19432.4,16374.3,17814.3,17260.1,22007.5,21632.8,17422.6,21092.6,19058.5,20945.8,22045.5,16566.9,16452.9,16910.9,19442.2,21769,17897.2,18756.4,18101,17631.5,21388.8,17154.9,17727.8,17579.1,15648.2,20127.1,16431.1,18305.3,20928.7,19787.5,20778.7,18636.7,21342.1,20307.8,17813.6,21256.5,17993.7,22122.1,18464.6,21323.8,21338.1,19669,20137.8,20418.6,22562.4,18427.6,21948.2,19935.1,22100.9,22328.6,18466.8,22058.1,21720.4,22248.8,22435.2,19675.3,20966.2,17724.4,21318.2,20046.5,22732.2,22319.6,18592.8,21385.3,20568,21637.9,17736.7,16415.6,20057.6,18781.8,18795.3,19103.7,22734.2,20668.4,21491.1,21526.8,21706.9,19088.4,21059.3,19973.8,22476.7,22166.9,16945.9,20035.3,17839.8,19966,22513.7,21749.1,20917.3,18935.9,20434.4,23334.2,21463.2,22970.9,19391.7,21886.2,22266.5,23697.9,21773.1,22721.1,21092.7,23293.1,21359.8,23317.3,20036.3,17225.2,20845.5,18896.6,21063,20729.8,23539.8,20304.3,17086.2,23577.9,17183.1,21537,16234.8,22158.1,20488.6,17995.1,20862.7,19706.9,20442.3,21509.6,15924.3,18941.1,20763.8,16115.9,19857.2,17564.6,20154.8,19237.5,18070.2,15843.3,17866.2,20834.3,17997.4,17794.5,16144.1,19325.6,22588.1,19242.2,19402,18751.1,18003.5,22439.2,25092.2,25688,25289.8,33370.9
30247.7,26391.2,23570.4,24857.3,19103.5,17722.4,21990.7,19748.7,21086.1,16594.6,19510.7,16415.5,20272.3,14822.5,17582.8,17376.2,15550.5,14595.9,18671.2,18240.1,16133.9,19025.9,16073.8,17066,20695.8,18093.7,20620,19043.2,18064.1,18360,19172.9,16907.9,17061.5,21075.5,17282.4,15411.3,17672.2,18104.8,17383.6,21757.5,20091.7,19928.2,21393.6,16460.9,16511.4,18220.9,18770.8,16029.2,16544.5,15176.9,16978.4,21487.8,18219.6,20019.7,20493,20514.3,19692.9,19985,21222.7,17283.5,18224.4,20756.9,17305.5,20377.2,19662.3,15369.2,17303.5,18766.2,19083.1,20061.9,17832.6,17270.4,15767.8,17932.6,15887.9,15552,17236.4,18383.3,17746,16151.6,18221.8,19948.5,15043.8,15704.1,21006.6,16957.6,17695.5,15483.4,19287.3,15850.5,17176.3,18529.7,18426.8,15194.6,20559.9,21337,19050.2,21694.6,18428.7,18020.5,20919.6,20642.5,17731.4,18052.6,17335.8,18112.2,20290.4,17376.3,15508.8,19299.6,18789.1,17523.9,17916.7,16384.6,20918.6,17346.9,20488.7,16712.2,18779.7,19446.5,21667.1,21745.4,18651.4,17663.7,16087.6,21335.6,19433.1,22323,16949.7,21922.1,17464.7,16907.5,20241.8,19221.9,15896.3,16931.9,18662.2,16531.4,17285.4,17725.9,16777.7,17283.3,18451.7,15069.3,19047.7,17795.7,15501.6,17871.4,19757.8,19239,15503.4,21245.7,20134,20449.5,15513.9,18743.4,15476.7,19968.9,16281.2,16845.2,18609.7,18981.3,16628.1,15607.9,19164,21247.2,15973.9,20136.7,15613.4,20860.9,21117.9,18408.7,19696.2,16730.5,15788.3,21759.2,20475.1,19735.7,17823.4,16491.7,17379.9,19147.1,20780.4,17041.1,17534,21146,16482.8,18639.6,15443,21365.8,19723.1,21236.8,22034.3,17448.2,21980.7,17880.5,17662.2,17657.8,17857.1,16269.5,21922.8,20137.7,21880.8,22686.3,17616.4,21454.6,22303.5,18173.6,17867.3,21744.8,16316.7,17046.1,17287.5,18373.3,17006,19763.2,16964,18854.9,21673.5,15904.2,19623.3,18827.3,19288.4,20219.3,21675.4,16325.5,18868.6,18983.8,16650.6,19501.6,21213.1,21636.5,17637.1,21801.7,16347.2,21022.7,21362.6,19754.5,19475.2,19934.7,18437.6,21051.4,19815.4,21119.7,18393.5,16539.2,20221.4,22213.3,16546.6,17140.7,15725.7,17805.9,18892.2,21449.1,19484.6,15681.4,19308.4,19012.5,17568.4,15873.5,18339,16007.8,19227,17610.1,20352.2,16136.8,16916.8,18418,19017.7,18965.7,19621.8,16935.2,18172.1,20543.5,21482.5,18584.6,17705,18494,21952.3,20805,19761,18818.4,20373,17095.3,18339.8,21366.8,18375.6,19995,18676.4,19315.3,17160.8,22523.2,22232.2,18233.7,17927.6,21520.2,17119.9,16502.3,20141.1,19242,18571.6,18032.4,17534.6,16943.6,19210.9,16708.7,22358.2,19714.8,16678.6,21118.9,20343.7,17347.5,16399.2,16504.9,20675.4,17706,18488,19085.1,23082.9,20637.9,22848.7,19912.4,18260.3,21212.3,18668.9,18515.9,21402,19223.3,18332.7,19661,22945.1,21112.6,17518.2,18598.4,22638.3,17331.6,18291.3,20885.6,19120.6,17510.3,18099.1,20337.6,21094.4,19992.9,20782.8,21556.6,17715.6,18599.7,22846.7,21469.3,16642.6,16444,17764.1,19704.2,20453.5,19659.3,19134.4,19380.3,19835.1,19386.1,20999.4,21515.6,20190.3,21162.7,19449.4,15979,17681,16987.1,17085,18089.5,21742.9,17273.1,19504.2,22270.1,20853.8,16317.3,17759.7,17628.4,17484.4,21616.4,20450.5,25972.6,27399,32788.3
31452.7,27326.3,21650.6,21524.9,22935.6,19666.7,19319.5,20577.9,16806.5,15824.1,15506.5,17242.7,16346.7,20331.6,18563.1,18627.3,19032.8,16200.3,19936.2,19229.3,16198.6,15839.3,18897.4,17177.4,18215.3,17506.4,20267.3,18361.6,14890.2,20029.3,20826.4,19789.1,20547.9,17321.9,16663.2,16719.8,20445.8,20114.3,17740.3,18959.5,17415.6,21474.4,18876,18916.1,19921.4,18014.5,17585.1,20954.2,21391.4,16631.8,18789.6,15983.8,17408.4,16950.3,16988.7,20381.3,21453,20296.7,15229.8,15436.7,15565.9,19286.7,19332.9,21436.1,16206.2,19628.8,19787.3,21028.7,17590.3,16996,15680.2,18221.3,18980.7,15715.3,20074.4,17423.4,15274.9,16198.6,19708.1,17591.9,16357.5,16846,20953.4,15919.4,17037.9,15881.7,15529.5,17738.8,18597.2,19533.8,17503.4,20807.7,15639.2,21589,21545.9,21121.6,16443.6,20281.9,18685.6,17452.9,19350.4,21212.3,21104.5,17132.3,18331.3,17904.4,19500.5,20194.1,16414.6,19828.7,16662.1,21106.3,21367.3,15845.5,15973.6,20864.5,21840,20887.6,20093.6,21605.5,20468.4,19493.7,16389.1,18810.4,20790.6,20238,17328.7,16245.3,18541.6,21372.9,21208.3,18950.4,20045.5,16746.6,21651.1,21425.4,18588.4,20525.5,19384.7,20158.8,18283.9,18970.5,19419.3,18501.5,19529.8,15604.7,19942.2,20322.3,16321.1,18510.3,16671.7,18046.3,17115.2,15825.2,16676.6,18953.5,17482.6,15594.2,20957.3,16861.1,18740.3,20623.8,21047.9,16022.1,20076.5,17399.1,20554.2,17023.6,18170.6,21032.8,18521.1,20858.2,20579.7,20031,18212.3,19702.2,18377.8,21795.5,19676.1,16859.7,19831.2,17986.5,17519.9,22047.5,16991.1,16430.4,20150.8,21407.5,21184.5,20268.5,20610.1,18334,20456.8,16066.4,15951.5,22161.8,17130.5,20815.9,19952.2,22482.6,22024.6,21049.2,21451.7,20815.1,17008.7,21348.3,17627.7,18433.7,18578.3,19820.4,21720.6,17225.7,18122.3,20018.6,16505.5,17466.2,16437.8,19654.5,21467,17425.7,21583,20463.9,19377.1,20723.1,20384.1,21976.5,19104,21966.2,17204.7,16846.8,17087.2,15966.8,19455.9,16508,16303,17041.3,15893.1,21112.1,17824.7,22262.1,20707.9,22450.3,18163.9,22060.8,16160,19063.5,18321.2,18884.9,18160.3,16628.7,16834.8,19906.9,18794.2,16369.2,16144.3,16633.4,16577.5,19660.6,17317,20833.4,17735.8,16192.9,17645.2,15796.7,20424,22463.5,19738.1,18952.6,20034.4,21930.5,17449.9,17657.3,22363.7,21366.6,16903.6,16661.5,20209.3,20865,18207.2,18021.6,22194.2,17772.9,16427.4,22241.2,19329.6,19312.5,15984,20791.5,19067,17958.4,22116,18386.4,18073.1,21897.6,16556.1,21015.8,22005.1,19927.4,20700,19624.4,18411,21998.9,21801.3,21276.2,20048,22165.1,21444.9,20797.6,18481.8,20380.1,17866.7,22492.2,21148.8,21725.7,20137,22426.2,19042.2,22969.7,17772.5,20802.6,21954.2,19494.7,18039.4,21621.3,17909.8,19414.6,21408.1,17803.4,17316.4,20434.3,18062.6,17423.4,22089.8,17679.1,19299.1,17116,18134.1,23319.1,21521.6,18756.1,22500.6,20700.9,17901.7,22256.9,20634,17120.4,21527,20248.1,19721.7,22958,17172.4,16547.4,19811.4,16313.4,21867.6,21001,17648.4,18838.7,16808.3,18587.2,17570.9,18019.3,21029,19550.6,16030.9,21314.1,17218.5,19138.9,20910.4,22342.3,17015,22403.4,16917.2,16622.4,19028.1,17964.8,19073.6,18868.7,17960.7,20916.8,22590,25618,26512,35468.6
31919,28253.6,21132.2,20677.1,19264.8,18055.1,16228.8,21599.5,16015.6,20409,16246,17762.6,16822.3,20451.9,19923.8,18267.5,15419.5,15330.3,16948.5,16063.9,15498.7,20663.7,19871.7,16630,14741.1,18380.3,17458.7,15202.5,17415.9,18833.6,20080.4,19674.6,18809.6,21258.9,16105.4,15330.3,19128.4,18352.1,16570,18160.5,16266.4,16479.5,21806,21513.8,16665.7,15867,20405.4,21105.2,16722.5,20625.7,9327.11,16838,18171.5,18708.2,18412.5,18636,21436.8,16934.6,15630.1,16508.1,18503,18119.2,21392.5,18113.2,15194.3,18831.1,17488.9,21472.8,15193.9,19305.4,15757.3,15781.1,15934,15546.8,17990.6,16338.8,21350.6,18575,17410.7,17963.9,15034.2,15993.2,16446,20408.4,16233.8,20194.1,15995.7,16054.3,18124,19484.6,15546.8,21538.9,17532.9,16621.7,21315.4,16885.8,16162,20800.3,19003.6,15638.7,17678.2,21748.1,18626.2,21616.7,18140.7,19035.8,18800.8,16135,18432.9,20056.4,16983.8,15749.6,18925.2,19595.3,19001,21611,17563.6,21030.6,22203.6,18819.7,22156.7,22472,18488.9,16674.9,17936.5,19210.7,16727.1,20901.9,20711.7,20141.1,20471.4,20554.6,22285.5,16592,21775.3,21330.3,16392.4,18133.9,15888.1,15291.9,15788.1,14905.3,18140.3,16410.3,16557.9,16901,16425.3,16227.6,21367.6,18283,20821.3,18387.1,17218.6,20320.8,14366.4,15106.5,15862.5,19128.8,20470.7,20147.9,17768.2,16431.2,19457.2,16374.5,19732.5,15499,21282.2,16770.1,20273.3,16145.2,21589.1,21260.6,17109.7,16855.2,15694.3,17485.2,17037.8,16446.9,18360.9,20264.6,15718.1,16516.4,18275.6,19369,18482.4,18528.9,20466.4,16155,16394.6,17654.5,15651.1,15807.8,17552.3,16120.2,21394.5,18602.4,21703.2,16219.9,16818.4,17440.7,22187,21993.2,17756.2,21680.7,19719.2,16479.2,16879.1,18261.9,18835.3,17037.5,16871.8,18182,20055.2,17904.6,19823.2,18413,16937.5,20591.2,15856.1,17361.3,17420.2,20802.6,16375.9,16483.7,18044.4,17757,19439.8,19430.3,16877.5,19807.2,16505.2,17913.6,18156,18775.1,18561.6,18735.7,18070.2,21982.1,15829.6,21730.9,21380.1,22071.9,20393.9,19620.9,19917.3,18440.5,18733.7,20662.7,16305.2,16233.3,17797.2,17634.1,21771.5,18985.9,17307.6,15804.1,21355.5,15716,19615.9,20055.6,20880,20232.9,17789.2,17005.2,19771.5,20247.4,21301.8,17012.9,20509.1,19587.4,18785.7,16694.7,22575.6,21491.7,17450.6,21580.8,20525.6,19927,20928.5,20963.2,17407.9,16144.6,18315.6,17674,16841.7,17270.4,21272.4,16993.3,20559.1,16758,19055.9,16721.3,16297.3,16731.2,19417.7,20914.5,22331.6,18537,19686.4,18553,19660.9,18585.6,19551,18880.3,22667.4,22233.9,18480,18688.5,16522.9,18249.3,19783.6,18069.6,17011.8,19703.1,17748.3,18817,18608.5,21754,23006.1,17856.5,19831.5,19747.7,18999.4,23204.7,20304.4,19973.2,23075.2,24017.4,20646.2,18820.5,17354.8,18385.7,20415,19133.2,18790.1,19955.6,21453,22826.8,18883.7,23271.5,17029.6,21221.1,21966.2,18727.5,21301.6,21718.9,20224.9,21488.4,19301.5,18950.5,19563.6,18102.5,17906.5,20520.3,21483.5,18074.9,16847.4,22016,17212.5,18965.8,17052.5,15833.3,18814.2,16914,18234.3,20772.9,15597.1,16852,18927.5,17031.5,16472.8,16769.8,17110,21971.2,16954.2,16263.4,16645.1,21014.1,19180.1,21729.6,19425.7,23148.8,24770.8,29629.7
29250,29007.4,23411.2,19100.9,17558.5,19385.8,19809.5,19994,16259.4,15932.3,20159.8,18013.9,20287.7,19453.8,17304.1,19613.1,20140.6,16435.6,14867.5,17689.2,19290.3,17004.7,19852.4,16536.1,17589.9,16099.4,18949.2,19084.5,21245.3,20331.6,16897.2,17229.6,15772.3,18491.6,17553.4,19377.2,21306.1,19483.4,16796.7,21649.3,19586.5,19258.3,18724.7,17686.7,17973.9,16660.1,17224.8,18834.5,17435.5,19647.6,18156.3,17976.8,18943.9,16250.6,19406.6,15492.2,17824.4,18676.5,18739.4,15124.4,19494.6,18592.5,19955.3,19306.2,15977.6,18750.3,20579,19366.4,17219,17343.3,20791.9,17120.2,17519.1,16560.5,19795.1,18408.1,19554.8,18169.4,18883,20308.8,18196,15480.3,17547.5,20266.5,16609.8,16575.6,16373,15747.9,17811.1,16648.8,19301.7,19179.8,20184.2,15444.5,19240.8,15574.1,19694.5,18723.5,19008.5,18915.5,16352.2,21593.7,19003,15174.5,16351,19451.8,18480.7,17998.5,16751.5,18392.9,16841.5,19772.1,18888,16172,16145.3,20313.3,16678.8,22036.7,19852.1,20481.7,16350.5,17322,17953,21123.3,17749.6,18741.2,20683.1,20528.2,16151.2,20210.2,15810.1,16699.9,16464.5,16970.4,17348.7,15806.6,16442.1,20792.9,16549.9,15447.8,20693.7,20228.4,16311.8,15340.8,16441.8,15337.6,20093,16012.1,15462,17197.3,18474.5,19631.9,16690.7,16555,16000.3,15049.5,18314.1,20965.7,18332.3,17320.4,19456.7,18217.3,20687,19267,20095.6,15706.8,19789.6,16936.2,19871.3,21016.9,17922.2,19406.4,17769.6,20786.8,16117.8,17327.1,19363.1,18356.3,21024.2,17628.1,17457.2,16415.3,18402.1,19468.4,21413.1,17554.5,17987.7,17587.6,17855.8,21170.7,17305.3,19419.3,16993.5,19399.5,20167.2,19940.4,16733.9,16130.3,17356.8,18949.5,21656.7,21318.3,19123.3,17631.1,17556.4,20170.2,20661.7,20410.2,17332.5,18080.6,16981.4,20424.2,17079.2,20984.5,21714.9,22211.9,20467.8,18630.5,17837.5,16477.7,19843.8,20505.9,15736.1,18354.4,19582.8,15935.5,21119.7,16697,15647.9,16725.4,16283.3,21231.3,17522,22152.6,21952.7,20788.5,17212.7,18305.9,17294.4,20792.6,16864.4,16459.8,19855,20816.6,15959,15960.2,18171.5,17097.6,19500.3,22131.9,17514.3,16218,15800,17812.1,16628.7,21754.3,16916,21749.5,17424.1,16987.6,21852.2,20775.2,15966.5,20337,16661.8,19597.8,19913.1,19910.1,18387.9,18963.4,20979.2,22205.1,22131.8,19236.2,20030.9,18824.5,21579.8,18577.8,17490.8,18082.7,20785.7,17395,19853.8,21675.1,19945.7,21698,18049.1,22213.8,22627.9,20993.1,20649.2,19268.5,19768,17502.2,17199.9,20698,17057.4,17227.2,16342.2,16523.2,19719.6,21760.8,21430.1,21891.2,17409.2,20572.9,18272.7,20529.9,16128.4,19417.8,18273.7,22359.9,17574.4,21927.9,21519.9,17823.9,20601,20770.9,17622.6,20873.1,17467.6,21279.1,18181.5,23821.6,19241.2,19586.8,20693.3,18098.1,18510.3,17845.1,21074.4,22615.8,20126.8,20953.7,21105.2,22152.7,22472.1,19152.3,22728.1,18458.3,20679.6,20277.7,22819.8,23513.9,19547.6,21385,18026.8,20035.1,22649.2,18815.6,18906.4,20094.3,20461.4,16872.8,18300.2,18251.7,20678.3,20903.2,21899.5,20541.4,18045.9,18435.8,16401.8,17565.7,20641.7,18838.4,20139.1,18484.8,21836.7,17638.7,17957.7,16410.6,19084.6,20022.9,21243.2,23110.4,21048.9,21155,20968.5,23186.1,23392,26828,27350.1,34345.1
34286,29171.7,26193.4,21892.2,21378.8,21960.4,18158.7,16041.8,20531.9,15942.1,18551.7,19915.3,16563.5,18333.2,17153,18055.4,18632,15683.5,20169.5,15772.7,16211.2,15283.9,19200.9,16062.5,16183.5,17050.8,16669.4,16280.7,19898.6,16944.3,15297.3,19192.4,19071.1,21893.6,20727.6,16958.5,17555.3,16815.6,17620.3,17563.1,20564,20691.7,20154.3,21536.8,21283.1,16811.7,16733.9,16994.4,21185,20449.9,19128.1,18781,20380.8,19246.2,20367.9,17664,21119.4,20139,20260.1,17729.4,15355.7,20885.1,16492.7,19801.3,20914.6,19590.2,15988.3,21185.4,15959.4,19798.5,17801.5,20209.4,17744.5,21334.9,15151.9,16420.5,18996,16810.8,20650.7,20400.7,16972.4,19072.7,18819.3,16018.8,15772.6,16468.4,17524.5,18388.5,20096.3,20013.4,18453.4,15731.1,21008.8,21127.7,15877.7,17184.2,16520,17802.9,15749.3,18742.3,17926.9,17649.2,15435,20654.3,18701.1,21137.5,18983.1,16963.3,15580.2,16057.2,18424.8,16239.8,18337.5,21315.3,17198.6,21576.5,17619.8,16989,21089.6,15982,18288.8,17842.9,17595.1,17954.6,16358.6,19000.5,20197.8,18271.8,15917.7,16859,20264,22349.6,19327.3,21472.4,17730.9,17869,16557.9,19099.3,17111.3,19695.2,20677.4,18253,14645.4,18312.2,20834.7,20837.6,18657.4,19170.2,18107.6,16535.3,16874.9,15843.4,18178.4,19545.1,18438.8,15445.4,17616.4,18018.6,20602.7,19172.5,17948.2,18168.4,19857.4,16471.7,21619.2,16097.1,21429.8,16951.6,18854.6,20968.4,21712.2,16414,19906.9,16339.8,16601.7,21965.8,16832.1,18686.1,18306.4,22191.3,18137.6,18872.8,17347.3,21372.7,17752.1,16552.5,21180,17977.9,21182.1,17117.2,20013.9,16148.7,16940.6,21978.4,20602.8,19932.3,20867.1,19930.8,16441.3,17673,21561.3,16720,16678.1,18043.8,19570.9,19393.8,18646.3,20668.4,22257.7,17355.9,18084.1,19890.3,19533.7,18295.5,20683.1,17193.3,20352.6,20731.5,21114.3,16015.8,17978.7,15408.4,15242.7,21425.7,18275.1,18864.5,18265.5,18504.1,17675,20074.6,21271.2,16596.3,21145.4,21280.2,22068.2,16339.2,20665.9,15859.7,18416.1,19604.6,16726.7,18389.7,21877.9,20629.1,17841.8,17831.4,20797.8,20686.5,18263,17793.2,17909.4,21212.5,19814.1,19799.8,19762.2,21383.1,19776,20207.9,20791.5,16620.8,18317.1,16790.3,18645.3,18314.7,17665.6,16604.6,18384.9,19695.2,18384.3,20617.2,19892.2,22093.1,20420.8,21177.7,17738.1,22564,18947.5,16926.4,16381.2,16904.8,17219.3,19653.4,20291.8,20820.6,19432.5,21187.9,16453.1,22507.5,21624.6,20154,19987.7,20175.1,21595.1,16655.4,19438.2,18502.6,21468,18229.9,21531.7,21549,20381.7,18626.8,19427.8,17349.1,22390.4,20593.7,21949.4,23083.7,19730.2,18742.9,17996.3,18341.7,16432.5,16337.5,18848.4,22854.2,20798.6,22854.5,18221.3,17413.9,17420.2,22197.9,18612.6,18951.6,23979.8,22561.2,23045,22505.8,18779.9,19449,18101.7,23684.3,21968.8,19918.2,23379,22606.2,20954.3,22514.6,21667,20416.8,18020.1,21088.2,19044.8,20411.9,17669.2,21197.6,20580.1,17412.1,19168.8,20707.7,20679.1,18561.8,18517.2,20990.8,19855.9,20859.9,22160.2,17912.6,19489.5,17359.6,19715.6,16529.1,17074.7,21003,15524.3,21852,15979.7,16768.6,20691.1,18653,19284.8,16719.8,18288.2,20556.5,21257.5,22465.1,21397,20672.3,18269.1,21854.9,21947.7,23612.8,28580.9,33714.4
29199.4,24763.5,27057.5,20473.5,21197.5,19172.7,18707.1,20683.5,17358.3,17200,18926.5,20524,20127.1,16656.3,20362.8,17749.2,20798.8,16889.2,16065.2,20872.3,16952.8,15705.6,17457.6,19116.3,17682.9,14871.2,19312.2,16179.6,17027.7,18530.3,17140.3,17266.7,20091.1,18468.2,20941.5,18424.8,21764.2,16057.9,19858.7,19540.1,16314.3,19522.5,21160.3,16874.3,18368.2,16470.9,19511.2,21185.3,19054.5,15510.6,17640.2,18126.7,18817,19749.6,19101.5,21162.7,20879.2,19589.2,19553.7,20641.5,17473.6,21485.4,17264.4,19914.5,16501.3,18479.5,21306.7,19236,19339.4,19371.8,20621.1,19393.1,15485.8,19436.8,18845.6,19755.7,17654.1,20502.4,18460.2,19593.4,19677.1,14800.6,17424.5,15636.5,15425.8,14872.4,17232.2,16834.5,21247.1,18475.7,19061.5,20423.8,17175.1,20734.4,17658.1,20623.8,21663.3,21378.9,21882.1,19511.7,21627.1,16077.8,20460.4,21635.2,15811.7,18161.4,19874.2,21416.9,18843.3,16977.5,21993.1,16323.9,21152.3,17689,20690.3,16699.4,16648.1,17264.3,16990.6,22065.5,16094.4,16967.6,22184.3,16217.3,21965.2,19503.6,21376.5,21026.7,21676.3,21209.8,22281.7,22188.4,22590.5,20623.6,15943.3,21407.9,16643.6,17211.6,18202.5,20269,16946,17040.2,20168,17902.5,16924.1,18279.6,17540.1,18672.6,15832.7,19068.6,19319.6,18114.9,15196.5,17802.2,14124.6,17932.2,15353.1,17224.5,16383.7,18640.7,18779.6,21525.6,17727.4,20227.8,20048.7,16862.7,20756.6,21042.7,15817.4,15795.3,20289.5,17286.3,19861.2,17155.4,19446.4,21147.4,21164.1,21163.6,17651.6,17564.9,16551.8,17763.9,19889.6,18017.4,17353.2,18976.1,17551.9,19365.8,19691.6,16699.3,21407.2,16668.1,19180.7,22493.1,19788.5,21176,22304,18480.4,21944.6,17186.6,16885.6,17447.3,20463.4,21537.3,16637.4,22337.9,17124.5,16995.5,19188.9,21749.7,16392.6,20576.2,20920.6,20043.5,20666.9,16889.1,16264.7,21580,18724.7,16588.3,15833.1,17931.4,18662.8,18596.3,17722.5,15594.8,17236.5,17938.4,19116.9,18419.9,16682.4,17973.9,15547.6,19895.7,18215.8,19600.9,21199.1,22104,18113.1,19060.9,19195.8,21410.4,16408.9,21132.3,19113.2,20941.2,17946.9,19388.9,17731.9,18049,17397.5,19266.7,20621.8,15862.9,21617.1,18910.6,20250.2,15781.7,15937.7,21982.4,17317.6,19409.2,18235.7,16350,19493,19880.7,16799.8,21815,21516.3,22468.3,16443.7,21256.4,17696,17613.8,19683.4,17620.9,20089.6,16431.8,19030.9,20727.5,21661,19225.2,18957.5,21924,16328.2,19441.2,19857.1,16159.4,22414.5,17593.2,22028.6,21424.6,16599.4,17060.9,18098.8,18151.6,21481,16474.6,19164.3,21777.6,21575.7,19078.5,16593.9,16790.9,23001.7,19823.4,19609.5,19505,18317.4,19565.2,21088.2,18148.7,19967.7,18128.3,19754,16915.2,18484.4,21307.6,18341.9,21496.7,19272,23029.1,17252.9,18675.4,20411.7,17594.9,18598.3,18121.7,23265.8,18373,18258.5,22886.5,20910.6,21347,23240,19539.7,19392.3,17806.5,22854.7,17867.1,20792.5,20871.8,17891,18323.4,23836.3,22955.8,19138,22411.6,19782.9,21637.3,18257.6,17909.4,16372.6,22306.8,19346,18809.8,17476.9,18435.1,22547.1,20755.6,20163.7,18339.8,21003.5,21330.3,21305.5,19865.8,15308.6,22129,22004.9,20596.5,20634.9,16869.7,22133.5,16787,19318.5,17414.8,20289.7,20993.9,22581.4,22824.9,22810.1,21512,24927.6,29961.5
32069,26597.3,23150.2,21397.2,19359.1,20217.2,19486.3,20310.8,15630.2,16526.2,20796.5,17206.8,21021.1,19072.4,17239.2,15684.1,16546.2,17628.4,20391,19385,19632.7,17938.1,18924.5,19853.4,16153.1,19696,18888.7,17982,18386.7,18337.2,21615.8,15885.4,16463,20647.2,20429.2,21205.2,17441.1,16942.3,18110.7,16067.2,17456.9,17617,20317.3,20225.9,20742.8,19874.6,17811.7,20994.6,20037.5,15755,19343.4,18340.7,19507.2,19735.4,21223.7,17774.8,18194.8,16245.1,17414.1,17826.5,20145,20622.7,19339.5,20813.4,21660,19599.7,16088.1,15250.8,20096.5,18809.4,19268.7,17022.1,21473.3,17650.3,20635.8,18795.2,21414.5,16307,19697.9,18032.1,20347.7,20432.4,18893,20244,21700,15502.7,16162.9,17888.8,16645.8,19889.6,20707.6,16689.3,15305.1,15537.9,19611.7,19505.9,18454.8,17131.7,18598.1,20264.9,19120.7,16235.7,15408.4,16803.5,18051.4,15475.3,19690.2,15285.2,17716.5,19954.4,17746.4,17515,19256.4,17758.6,15995.4,20991.6,16428,16168.4,18492.7,16649.1,20792,17746.6,18929.1,18577.1,16479.8,18792,17187.4,16661.8,20727,21888.3,21591.4,20959.9,21297.2,21063.5,19910,15591.9,20114.5,20004.3,17371.3,17646.5,15247.7,17431.1,16052.4,19105.2,15550.2,19328.1,16974.7,16011.6,18036.1,15039.4,17497.4,17115.2,20555.1,19532.3,16036,17864,21619,16016,17746.2,15162,16164.4,19821.9,15230.1,18517.7,17030.2,20511.7,19074.7,17451.1,21765.4,21820.7,20517.6,19883.8,16924.3,18101,17148.9,22008.7,17793.8,19133.4,18765.5,16573.4,17486.8,22014.5,19615.3,20922.1,16930.5,19065.7,16119.7,18240.4,21184.5,16748.2,19682.5,22049,21906.8,21061.7,17386.6,20832.7,21619.5,17749.8,20292.4,19944.2,21075,18357.2,19624.7,22518.3,16891.3,19244.8,22174.9,17744.5,17971.8,21004.5,17723.1,20297.8,20621.6,20413.4,22446.3,18965.1,16671.9,17573.1,18502.1,15637.7,16325.2,19894,20718.6,18085.4,18666.4,16955.9,19398.4,17916.6,16754.5,19807.6,18027.7,20072.6,21027.8,17891.2,21499,16657.3,17924.1,16609.3,18250.9,21455.4,20932.3,16489.8,19145.4,15706.6,17234.9,19612.6,20296.5,21560.1,19157.7,21482.6,16871.7,16469,16385.9,19912.3,17944.6,21714.9,19300.2,20680.1,20045.5,17869,18242.3,17735,17886.2,18301.2,22191.3,21888.2,21999.9,22522.2,18104.5,22434.3,21197.3,18566.6,21801.2,17523.1,20977.9,18985.9,20235,17416.2,17146.7,16686.4,21593.9,17083.9,22258.7,17528.2,17299.1,20252.4,16294.7,20371.6,22395,18885.4,19383.2,22537.8,16903.1,22072.5,20860.4,22119.6,21435,20174.2,19513.1,20220.8,18486.8,20596.9,20286.6,22556.4,20489.2,18898,16520.1,17104.1,18314.7,22660.7,18311,19339.3,18785.5,21994,16732.8,22774.9,18988.9,17457,21158.4,20982.1,23450.9,17927.6,19545.2,17727.8,23372.7,23806.2,20655.4,22991.7,22581.5,22492.7,18431.9,21204.4,21128.4,21398.4,18178.8,19435.5,21817.6,21304.1,21081.5,18958.2,22426.4,19489.2,19621.2,24107.2,19542,19539.1,19198.3,21285.7,21977.4,17962.7,18104.2,16794.6,19700.7,17495.3,19168,19142.6,18966,19996.3,20057.2,19316.1,22458.8,16572.1,19160.4,19727,19371.3,15821.6,17114.6,17938.9,16886,21633.6,18243.2,18746,20422.7,19155.3,19419.7,17016.9,20418,21325.4,18436.7,22602.1,20821.3,24100.5,25943.5,29466.7
34194.9,27752.1,22288.9,21543.5,23398.3,19004.8,17265.3,16976.3,16445.9,19881.3,21148.7,19917.9,19626.3,19505.8,18146.7,18776.9,21045.2,20368,18578.8,20158.7,20392.4,16875.5,18194.2,16495.4,17694,20628.8,20287.2,17704.5,18058,19903.7,17248.8,17262,18419.5,21153.8,19370.7,21194.5,17223.7,19877.4,21052.9,17207.5,17872.9,20618.1,21326.9,16612.7,18711.6,15573.5,19790.2,19975.4,15882.2,18426.2,16713.7,16443.7,18685.8,15995.8,21125.2,16230.9,20085.3,16766.4,15507.6,20840.8,19401.3,21644.9,16655.8,19512,15777.2,15301.7,16828.6,20975.1,20002.3,19745.3,18667.2,17481.7,21705.3,17611,15523.1,17266.5,17591.8,16478.5,20583.1,15923.5,17764.7,18691.8,21520.4,20845.7,18736.1,20009.7,20755.3,17206.9,19936.5,21807.3,16702,17323.8,18402,16397.6,20435.9,16443.3,18021.3,16911.6,18330.6,15978.3,15270.7,19882.7,18579.9,19378.3,17902.2,16076.1,19033.5,19154.3,16542.5,21819.8,16916.3,18725.4,17638.2,17585.1,21534.6,21400.5,20460.2,21088.8,21974.3,21781.5,19313.9,15882.9,18557.3,21023.8,20938.5,16884.6,17877,19243.2,18422.1,18674.8,17011.9,17545.3,19451.2,20088.8,19364.8,21645.1,17940.2,18526.7,18726,19381.4,19613.6,19155.7,15234.3,15749.4,14575,15417.2,19409.8,16935.1,16082.3,15044.7,18625.9,16369.5,15489.9,14836.2,18963.1,20408.1,16352.8,17991.6,17124.9,21045.4,18328,16230.8,17935.2,21093.8,18904.4,20317.5,20966.9,17721.7,19865,18043.1,16582.4,20901.5,16187.1,18934.4,20936.3,17232.6,21174.1,20150.8,17938.8,19146.2,20048.3,21078.3,16456.1,17471.2,19751.9,18566,18543.5,18474.4,20967.8,20276,20060.1,21537.7,20316.5,16829.3,21902.4,20413.7,18719.3,16480.2,22348.8,16782.2,22100.7,17396.9,20825.6,21238.5,16846.1,19674.8,18649.5,20736.7,17849.8,17015.7,17847.5,22029.9,19319.2,20025,17094.5,17313.3,16673.2,21058.9,18508.7,16870.1,20894.7,17219.7,21581,18177.2,15706.3,20595.3,19039.4,17810.2,19786.2,20844.2,17272.3,21941.2,19592.3,20030.8,17891.5,19492.4,18461.5,20848.9,20452,16075.6,16293.4,19788.7,21742.1,19242,17663.4,20259.2,16910.8,19009,17560.3,17931.9,21623.4,18771,21425,19053.7,19483,20679.3,21325.3,19508.3,19171.5,19394.3,16843.8,21158.8,21920.6,16942.3,21399,18824,20524,20531.2,21963.5,21459.5,16666.5,21144.4,18261.9,16146.5,17057.9,17731.1,20847.7,21022.1,20301.5,17727.5,16085.6,16833.2,18364.7,17252.7,20660.6,21457.6,22615.3,16331.3,18393.8,19617.2,16734.1,17311.4,17838.6,19520.5,16536.9,16383,19351,17314.7,20681.4,17132,19370.6,17367.6,21640.5,21868.6,20559.1,21046.3,16823.6,19023.5,20733.7,22179.9,17647.3,19483.6,16907.1,17713.3,19965.9,20025.9,20085.8,17227,19050.9,22758.3,20587.8,19012.7,21708.6,20826.2,21111.3,24111,22270.7,22662.9,23875,21207.4,22113.5,19168.2,23780.9,24182.8,23279.2,22150.8,22031.8,19583.2,20439,18034.4,21852.5,18245.9,22939.8,20371.2,21533.2,21118.7,21310.7,23695.7,20741.5,17896.1,16800.5,21366.9,20821.4,19697,19931.8,19794.1,21982.4,20674.4,16284,17083.1,17072.5,17389,21463.6,15816.9,21444.8,16563.9,20701.6,19973.1,18939.1,19855.2,20454.8,18202.6,16676.6,22048.4,20542,20104.1,18147.2,19673.4,20653.3,23251.6,23376.3,23517.2,29699.6,32515.6
29365.2,27942.1,26412.9,24152.7,19752.9,20659.8,21622.3,17958.7,17477.7,15298.8,19265.3,17717.9,19646.7,17126.1,15990,15496.5,20568.4,20560.8,20846.6,16882.1,20679.4,18257.4,17339.9,15331.7,15666,15213.7,21070.6,16084.1,15237.1,19901.7,15361,20919.6,21523.4,21490.8,21106.9,17591.1,20013.2,17243.5,16223.4,16253.9,18091.8,18441.3,17286.5,17052,19890.4,17856.8,19952,16112.9,18065.8,19901.7,21345,15854.2,17162.7,18005.2,19426.3,18916.4,17166.8,20559.1,16524.6,15433.3,21220.8,19158.1,17262.5,18784.2,19824.9,21475.4,18823.3,19238.6,20853.6,17447.5,17139,21181.3,21072.2,15521.7,17718.4,16132.4,16397.1,15240.7,17369.9,21209.7,15754.4,19869.8,19863.8,15219.1,16857.7,17568.9,21331.3,18938.3,17896.2,20397.9,19417.3,19019.8,17229.6,16340.7,18602.1,15189.8,20858.5,16297.1,17767.1,15313.2,20116.8,20193.5,19891.9,16055.5,21614.4,16972.5,17839.9,20173.8,16148.2,15968,16642,18099.7,17214.3,21929.6,18068,17668.3,19011.9,19916,19673.4,16596.7,21783,19141.3,16738.6,21561.2,17952.9,20694.1,18670.2,20073.4,17986.7,20626.6,17987,16584.2,16856.3,22278.5,21012.9,15661.6,20556.8,15186.8,20917.1,14904.2,15373.4,17267.6,20075,17124.3,18489.2,15378.9,19566,20367,17299.7,20081.4,21322.4,20215.6,21106.4,16991.1,17440.9,20290,17814.9,21136.1,15282.8,21669.3,19819.3,18541.6,18760.8,15663.4,16483.3,18114.3,21165.6,15655.5,20465.3,19261,19394.9,18642.9,19810.9,20904.3,17042.6,17943,20498.5,18398.7,19867.3,20661.9,21859.2,17583.7,15596.2,20195.1,15539.4,17179.5,19272.8,17091.7,19021.8,17749.2,19866.1,15924.1,17215.2,16808.8,20998.6,20416,20432.1,21746,17754.1,22218.9,21432.6,18150.9,20008,19536.4,17122,21669.4,22071.6,19498.1,20690.6,18396.8,16516.5,21155,21158,16673.7,18189.9,18147,18283.5,20131.7,21070.1,20997.7,18300,19253.6,15905.4,19505.1,21295.7,18406.2,18035.3,20348.6,17455.7,15722,17346.3,15454.2,18318,17566.4,19782.3,18009.1,21237.4,15955.3,18273.6,18577,15733.9,16082.5,15648.3,21862.4,17564.6,17528.6,18914.3,20099.1,15684.4,19399.2,17538.2,21176.8,18155.7,22000.6,18573.5,16536,16711.8,16033.4,18136.2,19085,20201.6,15948.4,17007.1,19648.7,18984.6,21580.7,21897.4,17372,19674.8,17097,16283.5,18892.9,17508.2,22696.8,22306.7,21179.8,21648.2,19321.4,16546.8,20632.5,19168.6,19861.1,15929.5,20624.5,19894.2,22488.8,20145.5,18683.1,18729.6,18998.1,21210.6,20359.5,16161,16220,17387.1,18754.3,21221.4,20291.9,21558.7,22326.5,20159.9,18825,18992.8,17102.4,16667.4,16581.2,17222.6,22137,16693.3,17548,19022.1,18157.7,18075.5,20031.8,19932,17653,21122.3,17396.9,17995.7,17827,21202.4,18535.7,22668.1,17877,20101.9,23407.7,23003.1,23156.6,22640.2,17852.4,21798.8,21947.5,23367.9,20854.1,23194.1,20220.7,20064.1,22431.9,23489.9,20337.6,21563.8,21051.9,20143.6,20664.4,18119.6,21328.4,20690.4,21621,21959.9,21424,20753.1,21064.3,19582,18314.7,22801.4,16787.9,21330.9,21239.2,17764,18979.3,19223.3,22169.5,18473.3,19559.4,19901.2,21152.8,18798.9,19480.9,22359.8,21463.2,21840.5,19176.7,20559.5,21672.3,22903.4,19094.7,20591.9,17344.1,22963.9,18121.4,23900,21824.2,28032.3,33117.3
34136.3,29624.7,22408.8,24708.2,18872.7,17114.3,17109.2,20739.1,16996.2,21506.8,21361.3,17364.7,21441.1,19715.1,18691.4,20445.1,16666.6,17989.8,16253.9,14874.3,15604.2,17803.6,15828.2,15495,15471.5,17470.8,18104.5,18156.2,16129.9,18139.6,21290.9,19948.6,21338.7,21062.9,18260.3,17004,16022.1,21863.9,22121,20804.8,18521.6,19532.8,15805.3,18529.9,17356.7,17086.7,17967.6,17196.9,19713.1,17344.9,19461.3,16542.3,20538.3,15882,21221,18775.7,19087.2,20623.4,18093,17102.8,16992.6,17391.2,15322.9,15522.1,21644.2,18668.8,20301.7,21514.3,19073.1,17730.4,20085.1,16637.6,18315.3,20184.2,18281.4,17418.5,16391,17080.1,18749,18361.4,16530.2,16985.8,15391.1,21067.6,15761,19671.5,15739.5,15858.6,15180.7,21199.8,20135.7,18743.4,18200.6,17606.4,19439,15404.2,17331.8,18218,21463.3,18807.6,17817,18266.8,16225,15198.8,17232.4,20386.6,19266.1,20474.4,18135.6,15689.4,17302,21048.9,16686.7,21514.5,20666.4,18098.9,18744,20020.5,21141,21043.5,18376.5,16303.2,19117.7,20199,22083.6,19772.5,20635.5,20860.9,22137.5,17125.5,16506.1,17613.6,22428,17531,21460.3,16286.2,16024.5,17613.2,16599,17031.3,15748.6,19996.4,16811.6,16140,20413.7,15227.3,20068.6,18688.7,18435.5,16281.3,16104.3,19783.8,16366.5,20164.5,13951.2,15038.1,17209.6,17424.1,17520,16511.8,17810.4,15307,21106.9,20561.2,18697.5,15287.4,20989.7,20398.6,18760,17461.8,18541.7,20439.7,20025.7,17276.7,18698.3,18173.6,21013.4,19881.2,20954.2,21992.3,15834.9,16212.4,19998,16825.9,18065.1,20201.4,19618.9,18115.5,18501.3,19344.6,21146,17248.6,17859.9,21484.6,22000.6,20459.3,18287,16733.6,16443.8,22490.2,22081.4,21047.3,19267.7,19370.3,21404.6,22570.2,19449.9,22517.7,20134.1,22539.8,17546.9,21179.7,18147.9,19866.5,19159.3,16090,18815.9,17141.8,16987.7,18650.3,18103.2,16217.3,20725.7,17049.6,21763.7,17987.5,17373.2,19350.8,15891.2,18950.7,20213.1,20608,15495,17544.5,18389.6,15860,20967,21177.4,17140.9,19867.5,22008,18119.5,15684.9,17428.3,20969.4,20470.5,21004.1,17893.5,16277.5,16478,17333.7,18957.2,16348.6,20863.6,19749.4,18472.1,17250.2,17530,19853.6,15759.1,21645.6,17511,16311.5,21571.6,17247.8,16704.6,17033,16335.4,18912.2,17158,22764.2,17833.3,19226,18114.7,20096.3,16518.9,22008.5,21007.7,16994.3,18724.3,18788.5,19748.8,19866.2,16266.4,17130.2,21097,22262.8,19095.7,18811.2,16109.7,22018.2,20477.7,21628.2,17301.7,21813,18708.9,17555.6,21488.7,19492.3,22760.3,20356,16664.1,18771.4,17694.1,22341,20217.3,17017.9,20944.1,19003.3,16597,22450.5,22481.6,19909.3,22870.6,18181.3,22915.5,19312,21842.2,21925.5,21323.5,17589.4,24026.3,19479.4,22962.9,21013.3,18103.1,17627.2,18140.4,23637,19818.4,22529,21590.3,18317.2,19614.6,21142.8,19979,21904.3,21946.4,23464.2,19803.3,20882.2,22606.1,22673.7,20618.3,22256.9,18361.4,22256.4,24248.3,18366.9,19613.6,20690.6,22232.2,21162.7,17127.3,21035.6,18738.4,22058.7,19152.7,16836.4,19454.7,16957,17948.4,17446.5,18703.1,19969.8,21579.3,19524.2,15993,17437.7,18251.3,20574,19638.6,16567,21597.8,21297.9,22249.6,18643.9,17411.7,22352.2,21256.9,25096.9,24400.5,24539.3,33488.7
31240.6,24012.7,23308.9,22603.5,19874.2,23034,19808.3,17177.2,15993,21156.4,20405.8,16564.8,20082.1,15056.6,16937.5,18032.9,19995.7,18699,15548.6,21250.1,15435.7,15526.8,14824.2,15297.7,16741,16106.1,15706.2,15596.2,18568.8,16926.2,15499.5,18780.5,21598.1,19274.6,21353.3,16994.6,19360.8,17156.1,16024.2,20786.2,21757.7,17541.8,21966.7,21300.7,22098.4,18095.2,19762.2,16238.6,18696,19044.6,19704.6,21568.9,17858,18578.7,17415.5,20081.7,17512.8,19926.1,17550.8,16448.2,20908.5,21533.9,19381.1,19247,18973.5,17350,15421.7,15398.9,20751.9,16245,16517,21082.6,20479.4,15370.3,16829.4,15128,16500.8,19936.7,18516.3,15568.3,20826.1,19330.1,16064.9,17444.9,18925.2,16896.1,20869,21139.3,21740.8,15860.9,19970.5,16860.5,15391.8,21752.9,15322.2,15081.2,21065.7,16869.8,20707.6,15782,19397.1,15536.9,15227.8,18806.1,18190.7,17586.2,16251.4,19924.3,20233,21561.9,18275.8,19369.8,18571,16584,20906.1,22426.2,21592.3,18050.4,16971.6,21846.2,17891.2,18934.5,18179.7,19314.9,22386.6,21097.6,20288,17323.8,17038.2,21125.2,16098.1,15957.5,21832,17949.1,17156.2,18341.5,15613.1,20804.6,19723.6,18984.7,19606.9,20278.7,16909.2,15133.3,17946.2,16714.5,15194.9,17988.6,18992.4,18737.8,17963.1,20165,20915,15355.7,14294.2,18819.3,18607.9,18889.4,16540.3,19004.2,15827,20959.1,15743.5,18393.3,16207.6,20213.1,20476.3,19667.1,15814.7,20370.7,19628,19787.7,16849.5,17283.1,21345.4,16060.7,21716,20228.6,21688.4,16646.9,21521.1,20923.1,17372.3,17877.4,21089.8,16659.5,20386.6,20526.5,18032.6,16186,21059.3,20777.6,20204,16522.8,16227.6,20062.9,18519.4,16651.9,22028.4,17225.3,17143.4,19746.4,16834.9,18387.5,20152,22905.1,21333.1,19518,19740.8,22466.6,17544.5,21223.6,17412.2,18171.5,20903,21550.4,17184.5,19098.1,18099.5,16559.1,18926.2,20010.5,18170.8,20950.8,18825.7,21330.1,15367.5,17419.9,18883.5,20359.1,21753.2,21043.8,19994,21723.2,19883.5,19887.5,20767.5,21565.4,17451.6,16329.8,21247.7,19245,21358,20971,16533.5,21187.3,16223.2,15878.1,21080.8,20705.1,16386.4,17858.1,16205.8,18731.3,21091.6,18871.6,18019,21737.9,19531.8,20068.3,15561,16722.3,17037.4,20768.6,16409.8,20046,17616.6,17366.9,21641.2,19943.7,19246,19559.7,20939.7,19781.8,19784.7,18570.3,17049.3,20173.3,17764.4,19970.2,22743.8,22535.5,17513.9,20247,19629.9,18814.7,20090.6,22518.5,20505.5,18958,20187.8,22515.2,17655,16619.2,22468,18927.2,18979.7,16757.1,19013.5,19315,17686.1,22370.3,18939,18230.1,19416,18223.7,19206.5,17584.4,17157.3,18136.1,20941.9,21631.3,17052.4,19962.2,20033,17942.4,17204.6,19535.8,23657,21005.3,20665.7,19796.1,21711.4,20904.6,18587.3,17895.2,24022.1,23490.9,23284.6,19858.1,22780.4,20354.4,18234.4,21647,23002.8,21119.7,20075.6,19227.7,23972.1,22663.6,18884.7,23010.9,18844.8,18873,18156,19803.3,21244.2,19723.3,20666.2,23534.4,22579.6,18935.8,22399.7,22075.4,21547.7,16926.2,18614.2,22850.5,17959.2,22160.7,20694,21011,17328.7,17254.8,17615.8,15618.9,15987.2,20751.6,17456.5,20810.7,19126.6,20138.8,18819.2,20444.5,16791,16919.2,21435.9,18650.6,20230.3,21419.1,25235.3,25896.8,27699.9,29556.5
30953,27077.5,24836.4,23032.6,22809.2,22270.7,18718.7,21228.2,17036.3,17898.8,20971.4,15953.5,19895.6,17164.8,18090.9,21064.5,16453.2,15817,15911.8,15061.3,15883.8,20609.2,17731.5,15263.5,15191.7,19712.3,19684.1,19084.4,19521.9,15555.3,20122.8,16130,16715.9,19712.7,17544.3,20547.5,17297.5,19966.1,20610.5,16753,20409.9,17216,19912.4,18458.6,21186.3,15943.4,16336,20384.7,15678.7,16362.9,17043.5,15689.7,17730.1,17813.1,21811.9,17626,20715.8,16901.1,15625.4,15517.8,17089.5,21452.5,20490.4,21079.7,16418.3,19349.2,19205.4,19633,16605.2,15730,20264.5,20028.2,20256.5,19754.1,19144.1,17345.2,16988.3,20478.7,19804.3,18382.9,15280.8,16425.7,19978.2,18157.3,19531.9,20651.8,18707.2,20192.1,18467.3,21111.7,16405.8,17376.7,21439,17166.8,20060.1,19381,16348.6,15701.5,15750.8,17205.5,16889.2,18374.2,20134.6,15859.9,20156.1,21243.4,20544.8,15513.5,19293.6,20800,21246.3,16216.6,21048.8,18195.1,21376.5,21956,19188.6,16217.3,21653,21659.8,18995.4,21738.2,22158.2,20307.5,22094.5,19885.1,16727.2,20744.4,18404.4,20771,16996,17875.5,18337.3,19670.4,22145,18540.1,20034,20938.8,18970,20567.8,15313.7,19699.2,20916.7,19094.8,19150.5,20368.2,20136.4,20647.8,16179.2,15889.6,18245.5,16207.9,18799.4,16039.6,18433.2,18214.9,20033.5,21043.5,20105.1,15926.5,17738.5,21312.3,15749,15121.6,20696.5,17411.9,20228.3,21685.2,19477.8,17557.4,20497.9,21964,22325.1,16785.9,20869.5,16101.2,16519.2,18498.5,20899.5,16476.5,20686.1,21814.7,16715.5,19590.3,19699.3,19953.9,17611.1,20877.7,20901,19965.2,18405.6,18595.5,15916.9,17084.8,17885.2,16644.5,21400.5,19190,19001.4,22825.7,18388.8,20432.2,18274.3,18474.3,18994.2,22551.2,22043.2,16803.7,18071.4,17290,20000.3,19312.8,19641.3,16530.9,18917.7,19819,21501.5,19004.8,21745.5,18995.2,18131.7,21641.3,17946.5,15561,16057.8,18701.7,17640.5,16093.7,15235.3,17156.9,19321.8,18188.1,21947.3,20731.9,21788.3,21859.5,15500.6,18976.8,16978,16935,17455.3,16323.2,18423.5,21179,19418.3,18619.2,17891.8,16370.2,17915.7,17419.4,20938.1,19183.3,16422.2,18345.2,19484,18759.5,19585.4,20353.8,17155.5,21496.1,20369.9,19881.3,17002.3,16512.9,18553.4,22104.3,21034,22406.5,18219.7,19964.9,19618,21323.7,16590.4,19235.5,22125.3,19427,17043.5,20905.9,18079.4,21469.1,19768.4,18304.8,20564.7,21180.3,18591.6,18435.6,20888.3,18162.8,17422,20791.3,17955.5,20948.7,17448.6,17214.3,18384.5,20107.3,22449.9,19501.7,19617.5,19032.1,20228.2,21601.6,17034.3,17809.7,18989.3,19921.6,20630.5,16628.9,21838.1,20245,17666.7,20379.8,22545.7,22644.9,20748.3,18749.2,18130.7,21597.2,20756.2,23606.1,18992.8,24210.7,17669.8,22818.2,22811.2,18618.1,22045.7,22319.2,21127.6,22379.1,21423.5,17562.7,19475.9,21371.3,19558.3,24176.5,21787.9,20517,20738.6,21538.1,20595.2,21985.5,21066,20121.3,22192.5,23026.5,19591.4,23490.2,18781.7,19360.9,19805.6,18168.1,18668.4,20904.8,18173.8,22057.6,17454.3,17801.3,17528.2,19703.4,17953.1,18259,20528.4,21151.4,19572.2,19601.3,21558.8,20569.1,20920,18378.2,21951.1,20952,16318.8,23190,21479.5,17144,18767.9,20860.2,21100,18118.4,20454.5,27437.4,26909.7,29361
32249.8,26697.2,24219,21904.8,24125.5,20931.1,21131.4,20565.2,19819.8,15827.1,20603.7,18841.3,19773.7,19987.3,15257.9,16238.6,20129.3,20659.2,16782,18162.4,18902.2,19975.6,19670.2,19852.7,19757,18974.9,18108.2,21016.9,21249.4,16174.1,21489.2,20690.7,21409.1,21558.7,17505.9,15634.7,22049.3,21367.5,19509.4,15823.8,17925.1,21719.8,16787.6,20984.2,21026.3,20522.4,21912.1,19676.1,20011,16149.5,18433.4,20404.5,21883.9,16125.2,18973.9,21935.1,17278.3,15928.6,21090.8,19420.4,21558.3,16616.9,21350.2,19754.4,18105.4,17885.1,20717.9,19436.3,20126.7,20419.9,19703.1,16001.8,18584,16151.5,16349.7,15750.8,18294.7,18928.7,18659.6,20269.3,17178.2,14943.2,21084.2,14908,17484.5,18616,18932,16177.4,20461.4,16608,16649.7,21475.2,16993,18528.1,20714.5,16571.3,15763.7,18871,21389.3,15497.8,21405,18152.3,15467.4,16542.7,19339.3,21322,17660.4,18491.4,15205.8,18333,18971.7,18489.1,16939,21132.3,20956.4,20483.9,21009.5,16889.7,21453.7,19767.5,20999.7,15827.4,16408.4,19680.9,19628.9,18263.1,17680.3,22302.1,21355.8,22289.3,16872.3,19088.2,17279,19508.7,20014.3,16754.3,21182.9,19612.8,17727.4,15326.1,16990.3,15599.7,20909.7,16694.9,19016.9,16661.6,20547.5,14962,20031.8,19064.8,17100.5,18359.2,15155.8,17153.3,19084,19733.4,15491.2,20169.5,21553.1,18522.7,21087.4,16269.4,17785.9,18344.1,16213.9,19339.5,17560.1,16404.7,16243.1,17999.1,19477.1,18354.9,17757.4,18851.6,19088.9,22060.3,17485.6,17196.3,19429.2,18754,20149.2,19886.9,17054.6,20160.5,21356.2,18762.9,19989.6,19343.4,21562.8,19589.1,18253.8,18483.4,20384.3,19954,22505.8,19871,19615.1,19334.9,21570.4,22581.4,19413.7,16795.1,16457.3,18043,21486.1,20087.9,21836,21357.3,19118,21814,19412.4,17938,22441,19667.3,19609.8,19537.7,18774.8,16549.6,19474.2,20202.5,22139,18588.7,15905.8,20220.7,15804.9,16160.7,16208.6,18677.7,20195.2,21404.5,19993,20919,21301.5,18417.9,18805.6,17002.5,20778.4,15991.3,17134.3,19788.9,16235.4,17815.2,18698,16588,17739.1,17518.3,18167.6,21035.6,17837.7,16142.6,17687.7,20709.5,21261.4,17350.9,18815.1,20921.6,15285.5,16450.2,20886.2,20173,19819.5,20078.1,21306.6,16215.8,19349,19041.2,20619.9,21288.8,19192.2,17954,18359.6,22491.9,20066.1,19588.2,21432.1,18576,19849.2,19735.6,20271.8,19411.8,21052.2,18037.5,22040.2,22161,16614.3,19709.3,19252.5,16028.2,21347.5,20434.5,21543.6,16441.9,18161.3,19474.6,17388.4,17463.4,21412.7,17709.6,20401.9,22677.4,16999.6,22350.5,16704.4,22158.2,18530.4,18442.3,21327.6,20874.7,18554.6,18166.1,21273.4,18111.3,17743.1,22721,18466.7,18356.1,20179,19590.3,17445.5,17237.3,19419.8,19708.9,21898.8,22657.4,21932.5,19058.4,18591.7,20847.1,22909.2,19247.1,22096.8,19006.1,20074.4,20913.2,18527.5,23617,23571.2,23363.9,22780.1,22034.5,22236.7,23924.3,18030.8,18842.7,18337,19492.3,18667.3,23946.3,19356.1,19896.7,20145.7,18480.2,17367.9,19913.6,16978.9,22431.4,21184.3,20785.1,17229.7,16315.7,18013.9,20986,20846.7,17081.7,20593.7,20649,16662.1,18755.2,21797.9,17793.5,22511,16539,22659.4,16982.6,19924.7,19100.7,18210.6,19068,17077.8,19992.1,20233.6,22433.9,26829.2,30737.4
33179,24286.9,23936.5,24550.6,19035.9,17881.8,20552.8,20284.2,21949.3,17012.6,15396.7,17540.6,15164,18273.4,19295.2,20307.3,17096.3,20884.7,18450.1,17046.9,20952.1,16853.3,16375.9,19815.9,15701.3,17792.2,15598,17756.5,19472.5,16607.3,17962.1,18664.6,17600,17132,20220.6,21223.9,15751.9,19330.5,20806,16704,19045.2,19811.5,19442.6,21805.1,17465.6,16907.8,19140.2,16890.7,16277.9,20797.8,17540.3,17429.6,19160.4,21519.2,19907.2,20660.9,17114.1,20167.2,18910.8,21506.9,20929.3,17662.6,17748.7,21694.4,21894.1,15921.1,16254.9,18761,18061.3,20729,20389.9,19892.9,15733.3,16110.6,17435.8,15708.8,18059.4,21331.4,21523.2,17215.1,20915.5,16813.3,18059.4,18031.6,15015.4,18745.1,21307.7,17298,17311.8,15628.2,15364.5,16619.7,19319.7,19257.2,20292.7,21592.5,15399.7,19265.1,21334.7,15454.3,18611.4,17675.2,21239.7,16875,17800.4,15868.6,16781.6,20487.9,16139.4,19429.8,16871.2,18048,19915.8,16282.9,16724.7,16591.7,20822.8,16446.3,21954.7,20297.5,18717.5,20731.2,21757.2,17711.6,17548.8,18622.2,18822.5,21243.5,16017.7,20838.9,18126.9,15659.6,21389.2,22178.7,16001.5,15990.8,20401.7,16277.8,15633.5,17110.9,17541.3,15479.8,18301,20085.2,18441.7,15400.2,20868,16212.6,20800.3,20281.4,18330.2,18789.9,15651.5,19236.6,19233.4,19909.7,20274.6,18853.4,20732.5,20469.3,20162.4,19787.9,20165.4,17365.7,20264.2,17219.4,18621.2,18468.7,16484.2,19149.2,21059.9,21333.2,19684.2,18757.6,16172.5,19449.4,21172.1,22050.3,18343,16023.7,17540.3,17894.5,18681,16863.9,16424.8,20065.7,21297.3,18130.6,15899.8,16379.9,17427.1,16719.6,18856.1,16317.2,22424.7,17268.5,20658,20818.3,21790.2,17718.1,17137.5,19340.4,19116.5,20849.2,19022.8,16756.4,18863.5,17557.8,19761.2,18433.6,20248.2,20491.4,21932.9,18140.7,22374.5,20384.5,20049.8,16037.4,16869.7,16787.8,21303.6,18534.1,19156.3,17879.5,21387.9,15802,19843.9,19191.8,15998.2,19309.2,19517.7,20959,20847.4,16406.9,18249.5,21184.1,15602.1,16760.7,20285.5,18714,19671.2,16455.3,16733.4,21064.5,18771.5,17205.5,20720,15687.8,17681,18266.1,17073.5,17985.1,19339.3,18681.7,17225.6,17157.4,18205.2,18922.5,19694.5,16418,21366.5,21542.8,19366.4,17836.1,18736.3,20361.6,18944.4,19899.7,22138,21193.7,18750.8,17112.1,17281.5,21960.2,20451.4,17800.3,19336.5,17194.3,15937.6,22356.8,16716.8,19029.9,18090.3,21701.7,17706.2,19831.9,17771.4,22436.1,21906.5,19886.9,20932.6,19987.7,19700.9,19123.5,17123.1,18484.4,21511.5,22485,22521.4,21353.3,20036.8,17491.8,21500.3,20411.7,21266.5,22149,18781.8,16925.7,20697.4,17685.9,21948.6,18156.6,17405.8,22567.6,19367.3,22368.2,21026.5,17597.4,21584.3,17587.3,17309.1,20435,22750.8,23296,20338,21736.1,21473.3,22303.4,19622.1,18502.7,22255.3,19143.8,18061,19455.2,19925.3,23460.4,20646.7,22113.2,21913.1,21915.6,18492.7,21193.9,23939.4,24175.8,22720.7,23748.1,22579.4,18375.7,19948.2,20982,20203,17106.5,17523.8,20805.4,18069.9,17543.8,19677.8,16713.5,19534.3,17876.9,18997.3,17751.6,16750.8,16268.4,16209.5,17657.7,19233.7,18212.6,20437.3,23095,18755.4,17865.7,18849,22362.5,23131.7,21031.8,21247.3,21410.2,20927,22659,20085.3,26059.7,28753.6,33036
33781.7,30312.4,24779.5,24577.8,20059.4,22089.3,20259.9,22054,15899,15693.3,15440.2,17069.7,21162.9,18252.8,16482.2,14926.8,14959.2,17994.2,20525.9,18659.5,18832.8,16343.8,19839.2,18638.5,17885.2,18774.8,16064.4,17705.5,19508.5,16622,21444.4,16643.8,20219.9,20869.3,15525.9,16212.1,21947.1,18970.5,22168.4,19761.6,16587.7,21247.1,17933.7,20919,20195.9,16276.5,18669.6,20533.1,17026.1,18398.7,21755,22025.1,17205.5,17762.5,21486.6,16558,15962.7,17989.2,20565.4,21050.3,20951.6,19680.1,17772.3,16992.4,16502.2,17434.5,16716.5,17013.1,19032.6,20997.1,19016.5,19264.9,20716.5,18579.3,17232,21629.4,20440.7,17630.9,20875.2,16790,19706.6,16518.2,16630.8,20081.3,17993.5,16904.3,20462.8,16853,16102.1,16710.8,18447.1,19970.2,18912.7,17632.7,16527.7,20081.4,15989.4,19019.1,20433.2,21652.5,16754.8,18497.8,20501.7,18913.9,21492.1,18037.8,18250.1,18860.8,15334.3,16489.2,18772.4,19528.6,20287.1,16663,19137.6,22361.1,21132.9,19250.4,21383.8,18105.2,20072.9,16242,16982.6,21754.5,18424.2,18694.6,17961.3,17052.9,16968.7,20521.8,19551.4,20013.7,20679.3,16142.4,20353.8,16356.1,15312.8,19170.1,19827.6,18875.2,18632.6,15859.8,16048.4,19982.9,15024,18194,18135.8,18219.4,17293.7,19087.5,18326.5,16340.4,16665.5,20970.2,14792.1,17305.9,15976.2,17091.1,19447.6,15625,17137.9,21250.4,15511.7,21604.4,20365.4,18646.7,20415.4,16112.1,16570.5,18349,17842.9,17904.3,18001.7,20675.6,20892.3,18664.2,18559.2,21277.9,21991.1,16981.1,18116.3,17823,18544.6,21154.3,18152.1,20642.7,19123.2,20205.1,18168.8,20304.1,16346,20722.2,17910.5,18043.2,20853.2,18722.9,18218.4,16898.2,18550.2,21755.7,21851.2,22149,20545.2,21374,22897,19879.4,19625.2,18381.8,18361.5,17957.1,18256.6,21322.2,17122.8,16787.1,20503,18354.2,16620.1,19424.6,18941.6,18336.3,17200,18707.6,20144.3,20699.2,20798.3,15608.4,21706.6,19845.8,17818.2,18299.1,16359.4,18445.6,19052.8,20789.3,20211.2,19482.9,16818.6,19141.2,20040.3,16611.2,21331.2,19954.2,18266.2,18865.9,19383.3,19260.4,15589.2,18513.9,16209.3,21367.9,20150.9,19401.4,17988,20272,18613.5,21784.3,17349.2,17524,20282.2,17124.3,19587.7,16818.4,15730.9,18860.3,19630.9,19351.7,19428.7,22523.5,22083.9,20109.5,19899.7,17968,22036.8,17148.9,17938,21138.7,16772.2,20973.2,18035.7,16337.4,18389.8,17728.7,16722.2,16423.1,20650.2,19223,20277.9,20494.5,22221.2,20523.9,20924.7,18700.2,21232.9,22141,18234.5,17177.5,17734.3,20905.9,21634.8,19735.8,22126.4,10017.9,21259.3,18505.8,18080.6,21803.7,17655.4,17142.1,18862.2,21110.7,20721.9,19642.8,19582.8,17609.4,20386.9,17488.7,17211.3,18347.3,19737.9,23767.4,19950.9,22611.4,17984.2,18472.7,22533.1,24166.1,22936.2,21403.6,21162.8,18831.3,18585.3,19639.7,19537.5,18765.2,22833.1,21704.8,19262.1,18484.7,19366.1,17923.2,22371,19353.7,23200.9,21409.7,19032.4,24465.3,20910.6,20086,21743.7,20572.3,21917,21185.9,20623.7,18409.3,21952.3,18313.7,21282.8,17956.3,19674.3,20185.5,20716.2,16938.3,16714.3,20611.5,17280,21741.5,17708.8,21365.6,20879.9,22036.1,19000.5,20374.2,16600.3,19583.5,22586.7,19272.6,19200.1,17042.8,19504.2,22505.5,25247.3,24978.2,30457.6,32994
31038.3,29682.2,27596.4,25386,18323.9,21387,20831.5,20637.1,18473.9,15702.3,19211.6,20584.7,21561.2,17316.9,20253.7,18904.8,18692.5,20923.3,19796.1,15259.4,21137.3,16671.6,16342.7,20929.9,20037.8,21389,20370.4,20305.9,18277.4,20843.8,17808.7,19788.4,18670.3,20878.2,16043,16621.4,17897.1,17976.1,15988.6,17272,16761.9,16683,20657.9,17060.6,17555.1,16568.2,21010.8,22102.1,17579.1,18569.3,17726.6,19068.6,19026.5,16355.3,15647.9,19074.9,20732.2,20873.5,19994,21873.6,17961.4,16777.2,17740.7,17357.9,16084.1,16500.8,19412.9,18600.2,16093.3,21442.6,18460.8,17704.5,20217.5,16678.8,17993.3,15269.2,17323.7,16596.5,18091.6,18087.3,16828,18430.2,20667.4,16832.8,15098.1,17817.9,18667.1,19909.9,20308.3,19404.5,20003.8,17180.1,17672.7,15906,19658.8,17313.4,21100.2,15288.5,21202.3,15939.7,17391.8,15822.4,15205.3,16010.5,19885.3,15945.1,19401.1,20743.3,19298.7,21486.6,19900.1,21958.1,18900.8,17156.4,20052.5,17395.2,20435.1,17782.9,20458.9,18445.8,20165,18987.3,21336.2,21378.1,17760.7,17559.5,18226.7,20288.4,17363.1,17652.1,19748.4,17699.4,18377.2,20172.5,18554.2,20854.1,20213.5,19832.4,19997.1,18642,15676,14678.1,17778.5,19855.9,18528.8,18338.8,19046.1,18527.5,19346.7,19510.8,21286.5,18870.2,20122.9,18783,14029.6,16960,17944.1,16491.4,18055.7,17345.1,21353.4,19599,19020.2,16974.2,17277.3,16776,15951.5,17807.4,20913.6,22227.9,21868.3,18810.4,20514.7,21028.5,19655.1,17142.2,17214.1,18478.5,18050.5,21944.5,20809.1,18195.1,16948.5,19054,19744.8,22184.5,18125.9,21098.2,17837,21667.3,16780.9,18188,17884.1,18713,20374.5,19376.8,16463.5,17928,19588.8,16833.4,18322.1,17003,21953.9,20911.8,19106.3,22682.9,20559.2,16939.5,22624.1,21235.6,16421.7,21766.7,16675.1,20276,20238.2,17546.3,22025.5,19768,19186.2,20484.6,20087.1,18214.5,20723.2,18136.9,19467,16875,16617.6,21527.2,21250.1,20074,19619.4,17605.6,16838.3,20659,17294.5,15754.9,20590.7,18314,17779.7,19101.2,21049.5,22116.2,22234.5,16144.1,15973.2,21004.7,18797.5,18595.8,20783.3,21924.5,21308.3,16530.8,19722.7,17192,21089,17848.2,20937.5,15909.9,19002.1,20055.8,15933,19237.3,17825.7,19094.9,19011.7,21891.4,18352.3,16985.2,16605,17567.7,15981.2,16636.9,19836.7,18515.5,16507.2,18502.8,18005.8,18695.5,22055,20655.4,19436.3,20901.1,21644.1,19329.2,16137.9,22016.2,20813.1,17630.2,20897.9,17949.5,19550.1,19496.7,17066.2,22032.2,22473.3,22082,16597.9,19026.5,16782,17106.8,21820.3,19015.4,17459.5,21447.4,18392.1,17930.5,18270.1,21543.1,20260.1,22506,19750.2,20950.7,22384.9,20128.6,17904.9,18201.7,21480.8,21618.3,21269.8,23384.4,22243.7,19094.6,23013.9,18743.8,23555.9,23231.8,18071.8,18093.6,18906,19050.5,20833.5,24076.7,22581.7,18799.3,19895,21069.8,17957.9,23723.8,24206.2,22354.8,18207.6,19213.1,23121.8,18731.2,22031.1,19816.8,19864.6,22846.9,19227.1,17594.9,19262.4,20145.5,18694.2,19260.5,19513.4,22135.3,23134.3,18556.7,18603.2,17961.2,20109.1,16476.8,16193.8,20590.7,16285,16499.1,18360.5,21081.9,22423.6,22179.1,22285.7,18692.9,19559.7,21169.9,20480.3,19661.5,21795,19939.3,17007.2,19654.8,19553.4,27607.4,27376.6,33632.2
35013,27375.8,24454.6,25062.7,17961.2,22604.5,17664.5,18659.3,16790.5,18975.6,17122.2,20426.6,16615,18360.6,19637.9,18616.8,19867.7,20081.3,15466.1,20533,21432.1,18255.1,19912.9,19888.5,18529.9,18746.8,18893.2,17058.9,20797.2,18269.7,21447.2,15576,18216.1,16169.5,20347.4,16545.3,17098.5,16926.6,19820.1,19461.5,20399.3,21488.3,18016.9,21034.8,19012.5,18580.3,16582.5,18270.6,17053.7,21303,15996.3,18613,20315.7,16706.8,18336,17045.8,18064,16086.4,20622.7,19726.8,18583.7,17981.3,21535.9,17807,15763.6,21016.2,19016.5,21841,20416.2,15837.1,20927.3,22008.7,16694.6,20053.1,16267.7,18604.1,17815,15689.7,15771.5,18348.1,20582.1,16649.9,18439.4,18486.3,17600.1,16594,16565.5,19630,16291.7,15635.9,15711.6,21378.3,20684.4,15664.4,21359.5,17039.4,19404.8,16533.9,20190.7,17951.7,16670.3,19992.7,20479,20728,20317.1,19621.3,20048.6,17820,20614,18046,21387.7,19903.3,20581.4,16003,15961,17767.2,19037.7,20261.8,17203.2,18821.6,21129.1,18562.8,15936.1,18210.2,20764.6,16390.4,19594.1,18374.1,20291.4,20913.6,18454.1,18788.1,21917.5,16683.8,15946.3,15454.2,20884.9,15856.9,20044.7,18541.7,20200.1,19145,15014.5,15571.2,15597,19420.7,20726,20531.3,19119.1,19315.5,19756.5,19699.5,17594.9,17777.7,15899.7,14553.5,15554.3,20058.3,20034.8,20844.7,18576.4,16405.1,21645.7,18013.3,17682.8,17765.6,19680.5,21420,18427,21325,17153.1,22061.2,17408.6,19061,21962.3,16552.4,17138.3,20422.2,18644.1,19004.1,20614.2,19493.3,20057.8,18661.4,19769.2,18469.4,21462.2,19885.3,18345.8,16820.8,20464.5,18956.7,16399.9,18402.8,20612.8,20267.1,19555.9,18300.6,19589.5,17020.5,17476.8,17658.8,20221.7,22978.6,21058.4,19670.7,18596.8,22005.5,20765.8,20470.4,21237.2,22299.4,21210.3,21260.6,16617.7,20894.5,17732.8,18931.9,22346.9,19848.9,21668.3,19415.4,21847.7,20582.3,16424.9,16126.5,18722.5,19323,19249.6,21201.1,18508.6,19379.6,18497.4,22110.7,17805.1,19389.6,18522.1,17518.7,15887.6,18970.9,21500.2,21483.3,21626.1,17835,18837.2,17099.7,20304,18635.7,18962.3,19080.8,19054.8,21105.3,15857.5,19008.6,15802,15425.1,18673,20552.9,21070.1,17083.1,21668.9,18158.2,18588.1,18656.2,21838.1,20893.1,19781.3,18563.9,18003.6,17656,17873.6,20374.6,20590.6,20365.9,22336.4,17525.8,20903.7,20531.5,15857.5,16639.8,18781.9,16246,15826.9,22012.6,15737.3,16145,22035.6,18644.4,22445.7,22250.3,16206.5,21160.9,20316.8,21516.6,19568,20197.3,20398,19844.3,21194.5,22010,19924.8,16996.6,18801.8,16813.4,17105.7,18140.7,21816.9,18336.5,18962.1,16769.8,22510,20626.2,16860.7,21274.2,21719.3,20258.6,21846.6,20778.4,19835.4,23135.8,21748.4,21766.8,20660.1,23556.2,18174.4,22109.8,21166.6,21230.6,19304.2,19335.6,19608.1,22852.3,22807.3,18960.5,20842.4,18717.4,18689.8,19154,24056.7,21846.8,18756.9,20255,21132.4,22220.3,19608.7,22806.7,18927.1,21884.9,18206,17318.5,17730.1,19228.8,17292.2,22800.8,22345.2,18556.5,20120.6,19657.9,20707.8,21469.3,21729.1,20978,21452.2,22240.5,20112,22496.2,16348.1,16756.1,22326.1,17060.2,17879.2,19803.3,18666.4,20861.4,22454,18498.9,22432.4,18553.8,17878.6,20879.4,20463.4,24272,28884,30478.9
31038.6,28172.4,22840.5,19362.2,20446.5,22573.2,18009.1,16275.7,16233.6,18877.2,21446.5,16682.7,20228.4,18662.4,21309.8,16599.4,19165.9,21339.7,15575,19642.4,16335.4,16110.5,19539.1,16483.2,15587.3,19257.5,15850.2,19244.2,18460.2,21158.4,16119.3,18593.8,20263,17602.8,19745.3,18648.3,22039.8,19094.3,20374.9,17389.1,19485,17117.6,21349.5,17718.4,16858.5,20155.2,16751.5,21123.7,16973.1,16744.4,19137.4,19500.3,15712.1,21638.7,17993,19527.5,16345.9,19378.8,19954,17495.4,17674.2,17069.3,15962.6,15960.1,20741,21407.8,19802.2,19580.3,21063.9,19116.3,16409.8,18765.5,18172.9,20847.4,15499.3,15264.6,21862.1,19236.6,17988.3,15378.5,17911.5,20963.6,16337.3,21045.4,15211.1,21251.3,18827.1,18720.4,18706.8,21216.4,18667.3,18213.3,19388.8,16005.2,20741.5,18080.9,18617.6,20258.4,17753.2,17442.5,18020.1,17699.2,17810.1,17392.6,18834.4,16313.5,16718.6,16906.8,15071.8,19807.2,20904.3,19609.9,15918.2,17207.3,20637.2,20370.8,17977.4,19699.1,17084.9,22067.6,21309.8,21143.6,21223.8,18597.1,19227.4,15938.5,20385.4,17973,21291.7,22020.2,22216.5,20206.3,19655.6,17000.2,20091.3,16740.9,16569.4,15761,20507.2,20242.1,18084,16391,17543.3,15510.1,19197.6,19378.1,19651.2,20029.4,20791.1,18984.6,15592.2,20927.2,20411.3,15646.4,18780.4,17139.2,18275,20949.7,17293.2,16757.8,20365.1,16052,18805.3,15661.8,21466.3,21381.4,21726,17641.3,20289.3,16186.8,16490.7,21068,19633.4,20105,16878.2,18185.2,21333.1,19271.1,20472.3,21099.9,21030.7,19462.9,19028.1,21627.5,17761.5,21027.8,17257.4,17422,20912,19010.9,19058.3,19895.4,19678.9,21456.6,17035.4,19493.8,19979.7,17342.3,19141.2,18920.1,21179,19602,19282.7,20550.7,18877.3,19496.5,20667.2,17913.9,21310.8,19209.5,18206.4,18125.2,22718.8,20320.8,22401.6,17851.3,16847.7,20586.6,17355.3,18216.2,18244.7,20073.1,20936.6,21046.9,18338.4,20756.9,21560.8,19657.3,18402.5,17157.3,18418.4,16431.2,20144.9,17490.2,19100.1,21788.4,20489.2,22343.6,15755.3,17489.1,18427.3,22173.6,15702.5,16981.2,16393.6,20292.5,21016.4,19315.8,15964.9,16948,18762.2,17875.2,20095.2,15528.7,20974.9,19943.4,21421.8,20060.8,15168.6,21550.1,21466.9,19829.9,16300.3,16931.8,19704.3,17446.9,17098.5,17691.6,17094.8,22542.9,20489.6,18656.9,17565.4,16791.7,18836.3,20935.5,18657.6,16130.8,22153.5,19887.1,19161.2,21569.7,19586.3,17577.7,17314.2,20861.4,17310.1,16253.5,16136.2,18761.1,16146.7,19381.3,16661.5,19252.7,22303.1,18371.5,16909.5,20783.6,20031.7,17119,16366.7,19424.7,18459.2,21248.9,18874.5,18009.6,19824.4,17937.5,20956.5,18503.3,19145.8,21973.7,19831.8,21430.7,21304.7,21485.7,18125.3,19688.8,22128.9,17865.9,21426.9,21216.5,21850.3,19741.3,22792.1,21993.4,22138.6,21772.3,21173.9,17717.9,21448.6,18426.5,19806.6,18238.3,21414.1,20866.5,21901.7,21162.1,19531.5,22156.9,19828.1,24219.2,20769.7,24451,22157.1,18341.5,20031.1,18583.3,21299.9,19104.3,17856.9,22154.8,19772.2,21028.6,18195.2,23341.7,23038.2,22025.7,17891,20394.9,18661.5,17697.7,21732,18783.8,19382.6,21613.9,22237.7,21969.5,20657.2,16664.1,22765.6,17850.8,18895.8,18602.8,22956.2,19805.6,19983.7,22195.8,23462.8,22525.4,21494.5,25867.6,25628.2,30916.8
33980.9,29840.8,26683.1,20121.1,21406,19166.7,22077.6,21140.2,21648.4,17613.6,21815,19478.4,18948.5,18544.6,19734.5,19308.9,15211.1,17388.3,16736.2,17536.6,15685.3,20212.3,19699.6,19022.1,16392.5,18653,19954.4,15564.4,19601.6,18302.9,19417.1,20813.9,19818.7,18690.7,19612.1,18603.3,17026.8,21311.4,18134.7,18474.3,20941.5,18348.9,18223.3,15972.6,21834.1,16417.3,21510.2,22036.3,18679.8,18343.2,20199.4,20417.7,17806.8,18328.6,18204.5,17524.8,15805.5,17500.5,19238.1,16574.5,17630.1,21481.3,20391,15744.9,17979.6,17056.3,17887.5,20118.2,21877.4,21584.9,18924.5,15668.2,17536.2,16111.7,20293.9,17701.1,16499.4,15353.3,21764.1,17879.1,19199.6,17204,17419.6,18968.6,20957.5,18758.3,20392.6,21218.8,21211.7,18915.6,18043.8,21361.4,17774.8,20586.1,21086.6,16376,20780.9,16727.4,15727.1,17574.6,21628.6,19606.6,19802.3,17368,20940.9,20474.7,17320.8,20829.7,16280.2,18169.9,21481.3,16485,20779.6,17186.4,21811.4,21608.1,21632.6,18838.2,19535.9,21056.3,21625,18576.5,22234.9,16323.7,22537.3,19189.9,18682.8,17889.8,18367,21218.6,19485.1,21460.1,21201.7,17637.1,21262.2,17988.2,16107.2,19620.2,15450.6,17623.9,20833.1,20337.4,14968.2,21110.7,19328.6,19191.9,17120.8,17052.3,21065.4,15294.1,19435.7,15367.1,16745,20075,17599.9,18152.2,20216.8,20678.4,15484.5,21295.8,17495.2,19692.8,17270.1,18874.6,22013.9,20569.1,17796.3,20959,16071.1,21071.8,21835.3,17060.5,20448.3,18156.9,18564.7,16865.9,22285.5,16722.3,21207.8,17122.4,22157.1,22069.4,20213,16023.6,16619,20751.1,21365.3,17285.2,16986.8,17336,22012.8,16214.2,16104.8,18731.1,16880.9,22031.2,17161.6,21021,21972,16540.7,21329.1,16973.3,18754.3,17858.7,19807.7,18114.9,18852.5,21507.7,19690.9,17854.4,17502.8,19359.6,20340.1,22783.7,18754.7,17766.7,17572.2,22515.5,17622.6,17640.9,19185,16361.1,21388.4,18125.9,22176,20559.7,16419.7,16832.9,21253.8,17763.7,19033,20194.6,17014.7,18761.8,19017.3,21774.9,16197.2,20889.4,20703.2,19074.3,18226.9,19390.1,18864.7,20364,18815.3,20930.5,21440.4,21021.6,17083.6,15948.6,15328.4,21406.9,19524.9,17341.5,17879.2,16852.5,18319.4,19424.5,17301.2,15615.4,16902.6,18399.7,20742,18587.2,20512.6,19594.2,16258.4,16751.5,16690.4,20217.9,18024.3,18889.8,20445.5,17578.3,19125.9,16778.4,16701.8,22211.5,20386.5,18220.3,20086.9,20044.9,18249.3,20345.1,19327.5,19552.6,19329.7,17343.2,21340.2,19721,21362.3,22557.7,16191.5,19876.3,16906.3,18530.8,16818.2,16746.2,17433,16559.4,19066.5,18268.8,17895.9,19017.8,17180.2,20413.9,22821.9,20670.5,17420.6,19899.2,23081.6,23031.5,19038,23227.9,21761.7,19963.1,22555.9,21163.4,23718.5,22107.3,22033.6,18892.1,18067.9,21741.8,18573.5,21167.2,20452.2,18067.8,18163.5,22937.3,24027,18450.6,22192,17970.3,19730.9,24127.8,21324.1,20735.6,18866.3,22433.3,18365.3,18745.4,22554.4,19330,19870,22251.7,23927.2,19202.3,19246.4,20285.5,23447.1,22347.4,17740.6,21116.6,17856.7,21084.8,22194.4,21553,21578.5,21551.2,21727.8,19108,17489.9,17654.6,20683.1,22115.6,19001.4,17496.7,20180.3,16798,19419.6,16749.5,17715.5,17101,17475.6,20107.8,22283.8,20462,22107.5,23359.2,25189,26037.3,29743.9,32093.8
34212.2,26287.8,26809.2,19791.8,23923.7,17175.6,19379.7,20006.1,17320.5,17879.6,15420.2,18501.9,16216,15366.4,16942.2,15817.9,16666.9,16727.5,16716.9,15493.6,20087.7,20350.9,17490.3,15606.8,18435.7,19159.2,16492.9,16894.7,18275.1,19271.2,20534.9,15433.2,15760.7,15810.9,21219.6,21466.3,19922.5,18162.5,18547.2,19969.4,20044.4,21443,20603.8,18315.6,18056.1,18058.4,21747,20820.1,21915.8,20385.3,16585.7,17675.2,18921.2,19336.7,16537.5,21248.7,18520.2,16631.8,19229.7,21077.8,21680.9,21500.4,17139.5,21636.2,17812,20345.7,17776.7,16153.3,19207.7,20687.8,16634.5,18718.8,16437.6,15933.8,16584.9,20822.2,18406.7,21277.8,18493.9,18714.5,17081.7,19069.5,18427.5,15101.2,19272.6,21010.8,17939,16734.3,17319.2,18506.3,19355.4,19967.5,18232.3,16273.3,17978.2,20514,16712.4,21116.8,17189,20556,20697,19857.1,15312.5,21381.3,16221.3,14776.8,17081.5,17392,17301.9,21459.8,19254,15336.3,16731.1,18351.6,15894.5,16343,17207.3,20879.1,19249.1,19809.1,16055.4,19232.2,16420.3,17969.2,16951.3,19849.4,19191.4,19998.1,18600,21669,19602.8,19871.5,21421.8,20470.4,19782.6,18636.4,19338.2,16671.5,17495.4,16850.1,20245.4,19369.7,21194.8,20076.1,17896.6,16531,19252.1,20909.8,19474.1,19505.6,18222.3,19861.2,18873.9,17956.5,18127.9,16358.1,16566.6,19906.5,19885.1,19242.7,17482.1,19191,21158.8,20495.8,15814.1,19635.9,17869.7,21828.2,21988.3,16430.6,21858.8,21072.5,17189.3,17359.6,20984.4,18114.3,22306.9,16609.8,16725.8,20749.2,19524.6,15965.2,20362.4,21871.1,22332.1,17103.3,22075.8,17520,18517.6,20013.1,20342.8,19371.5,21039.6,17985.8,17142.7,19186,20181.1,16807.6,17678.2,20695.9,18520.6,18102.1,18423.3,20779.4,18252.9,17519,20618.4,22267.8,19556.4,19475.1,19004.6,16978,20772.5,17074.2,18120.6,21289.3,19237.2,19357.1,20177.2,21061.1,19677.5,19636.1,17051.3,17373.7,18550.2,18379.9,15876,16592.8,18076,21565.3,21745.8,20814.2,18023.9,17998.4,19999.6,20631.6,16266.4,19001.4,17506.2,16768.4,17976.9,20730.7,19565.4,19694.5,21197.9,21053.3,19426.8,19014.6,19117.3,15950,19848.2,20487.3,16770.3,15594.6,15857.5,17344.8,16936.1,18600.5,20357.6,15991.2,18044.6,20847.6,19757.3,19276.2,20089.1,17436.4,18123.2,21330.6,22753.3,20928.3,16528.6,17255,20155.5,18605.5,19751.2,18227.7,21647.6,18976.7,16956.5,20162.7,16445.4,20820.9,18748.4,21299.1,18050.7,20912,16522.7,19048.3,19767.9,17651.2,21861.6,16457.3,22650.5,20094,21811.8,20409,16369.7,18497,20884.2,16424.3,17376.8,18033.5,22981.5,22982.9,22940,20861.9,16951.5,20020.7,18808.5,17821.4,16492.8,19161,19290.4,23251.8,22347.2,17762.7,22118.1,19559.6,17896.8,18194.3,18570.6,21245.9,20522.2,18345.3,22733.8,21903,22810.2,20439.2,22015.9,23654.2,21222.9,20280.6,21648.3,21162.6,18269.7,21111,17791.9,23682.6,22646.7,20763.1,24050.1,22078.8,21862.9,24064.6,23028.4,22595.8,23033,19550.2,21688.5,20128.3,22231.7,17437.9,19861.4,22807.2,16911.7,18644.5,20564.5,19239.9,20713.5,22195.8,18959.2,22506.4,19913.7,19103.9,17001.2,19127.6,18017.1,20667.9,17922.1,22559.5,21166.2,17081.1,21014.8,19651.6,21961.5,19980.5,22231.1,20156.5,22176.9,23653,24835.5,26943.2,28029.2,33053.3
32340,26300.2,24877.9,19301.8,23074.6,21718.9,22045,17259.1,21342.3,20017.4,15790.9,20573.9,16491.2,15800.6,20733.5,20290.7,19637.6,21569.1,18260.6,16708.8,19509.7,17316.1,19435.3,17195.3,15388.7,15201.6,18144.9,21013.4,21670.4,19874.2,19154.7,16042.4,20020.9,15998.8,16216,18428.2,20055.3,19470.6,21075.4,20463.4,20819.3,17463.8,18907.7,19306.3,16929.1,19940.2,20706.5,19890.4,21672.7,17438.8,18125.3,15971.1,21100.9,21343.4,18366.7,18507,18456.8,19888.3,18452.7,16678.2,15997.6,18435,16655.2,19617.8,20182.9,20610.8,21801.2,16680.7,20847.7,18279.9,18247.5,21017.3,20802.9,20921.9,21749.4,20699.4,15608.4,18033.3,20796.3,19306.1,19635.6,18354.6,15590.3,19932.4,15719.9,20695.4,16576.6,17542,16777.3,15817.2,15248,16849.3,15369.3,18606,20472.4,16276.7,18575,20742.3,17726.6,16184.3,21103.4,20185,20729.7,20214.3,14921.7,16042.2,15513.8,18851.1,21571.2,20861.7,16781.6,21598.2,20507.8,19686.4,18791.2,19567.9,21911.1,17657.5,17594.1,18359.8,19771.5,21099.1,18568.5,18975.8,18597.5,21959.5,20493,16243.5,17640.9,16365.3,18732.8,19061.2,18143.1,22009.5,18751.3,21262.7,16678.5,20329.8,20135.3,19242.4,17581.5,20757.4,15769.5,17652.5,18200.7,18730.5,20718.9,15137.8,20451.5,20141.1,16001.3,20200.9,19527.8,19611.3,18205.7,19942.1,19786,21306.4,21563.5,19506.5,15847.7,16225.1,17641.9,20046,19196.9,20483.5,16888.9,19416.6,18130.9,16356.4,22452.2,17914.3,20163.7,18999.1,19230.8,18155.7,18214.7,20084.6,21848.5,19857.1,16199.6,21297.3,20434.3,22010.9,17384.3,16356,16690,16166,20374,16037.1,18685.7,17151,16954.9,19829.8,17217.2,22497.2,16487.3,21103.6,16690,17062.9,17268.7,21255.6,18249.5,23147.6,17332.1,20578.3,22104.4,22838.2,20425.6,22055.9,16709.8,22253.3,20155.1,17526.1,20467,19971.3,21025.2,21658.2,21411.2,18294,16010.7,16652.7,20263.6,16724.3,18823.5,17301,19965.5,17997.6,20767.6,17346.9,17108.7,21471.7,21220.8,20978.9,22108.2,17727,17953.6,19014.5,18536.6,21591.2,21307.7,20647,20701.9,15571,16943.8,20885.9,20875.2,20245.5,19649.7,21852,20930.7,20041.8,16658.7,16704.4,19058.5,19928.4,18353.1,19192.4,15239.2,18748.7,18256.9,21303.6,18388,17026,16654,21954.6,17205.2,18312,20597.2,18307.1,20703.2,18795.6,16126,19722.2,19574.2,20278.5,20557.3,20706.6,16039.1,19831.9,19647.8,22432.6,19326.5,18782.7,21901,19721.3,20261,22190.4,18980.5,20867.1,20718.2,21727.3,21472.1,16745.3,18555.2,22607.2,17213.7,17380.4,16597,19331.5,16293.5,18087.2,17763.2,19433.7,21917.2,19145.2,19232.6,18256.2,17492.4,20970.6,19968.8,20872.3,21649.7,21111.4,17442.3,17939.1,20434.7,22199.8,21740.8,22650.8,17860.5,23405.1,20437.4,20051.8,18374.4,22547.1,19939.4,19905.9,19009.6,21231.4,22496.2,19036.6,21428.3,23264,21871.8,19270.3,23740.2,23215.9,23649.1,19748.4,19770.6,24013.7,24091.2,21505,18706,23485.4,18533.4,18372.5,19682.5,23688.3,22925.3,17209.7,17573.2,23627.5,16964.3,17957.9,21768.3,18527.1,21418.7,22455.8,20922.6,18325.4,17036.2,17318.4,22362.2,21618.1,16264.9,18405.6,19745.7,18006.8,23199.1,18918.3,20290.3,17942.6,19425.4,17763.2,22485.2,21142.8,17096.6,23829.1,24014.5,25394.9,29131.8,35714.8
35181.9,26902.7,22288.7,20597.5,24023.1,22949,21197.4,21402.5,18909.9,18988.5,15943.9,18729.2,16949.4,16847,19010.7,21522,20478.9,15973.6,18509.7,16315,21384.6,15242.7,15616.3,17784,16264.1,20814.7,20536.1,15723.6,16041.3,15848.7,18238.5,18653.3,19005.6,20444.3,19025.9,19910.8,20168.2,19421.9,20079.7,21970.8,17187.1,17990.9,17981.3,21313.9,21544.1,20563.9,16052.7,19409.2,22038,19354.1,20606.6,17143.6,17027.5,21195.8,16723,19675.8,21396.6,20631.5,16095.7,16669.2,21209,16059.9,18441.5,19369,18749.4,20609.7,20262.4,21149.6,16735,17956.4,15953.1,17550.1,19958.6,18641.8,17920.1,15699.3,18229.8,20359.5,19103.3,18569,19550.7,16304.1,21341.6,16465.7,15364.5,17085.8,16229.1,19373.7,17066.3,16354.7,17705.2,21616.6,21066.7,21353.7,19249.8,20084.5,21007.1,15055.6,17618.2,17463.1,18481.4,19832.1,16397.2,20908.4,19601.8,20862.6,17582.4,19657.1,21631.2,15393.9,19242.9,18327.6,17638.7,18476.3,18875,18262.6,17190.8,17028.1,19687.4,15981.4,17970.5,16555.9,18402.3,17372.9,18621.6,17792.5,20992.9,20548.9,19456.5,18324.1,16983,18381.7,22116.8,19242.9,19154.9,18578.9,16589.1,18514.5,18104.7,18603.5,18034.5,18198.8,20835.7,18175.3,15876.8,20782.8,19094.2,16080.5,19740.8,17347.5,15324.3,21375.5,15404.9,18179.5,16332.7,16897.5,21406.5,21957.4,18461.1,19879.5,20533.3,16931.7,16173.3,19583.3,16716.3,16990.8,21186.9,19077.4,19462.5,18396.3,18024.4,17095.1,22642.8,18064.2,20941.5,18293.9,19237,22005,21745.2,18282.9,17027.7,19747.3,21799.1,20301.2,21948.9,19100,17095.3,18876.1,17591.7,16627.2,17071.3,16296.1,20226.3,21042.9,16816.4,21016.7,21651.3,21885.7,20063.8,19641.4,16829.3,22066.6,17953.4,22108.9,17440.3,16955.5,18634.3,20187.7,20832.6,22075.6,22998.9,22329,22674.7,17182.7,20432.6,17136.3,22417.5,22799.8,22594.1,20272.2,21047.7,17730.5,21821.9,16920,16641.6,18285.2,19995.2,15785.5,20184.7,15771.2,20106.8,17513.7,20578.5,18483.8,19460.6,19886.9,18030.1,20677.8,21550.3,15953.6,16818.1,18854.5,21665.9,21680.5,16321.6,15883.2,15822.3,20832.7,19628.5,18329.3,19103.5,17261.3,21653.8,17471.5,20707.6,21841.2,20190.8,20544.3,16182.6,18363.8,21116,15899.1,21449.6,18150.9,20518.6,21731.2,20742.4,19467.7,19249,19963.5,21599.9,22039.3,21301.2,20812.9,20710.6,21540.6,19449.1,21373.5,19807.4,16315.6,16829.3,20758,20552.3,16850.2,17036.6,18328.2,21233.5,16523.4,18577.8,21805.5,17304.2,16208.5,17581.6,17526.9,21690.4,17731.4,21282.4,16903.2,20301.3,18152.8,18167.2,18765.3,20050.7,23320.1,20965,17966.3,18788.2,22110.2,19277.9,16961.8,21375.2,20661.9,20427.6,18353.7,20660.3,22924.3,18443.4,20327.2,21599.1,20609.1,18419.7,20883.2,19637.6,22171.9,19863,23092.9,19779.3,20341.7,20955.9,17993.7,20349.1,19127.5,24020.3,23065.1,23600.8,18276.6,22784.2,18747.1,19498.2,21235.2,21858.4,24154.6,22867.4,23953.5,23334,22915.5,24143.9,21101.4,22291.4,20465.6,17254.1,17605.6,22309,20264.9,21282.1,18192.2,23187,17047,21399.6,22146.8,17189.5,16724.6,22187.1,21476.1,17386.2,19353.2,20200,21095,18243.2,17746.3,16955.1,20345.2,20187.6,19337,21664.8,21562.4,16523.6,17815.5,17311.2,18798.4,20928.2,21573.7,25489.7,32626.3
32080.1,25700.3,23460.5,25476.4,21583.8,17475.4,22416.4,20996.4,19263.5,19687.8,21033,20864.7,15225.1,18164,17186.6,15912.9,21034.9,18227.9,15797.3,19364.9,16508.4,18197.7,16634.6,16900.7,15699.6,18447.6,18830,15995.6,17612.2,20258.3,19733.5,16840.7,21081.1,19453.6,19141.7,18552.4,21295,18982.8,21294.9,16775.4,21524.6,19245.5,19284.6,19064.8,21302.2,17437.8,16826.8,16804.2,17883.5,21136.3,19586,19425.1,18548.3,17870.5,20299.2,17571.3,19894.3,19079.1,18607.1,17716.5,19858.8,20100.8,20129,20121.3,17447.6,15974,20501.3,21344.2,18969.3,16535.6,16434.6,15435.5,19752.6,21318,18125.4,20323.2,21089.8,20752.7,16605.3,15634.2,16432,17555.6,21572.5,15892.7,15382,18847.3,20568.3,20688.9,20443,20055.3,21700.1,15398.5,20543.4,15659.4,21684,16620.5,21627.8,17492.1,20087.3,19590,21549.2,20331.6,16655.4,16201,20631.6,18232,15059.4,18489.9,17246.8,15373.1,20524.8,15062.6,20485.4,18552.1,15681.8,17211.5,17097.5,15864.6,21086.3,17603.5,19709.5,16620.4,21167.5,19432.5,20272.9,19543.8,21730.6,16823.4,20373.6,17641.6,20550,19759.7,16200.2,21900.1,17604.3,20484.7,16924.6,19013.2,17122.1,16925.7,18058.4,18849,18200,21244.5,17457.4,15779.3,19390.4,21021,21112.1,18108.3,16912.3,18958.9,15846.6,15476.2,13826.5,16072.5,19164.7,18518.2,17577.5,17937.8,15680.2,20904.3,17848,16887.1,21431.2,17436.4,17479.8,16067.4,21714.1,22089.6,17005.9,22670.9,18231.7,18718.7,20822.7,21657.2,17830.6,19647.5,17049.9,16783.6,17272.1,19580.5,18972.1,19712.8,21668.6,17492.6,20157,15687,20271.7,16563.2,18195.2,17164.3,19122.5,17015.6,20108.2,22134.1,16438.9,16512.2,18806.3,21855.6,22831.7,16569,18607.5,20498.9,21057,21059.4,19400.3,21410.7,20161.3,20834.3,19440.2,19657.6,16685,21231.6,18657.1,19700.6,22507.1,18150.3,22730.9,21548.9,21418.3,16044.3,19487.6,21822.8,21789.4,20047.9,17184.8,20942.3,19782.8,17001.8,19167.5,19193.4,19314.4,22111.6,18827.2,19653.6,16389.2,21583.4,20764.7,17288.9,21547.7,20907.9,22057.9,15862.4,18713,17773.8,21998.1,22075.4,20956.2,17196.6,20006.4,20889.6,17416.6,16446.9,21077.9,16353.6,18202.9,19029.6,15524.2,18649.7,17713.1,18257.7,16563.3,21792.4,20592.1,21331.4,18952.7,21892,20916.9,22725.6,17266.3,17632.4,18561.6,17058.2,19153.1,20581,18675.7,20755.3,16846.8,21716.7,19750.8,20985.5,22146.5,18991.2,19149.7,16991.3,20367.2,20247.2,20808.2,20996.7,20330.9,18159,20534.6,19287.3,21870.9,18929.8,20098.5,21968.4,22455.9,20036.5,16396,17975.8,20479.1,17757.1,21349.1,20600.8,18042.7,20999.9,22905.7,20432.3,20181.9,21672.1,22155.9,22574.2,18647.1,18951.4,22016.8,20464.4,23658.4,18574.6,21719.5,22040.1,20079.9,18888.1,21943.7,23034.3,18197.9,23965.9,22077.8,18890.4,21461.9,24377,24211.3,18313.1,24260.5,21891,19303.6,18260.7,22498.1,23921.2,19933.3,22312.3,23838.5,19376.9,20837.2,19544.5,21711.6,21117.3,22061.8,22596.7,23380.8,19522.8,18523.7,21956.4,18038.8,21261.5,21923.7,18428.6,19085.8,17507.9,17562.9,18097.9,22621.8,22226.7,18689.4,19996.8,20478.4,21859.1,22936.3,21017,18399.6,18663.5,18480.2,20423.4,19200.5,22722.1,20623.3,18851.7,22404.5,24451.1,23749.8,23909.3,31094.9,31972
34064.8,26238.2,26114.9,22592,19676.9,23221.8,23041.3,21342.4,20086.9,19107.8,20222.9,15731.3,19122.1,17723.9,15403.7,19010.4,16012.8,20480.2,17703.5,17739.7,16487.8,21307.2,20536.8,17282.6,17844.2,15623.9,19214.5,18991.4,16535.1,16901.3,15590,15821,17567,20502.1,20895.4,21528.4,21422.8,18749.3,20276,20997.8,21399.7,19637.4,19904.8,20052.2,18058.1,18397.1,17321.9,19280.6,22164.2,18859.5,16307.1,17266.8,17518.2,16319.8,16307,20703.1,16316.3,18413.6,18990.7,21308.7,22153.1,18967.9,18077.5,19151.1,18218.2,21780,16935.2,22053.5,20195.3,18320.9,16316.4,17738.9,15594,16524.7,19235.4,21954.4,17477.9,16241.8,19857.5,19842.9,19839.8,20807.1,20255.1,20370.4,18317.6,19681.2,20738.7,21001.4,17268.4,20902.9,19010.1,18196.8,21759.9,16132.1,16502.5,20504,20244.4,16777.2,18104.7,19153.4,21237.4,17471.7,17918.3,17389.9,17968.4,15771.3,15601.5,15520,16384.3,14841.5,19879.2,15933.6,20615.3,17524.9,19643.1,17717.6,16585.6,18415,21237.4,19005.1,21280.1,20590.7,16217.3,17713.6,20166.3,18830.6,21744.7,16523.2,19700.4,20369.1,16994.6,17906.3,19593.4,20110.7,17598.7,17671.6,16142.2,20702.5,15440.8,20770,16525.6,16201.6,17782.4,18295.8,20973.8,20906.9,20332.4,14884.8,15833.5,20966.3,17506.1,19625.5,19582.8,17680.4,16914.6,20797.2,21417.7,20087.6,15467.9,21199.2,19472.7,20363,15803.8,19083.7,18264,19349.5,17082.1,16616.3,19778.1,18086.8,21772.6,19001.9,20166.7,22050.7,17218.6,18935.1,17368.1,17214.8,19592.7,18567.3,17104.4,16085.7,18936.4,16012,19621.4,16849.8,19681.1,16129.5,17477.6,21272.8,18840.5,21529.9,19540.7,19919.7,20854.5,19997.3,18699.1,18669.5,20856.7,21209.5,21414.8,17606.6,18337,19205.4,20390.4,21928.5,18111.6,19929,16725.2,20594.9,20015.7,17203.6,19985.5,20421.7,17793.1,20983.7,17958.7,16874.9,20506.4,21950.9,16361.2,16923.6,21071.8,18178.2,20722.8,17519.5,16138,17022.8,22137.8,18130,18829.1,16238.7,20644.2,17364.5,19792.8,15913.5,16479.8,17880.7,17254.7,16423,21600.2,18741.5,22022.1,20578.7,19471.6,20426.7,21294.2,18444.2,16386.9,20326.4,20897.4,18551.5,15736.4,16692.1,16257.1,16545,19406.8,19729.3,18407.1,20043.9,21137.5,17570.4,21850.3,19275.2,21960.3,19727.9,16680.7,17797.5,19602.2,16269.4,19180.7,16869.9,16332.6,17868.2,17265.6,21336.5,20003.1,20687,18309.5,20754.2,21992.3,21811,17021,21283.6,16437.9,17771.4,20728.3,17322.2,16679.9,18479.1,21946.5,19938,18381.7,15967.6,17911.6,19399.2,18189.6,20685.9,21783.9,19965.8,20730.7,21318.7,21546.6,22900.1,19566.7,22070.1,22914.2,22132.9,19954.2,21445.4,23211.5,19357.3,18022.9,18361.3,18803.9,21052.2,23034.5,18004.4,17810.3,22141,22374.2,21957.7,19754.8,17851.4,19439,19834.7,21405.7,20424.8,21708.1,22760,20969,23931,23812,20063.7,22795.4,23449.9,20264.2,20197.7,18355,22886.8,19373.4,18278.3,18395.5,20841.1,19690.7,20061.8,18473.4,17773.4,20682,20661.3,20624.4,17740.7,20630.8,22082.5,21146.4,18899.1,21192.7,23376.6,22780.5,22293.9,22317.9,22873.7,19086.1,17496.9,22527.7,21916.9,17207.8,17116.4,20659.9,22851.6,23111,20044.5,21630.2,19610.5,18866.3,19388.6,22478.5,23314.2,20203,19694.7,25208.6,25019,26850.5,34885.3
31170.3,27748.5,26561,23544.6,20319,19926.3,19954.6,19723.7,15970.6,19693.4,17310.2,18834.3,21204.1,18050.5,21609,16716.1,15590.8,19618,18973.7,15697.6,15275.7,19422.9,17174.3,17506.9,18640.3,15255.1,19141.6,15835.9,21681.9,18580.8,20580.8,18586.8,21301.6,20155.6,16755.2,18193.8,16784.5,16864.9,19673.9,19988,20301.1,16188.8,17423.4,17257,16635.4,18220.7,22069.8,16730.2,20358.3,21350.9,16960.4,17226.7,17317.4,19693.8,21487.9,21610.3,22143,20259.9,19828.9,21036.8,19832.2,17318.1,16816.3,21781.8,19141.7,18673.7,17946,19049.6,19560.1,16665.9,20388,15508.2,21965.4,20958.5,20019.1,19883.2,16239.1,17765.7,17683.7,15159.9,15031.9,18467.9,18838.9,17223.1,16726.6,17693.9,15340.3,15317.2,17387.8,16677.2,20844.1,16299.5,21037.1,17381.4,18756,21585.8,15773.2,18150.7,20852.1,16328,19869,15376.3,15079.7,18714.5,15274.1,17879.4,16796.2,20156.2,18739.2,15897.5,16563.6,20167.5,19148.6,16553,18567.4,19980.4,18641.7,20193.4,21739.1,19244.1,20181.2,16032.7,21431.9,20864.6,18806.8,19842.5,20378,22425.2,20370.5,18202.3,20905.5,21103.7,21150.3,20570.5,20520.4,16071,15328,21059.7,15917.9,20922,18688.4,17533.3,20662.8,20348,15208.1,18509.6,19952.4,19882,17495.1,15631.6,19773.6,16291.4,17982.8,20852.3,17753.3,18268.2,16051.7,21285.9,20574.7,17697.3,17674.6,15866.2,15911.9,20902.6,18684,17625.3,20347.1,16204.2,15836.3,16827.3,20173,19940.7,21486.1,22172.8,17541.2,19054.4,18104.8,17835.3,21119,17647.7,16679.2,20948.2,22546,19984.2,17615.2,20152.2,18681,19667.1,19022.2,18951.4,18105.6,21599.8,19211.4,20118.8,18371.8,18841.3,17836.2,16932.5,16389.8,16400.3,20442.3,18996.6,21450.3,22875,22052.2,17041.9,21728.2,20864.8,17107.3,19491.3,22057.7,17601.2,19174.5,20413.3,19852,20341.1,21380.2,17688,19837.6,22772.4,16982.9,21937.7,20173,20112.5,18082.4,18856.2,19435.2,21623,21060.5,20634.4,20309.1,21858.8,17629.6,17595.1,20212.2,18092.8,20682.1,18178.7,21762.7,20540.6,22443.1,17517.7,19722.7,20483.2,18707.9,19277.4,17708.4,15750.2,18312.8,18716.6,22158,19207.7,17304.1,21146.1,18394.3,19651.3,19676,20962.2,18464.2,21185,21193.5,18365.6,21176,16773.2,20850.6,17095.4,19576.6,21107.8,18097.6,18593.5,18147.9,21985.6,18124.5,20697.6,18657.5,16471,18229,16910.1,16145.8,21885.4,18194.5,21008.9,22182.1,17116.7,19052.6,21669,18936.2,21988.4,21357.3,18028.9,19881.3,18023.9,18144.3,18092.1,18261.9,17540.5,22226.9,19070.6,17772.4,16236.6,17543.3,22859.9,17043.3,21672.1,21185.9,22720.8,20633.4,19125.1,20809.8,18830.6,21745,18020.5,19056.5,21221.3,19238.6,23193.5,21558.7,20939.8,20928.6,18679.2,23075,20477.1,20649.2,20059.2,23010.9,21887.3,19628.4,23005.2,19204.4,20717.9,21406,18706.5,24347.9,22530,23863.1,22940.3,22231.1,18920.9,22459.9,19696,22201.3,21948.7,24421.3,23275.9,24206.1,24769.5,18505.6,23653.5,18874.1,18038.3,20513.4,21540.4,22315.6,18840.8,18556.1,21273.8,17478.5,23343.8,19504.1,18300.3,23201,17864.5,20317.5,23111,20493,20300.4,18737,19049.9,18073.2,21739.7,19074.9,20241.1,20848.8,21482.5,19030.9,21448.9,21288,20904.8,20993.4,20106.7,22548.8,22741.3,29083.9,35423.9
31182.8,29917.5,23685,20787.4,23522.2,23168.5,19073.8,16753.8,19023.9,16593.7,17560.5,19078.8,16739.1,17842.2,17345.5,17910.8,17216.5,17571,20094.6,17917,16947.5,20853.8,16817.1,17192.3,17880.6,15778.9,16072.7,16709.9,18825,21568.4,21167.6,16627.5,18351.9,18568.6,18040,21804.3,20741.2,21378.6,16919.6,21641.7,21690.4,16577.5,20127.5,16744.3,16831.3,20425,21091.5,16671.5,19508.5,18542.4,16333.4,22250.1,16090.1,16959.5,22235.5,21855.9,20650.7,19711.2,18019.2,21660.3,19244.6,17125,19354.9,16362.7,18352,20624.8,19763.1,15906.1,19167.2,18209.6,18298.3,20567.9,20907.5,16329.7,17735.4,16424.4,17577.9,19810.8,19300.2,20056.4,15660.6,16229.4,18165.5,16432.5,17045.9,21030.5,16661.2,18814.4,19335.1,15239,15974.8,17805.7,15783.4,20179.9,16060.3,18848.5,18217.4,17030.8,17919,19345.5,15907.5,20870.2,18485.6,20980,19828.3,16830.1,20764.7,15372,20379.1,20065.2,18540.7,18357.6,18383.7,17165,18553.9,18401.4,20737.7,19103.2,17563,16411.6,18370.9,19150.6,18674.7,17144.2,16622.3,21354.2,16201.4,21520.4,18682.4,18907.1,20161,17950.9,18879.1,16138.8,19514.4,17017,19727.9,15613,18606.1,17443,15920.4,19941.7,17753.1,18655.2,20386.8,18603.6,18548.9,18854.2,20360.7,17923.8,19379.2,19267.4,18751,21176.3,19663.2,16651.2,15878,16759.1,20242.9,16315.2,16748.7,19010.8,19423.4,20858.4,18841.8,15760.3,19205,17007.6,20791.4,17760.5,16990.4,18104.5,22787.8,16523.9,19336.3,17960.3,17656,17557.7,17964.2,18077.8,20933.2,21786.5,18717.5,16363.6,16393.3,20473.6,18217.2,17149.6,21312.6,21852,16506.2,17445.5,22124.9,16749.5,16760.7,17984.8,22437.3,19816.6,19394.6,18904.3,20846.4,21121.2,18914.2,23422.5,18720.1,20605.2,20686.1,20477.5,20478,19987,17192.5,22424.6,17113.7,21028.5,17481.5,22327.9,17206,19908.1,20949,18345.6,18388.6,19560.5,22530.5,16050.3,17848.6,16312.6,17461.5,19275.1,21765.8,21442.4,21171.9,21889.3,21157.4,20760.7,17114.8,16939.5,19021.6,19394.6,18247.5,20857.4,22320.4,19071.8,17719.5,19671.8,19972.4,19740.2,16562.2,21510.4,19448.4,21345.1,16421.6,17442.8,19536.3,20257.6,21477.6,19829,15755.8,19021,20287,20949.3,17649.3,21110.2,19799.3,20297.5,16425,16364.4,17978,21829.1,16466.1,19353.9,19830.4,21277.9,20153,17445.4,20066.6,20384.1,16491.5,21983.7,16090.9,18939.2,16257.9,19081.3,17939.3,21946.4,20445.3,17222.8,21324.7,21557.7,17279.9,21355.5,21914.4,20825.8,18838.6,17004.8,17195.8,18875.1,21533.8,21893.3,18561,21936.7,21457.3,19712.8,18581.2,21811.3,22372.8,22619.8,22264.2,18892,16898.5,20438.4,21403.7,22995.1,19050.7,22227.8,20416.9,17130,23524.2,18405.5,17493.4,17939.5,22246.6,19669,23353.6,23891.9,23197.3,18010.8,20584.9,23379.3,21052.8,21009.6,23521.3,24206.5,21412.1,22739.8,20025.5,23423.5,18767.5,22030.5,20083.7,22072,23445.9,22290.4,20392.7,19143.2,24207.5,22482.5,22567.7,21194.5,21163.8,23250,18759.8,20441.9,19817.1,19347.5,21099.4,21589.7,21753.8,17561.5,23144.9,17038.3,22870.2,18600,19367.3,19218.9,22659.6,23272.2,20115,19850.8,21642.6,17999.2,17521.4,19177.6,20086.1,21452.1,20877.8,20244.7,18208.7,23895,22488.3,24324.4,22490.4,25377.6,28970,33268
34300.3,27194.7,27871.3,22001,24192.6,18351.1,20252,18069.9,19938,16388.4,21007.6,18795.7,21759.9,18276.3,19061.2,18872.3,21363.5,16246.5,20416.5,16182.9,20509.6,15286.3,20867.9,21181.3,18954.3,15786.5,17847.5,17743.3,20903,19491.4,18917.5,19964,19479.7,19715.4,15757.5,21685.1,21449.5,17763.7,22178,22129.9,17521.5,21909.9,18664.8,17918.3,21613.7,21795.7,16626.6,21593.8,18330.3,15969.5,21049.9,21510.6,16318.5,19398.3,17067,20453.9,20428.9,16018.6,17633.1,20135.5,20201.6,18576.8,16811.1,17189.9,19336.3,20054.1,19640.6,18744.3,18745.4,21767.7,17289.3,17313.3,16469.7,19300.5,21681,16641.7,19081.3,21580,19686,18035.1,16657,18721.7,16038.7,15192.3,20860,16286.1,21501.4,20482.2,19873.2,20783.4,20233.6,15474.2,21260.5,17438.7,21128.5,19320.2,18292.6,19543.6,18404.7,21338.2,19849.3,15132.9,16486.6,16181.6,15052.4,17858.2,14800.5,15650.1,16059.3,20542.9,17822.5,20180,17730.5,20998.3,20554.6,15379.9,21480.9,18020.6,16974.5,19328.9,16734.9,20414,19407.1,18776.1,16579.5,18911.8,19914,17364.8,17758.2,21498.1,17637.6,18508.7,16885.1,16188.9,17153.6,15699.9,16292.2,20291.9,16232.3,19598.1,18402.9,17043.6,15523.6,20456.7,20077.1,17741.1,15139.6,18907.6,17430.8,19784.8,15309.9,16262.1,15538.9,15499.9,15451.9,18225.5,21288,16642.1,20967.5,16145.1,20414.9,17487.4,18931.2,21025.7,18274,21278.1,17269.9,21456.2,21051.6,17810.8,20978.2,22005.2,20344.2,17644.3,18927.9,18138.7,20237.4,19399.2,21128,18990,20620.5,19278.7,21138.1,19076.4,21226.5,21629.2,19343,15810.2,20296.1,18393.9,22048.1,19078.2,21787.1,20951.6,22020.6,19133.1,19546.6,19037.1,17575.7,20249.5,20833.5,21038.5,20789.3,22922.7,20279.4,18316.1,21336.4,17413.4,17312.6,17119.2,21139.9,21213,18119.4,18508.4,21775.8,21946.7,22396,21369.3,20422.7,17413,16910.3,20089.5,21076.3,21071.3,19264.4,20927.4,20804.1,20651.1,18887.3,17975.8,16149.9,18341.3,16858.2,22019.9,16495.2,21878.4,15883.4,19445.7,18019.3,20322.2,19334.6,19420.8,16621.9,19038.2,18184.7,16206.2,19811.9,16676.4,15909.2,18853.8,18963.3,16415.4,17820.8,17805.9,16494.7,18204.4,19423.6,19517.8,20622.7,17793.3,17233.5,21098.9,19422.4,16054.2,20139.5,15865.5,19485.1,18724.4,22521.7,17062.9,21910.7,18718.7,17647.4,15902.8,16327.5,18004.2,16716.6,22110.7,21376.5,17949.5,20336,20439.7,20140.3,16366.1,18147.9,19833.4,19291.3,16555.3,19023.4,22226,20128.2,21542.8,20124.6,16982.4,17801.8,20444,20640.5,19475.2,19226.5,20941.4,22101.6,18951.5,18198.8,22794.8,16608.3,17998.1,18308.5,21475.6,17057.4,20714,20739.6,21582.1,18087.9,21183.9,20763.3,22891.6,20188.1,18227,23266.1,23302.2,18482.2,23756.5,17997.6,23458.7,22349.7,24269.2,23180.3,23978,20274.9,20920.8,23360.8,19882.8,18321.9,23899.7,24412.6,24405.8,19652,22659,21401.4,22540.9,23222.8,20579.6,21690.1,20749.3,20516.7,23608.6,22654.5,22120.2,21335.2,23258.3,20311.8,17754.3,21453.7,19869.9,17473.1,23585,19426.6,21408.7,20435.3,21241.8,18804.3,23034.2,20345.9,22520,18251.2,22997.9,22144,19414.2,21226.1,20873.7,18087.4,18512.7,21452.9,17912.3,23357.4,19118.4,18253.9,20638.9,19103.1,24333.8,20869.7,27915.4,28996.6,33826
32018.4,27209.2,25366.3,25224.1,19312.1,21708.2,22153,17708.5,16696.7,21277,21071.5,19659.7,21702.1,18384.1,16393.8,21067.9,19946.2,17802.6,19512.6,19706.8,21160.1,19757,17484.3,18992.4,15628.1,20555.7,17005.2,20732.9,20997.1,18871.9,18160.4,19901.1,17773.4,17446.1,16836.7,16508.8,17968,19577.3,16644.2,16438.7,21284.8,16800.5,17553.9,22380.7,18727.9,20061.4,20658.9,18809.3,20147.9,18762,16249.4,21720.1,19188.5,20893.4,20393.5,20432.2,18669.8,17745.8,21800.5,19101.7,18023.5,18303.3,20745,18167.6,18439.4,17502.4,20631.6,18515.2,21692,15972.6,18065.4,17785.3,19163.4,16706.7,18412.6,15880.5,20190.8,20520.4,20728.5,21601.2,20276.1,19866,15433.1,18747.1,21650.5,18874.3,18025.1,20042.7,16050.1,21586.6,16259.5,19375.9,17706.1,20259,18360.4,15398.5,17424.2,17437.5,16157,15159.1,21220.2,20933.6,21249.2,19372.2,18700.7,18719.9,18143.9,14867.1,15362.6,20275.5,20157.3,21417.9,19290,18860,20808.8,20264.6,16941.5,16619.3,20944.2,17775.4,15710,20666,20739.4,20463.7,21774.4,21251.3,16312.7,16168,18566.2,22561.9,22742.1,21789,21984.3,16456.3,17500.8,21291.5,20166.1,17892.2,21163.4,17355.8,16982.4,20073.3,18193.4,18622.9,17705.6,20422.8,17611.2,17794.6,15397.3,18615.2,19672.5,19359.5,18664.9,20484.8,18318.3,20305.2,17428.7,19174.8,17829.1,17422.4,20362.4,17236.9,18777.7,20327,21371.9,20940.9,19772.5,19316,20992.5,18499.1,18751.9,17036.3,22629,22500.4,22049.6,19809.8,17101.9,16945.6,18515.1,17570.7,20144.1,16877.3,21023,19280.8,17700.4,21182.8,19193.2,17877,17056.6,16228.6,20800.8,21499.5,21647.5,20874.4,21456.3,19758.2,19530.8,18820.8,22351.1,18203.4,19630.4,20354.5,20333.3,18591.6,22242.8,20316.8,16989.8,19020,19434.6,22592,16803.6,22161.3,21577.8,17529.9,18280.1,17562.8,17180.1,17906.2,19844.2,16468.1,19414.7,18598.9,22250.1,18281.7,17338,18338.4,20453.9,20144.7,20725.7,20208.5,19235.5,17548.3,17106.9,21142.1,16616.9,17922.3,19720.3,21281.8,16684.2,21966.5,17998.6,17714.9,20667.7,17787.9,21430.1,16816.5,21838.2,18855,18882.7,16015.3,16549.9,17569.8,15711.9,20049.5,19197.2,17809.8,19424.8,15498.7,16812.7,20942,20454.5,19948.9,19120,21621.3,16974.9,19587,22123.2,16409.1,17116.5,17358.7,16346.5,20703.4,16534.6,16228.3,17912.9,16974.6,19406.5,17249.3,22016.7,16807,16045.9,21008.5,18324.4,18041.3,17369.9,20860.5,20639.2,19686.7,20509.4,22260.2,17496.9,19178.6,22715,22545.7,19373.7,22562.7,20220,18339.9,18365,20661.9,17664.4,21468,16752.4,18199.4,21941.7,19553.2,21955.6,21119.5,20737.8,21775.3,17218.9,16810.2,17433.6,20217,19420,22576.3,20023.7,21099.7,23578.7,22348.7,19103.8,23688,18971.9,22781.3,23860.8,21554.9,24449.8,19527.4,18821.4,20863.3,23650.9,24598.1,19891,18175.2,24611.3,24601.5,20758.8,19361.7,20845.6,20165.3,19808.8,20707.6,20763.9,23991.8,21876.6,22828.7,21983.2,18129.2,24321.3,22870.8,19129.6,20645.4,21897.5,19888.7,23863.8,18998.7,21132,21220.6,17858.4,17474.1,19322.2,20343.1,20100,20327.2,16596,22118.1,21618.5,22713.9,21191.8,22253.1,17343.9,19201,21394,18850.9,18856.3,20956.5,16944.4,19686.1,18278.9,18321.2,25883.4,26848.5,31503.9,34844.6
33910.4,25229.8,25997.7,20872.2,20638.7,19963.6,18136.2,20543,18440.7,21222.1,21971.3,21145,16362.4,17717.4,15726.2,18037.2,17623.9,17455,19088.7,18151,21512.4,17680.7,16334,17460.4,17129.3,21043.9,18867.3,15232.1,16548.8,16604.1,18314.6,16700.9,17929.9,15727.7,15732.2,21854.4,19251.5,17542.6,17797.6,19765.5,19557.5,18348.9,20646.9,20440,20214,19519.1,19617.5,21526,21571.9,20699.1,19794.8,17326.6,21263.6,21354.6,17202.9,18322.3,22408.2,20574.2,18473.5,20188.2,17490.9,20126.9,17928.2,16418.4,19155.1,16270.2,20864.5,21956.4,17157.3,20708.7,21860.7,21522,18277.4,19288.6,21359.1,20700.2,19052.1,18734.1,20691.9,15720,19581,16892.1,15728.9,15288.8,17168.1,19593.8,16768.5,21131.6,19367,20786.2,21850.1,20754.3,17485.8,20150.4,17980.1,21016.7,18697.5,20271.7,19216.3,20396.5,16320.6,16708,20944.8,19208,19661.8,15518.7,20050.5,17883.9,20227,21145.3,19023.1,21546.5,15506.8,20765.6,15286.4,20415,17795.6,19125.7,17382.3,16142.2,15775.6,20761.9,20993.7,20218.1,16730.4,21513.7,19919.3,18630.6,17230.7,18981.6,22322,21215.6,22078.5,22316.5,18129.6,22057.2,16974.3,20976.1,18668.2,19342.5,21220.5,21305.8,19641.5,16473.9,16817.6,17972,18746.8,18697.2,20720.2,16002.9,16186.6,17016.9,20530.2,20285.9,14797.3,18139.2,21505,16603.7,17555,20447.8,18779.2,16578.5,19997.8,21635.7,19210.3,18029.9,21187.4,17723.5,17812.5,17046.9,21822.1,17526.6,22921.6,21583,19905.3,16334.6,16321,21919.2,19249.4,18815.7,17688.4,20052.5,19466,22461.2,16505.5,15893.2,17800.1,20521.5,18047.3,17995.4,17996.3,21692.8,16288.2,20728.8,18509,21540.7,19969.3,21173.1,18894.7,19522.3,16682.3,21552.1,20645.8,16734.5,18735.4,17289.5,19398.9,18170.5,19117,19086.8,19944.5,20231.3,23113.5,21476.7,16909.6,21049.5,18232.9,19696.1,22193.1,16335.6,19748.6,18310.4,16235,19325.9,16056,20534.4,16137.8,22071.8,16157.8,19090,19838.6,20806.1,20138.4,18266.5,22395.8,20506,19972.9,21109.5,21917.2,18143.1,22424,19603.7,22233.7,19711,19574,16498.7,16108.5,16634.5,21949.4,22321.8,17731.6,19472.9,19808.6,19815.9,16670.1,16987.4,19124.7,18025.6,17271.2,19056,18422,18080.7,19932.2,19699.6,18385,20652.4,22038,20235.4,16692.8,16428.7,19488.1,17077.1,19143.4,16189.9,21674.6,19824.4,16344.7,21443.8,19503.8,19016.3,16528.1,19227.9,20534.4,17716.8,20780.5,18856.3,18093.1,22238.6,16709.2,19852.4,17105.4,20153.4,21344,22476,17045.2,22274.8,19226.4,17704.9,17862.5,19930.2,21279.4,18140.2,16874.8,17721.9,22078.6,22216.6,16696.9,20621,18941.2,20226.6,19779.2,22237.4,17711.6,19976.8,18239.7,23370.3,21405,19320.8,19767.4,23018.4,22466.5,17688,19636,21836.8,20845.7,20215.1,22389,18644.1,18600.3,23245,19371.9,20827,23480.3,22040.2,19935.2,19749.5,21904.6,20282.1,22450.3,22014.8,21465.2,22899.3,18789.4,18633.3,22609.4,18482.6,23038.7,18252.3,22115.4,20070.6,20254,19650.7,5391.28,19320,20403.2,20731.9,23600.3,19315.7,18355.1,18855.5,20772.6,17639.2,19746.9,20251,18103.3,21329.8,22171.2,17428.9,21678.8,19997.1,18200.4,20496.8,20378,17266.1,22313.2,20665.9,23414,23446.1,17576.1,23999.5,23266.5,25733.9,24936.1,32361.2
33876.3,27713.1,23892,22265.6,21031.2,17734.3,19408.2,20542.5,20647.1,21481.6,19996.2,15926.3,17998.1,18876.5,17043.4,17966.1,16643.8,17821.2,15945.3,19696.9,18618.8,17218.8,19583.2,19058.1,15400.3,21641.8,21760.9,20690.6,18557.6,20731.7,21566.7,19267,19690.3,19263.1,16464,17999.8,18953.5,19503.7,18014.1,20488.5,18386.6,16863.5,18566.4,18274.6,22350.2,20317.5,19749.1,17838.5,18840.1,19927.3,20235.8,18830.8,21468,16967.2,20473.8,18299.1,18996.4,22113.6,16364.2,21329.4,20012.2,16812.5,17064.9,17759.1,18814,21507.7,18867.8,18675,21445.1,19453,21678.3,21745.9,18616.8,20743.2,16639.1,17243.6,16065.7,16654.5,20126.9,20777.6,21048.4,16490.3,16088.2,17559.7,17005.4,20219,19778.9,15886.5,20838.2,18455.9,21651.8,18903.1,18360.2,15445.7,19758.7,19751.2,16446.3,21355.8,21022.4,16063.2,21236.7,21612.2,17037.6,16155.1,14964.9,14804.5,17428.1,18901.8,21190.5,15860.1,15980.2,18923.4,15957.4,17515.1,17832.9,19745.6,19484.1,21919.9,16073,15629.6,18381.3,19750.6,19580,17930.3,19822.4,18951.7,21257.2,20360.7,19822.3,19099.3,19172.6,20687.5,20568.7,21149.9,17512.6,19505.8,17895,16159.3,16614.2,17024,20973.9,18029.1,15970.7,16537.2,15496,17212.9,20901.8,18598.1,18265.5,17499.1,16427.3,18464.9,19647.7,18781,14940.3,18328.1,18849.1,17073,16548.1,20237.4,19585.1,18377.4,15731.7,21441.2,19792.8,15903.9,21713.6,20943.1,18431.7,17238.4,22794.7,18778.6,21528.9,19670.2,18649.9,17568.2,22533.7,16583.8,16048.4,17120.3,18132.3,22119.2,20406.6,17632.9,18842,16955.9,21198.6,19029.5,17649.6,18456.4,20456.8,17397.7,21853.3,16351.4,19514.3,20738.2,19500.7,16651.1,19711.5,21117.3,22738.5,22476.2,21507.8,20659.6,19170.9,21454.2,20163.8,17657.9,20697.2,19471.4,21570.5,17734.2,22029.9,16852.5,21999.5,23144.9,17838,20224.4,19971.1,21863.9,19989.9,18175.4,16861,22162.4,16635.8,18336.5,22100.8,22440.8,21708.2,22208.2,18961.7,21568.2,16190.7,16699,22021.1,17522.7,18649.4,17666,18253,18792,18822.3,19848.8,17592.1,17763.2,15873.9,17787.8,16301.4,19037.1,21073.7,20971.4,20871.2,17375.9,19148.8,15870,19453,20443.9,21809.7,21335.8,21844.9,19052.1,20568.2,18136.9,17195.9,18403.7,20837.2,18531,16878.4,19298.3,18079,17676.5,18919.6,21829.6,17053.3,18223,16316.5,18212.6,19284.9,22532.2,16209.9,20949.6,17529.5,17031.8,16644.3,18611.6,19707.4,21926.4,20637,18261.4,19704.8,18026.9,21059.8,21079.4,16713.5,17012.2,19899.6,21117.6,17303.2,17809.3,22663,16593.8,21065.8,17206.2,18797.7,17660.8,20546.2,21156.8,19043.8,23014.5,19095.8,21479.8,21217.2,22223.5,22735.4,17012,21873.6,22314.7,19171.9,19906.8,20730,22862.8,22103.1,18515.7,18647.3,21737.9,21436.7,22686.8,18169.2,20279.7,18505.3,22067,23742.3,22756.2,20875.8,22635.8,23051.2,18668.9,22870.4,21154.1,21278.5,23497.9,23355.7,24635.8,20700.1,18806.6,22929.2,20604.7,18333.6,20415.3,18294.9,24022.1,19364.1,19264.1,20383.7,24149,23830,23448.6,23137.4,21090.2,20428.4,19841.4,19379.2,19712.3,21764.8,16934.6,21086.1,23282.2,22744.3,21939.5,21477.2,17376.6,22176,20197.3,18688.5,19152.9,23762.1,19189.2,18057.1,21665.7,22715.8,18416.5,24721.4,22377.2,25507.9,29505
30347.4,25039.8,22846.8,21071.5,19043.2,17729.3,16686.5,19783.7,17225.3,18238,21763.6,21684.1,18671.4,21239.2,15806.1,17210.5,16130.2,21192.7,15559,15986.4,16253.2,19305.3,19003,16811.1,16240.2,21344.9,17002.5,17703.6,20211.7,17896.5,17168.7,19346.9,21225.3,16310.4,18345.5,21210.6,16783.1,19045.3,20906.3,16468.9,19066.6,18397.4,17056.6,18149.3,17607.6,20030.1,21385.6,21308.1,19975.9,19716.2,17834.8,18751.2,16439.7,19255,20820.4,16677.4,21194,18399.2,20830.2,21712.3,21032.9,18932.3,22002.2,18838.1,22105.2,19723.3,16416.7,15801.7,19283.6,18377.7,20171.8,17215.8,21066.6,20325,17247,21591.8,19296.3,20547.7,17166.2,16051.3,15627.9,17603,17044.4,17017,16473.7,19174.6,15351.3,21631.2,18154.6,19875.5,20607.5,16922.9,21061,15810.6,20486.1,17680.5,20710.8,20625.5,19364.3,20178.7,20725.2,18399,15625.3,17396.2,17231.3,20098.8,16114.7,15835.5,19989.6,20128.3,16465.9,20820.3,18668.4,15267.5,16678.4,17217.7,20291,21048.1,18633.9,19392.1,17755.5,21603.6,19917.3,17903.3,17529.9,19981.5,18641,19880.3,16754,16266.2,19560.4,16411.3,20145,22278,17952.2,20476.2,21040.2,17804.4,18953.8,15261.7,19396.3,17368,20045.8,19675.9,17939.2,18791.5,17777.5,16973.1,19348.1,17523.1,17739.1,17334.3,17269,15228.6,19065.5,19450,18416.7,19375,15807,21740.5,20949.7,20667.8,20921.7,17396.9,16237.9,22093.4,21656.6,16438.4,19951.6,22477.4,16739.8,16722.4,18743.9,21202.3,20859.2,20683.3,17584.6,16721,20026.7,22639.4,19567.5,19028.4,19702.1,21068.4,21921.6,17402,20807.8,19401.2,21735.5,16707.8,19092.1,22534.9,17404.1,19003.4,17782.8,21635.3,18021.5,17872.7,18838.9,22025.1,17991.2,18603.4,21224.4,17660.7,22146.1,18975.2,18787.9,19215.5,18363.3,18624.3,19385.3,20553.9,21106.2,18731.3,23148.8,20104.3,17900.7,19171.1,21673.3,17369,17109.7,20713.1,16228.3,18706.7,17349.2,16461.6,19203,19359.9,20712.8,18970.9,21519.5,21455.1,16715.6,19851.2,17224.8,19245.9,19461.6,18772.1,17494.2,18298.1,16543.2,17125.4,21451.7,21893.9,18336.7,19872.9,18532.4,18153,19197.8,16475.6,19711.9,21935.7,20481.1,21484.8,18779.6,16191.3,16335.7,19842.9,19607.2,17576.4,17073.6,18446,19732.2,19611.2,15578.4,19499.6,21747.2,16204.5,19249.3,22006.3,17555.6,17817.9,18247.9,16217.7,17189.3,16569.6,21398.2,21426.7,21280.1,17281.9,19826.7,17114.9,19181.4,19542.5,19264,20771.6,17830.6,17318.6,21712.7,18109,20166.3,16902,19966.6,20220.8,18015.6,18246.7,18778.3,17406.5,21541.6,21406.9,19978.6,20593.9,17982.4,22176.3,18767.6,20422.7,21982.6,16683.1,19454.8,20813.5,16682.5,17072.1,20654.6,22040.1,21910.8,18230,17478.8,18302.2,17477.6,23641.7,19989.4,20085.2,18347.4,19353,20665.7,21943.9,18209.9,24247.2,23919.7,19944.8,24347,24884.9,24584.9,19883.3,18664.5,24169.9,19495.3,22155.2,19472.3,19159.1,18842.7,24095.6,19748.7,19240.2,21662.7,20155.4,20652.7,20488.1,24041.2,19846.8,21188,19687.9,19046.6,20245.8,19175.9,20459.9,23291.1,23813,23276.5,17894.6,21584.4,19905.8,21002.1,20477.7,18814.2,17352.5,17910.6,17974.1,18174.1,19605.4,18685.7,16928.7,23788.4,23655.2,20044.4,20536.3,17320.2,19226.9,21286,22906.7,19955.2,25210.9,25874.6,29329.2
32057.3,28868.3,22194.9,21630.9,23598,22510.5,21152.3,21941.5,19906.2,17953,20094.7,18976.6,20746.8,18440.8,16890.1,18376.2,16672.1,17350.3,17450.5,17120.4,15647.8,19516.8,18277.9,20052.7,18850,19310.4,19912.1,20072.2,19955,17275.2,19121.6,15800,16888.9,18542.3,21488.9,20781.8,18650.5,21369.3,19654.9,17252.3,18616.7,16556.6,20156.3,20829.7,21782.3,21024.4,21350.2,18035.6,22158.9,20906.4,19757.9,20363.7,17566.1,16422.2,20385.8,20317.8,19562.1,19352,21301.2,19729.4,21023.5,19300.6,17859.9,17667.4,21559.8,21898.2,20249.9,21305,16531,21382.3,19295.9,17951.5,19956.8,20446.7,17896.6,22099.4,21791,17942.9,18415.4,18760.4,18168.5,15877.8,17386,16796.9,20948.8,20568.1,20775.3,15953.9,17696,16181.7,21547.3,20867.2,16259.3,20199.6,16743.3,16074.8,16560.8,15525.9,20217.4,20389.7,18491.5,16327,18606.9,17295.4,17658.7,21076.5,18008.4,15753.4,16906.1,20657.2,15232,18589.6,19932.2,19834.3,17619.7,16149.5,21404.3,17446.4,15958.6,15948.2,20720.3,16075.6,19962.9,16562.6,19636.4,16711.8,17155.8,22358.7,20328.5,19476.1,21302.4,18667,16499,18170.4,20559.8,20338.8,15617.5,15069.3,16324.9,17699.7,17734.5,19553.7,15305.2,19836.7,21071.4,18688.3,21147.6,16941,21426.1,16359.9,16710.2,18528.9,19865.1,20307.5,18151.3,19301.7,17310.9,21316.4,18016.2,16591.1,20225.4,17791.2,17869.5,19064.7,19780.6,17954.6,21753.4,21940.7,19446.7,19935.5,17951.2,17104.8,17570.5,18538,17670.4,19732.2,18297,20945,17299,17483.5,21097.4,18463.2,16787.1,20701.4,20673.6,19666.8,20250.9,20727.6,21877.5,19612.6,18953,16176.9,17035.6,19681.5,21625.1,18989.7,18161.6,17689.8,21488.8,20863.1,16447.2,19632.9,19120.2,16668.7,20452.7,17266.5,20626.7,18391.7,20547.3,23116.5,20933.9,19064,19149.1,19356.2,20723.5,19544.2,16842.7,21351.3,22594.2,21421,18911.7,22841.1,20339.2,16246.2,19463.4,17125.1,16874.9,18667.5,20478.9,16080.8,15949.8,17135.7,19724.5,18319.8,21101.9,22397.4,21904.3,18757.2,19151.2,17867.5,19498.1,20775.4,18751.2,18718.9,16579.9,16185.5,19143.3,19194.1,18462.6,20336.1,19009,20392.5,18471.7,18855.6,16516.1,16415.4,16267.8,16370.4,17051.3,16724.8,20175.7,21742.7,21507.2,17978.8,19812.8,16532.1,17294.3,17108.2,16154.5,16935.9,20969.7,19483.7,17360.5,17875.5,17143.8,19004.1,19016.4,17995.5,16621.8,18994.7,22550.1,17709.8,21659.8,19206.6,19411,21788.5,19424.7,20849.1,19454.8,18528.2,20732.2,17364.5,22395.5,19608.5,18384.6,15871.7,21871.5,20748.4,18507.2,22880,17890.4,16621.1,17881.8,18548.9,23035,21439.7,16804.2,16876,19167.6,18533.6,19645.4,22176.2,17616.7,21500,22408.8,22159.1,22823.2,20233,24099.4,23774.2,21390.4,23159.8,17659.8,23589.4,21998.6,21205,20804.6,21083.4,23225.4,21289.2,21504.3,18293.8,24453,20500.3,23303,20088.8,23918.2,22640.2,21098.5,19875.6,22598.3,24821.7,23171.5,24177,20785.9,18553.9,22625.2,21447,18635.7,18423.5,22260.7,21220.7,18721.5,21709.5,18420,21576.4,23667.5,18689.7,18910.9,20459.3,22862.1,21563.4,20327.1,20735.6,18093.3,21482.3,18255.4,19048,22817.7,17430.3,20194,17643.5,21161.1,17853.5,17977.2,23824.9,18446.4,18125.1,20717.8,24652.5,25237.4,27291.8,31066.1,31150.1
30380.9,29953,27369,22740,21960.9,18513.9,18509.4,20056.6,20120.1,19179.2,20513.3,18350.6,16922.7,18816.4,16206.7,17253.3,19929.3,16518.2,15968.2,17061.7,20093,20833.4,19413.8,21476.3,16961.7,18823.8,18771.5,18275.2,16507.2,16314.3,16327.9,21097.7,18846.4,20704.1,20072.1,19362.8,16869.5,18487.3,20610.8,15995.5,17930.2,21070.7,16388.5,16979.8,16530,16553.5,18406.7,16552,16553.7,20849.5,16258.8,17167.6,22610.8,20002.1,21225.8,21685.1,17454.4,19698.5,18759.8,19802.9,17538.4,16218.9,20037.9,19168,16605.9,17392.2,20407.5,16694.1,17652.5,18536.9,15721.6,21973.6,19534.5,19075,17222.2,20695.2,18077.3,20051.2,21497.1,18427,17428.3,17634.3,16913.5,19201.3,20265.7,20714.3,20506.1,20268.3,15377.8,19755.2,16710.2,17605.3,15085.1,16287.6,16206.5,17026.9,21217.6,16447.5,21562.7,20870.7,16341.4,19905.1,18331,15568.8,19398.7,20685.2,15323.8,14692.6,16070.7,21295.1,19856.3,16750.8,18402.5,18959.3,18502.6,20202.2,17594.5,17197.5,17648.5,21608.9,19224.9,17589.5,16889,21467,20393.3,22539.5,18395.2,20203.8,17859.1,22174.5,17259.6,21344.2,22777.5,16992.1,17807.9,20438.1,19531.2,18293.7,16415.7,18918.6,15751.6,18115.7,17182.6,16660,19816.3,15449.6,18806.5,17987.8,19893.3,19900.3,19035.9,15938.1,19335.9,15764.2,15373.2,16018,18451.4,18300.3,21714.9,18135.1,18036.2,19742.5,16802.1,16514.1,22044.2,19610.8,21819.8,22163.9,22501.2,20259.2,21451.1,19349,16970.3,20323.8,18789.1,17482.5,17675.3,17403.1,20273.1,22443.1,19929.7,21838.3,21101.9,21761.4,22723.5,22296.2,21173.2,16075.9,18976,19191.4,21573.1,20629.5,16380.2,18535.6,18359.6,20782.1,22165.2,18065.1,16858.5,20876.8,17428.9,19196.4,21679.7,21142.6,18660.9,16904.1,21408.3,20715.1,19193.4,18686.4,18606.2,19659.9,21567.1,16840.5,18981.8,20667.2,17345.6,20140.8,19034.1,17324.6,18255.6,17298.1,18163.5,17657.5,16828.2,18280.9,18468.8,18743.2,16665,21325.6,22144.9,21214.6,20272.2,19709.5,22744.1,22344.6,17273.6,22359.6,18953.8,22189.5,18026.8,20332.6,16079.6,18458.7,16546,21869.5,17867.5,21076.1,18181.5,18959.6,16007.2,19188.3,17246.2,20296.7,17214.1,16242.8,16699.6,17933.5,20294.3,19992.2,15550.3,21769.2,17788.7,16024.8,20217.2,20899.1,20746,22092.3,18173.8,20841.9,16477.8,22413.6,16567.5,16938.8,19404,17461.5,16242.7,20921.2,19305.5,16584.6,19493.3,18826.5,21246.7,22299.4,17833.5,20633.9,19776.7,16494.9,17237.2,16837.6,17305.1,22370.7,21023,17056.3,16555.1,18464.2,18981.7,21936.8,22021.5,19045,21468.3,19149.3,18180.9,17709,16893.1,20256.4,21283.8,18347.7,16943.4,22391.2,17093,20186.3,22681.7,18154.4,18148.8,22096.2,22947.4,21752,21060.2,24535.4,18386.6,23505.1,22991.2,21012.9,23724.1,19522.5,18121.1,24245.9,18028.9,21513.8,17930.3,24077.3,24028,18940.1,20449.4,23616.1,18338.7,20500.7,23916.4,22651.8,18292.5,24173.5,19614.2,21497.1,22787.8,20443.4,22707.8,22936.6,19651.8,24587,22262.3,19802.3,18965.9,24292.6,23246.1,21221.6,19098,17365.2,20803.3,20288.2,19936.8,22928.7,20793.2,16789.2,17624.8,22636.4,17990.2,18411.7,20506.2,19122.6,21917,17618.8,19978.9,19418.4,22739.2,22253.4,20888,21845.9,21031.5,20907.7,23370.8,22885.3,28123.1,31386.7
33607,30995.2,24767.7,23822.5,22188.2,23568.4,20107.2,18491.9,17509.5,16132.7,16387.4,20746.6,17052.1,19378,20465.3,15667.8,17869.5,20145.2,18333,21219.6,16556.5,17531.8,15750.6,21345,19974.8,15518.9,19731.1,18792.1,16762.6,17237.9,19020,17245.1,17604,20846.1,16626.9,17420.2,19754.6,19238.7,21004.8,21646,19993.4,20201.6,19956.2,20471.9,18737.4,20065.4,21488.5,20134.4,18969.6,16879.9,19852,19302.4,18865.5,21891.3,20824.5,22154.8,22467.5,20685.1,20904.9,17028.2,21513.8,22117.1,19333.1,18867.3,20395.4,20663.5,20672,18356.3,18078.3,17226.5,20876.7,18640.7,17240.9,17752.6,21016.3,18816.4,20495.4,20426.4,21639.6,20840.3,17134.3,16932.6,17354.8,21390.2,16292.6,20053.3,18137.5,15004.3,16613.6,18705.1,21633.4,17852.9,17999.1,20412.3,19798.7,17571.3,20703,16958.5,21046,19103.3,17176.6,19851.2,20432.8,16858.4,19556.3,16551.3,16671.1,16401.5,15584,18461.8,17642.4,17970,17056.6,15746.1,17023.8,18824.5,21724.6,18779.6,18554.4,15625.8,16897,20677,20196.7,20881.6,16295.9,20873.8,20599.3,20079.7,19402,18441.8,18728.3,18057.9,21978.6,20550,22520,22241.2,20274.7,21402.2,15206.2,19084.1,19707.7,18790.1,17122.3,17445.5,20197.3,16420,16788.7,17270,15372.8,19484.9,15798.5,17541.7,21322.7,21064.4,14669.8,19405.5,17247,17973,17278.3,17811.1,21959.3,20529,18898.2,20232.8,17948.4,15891.6,17542.6,22289.6,19080.5,22807.7,21751,21882.7,20723.1,20674.5,21514.7,17286.7,22737.9,16683,20888.8,22771.6,20426.6,17853.7,16257.9,21358.7,19606.1,20003.4,21211,19932.4,21196.7,19536.2,22062.3,16272.9,16522.9,19217.6,19962.8,16639.9,21611.3,19063.8,17173.7,17112.6,21927,20217.8,17858.9,19115.4,22258.5,17558,18477.1,19467.7,21445.1,18675.3,21145.2,20329,17145.7,20270.9,17357.2,21394.7,17056.5,19430,20110.8,20896.7,18320.3,16554.6,16437.1,17152.9,19192.9,21847.1,21796.7,16427.9,17576.1,22324.1,18175.5,20684.4,16545.5,20449.7,22012.9,16555.1,19593.3,16579.9,17793.2,17461,17549.8,21947.3,16206.6,17289.8,20058,22222.8,22218.4,20409.4,20616.5,17153.1,21026.8,17848.6,19659.5,15580.8,15488.1,18985.1,17206.7,19287.9,15874,19079.5,17962.2,21888.6,21570.7,21494.8,17173.6,17546.2,19118.3,18787.1,19793.4,22501.8,19578.8,20446.5,18382.5,18060.7,21250.6,15687.3,20581.8,18159.4,21121.5,19277.3,18027.7,17081.3,16167.4,18287.9,17668.8,4944.42,19123,19888.7,20321.7,18648.4,19263.9,18605.8,19408.7,21496.3,21477.8,17576.6,16036.8,20309.8,21368.4,22729.8,16909.9,18072.4,17166.4,20099.8,17017.5,18371,18445.9,17531.4,17203.7,18224.2,18429.6,16907.1,17546.3,23650.1,22567.2,21932.8,20218.3,21680.5,18117.5,23702.1,17973.8,19430,22553.8,19981.4,22701.9,23884.7,21298.9,20035.3,20489.6,18489.9,21860.3,22814.3,20981.6,24589,18416.6,21384.2,19978.3,18525.4,22262.9,19397.8,21136,23338.1,23333.3,22764.2,23971.1,22477.3,21510.3,21946.6,21820.1,24607.5,23603.1,22636.3,18165.7,20527.8,17837.2,23986.3,18357.3,22784.1,21335.3,18291.2,17607.5,19552,20531,18430.9,17897.5,18734.2,18753.3,18660.9,21273.4,20188.1,20154.4,20146.7,19195.8,21911.7,23814.7,23429.5,18569.8,19386.3,20592,21652.5,24883.9,27970.2,29258.5,34727
33970.4,24945.2,23536.4,24776.7,23107.2,18208.6,17713.2,19934.9,21025.3,18693.3,20340.1,16116.5,18826.2,20916.5,17130.8,20160,19105.7,17669.1,21295.1,15612.6,16179.5,19778.1,20639.3,15629.1,19523.1,19376.7,20679.8,17007,20599.3,18324.6,19596.5,18489,19329,16159.8,15654.2,21435.2,20941.5,21965.7,22237.4,19001.5,17298.4,16058.8,21968.9,18611.4,17165.3,18031,19737.5,18735.6,20751.3,20624.6,20583.5,17596,19700.6,18228.9,19165.5,21328.3,16732.6,22006.8,20123.9,17891.5,20187.1,18187,18962.5,21571.9,19735.1,21864.4,22232.6,17193.6,19487.1,20913.3,17732.7,20109.3,16273.3,19820.4,17034.5,16213.8,21289.6,16869,19341.4,18037.3,16159.6,18349.8,20199.1,18098.4,20718.5,20019.1,16695.3,18027,19196.9,15128.2,18847.1,17426.3,15321.3,18739.3,21635,16799.6,17575.2,16231.5,19098.2,18873.9,16997.2,16930,17181.1,18138.6,19287.5,16670.2,19077,19869.7,19899.5,20663.3,15634.3,20416.2,21569.1,19355.8,19299.9,18468.4,16309.9,18107.2,17809.7,15459.7,21833.3,19212.2,22463.3,19941.6,19224,22466.4,18290.9,17768,17028.8,18336.3,17627.8,21501.6,18627.2,18123,18827.7,20473.5,21483.5,15300.3,15335.7,16435.3,19566.1,15604.4,15234.6,21244.1,19511.5,16848.2,18233.3,19736.8,18793.5,20116.3,19130.9,17178.3,16136.3,17837.2,18659.9,17297.6,17914.3,17791.8,20836.4,21037.4,19651,16310.7,18463.8,18742,21789.9,19743.9,18962.3,20947.5,19750.8,16951.5,21886.7,22285.7,20698.4,16637.7,19997.6,21839.8,16678.2,21483.2,21646.7,21908.8,18190.9,19419.7,17503.5,22314.4,22612,16271.4,18931.1,21211.6,21075.4,22421.7,16150.1,21294.6,17639.5,20564.4,16328.5,18001.8,22838.2,20987.4,19753.4,17946.2,18013.9,21771.5,18358.2,20103.9,20681.6,17257.3,21541.6,20717.9,20252.3,19707.8,22475.2,21616.8,17205.9,21865.4,18852.3,20825.1,20545.9,19901.6,21520.7,22011.1,16849.9,16918.1,16830.2,16641.1,19878.6,21919.8,19023.9,19221.9,19062.4,22114.5,21411.3,22483.1,17860.5,16445.7,21118.4,20771.7,22292.3,20864.4,21118.1,20224,16313.5,21359.6,19502.1,16205.3,21546.9,20937.3,19228.8,16404.2,17933.3,19585.4,21229.5,19144.6,20612.8,21465.8,17059.5,16293.3,17860,21205.9,19087.1,18272.3,17950.2,20561.2,17593.3,17316.2,19770.3,19204.6,16432.6,18224.8,21050.8,20065.2,20291.8,20812.6,17991.7,17617,17797.8,18222.6,19967.6,17791.4,17332.1,21785,20891.9,16862,16511.9,20303.3,19485.4,19678.8,17625.5,20041.6,16499.1,20423.4,18975.6,20896.6,19529.7,17872.6,20473.3,19918.9,18775.2,22375.2,16607.5,16349.8,18567.2,22930,17345.5,22019.5,16674.1,18683.6,16477,19605,21211.3,22855.2,18503.7,18504.7,22091.6,21343.6,23352.2,17526.6,21069.8,18525.4,21312.1,23911.3,22806.4,22886.9,21454,19187.8,19896.4,23273,23856.8,21878.6,18712.1,18769.4,22601,20056.3,24861.8,22745,21610.5,20846.3,19240.2,24197.1,21368.3,21025.4,22735,18812.9,23444.1,23961.9,24638.6,19783.8,24899.4,18733.9,20240.8,18733.2,22910.6,22694,17810.8,21978.4,23386.1,23460.5,17652.4,19822,19123.6,23759,22197.3,18453.4,17905.3,20582.3,18729.7,17649.7,17356.1,22010.5,21570.6,17950,21824.6,18761.6,22680.4,21119.5,21824.1,17597.3,19924.1,23443.6,18907.8,19986,22656.7,28046.6,29944.8,29493.7
33141.6,28062.9,25464.6,24875.7,21930.6,18753.2,19651.3,20559.4,18853.8,19903,17871.7,20199.5,18835.2,17105.1,18717.3,20632.7,15689.2,20454.2,19527.7,18975.2,20963,16651.7,17703.3,21725.4,17814.2,15520.4,19899.9,16417,16815.1,21587,16889.7,16686.5,20765.7,22051.7,20798.8,20242.4,21084.8,18160.1,20779.3,16741.8,17084.6,18487.3,21046.1,21309.2,17633.3,22150,16416.4,22107.4,18614.8,20957.5,18652.9,20931.1,21921.9,18291.5,19161,19018.6,17310.9,18416.7,16306,20537.7,16827,21370.7,18548.2,20562,20423,20729.5,18980.7,21362,19168.9,16676.8,15932.3,16509.8,18985.8,20764.5,21095.8,17989.1,18460,18190.1,21710.2,19291.4,21141.3,16339.7,19579.1,15862,20606.7,18368.4,16133.2,16293,21485.8,20499,17089.4,18083.2,17220.8,19615.2,19297.6,16795.2,19267.5,20605.7,16205.5,20155.6,17232.1,17900.1,17069.4,16836,16009.9,19678.4,16945.5,18725.5,20526.8,18719,20425.7,19742.9,16660.7,15288.2,17632,17509.2,21249.5,18323.4,16643.8,18326.3,21827.5,17535.9,20468,18075.2,21154.8,18205.7,19729.2,21489.6,22901.5,17214.4,17263.3,22924.3,20654.6,16486.8,16134.7,15835.1,17805.3,17470.1,15508.2,19099.9,17429.5,21447.5,21427.9,20272.9,18584.1,16537.6,18643.3,15406.6,15449.5,20926.7,21155.1,19221.7,16765.5,17098.2,17215.9,16429.1,16787.5,18056,17503.3,19721.9,19267,22168.1,18451.2,17210.5,19587.2,18555.4,15982.5,21444.1,22839.8,20167.3,19557.5,22977.2,21661,17469.8,22265.7,18433.2,19735.1,20739.2,22388.7,20845.6,19905.9,21669.9,20421.3,20314.4,18585.8,16943.5,16468.7,17496.8,17394.9,20433.4,19408.8,16064.2,16215.7,18592.7,17962.3,20515.1,19668.1,16566,20874.8,22901.3,19577.1,21769.1,20551.5,20495.1,22730.7,17191.8,19791.3,17882.2,22728.7,22131.3,19904.2,18693.8,20922.7,22375.4,18227.5,21348.3,21647.6,21269.2,18699.8,20148.1,22501.5,19707.4,17683.6,16441.8,21065.1,18894.5,21457.7,18843.8,19236.1,21290.6,22375,21324.3,19848.5,21283.9,17692.5,20957.6,21857.3,22445.6,18935.5,21114.4,19793.2,16318.8,19299.8,18036.1,22219.4,21555.9,16288.9,21405.1,20822.9,16423.8,20205.6,19072.4,20643,20643.4,20971.8,20588,16994.5,17996.9,20389.6,17146.8,17676.4,16435.4,16597.6,17885.6,15707,20517.5,18008.9,22189.9,21438.5,17265.9,18990.1,18550.4,16686.6,19530.9,19857.2,21649.9,19308.1,17147.4,20639,20589.1,17910.5,16904.2,19506.4,16353.3,16260.4,19076.2,20171.9,19574.3,19149.2,22808,23137.6,22168.4,17526,19645.3,21088.3,22136.7,16836,20640.7,17062.5,18404.3,22790.3,20218.6,22651.2,22708.3,17424.7,21760.8,22983.7,22084.6,21038.2,17508.1,22438.5,21765.5,21255.4,20340.5,18974.7,22021.7,19452.8,17762.7,17812,22877.2,20270.2,19768.9,17831.6,24176.7,23533.8,23634.4,22466.2,21891.2,20020.8,18535.2,21913,23603.9,22094.9,21705.4,20419,23647,24684.8,24701.3,20630.8,24537.6,22681.2,21288.7,22663.2,19556,19293.6,20920.6,20842.2,21941.3,21482.8,18142.5,21051.9,17756.3,18992.5,19850.9,21039.9,23230.1,20178.7,22863.2,18119.2,17636.3,21827.2,21993,22763.8,20318.3,21222.9,18043.3,20824.5,17322.5,22410.3,21248.9,23933,18261.5,23772.8,21399.8,19242.9,18551.6,20755.1,21683.4,18771.8,19424.1,20939.7,22086.2,29745.3,30019.4
35207.6,29743.4,26172.2,24696.4,19308.9,20750.9,17982.7,20115.7,18310.2,18606.4,20661.5,21225,19525.4,15681.6,20252.7,20733.3,17276.3,15738,20988.5,17830.4,16015.4,19980.4,17645.5,19697.9,18014.6,18275.3,16649.4,21168.8,20207.4,19024.1,18373.5,16857,16822.6,20384.5,20711.8,20307.1,16840,21576.2,16190.9,20857.4,22002.4,17183.2,17165.9,21275.3,19919.7,21091.2,19326.1,21223.6,21147.9,22325.8,20176,19024.9,19555.7,21386.3,16939.8,21571.5,20570.5,17306.9,16910,19540.8,16364.7,17040.3,18116.6,16792.5,20860.1,19705.8,20479.7,21941.4,21427.9,21724.2,20230.6,15633.1,22007.8,16030.2,16663.5,21810.5,20417.6,15521.7,21241.5,20035.9,15095.8,19207.5,19121.7,16136.4,15548,21365.9,20148.6,20082.7,19791.3,16662,19211,18276.6,19914.4,20648,19540.1,17277.3,15069,16989.2,16769.8,20005.7,15026.5,17522.4,16954.2,19950.6,20558.9,17848.1,19099.8,21224.9,17674.6,19704.2,19700.2,16371.5,20848.5,21666.6,21077.4,18951.7,21605.8,20763,16092.8,19764.6,19471,16283.8,17661.3,21491.5,17185.2,21932.7,18333.5,19665.4,17478.4,21528.4,18914.5,21163.8,18660.4,22554.9,19856.8,18745.1,17208.4,20909.2,16296,19997.8,15304.1,15502.2,17942.7,20159.6,18717.7,20504.4,18741.9,18491.5,18045.7,17836.6,18153.3,16856.9,15333.4,15169.5,17536.8,17058.3,19791.6,17138.7,20048,21946.5,16845.4,18642,20534.1,20943.2,16261.2,16142.1,22302.2,18630.3,22516.1,19971.7,16813.1,16878.4,19426.9,20861.7,18917.2,22178.5,17002.4,21391.3,22814.7,21862.8,20978.3,20258.5,17021.6,20354.3,20508.5,20855.5,20897,21114.2,19854.7,16579.9,16335.8,18771.4,20303.3,21295.4,21555.5,17304.3,17445.2,22140.6,17771.5,18367,21565,20684,18837.8,20046.4,19820.8,21013.2,18665.3,21701,17080.9,22841,20779.5,18723,18356.3,19464.3,22588.8,20600.6,16783,17367.5,18536.5,21077.2,20968.6,16412.2,19273.8,22112.8,21034.7,17136.8,19414.7,18613.9,19018,21515.4,19946.9,21698.4,17915.4,22255.1,19390.8,22667.9,20002.5,19656.1,19191.6,16376.9,21124.4,17508.2,19277,21318.3,21305.4,22646.9,21269.3,20299.2,19650.6,17177,20009.7,16942.5,20151.9,22176.8,15913.8,21321.4,20330.5,15540.3,20711.2,21238.9,21793,19543.5,19304.2,16711,17839.8,19350.9,18968.9,20569,18663.8,20225,22193.5,17282.1,21930.6,21212.3,17364,19258.8,17669.1,16576.7,22144.5,16402.1,19679.4,18571.8,22073,16525,19224.7,21076.2,18317.6,17080.7,18266.7,22507.7,16882.9,17626.9,16304.6,21136.7,18056.7,21193.1,22637.1,21131.6,21235.1,16986.6,20665.9,20060.3,19845.7,22040.3,20640.8,18147.2,20872,21222.1,23029.1,20770.5,19638.8,20607.8,18052,21638.2,22487.8,22734.2,23261.4,23773.6,23778.9,20541.6,22621.6,22174.3,23275.3,19222.9,24003.5,23857.8,22000.6,23903.5,19299.2,19889.7,20705.5,23961.1,21657.8,19719,21145.1,25090,23843.1,22507.4,19691.7,20160.4,22560.5,20405.5,18926.2,22614.9,23712.3,21791.6,22278.2,22958,23664.6,22655.2,18065.7,20792,18432.4,20401.2,19857.7,18547.9,23799.4,17977.1,21609.2,21011.1,19794.4,22261.6,16967.1,18767.8,19694.7,22050.3,22509.3,20965.7,20347.7,17997.3,23550.7,19201.3,20694.2,20829,22312.9,22163.6,20352.9,21309.5,18128.6,23529.4,21929.8,22162.9,26234,35067.2
31958.4,25048.9,25709.5,23069.9,23984.1,19631.8,22863.5,22709.3,18443.3,21547.3,16676,17975.3,18383.1,20445.1,21065.4,20550.5,17717.3,21174.3,16378.6,16241.4,17716.3,17691.5,19507.2,18156.2,18711.6,17547.9,20033.3,16013.9,15882.4,16916.7,19051.6,16575.5,16820,19076.8,16881.8,17527.9,18658.7,18171,20137.1,17986.8,19963.2,18822.4,19085,17054.7,16091.1,20892.9,17553.1,19389.9,22558.9,18245.5,18530.4,19082.4,19035,21138.2,22243.9,21074.8,21168,16739.8,20281.1,21139.3,18068.2,15971.5,16918.1,16730.2,16558,20155.6,17968.8,15957.8,21847.2,19363,19497.8,18924.3,20436.7,20439.7,20377.8,17201.6,16630.4,16091,19561.5,16584.8,21323.1,18907.9,18706.3,20003.1,15139.3,21448.1,17067.4,17188.3,17333.7,19232.3,15411.1,18441.6,18903.6,20725.6,16475.3,18584.6,16441,20672.9,17339,20421.8,18145.9,19372.3,15165.3,15975.4,15066.2,17538.7,17174.4,16950.2,20580.1,17097.7,19217.5,19843.6,20941.1,21076.9,19055.9,17301.1,17051.1,18967.6,17270.2,20419.8,18583.7,21009.6,17497.6,21761.5,16322.8,18261.1,18230.6,19160.4,21877.4,17599.5,18384.5,17501.7,16465.3,21612.6,20031.7,20413.9,19287.7,18070.5,16762.5,16787.2,19956.5,19364.1,15045.9,17262.9,15566,16289.6,18855.9,16159.3,20826,17438.6,19625.4,19540.2,19515.3,17261.4,16314.8,17815.9,18935.4,19688.9,16579.6,17629.5,20645.4,20651.4,19997.6,18615.5,21678.2,19098,18451.4,21564,16537,16679.3,17888.2,21122.8,23332.7,19053,22310.8,19227,22101.3,20106.6,18316.8,16856.6,18445.3,20618.5,20555.8,20435.9,22435.3,18644.2,22547.8,21883.8,21786.3,19909.3,17953.9,21043,22535,22264.7,18570.6,18024.1,19018.6,17810.3,17702.6,16629.2,21209.5,18361.7,21558.3,16554.4,18217.6,18694.9,18497.4,19362.7,20639.1,23316,17642,20626.4,22299.6,21264.7,22113.1,17229.2,20311.6,22103.6,21435.8,21805.3,16923.7,20450.8,20098.7,19129,20349.1,19950.8,16073.7,21949.8,20317,17343.7,19192.6,16657.3,21115.2,17988.9,22004.7,16384,22371.9,16621.5,17938.1,22679,21611.4,21634.9,18408.5,16403.8,19419.4,20409,15991.4,19042,15780.5,16485,16498,19879.7,17748.7,18388.2,17330.5,21593.1,19983.3,20952.5,21692.6,21513.5,21406.4,21349.5,19672.2,19980.2,20314.1,21834.3,19725.8,20343.5,17650,19963.2,21836.2,20270.2,20172,18506.5,15698.8,21775.3,17546.3,19185.9,19423.2,18772,17888.2,16222.1,16815.8,18313.6,19668.3,18608.5,21905.8,17640.2,16982.5,16741.8,19096.6,20393.3,16652.4,20828.1,21126.6,17111.1,17597,19653.5,19328.3,18786,19855.4,18906.6,22615.3,19859.2,22503.4,16939.4,20967.4,18436.4,18934.5,20300,21488,18614,22791,20277.5,19853.6,22460.6,21581.6,17836.9,21643.6,22129.2,24253.2,19504.8,20326.3,20554.2,20369.2,24378.3,24352.5,19044.2,22669.7,24515.2,20638.7,24544.4,24364.9,19924,21525.9,18747.4,18375.3,19350.2,20865.5,20552.2,20189.1,20207.2,24912.5,24420.7,18824.5,18447.4,18580.2,24709.9,24641,19866.5,24073.9,18174.9,18505.8,18669.9,18611.3,20156.5,21135.9,18131.4,22905.2,23031,23142.5,18987.3,16930.5,17718.4,18736,18339,20409.4,21822.9,20231,18632.9,20244.1,21856.9,21633.9,22675.8,19993.7,21160.9,17338.9,18781,21824.9,24996.9,26231.6,26425.8,29943.8,31557.9
35557.1,25728.7,25842.2,24836.6,20459.1,21303.1,22502.8,20940.4,18894.3,17229.5,16169.9,17470.5,18108.1,19719.9,19274.6,22108.3,18304.3,19877.5,21668.2,21785.1,19422.7,19228.1,18456,18575.7,21672.6,17109.9,20933.3,19841.1,21890.6,15482.8,19386.1,18022.9,16286.2,21245.7,21030.9,18605.2,18336.3,19133.9,21783.2,16949.7,17926.5,21293.9,17920.3,19904.2,16439.9,17647.3,16568.9,17806.6,21894.3,21604,19859.7,17664.1,19455.3,18399.2,19954.2,18446.2,20029.1,19380.6,21654,16691.5,21515.2,18218.1,20801.2,18293.6,17913.9,18032.2,17430.2,21059,17204.6,16497.4,20609.2,18707.6,20579.2,19310.6,21352.9,17522.5,18756.2,15442.3,17349.6,17250,15343,19855.6,19874.4,16758.9,19818.4,17245.7,17064,17366.5,20645.3,19902.1,21124.9,21307.6,19554.5,16295.1,15085.2,17852.6,19595.6,18903.1,17777,17240.7,18285.9,20206.3,18329.7,21218.7,18653.6,15615.5,20883.6,14914.4,20676.4,18922.1,18991.1,15850,20488.5,20577.6,17775,19495.3,16971.9,18277,19260.1,20044.8,22075.6,16023.5,19912.9,16243.3,20443.5,16285.2,18505.5,19345.9,19164.9,18961,21209.9,18058.3,18676.9,22623.6,21675.5,19337.1,17803,20481.8,16719.3,17642.3,18875.9,18873.2,20227.8,17508.7,16874.6,15315.8,21593.6,20361.2,17979.5,20338.7,19072.9,20045.7,15729.5,16573.8,16079.6,19196.8,19737,21169.7,19387.5,18722.3,18536.2,18292.9,19769,20713.6,17685.1,16822,18899,18103.4,19287.2,20524.2,22072.7,18472,21873.5,18145.2,19500.3,16483.2,21229.6,18492.7,18817,20041.1,16356.2,18957.2,22400.5,21131.4,20524,21196.4,20782.9,21957.5,21988.4,19794.3,19786.9,21310.3,20761.9,21850.1,16807,22321.6,21816.2,17365.6,22573.9,17842,18420.8,19434.4,20494.1,19093.1,18369.1,19941.7,22401.5,20154.3,22490.1,22649.8,21837.1,19868.2,23336.2,21098.3,21886.1,19434.2,21353.4,19437.3,17978.5,19309.2,16678.1,18537.2,22100.1,22238.4,20095.8,19040.8,17626.7,22138.2,21541.2,18765,16594.8,21418.8,17151.1,21891.2,22785.9,16572.8,21370.4,18603,19382.8,21880.2,20763.3,22622.1,17763.9,18354.1,19938,20452.2,17203.6,20456.3,16412.8,21238,22279.9,22275.6,21659,16521.8,16021,16079.4,15689.8,18625.9,21614.1,21686,19990.1,18981.9,16394.3,19012.4,16891.1,15936.6,16661.9,19926.6,19241.2,18422.3,18420.8,20792,18240.3,17397,18532.5,19193.5,19073.1,21019.9,19897.7,17185.9,18549.8,16372.6,17848,19070.7,19869.6,20450.5,19422.6,18574.6,21418.6,16886.3,19849.7,17564.4,18072.4,21333.3,18392.7,21962.1,21005,20919.6,22649.9,16424,19033.3,16775.6,21803.9,18812.3,22242.3,21224.6,22509.4,19001.7,18085.6,17060.6,21092.6,23357.5,21339.7,21141.4,23086.2,20009.4,17723.4,18174.5,19821.6,21851.6,23823.2,20241.8,22395,18602.8,21812.6,22441.9,18686.8,23202.3,24068.2,24458.7,18130.5,21538.3,20244.7,20420.6,20855.8,19756.5,21618,23062.6,19882.9,21765.2,19035.2,25064.4,25036.7,22463.6,20141.6,19998.6,21768.3,22536.4,19846.6,22206.3,20743.9,22035.5,23204.7,17923.8,19426.6,18873.2,21355.1,20892.4,17266.1,17323.8,21438.6,18150.3,23223.5,21281.2,22108.8,17697.3,20282.5,23064.6,20569.3,18440.8,21325.8,21333.5,20016.1,21348.4,23923.6,17960.1,18190.8,22900.8,18506.2,18870.5,25990.5,24427.7,27478.3,31273.5
35459.8,28856.1,25741.7,20846.3,21770.4,18875.9,17620.8,18255,17417.2,19167.1,20083.6,16404.2,20225.5,20096.4,16409.6,16929.5,18768.8,19174.7,18885,20911.5,19071.8,21520.2,20971.4,17235.2,17543.4,16072.5,16424.6,17392.8,16736.4,17889.2,17125.8,19275.5,17963.9,20647.1,19856.5,16312,17025,16623.9,17027.9,19796.1,20162.7,19259.5,20788.5,21976.8,19814.1,19922.9,18194.2,18446,19089.4,16935.3,16701.7,21623.6,19133.8,20713,20595.6,20092.2,21041.1,20813.1,17678.5,16075.1,21708.5,19739.6,16736.9,18869.3,21488.5,21339.3,20684.3,21913,16612.1,20342,19419.1,17657.2,17824.6,18996.5,17250.8,18333.3,20829,18108.5,18361.7,18297.9,19492.6,18554.1,15764.6,16974.6,17737.7,14917.6,17192.5,19302.8,20362.9,15591.9,20881.3,14855.8,14985.4,18390.6,17742,16181.1,16554.5,19253.4,17445.7,14676.4,20045.8,19220.1,17828.6,17271.6,18185.4,19102.7,15217.2,18306.4,18341.8,16980.7,17325.7,18379.7,19119.4,18026,21256.6,16486.3,20834.1,15776.4,17731.6,17150,19776.2,16717.4,19744.9,16482.3,17000.2,18386.9,22862.5,21742.6,18227.3,20857.6,21299.8,22956.5,16973.5,17240.6,21744.2,20624.8,16611.7,15886.3,17052.8,15451.5,18084.5,15867.2,15597.3,19434.1,18754.4,17613.6,15897.2,15979.3,18225.8,17024.7,20215.1,19431.1,17202,18682.4,19286.2,20389.8,19661.6,21082.1,19435.6,20986.2,21745.1,18420.9,19935,16059.7,20480.2,18664.2,20008.9,21751.5,17360.7,20707.6,16909.8,22678.1,21691.7,20453.1,17590.6,18695.8,22693.8,17386.2,19872.4,20049.7,20480,20011.7,16687.8,16465.9,16300.7,18470.5,16828,20370.6,19581.7,22049.2,20114.1,17882.5,20634.1,22360.3,22539.5,16950.5,21756.6,20206,19683.1,17260.6,16886.8,22787.4,20368.9,20779.4,18538.3,22257.8,21159.9,18455.3,20620.5,19480.7,16939.5,23177.3,23495.1,22365.5,21748,17810.9,18925.3,20897.6,21797.7,20817.6,21003.3,22727.3,16725.3,19534.5,21331.6,16172.1,20543.9,19296.5,15992.3,19715,18156,17919.5,17639.1,18388.3,21158.5,20043.3,18549,17180.3,20347.3,19412.7,18683.8,18343.5,17603.9,22112.7,20590.9,18654.3,18808,22471.5,21203.1,17268.1,19371.5,16541.4,18894.9,20867.6,19758.3,16448.1,19953.9,18954.5,15826.2,17503.5,16818.1,21436.8,21169.1,18857.8,16619.1,17910.5,16605.9,18245.5,17495,17148.5,21267.7,21625.6,19055.6,20624.2,22232.7,21736.4,17331.8,17429.1,17988.7,18066.9,20621.8,18760,15959.4,20233.1,20312,18936.6,18587.3,17296.7,19505.3,16486.7,16122,16794.8,20628.6,17213.9,16481.9,18399.2,19232,19836.1,22378.3,21492.8,17984.4,20248.2,22180.5,19436.7,20212.5,22384.8,19166.8,22116.3,21998.2,22374.1,22259.1,22517.9,20644.8,21613.8,20896.4,17642.5,21573.8,18325,21860.4,22404.8,19495.3,18177.9,21361.2,19937.3,20500.5,22464.4,24299.6,22379.5,22239.9,18950.4,23830.7,20678.6,20291.8,25137.1,20758.8,21362.1,20605.7,24002.5,23960.7,24017,18663,23184.7,23243.4,22535.8,20167.4,20562.5,25020.5,21986.4,21049.2,21213.4,23126.8,21016.7,18639.1,20455.5,19500.5,24189.9,19550.4,20451.6,23767.3,20278.7,21364.5,23508.9,22911.6,17321.7,18709.1,18325.6,22224.1,23392.6,22975.8,19347.3,19198.7,22854.1,23117.8,17445,18317.2,17769.1,17670,17713.2,22364.9,21362.7,25619.2,25671.6,25052.4,34415.4
35027.4,28393.9,28566.4,26401.4,25098.9,19162,18081.1,18676.4,21364.8,22320.3,16488.4,20882.5,18686.7,20626.9,15724.2,15714.4,21786,17583.4,19450.8,16554.8,21537.1,17482.6,17687.6,17568.2,16235.6,19572.7,16953,19092.7,18553,20494.5,20343.3,19337.9,18305,16733.5,20748.4,20834.6,16779.7,16832.2,21802.4,21924.1,16975.9,16873.5,20914.9,16836.6,18267,18675.1,17899.4,19540.6,19794.7,19154.4,20960.2,17463.3,20584.8,17713.1,16983.2,17017.3,16909.6,18315.1,17954.1,16441.7,16183.5,20548.2,21312,21958.5,18420.4,19628.3,20032.4,19305.5,18019.4,21126.6,18365.5,20655,16515.5,15820.9,16626.7,19227.4,19901.1,16183.4,16242.9,15762.8,16219.1,16487,17874,18476,18171.1,20746.1,18531.2,15514.4,15343.5,18037,17770.3,17154.2,15821,20104.6,20592,17133.3,19070.8,21510.8,19213.7,15993.3,20994.3,14948.1,17198.8,17124,14667.8,15985.3,17441.9,15616.2,18446.4,18916.4,19026.8,19964.2,18314.5,21693.8,20646.4,19169.5,18298.9,20544,19584.3,19945.7,17142.2,17059.4,19746,22376.3,17989,18148.4,20011.2,22622.9,18734.3,20110.2,17581.4,20785.6,20899.3,22026.1,18196.9,17151.1,19310.6,16528.2,21199.9,17927.1,18316.3,18978.2,21377.8,20642.1,21568.8,17613.6,16711.9,17848.2,19087.5,17533.2,15240.2,18922.8,17219.7,15163.9,14144.5,15347.4,20419.5,19390.3,20993.3,16805.8,19569.4,17089.3,16419.2,17335.4,21533,17661.9,21378,22503.3,17073.2,21963.9,21937.2,16763.9,23261.2,21303.1,17550.5,19933.5,18919.3,22861,19740.3,17530.4,18964.5,17263.4,17150.7,18420.7,17847.3,22183.6,17165.6,20342.5,21795.3,21840.2,16294.3,18569.8,17430.6,16941,16573.7,18714.7,18607.9,20407.2,18922,18022.5,17159.4,19747.2,18203.1,22012.5,18927.1,20753.9,19956.9,17750.5,22514.1,17498.6,17382.3,19385.4,23355.3,18610.5,20013.1,23098.7,21163.6,20557.9,17264.4,19784.7,20570.2,17595,20723.8,17392.7,16834.8,20629.4,17048.2,19326.7,17257,17982.3,19999.8,16857.5,21346.3,17643.3,22600,21389.3,16210.9,19723.4,21493.7,22940.9,18065.9,17210,21640.3,22144,21706.8,19416.4,20700.4,17509,16177.1,22600.6,20810.8,17625,15961.1,20740,21112.2,20532.1,21735.4,17077.5,18925,21185.3,17858.5,21102.1,18051,20452.3,16173.2,18894.5,22307.8,18841.2,20341.2,20867.4,22336.6,20915.2,19880.3,19084.9,19992,19326.1,19835.8,17324.6,16597.9,15993.4,19998.1,19220.4,17148.7,17097.6,20445.2,15857.2,21304.2,20204.8,21695.8,21058.8,18616.9,18392.9,21810.2,21701.6,19610.5,17255.2,16522.4,18649.2,21851.2,19996,22055.5,18674.9,17564.1,20488.2,21511.6,19935.3,20002.3,17474.7,16516.1,19203.2,17547.9,17684.4,17968.3,21974.9,22941.7,23442.7,18623.1,20211.7,17661.2,23962.3,21929.5,21039.9,23045.2,23399.1,24067.4,22734.6,19933.9,22427.3,20327,20726.8,22819.7,23703.1,19600.7,19291.2,19379.9,18449.9,23014.7,22689.4,20212.3,21818.9,21943,20692.4,24238.6,22305.6,24733.5,24947.5,24777.9,22223.1,22428.7,24451.9,23192.9,18073.4,22100.9,21000.3,23000.8,19017.5,17561.7,19700.8,22087,22657,18974.3,19468.8,21202.1,20775.6,18023.1,21695.6,23263.9,19158.9,18979,23095.1,19539.9,18832,23960.7,21133.6,18388.1,21150.6,24017.5,21465,20085.3,23034.6,20450.5,26862.5,31284.4,30610.8
35627.5,30384.3,24991.1,26246.1,23355.5,20154.2,20161.5,19007.4,21724.8,19100.5,17128.7,20826.3,20224.3,16157.8,17287.4,16320.6,21069.6,21798.3,15975.5,21756.7,22042.6,20481.1,21263.5,21267,18398.6,20716.4,18703.6,17734,17626.1,15956.8,20137.9,21081.8,16196.2,16314.9,20133.7,19709.1,21279.4,20530.6,19957.3,22448.1,18802.7,17028.2,16379.7,16107.7,19935.6,18418.7,21914.9,21400,18068.1,16556.7,19584.5,19763.7,21762.4,19956.6,18330.8,19411.3,22575.2,22093.2,20509,21428.3,20947.1,17892.2,16153.7,17597.6,21217.8,19877.3,20444.9,19980.4,18137.6,20774,16121.2,18108.3,19826.4,16590,17310.8,16966.8,18931.5,16435.6,17939.3,21258.6,18845.9,16478.5,18066.9,20545.7,21643.3,21216.9,17083.2,21331.1,16832.5,20198.1,18643,15707.8,19103.1,21077.3,15008.6,16314.7,21131.1,15163.5,21550.8,19040.9,19306.2,17791.6,20530.6,18774.2,14676.5,19787.9,16800.7,19569.9,14960.3,14998,19397,15002.1,17506.1,15096,20341.3,20157.5,16081.6,16033.7,19690.5,21770,18566.8,17843.2,18212.4,17539.1,21464,17985.9,19895.6,17586.6,21850.7,19735.9,18117.1,19910.8,22872.1,22535.5,22717.3,20108.8,16543,19569.5,18834.2,15793.5,21282,20687.9,19804.3,19001.4,16094.6,16973.9,21557.1,19051.8,18788.8,19562.9,17560.3,16616.5,18398.7,19448.3,18959.7,19561.7,21871,21470.7,20737,21392.7,18726.8,21406.8,19048.4,16126.7,17477.2,21877.1,21943.7,17693.5,17190.9,18234.1,22125.3,22110,20885.4,22045.6,20733.7,20362.5,20449,19026.3,18306.4,20670.9,17443.7,19290.3,22608.4,18937.3,16672.9,16917.8,17103,22581,21711,19930.9,22444.6,18549.7,22015.7,19984.8,21835.8,20902.5,17001.4,18407.1,17698.6,18056.9,22289.7,18042.8,18993.1,21461,21617,17965,18179.6,16955.7,21406.7,17159.4,22233.3,23329.4,18278.4,23565.8,23187.6,22646.8,21985.1,17405.6,22886.1,21360,22848,18702.2,16560,21063.7,19701.1,20764.8,22819.4,19826,20489.1,19579.2,22227.6,16538.6,17207.2,18856.2,21225.5,17516.6,18666.5,17982.9,16530.2,19675.5,22122.2,19361.7,17673.8,17900.1,20038.4,19973.1,22176,16015.5,16294.5,16246.7,15660.4,22009.8,19082.5,17442.4,20167.9,18283.1,20732.7,15725.9,18829,20195,19910.2,18834.4,20864.6,15720.5,20905.5,18566.4,16353.5,20202.7,17116.5,18073.4,16744.4,20879,18877.5,16230.1,19188.4,18564.6,17645.3,18918.3,16260.7,15955.2,21279.6,19382,17687.5,20553.3,16691.2,18335.6,18694.8,17018.4,20457.3,19978.4,18489.8,16726.9,20094.1,17163,20288.3,20105,19009,20769.7,20571.9,17844.1,19118,21385,23355.5,22852.9,16672.2,18355.5,20267.2,22391,21767,18815.7,18633.9,22611.6,19947.4,22962.6,22649.5,23773.3,17564.4,18723.8,23995.6,21021.3,24017.8,19486,21341.7,24127.8,20415.7,21900.2,24468,18987.9,23671.8,19628.8,22546.8,19171,22320.3,23123.7,18689.5,23683.6,20043,23185,20247,20561.5,23189,20659.2,22501.9,21701.8,21885.6,22570.1,24164.1,24898,22828.6,23450.3,19619.7,21143.5,20042.7,21171.5,22600.5,18753.4,19811.3,19485.4,21330.9,20396.7,21459.2,19859.1,20554.1,18669.5,18592.1,23096.4,18680.3,21422.5,21269,20160.9,22879.2,18042.3,17375.1,20461.8,20131.2,17545.8,17191.8,18600.9,20717.5,24076.7,23927.7,22936.9,25891.5,32088.9
33960.4,30601.8,24491.5,26227.7,23885.5,23085.4,21617.2,19181.1,17797.2,22191.7,17835.6,17208,20525,19208.2,19481.6,17937.4,22156.7,20283.3,17908.8,17578.2,15870.6,18123,15999.8,19528.8,20862.5,16314.9,16233,20582.9,18150.5,15630.9,19471.5,22139.6,18843.4,21452.5,17521.8,21650.1,17354,19546.1,21468.7,18259.4,18366.7,20420.7,21812,19919.2,17516.8,16684.3,22262.6,16310.3,22419.6,21988.6,21166.5,17363.5,21104,20348.7,16813,19465.7,19541.7,21281,19170.1,21825.2,20562.9,22053.9,22266.3,16773.7,18343,16649,17101.3,20597.3,21878.9,17576.2,15689.1,19787.5,16098.2,21612.8,20228.1,18777.5,18684.1,21220.6,17747.5,19607.2,18970.3,15566.7,16146.8,18456.2,16461.1,16525.3,18138.1,20275.9,19698.5,18457,21046.9,15668.4,21142.9,19614.6,19437.5,18925.2,20602.6,18472.9,21362.5,20748.9,18264.8,19088.9,18173.4,19121.3,17185.7,20915.1,16298.6,19671,18786.7,21040.1,16135.1,17182.3,15560.5,15183,20920.2,19238.8,21977.2,19111.6,20701.1,19016.3,20066.4,19115.4,21061.6,16028.7,22116.8,16683,18539,20783.2,17757.7,16445.4,19349.7,16996.5,18400.1,19220.3,18407.4,17759.2,16664.1,16058.1,18659,20488.1,20794.6,20583.5,18528.8,19742.8,16861.5,18920.7,18400.1,16931.6,20122.2,15242.4,19351.2,16692,18514.3,17004.8,18480.8,17837.6,18843.7,20758,20433,16389.3,16624.5,19648.2,20882.6,21621.4,19818.3,17964.5,22281.6,20172.6,21386.7,22423,21266.6,22031,22575,19949.5,18756.2,19174,20142,20857,17687.5,19483.4,22196.2,19284.8,19436,21401.9,18316.5,20610.9,22570.3,22469.5,18033.8,21205.7,20168.9,16496.2,16807.1,16937.2,21677.7,16821.4,21280.1,19827.4,16976.9,19759.4,16837.4,21430,18346.6,20131.3,18433.9,19186.5,18920,22024.8,19367.6,21164.9,17179.3,23046.2,18180.9,19027,18274.3,19757.8,22004.9,17966.7,22940.7,19554.6,17567.9,18165.6,18360.2,19074.6,17559.1,17414.9,22273.4,18293,17608.1,19441,18907.5,17762.3,20314,22550.3,19425.1,20664.9,21302.9,22837.5,20697.2,18346.2,17601.5,19919.2,16606,20412.3,17548.3,21170.8,16785.5,21536.5,18837.1,16849.2,19007.3,19938.6,22129.9,22255.8,16762.7,19805.3,18581,19526.9,18893.8,18612.6,17693.6,19139.8,17461.4,21098.3,20696,19045.7,16672.8,20249.9,17814.5,16203.6,20080.9,20065,18086.8,20837.6,19607.7,16440.3,20849.2,16577.6,21492,16827.6,18000.8,15930.8,16411.7,18028.3,20904.6,20460.6,21466.3,19625.6,21954.2,17343.9,22371.2,19961.7,20766.2,20201.6,18467.5,17380.6,19134.2,17509.8,22672.9,16450.8,19176,22859.5,23126.9,21515.6,21585.8,19829.2,21524.5,18591.5,18290,18246,21983.6,21391.2,19657.1,20966.4,20987.4,21061.9,19205.8,22229.7,19628.9,21589.8,19183.9,24251.9,19150.9,18326.2,22014.6,24518,23768.7,19032.5,22812.4,22725,23330.9,24673.6,24131.3,22107.6,23476.8,21505.9,21237.1,24480,21854.6,20003.3,23487.2,20996.1,24349.1,23876.9,23091.6,21178.7,24187.8,22009.3,23975.3,22491.3,21026.7,18634.1,23290.9,23392.1,22066,18022.8,18665.6,18326.7,20224.4,23243,22554.4,20003.8,20200,22098.4,17590.4,21895.3,22230.3,19084.1,23201.6,21526.5,23300.9,17911.2,18426.6,20788,21792.9,21641.4,19790.1,22709.3,22337.9,24234.8,22617.9,27568.1,28592,35577.5
35185.1,27302.7,22166.4,22004.3,22498.4,18268.7,19580.1,21625.4,18368.3,19448.7,17412.2,19033.1,17297.5,18843.4,21192.5,16109.5,21578.1,22212.8,22058.3,15811.5,18657.6,16950.3,21088.1,18127.1,19046,19914.9,20443.8,16671.1,18550.4,17376.3,15929.2,18599.8,16272.9,19502.5,21124.7,21498.3,21696,22200.8,18861.9,20992.1,19753,17922.4,21260.6,17931.3,16587.5,20235.7,17109.8,21903.3,17960.7,19052.4,16441.6,19963.9,18310.6,18262.9,16860.2,17508.5,17893.2,16683.4,18036.1,17506.8,16957.9,20463.9,18873,22055.3,20202.7,19813,19511.6,18026.9,20528.5,21819.4,22181.6,17512.5,17635,18756.7,18466.2,16663.5,17513.4,19920.7,20354.8,19630.6,16466.6,18280.1,16612.5,20616.4,18308.8,19830.1,19444.1,17592.7,17630.4,19553.5,20149,15209.7,21447.5,18897.2,15352.8,20690.1,15603,17681.3,16342.5,20436.8,17809.3,20108.5,15986.8,16610.8,17766.4,19610.2,19396.3,17798.2,17402.9,16139.3,17667.1,21058.2,18896,21587.7,20268.5,20710.5,17377.4,15722.9,16208.1,20678.4,17691.1,16702.5,20660.7,17427.8,19833.7,21684.4,20410.5,18097.7,18435.9,20656.6,18557.6,16709.9,21959.8,22954.3,17451.5,22493.5,20921.7,19635.8,20854.9,19869.7,21096.4,15841.4,19426.5,16924.1,18801.8,16500.4,16366.1,19358.4,16834.4,20524.7,15213.9,15589.1,19916.2,18620.6,17100,18200.3,17448.2,20053.4,19528.3,18316.2,19724.7,20341.7,22256.5,17348.3,19468,21925.3,16740.3,17407.2,18456,17441.1,22505.6,16806.5,19417.1,20152,21951.7,17466.5,20456.5,18137.3,23105.6,17232.5,17432.4,16425.2,22858.5,21793.3,16574.7,18485.1,22330.6,22015.6,18398.7,18365.1,19857.1,20103,21605.9,18189.4,22158.9,17153.1,22842.7,18892.1,17481.5,21105.8,16897.8,17416.3,18298.8,17086.3,17879.5,22424.3,16965.4,18165.2,17494.6,19224.4,19960.5,22018.3,19338.5,21720.9,18196.4,17370.9,18204.7,18028.6,21141.5,18468.5,21463.7,22555.7,17907.5,21467.4,18573.9,16678,16497.8,21919.2,17566.4,17845.8,17528.2,21214,22707.1,17106.7,17771.6,16524.9,17707.3,20382.3,19848.4,19515.4,17972.4,17040.9,17085.6,21059.2,18837.1,19940.3,22046.9,16598.7,20555.8,18441.6,16076.1,19389.2,17464.4,18681.1,18929.5,20153.9,17406.6,16639,17337.4,18428.9,21368.8,16735.1,16206.8,20979,18735.7,18695.6,20959.7,19157.3,20240.2,19784.5,20627.1,22543.2,20707.5,17930.5,17673.2,17692.8,15713.5,18649.3,18369.3,19087.8,19100.5,16783.5,17222,18338,17126.9,19177.2,18765.3,17732.7,19860.7,20902.1,17516.4,17930.4,20436.8,19471.7,21555.1,22376.8,20153.4,22719.4,18114.4,19792.9,17753.6,18155.9,21012.5,18405.9,20549.6,18268.8,19321.6,20384.6,22882.6,20396.8,22329,18226.7,19133.1,23399.1,18292.9,18230.8,22647.6,18109.9,21421.4,21473,22092.1,19651.2,19137.5,23799.6,19470.8,19945.1,19510.9,23470.5,20890.8,21359.3,20513.1,22323.5,24121.9,22762.9,24614.8,24712.8,20488.4,24439,24163.6,20706.9,23438.4,20416.6,24168,22937.7,25136.2,23576.1,23116.9,22902,24216.2,23215.4,20213,20770,24156.8,22045.3,19666.3,18996,22056.8,17900.8,23870.2,22751.2,18580.1,17692.7,17467.9,20375.3,18598.6,20924.2,18107.8,18039.4,21027.2,22626,20685.5,19199.3,20760.3,19052.4,24286.1,22881.8,20189.6,17801.6,22228.1,24466.7,22101.3,28095.2,26483.6,35923.7
34511.3,29695,28481.7,26243.1,21412.4,17643.4,21981.2,20337.9,16313.6,17155.9,18236,16057.7,20976.7,17222.6,21501.9,18064.8,18484.8,16527.7,17085.2,17030.1,17906.9,19366.2,16623.5,15379.5,17747,15600.5,20970.2,16956.1,15997.2,19427.3,18888.4,16349.3,15953.9,20843.8,16981.4,16557.8,18268.8,19539.4,16256.5,21168,17249,17304.7,16647.5,17438.7,21876.6,21688,19272.1,16927.8,18654.9,17005.8,17669.7,20485.2,21886.9,20138.9,19878.7,20692.6,22030.6,16753,21921,21054.3,18340.2,21086.6,20660.2,17964.7,19458.2,22057.3,17395.3,19598.7,16376.9,18642.6,15866.4,21717.2,20291,19223.3,17930.6,19789.2,21107.4,19294.8,19183.5,17734.6,21134.6,15439.3,21713.6,19437.3,20559.1,15044.4,19041.3,19890.9,19589,21568.7,18912.8,15840.3,19046.5,20420.5,19176.4,18978.8,16192.5,16908.3,21050.7,17167.6,17603.5,20162.4,15784.3,14814.4,14767.4,20305.6,19476.5,16787.9,19363.7,20032.7,19758.5,19063.9,18749,17815.8,18926.5,17329.2,21645.7,16261.9,16975.5,19659.1,19111.8,17988.6,17134.7,16257.3,18404.7,19753.6,18889.5,22702.4,20931.9,21942.8,18363.2,19951.9,21846.7,20654.3,19315.4,16371.7,19548,16022,20027,16520.7,21228.2,18860.6,18060.3,18524.2,18477.4,17757.1,16551.2,20282.7,21536.3,20610.4,17937.5,20630.3,17607.3,19498.6,15949.5,16368.7,20426.4,19134.7,18104.2,21270.7,18137.3,18837,17770,19418.8,21113.6,19394,20425.6,21687,20922.2,19458.5,22695.5,20421,17504.5,21014.1,21420.1,19692.8,19103.3,19369.3,19247.1,17934.2,20015.2,18692.6,16893.4,19852.3,20264.5,16383.6,20123,20485.9,21459.8,18360.3,16679,16886.6,21029.1,20425.2,22252.1,20374.9,18375.8,19311.8,19990,16473.8,22758.8,21489.9,22230.2,17705.2,21396.4,21505.2,21062.1,18821.6,17183.4,18763.8,20676.5,20819.3,19888.5,18708.9,19400.8,17954.2,18026.1,21447.3,21702.3,16911.8,19595.4,22722.2,16690,22596.1,21190.3,19068.2,18012.7,21562.8,17505.9,16897.5,16974.9,19813.5,17508.9,21889.9,21141.6,19549.9,20020.7,22596,20627.1,20550.2,19701,21959.3,20237.6,21843.6,21500.9,21341.7,17979.3,17777.4,18378.2,17918.8,16656.7,19991,18641.4,16601.3,20518.5,22173.4,19801.2,16801.7,19387.7,20036.6,21112.2,17354.4,21131,16893.4,16616.2,19006.2,21367.8,19679.8,17860.1,19460.3,18082.5,21335,16595.8,20062,18402.2,20347.2,19682.4,17268.9,17908.1,20751.6,21346.9,18224.4,21871.2,20423,20811.4,19901.7,21733.3,20483.4,21717.3,21039.2,20767,22315.9,19209,22162.8,22336.6,16973.3,17133.7,19477.9,19893.7,19841.2,17942,17129.7,22879.7,20705.7,19405.3,20229,21438,22295.1,18701.9,23225,22249.7,21869.1,20344.3,19240.3,17984,22025.6,22603.7,18962.2,21665.6,19989,18690.7,17949,23505.2,24313.9,23106,24191.9,18541.6,19737.9,23748.1,18916.3,22497.3,24436.1,20121.8,18660.9,23419.8,22761.3,22495.3,20471.1,22232.1,19490.4,24098.4,24287.2,20883.1,21850.6,21920.8,19631.7,19806.9,21715.7,21730.1,21511.6,17758.2,20830.3,21179.2,20577.8,24192.6,23880.8,20189.6,20482.5,20380.6,20231.4,19013.1,19737,22480.3,22327,19825,18860.8,20619.7,23684.3,18665.7,18393,23146.5,20266.8,18393.6,24477.8,21760.4,17925,23545,20885.4,19135.2,24230.8,24324.5,24857.6,28233.8,34594.1
36054.4,25780.7,25419.5,25578.2,22206.2,18325.7,23516.8,18579.7,22134,21398.9,17790.7,19382.7,19175.9,18980.7,19410.5,20548.6,18475.3,18131.3,21886.8,18665.6,16387.8,19949.7,17078.8,21049.1,20654.9,19077.3,18966.8,16795,18645.2,18126.7,16939.8,17530,22058.1,16384.6,20093,21073.1,16539,20338.4,16594,18872.6,16299.1,19178.2,18932.5,18945.4,20473.9,20564.6,16728.6,18176,22499.8,19961,22144.3,20154.3,22049.1,20458.2,19512.8,18643.5,19745.1,21632.6,20638.3,19835.9,16063.9,19869.2,19422.6,20491.5,18880.7,18818.3,18683.5,20687.2,16033.9,21619.9,21220.1,18024.5,19112.7,16467.1,17305.4,20613,20646.2,21359.5,17140.8,20577.1,15221.2,15053.3,21018.4,16170.5,19294.2,16662.1,19059.5,15397.2,19887.8,16003.7,16157.5,15940.1,19595.2,20311.7,18346.9,17580.5,19124,17482.4,20954.9,17802,20877.8,19776.3,19703.4,18458.8,17857.1,19834.1,15687.3,18365.1,17273,19142.3,18809.8,17018.6,17673.3,15914.6,16255.9,20915.5,18046.8,19668,20582.9,15982.5,22059.3,19076.5,16827.3,18433.3,18167.6,20981.5,17433.6,21233.4,21562.5,16951.2,16468.3,21718.7,17467.8,21728.6,22351,17626,20272.3,19290.6,21390.1,16457.5,21147.5,16435.1,18821.7,18057.4,17099.6,21622.6,20572.7,18008.6,17667.5,20546.5,21510.1,17347.4,15631.8,16168.7,15835.2,16796.9,16440.6,18835.9,17821,21389.1,19942.1,16605.6,16125.6,17491.1,21363.5,18070.3,20132.4,21520.5,20881.9,22114.1,21837.2,18715.8,17620.5,21250.6,19349.5,23155.6,23070.3,18608.2,20214.8,22340.4,23047.8,21436.5,21303.1,17221.1,18700.4,16959.4,18470.2,19146.8,16076,16056.1,18454.1,17206.7,21231.1,20113.9,19471.7,21831,17375.4,21152,19073.3,21998.2,21675.4,16979.5,19681.3,18621.3,20580.3,21898,20129.2,22105.1,22575,18218.7,20421.1,22183.8,19077.4,19794.6,17919.9,17449.7,20281.6,18513.4,21029.4,21826,19447.6,18814.1,21412.5,17598.5,22712.7,20784.3,16602.6,22071,21564.2,20039.7,22032.4,19340,22505.8,17559.8,16432.2,21271.2,19978.8,19246,20333,18125.6,19912.7,21982.4,19992,21064.3,19082.9,20069.2,16942.8,17783.6,15771.6,21468.6,17101.2,19667.9,16511.6,21212.7,17254.3,16348.8,22363.6,21515,18297.8,21329.1,20092.1,17500.6,16022,20657.8,21479.1,17158.2,21330.6,16646,17904.8,19250.7,20136.3,19275.9,20186,19393.2,20687.7,16610.5,19187.5,21205,21614.3,17398.1,17307.5,15817.9,18178.5,16861.5,16085.8,17520.8,22198.7,20743.6,16494.4,22214.3,21882.5,18806.2,16696.6,18443.7,18968.9,21521.8,16579.7,16345.7,21136,22859.1,20577,22396.9,18488.9,22928.3,22704.5,22607.5,19938.2,16500.3,18729.1,16986.6,21270.3,19860.3,22332.8,22167.2,21289.8,22985.8,22746.4,23717.9,24068.1,24179.2,17993.5,19281.7,17989,19322.4,22279.8,21844.8,23881.4,23896.5,20820.9,22222.5,21200.4,23549.9,22091.6,22064.1,24910.6,19752.4,20329.2,20879.1,21111.7,19418.9,19660.9,22113.7,25039.2,21653.1,20485.7,24339,20020.9,22766.4,20926,20609,22964.2,20978,23304.7,19114.1,23483.4,19041.5,18759,18578.5,21190.4,21962.2,21205.1,21707.7,22786.3,22696.1,22809.8,18428.3,23589.3,23270.7,22695.6,24476.9,20463.5,23314.1,18764,20709.1,19851.8,19953,18779.4,18003,22453.7,21802.6,21580.5,23642.8,30810,31655.1
34919.1,25991,25322.3,23898.5,23948.5,19956.6,19809,21544.9,21075.5,16665.6,20619.6,17236.2,18345.5,18415.9,21642.7,17784,16435.5,19913.5,21045.2,19163.9,17883.7,16432.9,21821.5,18283.3,17014.7,18693.5,17379.3,19285.5,19682.1,21564.2,18122.1,18451.9,18590,21355.9,18523.7,19963,17822.9,18340.2,22194.3,22445.8,22242.6,22046.4,17392.4,17939.7,16902.5,20974.8,16601.3,18459.3,20432.9,20908.2,21402.5,18378.8,22316.8,21082.2,19853.2,20501,19954.6,21300.1,21832.4,16563,19027.2,17326.2,18631.4,19882.9,21885.1,17033.4,20800.5,17953.4,17239.5,19321.6,16754.6,21776.5,17033.3,21125.2,17755.4,18737,18296.6,21174.3,17043.2,16331.1,15807.1,15380.4,16521.8,15921.8,18073.3,15340.3,16646.2,17708.1,16530,16448.7,16348.7,15023.8,18985.7,16770.1,17256.8,18404.5,16538.8,16554.8,18927.3,17186.7,20498.4,16558.5,15293,15577.9,15408.8,19936,16962.4,18625.8,19544.3,20624.7,18146.9,17987.6,15218.2,16668.7,20986.8,21475.4,20502.7,16296.6,15579.1,21010.3,20480.6,15958.4,16441.3,21873.9,19188.2,18213.1,18112.4,22482.7,17340.9,21261.8,20412.5,17600.6,16453.4,21013.3,16786.3,19099.2,19505.8,15882.6,18060.4,21577.1,20843.1,17342.9,15811.8,18928.2,16085.5,20192.7,16001.9,20779,16294.4,15184.3,17299.6,16558.5,18688.5,20449.1,14526.9,15810.3,20149.6,18452.9,22238.9,16942.3,16804.3,21338.8,21427.9,21867.5,17565.8,21901.8,21351,19241.1,19973.7,19841.5,17608.5,19494.3,22321.4,21338.6,19275,19416.6,20471.5,18192.1,18371.1,21169.5,19305.4,17428.8,20552.5,21280.7,17685,19979.6,19062.9,20836.3,19793.6,20765.7,18544.7,16243,21869.7,19873.7,17801.5,18007.3,22513.5,18847.6,20062.4,16872.5,16715.4,21262.5,17494,21577.6,20191,20491.6,19555.3,20940.6,16800,22977.7,20230.7,21453.9,17132.6,20481.6,21547.3,20273.1,17748.9,18179.2,19285.8,21537.1,16497.6,19981.5,22786.3,19855.8,20310.9,20828,22534.3,17542.8,18836.6,17989.1,19003.6,19737,16657.2,21885.4,21353.1,20451.6,20743.2,21839.8,21880.4,20744.3,17481.3,21827.4,18594.5,16507,20471.4,20047.5,22117.7,17843.5,16450.3,20602.2,18968.2,21142.1,21413,18190.1,19136.5,18331,19703.6,20242.8,17061.3,16282.9,17649.2,17539,22087.9,20049.3,17182.5,16291.2,21744.4,20044.8,20173.4,18581.7,19962.2,21813.3,20317.3,22122.2,17395.7,19058.8,20164,16509.9,19772.3,20362.2,16510.4,19333.6,18340,19621.5,17600.8,18144.6,21556.7,20684,17837.4,16809.8,20656.7,22199.7,21193,16479,18496.5,22471.6,18906.8,19365.2,22157.8,19783.7,21367.1,19150.8,19352.3,20777,20469.6,19108,21844.1,21021.2,17234.1,16686.7,21948.9,18090.9,22014.9,17686,20669.8,23316.3,22199.9,24008.1,18680.8,18769.5,22665.2,21366.2,19974.3,23113.3,20782.6,22733.1,19004.5,23439.6,18530,18723.3,22178,23021.7,24649.8,21039.2,23644.3,24453.3,23448.9,22337.2,21801.5,23626.2,21559.1,23382.3,24338.8,23304.6,18921.9,21323.7,21381.3,21660.7,20515,20776.3,23984.1,19817.8,21847.5,21561.8,17709,22636.3,18960.9,22675.7,22466.5,23674.9,17805.4,20422.2,19588.8,20998.6,22767.7,17324.9,21009.6,17370,19536.5,24305.6,22249.2,19559.2,18750.5,22653.3,21367.8,22959.2,21793.9,21810.2,18490.9,21626.6,21076.1,24851.6,29826.3,32441
35902.1,25413.6,26495.1,20148.3,22187.4,23300.4,22574.5,20249.5,18769.4,18763.2,21372.8,22398.5,19317.3,17675.9,18464.5,16086.6,18041.9,17238.7,18846.1,19245.9,18553,18551.3,17596,21611.7,21303.8,21192.5,16789.2,16121.3,22010.6,20310.4,17746.5,19371.5,16459.1,18663.9,21210.9,17401.7,19544.3,21749.6,17989.6,22365,19695.6,16316.3,20811.9,20775.8,20712.3,17013.4,17699.5,17586.1,20706.9,16281.1,17532.4,20506,19408.3,20991.4,17659.1,22114.2,19712.1,19430,21548.7,20846.3,16884.9,20647.6,17026.1,17776.4,16400.8,20121.3,15891.2,16304.5,17223.6,18575.4,21390.4,17877,22031.8,17262,20459.6,21870.6,16930.1,20940.9,15757.3,16582.3,17396.9,20789,15752.2,21098.1,18329.8,20139.6,17616.9,21222.2,17265.3,19985.3,18205.6,17358.3,17878.7,18436.7,18952.4,19465.4,18644.1,18824.1,15925.3,17932.3,17597.9,16353.4,14842,15811.6,19370.4,18990.2,16552.4,17736.8,16867.4,17974.1,18901.5,17537.5,15461.2,21423.9,17779.5,15661.9,19341,19160.9,16630.6,16256.7,19714.8,15835.3,20010.7,16949.8,19744,20640.5,17345.6,19703.9,16525.6,18481.8,22713.3,22216.1,22373.6,21812.4,20101.4,19783.6,21215.6,21900.8,21642.4,18708.8,19125.5,15378.3,17592.3,20395.4,17731.8,21427.7,20184,20656,16626.6,20174.3,19639.5,20623.8,20956.6,16438.2,15604.3,17718.5,16581.9,19456,16873.2,21585.8,19522.2,18092.3,20310.9,16303.6,17903.9,16295.6,19507,19537.4,20683.6,17887.3,18421.9,19123.1,22163.8,20463.4,22462.4,20015.6,19038.9,17684.8,21897.7,22162.3,20812.1,17017.8,20984.2,19966.4,22634,19996.1,18075.9,17147.4,16955.5,22582.3,17073.6,21051.6,19761.4,20162.6,18496.1,22455.7,18229.3,16506.5,22358,21272.4,21670.5,16972.7,17734.8,23193.6,20509.5,19370.9,19533.5,21193.6,17663.4,17176.9,21963.8,17643.3,20521.6,19992.8,22689.7,21874.9,22680,20175.9,22791.9,22746.7,17009.5,22332.2,18006.2,17037,18828.3,16516.1,19186.2,21460,21774.6,20274.9,21295.6,19502,20070.7,16617.1,22525.3,20866.9,20506.6,17407.2,22085.4,20411.9,17798.7,16682,19827.7,21711.1,17961.2,18322.2,17469.9,16780.3,15772.5,20996.8,22088.6,17037.4,19829.8,22239.6,18329,20450.2,19122.8,15945,19947,21067.5,21446.1,16201,20604.9,17056.4,17912.2,22266.3,19365.7,20324.5,16245.5,22531.9,20834.5,21072.8,19986.9,20570.6,21199.4,21366,19684,19556.3,19535.8,20628.8,17853.3,16083.4,17726.5,20229,17664.8,17817.2,20687.6,21933.9,21470.4,22059.8,16248.6,18572.4,17689.7,17205.6,17794.5,20983.3,19261.9,17642.3,21061.6,20841.3,22676,22544.4,20048.2,17495.8,20523.3,22474.6,18242.1,18007.5,22290.2,19043.4,20320.3,22549.1,22334.5,22842.7,20340.6,23403.5,17749.8,18173.4,19964.3,22459.1,17989.1,23226.5,24275.3,20129.7,22015.6,24943.3,18401.6,24198.8,23082.1,19802,21939.4,24108.3,18575.7,23938,20040.5,23037.4,20713.2,21188.4,23951,24096.1,21905.8,22116.6,24079.3,19465.8,19078.3,19933.6,22790.4,19407.6,21695,23426.3,22183.9,18855.9,19372.7,22348.9,21603.8,19737.7,20488.8,22240.9,20349,20772,20200.7,18470,21924.5,19300.3,21732.8,21677.3,20562.7,17936.5,20625,20511.7,23255.2,22848.7,23567.2,22750.7,22528.3,19292.2,19311.4,21682.8,19659,23040.4,25705.9,22522.5,31015.7,30444.4
31851.3,25803,27874.3,23565.8,24933.1,19166.9,18635.1,18292,17129.4,21356.8,16729.5,17770.1,19703.9,16407.2,22070.8,18865.7,19802.7,20335.2,21869.8,20802.4,18736.5,17880.6,17343.8,17460,20881.2,21209.6,20165.1,21206.9,21585.1,19285.1,21570.8,22164.4,18969.4,16754.2,18938.6,17790.4,20622.7,17401.4,19699.8,16323.9,19562.1,16159,21381.2,22105.5,20026.5,18088.3,21305.5,21264.5,18444.2,21357.7,21551.7,20804.9,21551.5,16815.7,17028.6,22525.8,16817.8,18630.6,19280.1,20745,16636.5,19801.5,18177.6,20792.2,21209.5,18909.3,21694.5,17408.3,19597.3,20299,20459.3,19751.2,21593.6,17474.5,20124.2,18321.8,20074.8,17789.5,19175,16843.7,19294.1,15785.4,15293.5,16044.3,20023,19868.6,17698.9,20997.6,18023.3,16452.3,20525.2,18334.9,17803,17706.6,16684.5,18413.3,18072.1,16279.9,16072.9,20258,18238.6,17460.7,15942.5,17738.8,17382.5,16819.1,17891.2,17500.2,18703,20488.3,18726.1,20158.5,15494.8,19931.7,18592.4,18120.5,20529,19778.4,21761.2,20506.2,16146.3,19171.8,21320.6,21301.7,19074.7,22261.2,21336,17310.3,17539.9,22265.5,21851,22228.2,22779,21334.6,21431.4,21461.6,20798.5,20599.2,16339.1,15526.8,18195.8,19635.2,16527.6,16913.5,16593.3,17403.2,19896.9,18206,17878,16004.3,19672.4,16610,15750.7,19384.5,14464.8,17510.6,17452.2,17985.3,20984.3,19813.5,19789,16410.4,19990.3,16780.2,18159.5,20876.6,20835.6,18801,18034.4,21790.8,22568.1,20435.1,18325.9,22395.3,17850,17226.8,20375.4,19170.6,20522.6,16782.7,18239.6,16815.3,18003.2,19019.8,17144,22327.5,19184.2,21964.7,18523.2,19922.2,21300.6,21855.2,18350.7,16716.7,20538.5,20946.4,18998.8,17267.8,17653.9,18446.3,18211.9,18732.9,21798.5,16594.8,20956.8,22859.1,21181.2,18444.4,22001.6,22510.8,16966.1,18098.6,17449.8,20415.2,22827.8,17119.6,17888.6,17930.9,20963.2,16975.2,18605.8,22255.2,17338.7,18607.1,22646.9,22666.6,17863.2,21629,22253.7,21620.5,17195.1,20151.7,21471,17138.8,18569.7,19537.2,22657.9,21218.7,20838.5,22952.8,19615.6,16581.9,18342.4,20348.3,22083.3,21860.9,22349,21813,20415.2,16685.2,16313.9,18960.1,17232.5,15968,19757.6,18107.4,21650,18717.1,18329.7,21905.5,19466,17579.4,17161.6,19730.1,19350.4,22358.3,21354.2,17170.6,16741.1,19008.3,16939.8,22216.7,20441.4,19719.4,20754.9,20991.8,21214,17100.6,19003.3,20959.6,18185.4,17026.6,15975.6,20737.3,17178.4,16756.5,21154.3,21350.4,21542.8,18545.8,17202.9,18384.6,15955,17475.6,17025,20483.5,17818.1,22183.5,20631.8,17148.5,19323.3,17386.7,18111.7,23241.3,22381.9,18847.5,16728.6,22056.8,20636.8,19200.3,17657.9,23230.6,22550.1,20444.3,17402.5,21988.3,17332.3,22167.7,22885.9,24122.3,22891.5,21389.8,21037,18951,24397,19502,23213.5,20863.8,20940.8,20918.4,19463,18697.3,24987.8,19165.7,22638.1,20529.8,19679.1,20721.3,23093.3,23705.5,23820.8,20812.6,24194.7,24327.4,23569.2,23410.8,22739.7,22219.8,20279.5,23955.5,21704,22815.4,20917.5,22627.5,20681.7,19066.6,24061.3,22735,23341.4,20636.3,17480.6,23651.4,20116.4,19992.1,21124.2,22767.5,20576.8,20155.7,17681.4,21442.3,19075.4,23777.5,23839.9,21189.8,22022.2,20114.1,20168.2,21551.6,22485.6,22710.9,23309.8,26169.8,28400.6,30906.3
33417.7,28282.8,27127.6,21031.5,23716.3,21802.3,23140,17307.6,19097.9,17018.5,19034.1,20691.5,20886.8,17631.8,16364.7,16187.9,19181.8,17409.9,20904.3,19192.9,20396.2,16513.5,18461.8,19798.6,17754.6,21991.9,20827,16846,20113.1,18399.4,20234.1,19464.8,18075.2,17412,20425.4,16414.8,18692,16648,17567.7,16896.6,21414.2,17616.9,18947.3,17591,20464.6,18252,17194,18152.1,21247.9,19354.4,21925.7,21020,20151.1,18169.9,22078.6,21783.5,21407.2,22388.2,20243.6,20497.6,16604.9,16045.3,19321.5,18241.2,15851.6,20362.8,18997.5,19578.3,21938.1,16223.4,20479,19812.3,16544.2,18543.8,19728.2,20196.3,20362.5,16303,18377.9,18157.5,15587,21216.1,16178.8,16722.6,19817.7,19078,20084.6,16454.8,19460.5,21094.6,17128.7,19811.2,19718.8,14885.7,15431.9,18664,17751.2,18500.5,16234.3,15816.9,16948,15173.6,15152.5,16023.1,15090,18931.2,15806.2,17734.8,15787.1,18942.5,19527.7,18109.4,20603.2,16977,16032,18084.4,18556.2,18537.1,18342.1,19660.9,18204.7,20109.3,16590,17325.7,22021,20804.4,18918.6,16990.2,18690,22327.4,19640.9,22736.9,22802.1,21418.5,21281.2,21827.1,21568.9,18044.8,20113.8,19357.4,17612.3,18321.6,16702.7,17448.7,15893,16634.9,20148.1,17762.8,16061,21607.4,16382.5,17472.6,15200.6,18726.8,18866.1,18101.6,15822.3,18243.9,21897.1,18276.3,18164.3,22165.4,21085.7,17159.8,22378.5,20970.4,17582.8,18977.7,16779.1,20314.4,17456.4,17125.7,21054,17292,19222.4,20654,19002.8,17987.5,21547.6,17925.5,22034.2,22934.9,20499,18884.2,22129.7,17600.8,17894.6,19816.1,16631.7,20994.4,22591.6,20996.1,21672.4,16298.4,17893.2,20952.5,21475.5,21003.1,20370.4,22809.4,20666.5,22808.4,20055.9,19803.7,19888.7,22246.6,20365.5,16494.8,16443.9,17646.8,17205.5,22410.3,22843.4,20425.9,17104.8,23141.5,21125.8,23168.4,20771.1,22445.1,18969.6,17338,20517.1,16570.7,20108,22990.7,22821.5,17030.7,20638.1,20821.5,21073.4,21102.4,17119.1,18610.8,19270.5,19981.6,18950.7,21106.5,17696.1,22848.7,21326.5,20868,16731.3,20709.7,19153.8,16976.9,19460,22374.3,17179.7,18708.4,18686.6,21071,18171.7,16541.7,16438.5,16494.9,19433.5,21918.5,20526,16661.4,17688.4,17513.7,16023.4,17273.3,17536.1,16071.7,18366.3,18659.2,22566.5,17196.5,21246.3,16206.5,20651.2,20453.1,19936.3,21416.9,18076.1,21428.1,20333.4,20061.7,18903.9,21356.5,16620.1,21969.9,20046.2,15536.9,16168,17313.8,17618,16311,17185.7,17926.2,20370,16991.9,19088.4,20073.2,17681.3,18581.9,19891.2,18559.3,22513.5,17082.6,18792.1,20771.8,20732.9,21590.2,20648.8,22686.8,18668.9,20341.3,22545.6,18881,21699.4,21012.5,18089.2,18707.6,21879.3,22787.1,21975.6,20945.9,22518.5,24742.5,22910.3,24449.8,19896.6,20039.1,21274.3,19346.2,19288.5,22308.6,23823,22060.3,19757.8,20076.9,24383.6,22182.3,21086.2,25353.1,20539.8,21825.7,22491.6,24524.8,20516.2,23721.9,19818,21018.7,20256.2,22453.9,23670.9,23589.9,18271.8,23430.7,21477.4,19853.8,19049.8,24427,19908.7,20463.3,23286.9,18587.4,17476.4,17865.2,19647.3,19384.6,21465.3,22647.5,22996,17652.9,18513.4,21187.9,20657,21851.2,19663.3,22509.6,22918.2,18940.4,21820.2,19750.3,19663.5,20006.4,22360.6,27209.2,28027.4,34739.5
31562.1,27163.5,24738.9,24018.2,22041.9,19969.1,21476.6,17700.1,17085.3,21006.1,17196.9,16540.3,17076.3,16238.1,18727.2,21045.2,18514.9,20161.4,18197.2,18604.8,20189.4,15687.6,18779.5,21649.6,17398.3,16736.3,19339.6,19926,20443.1,17883.4,20573.3,18426.5,17878.3,16830.8,20329.6,20632.4,16525.3,18413.5,19351.4,18114.7,22471.2,21421.7,19084.9,16605.3,20647.1,18948,16819.4,18479.1,19675.2,18955.8,19370.3,19893,20851.4,17710.2,18918.2,18691.9,18468.6,18913.6,16804.7,20111.2,21667.9,16421.2,19122.5,16229.4,16664.8,18605.5,20813.2,18726.7,19555.7,22014.6,16533.9,17455,17816.3,17680.5,18352.4,18499.7,16038.2,16862.2,21090.5,17911.5,15383.8,20193.8,21289.6,18668.2,20026.5,17992.5,17966.6,17916.6,20771,18805.7,19821.6,15250.1,14688.2,15859.2,17014.1,14746.7,19448.5,15347.1,19941.1,19735,18752.2,18155.6,17855.6,19865.8,19889,20127.3,16669.7,16945.6,19437.9,20847.5,17233.8,19484.5,15519.1,15281.2,19254.9,17758.8,15878.3,17804.2,18524.4,20354.1,17067.5,19149,16768.3,22099.1,22013.8,18302.2,20784.6,21414.5,16562,19449.8,18250.9,21841,22063.2,21069.4,20749.5,21642.1,20091.4,16864.4,17022.6,19694.2,15610.5,18437.7,17474.6,18543,21240.6,20043.5,19324.8,21209,17832.7,15521.5,16098.6,19338.7,20713,19412.9,17804.9,17064.5,18242.3,21678.7,18525.1,19267.6,20191.1,20443.2,21768,21409.9,17730.8,20998.6,21363.8,20522.4,18662.2,21307.3,17016.8,18921.7,19944.7,18795,22049.9,21985,18508.7,19077.8,19174.3,21584.1,18224.2,20474.8,18199,19541.1,17459.3,17617.9,17964,18237.5,19625.9,16904,19040.9,21038,22576,19883,19095.3,19991.1,21590,17815.1,18943.3,21893.1,19996.1,20682.5,16497.8,17270.2,18845.4,21255.2,16935.4,18566.1,16632.4,20590.6,19181.8,18126,18201.2,20837.8,17933.6,20819,17496.4,19764.9,17351.4,17941.3,20374.2,16562,21439.9,22458.1,19358.8,17752.3,21745.5,20931.3,18286,21510.8,21060.2,20776.9,20736.3,18257.9,18092.1,20206.2,19699,20811.4,18010.1,17760,21421.1,18552.6,16533.4,16502.6,16204.8,21271.8,21675.4,16902.3,20600,18367.3,20051.8,17112.7,19958.8,19761.7,21564.1,19250,20219,17816.9,16154.4,19503.7,16527.4,18720.3,17984.5,21456,15802.9,16739.4,19117.5,16651.9,22363.1,22622.8,19825.8,21874.1,15808.9,19158.1,18610,15616.4,16866,17832.6,17482.7,21028.1,18791.1,17651.1,21810.8,20147,21918.5,19302.3,19026.9,19607.8,19229.6,21739.3,19729.4,16324.4,17717.3,17684.4,17431.8,18781.8,18329.7,19265.9,16431.3,19765.5,17339.4,17673.8,21170.8,19027.4,22894.3,22217.1,16181.4,19573.1,21956.2,20179.1,22728.3,22884,21142.2,23384.9,18127.9,18978.4,19732.7,22390.3,21625,20109.8,20912.8,22432,21056.3,23035.9,24575,23282.6,20551.1,22117.5,24951.7,21514.6,23608.2,21688.9,20373.6,20774.7,21897.3,18285,18459.9,23533.1,19913.5,21122.7,22518.8,23378.4,22532.7,20867.9,21483.9,19016.7,21244.3,24691.8,23851,24682.2,22646.5,20816.1,20910.7,21653.1,19691.5,18677,18232.3,20884.1,23856.2,18950.2,18914.7,18572,19557.2,20581.9,21794.1,19001.9,20929.6,22617.8,21239.4,24155.5,20181.2,23304.3,22315.2,20234.2,24169.3,19149.3,23271.3,20753.8,22783.9,21711.3,24753.5,23675.2,29114.5,34003.5
30532.1,28320.9,26602.7,26049.4,19042.1,21210.6,19470.3,19818,19575.3,20421.8,17718.1,21956.3,16925.1,15887.1,16334.5,19687.9,20569,21889.2,17620,22159.5,15743.7,17914.8,16992.3,21132.7,20842.5,16714.2,21947.3,18837.4,16328,19390.3,20053.1,21749.7,19441.7,20423.4,17310.4,16955.2,19345.3,20619.7,22402,21143.7,20999.1,19990.5,20044.4,21940.4,21922,16523.5,20672.9,20320,16845.8,17718,18904.8,20943.8,21500.1,17785.1,20916.3,20628.2,17598,16313.9,18828.7,15953.6,18050.6,19854.9,17638.7,20338.5,17658.5,19279.2,15776,15934.2,17910.8,19875.5,17682.1,20779,20855.2,19417.6,20743.3,19163.7,20810.9,19228,16960,20294.9,17146.6,19743.2,19485.2,21903,21442.1,18582.7,20526.6,20988,15365.1,17597.7,15771.1,15580,18000.7,15801.8,18939.4,19802.1,20214.7,16686.5,16415.2,17852.3,20732.4,19535.9,17948.5,18562.1,21162.2,20737.8,17252.8,20333.8,19577.4,15525.9,17145.2,19706.9,17025.3,18500.3,18307.6,16847.2,21383.5,21283.2,16949.8,17358.6,20993.7,19472.5,17119.3,16348.6,20118.8,18117.2,21315.8,18497.9,22833.4,16710.4,20330.5,23113.3,19357.4,19201.8,19000.8,18843.3,18348.9,21225.4,18789.9,19122.5,19841.9,18697.8,17942.2,16655,15923.4,16378.1,16816.5,20445.4,21655.2,20729.7,19336.9,19272.1,18414.2,15191.9,14383,17549.5,20622,15997.1,18558.1,17143.9,19334.2,16260.6,20178.3,18727.5,16474.5,21940.7,18290.8,21608.5,17278.3,18648.6,22303.7,21265.7,21358.3,17942.3,22645.8,17775.7,18319.7,20562.1,20775.5,19288,18298.7,17991.1,18052.5,17146.4,16674.3,20094,18188.7,22517.4,16927.1,16325.9,18353.3,20233,17330.1,16869.1,20446.1,18707.2,19775.8,19741.6,16368.3,18539,20319.3,18841.6,21341.1,22120.3,16934.7,18494.8,18990,21927.2,20252,21112.9,17391,20608.3,23021,21794.4,22045.9,17833.2,20419,23028.8,17774.6,18758.2,17236.2,19473.1,21675.8,17249.4,19870.6,19781.4,19613.8,19577.8,22511.8,19887.1,18888,19958.2,20971.5,19552.9,18409.8,18614.3,16508.5,16960.2,18956.7,22837.9,21940.1,16597.4,18578.2,17566.1,18766.5,16574.3,18613.4,16686.7,17083.7,18601.9,16926.4,18638,19362,19137.5,16503.8,21087.7,21407.5,22011.1,18946,18431.8,21735,21118.6,17951.1,16399.6,17433.6,16995.6,16443.4,16611.6,21426.8,20345.3,21903.1,22114.1,19056.7,17087.3,19484.7,18454.3,16460.1,22231.6,16619.5,17337.7,19637.4,21393.4,16016.2,20876.4,15831.1,22114.5,16564.4,18644.8,21370.6,21616.9,17188.8,20138.8,19521.4,16031.3,19761,21336.8,17354.1,18352.9,16543.3,20346,22564.7,20486.1,22597.1,18627.6,18420.7,20725,20006,22691,19112,17199.1,18731.9,19233.8,18131.3,17103.6,19229.1,22698.2,22811.1,22559.7,21691.8,23115.2,20053.7,18085.5,20162,23734.7,21230.7,24553.7,21109.9,21508,19931.8,19375.8,23945.3,24164.2,22398,21292.9,22505.3,19298.3,18521.8,18938.6,24212.2,19721.3,22494.1,20805.5,23700.5,21221.1,23006.9,21712.9,25073.5,24843.1,19680.6,20945.2,21924.9,19120.9,22985.4,19307.8,23252.7,23799.6,19357.5,23258.2,17876.3,23402.6,18116.6,17944.6,18394.4,20076.8,23358.6,17431,18331.4,19278.6,18467,19726,21224.1,22670.5,20988.3,18334,22554.7,22683.8,19891.9,18627.6,18142.6,24161.7,20566,24110.6,27962.4,32755.2
36145.2,26416.4,26039.9,20344.7,21996,19417.3,23174.6,19338.2,19380.4,16459.4,19986.3,22363.9,19698.9,19860.4,16987.7,18529.3,21674.5,20801.7,17111.5,20180.4,21155.4,15706.8,19220.8,16994.2,19278.6,17644.3,20759.5,20502.7,19106.6,17879.6,19272.6,22373.9,22397.8,17343.8,17528.9,19882.4,21023.2,20653.5,17909.6,17969.5,19165.4,17482.2,17471.1,20220.1,16812.2,19588.7,21297.6,21836.2,17507.6,20230.7,19137.4,17890.1,20163.3,18898.4,22007.3,18744.5,19345.2,18612.6,17870.6,16102.2,16527.3,21518.3,17385,18285.7,18747.7,16682.8,20997.3,22031.5,19183.8,21334,19639.6,19446,20848.3,21445,20534.9,21692.6,16622.3,21775.4,21793.9,20067.8,17915.4,21636.3,21562.5,19397,17143.8,15537,21098.8,20092.8,21577.9,16063.4,20304.1,16192,18408.7,16552.6,18549.5,15820.2,18143.9,18008.2,18208.3,15958.5,16010.3,19853.7,14632.9,16719.8,16018.7,17059.9,19826.6,16197.2,18960.4,19419.7,18274.4,19990.9,17401.2,21642.9,18448.4,19849.5,21168.8,19267,17241,16713.3,20312.4,18274.2,16841.2,18088.3,18777.6,18684.4,20856.3,17213.9,19824.3,21242.2,20467.6,19575.7,20718.9,18364.7,17281.8,22241.4,16862.5,16709.3,17931.5,16014.9,20753.7,16428,18107.4,18519.7,16321,15512.2,16404.3,17359.2,17968.5,20892.2,21022.2,15745.8,21705.6,20421.7,14218.7,18606.6,16691.1,18488.2,17683.1,19253.6,20992.8,16287.6,16200,21809.8,19850.8,17158.6,22685.6,17581,16842.3,21237.6,20768.7,20387.9,16998.7,19688.7,20243.4,18838.3,21605.6,20633,16943,20026.9,16884.5,18750.6,19561.3,21164.8,21287.6,19101.1,19404.3,21228.3,19025.2,18323.6,21540.4,17402.7,18374,16358.9,17753.3,18167.9,19297.8,21509.3,20177.3,20001.3,19264,21720.9,19724.4,18869.6,19564.2,22537.6,17300.6,19898.5,20723.8,16921.4,22110.2,20283.4,21990.4,20608.9,18544.8,17481.7,19629.8,17212.2,20089.5,20621.9,18989.7,19765.2,19472.5,21383.2,21407.1,19587.7,20600.7,19810.5,20097,22920.4,21462.5,21135.9,16416,20616,18894.1,20780.1,17096,17447.6,18926.5,19089.7,22074.5,16790.3,18265.5,17838.5,17881.8,17489.8,21402.8,20638.7,20506.1,18651,20171.2,18221.6,18186,18793,21361.8,16771.9,20492.7,18427.9,21833.3,20503,21159.3,17589.5,19650.2,16394.9,19439,16758,18845.8,17306,17790.6,18385.4,19394.6,16654.5,19881.6,20274.4,18579.5,18099.9,21317.3,16901.1,16470.3,19566.1,20409.3,17976.4,16111.7,18488.9,17300.9,21113.7,16045.4,17525.1,18588.4,22284.8,16886.3,18378.7,22170.2,18557.9,16922.6,21750.1,17229.4,18344.8,17195.1,22109.9,16701.6,19603.7,18707.4,18697.7,17115.5,19632.3,19532.1,18256.3,18734.3,19991.7,18279.9,20607.3,18763,18653.5,22131.9,17621,19088.9,18771.4,19910.3,23737,24192.9,20040.1,18227.7,23199.3,20415,20356.6,19365.2,23987.8,22381.1,23844.7,19711.8,24256.5,24132.5,23595.1,22254.5,24980.1,19825.8,23580.3,20080,24951.5,21189.6,22887.3,24158.2,19106.4,19619.4,23373.8,24665.8,22385.5,19288.4,22249,19742.6,21082,23108.3,19611.2,19831.3,24342.7,20596.5,20187.3,21026.6,20927.7,21333.6,17966.7,20998.8,20229.6,20622.1,23828.7,19053.3,23663,24221,20224.2,20468.3,23873.2,22391.6,18446.4,23703.7,23383.9,20167.4,22565.4,18078.3,20578,22771.3,25892,28214.9,33088.8
30368.1,27001.1,26981.6,25321.2,21678.4,21180.2,17915.4,21216.5,19244,22307.7,19105,16313.4,17144.3,19748.4,20256.8,21373.6,20872,18377.5,19507.2,20804.3,16725.4,16977.4,19788.8,16072.5,17888.7,16591.4,18766.8,19205.5,17033.7,21687.3,19104.6,21322.9,22067.5,22303,20227.2,22108.3,19052.9,19438.7,18336,17540.4,20223.8,19859.8,17833.6,17771,20316.8,18248.3,20250.4,20099.3,16772.7,16523.1,22240.5,19445,16754.2,18451.6,19780.4,16718.8,20372.9,20267.8,19723.1,19594.2,21684.6,17153,20156.3,16025.7,22014.8,18087,16210.1,18344.2,20199.8,15984.1,20053.8,19791.6,22276.6,17698.7,20923.1,20274.5,21961.1,15502.3,17273.2,20715.9,16488.8,20504.1,21668.6,22035.5,20948.7,19033.9,20541.3,18435.7,20646.9,18099.9,18692.5,19757.5,20465.9,20400.5,14948.6,19031.5,18660.5,20150.7,17283,16462.4,20940.6,17992.5,18131.7,20256.3,18034.9,18708.6,16296,19701.1,17976.7,15612.2,16411.9,20983.8,20037.3,16634.5,21414.2,18742.9,16985.5,19755.8,20695.2,22119.3,19293.4,17881.3,19818.7,22113.2,18052.3,19176.9,18973.9,20627.6,17323,19462.2,19615.2,17512,22330.5,21470.7,16470.5,21224.3,22132,16137.4,18807.2,16310.2,21356.5,19354.9,16966.3,18101.1,16796,21717.6,20692.8,19013.6,20664.7,20640.7,21499.8,20152.3,17071.8,19334.6,14090.6,16855.5,20237.8,21813.7,19535.5,20453.4,16632.8,17182.2,18288.1,17171.3,16939,16501.7,20347.1,16769.2,17000.1,17939.7,19858.8,18767.3,17775.7,22336.3,17807,20370.6,20160.5,18685.2,21525,17560.4,18851.2,17242.1,17200.8,21313.3,16977.5,16407.4,16127.6,20712.8,21756.2,18254.4,19726.6,21698.7,19519.9,17184.1,16880.6,22082.6,21229,17780,16514.4,20108.9,17158.5,22090.2,16747.2,21650.2,22795,22701.5,22111.9,18755.2,20135.1,20925.7,20771.4,22645.5,19586.5,23205.7,20946.5,22255.5,18730.7,17004.6,22120.2,18096.8,21359.3,20726.2,21246.1,17093.2,16418.5,19674.3,18029.5,20212.6,16770.9,18078.4,18670.3,17778.6,20205.1,17040.2,19283.4,17588,22172,17487,16488.9,22808.2,19755.6,17388.6,19703.8,19579.6,17396.5,16620.4,20196.7,18163.8,18098.8,19523.4,18223.4,20666.3,20147.2,20014.3,15819.7,16139.8,21154.6,22220.8,17628.9,19555.3,15503.5,21502.9,15876.1,20301.2,16244.1,18040.4,15906.6,22152.4,20660.6,18384.5,22304.9,18069.8,18433.2,17326.5,18407.5,18409.5,22023.8,16790.2,15566.8,15869.4,20828.6,20582.8,16466.5,16040.2,17798.3,15890.8,21889.5,16594.1,21992.2,18218.5,19779.1,22071.3,21602,20984.1,16869.3,19498.9,21226.4,17420.3,17341.7,22698.6,20212.4,20806.5,21494.2,17701.5,17493.2,22453.8,21921.5,22229.1,19493.6,16823.5,21923.2,20080.1,17520.6,19183.9,23276,23505.1,21188.8,21501.1,20869.4,22859.3,22668.6,20935.6,17886.2,23970.9,23329,21206.9,21521,21105.1,24902.5,23634.5,20909.1,22142.3,23956.7,21133.3,19327.6,20340.8,23889.8,18742.5,20930.7,19917.3,19763.7,23164.3,22738.8,20788.6,25246.8,22917.6,20142.2,19643.7,20105.6,20221.3,21170.7,19042.4,21710,22554,21945.7,21869,21947.8,20716,21515.6,20751,19200.8,18855,23754.9,19916.3,18179,19066.6,17516,18698.3,20868.2,18971.7,23151.3,19874.9,20792.8,22524.2,19897.2,24627.7,18603.8,22589.7,19559.7,23225.4,25003,27349.2,25102.1,35264.5
31860.2,30403.3,26269,24331.5,20626.2,22527.8,22344.1,21158.8,19302.8,20361.8,20919.1,16909.8,19513.3,16533,18678.5,20569.1,20528.3,19120.5,16419.6,17214.4,17192.4,21129.4,17308.2,19097.3,20746.4,18032.8,15711.4,16433.4,19924.2,20992.6,20917.7,18319.8,17992.6,19623.1,16848.8,22194.7,22264.4,19259.9,22371.5,17372,17305.7,17453.6,20785.3,16429.8,20438.8,22491.6,16730.7,16625.5,17197.6,21955.1,20020.8,22459.7,22472.3,19990.7,22428.1,21083.4,19136.6,20206.2,20244.1,18878.9,17108.7,16823.6,17753.6,16185.9,18949.6,18620.1,19143.3,20075,20320.9,18518.6,16434.1,17250.8,16382.5,20822.3,20407.7,16908,21021.9,21680,15878.3,17135.3,21963.3,16105.7,21041,18123.1,15722.4,19663.9,21596.1,21554,16484.2,20878.1,20826.1,18513.9,21237.8,21489.2,21273.7,19311.8,18796.1,17956.1,16970.1,18307,21068.9,15157.4,20839.4,14873.7,15527.2,15939.5,14641.5,20720.9,17908.8,20279.7,21302.6,16762.2,19401.5,15721.4,17339.9,17350.1,21936,15848.2,21601.3,18862.4,21995,18768.1,20358.8,19547.4,21581.4,22325.4,20799.7,16571.5,17991.4,23015.2,19729.6,18945.3,21160.3,21757.6,21265.2,21141.6,20056,19644.5,17638.3,15512.1,20480.1,17609.9,15717.8,21325.7,18887.9,19636.2,15887.5,17146.2,21610.1,20603.1,19419.9,16233.8,21272.2,18685,16512,17967.7,15880.9,18039.5,17112,20233.9,22213,18622.9,20314.6,19704.2,19392.2,16664.1,20190.7,18941.8,21790.2,21956.4,17697.2,22806.7,20361.7,19516.8,18479.5,20320.5,19182.5,21452.9,17579,21429.7,22390.1,18128.4,18060.9,21605.9,17051.7,16972.8,22144.7,16820.6,16595.9,19285.4,19274.8,18604.4,18067.6,18123.9,18870.6,21168.6,17943.2,18406.8,17997.5,20764.6,22161,20301.6,17893.3,16664,22293.6,17488.4,21382,17771.5,20670.8,17071.1,19053.2,22004,18440.8,19979.6,21240.6,22247.2,22612.8,20452.5,20217.1,19802.9,20830.6,18783.3,22907,18827.5,17232.9,21778.7,19733.7,21706.2,17447,20831.9,22038.7,19838.2,18613.9,19683.4,22661.3,18402.7,21790.7,19365.6,18750.4,18002,19095.1,21668,22216.9,17783.6,20692.2,19951.4,19991.5,17639,19410.8,21849.8,17604,21171.6,17167.1,21330.3,18733.7,20694.2,20560.3,16432.4,16163.9,17163.4,20292.2,19931,16569.2,21092.3,18431.5,16133.1,19634.2,16972.4,18087.5,22672.7,16777.7,17106.7,15955.8,22530.7,20998.9,22050.4,16869.8,16729.2,18516,16188.8,21785.9,18019.6,16629.6,18048.6,18607.7,20149.5,18839.7,17527.7,16233.6,17842.9,16718.7,18626.9,16714.8,19048.6,19391.3,16974.6,20190.9,22668.7,18771.2,23101.5,22040.4,19292.8,21671.9,20886.9,21356,17627.5,20200.8,21474.1,18970.7,17276.9,17828.3,22152,18289.1,20548.5,22321.6,17986.5,21161.4,17976.7,18327.8,22775.4,19248,21458.6,23905.2,23417.7,22283.8,21027.6,23372.8,18571.8,20376.8,22639.2,21209.5,23838.4,24937.1,18660.9,24622,20096.6,18860.6,18760.7,20939.7,21901.4,24061.3,20079.2,22776,22396.7,23248.7,20775.9,18685.8,23935.8,19425.5,19624.7,23397.9,19566.6,24187.7,21485.4,23407.1,24294.2,21780.4,22739.7,19512.2,18787.5,22381,20058.3,20356.3,18094.1,23442.3,19219.1,21428.3,22951.7,18591.7,23243.2,22103.5,19600.2,19552,24049.1,23754.4,23799.8,24482.9,19873.1,22540.1,25117.8,22474.2,25100.2,27370.7,30445.8
30923.9,26042.5,25941.6,26443.1,20558.8,21584.3,22044.6,21162.4,17140.8,21961,20081.8,19029.6,16402,21844.6,17888.6,20101.7,19345.4,17983.9,19706.9,21785.1,22120.7,20392.3,20110.3,16726.1,18824.5,17881.8,16592.2,20180,21346.1,16174.9,17543.9,20001,21137.1,19649.2,22650.5,19564.8,20525.1,19970.1,22445.8,19613.4,20111.5,19260.8,17742.4,19958.1,17502,18724.5,17547.6,20442,18867.2,16632.5,18390.5,22540.8,17089.8,18012.5,22185.8,20235.6,21067.8,16881.1,19775.2,17687.6,16594.6,20582.8,21215.5,19250.6,17437.7,17593.4,21126,18920.2,19615.1,17824.5,17340.2,16109.7,18177.8,22074.4,17179.2,17889.7,18858.5,17899.8,16305.4,21405.2,18702.3,17115.1,17708.8,16510.4,15982.4,17610,18436.8,18457.9,20405.7,16023.2,21197.5,15068.7,19693.2,15293.3,14833,18866.3,15085.7,20000.1,21388.8,20006,16406.5,17775.6,16253.8,15299.2,15624.1,20357.4,18485.2,19978.5,16120.6,19157.6,16496,17089.8,20620.2,20845,18652.5,19429.7,20376.4,17946.2,19540.3,22154.4,20120.5,20926.5,18554,17471.9,22772.1,21608.9,19475.8,16500.1,16834.5,22624.9,18130.1,18142.5,18064.4,20173.5,19842.9,18481,21458.1,21057.4,19028.4,16203.5,15424.1,18421,16155.8,18856.4,21004.4,17303.2,20544.9,21332,20416.1,20858,19017,17228.2,18557.1,19443.6,18660.8,20733.4,17396.2,15786,20866.9,17268.5,18709.5,19455.4,16272.8,18605.7,18193.7,21674,22252.3,19059.2,22561.4,19300.8,17159.3,18251.5,17559.1,20028.2,18057.1,20786.9,20452.7,21320.8,18355.4,18348.7,22113.6,20693.5,22837.9,17212.5,16438.2,18856.7,16552.8,18423.2,19529.1,17393.9,21260.5,22219.3,18477.4,17293.2,17082.5,22209.2,19248.7,18266.7,17961.2,22470.5,19207.4,18427.7,21912.5,16722.4,23037,21494.4,18462.3,21518.2,20174.2,17250.3,20584.4,19348.6,22028.4,20519.8,22394.1,17936.2,17276.4,20241.9,16679.4,18970.8,20377,22359.2,16513.4,22439.7,16914.6,17218.3,20283.1,17846.8,20259.4,17160.6,21332.8,21493.5,20464.2,17934.8,21373.4,19311.6,19093.6,17045.3,18714.2,21994,19534.2,22384.3,19654.8,22461.4,18971.5,17427,21661.7,18376.1,17665.4,18589.5,17997.5,21003,16281.4,18612,17012,19795.7,21804.7,15975,18499.3,16369.3,18288.9,21322.7,16489.2,15716.5,17065,19364.4,17257.1,22364.2,18487,17068,17080.1,17711,21613.6,19144,19387.4,21614.3,17840.2,16115.7,20103.1,18709.6,17696.5,16606.8,22135.8,21809.6,18010.2,16180.2,16649,20395.1,19556.6,17860.1,15803.5,19052.8,18798.4,21781.3,16495.2,22449.6,18365.2,22665.5,20366.6,18384.5,21662.7,22199.5,21998.1,21190.4,19047.4,18526.8,16866.8,19978.8,17671.3,20368.1,19690.5,18544.5,18354.5,17510.8,22134.6,19568.8,22141.4,24117.1,17631,23990.3,21766.1,23416.1,20575.8,22489.9,24142.5,18605.2,23048.1,19853.3,21302.7,23108.4,21817.2,21647.8,22788.1,20177.2,24190.3,19652.5,19511.9,20555.5,20003.3,20592.2,22837.2,20386.9,23849.9,22738.4,23689.6,19673,19758.8,19704.9,20177.4,23525.5,22536.2,22373.5,18424,21299.8,21169.1,20086.3,23624.3,23156,21259.5,19422.1,23875.6,20510.6,20953.9,21092.1,21052.5,22052.8,23276.2,23266.6,24046.8,18326.6,20594.7,20848.7,21656.7,22910.6,20891.6,20434.4,19670.1,21363.2,24115.6,23465.5,23361.7,26317.7,27012.4,30506.5
31969.1,28869.4,26532.2,25981.3,24283.4,24069.7,19767.4,18547.5,19716,16426.8,20812.2,18500.8,16686.9,16310.2,18118,22254.5,22166.8,17752.6,18457.4,21380.2,20458,19018,18332.4,19454.7,21017.7,19254,15990.1,20019,20775.8,19469.4,21899,22599.6,22421.8,16547.9,21074.9,19051.5,17976,19123.1,18406.7,21854.1,18830.5,19739.7,17970.9,18879.9,20789.7,22858.2,18037.1,21559.5,18543.7,22126.7,21341.2,18567.1,16260.4,22146.3,21664.4,22619.4,17272.7,20926.8,16197.7,19270.3,19999.7,17680,18712.5,15949.9,17655.4,18287.7,18457.3,17458.3,15978.8,18443.4,21238.2,21008.4,20024.1,20783.7,19327.9,18578.7,16640.8,18793.4,16466.9,21102.2,19654.1,16879.2,20656,21801.5,16529.3,18467.3,21602.1,22027.6,17814.3,16936.9,16124.6,19495.3,18875.7,18485.5,18444,21380.5,18118.7,20740.2,20462.7,19403.1,20897,17406.1,18450.4,17124.2,14675.5,16935.1,17415.4,16533.5,21259.2,17782.2,17408.5,20590.2,18028,18073.7,17297,21039.4,16720.4,15788.5,16075.6,15623.7,18057.3,17399.8,20666.1,18039.6,16435.2,20754.1,18354.2,22150.2,19102.2,20645.9,17990.9,22894.2,20258,19031.2,17886,22467.1,19777.2,15587,19778,21101.5,19534.8,21236.5,16667.4,18956.9,16092.7,17154.1,19060.3,20858.2,20756.2,18323.6,16520.2,19809.4,16995.6,18387.5,19314.2,21329.1,16569.6,17973.9,18078.7,18421.3,17434.1,19331.3,21084.5,19138.5,17080.1,18898.3,20855.3,17143.4,22276,22983.5,17892.6,18979,20665.5,17451.8,18742.7,21132.2,20976.1,21250.3,17143.3,18517.9,17616.2,19851.4,22608.9,19930.5,16562.6,19405.8,19534.7,16944.4,20744.5,20482.9,17532.6,19996.1,16195.2,21267.6,17354.5,18116.9,20692.4,18480.1,22558.4,20549.5,22191.3,22495.4,18937.7,18139,21876.8,18467,22125.2,20585.6,18138.4,19288.7,22644.8,22930.4,23717.4,17870.5,21647.9,21070.8,19339,22852.2,20349.6,21137.4,18853.1,17158.1,20202.2,18029.6,21978.6,19205.2,22140.3,22953.8,21876,16962.8,19708.9,17916.1,16465.5,18111.4,21128.6,18605.6,22642.5,19916.8,16623.8,20933,20400.5,22197.4,21249.2,18749.8,18302.7,16217.4,16251.3,18583.8,22054.4,21943.8,20076.4,16225.1,21175.9,17081.4,21657.8,16064,19049.6,21775.7,17167.5,20976.6,19945.4,19118,15788.3,21364.7,16205.2,17410.3,20324.3,22693.3,21003.4,16391.1,18990.4,18693.7,21079.5,16144.5,19035.1,21797.2,16445.4,20513.3,16151.3,19625.6,19495.7,21843.8,17528.7,17832.3,16887.5,22130.2,20656.6,18054.8,20917.7,18373.3,19188.4,17482,18133.5,19298.5,17745.3,18673.7,20064.1,19443.1,20735.4,19691.1,21957.2,22609.7,20392.5,16688.9,19017.2,17291.6,22757.9,20866.6,16641,21451.6,16969.2,22794.4,22554.6,21024.4,22929.8,19700.2,19309.9,23111.4,22579.1,20069,19585.3,20783.5,24210.1,20286.6,22958.1,19282.6,21277.6,19131.1,19724.4,23131.2,19773.9,23779.8,21466.5,18691.6,23159.3,22444.6,20508.1,22188.4,24206.4,23722.7,22526.6,20772.1,19950.4,21708.3,19387.5,21664.8,21901.9,19193.1,24789.8,23519.9,22096.6,18446.8,19270.3,24241.7,19493.1,19199.8,24518.2,19625.5,18404.3,22181.1,23860.7,22806.2,18823.3,19935.8,19858.8,22107.7,18067.7,23701.2,19960.4,18731.4,20221.9,22748,23836.5,18481,18346.7,21331.8,20776.7,22076.2,23279.2,23080.2,20445.9,25283.4,28850.3,36106.4
30892.4,27712,24781.7,24436.6,21401.3,23878.8,23596.7,20943.3,21650.5,16984.4,22115.2,20340,16466.2,20711,19611.6,21524,17289.2,21790.7,18435.8,18709.2,21180.2,16452.4,19047,18856,22219,20651.5,21216,21359.3,18957.7,16698,19143.6,18849.2,22126.1,16945.9,19746.8,18797.4,21091.5,19298.2,17474.8,19166.7,16652.6,21599.7,22295.9,21625.8,18872.8,19504,20322.1,17546.8,16566,18402.3,20896.8,21415,18179.9,22037,21783.5,19803.6,16646.8,16471.9,17266.3,16404.5,19474.9,19698.4,19070.3,18143.9,19071.5,19637.3,16630.5,20680.5,16472.1,19200.3,19989.9,21824.1,21350.1,16657.6,21276.1,16756.4,21979.2,21266.4,21471.9,18491.3,16759.1,15527.2,21971.7,20845,16094.1,18315.8,20269.1,17713.8,21338.5,19910.3,16964.9,15214.5,17796.4,17368.3,18286,17838.4,20402.3,15763.6,20317.1,17818.9,15660.8,18764.6,20410.3,15593.5,14855.2,19904.3,16059.7,14759.9,19826.4,19825.1,15027,17563,19117.8,19255.6,19763.9,21142.2,17545,16864.6,19710.5,20664.6,16497.7,18405.3,22074,21267.5,21795.6,16826.8,16649.2,16811.2,19359.2,18876.1,18146.2,18631.4,20090.5,22265.7,22485.1,17903.1,17447.4,17611.1,20552,19126.2,21761.3,15634.8,17421.8,16336,19729.2,21603,18036.6,19121.8,21417.2,17281.5,18871.9,15980.2,15489.3,18381.1,15784.8,17870.7,21434.7,18195.7,19600.3,21443.5,18095.1,22188.8,20601.9,22217.9,17248.2,19751.9,17491,19026.5,19468.4,20969.4,23444.3,19463.6,21349.2,22144.7,20655.5,19601,21069.3,18146.9,17841.3,19714.7,18392.5,17285.4,22731.7,19676.8,20716.7,18197.8,21070.1,22192.7,16659,22137.7,22449.6,21408.6,19865.6,17717.4,20897.6,17009.7,22949.9,16717.6,21320.9,19366.1,21002.7,19750,17599.4,17174.5,21240.8,17687.6,22108.6,19561.3,22123.5,20089.3,20227,18805.7,20368.9,21597.8,17609.7,23039,18468.7,20604.4,21036.7,20691.7,19735.8,18497.8,21690.8,18703.5,18015.9,20817.7,19564.6,16699.3,17352.9,21761.9,18030.2,16701,20093.3,18727.2,23168.6,22569.8,17498.9,17192.2,19290.3,18911.8,19284,19886,16694.1,18071.2,20541.8,16424.1,20942.2,21238.3,18621.3,17009.8,21945.2,16180.6,19999.7,18852.4,20579.8,15924.5,16684.9,20046.8,18713.6,18344.7,19755.1,19209.6,18458.8,16126.6,21416.6,16049.4,21933.6,21980.6,17438.1,17260.8,18021.3,17306.7,20067.7,19203.7,19273.6,16491.4,18327.2,17975.9,17458.1,20621.6,20690,17716.2,17060.2,18067.5,17938.2,18609.5,18969.5,21571,20658.3,21156.1,20889.2,21782.1,17930.8,19463.3,16689.6,19476.1,18384,18786.9,19454.4,16988.8,21028.9,20935.3,19878.7,20975.7,20040,19674.3,20682.6,18167.7,22195.6,22619.7,18841.7,22912.4,17208.2,23080.5,22795,21420.9,23563.6,17516.8,18478.2,18676.4,21244.1,18516.7,23898.8,22945.1,18484.7,24296.1,24641.8,23733.7,21035.6,22798.5,21406.7,23150.8,23073.4,24407.5,20865.5,21784.7,22663.1,25003.3,20797.6,21155.7,24363.3,20274.7,19679.9,23185.9,20121.5,22496.2,20566.5,22707.4,18652.3,24110.7,21770.7,20029.2,24093.2,20769.8,18636.8,21806.9,21238.7,20570,17735.3,19987.1,20684,21038.3,20304.2,18428.8,18070.4,18467.7,18497.9,22686.9,19097.9,24993.4,19333.3,18838.5,19471.8,20773.1,22216.1,21257.2,20374.5,19827.7,21442.6,23952.4,21638.1,25505.1,28893,30774
33014.2,27641.7,23421.4,24646.5,20540.7,20652.1,19905.2,20952.1,22140.9,16508.3,18165.4,18288.6,22003.1,17279,20711.6,20888.6,18285.1,21482.2,22676.9,20865.9,21911.5,20661.6,18084.1,17312,17279.3,16703.6,19946.5,18374.7,16275.5,20275,19087.5,17075.7,18707.3,21616.2,21024.4,20088.6,22371.1,20545.2,19717.3,20019.9,22157.9,18750.6,19135.4,18269.7,21916.4,16568.1,18581.2,20382.3,20138,21598.5,16830.4,19562.9,21749.7,17545.5,22496.6,16695.9,18381.7,19931.6,16886.1,20221,18440.3,20257.5,20309.6,17538.8,19033.7,19399.4,17679.1,21455.3,16701.2,18289.9,16516.3,16243.7,19483.5,21130.2,18218.1,21734.9,17009.2,16761.5,16032,17571.9,18924.1,16194.7,15671.6,20789.4,15983.7,18397.8,16801.8,19296.1,17416.8,20804.4,19363.7,15053.4,19372.7,17098.2,17807.6,18533.8,15790.4,18919.4,21071.8,15523.2,16841.4,15794.3,18718.8,20764.7,14970,17884.6,16790.4,15710.2,21196.3,21456.7,21367.6,17393.2,15963.1,18033.7,18150.4,19759.6,19751.6,21999.7,15778.2,18016.4,15890.2,17577.1,15833.3,17249.5,20578.9,19323.1,19807.5,16876.2,19826.8,22923.7,16948.7,18096.6,22945.4,20765.1,17136.3,17406.2,15984.3,20022.4,21175.6,19895.8,20389.8,19494.5,17534.7,18394.9,19904.5,17223,20305.2,18792.6,19432.1,21424.6,17222.9,21151.6,19335.1,18025.5,14411.2,17975.5,19423.4,16685.2,20574.4,16540.1,20463,21577.7,17303,22437,20171.4,6068.09,19207.8,18825.1,21352.8,22342.6,17264.4,17974.5,17652.1,18749.7,21235.9,23092.2,17527.2,17157.4,19315.2,19515.4,19726.4,18725.4,21501,21536,20713.9,20312.4,20328.8,22021,19478.5,18184.6,21997.6,20585,20088.4,17218.8,21377.2,17226.2,18810.5,5549.99,20340.7,16622.1,22322.7,23137.6,16642.1,21979.7,20218.4,17578.2,22262,18545.1,22523.2,17645.5,17098.6,18640.5,23598.1,20318.7,21666,19767.6,18836.2,18655.8,20224.4,18974.3,20281.5,16875,19251.9,19498,18226.1,18777.7,22859.9,19518.7,16839,20817.9,18600.7,17374.6,22400.3,22007.2,18645.3,22577,16804.2,22828,19333.3,20624.8,22064.6,20799.5,20207.9,16870.5,16217.8,17241.7,18293.6,21659,17939.7,16629.1,16196.3,19595.8,18239,17802.6,21515.6,21818.9,17864.9,17095.2,20608.6,17910.6,21451.8,18594.2,16361.6,21797.7,16459.3,16520.3,16649.2,16618.5,17581.4,19832.2,20208.9,17558,17937.4,20489.4,18399.8,17268.7,16491.7,17571.2,20438.2,19941.6,19893.8,20939.9,19988.2,20347.1,16687.6,18514.4,20484.7,19784.2,17575.3,20272.7,21179.9,16846.9,18552.3,16887.8,16045.9,21135.6,18866,16369.9,18855.3,18362.5,22796.1,23065.4,19239,17037.8,16241.7,17177.8,21344.7,16264.3,19097.5,21134.4,21556.1,20556,21955.3,17943.1,21490.5,20550.6,23836.4,23844.5,20447,20295.7,21475.9,24334.8,19576.7,22386.3,24285.7,22816.6,18672.3,18545,23312,24543.3,21325.8,22990.4,23511,18809.7,20062.2,19791.2,21188.3,22166.7,19700.4,24927.1,20321.7,20690.6,20638.6,23674.7,21164,22881.2,21351.7,23290.1,24319.7,20885.1,21138,24453.2,21012,21805,20640.3,24177.9,22673.9,18495.4,20064.1,20737.9,23431,23783.7,20710,23091.3,19684.7,18971.3,19219,21071.7,24690.8,21432.1,19730.3,18263.1,21873,19359.5,22238.4,23734.7,22853.3,18414.3,21249.5,24039.3,19973.2,25697.8,29428.3,32863.7
35293.2,26351.3,23784.7,23340.6,24646.6,21023.6,19509.3,21709.5,19491.2,17140.1,22471,20174,19728.8,17685.2,20640.5,19762.3,17989.1,16114.3,17131.6,17338.9,15925.8,16430.4,17837.2,22081,19357,17249.5,16947.7,21279.3,17475,18214,22016.4,19394.7,21018.5,21544.9,19810.2,18815.2,19439.4,18801.6,17416,16677,16716.6,19363.2,21784,20325.2,19606.8,16872.6,21177.7,19592.4,22121.5,18472.7,21593.4,18486.3,17390.9,17834.1,18146.5,22290.9,20814.5,16544.3,18904.7,18025.2,20751.4,18077,20955.3,21087.2,17963.3,17884.7,19278.1,20335.3,21762.5,22028.5,17352.2,19891.2,16389.6,17119.4,20668.8,19794.6,20816.7,15715.2,16088.2,20331.9,15346.2,19183.7,21102.3,22067.3,18786.3,20047.2,21657.2,20480.7,17309.2,16311.5,15452.2,19044.2,19745.8,19953.8,17632.6,14914,18443.8,20341.6,17547.8,19297.4,19235.5,15966,17434.9,14651.5,20741.7,17140.6,19252,19804.3,20830.3,20831.4,15185.6,19973.9,16699.5,17017.7,21451.8,18961.3,17178.9,19734.9,16864,20561.4,16413.1,21255.4,16649.9,17685.7,17795.3,17693.2,17599.7,17010.6,16017.6,20848.5,17216.4,16888.5,21043.8,22515.6,17108.9,19831.1,20862.2,18176.5,19560.4,19265.6,16699.5,15697.7,19263,17492.2,17460,17396.1,15825.6,21677.7,19424.2,20182.7,17170.3,17971.3,19096.5,17035.3,18257.2,20395.3,20967,20545.4,21921.7,20088.7,16254.2,18471.4,16432,21045.9,22728.7,19948.1,22783.4,20769.4,18645.6,20028.5,17759.2,17550.2,20865.9,21877.8,17853.2,18234.8,17067.8,20051.9,21854.8,17330.4,21094.5,19509.3,20976.3,22304.3,20612.8,18178.8,17168.9,16382.6,19732.5,16604.4,20706.6,21634.7,20395,17206.4,17221,21463.7,21050.2,22759.7,16858.4,19925.6,19830.7,20519.6,20111,23021.6,18774.4,19343.3,17900.4,16918.2,22904,22043.6,18975.5,19106.3,20369.6,22439.8,19364.1,23413.2,20249.4,22971,21904.2,18069.6,18183.4,18201.2,21398.8,22586,20282.1,20034.7,17270.4,18175.9,22217.1,22706.5,17200.6,17228.9,18308,21862,18859.2,20474.4,18551.3,17077.7,17840.3,21267.1,22185,20078.7,20056,18081.3,20690.9,19746.9,19717,21500.3,16320.1,16906.4,18929.8,17642.9,16451.9,22133.1,20424.1,17200.9,21819.1,16975.4,21629.3,16082.9,19563.8,18251.5,15523.3,16877.3,19538.9,15771.4,17317.3,21824.6,20067.8,16105.4,16946.2,18806.6,21956,22188.9,17047.6,18655.8,16747,20998.2,17387.3,20960,18886.2,16224.6,20474.5,18020,19164.2,18893.8,18031.7,16667.8,19783,21928,19809.8,22429,15877.8,18426.5,16798.3,18388.9,20858.9,20545.8,20901,18917.7,17497.5,22913.7,22085.3,22311.2,21786.3,22403.9,16796.9,20798.8,17262.2,19694,22455.5,18043.6,18578.4,20311.4,21660.5,19086.7,22504.5,18587.7,21464,23076.3,23534.4,20999.1,20112,23113.3,20611.4,23736.2,24198.9,23404.6,24667.2,19736.1,20329.2,23801.2,20149.5,18590.2,23165.1,19451.4,19848.4,21721.6,24079.4,23004.5,19671.2,24848.1,25266.9,23122.9,20169.7,23619.9,21598.9,22574.6,19920.4,18825.7,19989,21031.2,20886.5,22361.1,24429.8,23998.7,21988.9,20555.6,19748.3,18948.1,22254.6,23578.9,22874.7,19726.4,23344.8,21815.6,21668.1,20430.2,19939.2,23656.8,24900.6,19208.7,21367.3,24622.7,18553,23238.5,20752.9,20874.7,19397.5,19786.9,20477.3,22334.3,27805.5,35110.8
32931.6,28038.9,28656.5,24097.6,20024.2,22307,19568.6,21314.4,20283.9,21052.8,17889.7,20641.2,21002.3,16829.5,21951,21065.6,19339.7,22668.5,22369.4,16793.9,19027.6,17057,19831.7,21609,16030.2,15969.4,19312.9,16329.3,19651.9,16540.8,17213.5,15975.6,22294.7,22477.3,20960.5,17212.5,17696.5,20232,18196.2,17880.7,19728.6,22249.1,22421.3,20503.3,18864.6,17708.1,22114,21951.8,20639,21474.5,22212.1,17411.9,19824.1,18512.5,21547.8,21685.8,20109,17083.5,16796.6,18050.6,18543.4,22431.5,17230.3,19631.5,21921.3,20499.8,20157.7,16615,18103.1,16413.5,17884.1,19076.1,19138.2,20012.7,16723.6,19063.9,15705,21056.9,20950.2,16047.7,18773.1,18602,16438.3,21318.6,19524.9,17138.9,19015.8,15692.9,17231.2,20028.1,16528.5,19449,20005.3,16478.2,15345.8,17208.1,16621.6,15444.8,21364.5,17992.4,16254.6,19561,20412.1,17033,14929.9,18003.8,16017.2,15994.4,16672.7,18676.3,16792.9,20059.8,20379.1,15935,17312.1,15815.1,21922.4,19063.8,19317.5,21947.3,20315,18737.8,17770.8,22143.6,19225.8,21899.1,19883.1,16457.9,18774.7,18193.6,22456.4,19669.7,20670.6,22207.5,16762,19223.1,17745.5,17427,21639.9,17618.7,19657.7,19478,19872.9,19591.8,17325.5,17841.1,18879.9,20374.3,20859.6,17804,21008.8,21060.9,15462.2,18206.4,16702.4,18689.6,18146.9,15802.6,21160.4,17118.2,21005.2,19862.8,18859,21041.6,20976.7,22650.2,22610.2,19301.7,20007.8,22619.5,18634.3,20564.1,23545,18440.7,23558.5,22818.6,19506.3,21939.8,19336.4,22975.2,18507.8,19186.8,22780.9,22110.7,21978.3,20984.9,20121.1,20025.3,20251.5,18045.3,18647.7,17022.3,20855.9,19125.4,17909.7,21098,22869.6,21966.5,22419.7,21403.5,22726.2,22547.4,21482.2,19443.8,20109.2,19019.7,19238.4,21402.7,20452.6,22880.1,17671.6,20819.5,21026.1,21122.5,21535.4,18396.3,17651.3,17830.9,21532.1,17190.2,17590,20833.6,19961.6,19277.2,17283.7,18942.3,22658.3,21777.7,21035.4,20818.3,19913.1,18022.7,19717.4,17928.6,20789.7,17448.2,21384.3,18585.2,17887.4,21755.3,17150.2,17467,16798,21416.9,19576.4,16105.7,18600.8,19204.4,18936.4,18116.2,19653.1,17813.6,18270,18749.8,21441.5,16574.4,21544.9,20098.5,17848,17113.4,16631.5,20579.9,15561.4,17548.1,21814.3,19339.7,18677,21044.3,20812.1,20057.3,21657,19577.3,22418.5,19291.1,19362.3,16087.5,16972.7,16703.3,16041.3,18333.9,17271.3,20599.7,21334.1,15773,16887.8,19039.9,21830.5,18661.7,17905.9,22239.5,20856.1,21286,18386.6,19525.9,22267.1,17407.2,19285.8,19876.8,22814.4,22450.1,21445,18187.5,16714.5,22614.1,20726.4,21931,19764,16783.1,16563.5,22878.5,22604.6,17175.1,21572.8,19328.6,22415.8,21629.1,17467.7,23053.6,18737,18219.5,18747.7,23726,23966.6,22048.8,19357.1,21099.8,21464.1,18809.4,21121.1,23526.7,20682.1,24077.8,24898.6,23415.5,23299.2,23827.7,24718.3,21215.9,24218.3,20366.8,21374.9,22954.2,24721,20016.8,22690.1,19129.8,25149.9,23164.3,18614.5,22682.9,24217.3,21934,22313.8,24526.1,18168.6,18472.5,22258.8,24383.4,18549.2,22378.9,19107.3,18273.6,19779.4,19658.2,20169.7,20976.6,22217.2,18270.9,18396.2,19625.6,18710.6,21801.6,23618.4,22711.6,18392.1,19765.9,22600.2,21507,20068.2,21957.8,25274.4,25381.3,27995.6,34555.5
36364.3,26154.4,24630.4,21162,20557.5,21476.1,19724.9,21619.4,16916.4,16657.1,20130.9,17675.6,17841.4,22313.1,22042.9,18345.1,20931.1,21687.5,18251.7,16994.8,20560.5,21501.9,18667,20234.6,18934.1,16732.7,20065.7,20925.8,20215.4,21218.6,18593,18389,22443.8,19131.3,21074.1,16839.6,21132.7,18265.3,17406.1,18168.5,19807.7,16136.8,19576.7,21151.6,17997.7,20018.9,21041.2,19707.8,20236.4,17171.9,16702,20789.8,17904.2,19562.3,22187.9,20392.5,19052.7,20898.8,20311.4,18950.7,21951,17252,20192.6,19096.7,22038.5,18594.1,21820.4,20773.7,18266.8,21541.9,17646.7,17327.3,16328.4,21347.5,16242.1,17894.7,17744.3,16490.5,20949.6,17201.1,17258.4,21483.9,15582.1,17930.9,18248.2,21800.5,17865.2,21056.9,16849.7,20516.5,17564.9,19592.1,19326,20025.1,16454.8,15549.3,19215.3,21400.5,18389.9,15974.2,17185.7,20944.7,20561.3,20715.7,19748.9,17992.6,16705.7,19314.8,21436.9,21196.6,17197.1,16658,20873.2,19564.1,16209.7,16328.9,18203,21470.2,16930.6,20120.5,21013.3,20064.9,17675.4,16192.5,21248.9,22101.4,19518.2,21052,18231.7,21654.2,23369.2,21360.1,19347.1,18246.3,21144.1,20586.6,17262.6,18068.2,20712,18619,18926.5,21350.9,18164.1,17776.9,18404.8,20425.8,19335.5,21234.3,18313.5,16604.6,20053.6,16982.3,18662.8,18921.7,19329.7,20329.2,20990.7,19597.8,20293.5,17939.7,22235.5,19994.8,17080.7,17103.3,20291.4,20511.1,17401.3,20444.6,17762.8,19320.1,17404.4,20814.3,18597.8,21907,20691.1,21111.6,22807.6,19108.8,19457.9,20684.8,22816.7,19255.3,19219.4,18255.8,16592.5,19409,17719.4,21656.8,20296.9,18746.4,20257.1,21035.7,19847.3,21674.8,16806,19765.9,21303.4,21130.4,17618.3,21939.9,20600,20355,17235.9,18289.1,22080.9,19509.6,18291.2,21571.5,16744,21517.7,23004.3,18346.2,18832.1,17061.5,21536.5,18449.1,17166.6,18924.4,17761.2,22384.2,17149.6,17803.1,21994.6,21918.6,19808.2,18455.4,20835,22956.3,18599.1,19896.5,18426.1,18751.4,22345.9,20313.1,16819.5,19903.9,17843.6,19748.5,20512.7,17825.5,21910.1,20129.3,19542.7,20906.9,18545.9,16761.2,19338.5,16362.4,20118.9,21859.9,18007.9,16467.1,20181.1,21716.1,21396.4,17730.4,21876.2,21716,17662.5,21794.2,18801.1,17851,18714.7,18795.9,20631.9,16952,21850.9,21032.8,16804.7,19032.6,19062.9,16703.6,18199.2,21395.9,19523.1,16565,17739.6,16693,19191,16250.8,21656.6,20215.2,19586,21064.2,17387.1,20099.6,19329.8,18312.2,16045.6,21739.1,16327,20824.2,19583.2,18075.4,22465,16746,20677.5,20173.6,18503.6,19625.8,18167.8,17658.2,19251,17670.8,16638.5,18516.6,19945.6,16318,21124.3,20352,18816.8,20744.5,20873.2,17232.9,23502.2,22170.7,22888,18191.4,18384.3,20408.1,20577.2,20473.8,21483,23968.8,19359.2,24060.9,18443.1,22214.6,24251.6,24375.5,18322.9,24056.6,21032.6,24731.2,19097,24006.8,18829.5,21853.2,18885.1,22012.1,22744.2,24150.4,19147,22667.2,20343.6,20382.9,19559.4,19618.4,23048,22033.4,21064.1,22307.6,22337.5,22538,24777,21806,20934.1,22004.2,22254.5,19266.5,20160.9,21941,20687.9,17532.9,18841.9,23757.2,21105.8,23009.8,22404.4,22123.4,24096.1,21937.8,18619,24104.2,22909.4,21288.1,23618.5,23721.3,21890.5,23849.7,21117.2,24073.4,26782.2,35896.9
32769,29148.3,27782.5,25992.6,21424.6,20536.7,18400.2,19473.2,17362.8,20878.2,17198.8,17116.6,16626.9,20897.7,21003.1,22160.1,17053.5,18610.2,20925.6,17882.3,18231.2,22240,18537.4,20944.8,21576,18390.9,17511.5,19242.3,21639.3,16679.9,21159.9,16622.6,21586.2,19383.5,17148.4,22435.5,17528.8,20053.6,20394.1,17186.6,16979.7,19373.1,19704.3,20720.7,22688.6,21034.2,20712.9,22729.4,16885,20880.2,20089,22372.5,17794.2,22697,22937.9,22274.9,19215.8,17853.6,20558.2,17256.1,19947,22404.8,17174.5,20412.3,16285,17093.3,17465,20847.8,18872.5,19083.7,19969.2,21294.3,21048,16278.5,16396,16271,15892.5,17908.9,19927.1,17958.2,18383.5,18401.5,21451.2,21760.2,17315.2,15652.8,19726.2,20406.1,19278.1,18686.4,19446.6,18781.4,16072.2,15474.6,15860.6,19345.9,17337,17987.1,17300.4,19063.6,20932.2,21272.8,16450.3,18524.1,19410.9,20282.7,20838.5,14867.5,16444.4,16227.9,18588.4,21254,18656.9,18848.2,16318.9,15246.6,17925.9,16183.5,16016.8,16957.9,19913.5,22266.4,21041.3,18538.9,22453.5,16554.3,17028.9,20720.9,19045.7,17233.4,17337.5,21094.3,17833.3,19921.8,18559.7,21734.1,21946.5,21238.4,18360.6,16555.1,16392.3,18111.4,19989.2,15856.7,18033.1,21612,19436.9,19860.7,20490.5,17571.6,21229.8,18012.1,21841.3,18567.4,19249.5,20212.6,21370.8,17201.6,16162.6,18671.1,19874.2,22327.7,22483.9,20687.9,18889.3,20672,19692.3,16679.6,21165.7,21747.4,22941.2,19451.5,22686.9,23082.4,17770.2,19853.5,19762.3,22591.9,17256.7,17821.6,22211.4,20324.5,20374.5,16747.6,16498.5,18956.3,17964,16680.4,16911.1,21856.1,20784.1,18539.4,16270,17862.5,22631.3,18285.7,18596.6,21356.1,19496.9,21575.5,18068.5,20395.6,16840.2,17526.5,20509.5,18431,21822.8,17952.8,21162.1,22372.2,20734.3,19082.8,21253.5,17258,19488.1,19210.1,21643.1,22350.3,17312.9,17086,21683.2,22647,17408,19337.3,20427,20463.7,21424,22414.8,23060.4,22201.9,19183.1,19230.3,20595.7,18195.8,16789.3,18045,22320.9,18121.3,17852.8,22542.5,19936.9,19498.1,19413.4,18300.3,17411.9,20137.7,15805.9,19331,16116.2,21386.4,16568.7,19778.4,17207,21745.8,16033.4,22068.3,17057.4,22341.7,19421.8,22019,18541.4,21515.8,15752.1,16994.2,19158.1,21505.2,19782.4,19488.9,21765.4,21779.3,17190.2,17289.3,20935.7,17960.1,20849,20606.5,18768.8,22019.9,18090.9,20441.5,17277.4,16045.6,16669.2,16465.2,19749.9,17521.7,18639.7,22261.2,22105.4,17677.5,16205.1,18158.1,19150.3,20153,19358.2,20718.7,19395.3,18020.9,20129.9,17499.6,18140.7,21426.8,22763.9,19959.7,20688.3,17623.9,17494.9,17590.8,16499.2,20176.8,18788.2,20416.8,17975.3,23262.5,19311.7,17430.3,20729.8,22502,21327.4,21619.3,24246.5,24197.8,23083.9,22038,22927.8,19750.4,24077.8,19638.5,22884.7,20813,20038,21492.6,25136.4,23959.3,21720.5,20440.9,25039.2,18586.2,20350.7,23972.1,21105.3,22573.3,23914,24157.8,21979.3,21677.4,22399.4,19918.7,23192.6,22986,24054,22833.6,22316.6,24086.9,19817.6,21679.5,19618.3,18638.3,23478.1,21485,19062.1,19279.8,23127.8,17775.1,20303.5,22822.4,19861.7,23112.3,23686.9,22930.2,20088.6,19648.1,22599.5,21140.9,18420.1,22947.5,18188.1,19736.8,22788.2,25112,23458.7,25647,28125.7,33773.3
34934.5,26775.4,22334.8,20621.7,20569.1,19159.1,22153.6,17422,18492.5,19677.2,21813.1,16593.3,16941.3,18419.5,18576.3,21096.9,16953.5,21979,18659,21362.7,20078.8,19571.1,18375.2,16798.6,16747.9,22292.6,19597.3,19462,16821.6,17712.4,19146.4,22317.2,20345.5,19546.5,18453.2,22013.7,20159.8,20244.4,17474.8,19633.2,18442.4,16841,18814.3,17060.4,19667.5,18061.3,21450.2,17746.4,22750.7,16701.5,17499.1,21564.1,20469.7,19144.5,21425.5,22254.8,19045.8,21063.3,19612.4,18640.5,18324.2,16437.2,18496.2,16412.3,17711.8,21488.8,18587.1,18707.4,16009,21411.1,17427.8,19937.1,17809.8,20350,20062.2,17076,21233.7,17770.7,16686.6,17789.1,16459.5,20221.1,16877.7,18786.3,19033.4,16313.4,18369.2,16823.1,15636.5,16532.9,16272,19644.4,16880.4,18289.8,20944.2,20437.7,17777.4,19239.3,16074.7,15465.4,17743.4,17873.4,18263.6,20512.8,18831.7,16595,21509.1,20998,16856.8,14913.8,16092.3,18243.5,20944.3,20641.5,19649.5,15710.9,15511.9,20649.4,17042.8,16355.9,20922,22375.1,16737.6,22372.9,17291.8,21673.7,21394.5,22122.1,18258.4,20980.1,22868.5,21668.7,21935.3,19988.1,18704.3,17535.1,18755.1,20323.7,18986.3,19741.8,16818.2,20252.6,19499.9,15614.9,17171.2,15710.2,15693.5,18795.8,18379.8,16026.6,16400.4,18565,20880.6,19961.1,14153.3,16555,21045.2,18310.3,21046.9,20798.7,21106.8,19855,16514.5,21922.9,22619.5,22086.9,18484.2,20494,22812.1,23508.3,19476.7,19308.5,19120.1,21148,23477.8,20349,17520.5,18521.4,17144.6,20550.3,20960,20767.7,20283.8,17445.2,16813.7,22429.9,21817.8,22727.4,20581.7,20923.7,20015.7,20275.4,22699,20018.3,18837.9,19892.8,21360.1,18334.3,18372.8,22560.3,20385.2,22388.4,18142,21292.6,22979.5,16799.5,21401.1,18351.5,19364.7,19914.5,19805.9,23193.6,19385.4,18712.2,22398.2,19895.6,18861.3,17641.8,19874.3,18360,21815.9,22859.4,22288.5,22229.9,18449.2,16942.5,21198.6,22245,16900.2,22431.2,18097.6,18795,17308.4,20085.7,17144.8,19096.1,19225.9,20304.1,18286.9,21338.6,17255.1,20223.9,21146,17567.7,18609.6,16382,15940.3,22054.6,16750.3,19168.5,17573.6,19537.4,17068,20464.7,20777.5,20102.7,19063.7,22490.6,21184.2,16241.8,18708.7,20895.7,19847,20038,17290.3,22240.6,18217.6,19752,18201.2,17702.7,18773.2,21044,16673.5,19456,16438.9,22305.3,21060.2,21513.6,19065.5,19395,19776.2,16569.8,20244.9,16672.1,20351.9,20731.4,16674.7,21464.1,22143.8,15847.6,18732,16645.1,16397.7,21808.5,19457.2,16142,18819.3,21466.8,21986.8,20579.5,17043.1,22658.6,18198.5,20906.3,18769.3,19295.6,17383.9,17504.1,18302.1,18719.8,16966.9,19886.5,23336.1,17237.5,20531.8,21149.9,17469.7,23967.4,19813.8,18934.7,23243.1,22931.2,18701.3,19634.2,19335.7,21940.2,24521.5,22573.3,23766.7,19050.4,23315.3,22260,20370.7,19298.8,21097.1,20562.6,19854.2,21501.1,23487.8,22607.2,20514,22157.9,20931.8,24484.1,24682.5,25360.4,25265.7,24260.3,24477.2,19782,23682.3,20237.9,24666.4,24237.1,19681.1,22071,22209.1,21273.2,23219.4,22995.5,20712,20916.6,18551.5,23753.2,20951.2,20173.1,23261.5,19376.7,19455.6,21987.3,19051.9,20301.4,19724.3,23595.6,24309.6,20673.6,19778.8,21832.7,18744.3,20496.3,22303.1,26880,28274.8,30073.3
35613.2,29160.4,28652.2,23951.2,20936.3,20222.9,20455.4,23206.7,23293.3,16854.2,22900.6,22085.8,21496.7,17301.8,22071.5,18092.9,16705.1,21994,20386.4,21995.3,19377,16644.8,22510.9,17944.6,21136.4,22209.9,22368.7,21439.1,16856.3,16877.1,21522,16091.5,19271.9,18709,17564.5,17917.5,19162.2,18941.8,22557.8,19242.5,17522.8,19186.7,17157.2,20032.5,19193.6,16624.7,22197.3,20897,18228.1,16674.9,22529.3,19202.9,17965.7,22109.1,20675.1,20746.3,20545.1,17486.2,22583.3,19745.1,18279.9,20131.8,17800,17498.6,17877.7,17736.6,17867.2,21067.8,22304.6,18516.5,19928.1,20140.1,16565.5,21393.1,16235.3,16226,17881.1,17771.7,22226.7,18369,21833.6,19490.3,15849.5,21944.8,19288.7,18064.2,18067,19199.9,19022.4,20162.8,20258.6,18274.9,18529.5,16585.9,18521.4,21159.8,15294.3,18931.8,17227.4,15347.3,17865.5,15137.7,19935.4,21402.4,17386.7,20177.7,18907.5,17370.2,20849.5,19438.5,16342.3,19207.1,16778.7,16697.9,15581.2,17323.3,16722.5,17864.9,20743.3,19761,19670.3,15933.7,16724.9,18545.4,22441.1,16704.1,17640.8,22510.9,18961.4,17528.8,17827.4,21125.2,23064.4,17934.1,22847.9,21177.8,19094,17623.6,19126,20473.4,16102.8,18809.1,16487.4,19917.8,19088.2,21447.4,18796.9,16059.9,20511.8,20003.8,18657.9,16218.1,19535.7,18800.9,16538,18325.5,16775,21759.4,19317.2,19913.6,16095.6,19266.6,17081.9,20389.3,21688.5,22472.9,18927,17066,20943.8,17831.9,21002.4,20359.2,17424,22569.1,21292.8,20597.4,21405.4,20646.5,22976.4,22495,19150.6,18036.2,21716.5,18843.6,20832.4,22684.1,22031.1,21147.7,18042.3,21951,21539,22736.9,17022.9,21161.3,16691,17669.7,22769.9,18062.6,17644.8,20652.4,19192.2,21416.6,22945.5,21846,18411,22022,16969.4,18541.3,19550.6,19490,17335.8,20371.1,22073.2,19137.4,22354.7,22039.9,22665.8,22032.3,22666.5,22257,18743.9,22821.7,16647,22486.8,21075.5,17627.1,21887.3,22257.2,20864.9,22557.5,22826.9,19774.3,19527.3,21515.8,22159.2,21662.2,22104.7,18383.9,20041.6,16908.4,16276.1,19789.8,18207,18361,20375.7,17552.8,19653.9,20859.1,21565.7,21299,15942.2,20687.9,22285.1,18631.8,21657,21298.9,21438,21623.6,20622.4,22288.5,17531.8,18127.8,15736,17166.1,17010.3,21296.2,17600.6,20440.2,20194,20688.9,20698.7,18827.6,19162.8,18482.6,20117,20352.8,19639.4,21934.4,19968.6,21267.4,21005.3,16681.5,18799.9,19850.7,19886.4,16036.6,21597.7,21223.1,18347.8,15881.8,19503.2,20112.7,22202.2,19088.1,17206.8,19426.9,19375.9,19780.6,19438.1,20585,19496.7,16679.1,16583.8,22587.5,17419.2,20261.5,16690,22376.7,17777.1,17901.6,18315,21779.5,21418.4,21409.6,21359.8,18614.2,18079.2,19543,22177.3,24007.4,22381.7,19103.1,21382.7,20485,20848.1,24158,21432.2,18654.6,24368,18594.2,23761.7,19219.5,22343.2,22134,20420.1,23267,21508.9,23367.9,18990.4,22523.2,21514,24771.4,19792.5,22388.8,21051.9,18963.4,19049.4,20150.1,23626.5,22806.9,18822.4,19617.5,22885.3,23618.5,18185.7,19200.2,20566,18645.9,18937.8,23309.8,21369.7,19702.8,23682.1,23989,20829.9,20526.9,24421.8,21832.9,23354.4,24330.2,22614.6,22671.4,25083.7,20453.3,21212.6,23443.7,18685.9,20205.6,18341.3,22872,22001.4,26431,25322.6,30686.8
34279.1,26947,26061.4,25078.2,19630.8,18403,20314.3,20599.3,18861.8,21775.5,18068.9,19060.3,17351.5,18696.1,17860.4,22109.5,21340.8,18075.4,19066,18888.2,16376.2,20240.8,19343.6,16584.3,16882.6,21016.4,18884.3,18927,20711.5,19198.9,16362.2,18099.2,20096.1,17187.7,20707.3,18320.2,17840.1,20874.7,20468.9,20986.3,16543.4,19473.4,21840.9,17703.4,18341,20603.2,20414.2,16290.2,21759.1,17745.6,17203.9,16386.6,19021.1,21982.2,17265.1,18656.3,22789.3,20083.7,22077.3,16195.9,17582.7,17251.6,19898.1,18541.9,20090.9,21953.9,17532.2,21192,17734.5,20058.3,16202.8,16637,17914.5,16902.8,17453.1,21346,19724.1,16581.5,19872.9,16469.5,17318.7,21047.5,19882.6,17137,21849.3,16710.6,15770.4,16198.1,16707.4,21647.1,21101.4,15457.6,16360.1,19870.9,21245.2,15444.4,21402.6,18170.8,20359.6,18096.2,15929.3,15237,18954.5,17713.5,16017.6,15486.6,19489.8,18909.4,21618,21445.1,19734.9,17215.4,21706.5,17449.2,21129,21656.2,15762.3,17945.5,19979.3,16953.7,17327,20201.4,17683.6,19900.1,22107,19251.8,21279.1,17051.5,18431.7,21442.8,19463.2,22915.5,22118.4,18711.3,19553.9,20478.1,19766.8,16882.3,21011.4,20079.5,16585.9,21625.7,16887.2,19425.6,19831.7,21144.9,21659.8,17841.9,19147.8,19737,19218.6,20632.2,20599.3,19496,15777.3,16088.8,16123.9,21717.4,19303.4,20445.5,19711.8,21021.9,17213.9,20199.3,22690.9,18443.1,22098.9,19874.6,18155.9,17657.1,20660.4,20245.7,22624.4,20425.5,20681.7,18872.8,23543,19555.7,23154.5,18307.6,22265.7,19069.9,20576,20485.4,16562.8,20600.2,19962,22574.9,21392.5,21548.1,17070.6,16674,21475,17021.9,17632.3,19655.9,22501.6,17127.9,17872,20662.6,17391.7,20377.8,20826.1,17150.6,16793.8,20321.2,18351.8,21303,22687.8,17259.7,18478.5,18486.7,20035.4,22237,17858,22635.1,18740.5,19069.5,21623.8,22686,19024.7,19474.7,20764.5,18881.3,19362.2,17435.8,20431.1,20087.3,18631.6,20198.1,18387.7,17442.9,16398.2,16628.5,22123.4,21118.1,18498.6,18363.3,19776.5,20276.7,20281.4,18053.7,16669.5,19264.5,19538.1,21086.4,19922.9,20281.3,21825.3,17371.4,21704.9,19096.8,18022.1,19431,18960.7,21032.2,22185.3,17758.6,17795.6,19316.8,21409.1,19924.4,17581.9,20977.8,21835.5,22496.3,21046.1,18477.8,20009.1,21694.8,20372.7,21250.5,16710.6,16678.7,17415,17006.8,18243.7,18436.9,19590.1,21325.9,22306.5,19306.8,22296.1,22433.2,17498,17720.1,22407.9,16693.6,16987.9,17530.1,21488.2,17591.2,17729.5,16709.6,21650.9,17467.8,19715.6,20976,19187,17829.1,20635.9,20682.5,19627.4,17293.9,19728.3,16175.7,20581.1,19385,21114.3,20262.3,19131.6,22439.9,20870.1,20372.8,19673.5,19553.1,19745.5,22302.9,19456.1,19851.4,19436.2,20877.8,19657.4,22753.8,21196.4,21002.9,18527.7,18774.8,19405.8,23226.8,24415,18519.9,21434.8,19068.6,23356.8,21454.1,21071.3,22468.9,23556.1,21017.2,24604.7,20848.7,21365.8,22349.9,22067.8,20759.7,22016.8,24086.4,25031.5,24255.3,20379.8,22770.3,19563.7,20445.3,19876.1,20608.5,23868.3,24475.6,23989.6,23436,24422.3,22552,18461.8,19363,20207.7,22032.8,22856.1,22889.6,24187.4,20025,19533.5,18568,18995.9,23363.7,24882.3,25060.3,22603.6,22331.6,24815.1,20471.7,25486.4,27458.9,28709,32798.5
36493.1,28914.2,28009.3,21668.6,23096.6,24281.9,18053.8,21173.5,18318.2,19500.2,18613,18961.8,19846.4,21537.6,21798.3,16576.5,20755,19858.5,19358.3,17971.7,22521.5,19992.5,17394.4,18933.6,20799.3,19204.8,22181.1,20683.5,17241.3,21142.3,19543.9,17228.8,17155.8,22348.3,19898.8,21661.1,20309.6,18325.4,20153.9,16573,22064.9,16792.8,17855.1,19777.7,20397.7,21343.6,19800.4,16641,16519.5,18520.6,21155.4,19637.2,22224.2,19318.8,22754.5,20008.7,20343.9,20341.9,17941,20607.4,19692.1,17828.3,18441.9,17139.1,20135.8,20796.5,16382.6,19205.5,20436.5,19583.3,19484.9,21939.6,20514.7,20591,17180.8,19438.5,22460.2,20973.8,16169.2,21750.4,20125.8,17410.7,21651.3,17915.7,16821.1,17971.9,18002.3,15684.1,20606.3,21649.6,20725.9,15959.9,16062.4,19527.9,19896.5,20793.5,21300.5,17266.7,16807.4,15740.8,17221.2,15640.1,16282.1,20870.8,19137.4,18407.5,18645.7,19125.2,20715.2,16670.3,19218.7,16282.4,21210.8,16600.8,20846,18983.8,16437.2,19214,22446.1,17791.2,21007.4,20677.1,17423,19462.2,19727.7,19185.3,18993.7,21680.3,21772.3,19771.1,22247.6,19602.6,20440.1,18423.6,22451.3,22908.5,18589.8,19276,16648.5,16871.4,19298.5,20224.5,16690.5,18987.5,20311.1,20658.3,22097,19002.3,17961.2,22227.2,18021.5,20281.5,16275.1,19601.5,17669.3,21237.7,20610.5,21808.3,17081.8,16144.4,20898.4,18044.2,16357.3,19074.9,16349.8,16500.3,20590.5,22187.2,20659.8,23114.4,19741.6,17400.4,23574.6,20224.6,19634.2,19281.2,20954.8,19969.7,17885,20923.3,16959.2,17598.2,22381.3,20571.8,20541.5,20794.2,16994,17456.1,19533,19400.9,20617,22049.4,21671.4,22765.5,20006.6,21350.8,17504.6,20115,20484.7,19832.8,21641.1,20580.7,19059.8,19377.7,22689,23170.8,22412.6,22051.8,20633.7,22820.2,20325.7,18649,17710,20744.4,20880,21813.2,23436.6,23223.6,18539.4,20622.1,19229.6,18420.6,23075.2,19937.8,17807.9,18795.3,17543.4,21728.3,20942,18997,17476.2,22665.3,17413.1,22284.7,18042,18577,23051,21368,18896,18016.1,17849.2,20493.4,19766.6,19582.8,19939,17260,19968.5,19916,18666.6,17418.1,19437,18266,21450.9,17215.8,20646,19301.2,21350.3,22709.7,19499.1,21293,20166.5,18138.9,16258.2,22085.5,21102,19964.5,21474.9,18515.4,16632.3,19554.1,19799.3,16604.6,18131.8,19734.7,17927.2,22328.6,22250.5,18871.6,21795.3,16396,22604.1,20334.2,22170.8,16691.7,19544.2,17091.4,18798.5,18886,20257.6,15767.7,16031.4,18198.3,20236.6,19061.1,18906.2,21465.7,19305.5,20903.8,22524,16561,20778.8,22130.3,21470.5,22609.9,19205.8,19371.5,16412.2,20863.8,22066.8,23350.6,21077.9,19825.5,21393.2,20907.4,22680.5,19492.9,20113.2,21931,19047.4,22588.7,23193.2,23237.1,21825,24412.6,21333.4,19844.1,22395.7,23320.8,19254.4,18823.7,24541.1,25091.3,20577.6,20451.1,22586.6,22124.2,22669.9,21603.8,22960.1,19796.8,22967.2,19749.6,21018.6,22705.3,18915.5,20251.9,23933.4,24829.6,24096.4,23108.5,24408.5,22837.5,24392.5,19951.9,21114,19063.3,23146,22104.5,19248.5,18145.7,19703,23214.5,20111.6,23541.6,21320.9,23163.9,22998.1,20089,19715.3,22043.9,18799.9,24141.8,22710.2,22035.5,23334.5,25070.6,24058.3,24002.9,22016.1,25291,20281.8,27156.2,31025.5,34390.8
31179.1,28678.6,25609.7,22682.6,24357.3,23121.5,19832.3,19132.5,20328.9,21087.8,21835.2,17486.7,18547.3,16738.2,16610.8,18004.4,19087.6,18139.6,22019,16882.8,20094,16988.8,19211.5,20637.2,17358.8,19637.2,19318.8,22048.4,21788.6,21533.2,22348.9,19057.5,19441.9,22105.9,22397.6,16894,16409.3,22613.5,16934,16435.1,20272.9,20519.1,18494.7,19869,20270.8,17198.1,21648.4,18087,16139.8,20007.5,20117.5,17597.4,19355.7,18808.5,22130,21400.8,17165.1,22529.1,21543.3,17954,17333.8,18404.2,20633.6,18063.8,21761.9,18123.6,17154.2,19111.5,17415.7,19415.7,20475.8,17969.6,19205.1,20349.8,17099.8,20528.7,21213.5,16848.8,20497.1,20853.7,15736.1,19590,18098.5,19663.4,22103,21940,17493.5,18125.8,18747,17591.1,18291.9,17951.1,17781.9,18213.3,21377,17684.3,15557.2,17499.7,16532.3,21180.7,18834.1,19667.2,17310.5,21398.8,15266.3,16521.5,18023.3,16048.9,18371,16222.8,16090.6,18077.9,18160.2,16757.2,19384.4,15818.9,21460.2,18354.5,18247.4,17674.2,20245.7,20307.2,20313,19928.2,17339.2,21677.9,20195.2,22355.9,18347.5,18924.5,21888.1,21352.3,20997.3,17861.5,22147.4,21368,21295,21447.3,18780.3,20247.5,18824.3,20067.8,21176.6,16531.3,16038.9,21759,18483.1,17689,20000.6,20544.9,18164.7,19988.9,16774.8,17332.7,15746.6,17215.2,18270.5,20770.8,21007.6,17219.3,19315.7,17615.8,21208.5,18890.4,21413.7,17528.2,19572.8,19265.6,17311.5,22696.9,18663.1,19510.1,18030.4,20256.3,19743.5,22589.4,22076.4,20441.2,23366.8,18008.2,23211,17315.6,17709.4,19737.6,17033.9,22694,20701.1,17267.8,22311.7,17563,21653.8,20331,22675,19231.3,20140.3,20544.2,21189.3,20119.5,17972.7,17257,20479.9,16841.5,17168.2,18721.8,23080.3,23009.8,18452.7,17161.2,17685.4,18568.9,16730.1,20481,17346.8,19613,17340.5,20314.7,22298.5,22556.5,23233.8,19672.4,19157.3,18514.1,21548.5,18049.8,20641.2,17645.3,21166.8,21589.1,22210.2,17717.2,22124.4,19913.1,20039.8,22745.8,22738.9,18879.1,19194.6,22741,22488.4,19518.5,20232,16790.8,19091.1,20707.1,17410,17857.5,21580.6,17374.3,18066.5,21131.5,16196.1,18279.1,16426.2,21290.8,18890.6,22261.8,16906.7,16988.2,18113.8,20421.5,18926.8,21213.4,21247.3,18101,19620.8,18993.3,22644.1,18909.3,20972.5,21696.8,19874.3,19144.3,19500.7,22105,19344.5,17241,21356.1,18951.5,19510,20051.9,20578.1,18665,19352.6,19797.4,16146.8,18311.4,19258.8,17160.8,20438.8,19351.1,15731.5,21651.6,20455.3,22461.8,16645.4,21747.5,18780.6,20798.7,21382.3,22149.5,20538,22083.3,16886.5,22579.8,17770.2,20189.9,20645.9,22878.6,21722.2,20135.5,17318.3,20906.6,20508.9,19965.3,19106.8,23437.8,23375.3,19554.8,23162.1,23885.4,18828.6,19259.2,22228.7,20485.1,20205.1,20564.2,20414.2,21601.2,22007.1,22852.2,22572,23414.8,20621.3,23228.7,21297.2,24323.6,18829.3,19115.2,19079.2,18548,19936.3,20844,23607.6,22529.1,23528.7,19355.7,21180.7,23936.1,19389.5,22325.3,18395.9,19009.1,18971.2,23616.2,19888.7,24371,23661.1,23391.1,20082.9,24089.3,22140.4,24321.5,22823,20465.9,20236.3,19302.7,24102.6,23213.3,24026.6,23432.3,19238.7,20189.3,20671.5,24505.6,19999.1,22541.8,22120,21001.3,22773,20586.9,21327.4,22447.6,31745.8,33936.3
34549.2,31503.1,28374.3,25041.4,22485.5,20965,17819.5,20916.1,20068.5,18878,18136.5,19983.3,21671.9,22832.9,18929.1,21580.3,18525.8,18276.5,20144.1,22299.5,21652.8,16954.8,22068,18811.9,20048,21298.6,18728.3,19338.5,20547.3,21821.8,18381,17939.3,17886.1,20054.2,18904.2,17231.8,18860.6,21493,18120.2,21600.2,21422.3,18454.7,17355.2,22340.5,18778.4,18085.1,21620.3,18040.6,20330.6,18475.6,20557.2,16857.6,21824,18351.8,17067.2,20209.6,19380.6,16861.6,16362.4,21775.4,16723.7,20391.6,21854.4,19007.2,21645.5,18401.6,17021.1,21419.8,19648.8,20043.4,22531.5,21106.6,18517.8,21543.6,22051.3,17264.8,16474.9,20659.6,21762,21698.4,16025.4,18804.4,19722,19600.2,20501.9,16750.9,17157,18729.5,21507.3,19859.5,20661.2,20399.1,19004.2,16260.9,16098.6,16892.4,17183.4,20382.8,21664.4,16945.6,18039.2,16344.6,18296.5,15115.1,20213.3,16586.2,17174.6,18363.8,19149.8,19978,17102.7,19370.9,21330.9,18118.5,19318.2,18237.8,19527,20114.3,21906.6,20364.7,21288.8,20108.7,21043.7,19937.6,20504.3,18307.8,19600,20224,22346.6,16962.1,22051.2,23423.5,19192.3,21508.1,18917.3,19364.5,18038.9,16542.5,16237.9,15648.9,18792.2,21159.6,16571.7,21447.3,21074.5,17742.9,19276.9,19167.1,21818.1,19244.7,17609.8,16993.9,20396.7,17481.9,19504.7,15549,21192.4,17870.8,21386.2,21721.3,21396.7,19814.8,16532.4,17969.7,18548.8,22421.9,16846.6,20603.4,20935.4,21864.7,19401.4,18436.1,23483.9,17518.1,21755.2,22850.8,17257.4,20965.6,17858.5,21330.4,18576,17792.1,22739.7,22264.6,23007.1,22280.6,16356.6,18124.6,19688.3,22749.5,17790.2,18099.4,20359.7,21381.4,19738.5,21187,20494.3,17172.5,19411.6,17372.7,20051.5,19525.8,22312.6,20376.8,18602.3,20502.9,21533.3,17358.6,18550.3,17034,18524.4,16940.7,22440.7,18638,19222.7,20065.8,23333.9,17632.7,18407.2,20771.8,20590.8,18338.9,22529.5,21362.8,19855.8,23124.6,18681.3,19426.8,16682.3,21816.8,17205.8,17052.9,22034,20505.8,17623.3,17316.3,21458.1,17572.3,18647.6,22637.6,17550.3,22425.1,17447.1,17751.5,16242.5,20849.5,22683.3,22442.2,22148.7,17493.7,22358.7,19546,21219.8,16885.8,20508.1,18222.1,18390.7,17450.7,20418,21566.8,20136.1,18762.4,17608.8,15949.7,16259.8,16238.1,19153.9,22284.9,16784.5,17747.6,17227.9,18685.2,21946.3,22688.4,19694.6,16025.5,18386.4,19057,18025,17811,18779.2,19005.3,22439.4,16878.8,21643.3,21493.9,20854.6,21172.3,21253.6,20993.9,21572.7,17687.7,18338.6,18117.6,20765.7,17283.1,17708.5,21988.9,22011.6,20778.3,20226.2,22598.9,20575.7,19926.9,21588.2,17686.9,21511.6,20351.8,18937.7,18304.9,18275,17877.3,19190.2,21679.7,21281.8,18106.8,22222.4,18371.2,20447,21705.9,20684.5,19155,20425.6,20272.6,18875.6,19690.5,21347.8,22302.3,22228.1,18645.6,19645.3,23521.9,21092.4,22244,22042,21567,22182,21673.6,20185.9,24800.7,24426.4,21055.1,23989.6,25333.5,19083.8,22942.9,22133.3,19673.7,20077.1,23435.9,21513.9,18564.8,21524.2,18609.8,18651.5,20319.9,21834.6,18482.5,20656.9,18133,23586.9,20542.2,18473.8,22791.7,21716.5,22305.1,21904.3,24390.4,23687.5,18819.5,23144.6,22950.6,21918.1,24931.7,21625.8,24884.5,18643.7,20482.6,23647.1,25119.7,26290.2,25793.3,30230,35909.3
33866.1,31216.7,27994.7,22463.2,19337.7,18679,19550.9,22710.2,21952,22067.3,22953.5,19613.8,19465.7,17955.7,17162.2,18020.5,22201.2,20474.5,19970.3,18163.4,20654,22078.9,21323.4,21155.1,20230.8,20510.1,20077.4,18775.5,17012.5,22253.6,19083.1,17892.1,20199.3,21984,18784.9,16735.7,16485.3,22056.1,16919.9,20011.9,21663,19357.3,17036.9,17271.8,20828.1,22267.8,18537.8,16228.2,18876.8,21512,16759.9,17982.1,16646.8,19482.9,18469.8,22110.5,21339.8,22678.2,16824.3,17465.1,18148.6,18726.9,18706.1,18296.5,16261.3,19893,17268.9,17099,17472.4,20370.3,16177,18821.2,17677.4,19332.2,16718.9,16034.4,15928.8,16853.4,20105.2,16374.2,16864.6,21398.9,17824.5,17053.8,21467.8,15990.7,20247.7,18901.2,17908.4,18315.9,16467.1,19425.4,16860.7,20435.6,16944.5,15155.3,15142.5,15729.2,21636,17789.7,18374.6,15770.6,15644.8,17859.4,17227.9,16403.5,17989.3,17524.1,17996.7,16839.2,17866.5,17499.5,20175,18399.7,21637.9,20685,16653.2,19345.6,22560.2,20025.2,21862.6,21349.2,22418.7,17965,21187.8,19251.6,18150.3,22710.5,17038.1,20845,16990.5,19583.2,20270.7,17395.3,18649.6,20371.5,18256.1,20193.5,21456.8,16502.4,17892.2,17038.3,19493.8,16204.7,21838.2,16883.4,20439.5,22072.2,21303.8,17124.8,17250,16560.6,16415.7,18862.6,18862.2,20267.9,17801.8,21690.8,18181.9,22110.1,16781.3,19858.3,16257,16246,17412.4,18701.2,20548.8,21728.8,18992.8,21572.3,18857,18607.7,23680.2,19667.2,18326.4,21806.5,19812.1,21366.5,18772.3,20465.3,17833.4,22640.5,20076.1,17558.2,16763.1,17069.6,21861.1,16696.8,21348.7,18941.3,19181.9,21040.1,21809.9,16422.7,22773.5,22609.5,22043,21182.1,20002.8,22158.3,22843,21266.9,20231.3,18006.6,19067.9,18334.5,18799.7,19341.2,17624.6,19296.8,21984.5,18540.5,17592.7,18012.5,20653.9,22663.3,22146.2,18919.1,18032,17599.7,20406.9,20943.8,16834.4,21695.6,21509.2,17123.2,20276.4,20887.7,20308.9,17136.9,17452.6,16661.5,19592.7,18751.7,22569.7,19332.2,21027.4,19616.3,20538.8,22038.8,18002.7,16888.3,21898.7,17819.9,21166.1,17634.8,17621.5,16193,20040.4,20997.5,19571.7,18075.9,20494.2,19335.8,20947.6,19549,20882.7,22665.5,19185.4,20910.2,18580.6,19022,18292.1,18743.2,21746.2,19520.5,18348.6,18606.8,20930.8,22022.7,19712.3,17204.2,22645.8,20780.6,17341.1,20414.7,21964.4,21429.7,20403.7,19854.3,18014.1,16642.5,21947.2,18859.7,18151.6,22448.1,19581.6,21310.2,18146.5,20914.3,21790.1,16689.5,18140.4,19083.4,17155.4,17292.1,16858.6,22739.6,17474.5,19245.5,20599.7,20965,17058.4,18756.3,21312.4,18865.3,21961.2,20691.8,17571,22988,21293.6,19656.9,20302.1,22159.8,21395.9,23563.5,22034.5,17620.3,20160.1,22188.3,17828.3,23198.3,22199.2,22886,24638,22896.7,19605,25126.3,24095.7,22279.9,23460.6,21452.5,23952.5,20319.6,22169.3,21037,22682.9,22825.5,20674.8,23716.5,24603,20905.6,19418.9,24594.4,22561.8,20015.3,23823.5,20255.2,24161.1,19359.5,21629.9,21286.3,18471.8,19029.4,22202.5,19394.3,23889.8,18587.4,23392.9,24763.6,18301.2,18891,18116.5,18816.4,18582.2,19200.3,19693.5,23537.1,20071.5,20547.1,22469.1,19466.2,18664,23523.9,20014.4,20649.4,19637.8,20058.5,21712.4,21205.2,21436.7,27490.2,29138.1,35068.4
36045.8,31753.6,23312.3,22768.2,22672.9,24403.5,18003.6,17318.4,20262.1,18964.5,16657.4,18491,20786.5,19541.9,23190.3,20577,21044.1,22414.8,20358.7,22529.3,17901.9,19184.7,21584.3,17695.3,16480.7,19015.4,17181.8,20936.3,22568.7,18101.1,22437.9,20005.6,19171.3,16634,21359.7,22221.1,22204.3,18261.1,22158.2,21915.5,21489,16413.1,20795.7,19210.6,22484.5,21127,19518.3,19691.7,20093.7,22288.3,17153.2,16797.6,21936.1,16393.8,20303,22401.4,16462,17583.8,16624.2,17330.6,20825.1,18326.1,18822.2,22262.4,21334.5,19430.8,19344.1,17000,21098.3,19549.8,17754.5,16534.2,18798.8,21072.3,20315.3,15939.3,21014.3,16869.2,20219.5,20462,20419.7,16043.7,21365.2,19321.4,22389.5,22197.2,18218.2,15959.3,17924.2,15913.9,20799.4,21183.5,16058.1,17726,20959.8,18223,15205.6,16050.8,15711.4,19862.8,20737,18156.2,17012,21315.4,18003.3,19728.5,18032.5,19473.3,17939.9,21569.6,21578.2,20426.9,19394.7,19358.6,21562.1,19683.6,18244.6,22405.5,20312.3,16093.6,17836.4,18535.3,22059,20783,16126.9,17055.2,16799.4,18031.3,18876,22086.4,18402.5,19377.8,21853.6,17980.9,21509.5,21595.7,18235.5,20526.3,19275.8,17366.3,17147,18731.3,15689,15873,18549.7,20007.7,19895,21722.8,21763,18114.1,22002.2,16174,18321.4,17829,18276,20509.6,17456.8,20252.2,16775.7,21368.2,22221.5,16771.7,18771.2,16967.1,20104.3,18184.7,21983.2,17033.1,21259.6,20921.1,18914.6,17676.2,22238.8,17641.1,19699.3,17778.5,19145.6,22164.7,22350,20182.8,20882.3,19800.5,22584,18464.3,23033.6,19491.8,18250.9,20363.8,19521.3,20766.4,19066.6,17623,17448.3,19542.7,21435.8,20409,21809.1,20568.2,20630.1,20600.4,22356,17044.3,21753,18832,17893.3,22325.8,20965.3,20610.8,18535.7,20708.5,19606.8,18075.5,19484,19413.2,17704.9,19464.2,18213.8,17728.6,22339.6,19323.2,23102.8,20683.4,17483.4,20471.9,17196.5,22436.4,22187.1,22177.3,22640,23010.6,22013,21462.4,18949.1,22496.8,19812.3,16837,22176.8,17782.8,21567,19541.5,19013.3,20665.3,21888.6,18902.7,17809.1,17999.7,21323.9,5579.64,18097.3,22619.8,16194.3,18036.2,21800,18250.6,22683,19678.7,21935.8,22042.4,22395.3,21546.3,20549.4,17688.3,19312.3,20094,18131.4,19337.7,22536.6,18051.3,19759.9,17417.6,17485.1,20403.7,16764,20810.4,22257,19836.8,17207.4,21589,17397.8,21164.9,18639.5,19472.2,18188,20672.6,18926.1,17699.4,20220.8,21849.4,19978.3,16354.3,21784.7,16457.5,22218.9,19620.7,18141.2,16788.3,22296.9,22015.8,16348.5,22057.3,17462.6,19293.4,19500,20811.6,20363.3,21296.2,21192.5,21830.3,18281.7,18129.5,17969.7,17997.4,20899.8,22019.8,20638.6,20429.4,23983,18392.7,23866.9,21050.7,23448.4,22692.5,21493.2,22618.3,19604.5,20818.8,20324.4,20583,21725.9,21882.7,20077.1,19886.9,23941.4,22878.1,19890.1,20243.4,20717.6,22490.9,18673.4,20134.6,23001.1,19831.9,22630.8,20716.3,24286.7,19467.7,21275.7,22987.5,19879.3,19219.6,23007.9,18549.6,22187.7,19164.9,20968.9,23192.4,21524.4,22721.4,22775.2,18814.9,20970.1,21760.1,20898.7,18792.5,22404.6,24296.3,20826.2,22332.3,20839.7,25365.1,21546.4,21471.7,20449.6,18791.7,18660.7,20856.5,20280.2,18507.4,23402.8,23597.2,23599.3,28397.4,31263.5,34844.8
31588.7,29909.6,23473.9,21348.8,24810.5,19986,17918.9,17773.8,22729.9,18691.4,18144.3,21161.5,19193,17077.7,18526,18516.2,20703.5,18315.8,16668.8,19494,20257.5,16700.4,18501.9,19195.7,21187,21771.2,19239.3,22555,18559.4,19040.4,19831.9,18098.3,22721.2,21166.5,22598.9,19308.2,17777.6,20484.6,21268.6,21123.6,18320.5,16787.1,22472.1,21313.2,21687.6,16876.2,18780.1,21878.8,17817.8,16131.4,21289.1,16437.1,17021.1,17562.1,17135.7,20032.7,19001.9,18263.9,17383.9,21006.4,18964.8,21596,18872.3,21409,17392.7,16989.7,17413.1,19965.6,18079.6,18777.4,17696.1,20664.5,17041.5,19186.8,21302.3,17052.4,19991.5,18236.3,16101.7,17223.7,20344.2,17621,20721.3,19178,16146.2,18042.8,21061.3,21554.5,19732.9,18122.4,22585,21978.4,17752,20191.5,15837.6,21529.8,18818.9,17581.3,18567.6,16009.9,16946,15488.9,20708.5,16719.7,15843.2,21047.6,15799.2,19206.3,18880.2,18823.8,20084.6,19654.3,17657.5,17971.2,20486.4,18664.3,16702.8,19174,21612.7,19149.7,17514.2,17253.2,19795.1,22605.7,20149.1,17119.5,19695,22310.6,18004.8,17226,22450.6,18746.3,19068.7,22511.3,21021.8,20513.9,17880.7,17579.1,18162,20007.2,17434,19162.6,15702.7,16323.3,20158.2,16520.9,20620.4,19646.8,16918.6,20374.9,19323.9,20122.3,16702.9,20150,17492.6,20585.1,17937.3,18286,18609.7,16122.4,16357.3,19482.3,19458.3,18910.9,17527.1,19641.3,21964.3,20737.4,19836.7,20310.3,17975.7,17568.1,17538,18158.2,21797.7,17315.2,22016.1,22170.8,20981,19045.8,19691.6,21103.3,22377.5,21731.7,20467.8,22851.3,21028.2,21417.3,18811.8,19853.7,22678.8,21379.7,20691,22580.9,22662.2,17830.6,20814.4,16702,18374.6,16767.5,20248.4,19794.5,17530.1,18748.6,18790.1,18247.7,22334.1,20606.2,21303.9,22741.8,23121.2,22609.3,20059.8,19026.9,21779.9,18513.7,20754.9,17433.1,23284.1,20252.4,22026,21740.2,22319.4,20903.8,20395.6,19730.4,20541.3,17283.1,23011.6,21630.3,17685.3,19532,19227.8,19227.8,16858.3,16926.2,16668.5,16922.3,18364.6,18581.2,18531.6,21370.1,18464.3,21440.3,18498.3,18829.3,21327.5,18124.1,19512.3,18529,21585.6,21061.2,20201.2,16435.3,17749.5,22149.3,18492.5,21980.2,20294.2,20101.1,21979.3,22185.7,19959.8,16866.2,18968,20541.1,21587.3,20614.5,21524.5,20144.1,21132.9,20641.2,19499.1,17439.7,17337.7,20059.6,18176.6,20203.6,22330.4,21055,18661.8,22326.1,20056.5,21994.4,22141.1,18337.8,22095.1,20266.8,22124,19018.9,16926.7,21373.5,20934.5,21759.6,17097,22265.4,16560.1,17390.2,19906,19430.5,20767.2,16462.9,22816.2,21952,16608.1,18470.7,18599.3,22131.8,21597,20524.5,19144.1,21517.2,20474.1,23441.9,21024.8,23926.2,19565.5,19240.6,21009,19940.1,20100.6,18158.8,23979.9,23201.9,21034.4,24208.7,21860.8,20263.2,24618.7,19891.9,22918.3,24376.2,24283,18609.9,20255.2,19835.7,22997.6,20115.9,19870.5,24215.5,20874,23200.2,24296.8,24910,21988.1,23248.5,25210.7,21730.3,24103.2,20740.5,23695.9,24276.2,24304.7,23647.6,22624.6,19894.5,18815,23483.6,24087.5,24755.3,23693.6,23699.9,21452.1,18567.8,18055.4,20015,18792,22029.3,22200.4,20615.6,20646.4,20833.1,23281.2,25150.1,22260.9,20794.4,23164.5,19516.9,22891.7,20930.2,25151.1,23186,27297.1,31527.8
36193.7,30458.7,25895.5,26684.5,20038.8,18930.7,22290.8,19134.5,18146.4,20269.6,20291.9,18060.3,19731.4,17821.2,22848,20122,18079.4,20307.2,20956.4,21200.4,20829.5,19588.5,19389.8,16517.1,19361,17834.9,18763.6,18111.2,19829.7,22620.2,21375.3,22695.3,20253.6,17332,19757.6,21755.7,19638.4,16460.3,20026.2,20177.8,20941.8,16065.2,19489.6,21456.8,18811.6,21492.4,16731.4,16946.8,17440.3,18820.8,20339.7,17978.2,18600.9,21147.3,20766.6,19696.9,20543.2,22091.8,20436.1,20075,19292.1,18185.4,18189.8,18997.8,19731.8,19275.2,22315,20369.7,17275,22598.1,19798.2,17912.8,19289.7,19291.5,18024.9,16941.6,17532.9,16686.4,20545.9,20670.5,16782.7,18904.5,20862.5,17216.8,22223.4,21095.2,19542.1,17447.7,19695.6,19078.3,16507.7,17687.1,19716.2,17791,16263.3,17674.8,19468.3,20436,17211.5,20947.5,19965.2,18679.5,18960.7,21258,19924.2,19030.9,20241.9,18101.2,15927.4,18054.1,20721.9,18189.3,18397.3,15582.1,19086.2,20102.8,19524.7,18906.4,20137.9,20672.4,19764.5,18831.7,21190.7,16975.1,20840.6,17730.6,16601.7,22624.7,17102.3,20408.6,19814.6,18798.9,20719.8,19329.6,16762.8,22845.2,16452.6,16959.7,17576.9,19365.3,16365.1,16824.3,17858.5,16535.5,21414.5,19872.9,19292.7,20646,20260.2,19972.7,18094.4,21546.5,21647.1,17849,19213.9,19527,17985.2,17879.4,16115.3,16837.5,17250.3,21357.7,19105.2,20292.6,18235.2,21961.1,18495.8,20770,19842.3,20490.5,19588.4,19596.5,18185.6,22691.1,19099.3,18049.2,17556.9,22508.8,21958.5,20142.3,21115.4,22818.5,22894,21448.3,20856.4,16958.8,21530.9,18188.5,21581.8,17794.1,19225.8,19699.7,19965.4,17511.5,18339.6,19429.2,19754.6,21298.8,19611.6,22729.1,23226.9,19980.6,18157.7,5328.23,22885.1,23118.5,21003.5,21607.8,18658.1,16772.8,16843.5,18079.7,17886.9,17654.1,20587,17548.2,22098.5,19176,23160.8,18117.6,19988.9,21013.6,16994.5,19489.6,20851.1,23225.9,22777.9,19777.9,22762.6,19591.9,17883.2,18308.4,19086.2,19883.6,19468.6,21562.6,22835.1,16989.1,20513,17196.7,21095.8,21058.7,21559.4,22029.5,19412.9,19800,16455.1,17381,19701.9,22254.6,18434.1,18280.8,20067.1,17399.6,17606.7,16848.5,16421,21263.9,16447.5,20524.1,21691.5,22172.7,19717.4,17800,20988.6,19061,19991.7,21208.7,16499.8,17077.8,18727.5,22472.3,21445.8,18123.5,20586.9,20346,20457.5,21958.4,16380.4,18685.5,17197.8,21913.3,18742.1,16054.7,19692.1,19539.8,17649.6,21110.5,19219.4,18246.5,18032.7,18397.6,19140.4,22305.4,22806.9,18229.4,19413,19051.5,17942.6,20494.8,22247,19810.9,18295.4,22808.3,22654.9,21998.6,20036.7,21039.9,17710,20754.7,17277.9,22584.9,21112.8,22307.7,18782,19953.8,23397.4,19896,19288.3,20047.5,20991.8,19555,24061.3,22213.9,18404.1,21068.7,20767.1,19325.4,19287.1,21382.3,24499,18498.7,21391.8,24213.1,20126.6,24803.4,18878.6,19440.5,23081.8,24389.6,22676.3,18824.5,24352.1,21212.8,21589.5,22054.6,24449.1,24059.3,22129.7,23928.9,19443,23289.7,21755.8,23293.7,24005.6,21225.1,21176.4,22557,24165.4,20715.7,19566,19120.3,19300.4,24440.2,18532.9,18098,24641.3,24544.6,22154.8,22235.8,23876.6,20633.2,23054.1,19334.3,20419.9,18606.1,20195.1,21161,25126.5,24254.7,20738.8,24694.1,30307,35155.2
35486.7,29692,22804.2,22704.9,25770.3,21290.2,23143,22889.8,17910.6,23421.5,17344.2,19492.2,18072.6,18603.1,22531.5,16982.2,21912.3,17079.2,18119.2,17490.7,18538.4,20291,17544.2,17919.6,20294.3,18869.3,16418.1,20794.7,17021.1,17043.6,16762.4,18413.7,22406.9,20174,17330.2,22544.4,19520.3,21823.7,18696.3,21551.9,20380.7,16036.8,19893.7,17864.2,17088.5,18827.1,19072.7,22173.8,19082.9,18586.5,16782.9,18129.2,22574.4,16358.6,17293.4,16992.2,21468.8,20971.1,20731.4,17362.6,19327.9,20140.8,21956.7,17860.6,21160.2,20229.5,18449,22083.5,17204.9,18124.6,18637.8,19764.9,21604,21270.2,21695.3,18954.6,17010.9,18313.9,19451.6,18927,17995.6,22002.6,22124.7,21244.1,18500.3,16290.4,20270.3,19864.3,21122.9,17035.7,17093.5,19130.1,22002.5,15470.3,16271.4,15677.2,15465.1,15850.3,21045.4,15647.4,21843.3,21353.2,17159.2,15721.2,17145.4,18104.7,21513.7,15535.8,17452.8,19036.9,19872.2,18999.2,18284.7,16228,16244.4,21115.8,19938.4,16844.2,20377.7,18689.7,17365.7,18563.3,17060,17627.1,22731.6,22735.1,18388.9,17671.1,23481.7,18789,18780.4,18778.8,22956.6,23489.4,21225,16911,18861.8,19194,20674.9,21062.5,20580,20736.7,18012.8,17118.1,17455.7,20742.9,20445.8,16120.3,18510.9,18482.4,16089.6,19232,22196.6,18873.8,19317.1,20871.8,16982.9,19452.4,16009.7,18886.9,17929.2,18680.8,20444.4,20563.2,19686.3,20316.5,16208.5,20423.7,17262,17731.4,16985.1,18666.4,20176.6,19382.3,19080.1,23368.3,18482.4,20758.2,19798,20036.2,19547.7,21658.7,17442.2,22996,22053.4,20706,18935.5,22086.2,21936.7,17446.4,21939.6,19110,16834.8,18839.2,16851.8,21725.9,21263.6,21003.4,18160.9,20939.3,16737.4,19563.2,19199.2,18081.1,19815.8,19278.4,17984,21386.5,17499.2,21164.1,16779.3,20938.1,22169.8,23025.5,19104.7,22972.6,21074.3,17457.6,21181.2,22514.5,22608.9,22548,18070.6,21027,22099.1,22015.4,20439.1,20664.5,16972.5,18408.1,19097.5,17128,23066.7,19247.3,20619,19568.3,18181.4,20071.5,22046.7,17681.2,17310.1,18849.4,17408.7,18212.6,20397.8,18110.5,19195.6,19532.2,21189.5,21501.4,19380.5,22415.7,17812.7,20595.6,21985.2,17630.7,16950.5,22410.8,20662.6,17730.8,20405.8,22050.4,19233.4,16413.7,16993.5,19717.3,21621.3,21262.1,16585.3,21618.1,20671.9,22785.5,18702.4,19990.2,17216.6,22486.8,20382.2,16668,20322.1,19054,19066,19866.5,22230,19412.5,19972.9,21418.3,22306.3,16179.3,20821.9,19429.4,16183.4,22633.2,22916.6,20099.3,19576.1,20633.6,17664.3,17337.6,17258.1,20316.6,22491.4,16815,18279.7,18541.1,21678.4,21408,21776.6,22702.5,19117.5,22609.3,16662.9,23096.8,23740.8,19010.7,19386.1,23714.6,19528.5,18166.3,24032.4,22511.2,23878.8,19561,21798.9,24112.3,24416.4,18566.8,20424.9,19367.7,22196.4,19196.6,18934.1,19398.3,18564.4,20455.8,20429.9,20727.2,20656.8,20470.2,23109.2,20512.4,18777.1,22920.2,21569.5,24621.6,22408.6,24119.2,25220.4,20320.2,21605.5,22893.8,23941.6,22893.3,19086.9,25051.6,24159.4,24666.1,20957.9,21135.4,19308.1,20528.2,17973.4,24284.3,18475.4,23917.3,19464.2,18957.5,24204.8,22580.4,21013.8,24899.7,24482.5,19028.9,24607.1,21951.1,22525.3,22680.1,19061.3,23778.5,19318,22340.6,27202.8,23233.9,26522.2,36246.8
36711.1,28379.2,27177.7,26164.7,22223.7,23165.3,18151.9,22704.9,21536.1,21489.2,17840.1,18910.2,20274.8,19885.2,19116,22931.4,19334.4,20159.2,20645.7,22072.6,18146.1,22341.2,19212.1,19383.5,20887,22053.8,19330.2,22538.3,22079.5,22282.7,17275.5,20815.5,19992.3,20740.1,17754.1,16941.1,17005.7,16732.7,21823.1,21328.2,16917.8,21071.5,17024.1,19204.7,18454.8,20554.2,16663.7,22053,17598.5,19706.4,19951.8,20409.7,17319.5,18791.3,18156.1,17401.9,20434.2,20920.5,17456.4,20855,20508.2,17141.1,21046.2,16385.4,19667.6,18141.9,18238.4,17579.3,22171.6,21162.6,19563.7,17007.4,18068.5,21596.2,20579.8,17232.5,21766.4,16628,21855.3,20989.5,17948,18683,17571.6,18279,20179.8,18643.4,21076.6,19990.5,18435,20156.2,17801,18595.2,19299.5,16044.5,21355.3,20914,21719,21709.9,18967.3,19715.8,21667.6,16451,20786.9,20020.5,19172.3,19013.3,19962.2,19086.5,19907.8,20935.5,20020.3,15821.1,17647.3,18459.8,16210.5,17671.5,20202,19987.6,17960.2,18417.9,18399.5,18046.1,17052.3,21525.2,20242.8,20024.3,21030.6,20430.8,18156.8,19800.2,22337.4,17325.3,22514.2,23002.7,20121.9,20208.2,19118.1,17765.5,21973.5,15769.3,16866.4,16241.8,17811.4,21330.9,15926.8,16173.4,16652.6,18347.3,16165.2,18474.3,17162.9,17610.2,18780.2,20518.9,15480.5,18495.8,16715.5,21542.3,16278.3,19920.4,22032.8,19614.6,19086.6,16572.9,17772.9,21525.2,17656.1,20375.1,21054,22227,17565.7,20915.1,23302.8,19886.7,17372.9,23039.7,17609.2,22635.8,23207.9,21466.5,22977.1,22243.1,17517,19613.9,18184.8,19678.5,21248.3,17973.2,16277.9,19310,22608.2,20144.2,19815.4,17579.1,22638.2,22408.2,19522.4,22518.5,19564,19644.3,20542.1,19947.9,22069.4,18990.5,22720.6,17652.9,18325.5,18123.7,17653.7,17253.6,18682,23228.7,20637,18095.5,22370.4,17649.8,19412.1,21755.3,21024.5,21993.3,18034.6,21505.8,18077.1,22662.8,17558.5,16791.6,22838.3,18437.3,21073.6,23411.5,19812,18425.7,20454.5,19982.3,18505.3,21375.4,20706.9,22312,17071.1,18445.3,16847.8,18958.1,22041,20442,20698,22107.4,21831.7,20362.6,21970.7,22776.8,20879.4,18278,18534.6,16143.9,18806,19379.6,16479.2,18565.9,19928.4,19868.1,19056.6,16365.2,17550.9,16543.6,16741.3,18410.9,17204.6,21798.4,18881.9,21868.2,17297.5,22907.8,19136.3,20234.8,19761.7,19910,20158.6,22819.5,19043.7,16598.2,19440.3,20871.3,21963.7,21504.9,20055.2,19162.4,18570.6,18542.5,17625.5,16295.5,17994.2,21248.2,19706.5,20084.6,19200.7,18051.4,17430.4,19625,21413.6,17000.5,21544.5,20878.2,20216.4,21760.7,20752.5,21850.5,22400.6,21630.7,19123.6,17645.8,22897.8,20820,22138.1,23820.3,19066.5,22851.7,22175,20113.2,22269.4,23195.2,17839.5,18865.8,19791.5,21620.6,22035.1,19798.5,23316.5,20567.6,19829.5,22831.5,22254.5,22380.4,23615.5,21347.7,21251.5,23626.8,23450.9,18960.5,23972.9,20030.7,19290.8,23485.4,22692.8,20591.9,23153.9,22391.5,23855.6,24106.1,21137.2,21613.6,25014.2,20502.2,20827.4,22493.4,22574.7,23210.9,21795.7,21768.6,24683.6,21740,22222.9,19638.2,19924.9,21273.5,22187.2,22069.6,23861.3,18415.5,20653.8,21644.7,25234.6,19755.2,22383.1,19193.2,19018.3,18698.8,21839.2,24334.7,24731.9,21658.4,20612.7,23924,29537.9,31543.6
36574.9,31388,26439.5,24548.7,24092.4,19637.3,20360.5,20829.2,18425.8,20935.4,18649.8,17489.4,21275.4,22171.9,21761,17301,18551.5,21865.4,22868.3,20578.6,17617.2,20199.8,18449.6,21177.4,17265.9,22514.1,19710,21511,17512.7,21945.2,18368.8,22082.4,18897.5,19296.3,22628.9,19587,19226.6,16912,19844.2,21423.5,19205.9,18849,20154.2,18896.9,19881,21216.8,20974.6,21128.3,19328.6,20794.9,21530.1,21793.7,21341.9,19810.1,19300.3,17815.8,21315.9,22106.4,21526.3,20819.6,22166.1,18253.2,19242.8,18495.6,22528.4,17861.5,22541.7,22365,19658,19752.1,19772.3,18858,22148.9,16825.6,22213.3,17825.6,18700.8,20648.7,21450.8,16624.8,21696,17758.7,16939.1,20721.4,16768.9,19080.5,20463.6,20816.4,20760.7,22340,22517.3,20578.2,21871.8,18501.2,20813.4,20289.4,18727,17817.3,18350.6,16314.4,19527.3,21846,19407.6,16769.6,18878.4,5641.8,15771.1,18679.1,19722,18867.1,18602.8,21383.2,15828.5,15663.2,16216.1,19930.6,20710.9,20206.1,20817.5,16582.3,20744.5,19360.7,16877.8,22519.7,18316.4,17644.2,22894.6,21735.6,19239.5,20531.2,22837.1,23235.2,23074.9,20818.9,19000.2,16568.5,21263,21562,18775.3,16206.8,16675.4,21433.2,19127.4,21803.1,20995.9,20932.6,19723.5,18120.9,18229.4,17296,19077,17446.4,16315.7,16915.3,19341.8,21672.6,19438.2,17784.5,16980.5,22225.6,17008.4,16843.8,15857.5,20065.9,20795.8,17853.1,21661.9,19441.9,20574.7,22356.4,23339.3,19916.3,22443.5,22217.6,17992,21890.9,17502.7,22544.9,18381.2,21180.5,16833.4,23211.6,21976.7,19469,22207.6,18016,20510.8,21775.4,16842,17288.6,19579.5,16792.2,18182.4,19381.5,17171.1,21254.6,21252.8,22828.3,20708.8,17281.7,16580.5,20029,18582.5,22590.9,19190.3,17184.5,17055.9,22948.6,17864,21869.1,21160.3,19430,20102.5,17376,21027.7,21420.9,18704.6,21062.2,17216.2,18685,18965.5,21793.1,16909.1,20568.2,20750.8,19153.5,16843,19670.7,21165.4,22246.5,22680.5,23015,18039.4,17304.6,22096.5,17094.8,19889.5,18089.6,19539.4,17759.3,18102.3,18676.3,16768.7,20133.9,19512.7,20241.3,21074.3,16715.1,17575.2,17134.8,18587.7,17731,22042.4,18126.4,16399.8,16226.6,16911.9,17098.4,18335.1,22132.3,18213.9,17750.2,19959.4,21179,18322.7,21858,21399,20746.6,22460.3,21988.7,22621.8,19840.5,17213.4,16487.6,18953.2,20100.5,22405.2,20857.5,20632.9,17336.7,21055.7,20715.6,17800.3,18994.6,19354.6,17451.2,21720.3,18112.5,17993.9,21168.8,21596.7,18373.7,20934.8,21589.5,19296.8,21274.6,16994.6,18105,16156.8,18935.6,18160.9,16626.9,17044.3,16559.8,19914,16768.6,16263.7,20806,18052,17781.6,18387.8,23392.9,18769.5,19481.6,20153.9,23358.2,17624.4,22332.8,19363.5,21942.5,20106.8,22608.5,23745.6,24516.4,23462.7,23157.5,19709.8,23498.1,21173.1,23209.3,19837.9,24299.8,24671.9,23833.7,20509,22863.9,23249.2,21079.7,20493.1,23163.1,21906,19021.7,21521.7,23765.9,19410,21993.2,24866.6,21326.8,23575.4,22065.8,24364,21734.2,22637.4,24608.6,21410.4,24678.1,18633.3,21544.3,19633.1,19938.9,18582.6,21476.2,18891.3,19198.4,22134.3,23880.2,19829.9,21710.4,20063,20087.6,23581.4,20031.3,19331,24240.3,24352.4,22979.7,19248.7,19125.9,19935.4,21905.7,25553.4,25212,25510.3,32247
35593.3,30874.8,29112.3,24140.3,19574.8,20880.2,19513,20072.6,22222.5,23376.8,20802.7,19323.9,21571.6,20336.7,19599.4,21944.7,20526.5,18156.3,22856.5,18663.3,22108.3,21153.5,20174,18277.9,17129.6,18685,19820.9,20062.4,21856.7,22435.2,19344,20560,18462,16660.2,20473.5,21673.4,16762.8,17295.9,22580,16921.2,16857.9,16488.5,20999.5,20293.3,21016.4,19008.9,17116.7,20321.3,21566.2,16802.5,17400.8,20713.2,18196.7,21072.2,20924.5,16928.4,16279.9,19165,17941.9,20309.1,17575.4,16335,19464.8,16793.9,21824.7,22577.5,21329.9,16214.4,20106.7,22160.8,19500.9,20348.9,17022.5,20950.6,20697,21094.5,16877.4,18687.2,17265.6,21023.9,16388.6,21603.6,21333.8,16136.1,21965,18975,19188.6,21444.9,22661.3,22345.9,16137.1,21367.7,16721.2,16142.1,16005.2,18967.2,16716.4,20284.5,21554.1,21231.4,18195.7,19100.9,16017.9,19738.3,18950.5,18765.7,17644.3,17490.4,19950.4,17819.9,17539.1,19417.6,17441.6,20538.9,16792.9,16214.7,21325.1,21279.7,17220.1,18186.6,18940.9,20811.9,17758.7,20977.6,22135.7,21518.7,16685.3,16906.9,21137.8,18282,19317.8,20942.4,18228.7,22054.7,17483.5,17779.4,17907.8,20288.5,15569.1,18058.8,17697,18333.5,15640,17096.9,20949.4,21603.6,21476.5,18098,20181.1,20371.8,21713.8,17816.3,20783.7,21778.6,14965.6,16297.9,19815.4,18761.4,16530.5,17533.4,22166.4,16846.7,16410.9,21009.5,17403.6,16252.4,21573.3,18170.5,18797.9,21581.1,20820.9,18430.2,18361.9,22184.2,20072,20757.6,21482.2,23631.8,21582.6,22477.5,22815.5,17443.9,21664.3,22335.8,19868.5,18476.5,18487.2,18678.3,22144.7,22428.5,18741.9,20275,22640,18773.7,21439.5,16794,19549.5,21842,20592.4,22480.8,19784.8,17145.9,22943.9,22870.9,20290.2,19835,23065.9,22337.2,22078.3,22948.5,20950.7,21276.8,19780.3,21751.7,18916.1,22127.2,19864.6,20324.4,19793.9,22070.9,18122.9,18617.8,18212.3,20044,22615.6,18424.1,20217.2,21243.3,20988,18757.9,16964.5,18932.8,17308.2,22834.3,18242.3,17007.8,21982.4,20192.8,20399,17359.5,18832,18616.8,17878.1,19741,20932.8,16822.5,19642.9,18650.5,18957.3,20328.6,19728.5,22367.6,16527,21631,18439.4,20452.7,21327.5,18756.1,21305.7,22295.5,22285.9,21895.5,21488.5,17137.4,20903,18772.2,19588.3,18092.3,21840.9,21046.7,17969.1,18647.9,19757.9,21095.9,16556.6,16483.3,21206.3,19475.8,19769.7,20357.3,16338.3,20511.9,22662.5,19666.9,19852,20047.8,20286.7,16243.6,21709.4,21293.8,17431.6,21428.1,20050.8,18968.3,18188,17760.4,22426.6,19796.4,22647.6,22968.6,19304.6,18431.2,21306,21962,16787.3,20565.9,20352.3,20466.7,16434.8,18425.3,16468.3,19136,17371.1,18672,19000.2,23277.7,22829.7,20297.3,21322.9,20952.2,20172.2,19465.8,20072,23422.2,23263.2,22917.8,21209.4,24148.3,24634.9,18938.7,19379.1,22892.1,20735.8,24659.3,23242.1,23802.2,20066.2,24538.8,20454.8,21358.9,18738.1,18443.1,22730.5,21477.3,24988.9,22320.1,23337.5,19378.3,22311.9,24635,19699.4,22114.7,22966.6,20630.6,23222.4,23056.5,20174.4,20555.9,20707.4,20060,22107.3,23558.7,23414.9,24478.9,24517.3,21757.4,22437.1,24302.3,22631.8,21684.3,25137,22508.1,22855,21008.5,22539.4,22211.8,19172.7,21637.6,23720.7,21380.3,25932.7,27830.7,26303.1,34856.9
36716.4,30149.9,27434.2,22742.5,22602.3,19944.2,22067.8,21898.6,19242.6,21779.6,22279.2,20893.2,18061.3,21860.9,22971.3,22577.8,17157.6,17646.3,22955.1,19611.1,22817.9,17567.5,20502.2,17636.4,21284.2,19075.8,19118.3,18309.1,21476.3,17974.9,19330.4,21004.3,21096.6,16824.8,22263.7,19000.3,17344.4,20316.7,18090.7,17571.3,21004,20448.5,18631.4,16108.6,19316.6,20529.8,22441.1,16053.2,21720.8,18376.9,17161.1,17665.4,19480.5,20401,16833.6,22622.2,22435.2,17614.9,16421.4,22159.4,20424,21684.6,19961.4,22196.7,19270.6,16980.7,20457.1,22040.2,20850.6,16583.6,21207.3,16401.5,17918.7,18106.3,17922.4,17199.1,16469.1,16343,22664,18922.8,17237.7,21346,17971.6,18903.1,19448.8,19589.9,16856.2,20003.3,21540.4,15943.7,19357.7,18782.1,18654.1,15956,19233.9,19951.4,15809.5,17211.1,20430.7,19625.3,16463.8,17501.8,20904.6,16069.9,16981.7,18108.7,16468.4,21983.5,19141.4,16458.5,15462.5,21277,17758.8,18937.8,21871.7,22367,18581.1,17538.1,20833.8,20555.5,22205.7,19526.3,22482.6,19417.3,20117,21221.5,16648.6,17024,19745.9,22863.6,22154.1,19948,18802,22989.2,22468.7,20074.8,17553.8,19115.4,19701.9,19387.5,16435.1,17799.6,17375.9,20658.9,17019.7,16931.7,19194.4,19367,20940,20838.4,19511,18847.5,16235.5,21669.4,18149.6,16560.8,17607.2,18098.4,17378,18210.2,18031.9,16480.8,18419.2,19579.3,18005,16931.6,22388,17060,19923.6,22736.9,18793.2,18907.8,22444.4,18789.1,20930.5,21766.2,23170.1,22151.2,18342.7,17191.4,17567.5,22959.4,17300.2,23002.9,22961.2,19981.9,22831,18355.4,18065.5,21542.9,22134.8,22973.3,17121,20935.8,23054.9,18396.8,22217.7,18927.4,18791.5,18814.4,19416.5,17041.9,23186.9,21740.2,23297.5,17795.4,23236,17047.6,21421,17912.2,21712.2,23077.5,20806.7,18835.6,17706,19618.3,22459.5,21834.9,21177.1,18390.7,19298.3,20950.8,17670.6,23017.7,18014,18478.4,20931.7,18836.9,19450.2,18791.7,21473.4,19993.4,16928.7,17599.1,20200.8,18926.6,17138.7,21829.9,19292.9,18343,21843,16979.5,19356.4,19631.8,17714.8,16687.5,21155.1,20773.8,18084.2,20384.3,19468,18256.1,17638.4,17308.6,17179.3,20000.6,21966.4,17615.4,17167,22428.5,21805.8,17084.7,22256.4,16650.5,16120.6,18640.2,21055.7,22040,20287.6,17009.2,18752.3,19455.6,17361.8,16576.1,22621.6,22141.1,16496.1,18511.1,17086.7,21276.2,18450.2,21919.8,22482.2,22210.4,17675.1,15883.2,16429,21218.2,19134.4,21901.2,18243.8,18895,22133.1,20770.3,21168.3,21715.3,18092.4,22220.9,16582.5,22277.5,18915.2,18808.9,22634.1,20407.9,20546.3,18282.1,19920.5,16587,19922.5,21235.6,16739.1,22731.5,22889.3,17170.3,20623.5,21406.5,22794.4,23661.1,22688.1,22674.1,17749.3,23068.2,23225.1,22056.1,21760,18654.5,19063.3,22113.5,20561.6,18838.6,22025.5,24092.8,20071.5,20479.6,22609.1,20239.8,23136.9,20804.8,23579.4,22239.3,21497.2,23799,19199,24859.2,25433.3,19418.1,19547.1,19023,23026.4,20161.2,23064,18371.7,18498.9,24805.6,21693.9,18642.3,22843.2,24516.1,20224.5,23342.5,22692.4,18409.5,24397.6,22144.7,22435.7,21450.2,19671.6,18613.2,24792.7,19843.6,19321.4,22150.7,21793.8,21026.6,21676.1,21733.7,24255.9,21097.7,24942.6,25320.5,22515.1,23954.9,29169.9,32417.9
34313.1,28463.2,24043.9,23303.8,20135.9,22871.1,21054.2,22722.1,18007.9,21557.7,18290.6,17362.4,20376.4,20539.1,17112.6,21318,18637.9,18204,18395.6,22027.1,16676.7,21311.3,20753.9,22320.4,19080.3,19467.4,21587.9,18305.9,21750.6,21881.2,21074.8,18164.8,18603,22650.6,21878.4,22013,19515,17500.6,21555.3,17593.6,18831.5,21498.6,19267.4,19525.8,20137.3,22150.7,21625.1,17916.2,18311.5,21554.6,21055.4,18592.9,21484.8,20957.1,18540,22587.6,21893.3,17981.6,20484.8,21068.4,21886.3,17825.1,21458.2,19599.5,21616.6,16903.8,21630.9,16313.8,20520.4,17721.6,22665.8,17934.7,18324.5,19961.4,19664.8,22541.6,17705.1,19287,21773,21066.8,19245.1,16663,22622.2,22240.5,17332.6,21402.9,16531.7,18186.2,20581.6,21298.3,19333,19538.4,19457.2,22116,17143.6,21916.2,17618.4,15286.1,20501.3,20894.3,17780.6,19658.4,19755,16574,17732.6,17022.7,16554.9,21361.7,18998.2,17602.2,20724.1,18775.9,20766.5,17337.5,21479.7,16711.9,22485.7,20800.6,19044.3,22365.5,22449.5,20111.9,21304.6,19589.9,20136.5,17869.8,20016.1,21468.7,19447.5,21532.5,22662.2,20127.6,16999.5,21602.9,21208.5,18709.5,19662.1,22073.5,20610.3,16188.4,17491.2,20828.5,17715.7,19848.9,21567,20220.7,22060.6,19012.4,21699.1,17617.6,20964.6,17232.5,19479.8,17022.9,17642.2,21809.7,19737,21113.2,16371,16596.9,21896.6,18670,20380.4,19294.9,18318.7,18335.3,20848.8,17057.1,21874.1,22347.4,17732.1,22802.2,17350.6,19532.5,19743,23408.2,21124.1,22767.7,19909.3,18431.8,17051.4,22071.6,17479.1,21415.1,21516.8,22695.3,17731.8,18432.1,21496.5,18561.9,20807.3,22531.3,22694.7,19039.5,16618.4,20283.5,21702.5,18401.8,17841.3,21096.3,22004.2,22249,20285.2,20360.2,20366.9,18897.7,21454.1,23383.7,20972.3,22578.2,17880.3,18984.3,17861.2,17514.5,23502.5,18894.3,23767.1,22879.2,23249.8,21517.7,23142,21379.5,22241.1,21234.8,17037.9,20828.2,20826.6,17041.9,17810.1,18459.3,18806.7,18621.2,17467.7,18365.7,17415,16780,18503.2,18577.9,17711,22433,20140.3,17905.8,17184.7,22659.1,19586.8,19216,21046.5,22320.9,19842,16958.9,20694.6,21843.1,18022.3,17844.2,16711.3,16682.5,19873.1,17695.3,18821.3,19791.4,22317.6,18171.6,21524.6,18857.4,19588.2,21432.1,17122.3,18440,19886.3,19718.1,16720.6,17081.3,18791.4,16264.2,16543.9,20895.3,17477.3,19604.1,21586.2,21839,22719.7,22021.4,22902.3,21433.5,19282.3,19728.7,21244.4,19757.2,16749.4,17679.1,17494.5,20164.4,22103.2,22980.3,22388.5,19601.2,18274.4,19886.9,16614,22554.2,19577.9,19432.3,21712.7,17536.5,17255.3,19353.2,18214.1,19605.4,19677.5,17303.7,22405,21732.2,22476.5,21193.1,20242.6,17595.4,19116.5,22880.8,23606.1,20187.6,19898.7,22015.9,19653.4,22488.4,23313.8,21202.7,21632.7,20744,19291.8,22625.6,20671,19912.9,19259.6,23630.4,25011.3,23738.7,24496.5,23029.8,20538,18473.6,24798.4,21582.4,22683.6,23294.1,22302.6,22093.1,24705.8,24499,23887.4,21554,18304.1,18925.2,19272.4,21707.9,22215.9,21389.6,23899.6,18887.6,24424.2,19566.4,24544.6,24341.4,23420.5,21884.7,22499.2,23895.7,18761,25194.9,24562.4,23311.7,20770.6,25591.7,23148.9,20177.3,19062.2,23077,22292.5,19156.5,20332.6,24021.5,26991,25160.4,27197.6,36742.5
34321.7,26063.6,23199.8,24659.7,19815.5,21194.2,19815.9,17877.6,19140.5,21178.7,20292.2,20674.2,20517.7,18527.4,16948.5,17458.9,21933.1,17554.5,19992.1,19420,17581.4,19670.5,21855.5,18400.6,16724.3,20150.3,20613.7,16639.4,18511.5,20917.3,20659.2,22321,19807.4,19953.2,21945.8,22188.2,16973.7,17458.9,16998,20546.5,21674.3,21705.2,16850.5,18503.9,18142.9,18193.4,17339.6,16359.6,20134,17556.4,18657.4,18562.9,21507.2,21378.3,19305,17827.7,22495.8,19263.8,20339.2,21742.7,22416.5,22161.6,20514,21550.8,18793,20043.2,16684.3,20490.3,16884.8,17172,18103.9,18939.5,16967.7,21110.8,22720.2,21242.2,21662.4,16806.3,17079.1,19998.3,21528.2,17718.5,22296.4,17301.4,22202.6,17000.9,22011.7,21682.1,18410.9,18199.7,21927.2,20757.5,21078.2,16409.1,18531.5,20767.2,19777.9,16960.5,19500,18516.1,18403.9,17807.9,16304.5,19358.9,16367.6,16531.5,17387.2,17624.2,22035.6,16980.5,21003.5,20253,20033,21006.9,18088.6,15766.3,16165.2,20818.5,20995.2,17595.2,18846.9,22052.7,16277.8,18559.7,16618.3,20324,17611.3,22260.2,17410.1,22521.8,23429,23405.6,16980.8,19118,22957.2,16688,20887.3,21726.5,18544.3,16994,20328.2,16885.1,21989,16940,20044.9,19829.2,18143.4,19594.3,21787,22128.3,20521.1,21407.7,21333.9,18802.9,15839.7,17880.2,17917.8,19068.8,16598.2,21765.2,19733.9,20440,16185,19103.5,20574.9,20740.4,20677.9,17452.7,22994.3,21498.2,23449.6,20891.2,22744.3,20324.7,19502,22894.7,23041.7,21968.4,17430.8,23031.5,17145.5,22894.5,20578.3,23203.1,21915.2,18642.4,18306.6,17808.8,19686.3,22118.8,20262.4,20211.9,22754.8,22198.3,22972.2,17154.7,18161,20528.1,18847.3,21305.4,18076.3,17337,18823.7,22560.6,20929,22423.6,17968.5,18607.2,21514.3,20068.3,22050.3,20930.5,23218.7,19468.3,17236.3,20014.1,22960.5,22352.6,20048.1,18104.3,18485.6,20415.5,22596.9,17964.7,17927.6,17421.7,23055.7,20074.6,20728.7,19331,20615.7,22348.6,21616.4,21065,17875.6,19954.4,21686.4,22169.5,20728,17044.7,22048.6,20088,19844.6,20197.1,20295.7,17691.4,17455.5,16994.2,19215,21731.4,16890.6,19474.5,21343.9,16340.6,19352,18632.6,18588,22082,16268.7,17331.9,16145.6,19125.3,21953.8,20989.1,17180.3,20654.4,19129.5,17309.7,20015.1,16625.2,22869.7,20062.2,22193.5,18502,18033.9,18865.4,17651.7,19476.1,22568.3,19242.4,20528.4,18847.1,22511.4,17308.7,22215.4,19226.4,19744.8,22410.2,21368,16847,22182.7,17743.2,19669.9,20373.1,19791.9,21424,19107.1,18542,18101.3,20005.1,19077.6,20284.6,19874,22625.6,22552.2,17739,17916.6,20092.8,21201.1,20686.8,18977.3,23014.4,20858.9,18828,19841.9,23372.2,20297.4,21454.1,18144.1,23639.7,20797,22419.4,19943.8,18083.3,22207.3,21297.2,18279.7,19652,21798.2,20014.9,21521.5,20010.4,23194,20557,23293.7,19319.9,24508.7,19587.9,24143.8,22861,19612.7,18592.7,25168.6,19247.1,22160,20760.4,21144.4,21611.5,24419,19656.5,23519.5,20146.4,23183.9,22321.9,20130.4,23451,18861.2,24451.8,20115.3,20561.1,17988.8,24224.9,23674.1,24309.3,20269.4,19047.4,20332,21735.7,22989.8,23052.5,20756.5,23747.8,21947.7,24850.9,20408.5,24455.1,22824.6,21837.8,23350.4,25626.5,23107.4,25985.4,27964.4,34304.4
36624.5,31076.4,28677.2,25363.5,20736.3,23932,22826,22594.2,22220.3,17468.9,20115.9,20132.4,18068.3,21473.7,22989.4,18051.1,21031.2,17794.6,21961.3,22478.8,18576.8,22468.6,22731.3,19529.9,20532.3,17298.6,21321.7,17110.8,17315.9,17353,17869.8,19577.1,22728,17959.5,20806.4,17885.5,18317,20076.8,16930.8,16204.4,19185.5,19399.9,20646.5,22078.1,21548.8,18293.1,18306.9,17525.1,18682.8,17413.6,19218.5,18457.4,21748.1,21687,17268.2,16534.3,20442.2,22346.7,21418,21584.5,18498.5,19536.8,22111.8,22200.1,17032.6,16617.1,16881.3,19467.1,17152.4,20414.8,17282.5,20574.5,17860.1,17376.1,17639.2,18912.9,17142.8,18872,17410.2,21102.9,19187.4,16602.9,18583,20885.7,16364.7,18998.7,19140.1,16748.1,22513.8,22612.3,16441.6,18300.2,19158.4,20954.7,16316.9,20483.9,20619.2,20505.2,21759.6,20338,16121.6,18645.8,20077.7,20375.4,21798.2,20911.4,21175.7,17794.3,21572.3,21333.3,19484.2,18490.3,18517.7,21324.6,20505.6,19492.7,21000.9,21049.7,16306.8,17020.2,21721.8,17950.8,20151.2,22486.2,19438.4,17531.3,21699.4,22218.6,19900,17965,19241.6,19096.9,18251.8,17472.2,17274.9,21601.3,16552.1,16244,20536.5,21123.2,17986.2,21479.5,19904.2,21067.6,18308.5,15804.6,17156.9,20940.2,20467.3,16702.3,21943.2,22018.5,21458.9,19414.7,16669.9,18479.2,16472.6,17273.1,18946,17049.5,21114,21581.7,18962.5,19406.2,21783.5,21821.2,21593.8,20633.4,20461.4,23180.9,21373.5,21184.3,18098,18589.8,19354.9,20250.8,19958.8,23086.3,19711.1,18489.4,17258.8,21197.9,21764.9,17285.2,22306.9,21174.3,17695.9,18632,22408.2,17894.3,19791.7,21153,16750.1,22926.6,18511.3,17054.4,22641.2,21475.9,18963.6,18953.6,20676.8,21701.3,16783.1,21286.2,21093.7,21051.4,17877.1,21275.8,19424.7,22720.8,20751.6,20682.5,21708.7,20295,22000.2,23046,17787.6,23497.5,20081.7,21607.6,20909.9,18475.8,18513.8,18237,22242.8,22894.3,22994.6,22916.5,18310.8,17480,18342.7,17873.3,17656.3,17403.5,22435.9,21956.8,16978.8,18144.4,16988.1,19052.2,18211.3,22526.8,18093.4,17939,16370.4,17316,22728.4,19169.1,22639.5,16924.2,18389.3,18045.2,19673.8,17155.3,19021.7,21799.5,18672.5,20278.6,22718.9,16805.1,21255.2,20208.6,21550.9,22731.5,21099.5,20538.5,22956.6,21227.3,22901.5,18966,21375.2,23117.8,17237.6,17812.5,16838.6,16201.5,16566.5,20386.1,16359.2,17811.1,17752.6,20174.5,17406.8,20021.8,20254.8,18158.7,17200,22260.3,19700,21332,22786.5,18498.4,20969.8,21386.8,16846,16330.6,16942,18487.4,20150.8,17466.5,20011.4,20779.1,21890.7,22426.9,21610.8,18214.5,21770.1,18593.7,22766.2,19274.6,22138.9,22793.4,21281,23143.1,17281.6,18131.5,22436.7,18559.3,20849.2,23221,19511,17910.8,19973.8,21954.1,21410.5,18152.6,18043.4,23498.2,23443.2,21549.4,20032.5,24496.9,18802.2,19451.1,21472.3,22382.3,18334.3,18998.8,24871.9,24637.1,20266.3,21827.8,19366.1,22988.5,24442.1,24284.2,20677.6,22445,24724.4,21905.7,23246.2,21949.5,24106.8,21394.5,23785.6,21504,19609.1,18759.5,22192.4,22213.5,22745,22782.8,17813.5,19345.1,22480.1,24761.2,23358.7,23145,24018.6,24816.8,23652.2,20262.7,22950.6,21444.6,19056.1,21279.8,21876.4,22253.6,21571.9,23842.4,21834.5,27557.4,27870.5,36258
36198.3,26487.4,26811.8,23437.5,19644.9,24380,24413.3,21687.2,20392.7,20116.2,19151.2,23428.4,18940.7,17267.3,22366.3,17281.7,19030.8,16882.1,21841.9,21839.7,21253.4,16980.6,22718.7,21851.1,16727.2,19565.4,18536.7,21597.7,16984.8,20180.6,22433.6,19536.2,18902.2,17911.6,20842.1,21191,17475.1,21489.9,20266.4,19429.6,19276.1,19090.3,21422.5,17793.6,21154.2,16961.1,17341.1,21193,16301.5,17811.4,18408.2,18450.6,21886.5,17170.4,17001.3,20038.1,18866.2,16691.2,18625.8,20363.1,19091.3,20418.8,21668.9,22390.8,20274.2,19426.1,17053.7,21944,22065.3,19292.3,18064.2,17041,16556.4,18375.1,18120.3,17702.6,16960.1,20126.6,17177.4,17839.5,16466.8,19152.1,17427.1,18067.8,17204.1,21096.9,17738,18853.8,19557.4,16189.2,22518.9,19863,18210.4,20513.1,15809.3,20630.1,21477.4,17888.7,18609,18418.2,15255.8,19964.5,19824.2,15811.5,20807.3,17446.8,20173.3,16643.1,20689,19314.3,16426.2,15209.2,18639.9,21256.2,20596.4,21918.2,18355.8,21711.8,19779.3,19376.2,18692.6,22210.1,20048.2,18609.3,19333.6,17517.4,20322.8,17518.2,17218.6,20166.9,20929.6,17652.1,21132.9,22876.5,23234.7,22392.2,19302.4,20244.8,18937.5,19285.1,19181.2,20556.3,20134.1,18930.7,21394.4,18375.5,18072.9,18677.4,18090.8,22363.8,19152.1,17208.8,21266.7,16324.7,20078.1,21071.3,22084.1,19884.7,16496.5,21199,22049.8,21405.7,18653,21656.5,21217.7,16411,18194.9,19932.8,18444,20302.7,21499,21551.4,21794.7,23113,20875.8,20258.3,23180.8,20443.3,17458.1,21115.6,22516.1,20052.5,19523.9,23415.2,19270.1,20912.1,18724.6,18749,20914.5,22434.8,22037.7,22935.6,17322.5,20185.7,17247.9,17370.2,19904.6,21264.5,22026.2,18490.4,21417.4,19248.2,18245.2,21544.6,17494.5,19051.5,16943.8,22267,17863,19702.9,24433.2,19861.8,19274.3,18857.6,22571.5,20409.7,21858.2,18872.7,17369.9,22654.4,22941.6,17493.8,17142.8,20074.9,22478.1,21219.4,19089.9,18428.5,17896.9,18950.5,21880.4,19717.1,23205.5,22864.3,20517.6,21457.5,19282.5,19736.4,20578.7,18283,18935.5,22961.2,19550.2,17916.8,21966.8,16847.8,19693.8,22083.1,18995.7,21225.6,17313.3,22118.1,19786.6,17030.1,19662.6,17271.6,16368,21463.1,18528,22064.8,21565.1,18405.5,18306,17174,22551.8,21418.6,22655.4,21965,20628.4,23093,19906.1,19024,18390.5,20443.3,22192.3,19471.4,18005,20269.8,19408.1,20048.6,20294.6,18379.9,19098.2,16600.8,21776.4,19937.8,22137.9,19487.7,19928.7,20096.2,19015.4,17304.9,22359.7,20804.6,20250.1,17194.5,21211.8,17651.7,22499.1,21884.4,22505,16802.2,16978.1,20774.8,22051.3,18325,22241.9,19984.9,17904.4,19178.3,22450.9,21529.6,18283.6,23422.3,22837.9,22089.7,23328.1,20169.6,22351.7,21097.1,20717.3,19183.1,22208.2,20111.5,23612.7,24222.2,21244.8,20611.5,19538.4,23766.3,20876.2,18487,24560.7,24502.3,18704.6,23175.8,19597,23544.9,18800,24688,24859.7,19002.7,20100.2,23411.5,21210.6,25097.9,24964.8,20196.6,24860.1,21768.2,24602.3,24617.5,19459,23147.5,23650.6,21100.9,24769.6,18668.8,23570,18662.9,24598.2,21757.6,24134.7,20647.7,21109.9,21589,19075.3,18541.8,22391.9,24287.4,25078,24164.9,19400.1,24871,21946.7,21719.6,22935.5,24035.3,24620.3,20177.2,22097.5,24877.7,28024.7,30499.9
30936.8,31370.6,25728.2,27343.6,22482.4,19610,22621.5,21723.9,20503.6,18341.7,17149.1,17542.9,17794.3,21744.1,22068.1,17930.7,19591,20066.9,18582.1,23299.6,19872.3,19841.6,20544.3,19751.8,22530.7,21331.9,18802.8,21619,22981.5,17197.9,18314.7,17198.4,20312.5,22533.9,20630.8,21212.8,19835.8,21452,21791.2,21880.3,18316.9,16570.5,16341.7,16341.6,22226,19056.2,18431.2,16853.9,20468.7,22446.1,17252.1,17809.9,20627.4,18409.2,16457.9,17509.6,19639.2,20795.7,16497.3,21225.2,16219.1,21967.7,19919.8,17044.6,18497.7,18606.7,20787.3,18817.5,20021.2,22114,17942.7,19438,16248.4,22252.3,19570.5,16862.8,19017,17356.9,16642,18882.8,17807.1,20069.6,19120.5,22113.5,21245.3,22474.2,18809.6,16626.7,16319.6,18131.8,16698.9,19709.4,16390,20220.6,21089.4,16675.1,16501.3,17438.5,20460.1,20649.7,17025.2,18048.7,18091.2,16078.2,15227.3,21111.8,15502.4,17036.5,21771.7,19358.4,21440.1,15880.6,16928.8,17007.7,15801.4,16163.8,21453.8,18804.9,20467.6,19297.7,18450.5,19912.5,17948.8,20555.4,20670.2,19584.1,19801.7,20755.7,16581.9,18971.9,22519.5,21456.3,22872.9,18412.5,18960,19460.6,19032.1,20347.2,17121.3,16387.7,17830.3,17220.2,20052.3,21403.7,17103.6,20690,16202,17173.8,21509.2,21644.8,16676.8,22231.4,20229,21664,20227.4,16485.1,21944.8,21815.3,18814.5,20546.8,19565.6,19485.8,20560.8,22092.1,16429.5,16686.1,16158.1,17206.5,17660.4,19524.4,20738.7,22957.3,22642.8,20491.1,17429.3,19487,19109.6,21842.2,22827.7,22049.7,17132.5,17977.6,16936.3,23239.6,23303.1,22078.3,18765.1,22445.2,22711.6,20243.6,19231.5,22793.6,21884.3,19379.9,21332,18287.3,18290.9,17431,18134.3,22151.2,18875,18115.3,19595.3,19335.8,20626.8,19175.6,17689.4,22589.4,18892,18609.2,20851,22981.7,23919.8,23050.2,20614,19934.4,17803.9,19194.9,20760.2,18697.1,18069.5,23260.3,17518.3,17693.4,21103.9,16983.5,17878.8,20288.7,20089.9,19152.6,22484,23410.1,17325.8,22857.5,21453.4,21452.6,18961.5,21616.4,16735,22782.2,20384,21362.2,17253.2,16746.7,18920.5,22582.1,19012.1,18738.6,21278.5,22465.3,20160.1,18761.9,20497.8,21265.1,21405.1,16535.4,19669.6,17976.3,21107.5,17191.8,15846,20134.2,20892.9,18338.5,20562.4,21078.7,21210,18078.8,17688,17154.7,18266.3,22580.9,18410.9,19352.3,19284,19283.1,22336.4,17115.9,16091.1,18383.6,21162.5,19079.6,19569.1,21850.6,22620.8,22593.7,16579.6,19024.3,21393.6,18306.5,18714.1,17125.5,16816,16749.1,18036.4,21432.6,22791.2,22232,16555.6,19825.1,17347.5,21431.5,20539.8,18775.5,19672.8,17108,20050.1,17673.7,17684.9,18491.2,19529.9,18147.2,19133.1,16919.1,22785,21494.3,17395.1,19964.1,19757,17702.5,21852.1,18424.9,18289.7,18985.4,20020.3,18019.3,20370,21220.6,24061.1,18950.7,21737.7,24546.1,18694.8,19227,18810.1,25153.7,25296.2,21928.6,24635.3,19149.2,19317,23120.7,19206.7,22006.9,25245.9,20328.8,20763.1,24611,23675.7,23087.9,22373.2,23415.5,21377.2,21372,23358.3,22596.8,24928.5,23974.9,19628.2,18371.7,20997.3,23421,23057.2,21965.3,18080,18882.4,22041.5,21987.9,19449.7,23701.8,21343.7,19975.3,18766.3,21131.2,22997.1,20458.9,22045.8,21410.3,19945.5,23401.8,27431.7,27909.5,26948.7,34165.6
36543.3,31827.9,24155.7,21225.5,25657.7,19748.9,20447.8,18251.6,23501.3,23479.5,22627.9,21012.2,22361.5,22555.6,21649.1,20866.7,19559.2,21587.9,18256.4,18591.7,16982,16902.6,21255.3,17428.3,17941,20589.3,19915.7,20120.1,21039.2,21715.1,23037.5,19669.1,22717.6,19825.6,21869.8,19079.4,22921,22665.7,18192.3,21905.8,17971.8,17914.2,16856.4,18523.1,17555.9,16197.6,16673.7,16438.2,20140.2,21201.4,20638.6,21160.3,17221.5,18077.6,21130.3,17149.6,18344.5,18825.2,22142.2,21182.9,21915.2,20119.4,22481,21259.4,18710.7,20317,18852.7,17914.2,16511.6,20703,21853.2,17223.6,18477.1,22292.6,19751.4,20425.7,21784.8,21864.8,19124.2,21899.6,22457.2,21323.7,17523.8,18419.5,18477.9,16925.1,17063,19572.5,18958.7,21989,18948.9,20688.9,20628.7,16520.7,20325.3,19462,21804.5,21907.6,17603.7,18581.6,21182.8,20380.6,17410.1,20961.7,17222,19461.8,18704,18452.3,21749.4,18483.7,15245.1,18712.6,19165.5,16354.4,22037.1,17689.5,19884.4,20180.5,18824.6,19876,22295.3,17716.9,21777.7,17505.4,19755.4,20458.3,16520.4,18923.8,20356.7,16838.9,20702.1,18325.9,20266.2,20797.4,18862.6,20601.5,22144.4,21302.7,21195.6,20695.1,16520.7,17155.4,21957.6,16743.8,19792,20087.6,19653.2,17673.8,19256.4,17568.6,16292.6,17495.9,20717.5,18856.9,17333.6,21972.7,21150.1,16275.9,21789.6,16446.2,16349.7,20034.4,21762,19575.1,21281.7,17500.7,21272.9,22381.1,17880,22044.3,22359.8,21675.6,19588.2,17221.1,20847.6,21868.7,22615.7,20588.4,21558.8,22940.9,19487.5,22951.1,20755.6,17505.6,19064,18346.6,18299.8,18114.3,19017.3,22451.9,17903.9,20306.8,19369.7,16800.7,17324.9,21644.6,22824.2,16820.8,22423.7,17896,17897.6,22637.3,18122.8,22481.7,21134.1,21578.1,19242,22690.4,23822.3,21032.4,20471.9,21419.6,20985.1,18181.3,19511.8,18851.6,19250.2,22214.3,17695.9,19193.8,18756.1,20206.2,20484.8,20759.3,22458.4,20297.8,18482.3,22879.2,18559.8,17068.7,20423.5,22686.2,16942.3,22768.4,19477.5,19926.6,22823.5,21341.2,20458.6,20301.5,20561.2,21216.1,22530.9,21902.1,16933.1,22884.9,21634.3,18863.4,22624.9,22953,22377.9,18472.8,18773.6,22265.9,22918.7,17276.2,16942.4,22234.4,19062.8,18445.9,16746.9,18981.7,18509.2,21960.2,21986,16723.3,23191.2,21355,18809.5,22408.2,17081.8,21298.3,17963,22303.3,18750.7,19168.5,17043.7,22843.8,19131.5,22902.7,17149.3,16585.8,18551.4,19772.3,16731.3,16210.6,17705.8,22593.5,21105.6,19123.4,16998.9,19160.4,21122.7,20947.6,20897.9,17706.2,20507.3,16752.3,16468.2,20447.2,20520.6,17688.1,22755.7,21364.7,18185.6,20329.7,19959.5,22209.5,18796,21502.2,17550,21166.6,20459.1,19749.6,20103.5,19219.6,18422,23126.3,23733.6,20346,23109.9,24139.8,22978.7,23848.2,20093.4,24439.3,23335.4,18802.9,24422.3,21928.2,21738.3,18549.4,20136.7,24129.7,21280.5,25291,22046.4,21680.1,20444.4,21191,24043.6,23864.5,24330.9,23099.9,23996.1,19275.8,18798.9,19502.9,25036.7,21633.4,23636.2,19441.7,20725.6,20159.6,18814.6,21533,20946.7,19964.5,22737.7,20966.5,21666.4,22844.3,22219.5,18238.5,23075.5,23032.4,24400.1,24385.7,22525.3,23123.3,24307.9,20147.9,21025.2,23002.7,23595.2,21627.1,20657.9,23222.7,24542.7,22906.7,22301.1,23984.3,28117.3,33465.7
36998,31618,25589.5,25193.6,23133.8,22012.4,23627.8,23908.5,18181.7,17771.5,23730,18973.5,19442.9,19587.3,21388.2,21744.5,18517.2,18966.1,21179.5,17294.1,22253.4,18713.1,20748.9,17604.6,18780.7,20262.6,22811.8,17648.3,20371.7,17851.3,20603.2,19349.6,21124.2,18971.9,22404.8,17506.7,20844.5,18771.6,20157.6,20243.2,18151.6,20324.2,22425.4,16486.6,16632,18294.7,19932.8,18051.4,19159,19617.1,18191.7,17022.8,18836.6,16291.5,21881.4,17175.1,18333.9,19789.1,21352.3,16258,21264.9,20324.8,17692.7,22446.5,20776.4,16421.3,18883.8,18179,19168,20532.4,19257.8,17759.4,19281.9,18963.1,16479.7,19348.6,20003.8,19341.5,16875.7,18503.3,19483.3,17016,20201.6,21392.6,17633.3,18832.8,18761.9,18856.4,21798.1,22231.9,20336.2,18528.4,17391.4,17224.4,17484.8,16204.7,17019.7,17625.6,15348.1,20207.7,18179.8,20730.4,17133.3,16448.6,19088.7,16012.2,21305.2,19864.4,16707.7,20119.8,17755,15652.7,20843.9,19811.5,18413.3,20634.3,15843.6,20723.3,19738,20993.9,22484.2,16215.9,18138.9,20742.6,18500.3,17772.1,20358.8,16742.7,22887.2,23203.6,21827.5,23421.5,17599.4,20402.4,19240.5,22543.7,17209.7,21238.2,16398.3,21321.2,17637.4,16872.8,18252,19655.5,20064.8,15850.4,18114.5,20517.7,18217.9,17450.6,17849.6,19500.6,20561.1,19760.3,18069.1,20676.1,16911.9,20006.3,19794.7,19479.7,22338.2,16791.9,16657.1,18022.7,17230.2,16253,16121.6,19163.6,21869.8,22193.1,18439,17317.7,19196.3,18330,19494.7,19201.3,21227,19831.3,23555.3,23544.8,21690.5,18788.1,21636.9,17304.1,18910.2,21513.9,17637.9,21059,20435.2,20276.7,17909.3,19162.3,20204,19395.9,19306.6,17541.8,18113,22371.6,21140.7,17075.4,17665.8,19412.6,20871.5,18108.1,17126.5,20777.8,17348.9,20936.1,21321,22048.7,22903.3,20067,19598.8,22648.1,19977.3,22024.6,23295.4,20218,23743,17446.4,21097.8,20230.2,19765.8,19652.2,22496.4,18318.5,21898.6,17860.3,23327.7,18123.6,22733.2,19181,22321.4,21017.6,19587.9,21121.7,16756.4,16660.9,21269.2,19088.9,19398.8,19774.5,21931.8,22930.7,22455.3,22988.7,22260.3,22057.2,23025.9,18350,20276.6,22895.6,19695.3,17539.5,19907.3,21826,22151.6,17269,17375.2,21150.7,20921.5,20523.5,16047.2,16562.3,22624,22546.8,21746.4,18215.4,17863.4,20842.2,17244.8,17153.6,21514.4,17519.7,19265,22461.2,20498,19518.3,20896.8,20155,20722.9,18993.8,22183.6,16596.9,19303.2,21645,17798.6,16215.1,21413.5,19913.2,16605.7,20572.2,19926.7,20678.4,16468.5,21969.4,18042.7,17945.4,16780,22357.8,20870.2,20058.6,17353,22885.1,22870.4,18771.5,17899,20809.7,20439.5,21855.1,17738.4,22435.8,20434.1,20495.4,20717.5,19388.1,23033.8,21113,22733.6,21583.3,20008.9,20486.6,19923.6,19219.2,21388.6,18822.6,18114.3,20000.3,20449.2,19052.5,19444.1,19342.8,23703.2,21995.8,18221.1,22476,24942.4,23432.8,22158.2,21640.8,24079.1,25257.6,19745.9,23802,23220.4,24750.8,20854.6,24307.2,23145.3,19838.8,20081.7,19401.2,24366.1,24748,23066.4,20740.9,20782.4,19688.6,24090.6,24721.4,20266.7,21231.2,24558.1,22406.7,21195.9,22529.1,20841.8,23345.3,20813.3,23366,21485.9,20391.9,25081.2,24746.9,19699.4,21707.5,23509.2,21155.6,20164.6,21274.9,21045.1,28266,32000.3,35574.9
35393.6,27710.6,28305.7,25563.4,23194.4,19634.1,22144,18689.5,17627.7,20145.9,17733.3,17203.6,20908.9,20412.2,18378.9,18611.3,17247.7,20373.7,17890.5,21482.1,18617.1,20471.9,21174.7,18182.3,22552.7,19822.7,21230.9,21033,18226.6,20829.4,17064.3,23107.9,18331.5,18986.3,19298.3,17573,20297.1,22739.7,21661.5,20341.5,16409.7,21761.2,18812.3,17659.8,21585.6,19912,18702,18944.9,21384.6,16270.4,21556.8,20435.8,20183.3,22620.3,20924.2,19213.6,17097.5,20072.5,19937.6,16355.6,17564.4,20261.5,19255.2,17154.3,18150.5,18437.2,19014.7,19992.3,20745.4,19894.3,20732.8,17136.4,17439.6,22727,17811.5,20822,22312.5,18357.3,20411.6,19241.6,18022.5,18011.5,17896.6,21472.5,19894.3,17592.9,16296.6,18723.7,21618.1,19442.7,18239.9,17402.3,22514.5,19635.8,21390.5,22523.5,22546.6,16790,17998.7,18374.7,16994.8,15586.4,21272.5,17764.9,15433.9,21534.2,18540.4,17813.7,18531.3,20344.6,20043.5,16444.9,17071.7,20435.6,16297,21503.1,18862.5,17363.1,20253.8,21641.5,20633.4,18079.6,19726.5,22742.3,17752.2,20305.4,22274.8,17461,22032.1,22288.2,20050.8,17779.8,23151.8,18641.7,20475.1,18240.7,20288.6,18554.3,18231.8,20004.3,17130.4,21552.1,21453.3,22312,20087.3,18462.1,18260.6,21561.2,19517.8,17469.3,16688.3,17264.4,21225.3,22445.8,15832,18621.5,21911.1,18424.6,18519.4,18279.8,16434.2,18684.5,21369.4,19925.1,22344.8,17373.7,16835.2,21894.7,19199.4,20233.9,17501.1,20197.4,18062,21942.6,23526.8,22918.5,19341.4,23273.3,18345.2,20817.5,18215,21853.2,19452,17646.6,17890.8,17784,20238.9,19270.9,19954.2,22603.5,21958.5,18707.2,19248.2,22353,19640.2,22845.6,21641.9,19689.9,21551.8,22301.1,22671.2,22644.5,19503.5,22814.5,22247.4,22036.5,22627.3,16927.5,18099.5,21087.4,23030.8,20814.1,23486.8,20896.5,21157.1,22890.5,18254.4,18548.9,17825.5,17850.6,17857.2,20044.4,17197.3,22354.7,17622.9,21095.2,22083.4,17811,19987.5,22774.1,18404.4,21499.3,18277.6,17421.4,20141,16821.5,19000,22846.5,21599.6,16976.2,18075.9,22359,17913.6,22009.4,21953.2,17438.5,20967.3,19930.1,17936.8,18395.5,21779.2,18451.7,21308.8,18043.1,20495.2,19352.8,17810.5,19594.2,18123.8,16504.8,21972.4,17507.5,18702.4,20923.3,21046.4,21158.6,19670.2,17543.2,17121.1,23423.2,22601.7,22030.5,17450.6,17529,21660.7,21699.2,19403.9,19835.6,22282.8,16424.1,20491.5,19302.4,22343.3,19940.5,16829.3,21214.6,20429.1,21008.2,18128.8,17252.6,21537.7,17129.1,21331.7,23010.8,21768.6,17214.5,20420.7,21936,19032.6,16567.6,16115.5,22147.4,19606.3,18344.7,16840.4,19019.1,21749.4,19292.3,20459,20265,20909.1,23116.3,20868.7,17389.3,20300,23132.3,23146.4,20955.4,20089.1,20644.5,20497.4,18206.3,23602.8,20607.3,24402.5,23686.5,19180.2,22895.8,19387.4,24687.4,24331.8,22867.6,18393.6,21106.2,24447.2,23157.6,20934.7,24973.7,21603.3,22121.1,24582.5,23346.5,20060.4,19694.1,23594.2,23348.6,22859.8,22554.3,20240.1,22830.2,25108.8,21795.6,19604.7,19896.2,21631.8,21926.8,22339.2,21001.5,24065.3,21819.6,21697.8,21020.3,24095.7,19170.7,20037.4,19995.5,21271.5,21154.4,19140.2,24955.2,20494.9,19417.8,19311.2,21912,22400.5,20675.2,20818.5,21453.4,20098.6,24290.6,23118.8,27889.7,32145.1,36219.9
31421.5,28083.6,24109.3,24451.8,25508,19215.2,21951.1,22142.7,20859.9,23146.5,19158.9,20795.4,18906.6,20543.6,20732.3,18214.9,23146.8,21326.4,19907.7,19882.1,17013.2,19926.7,19027.1,20919.2,17930.6,19853.5,17221.5,17431.1,18821.9,19985,19255.1,22794.1,20920.1,20512,20169,20167,20118.5,21770.7,18036.7,21392.8,22378.6,19250.7,19829.1,20525.6,16434.6,17152.3,18583.8,18507.5,18851.4,19302.7,21004.9,20981.4,18804.8,21974.9,17300.6,16290.8,17248.8,22366.8,17531.7,19539.1,22328.7,22303,21519.7,20020.9,20567.5,21563.5,17390.6,21635,19661.4,16889.2,20268.2,17295.2,20557.9,22203.8,18987.7,16922,16478.2,22805.5,20151.7,20340.1,20702.5,21633,16730.3,22822.9,18681.4,17489,21254.6,22214.6,20141.4,16908.1,19991.1,16351.2,19533.4,18263.3,21441.1,20642.2,22533.6,15985.4,22115.9,15577.9,17285.4,22022.3,21886.8,19192.4,15616.2,21330.2,20549.9,16153.9,20427.4,15854.8,21184.5,21438.9,20838.3,17157,20077.9,20603.9,18913.9,22058,16585.6,18956.7,19329.2,20643.1,17235.8,17819.4,19880.1,20625.4,19002.7,18740.3,23313.6,20328,17538.1,17596.7,21170.2,23087.2,20563.8,22887.1,20592.3,21952.5,16091.2,17910.5,16239.6,18560,22214.7,20994.5,17398.3,18723.1,18797.7,22197.5,19335.3,22418.8,21723.3,19957.3,17388.9,22284.1,18384.4,18540.2,17940.4,19085.1,18914.2,16535.2,20078.3,16987.8,18816.1,17165,20101.8,20911.7,17150,21974.5,19801,19962.7,19418.9,17694.8,22311.5,22690.2,21100.4,21277.6,23083.2,20681,19968,17928.9,21473.9,20336.9,17060.9,19349,23207.5,17399.1,19605.6,18624.8,22868.9,22175.7,21485.2,20912.1,21971,16966.8,18946.2,22521.3,21407.2,17441.8,19505.4,18461.9,18785.4,18761.6,18553.2,20039.5,23021,21515.6,17438.8,21650,20206,19066,21724.6,23298.6,23162.9,19130.7,19705.6,21112.8,18162.1,19821.3,20943.3,17819.2,18901.6,21539.6,22957.8,18327.5,19203.3,21491.7,18973.4,22093.2,22553.6,23316.5,20831.9,21850,20007.9,22633.1,21035.4,18860.1,22231.4,19866.2,18842.2,19776.6,21467.2,21243.3,23171.9,19981.7,19341,17040,17690.2,17228.2,19794.3,17737.3,21813.9,23223.2,18916.3,18023.7,18630.8,18933.1,22763.7,20908.7,21556,21119.4,20074.1,19341.2,19262.9,20652.6,20945.2,21719.6,18381.4,20395.6,20414,22753.2,19932.6,20485.6,17371.6,22324.9,21889.4,17686.7,18967.9,21176.8,19529.4,22907.5,20523.1,16944.3,22472.9,16850.1,18103.3,21026.1,18723,21630.1,16791.7,17439.8,16594.7,18270.4,17755.6,17821.3,21989.5,19266.9,21142.3,17765.3,17862.4,22054.5,16807.6,18959.2,18200.3,18863.5,16452.9,17368.6,16344.1,17135.6,21138,22785.2,22128.9,19695.9,16726.5,17554.7,18643.7,20175.3,19499.8,19357.9,22185.3,21373.4,18418.5,20041.9,17513.5,22095.9,24079.8,19449.8,21846.8,24718.4,21204.7,24435.3,24265.1,19324.1,23253.7,22268.8,22378.4,23024.7,23738.9,19634.7,18711.5,19565.3,22732.6,25204.8,24467.9,24996.8,20087.9,23263.6,23054.1,21247.5,19111,23455.3,24722.4,19049.7,24703.7,23825.8,22730.1,21389,21199.4,22106.2,21294.2,20769.2,18570.4,22465,18343,18983.1,19834.6,19132.6,22829,21638.8,22074.3,25313.5,23684.8,22517.8,25064.5,24637.1,24694,21213,21398.7,21013.2,20541.6,23294.7,24850.5,27115.8,32016.8,32101.9
37271,28986.2,24917.3,26103.2,24885.2,18740.5,23739.3,23189,19128.1,21870.6,21904.3,22132.9,19519.8,20059.1,23093,17503.5,21418.8,17819.9,17178.7,19783.9,22010.2,20789.2,21956.3,20840.8,22219.1,17020.5,19305.7,18978.7,17876.4,17270.8,22101.9,17048,21322.3,22525.2,21284.6,18395.9,16984.7,18087.5,19502.3,18314.1,21882.3,17653.1,17106.5,17989.3,17036.9,20792.8,18347,20870.3,20027.7,18762.8,20620.8,21543.6,21185.6,22127,20246.8,19381.2,16451.1,18324.3,17360.1,19328.7,16585.9,20879.2,19950.1,16684.6,16847.1,16037.5,22076.2,19756.8,17910.6,18860,19899.4,16350.6,22827.2,18648.4,21179.6,17167.4,19451,19282.1,21128.5,16727.5,16927,20294.2,18040.3,16923.1,18139.1,17555.1,21439.4,21312.3,18149.8,22997.5,22543.1,21942.4,20697.4,17368.1,16546.8,21867,19480.9,16442.7,21636.8,18563.5,21525.9,17700.9,19744.2,18686.8,20389.7,19757,20320.8,20278,19035.6,18747,19256.6,18743.4,16129.5,17853,18069.2,20790.3,16397.8,18220.9,17086.6,19400.7,18319.4,21019.4,21071.2,22567.1,16937.2,19215.3,22893.8,23162.2,22674.1,18981.1,21122.7,18779.4,23472.9,22035.8,20546.3,20994.8,20933.4,16570.9,16502.1,20602.9,21524.1,19004.3,20495.2,17911.1,19577.5,21776,20759.1,21334,19583.2,16007.9,21753.1,19832.6,21678.3,20708.6,20298.5,18228.4,21199.8,21015.3,18800.9,16718.4,19196.7,18068.2,18784.6,18087.3,16060.1,22449.6,17541,18128,19926.8,21644.2,20979.5,18337.2,21747.8,22500.5,17899.9,23714.2,18558.6,19076.5,19251.3,19031.1,22097.1,19044.6,21475,21919.6,19981.2,17447,17267.8,22937.4,19253.5,21100.4,22501.8,20358.7,20999.5,21689.2,16943.9,21814.1,20825,17083.6,16878.9,18395.2,21191.1,16893,18840.1,19665,21694.1,21861.8,22884,20610.7,22069.5,20952.3,18217.2,20927.7,21873,23025,18035.6,23561.1,19566.4,20816.3,20392.1,19374.5,17562.3,23088.1,22394.4,21870.4,18342.2,17680.8,19646.8,20904.9,23051.1,23639.6,16749,18235.5,21399.2,18210.7,19275.3,18575.5,17446.1,21267.6,17407.3,21297,21549.4,23175.8,22347.9,16789.4,19133.6,16828.3,17424,16786.7,22873.4,19599.5,22986.1,20859.1,22713.6,19232.4,19547.6,17437.7,17310.3,19238.2,21360.2,21401.2,17773.7,21790.4,22160.6,17070.6,20860.7,20555.9,22058.9,19582.1,21815.8,22035.1,16746.4,16719.8,23147.4,19778.5,19682.7,18721.7,18790.9,19516.3,21240.1,22421.7,17331.1,22266.2,21652.5,16901.1,21930.5,18016.2,16333,21397.2,22696.6,22101.5,17253.3,18747.9,18767.2,20991,19773.3,19094.5,21762.1,22046.6,18329,19806.2,17964,20728.2,21573.4,17520.8,22439.7,20019,16673.7,22706.5,17354.8,22437.5,19343.3,22312.5,19710.8,20466.8,23459.7,23553.7,23116.5,17727,23463.8,20040.4,22135.5,19366.4,20020.1,19096.7,18035.3,20811.1,21870.4,20905.1,19098.7,23131,22325.6,20197.9,23447.2,20383,19983.6,21016.9,23080.2,21351.9,23007.8,20792.4,20814.6,23210.5,22900.2,25209.2,21953.8,24938.6,20584.2,23797.7,24000.5,23842.2,20582.7,22022.2,24235,23858.5,20268.3,20154,24682.2,20011.4,23203.5,18555.1,20495.5,24563.2,22523.7,18641.8,20126.5,19283.2,20374.9,20373,20031.6,22667.8,20216.8,24069.1,23804.6,22182.4,19806.3,19700,24122.8,21197.5,24345,25925.8,22521.7,28362.2,29585.9,35257.1
31547.4,28543,25987.7,24220.3,24388.7,24104.4,23757.2,19606.1,17982,17648.5,19247.1,22562.5,20529.3,20150.6,18053.7,20357.7,19316.1,21916.4,20401.9,23804.3,20985.8,22100.4,23246.2,19426.6,20113.5,20320,22179.8,21820.6,22775.5,21550.3,19839.1,22011.3,21995.5,17029.1,20714.3,22683.7,19470.2,19014.7,21183.4,18230.6,21955.2,18547.1,20851.8,22537.9,19600,21633.4,17499.7,16211.5,18459.8,16767.5,18215.5,20187.4,18010.6,16442.5,22138.7,18439.6,21384.4,17241.4,16053.8,18555.7,18251.1,20555.5,17354.8,21754.3,16589.8,18873.9,20852.9,19722.3,16842.3,19183.5,19177.1,18220.3,19211.9,20951.1,19558.6,22664.1,21638.1,17665.2,20903.7,17543.1,20032.2,16996.9,20095,21370.5,21320.8,19833.2,20940.5,17555.9,20951.5,16347.6,18411,16344.3,20577,20571.7,21687.7,20683.8,16726,21050.9,19427,17589.1,18342.5,21966.5,15621.9,17214.5,20487.1,21561.1,20175.7,16930.4,21349.2,17851.3,16103.3,17850.5,15750.9,19951.4,17559.8,19616.2,21454.8,18598.3,17816.7,21063.7,16269.3,20542,21922.7,16515.7,21313.4,20517.6,20355.8,21015.9,20771.5,22191.1,21215.1,22517.3,18297.1,18686.5,19303.6,18531.1,18096.3,21196.8,18649,16610.2,16811.2,16186.5,18155.4,18240.4,19207.5,21168.6,19719.9,17058.3,16594.2,20546.9,22086.5,22488.5,17608.9,22125.3,18247.3,16505.2,18001.7,20728.7,19351.8,18341.7,19300.8,16935,18410,17525.7,17767.7,21419.4,19929.9,20486.5,21898.9,20087.7,21288.7,19371,20355.3,20835.8,21412.7,19736.8,17798.6,18810.7,23073.9,17784.9,17896.9,21906.4,19857.6,22707.1,21649.9,22231.9,22529.2,18416.5,18846.5,18373.1,17203.4,17281.8,20219,20831.4,19724.7,18615.1,23253.3,18250.2,17771.5,18370.2,19366.7,20378.9,22020.9,19574.2,21481.9,18778.7,21960.2,19543.7,21271.3,19139.4,17275.9,22165.9,17349.3,17490.4,23029.2,21046.3,23053.1,23370.9,18549.9,20729.6,17931.9,21885.9,18097.4,19908.9,20683.8,20884.9,21153.6,21308.3,21416.6,18045,19035.2,20945.2,17771.2,19843.8,19662.5,21869.7,16895.1,22211.3,20842,19552.8,16476.7,21287.8,20738.7,20870.5,19323.5,17761.2,22239.5,21734.2,22634.4,20894.4,23211.3,22715.4,22497.3,18027.1,21641.9,17088.2,18967.4,21873.7,18327.8,18233.8,17063.4,16636.9,18322.5,19655,21874.8,21861,18899.8,21045.4,21940.2,20533.1,21897.1,19522.6,22151.3,20847.9,17767.5,19190,16947.6,22092.7,16989.8,18781.1,20442.8,22326.4,18701.5,20492.4,17112.4,16399.2,17826.9,18400.8,16780.6,21516.9,22283.6,19288.2,21156.3,19213.9,16620,21307.9,21166.7,19010,20717.2,20713.3,18381.8,21063.9,22932.3,22574,17716.5,17332.3,21008.2,20809.4,17822.8,21927.3,18471.6,18898.7,17875.5,17296.1,18747.9,18917.1,21915.7,23571.8,22259.2,17838,22248.1,18114.6,23338.8,18761.4,23006.3,22369.4,24556.1,19426.5,18646.7,21499.8,21088.6,24646.8,21867.6,21010.8,24518.7,21560.4,18792.7,21457.9,19031.8,24807,18925.8,22094.4,23635.5,24299.3,22409.8,20921.6,20291.4,18947.2,25122.9,25086.9,21948.8,24150.3,25334.1,19953.1,23521.2,24981.4,20240.2,20503.1,19065.2,23278.1,21922.9,23623.4,20379.3,22332,22306.8,22833.1,24164,25024.4,22574.3,20239.5,23811.5,23145.4,23451.8,19083.7,20279.5,22118.4,18984,23242.5,21749,23252.3,25296.6,26471.3,28616,35175.7
31416.5,26411.7,28268.4,24998.9,21289.9,22347.6,20938.9,20139.8,19045.5,18133.7,20057.3,17643.9,18482.8,19032.1,20808.1,20316.9,19014.6,18626.3,20097.3,20966.7,22241.8,22703.5,17800.8,22215.6,18760,21520.4,21265.6,21195.7,19296.5,22970.4,21561.6,17581.9,22970.5,22454.6,22747.6,22863.2,22749.5,21899.1,19645.7,22522.6,21285.3,16114.4,19085.8,22052,22081.8,17190,21797.5,17005.4,18539.4,19041.9,22239.9,18095,20032.4,17468.7,20103.5,18876.2,21964.3,20945.2,20594.1,16826.8,21688.2,21336.7,19496.4,22245,17717.1,20590.2,21218.4,20299.2,22477,16346.9,18533.4,16692.2,19129.9,19606.1,19790.3,18829.9,21895.8,21154.8,18771.7,20673.6,18027.5,22623.2,16615.5,22740.8,19313.2,22904.9,17172.2,22111.3,18827.8,22023.7,19982.6,20697.9,18459,22074.4,17165.6,22518.5,20964.1,19180.5,20955.3,21658.1,16363.7,21414.6,19801.9,19168.3,20016.2,16375.9,17736.7,17395.8,20021.7,21544.6,21094.5,19899.7,19773.7,21801.7,19705,16697.1,17542.1,16479.2,21983.1,21202.6,20761.3,19817.3,18189.6,17890.5,21789.6,16786.4,19040.4,21639.6,17676.8,22447.2,20737.3,18181,18862.7,18025.9,22976.5,22802.3,16357.5,22083.5,20419.5,16703.2,19390.3,19224.9,20662,17639.1,20608.4,16755.3,18345.4,19151,16278.3,18669.2,17258.8,18968.8,17934.4,18727.7,20217.7,16450.1,21944.3,22567.5,17034.1,18982,22323.5,17861.9,20551.8,21329,22627.5,18911.5,17054.2,19379.5,19182.7,22911.4,18118.9,23216.7,20356.9,17881.9,18286.5,20031.1,22623.9,17929.5,20750.6,17696.6,21043.5,17664.3,23181,23478.9,21051.8,18704.7,22988.8,20671.3,22210.5,22111.2,17879.7,21196.2,19902.8,16846.7,17514,19330.7,17873.8,21510.1,21904.1,21489.7,19959.7,22227.2,18879.1,20777.5,17034.3,18523.2,17867.4,16585.2,20353.8,18220,19519.1,20584.2,22962.5,19037.2,22524.5,22657.5,18870.4,18575.3,22017.8,22940.4,19916.5,17218.5,17524.3,23148.4,18341.9,21245.4,20967.9,20229.5,23199.8,19638.3,19846.6,18761.9,17666.4,22202.7,21894.6,21793.9,17549.6,22286.3,21688.8,21885.7,21555.3,21809.6,20608.6,22644.2,16492.3,18477.3,18623.7,21167.5,16752.7,21914.8,17599.9,22431,21485.5,22648.2,17337.7,22904.2,16965.6,17188.5,16703.1,20299.5,20836.7,19043.6,19660.1,16763.3,18689,22578.1,18629.9,17496.4,20936.1,22628.1,20881.9,22945.6,17757.2,17401.3,21818,20392.5,21315.5,21088,21560.5,19598.9,17709.8,22979.2,18263.6,20449.6,22270.4,17991.4,21394.4,22292.6,17849.6,19981.2,17771.5,21104.4,19596.3,20783,16427.9,17370.1,18143.5,16883.6,20821.3,20529.5,18620.8,19660.2,19730.3,17591.6,19565.1,21638.1,18311.3,18620.9,22065.8,19266.7,20624.2,17882.5,22652.8,22811,22877.6,21559.3,21337.8,20883.4,21274.5,19857.6,21038.8,22745.6,18727,19909,24297.1,19176.6,20433.2,24075.8,19036.3,23686.5,22031.1,19055.7,19945.4,22805.3,24676.4,21375.2,21670.4,23625,19647.3,25027.1,20794.5,24057.4,18824.2,21800.4,25589.5,22553.5,19089.3,22303.2,20653.3,21325.3,21737.1,24159.2,21837.5,22346.2,20005,20016.7,18740.3,19955.5,23623.4,23139.6,21407.1,22199.2,19749.9,22574.1,22581.5,24062.8,22742.3,21731.9,19725.4,20324.8,20690.8,22910.8,22873.3,19198.3,23684.5,23584.6,24624.7,22147.3,23431.6,25964.3,25947.7,24534.9,27557.8,31953.4
31712.1,30878.6,28703.1,23422.1,21728.4,20449,21509.8,19416.2,23978.4,18276.9,19838.9,17861.4,22349.7,21522.5,17914.2,18140.2,20027.8,23628.8,18295.5,17671.3,19115.4,17310.3,21185.8,19123.1,17559.8,16927.2,21629.3,22927.6,20162.5,21803.4,17154.6,18509.8,18754.8,22039,20010.8,20016.1,21699.7,22784.8,22109,21948.4,17985.9,20760.6,21728.8,19445.3,18087.3,21653.8,21259.4,21230.5,21975,20109.9,16524.6,20174.2,17205.1,19504.4,16731.9,22149.6,18241.7,19378.3,19288.3,19359,22042.7,21193.1,17782.4,16418,17661.9,17173.2,22019.2,18788.7,20226.9,22174.5,19317.3,16541.4,19363.4,17317.7,19033.7,16921.8,21520.7,22070.6,17091.2,16781.9,18716.1,17294.5,19488.8,22663.4,22301.4,19767.6,21480,21082.4,21064,22081,22416.4,20913.2,19636.5,18241.9,20978.9,17082.8,18466.6,19771.6,17792.3,20033.3,19351.1,21150.2,16377.8,19134.4,15355.6,16788.7,21283.7,16756.8,15753.3,16669.9,20446.2,19183.4,19843.9,19015.3,22225.7,21082,16631.7,21449.8,17577.4,17573.3,21800.7,22399.9,16739.6,18697.9,18986.2,18476.6,19712.4,20434.9,18409.8,21322,19555.6,20208.5,18657.4,23273.8,17824.6,17153.3,20040.5,16678.2,16805.2,16083.6,21391.8,19880.1,19890.6,17723.9,20497.8,20210.7,19423.3,18941.3,22185.4,17236.3,21875.5,17359.2,17394.4,19342.7,15759.7,19313,22595,16917.5,20313.3,21427.6,19763.7,22646.6,21957.6,21711.8,18137.7,18101.2,18849.1,16566.9,21360.1,18567.1,21691,22305.2,19617.7,21343.1,23585.1,20826.2,19625.6,19558.1,22111.5,21045.8,23564.2,19532.8,22099.1,22799.5,17637.3,19170.8,18200.9,17536.7,22158.5,22277.8,21582.8,20416.5,22634,21502.4,22681.4,22555,20358.5,19860.4,18940.1,18123.5,21814.5,18727.2,19045.9,21892.4,23135.2,18035.8,19587.4,19967.1,18414.6,20123.4,21939.2,22780.3,20240.8,18164.6,22864.4,20373,18341.9,22389.9,20021,20213.1,17518.4,23151.9,22497.2,23147.4,22918.6,20435.3,18652.3,23041.6,22987.9,22731.9,19033.5,19641.1,22511.5,22325.2,19371.8,19149.4,17472.7,22361.8,21662.9,19206.1,18288.2,20560.8,19408.2,18329.3,16908.1,17124.7,20538.2,17905.1,17075.8,21660.7,17078.9,21171.8,22849.2,20384.9,18017.2,22360.2,23034.5,22330.7,20679,17005,19464.6,18485.4,19283,22815.3,21389.9,19244.1,17334.1,22293.4,18693.7,20358.4,18076.6,20667.1,19893.2,21895.7,16875.4,20891.3,17215.5,21398.7,21590.8,22250.2,18161,17112.6,18478.6,21424.1,21434.3,18440,20915.6,18930.6,20454.2,18312.5,21340.7,21485.5,22503.2,18784,22546.8,22093.7,21318.5,22016.7,21267,16913.8,18374.7,17014,19580.3,18762.5,20902.1,16295,16992.8,17208.7,22379.8,20907.9,22033.2,20695.9,18976.3,17353.7,21913.6,23244.8,21194.8,22338.2,22136.9,24070.5,22399,21338.3,20120.8,18375.5,21789.8,22422.4,24105,23078.3,23201.5,18654.5,19834.7,21126.7,24365.5,19002.9,23296.5,23478.2,20949.7,20157,22581.1,20576.8,23465.3,19769.9,20881.7,23013.8,23691.9,23780.1,19801,24444.7,20609.4,19780.5,24603.2,21376.3,21947.8,21990.1,23513.3,21379.4,24054.4,21484.3,23337.1,24381.7,24164.2,21418.4,20418.6,20956.8,18806.3,18604.9,23566.3,19873.9,22999.2,22522.9,21044.3,20505.9,24559.9,21029.8,22594.8,20021.9,24533.6,22280.5,21467.7,22435.5,23148.8,26180.5,29728,37227.6
32770.6,30175.9,26745.6,26971.2,23252.2,23527.1,24258.7,22999.5,19516.7,20629.1,19741.4,22401,17615.4,22381.6,18299.5,19453.2,18179.6,20803.7,18898.3,17127.1,17378.7,22589.4,18892.1,19791.8,23217.3,17831.4,19907,22603.2,23030.3,21716.5,21063.2,19297.6,19809.4,19088.2,21213.7,18078.9,20453.9,21977.2,21429.6,18793.9,18303.2,19847.7,20217.2,20557.4,18831.4,19621,21611.3,18543.8,17021.4,16322.9,21180.6,22332.4,17911.6,17515.8,16500.3,21932.2,21151.8,17410.3,21306.1,19179,19910.9,17535.6,21176.4,21611.6,21773.1,17659.1,21436.6,20919.9,16945.5,20880.6,16586.7,19254.1,20807.3,20398.7,22403.6,17531.6,19224.5,20944.5,16788.8,22924.5,16548.4,16426.7,21061.9,20442.2,19558.1,18557.5,22241.3,21590.3,16995.8,17817.2,22568.5,16849.7,17024.4,22726.9,18979.1,17700.7,16662.8,21743.7,18116,17980.1,21292.2,21467.4,21944.5,19218.3,17783.1,17781.6,20775.1,21666.2,16414.2,17774.9,16405.5,16797.1,15683.6,18179.1,18243.4,15943.3,22540.2,21199.2,22238.1,16876.2,21923.9,16934.2,18040.5,16465.7,18367.9,19822.9,22296.6,19767,19340.3,17175.6,20108.3,21901.3,21134.7,21213.8,20600.2,19624.6,18424.3,19485.6,21357.1,18769,17862.4,21250.5,22122.9,21261.4,16163.4,18865.5,20490.8,16450.2,22154.2,22466,17286.1,21214.6,18270.8,21771.9,18141.3,16937.8,20435.2,20077.8,18199,16927.6,19409.3,17905.2,17500.8,16379.1,22398.2,16585.4,22418.5,17654,22874.5,22242.6,21751,18927.9,22210.7,18162.1,19500.6,22376.3,23215.7,21085.9,17451.1,18371.3,23330.1,18259,20461.2,21833.7,22425.6,20835.5,21320,19696,22968.7,22044.7,18364.8,22689.2,18527.1,22758.8,18019.9,19702.7,20449.6,20575.5,22474.8,21850.9,18330.7,20987.3,22489,22490,18132.8,22159.3,17067.3,21923.8,21894.8,20629.3,20940.2,20297.6,20835.3,19531.2,17569.6,22437.9,18780.4,23076.9,20434.4,18726.7,19337,19911.6,17663,17813,20784.7,17162.8,19367.8,22925.6,18073.4,19979.9,21881.5,22446.4,19206.5,21854.3,19613.2,20781.3,18078.4,20910.4,18836.5,22532.1,19714.6,22042.1,19608.6,20945.5,20654.7,21232.5,18614.2,18600.7,20346.1,22041.2,17247.1,19702.3,17463.8,23110.5,21573.7,20755,22348.8,17079.4,19348.3,22502.5,17622.9,21532.6,19509.5,20215.1,22167.2,20387.5,19892.8,17927.4,20587.5,18067,20485.6,22847.1,19097.7,19634.6,18905.1,22604.2,19422,22365.3,16324.3,22716.1,16724.7,18337.5,20047.2,19378,22586.1,22044.5,22850.3,19913.6,17745,21869.6,16860.6,22735.3,21428.5,22613.9,17248.2,22557.4,21870.2,23001.8,21435.4,20850,19203.8,16464.7,22624.6,20158.5,17277.1,20901.6,20295.2,17513.2,20923.6,22709.1,19822.2,22632,21076.4,21686,22055.4,18520,20420.4,22495.2,18601,24166.4,23079.3,22049.9,19974.9,20237.2,21119.1,19671.2,18445.3,23829,22652,20438.2,19017,24450.8,20591.5,20106.3,23117,19641,18986,19001.1,24707.8,23004.4,18811.7,19423.5,24428,19373.3,22747.1,19588,21121.1,19246.1,19548.4,25016.7,21526.8,20357.4,24730.1,20754.2,19541.8,24904.4,20863.5,22398.3,18790.9,24605.8,24031.7,19828.4,18111.5,22422.5,23402.3,22485,23298.4,21603,22154.2,22625.9,21922.3,21210.3,24696.2,22480,25919.2,25843.9,20510.3,23569.2,20044.1,21267.1,22059.7,25908.2,28104.5,33317.7
32093.6,31789.5,29350.8,25777.8,19755.6,21531.7,20593.9,23907.1,20230.9,21307.7,22330.6,18792.1,19101.5,21113.1,22671.4,19702.9,22762.9,17517,22164.6,22025,21659.7,21085.4,23289.2,19154.1,19963.1,18233.5,19836.7,17546.4,21495.7,18205.5,21293.5,18020.8,17996,20219.7,20082,17583.4,16819.8,17224.6,19966.9,18164.5,21113.1,16608.3,18160.9,16344.9,21051.2,19788.3,22156.2,19117.3,19763.5,19400.3,20064.9,18523.6,16831.5,18454.6,20688.5,18377.2,19846.9,20239.4,18687.3,20801.1,19599.8,18924.5,19784.7,17412.9,19742,22312,21484.5,17171.2,19850.9,18121,18381.4,19484.1,22269.5,16968.6,19733.4,18673.2,18249.5,21701.3,20607.2,20805.5,22223.9,18251.2,20949.9,17561.3,19615.4,22721.5,21423.7,17326.8,22337.4,21280.3,22403.4,20323.8,16870.8,22628.4,20756.4,21712.3,20702.5,19036.5,16940.7,21434.3,20331.2,21991.7,15424,18332.7,21105.2,16399.5,19106.8,16823.1,19865.4,16517.4,18798.3,19379.4,18658.7,17396.9,15866.3,16447.3,15826,17598.9,19803.7,16702,21965.8,19225.6,16864.1,22809.6,22518.1,21802.9,19035.1,22445.7,16977.5,17402.3,18853,21291.5,21191,22003.5,17890.4,18437.1,17898.7,18267.6,17221.4,19160.9,20637.5,16008.1,19771.3,19176.7,16956.1,17368.4,21426.2,19862.3,17586.4,18932.7,18974.2,21810.7,21101.3,18207.9,16898,17379,16593.7,16397.5,18194.6,21122.3,19048.4,16921.6,17273,16072.9,19012.4,20001,16231.6,17601.9,21650.8,23233.1,23280.2,17682.6,19230.1,23710.3,20971.4,21753.7,18222.1,23104.7,19357,19669.9,22633.6,19449,18970.2,23654.1,20159,19831.9,18458.4,22544.8,22161.9,23188.8,17463.2,17665.4,17783.7,17576.7,22017.8,19948.9,18006.8,19917.4,23060.1,17479.5,17562.4,19535.3,18662.2,21844.4,18534.1,22205.5,16585.6,19284.3,22681.1,17800.7,17918.6,22565,19202.5,18000.6,17827.7,22829,22221.3,21313.6,18834.2,21117.2,19946.4,20488,21994.1,19988.7,22411.8,18823.6,20641.7,23425,22061.1,18124.5,17700,20975.9,22560.9,21530.2,20367.5,20709.9,22127.1,18371.7,20539.6,20857.2,21334.8,18278.7,17888.1,22698.6,20543.6,17032.5,17131.1,21627.6,20801.7,22573,19097,17659.3,23180.3,19761.8,22279,20657.7,19787.2,17912.8,18979.8,18014.8,22514.7,21467.2,17280.5,21673.3,21451.9,22027.8,16897.7,18186,19572.2,23318.8,18553.2,21844.7,18891.6,19668.6,17917.5,22691.7,17336.6,19683,20168,18511.1,20620.2,16725.4,22340.2,20512,20350.7,21277.6,21383.6,20907.4,20103.2,22053.4,21502.4,21182.2,21459.4,21729.4,18413.9,18565.1,19195.6,21355.9,22237.5,16730.3,16515.8,23010.7,22477.7,21616.3,21308.6,21344.3,22860,19871.7,18339.9,22309.4,19072,21816,23138.5,16896.4,22313.6,22726.8,19323.3,23350.1,19357,18132.7,21012.2,23265.8,23727.8,18325,20874.3,20223,19240.6,18924.6,19434.9,19156.2,19467.2,21253.6,21555.3,19746.6,22904.4,19870.3,20331.5,24867.4,21857.8,22117.2,19176.3,20460.2,22066.6,23324.8,19785.7,22363.2,20722,21673.7,24536.9,19829.2,24456,20151.4,19931.2,20629.7,20657.9,23562.8,21875,22228.3,24455.8,24317.5,20776.3,19565,19844.3,20255.3,18303.2,18821.5,19847.2,23324.4,20073.5,23000.6,22901.7,19796.8,21194.5,23346.7,21673.4,19417.7,25143.3,21570.8,20170.7,20046.6,21526.5,26141.2,28689.9,35346.5
36641,26927.6,26685.7,22854.6,25008,22771.8,24924.6,20914.8,18821.3,22441.2,23508.2,17777.6,20986.5,19008.2,22441.6,19120.8,22901.6,18846,21113.3,19769.5,21209.6,20515.1,19151.6,22119.8,17733.3,19866.8,17668.2,17889,17204.4,17598.8,21251,22937.3,20217.2,21547.5,17234,19618.1,22953.2,17585.6,18996.9,21980.3,19916.6,19594.8,20799.6,20765.6,19447.8,19212.6,21171.3,20165.6,18052.2,17748.5,18405,21888.3,17530.5,16668.3,19690.3,21440.4,19575.1,18981.5,18192.7,20607.1,19688.6,21532.3,21303.5,16765.4,18428.4,19818.3,20181,21373.1,20368.6,18552.9,19091.8,21442.2,22419,19485.8,18774.7,21881.6,20571,20189,19703.4,20484.8,22934,17150.9,17323.3,18243,20763.1,17646.2,21954.9,23143.7,19998.5,18190.5,18419.1,18422.3,17117.9,21007.8,22575,22948.5,21618.1,17058.7,20991.9,18307.3,19173.7,21508.8,15803.7,18926.2,18704.9,18669.3,21032.3,18610.6,21500.1,17795.4,17128.5,19240.7,17086.5,20579.1,21893.3,17848.5,21742.5,19077.1,16735.5,20468.8,19783.6,19108.8,16598.2,20734.9,22669.2,20731.3,21329.2,20728.1,23152.8,21670.5,23338.2,21114.9,17617.8,17346.4,18527.6,20833.2,16805.7,19765.5,22001.4,22018.6,21147.6,16996.8,21676.8,19278.6,20188.4,16818.4,16472.7,19779,18004.5,17628.1,20752,22081.8,20855,22056.6,14666.3,19682.2,20927.1,16951.8,16754.7,19906.7,21678.9,17817,19878.9,20338,20929.3,17369,16778.7,18542.8,17456.3,23141.3,21891.3,23853.7,22539.9,21266.9,21419.4,17834.5,19537.8,18744.1,20671.9,17590.5,19475.1,21510.2,22689.5,18495.8,22473.5,22571,18923.7,18141.5,19765.5,20849,18992.6,22085.5,21370,18656.1,19138.7,17174.3,16784.8,18055.1,18894.8,19757.4,19597.4,20375.3,23089.8,21337.5,17961.5,19472.8,19776.8,17927.4,17106.1,20229.7,23066.3,20895.8,18787.4,23031.4,22806,22161,18371.6,19401.3,22925.9,20446.3,18865,17487.8,18872.2,21771.5,18066.4,19047.3,23476.6,21553.8,20047.4,17570,17080.9,18427.1,21389.4,22539.3,18728.4,19003.3,17655,21339.7,18978.6,22346.8,21031.5,20468.7,17020.8,22451.8,19092.4,20305.8,16825.6,18065.4,20656.6,18619.8,19309,16638.6,19892.5,17484.2,21725.3,17805.7,19102.1,18842.5,22190.2,16553.5,18737.9,21018.7,22432.2,19446.3,16587.9,21488.4,17321.4,16992.9,22114.3,22449.4,18240,22498.8,23079.7,23011.2,16646.1,18856.9,17238,18066.4,18328.2,16638.3,20965.7,20927.5,20760.8,17436,18154.5,19408.2,18482.6,23135.7,22147.4,17333,18914.3,20082.5,17001.9,22113,20290,20854.6,17902.2,16939.8,18506.8,20344.1,16264,17007.7,16828.2,18243.8,16882.6,21305.4,21495.7,21920.1,16272,20655.1,19985.9,18045.4,22583.1,22787.5,19256.7,22832.9,20357.1,17808,17821.9,18250.7,22219.2,23996.3,22182.6,20400.4,23846.3,24759.2,18725.7,24531.2,24230.8,24060.6,19794.5,21855.8,21540.4,20050.5,23973,23364.6,20440,23089.3,21426.3,19332.4,22310.5,23764.9,19438.4,21620.6,22783.5,20442.3,22558.7,25400.3,23819.8,20715.7,22130.1,21442.3,23556.6,20749.3,22950.4,23426.8,21587.4,19507.6,19571.6,21741,19322.4,23555.8,18695.9,21809.7,19205.8,18526.7,21193.2,23871.6,21544.5,20091,19370.2,19489.1,21223.6,22868.8,19448.5,24264.8,24800.3,20597,19748.5,20267,25863,26633.8,32123.4,34029.9
36196.3,26993.4,29139.2,26656.6,21772.4,21279.9,24476.3,21943.8,20838.1,17747.8,21294.4,23096.1,18343.5,21669.6,21008.5,22470.4,23003.5,19032.6,22277,19186.4,21373.1,21376,20215.5,22467.6,21040.1,22287.7,23150.2,22199.5,18348.6,20465,20075.5,17122.5,21481.3,18269.7,23257.6,23074.5,18023.6,20014.6,22310.2,19809.6,20963.9,22516.8,20066.8,16381.6,17841.2,17068.2,21370.6,18037.8,16978.6,18916.3,17415.1,17728.5,19123.1,17561.8,22620,16893.7,19690.1,19475.5,21410.1,20181.7,21123.9,22165.9,20366.1,18400.5,21908.7,19148.1,18342.6,20338,18848.2,16570.6,16491.2,20120.1,23045.7,18669.7,22386.3,16933.5,20889.5,17818.7,22431.5,16867.1,16434.8,19057.3,18713.5,21611.9,17859.4,20026,21350.5,17754.7,22482.3,18467.1,22291.2,20923.6,19002.4,21750.8,22310.1,16916.7,18937.4,16895.6,21609.5,20877,18017.3,21297.5,16120.4,17927.5,18238.3,21833,20549.8,17674.4,21011.5,15807.3,18049.4,19143.3,22204.2,21691.8,21231.2,20538,17561.2,16761.1,22142.7,21671.4,18191.1,19831,20480.5,20643.7,20444.8,22349.1,20270.1,20563.5,21481.1,20759.7,19791.6,16849.6,23488.1,17443.5,21761.8,19999.4,18533.5,20293.5,16288.3,19571.2,18026.8,20505.2,18388,17358.7,19520.3,18746.3,19826.8,19952.3,22235.4,18392.2,22471.3,20716.9,18147,21610.2,20254.3,17100.5,18119,20231.6,22403.9,18095.8,18056.2,18946,22564.2,21165.5,22123,17688.7,19996.5,21994.1,20297.8,22575.5,21028.7,21633.8,19723.1,18006.8,17712.4,20354.9,21923.2,18744.5,18737.5,19012,18025.3,19723.5,18901.6,18687.3,18770.3,18621.2,21765.6,21242.6,21530.5,18638.1,21722.3,21759,18701.4,17828.6,20386.2,20887,17612.6,16755.6,20908.6,18283.8,17406.9,20210.9,19386.7,21426.8,20049.9,22994.3,23021.2,19049.3,19829,18967.4,17909.3,19850.1,19703.3,20275.7,22989.7,18084.8,18891.2,21273.1,19261,19295.9,18705.3,21636.3,18428.8,23012.1,21958.8,22871.8,21148,23834.4,23121.3,22229.7,21799.4,21673.7,18047.6,21751.2,18067.5,17180.9,22124.4,18093,20227.3,16942.5,18937.7,19979.5,22840.4,20501.1,18859.2,19481.9,22034.2,22698.2,20286.7,19141.3,20274.7,21747,18431.7,21709.5,19972.7,18059,19666.4,21780.4,16547.3,19871.5,16533.9,19542.9,20290.8,21735.2,22973.8,22855.5,22570.6,22529.6,18867.5,21527.1,23081.5,20060.7,17920.4,17220.3,20081.6,19120.5,19424.7,21225,16978.3,20193.7,22983.2,21530.6,22058.5,20341.9,17774.6,17718.3,17403.2,19338.7,20710.7,19816.4,19077.4,17366.2,22458.8,20658.1,17450.7,18940.2,22361.9,18243,18307.6,17272.4,20061.2,19457.4,21563.8,19758.7,20441.5,19560.3,22402.1,19865.9,21449.4,22681,20151.6,17665.8,19303.8,20810.8,16835.7,19866.9,22466.4,20769.7,21815.7,20834.6,19508.3,22601.1,20967.6,22719,23758.2,20971.3,21989,24583,19359.5,24452.3,23188.3,19309.4,18159.4,21752.8,21964.4,22791.4,18723.3,18676.5,19990.9,20795.9,21873.3,18614.9,24822.6,20120.5,19782.6,24808,23726.7,20831.6,19910.3,24075.6,23680.2,20474.7,21867.3,22270.8,20059.8,21765.8,21338.3,24722.1,20044.6,23521.6,19730.6,20094.1,19281.1,22873.7,22543.7,24796,24287,19327,23758.8,23004,25520.9,20867.6,22700.5,21184.9,19650,23814.3,21412,20259.6,20361,21359.5,24506.3,29074.8,31146,31963.1
34710.9,30038.4,29484.9,21778.9,21131.1,21180.2,21538,19720.2,23308.3,23106.3,21481.5,21058.6,20112.9,21586.4,22756.7,18003.1,21055.1,23162.3,22846,22136.1,18515.4,19433.5,21259,18575.5,23089.9,19549.8,22460.6,17171.1,21715.8,20243.7,19846.8,23075.8,19709.2,21482.4,19271.5,17422.6,20087.5,22693.2,19849.3,20543.5,20254.8,20447.2,19905.3,16390.4,17290.5,22401.1,22224.5,17536.4,18282.1,20672.6,19858.1,22290.5,16911.9,19755,17289.4,22031.2,19047.5,19920.2,20771.7,16852.6,16621.9,16722.7,19403.6,18899.4,22236.8,18553.8,16992.9,19527.7,16930,16317.7,19528.3,22820.4,19376.2,19981.2,22119.9,22289.1,19445,18442.1,23356.9,21734.4,16943.2,20844.3,21767.3,18510.4,21402.6,18598.2,21272.1,20908.8,21309.6,22318.6,16923.9,22058.5,16931.8,17796.2,18359.1,16485.2,18748,21186.3,16284.5,21749.5,18488.5,17492.2,18697.6,15545.9,16371.9,19916.1,15808.7,18446.3,20597,19868.2,21525.3,19884.7,21546.1,19440.9,17603.7,20334,16498.4,20364.9,18320.2,16687.7,18513.9,18224.7,16572.8,18048.7,19850.9,18964,21819.8,21127.2,18683.6,16913.3,22239.9,20189.3,19458.4,17314.3,20884.3,22831,18872.5,16724,21012.6,21441.6,16642,19525.1,18389.4,20988.9,17212.6,17507.6,18150.3,17650.8,20686.4,17317.8,21303.1,16566.9,19489.1,21631.2,14518,19421.5,20416.9,22240.8,17332.6,18765.9,19176.5,20898.4,20824.5,21461.6,18343.2,16299.9,21085.1,16676.3,19953.9,18328.9,18814.4,20280.9,22038.3,20438.8,20237.3,21755.7,22367.5,20880.4,18446.7,21537.5,20898.7,22107.9,22711.2,23501.4,21369.3,23285.3,17228.8,21040.7,22115.7,20865.3,19438.6,20740,20476.4,21528.7,20740.7,17307.6,18001.9,18110.3,20519.9,19592.1,18263.9,22220.2,21839.5,17742,20944.7,17034.1,18388.2,21286.1,20975.8,21646.5,18459.2,22583,20709.3,19066,21787,23465.3,20166.4,17673.4,17540.3,17921.2,21006.4,22540.5,17613.3,21809.3,22151.8,18259.4,18208.3,20215.6,23395.4,18154.3,17635.3,18890.9,22614.8,23370.4,19178.8,18876.2,19559.3,17201.6,20507.9,17344.4,18499.5,16833.9,21911.1,17773.7,16997.3,18835.7,20741.3,20632.4,21888.6,18605.7,18402.5,17578.7,20995,19444.6,19436.1,20419.7,22500.4,22906.5,19003.2,19968,21712.3,20133.5,20800.3,21639.1,19994.4,20055.4,18644.1,22576,20434.5,17550.6,17997,19604.6,20425.2,22611.4,22520.6,21921.8,20639.2,18880.5,20287,21832.1,21650.8,18066.9,22686.4,22207.6,17028.6,18297.2,21746.8,22928.7,17546.4,20654.5,17026.6,20576.8,19125.3,17276,17108.5,20595.5,19788.3,18358.7,19025.7,22214.7,18366.1,21634.2,18162.4,17945.1,18760.2,17521.3,20327.2,16875,16849.5,20252.5,17919.3,22227.9,22352.7,20839.3,20102.3,21116.5,18253.2,20571.3,19510.9,17763.1,23670.9,24385.8,24132.5,24759.3,21968.4,18405.8,23612.9,22891.1,20770.1,18890.1,24519.3,18968.8,19785.3,18294,23414,20374.8,24177.8,21967.4,23157.5,20472.7,19971.8,19995.9,19324.3,24547.8,24571,19472.8,21901,20447.6,24175,24147,20990.2,24719.9,21999.5,23950.8,19928.6,21938.4,19474.3,22217.1,24028.4,18733.7,18838.6,24609.4,22438.4,21965.5,23267.9,21324.8,19832.9,19921.2,23314.3,26005.3,24172.7,23747.9,20700.1,20802.2,22401,22399,24650.3,21102.2,21625.1,21755.9,27437.6,29359.2,29428.1,37148.1
35303.1,30245.2,28975.8,23331.5,20331.3,18868.1,21352.6,19829.2,21838.5,22754.7,20155.6,23158.3,23856.8,18409.3,18871.2,23420.5,18790.2,21540.3,21906.6,20280.1,21130.4,19916,18667.6,20024.4,23468.5,22427,21494.7,21032,20260.7,21167.1,21613.5,20319.9,20619.9,18823.8,19495.9,20852,18665.9,20115.1,18522.8,21689.5,17251.3,20190.9,22559.9,20138.5,17652.7,16969.8,22180.8,17879.1,16420.7,16642.4,19250.8,21843.8,20641.3,20797.9,17132.1,22398.1,21087.2,16618.8,18287.8,16978.9,21805.4,21917.2,21334.5,19061.8,19755.5,16640.1,20302.3,17728.1,22535.6,21808.2,17751.7,17247.3,17677,22138.6,23286.9,17320.1,18796.7,19597,19577.5,19544.3,19687.9,18230.1,17940.4,18853.6,19105.8,20455.5,21164,23182.9,22682,17843,21509.9,19951,23015.4,19833.7,17675.5,21875.2,18923.2,22315.1,16610.2,21362.3,19185.8,20888.7,19533.7,19619,17418.6,15473.3,17231.2,15562,16368.1,17413,17855.5,21480.7,20518.5,20395.7,15656,15795.9,19808.1,20616.1,21131.7,22117.8,20711.1,22213.4,18842.4,22057,19435.1,19383.8,19223.7,22777.8,23145.5,19941.1,20639.1,22850.6,18421.7,21386,17038.1,16577,20054.8,17919.9,18272.8,19821.4,17052.8,15930.4,20694.8,21193.6,16388.7,22233.9,17615.6,20836.8,20357.6,21707.2,19643.1,21409.1,16603.4,21671.9,17580.2,21102.4,16994.4,17365,20833.3,21683.8,18457.3,20716.8,18448.2,20197.6,16833.4,17831.3,19491.4,20851.1,20222.2,17662.8,18312.8,17798.9,17929.3,21714.5,23580.7,20112.6,23180.4,17706.9,17504.4,20453.4,22582.7,19672.2,20160.1,17248.5,18599.8,21014.2,21309.3,21739.6,18751.4,19777.7,22296.7,21946.8,18866.3,17326.7,22373.9,22647.6,20598.7,20234.4,16736,16622.3,21701.9,18585.5,21025.6,19484.1,19532.2,21693.1,18676.2,20589,18199.1,21168.8,22845,22322.8,22070.9,20100.4,18146.2,17391.6,17804.3,23390,18679.2,23852.9,19035.8,22287.8,18592.9,18304.3,18907.4,21764.4,19622.7,22684.9,23753.2,21902.6,22100.8,21404,21280.6,17785.5,19880.9,18698.8,17724,17384.1,19124.7,20859.3,22276,18916.8,22889.1,19862.8,17434.8,20951.7,17427.9,18737.8,22768.5,17505.4,21551.8,20853.2,19048.6,20038,21168.3,22086.7,23035.7,16796.2,20667.9,21378.5,16692.4,17642.5,19104.6,22423.2,21340.2,16886,16785.1,21124.6,19651.5,23484.9,20878.1,23010.3,20140.1,19311.3,19865,21904.4,18605.7,20025.6,18131.9,20189.8,17025.2,17235.9,19938.9,20887.6,18233.9,16455.3,20959.9,20471.5,22382.2,16516.6,16483.9,16381.4,21413.2,18364.8,18616.4,21303.6,19798.5,21764.7,17263.7,19615.2,21397.8,18084.3,17364.8,22967.5,17966.6,19636.3,21669.7,21073.5,16677.6,21129.6,19817.1,21216.9,19502.4,23103.4,18116.3,22263.7,22555.7,20541.5,22172.1,23722.3,20107.8,18713.9,19020.4,22598.8,24236.9,19663.4,18951.4,20739.6,18031.7,24761.7,22018.8,19901.8,22683,19874.4,24918.5,20670.2,24232.8,20820.4,22243.8,24516,23525.2,24983,20634.1,20548.2,21711.5,20711.6,19520,20060.3,18970.1,24126.8,19085.8,19675,21231,20173.3,23500.7,22425.7,25124.6,25170.3,18818.6,19401.8,24259.5,22909,22267.1,20059.1,18898.4,20158.2,24712.8,25403,24573.9,24525.1,24084.6,23342,24907.8,23103,25087.6,20050.4,25059.2,19314.1,25228.3,23393.7,22503.6,25157.5,30077,34376.3
34173.8,27873.8,27855.5,24208.3,22951.8,19157.7,24773.4,19568.1,22715.7,23250.3,19868.2,23055.4,20959.2,19392,20126.8,21729.1,19538.4,20192,22302,21469.6,22293.6,18954.5,23222.4,22634.9,19361.2,22548.5,21629.3,22978.7,19018.5,19616.5,18691.4,17974.6,21773.1,18664.5,21891.8,17701.6,22140.7,20073.6,20822.4,18216.5,17947.4,20277.1,18312.8,17711.2,20315.4,22437.3,20175.9,16305.5,17151,19297.9,22333.3,21791.4,18868.5,18157.4,16177.6,16995.9,21673.3,19681.6,20339.2,19039.5,22061,20848.6,20304.9,19390.9,19033.5,19000.4,16869.3,19726.4,18300,19588.4,16688.6,19829,20705.1,21491.8,19738.8,21831.3,22098.7,18686,19886.3,17754.6,20409.8,18649.9,22857.8,19241.9,19336.7,21725.1,18409,17264.8,21692,20603.1,20467.4,19240.6,20501.7,17746.6,21738.2,20153.3,22647.7,19341.7,19230,22381.5,19070.1,18062.2,20533,21859.1,16796,16052.9,17032.2,18853.4,18885.1,19481.1,17243.1,18961,19702.1,16752.3,17831.5,21557.4,22232.8,20243,20618.9,19852.9,20147.2,19180,20092.7,18282.7,17204.4,17127.3,19411.6,22290.8,22274.9,22991,19877.8,22777.2,18619,19748.6,21700.3,20817.2,20615.5,21026.5,18323.9,21455.3,21763.5,19714.8,19079.6,21286.9,22076.4,18454.2,16719.4,22295,16466.6,18725,17346.6,16133.6,17836.3,21757.3,16871.6,18009.2,18096.5,20048.9,18440.4,18495.3,16360,18680.2,18361.3,18801.9,19910.2,18780.2,17132.5,19815.6,17300,21260.8,18620.2,17720.6,20254.7,20947.1,17728.6,20515.9,18138.9,19634.4,18790.2,17672.2,22359.8,20760.8,23596.2,18855.6,23246.4,22771.1,22526.1,20264.8,17755.7,19815.1,20624.6,17085.7,20797.5,20945.7,21414.4,21101.3,22363.5,20222.4,19209.8,18675.6,19998.8,20004.7,17585.5,18488.9,19909.9,21769.3,19911.4,18483.1,17784.1,20420.8,19541.7,19251.7,19441.5,22121.9,17605.2,19426.9,21605.6,19864.5,23200.7,21248.5,18818.4,23257.1,19247.7,18692.5,20960.9,23372.8,22096.6,18266.5,23066.5,21830.5,23122.5,17018.5,23181.2,19155.7,23110,17557.8,23126.1,20320.1,17031,19886.3,20511,20317.2,19194.4,18022.2,16807,18933,18503.1,23202.2,20571,22348.1,22294.1,19508,17270.1,18735,18887.1,18921.9,22077.7,18988,20446.5,16372.6,19466,18208.2,17641.3,21581.7,20830.1,22713,17464.6,17684.2,19959.1,19478.2,22066.5,18194.3,22077.4,20431.2,22616.7,20293.3,22565,19114.7,22947.6,22220.3,22200.7,18741.6,17738.8,21479.4,16468.6,18969.4,19939.2,19267.5,18529,17622.2,21315.1,20561.1,16670.3,21151.1,20504.5,16282.1,20736.3,21774.8,17961.5,16900.2,20436.3,19101.7,21243.1,20531.5,22589.5,18846,17092,20060.2,17105.3,20542.9,21402.6,19909.8,20273,23726.6,22441.2,20677.1,23738.4,19535.9,18511.7,19528.9,22353.6,23236.5,19908.8,19192.3,19651.4,19162.3,23900.5,21079.9,19230,21603.6,20778.9,20631.2,24071.4,24000.4,19665.5,21220,23947.9,21900.1,21789.5,23328.6,20207.7,24602.7,19205.8,23960.1,20783.9,19396.5,22771.1,20439.5,23300.5,25127.2,23204.8,20847.8,23889.3,19619.2,22874.2,22432.3,23478,24996.2,19360.4,19956.5,19864,23303.2,19058.1,22783.8,23855.1,19954.3,24504.4,23779.7,22824.3,23785.4,19380.9,23012.9,22757.7,20273.6,22334.6,23242.4,21923.7,23298.7,24335.7,25211.8,27370.4,26460.1,28982.8,37502.5
31708.7,29464.6,27697.7,25224,23770,23077.4,20206.4,19624.8,18794.3,21477.9,23961.9,23810.6,17590.7,22586.7,19290.3,21347.8,23517.8,23302.4,23146.5,22270.4,20727.1,18689.2,19532.5,21988.7,23022.5,18458,20170.7,23510.4,23023.3,21323.1,20932.4,22330,18178.2,20884.9,21202.5,18258.9,16920.5,20016.6,20941.5,20712.3,20547.3,18524.2,18488.8,16907.5,16761.6,18198.7,22629,19351.2,22427.2,22383.8,20454.1,17816.7,17833.8,19284,18178.5,19758,21620.5,16953.1,22131,18088.3,21204.1,20470.5,18668.7,17722.4,18142.7,16684.3,18860.2,18279.6,20408.3,20824.3,22364,21208.3,22470,20326.9,19131,18026.4,19022.3,19839.1,17921.3,22929.7,16796.2,19282.9,17399.8,20700.1,22069.1,16856.1,17924.3,21319.9,22550.8,23421.5,21400.5,17324.4,21509.6,22277.8,18569.4,20453.8,22591,21322,16107.2,17617.8,19543.8,15841.6,17749.3,20545.4,22244.5,20636.4,20824.2,20120.5,17740.3,17538.9,17138.4,17499.2,20492.3,15680.4,18844.2,20125.3,18129.1,20726.7,19179.4,21004.7,17886.1,20010.9,20904.7,22183.5,21628.7,21277.5,17391.9,18001.8,23273.1,20619.2,19640.6,22915.7,19337.3,18908.8,17286,18588.9,18870.1,18871.4,21354.6,20282.5,17694.1,19436.7,18246.4,16845.5,21188,18531.7,22104.3,20350.9,16196.9,19560,21302.3,16943.2,19433.2,19423.2,17183.8,19368.2,18010.2,22681.4,20966.7,17483.6,19951.2,17271.7,18674.6,20660,17356.7,18057.1,17269.5,17922.4,20577.5,23226.7,19373.2,20577.1,18139.1,20353.5,19929,18679.4,18103.3,21460.9,19627.3,20206.8,18242.7,19726.6,23277.2,23407,23070.3,17034.6,17501.8,19218.3,17501.9,20730.7,20862,21968.8,22097,17151.9,16943.5,17633.3,22197.6,20221.1,20334.4,22071.3,18631.8,23325.6,21490.7,17189.7,17251.7,21116,20668.6,19469.8,23219.6,21570.3,18020.1,19290.9,20685.3,17836.7,21261.1,19163.2,19926.7,19226.6,19136.5,20966.8,19782.7,18386,21348,19578.7,21178.8,19608.5,20112.6,19288.7,18675.6,23201.4,17271.7,22018.1,18675.3,20638.1,22729.8,21466.9,5868.8,23791,23031.8,18870.5,19192.6,22015.5,20602.4,18961.4,18880.3,22644.7,17162.3,22582.1,22321.8,18224.3,22051.1,17798,16891.6,19280.8,18598.7,22090.2,19319.5,21721.8,20944.1,21033.3,16682.7,17097.2,18478.7,21766.1,20874,17493.4,19959.8,21303.3,21807.8,19601.2,17604.7,19388.3,22908.5,19681.7,23042.2,17429.1,17785.9,17147,19548.5,18507.2,21994.3,17573.6,17213.2,17186.2,18716.9,20822.1,22027.4,19579.5,19646.2,17976.2,22219.8,23098.6,18664.6,18643.7,18480.2,22057.3,17536.3,20771.6,19072.2,21754.5,19944.7,20022.1,21545.4,17218.8,17015.2,20883.2,21465.1,21653.7,22457.5,21354.1,18414.1,16959.1,22969.3,18065.3,21243,19865,23271.7,22371.3,20504.9,21081,20513.9,18616.3,18719.8,21346.4,20849.3,24355.2,21991.4,19625,24467.6,24539.2,24452,21881.8,24350.3,20949.4,19199.1,23189.4,22145,20668,24089.3,18806.1,19957.1,18828.2,20250.2,22970.7,22531.8,24043.6,22687.5,21720.3,22918.4,19160.6,21719.9,20964.2,21460,21099.2,21878,25022.1,24410.8,24983,20775,19240.2,22004.2,24205.4,19190.3,21171.8,22776.1,23459.5,24238.7,23015.6,19016.1,21127.6,25181.6,24365.9,19444.7,21213.3,21686.8,20721.5,23355.4,24135,25103.6,23094.4,24894.8,24853.2,31893.3,36580.9
33036.2,30954.9,26634,21973.2,24290.6,23971.7,22388.5,19369.4,18956.5,20168.7,19928.9,19027.3,22522.5,18909.2,22230.5,20972.9,23957,20269.5,22080.6,18149.7,20605.8,17839.7,22188.5,22384.4,18149.8,20484.4,22734.8,20664.9,17496.6,18696.8,20846.7,23010.5,22166.1,23391.8,22932,21583.4,19740.9,20828.8,19555.2,17686.4,18691.1,19158.1,21830.4,18526.9,19157.1,22625.1,22232.7,20279.6,18934.8,18468.4,20784.3,16424.6,16985,17684.3,20091.9,18260.2,21883.4,17502,22224,16545,17967.1,19889,20257.2,21199.3,17224.4,18061.1,18955.8,22341,21777,18175.2,20491.9,21329.8,21994.6,21222.9,20882.1,18517.3,18846,17692.7,20126.6,16980,19328.7,18295.9,17888.1,17609.9,19837.2,20579.8,19190.6,18825,21926.3,18214.4,20630.6,19283.6,21453.7,17643.1,18062.5,18381.7,18418.5,21119.4,22166,15840.4,16138.3,22056.2,20758.3,15482.1,21868,19461.1,18937.5,20817.1,17122.4,20604,17808.2,19662.6,17489.2,16111.9,16782.8,21876.5,21793.9,18062.2,20321.6,18099.1,17033.4,16775.7,19895.6,18907.4,20095.2,21153,21219.5,20743.6,21235.6,17459.7,22041.1,20583.1,23030.7,19033,21595.4,18385.7,22566.7,19766,17277.9,20786.7,16653.6,19563.6,15909.8,20346.1,16728,18049,19135.5,18599,21778,19361.1,22460.5,20606.3,21108.1,19592.7,18443.8,20780.5,20705.5,17190.9,16917,20115.1,16377.8,16686.4,20243.6,17346.1,18668.4,21126.6,19923.3,16571.4,16935.8,23216.2,19290.7,22428.4,19553.8,18729.6,18269.5,22261.3,22326.8,18548,20751.4,20749.8,23218.8,18525.1,18404.8,23221.2,23015.8,17382.8,16861.5,20180.4,20800.2,21068.1,23139.9,17978.1,18808.3,19787.2,23039.6,17215.3,22962.2,17426.8,19345.6,18646.6,20834.8,18552.6,19386,17136.7,17438.6,18506.7,16634.3,16577.9,20764.2,20042.1,20328.4,19503.2,20802.7,17179.9,21010.8,19880,19358.1,18253.4,22833.4,23015.3,18827.5,17428.4,21805.8,18786,21007.9,19882.9,17399.6,20439.8,18303.1,22896.6,20908,22707.3,20658.3,18000.4,19036.1,22468.6,20611.6,18964.9,22087.3,18539.4,18535.2,17348.2,17567,17307.2,22388.6,19423.5,21036.6,21397.4,19120.6,21919.5,21898.6,18187.9,21000.4,17879.9,19333.3,16787.5,17885.5,19223.3,17808.7,17614.2,20794.5,17520.6,16915,23011.3,18986.7,18698.2,19556.5,19012.1,18110.6,21901.6,21426,18718,20928.6,20222.1,16944.3,21498.6,16808.1,21232.2,19130.4,22527.9,21630.7,19183.1,20905.1,18299.4,17414.2,19018.5,22409.5,19826.3,19481.4,18699.4,20901.7,18241.6,21125.7,18456.3,16455.5,19604.5,18277.1,17881.8,21981.2,19957.2,16714.8,18946.8,19469.1,18803.9,21616.4,16155.1,21025.8,18524.6,22683,19370,21816.4,21768.2,20226.8,21370.6,17150.5,18467.2,18556.8,20029.2,18875.8,21333.1,21845.3,24151.3,23097.1,23028.4,24263.9,21848.3,20611.3,22093.3,21651.7,23750.8,23582,21314.6,22699.9,20306.7,24941.9,20983.8,23105.7,25291.1,23929.2,21158.9,19417.8,22698.4,21116.3,25561.9,22008.9,21633.7,24579.3,22473.1,20487,20104.5,24028.5,24045.9,20528.1,25201.5,25299.7,21869.9,24514.9,20985.2,21914.7,20491.2,18353.8,23575,23741.7,20860.9,18703.9,21738,23739.6,24583,20319.8,24775.8,25941.1,21087.8,19881.8,23444,25257.8,21325.4,23935.8,20619,24563.2,25362.7,25672.4,26334.3,29186.8,34983.2
33224.2,27871.9,27181.9,25253.7,24021.5,22012.6,24459.3,20651.5,21678.7,17648.3,18922.9,21166.2,23240,23806.9,18568.8,23261.3,18868.7,21752.5,19333.9,20589.3,20333.6,17918.4,21057.5,22287.1,18724.8,17899.9,18375.2,17292.9,20672.3,17265.6,22428.6,21961.3,22878.6,17406.2,18209.1,18071.9,22356,20481.7,20500.1,21838.9,16734.8,20496.4,19747.9,20810.1,21246.2,18575,17693.9,17745.4,17633.9,21990.6,21485,18771.2,18740.6,18305.3,22458.7,18667.2,17788.3,16351.6,18351.8,16389.9,20564.9,21862.8,19900.8,16324.6,20658.2,18219.4,20507.8,22123.7,18511.4,20985.1,16757.7,22798.5,18535.2,17990.4,22367.9,23114.4,20811.5,18438.9,19401.9,20290,17381,17787.8,23235.5,20896.9,21446.2,18944.9,20677.8,17293.2,21453.6,17022.6,22874.9,22416.1,19445.6,19021.3,20544.7,22364.9,20293.6,18792.7,17603.6,17049.5,18352.1,22157.9,16479.4,21494.6,22016.3,15693,20929.3,19309,20181.9,16167.6,21073.9,16983.4,21973.1,19377.7,18888.8,20974.5,17796.8,19075.1,21098.8,22809.1,17211.6,22517.7,17594.3,18118.4,22425.2,17188.4,17445.5,22690.3,21113.5,20541.9,21268.8,18748.2,21307.6,18152.2,16815.5,17573.1,19322.3,18714.4,20693.1,20945.2,18418.7,15990.7,21826.5,16405.3,21532.1,18223.7,19738.9,22031.5,17246.3,21428,20354,19596.5,21129.9,20779.4,15927.4,21517.3,17139.8,18992.9,17984.9,18042,16490.7,19188.4,21472.1,19787.3,19933.9,19294.8,17000.9,17230.6,19303.5,21724.4,19787.1,23149.8,22884.5,23593,20523.9,20383.1,17900.1,22223.7,23699.1,18135.6,17869.5,23581.4,21593.8,18113.2,20097.2,22568.6,17170.7,19891.5,21232.5,22153.9,21562.7,17112,19067,19173.4,17859.1,22111.3,17570.1,19317.4,17918.8,23225.1,19794.7,17332.1,20062,20444.7,20540.4,22458.5,17762.3,21461.9,20206.4,16915.5,18802.2,17358.5,19610.4,21831,18476.5,20697.8,19718.8,19631.9,18861.9,22660.3,18708.1,19509.4,20005.5,18504.3,17717.1,19705.9,23545.1,19916.3,18375.7,21552.9,22105,18130.8,23358,23465.1,23478.1,18863.5,21067.9,19367.8,22843.7,21183.4,19308.2,17084.6,17082.9,21331.7,22426.3,20207.7,18058.6,22918.3,18759.1,17301.6,17099.6,21655.6,22146.9,17802.4,20813.3,22668.4,17151,20277.7,18483.4,22091.1,19626.5,20363.2,22588.6,21779.8,20597.9,21661.9,19457.9,17514.2,18733.1,21858,20308.2,17275,22265.3,23460.9,18541,17793.6,21401.4,20482.7,19796.5,22947.4,23161.7,18591.7,17257.1,19611.3,18576.4,22597.8,21983.2,17663.6,18454.1,22110.1,16655.8,17162.3,16498.6,21068.9,20545.8,21173.5,18727.8,20453.7,16465.6,16830.5,16108.8,21923.3,18096.4,21546.3,22745.8,21941.3,18993.1,18452.2,16547.6,18033.1,18960.6,19363.2,19159.6,17455.9,22619.8,23820.1,19981.2,18612.9,22699.7,23820.3,22523.8,18058.8,18966.9,20663.9,24369,21450.5,23123.4,22812.9,23004.3,21005.2,23093.7,21641.3,23146.3,23193.7,19483.4,20824.9,20675.1,22886.8,21150.9,21976.8,19668.9,20187.2,24207.8,24571.3,22405.5,23615.1,25397.5,22533.9,25088.8,21945.2,20365.1,18983.1,24895.1,18846,21890.2,22936.3,19599.2,19663.5,22519.3,20984.7,22136.9,24240.8,23886.6,22711.3,24182.5,20520.2,18765,24323.8,20703.8,20299,26075.6,23597.2,20084.3,23284.1,20476.7,22369.1,23983.8,19608.5,19575.9,25349.6,26933.8,23529.4,29358.8,36106.5
35890.1,26828,28948,27102.5,26421.4,19352.9,24443.1,21234.4,21799,21464.4,20543.9,22271.2,23698.5,17674.6,22590,19766.9,20394.1,17575.2,24056.3,23340.1,19189.5,21308.6,22950.4,23291.3,22615.5,20556.2,23423.4,18626.2,23186,22081.4,22653.7,20140.2,20239.7,19408.1,19323.3,17201.8,17667.9,18618.4,18527.3,17831.2,22430.9,22150.5,17674.3,22086,20166,21244.5,18176.9,17420.1,22207.4,18672.9,20205,20566.1,20900.2,17154,18562.4,20175.3,22274.6,19884.1,15823.1,17321.1,19501.7,20315.1,19751.9,16442.2,19920.8,21566.8,15903.6,17448.9,18479.8,20923.3,22877.1,19551.8,19621.2,16635.9,22132.8,19684.5,21035.1,20391.7,17354.3,18002.4,16840.5,20402.2,21305,20076.7,21783.4,18870.1,21532.3,21863.1,20081.6,22309.8,19148,19787.5,20653.4,21594.7,19199.2,16907.2,23120.7,22324.2,22602.4,19546.2,18906.7,21142.7,21618.3,22255.5,21238.4,19037.8,17409.4,20848.3,21939.3,16729.2,16111.6,15492.5,16126.4,19917.1,16879.7,16848.3,19985.7,19005.2,20399.8,17978.2,18732,22751.9,17667.6,21134.6,17980.9,21620.4,20677.8,21841.5,22782.6,20729.6,17833.2,18220,21681.8,17383.9,19142.3,17629.8,21804.4,21193.9,19496.9,19079.8,18897.8,17126.6,19354,16793.2,18759,19927.5,18471,19739.1,17321.8,18609.8,19613.8,17632.7,21284.9,18043.3,15609.5,18360.8,22439.1,16763.8,20458.8,18136.9,20573,19736.3,22563.1,19048.5,22773.2,18442.2,17087.3,21072.4,22686.8,21599.2,20686.4,19741.3,22491.5,23406,19669.8,20213.7,23764.2,23912.5,22094.6,19611.2,23955.3,22677,17476.3,20288.4,22322.3,17235.6,20015.4,19675.2,22989.1,21985.4,20245.4,18506.7,22817.9,20445.5,17636.7,20589.2,19752.2,20989.5,17266.5,18670.9,22316.8,22418,21409,22262.2,22361.9,19365.6,16554.8,17735.4,21090.4,18255.2,19669.6,18384.7,22089.7,18427.9,20223,21847.3,20869.7,18551.1,19402.1,20213.6,19478.3,19718.5,21126.4,19540.8,20398.1,19641.6,23398.7,21737.5,19622.6,20487.3,20208.9,19426.4,20362.4,21468.2,23213.4,20515.6,17040.2,23199.7,18563.8,17973.2,18249.1,20860.3,19704.9,17981.1,23067.9,20493,19960.6,22061.5,18772.7,23551.7,19571.9,21020.9,17702,20669.8,18252.2,21088,22522.5,22734.9,21568.2,19949,19844.3,21296.4,18778.3,23134.3,18916,23131,23350.5,19234.9,18977,19426.2,22382,22337.2,18451.1,18418.8,18655.8,20365.2,16961.9,21094.3,22703.2,20049.5,22356.3,18123.1,17167.2,19562.3,21379,20729.2,17437.5,21873.5,17178.1,17238.9,21810.3,19123.7,22533.2,20733.3,17516.8,21367.3,16579.1,16381.8,16306.4,20585.1,20333.6,18716.1,18276.8,21149.1,18129,16623.1,19831.6,21066.2,21461.5,17468.9,21104.2,22955.6,22776.9,19675.8,20746.9,21796.9,21582.5,20424.8,20583,21499.6,17816.8,22951.9,20050.9,20505.7,21774.9,19527.7,24547.8,22879.7,23994.3,19755.6,18758.5,23162.6,23831.1,24471.8,20173,21967.1,19126,23931.7,25157.3,19536.6,20703.2,22942.6,19225.3,19662.1,22388,23136,19845.4,19582,24948.1,19344.6,20398,23228.1,23986.7,21580.7,23244.8,25223.7,20950.1,23809.9,23340.3,21860.3,20761.1,19341.6,19278.8,23296.6,24268.4,22435.4,22616.8,24726.6,26225.4,25550.9,25550.3,25367.4,21097,25822,25877.7,20775,21340.9,23250.9,22440.2,23037.9,24203.5,27309.2,27223.4,35766
33586.4,28617.9,24972.6,23636.4,21085.3,25496.2,21835.3,20861.7,23759.5,23755.7,22576.9,20681,18015.7,20524,23403.4,24016.1,18866.2,19896.6,23959.4,23685.7,21986.9,21287.7,22147.4,22845,21127.5,19599,19848.7,20114.9,20663.9,18744.2,22113.7,22266.4,22226.9,20614.8,21568.7,17980.6,22327,19622,21271.1,22803.7,20196,22660.6,16602.6,18538.3,22081.5,17726.1,17732.4,17026.7,18030.7,20905.2,19310.3,18455.6,17452.3,18265.3,17378,19147.5,19953.9,18851.9,19506.4,17104.6,19208.8,20596.9,18209.9,19747.6,19955.4,17397.8,16025.4,17708.2,20097.2,21346,18539.7,20532.8,16707.7,23050.7,18641.9,18923.9,23147.3,19344.7,20574.9,21917.4,19685.6,18616.9,17568,20666.7,20075.3,20068.1,16952.7,23255.7,20374.4,18626.9,22905.3,17365.7,17851.5,22245.2,18888.5,19158.4,21627,21006.1,18309.4,22613.6,16366,18555.7,22061.5,18659.7,21037.1,18179.4,19353.3,17462.5,18890.6,19978.4,21543.8,21390.4,16454.3,21806.7,16181.1,22262.1,17291.8,21669.9,19645.6,19151.9,19639.9,19818.5,20477.1,18422.9,22321.4,18528.2,16622.2,19245,20743.3,17555.9,19385,21164.6,20413.2,20095.1,17411,22661.8,16672.9,19077.9,16566.1,21085.1,17814.7,21677.1,16793.1,16833,19108.3,21740.7,21206,19255.7,20381.8,16320.5,20442.4,19763.7,22463.3,19256.4,18908,18248,16722.8,20639.5,21046.1,22699.8,22038.7,20266.7,17458.3,22145.8,22213.9,22345.6,18012.5,22806.2,18706.3,23565,22309.8,17498.8,22476.6,17803,18713.9,18072.5,21261.1,19386.8,23906.8,24051.3,23860.5,23824.9,19581,21783.9,18454.2,17158.7,22748.4,19748.1,23295.2,21982.8,22728.6,19532.7,18743.8,20943.1,19503.3,17945,21245.1,21023.4,19186.2,22131.5,20968.1,20699.7,22952.2,21326.3,22967.8,20569.7,17720.6,22425.7,19516.9,22867.7,21025,20418.8,20071.5,22600.6,18810.7,21820.8,22407.3,21653.5,18509.6,21114.7,22084.3,21614.2,17891.3,20450.4,22901.9,22123.7,22274.7,23701.4,20642,22583.6,23098.4,20253.1,18591.3,20894.7,17021,19825.4,20754.6,21624.6,17217.9,17522.3,20918.2,20826.4,18189.2,19021.8,21819.5,20810,17237.5,23145,22052.1,22214,17051.4,19833.8,23403.9,19591.7,19817.5,18834.6,18756.4,22367.7,20833.9,21610.7,19815.7,16956.3,19943.2,17119.3,23001.4,16984.4,16866.2,23822.3,21089.1,23269.9,19075,18834.9,20543.9,21072.9,23039.5,17736.1,20977.8,17487.8,18612.2,20325.9,21253.9,18345.7,18343.5,17620.8,20266.8,19334,21031.1,21026.1,18479.9,20054.7,16813.4,21380.2,17832.3,17544.1,19970.2,17026.6,18155.6,21971.9,18393.3,22743.3,17046.3,19766.4,21361.2,19889.1,19914.6,22629.3,21118.2,19537,21463.4,19873.3,17784.2,20895.9,21536,23242.1,22899.7,20493.9,22623.7,19817.5,18056.2,20226.1,20585.3,17887.2,20229.4,22693.3,20532.7,21021,21423.3,23505.2,18544.7,19013,22632.4,18517.1,21842.5,22671.9,23662.9,21360.5,20273.3,20086.1,20759.6,21217.5,22738.7,20843.7,19369.2,20564,19061.4,24216,20748.3,23624.4,18993.1,19621.3,23508.5,23497.1,22832.5,21773.8,21295.2,23024.7,21851,21449.2,21694.4,22323.8,21414.3,18417.7,21394,23764.3,23040.2,24762.8,21011.9,24630.8,25548.6,21952.2,25176.6,22985.9,21387.5,19556.4,25587.5,22804.6,25373.5,21787.4,21708.6,26091.9,26399,27387.5,26906.8,34518.3
32031.2,29710.7,29085.6,26574.9,21102,25489.1,20286.6,21540.7,20024.3,18052.2,20875.7,20028.1,20153.8,22207.2,21463,19974.7,23922.8,18413.6,22468.5,20110.2,22169,19339.9,21579.6,19828.7,22198.1,19940.9,17932,21034.2,21762.6,17879.5,21122.2,21359,21948.4,20034.1,20126.5,21887.9,22659.8,20165.8,16963.2,19778.6,20226.4,20896.8,16961.7,21142.6,16603,18376,19260.4,21976,21971.8,22226.4,20245.9,18702.5,16344.7,18463.5,22413.3,16848.7,21636,21586.2,19821.8,17197,17745.4,20735.7,17947.5,18051.6,19546.3,16804.5,16373.9,16435.7,18682.8,17436.8,22175.5,20759.7,19482.3,18511.7,19337.7,20895.9,22897.7,20196.7,20846.7,19253.7,19337.3,23074.3,18615.4,19819.1,20811.8,20659.6,20825,23176.8,22081.4,20674.7,18286.2,21995.6,18986.6,23302,17821,17262.5,22685.3,16590.4,21193.5,21413.1,16749.1,17366.1,20832,20023,16443.5,18400,18805.8,19467.8,20322.3,16492.6,18869.4,16981.2,21112.8,20573,19312.7,21553.7,17357.5,20862.3,20897,21209.6,19507,18109.3,21198.9,22676.9,21378.4,16583.7,20510.9,21009.8,20168.1,17404.1,22008.2,20566.3,18208.4,23240.8,21738.4,16704,18969.3,19564.6,16924.9,20744.9,18760.8,18807.4,16024.9,18709.7,17541.7,16161,20334.6,19997.6,16271,20392.3,20873,17752.4,18246.2,17269.8,15270.4,18979.4,22422.8,22309.2,17969.9,22199.6,16696,20973,22172.4,19972.9,21886.8,22462.3,16790.1,18658.6,21963.3,20274.4,20628.2,17698.2,19602.9,20405.9,23763.9,23845.9,18793.5,20568.6,17926.2,18867.4,22146.2,22888.3,23102.7,23033.5,19281.5,22532.6,17148.8,19621.8,21602.3,18043.9,21328.4,17990.8,22619.5,23666.1,20144.6,22484.8,19572,18282.4,22175.2,19390.9,20516.5,23272.2,20071.9,19696.2,18517.3,19323.1,19969.4,19251.1,17137,19827.3,18378.1,19962,17214.2,22965,22023.7,22298.5,20911.6,22814,22499.1,21125.6,20561.3,21057.8,22773.8,18200.4,22390.2,19468.9,22363.2,22352.5,21484,21964.1,21245.2,18844.7,22221.7,19764.7,18678.6,19437.7,19110.8,22864.5,17481.5,21643.5,22434.7,19532.8,19142.5,20749.3,19195.2,21115.8,23160.9,20886.2,19637.5,19286.2,22770,17261.5,23378.1,19517.2,20670.1,19402.4,20056.3,22019.2,20303.9,20528.3,20036.5,17758.9,18710.8,20978,18886.9,23257.3,22990.1,23835.6,21493.1,20636,18828.1,18506.3,18217.4,18137.2,18808.5,16749.7,21290.7,21943.8,22027.8,22089.2,21771.7,19548.7,22059,18173,21135.7,17111.5,22714.1,19151.7,18588.6,22200.3,22329.6,18215.5,20112.8,18548.2,16561.7,18853.8,21161.5,18896.5,21260,21739.5,18780.1,21826.5,19695.7,19853.4,16805.1,18283.2,20285.7,16579.6,20230.9,19717.8,21919.3,22108.4,17566.4,22352.1,20310.8,22638.3,20399.3,19393.8,20811.4,23963,23299.1,21281.2,21155.3,24127.5,18164.2,19178.3,21951.5,22418.1,19898.9,19395,23850.4,21500.3,22673.9,20452.2,24581.6,21689.2,22494.8,24103.9,25184.1,22978.9,19717.9,23963.1,19574.2,21174.2,20042.4,24918.5,22077.5,22551.6,25041,24499.2,22355.5,19325.4,19276.2,22843.8,24060.3,19080.5,23247.5,20130.4,18343.9,20513.8,20006.9,22438,23334.3,21071.3,22219.2,21530.5,23017.2,24731.2,26011.9,20494.8,21715,19606.8,21763.4,19634.3,24538.2,21520.7,25878.4,25871.1,23034.5,24585.2,26494.8,29787.3,30879.4,36383.8
32038.2,30623.8,24639,23295.6,22852.1,24984,23657.2,19584.1,18855.6,22829.8,23839.2,18741.4,23849.6,21880.5,18116.4,23494.2,18664.1,19170,23970,19185.6,23199.8,19043.1,18339.9,18805.5,18783.5,17347.5,17918.4,19885.5,20552.1,17044.3,17366.5,20450.4,17211.6,21117.5,19003.6,20029.5,21344.6,18629.9,16867.1,22444.2,21374.9,19082.2,18642.1,16470.5,18882.8,20861,21540,21914.9,18627.9,17214,19035.9,17850.8,20403.9,16528.8,21932.1,18178.5,17739.6,18026.8,15813.7,15952.5,16065.1,21152.9,17193.9,18872.7,18207.9,18544.6,17608.8,21403.1,18250.8,22132.9,17106.6,17371,18312.5,19965.7,17390.8,18226,20854,20458.3,18685.7,21629.9,19282.8,20412.3,18510.6,18430.3,17980.2,17379,22169.1,20548.6,20900.3,22632.1,18850.2,21764.4,23270.6,22258.6,23114.5,18422.7,22781.1,18228.4,22434.3,18237.5,22267.2,18114,16724.6,21786.2,19336.4,17518.5,18465.2,19863.6,18752.6,21204.9,16503.3,18970.1,18068.1,16170.6,21236.5,15870.6,19456.8,20118.2,17413.6,21785.6,17366.8,22525.3,19440.2,18213.5,17629.4,19822.2,23192.1,21403.4,17323.1,20191.3,21757.4,19739.9,17988.6,18221.5,22786.7,16405.7,17852.4,16711.9,21354.3,19422.1,19746.9,19801.6,21729.1,16533.3,15998.1,16475.8,21746.5,18023.4,21047.1,18816.8,17210.8,16698.2,19722.2,20372.1,19481,18704.4,18106.1,19023.3,18414.9,17267.5,19002.5,21315.2,16236.2,18275.8,18608.1,18280.4,22581.4,16833.6,21508,18640.2,22145.6,23028.9,22605.1,17599.9,20930.4,24104.4,19456,22080.9,18914.3,22398.9,20055.4,21587.6,17970.3,24055.8,23008.8,20773.2,18122.9,19456.4,22295.1,23083.4,19970.7,20794.4,19191.5,21896.2,18033.6,18810.9,19604.9,18557.2,17145.7,18328.2,21054.5,21902.2,20563.2,23204.7,18848.6,22960.3,16780.2,18711.1,19193.3,19368.3,17568.7,21727,23241.8,19872.4,18222.6,17341.2,22908,20366.4,20730.7,23648.1,17886.3,18418.4,17787.5,19095.7,18875.1,17355.1,17226,18343.4,20905.1,23823,19854.8,19756.8,20982.8,22844.2,21485.2,17507.8,19784.6,18433.7,20465.3,17430.9,19435.3,18223.6,19607.6,18016.5,20239,20100.2,18516.5,18334.9,16942,17107,22086.4,20706.4,21524.2,23048.9,20793,22054.4,21888.5,20136.6,20530,19270.8,18037.9,22165.4,18559.7,19102.4,19848,17642.8,19601.1,18418.1,18295.1,19259.1,19661.3,21688.6,18329.2,19641.5,18178.3,21261.9,23089.2,17372,19963.7,22352.6,22683,22844.9,19336.5,21812.4,19744.8,18928.3,23086,21873.6,22296.6,17039.6,16600.1,18450,17786.9,22703.1,18341.9,21960.3,18135.5,21985.7,21280.5,22202.3,22040.5,18861.5,17025.3,18540.1,16464,20466.3,19504.1,19806.7,21179.5,21582.7,20301.4,23442.3,17553.7,23643.4,17460.1,20388.2,21647.2,19243.2,18641.6,18437,19572.7,23706.3,19597.7,18988.2,23666,24585.7,21496.7,20839.3,18956,20710.9,24445.8,19772.9,23972.7,20261.2,25022.8,23859.1,20198.1,24046.2,20334.3,19985.6,22401,20654.2,21387.6,20963.7,19084.1,25394.7,23512.7,23998.9,20225.7,25450.8,20453.8,23762.6,23886.3,22430.2,19668.1,18983.6,23747.5,22889.7,20577,24872.5,21419.7,19859.5,19681,23128.2,19852.1,22649.3,22166.1,20535.5,25191.5,22298.3,20075.3,20500.3,21183.5,24208.1,21459.2,21971.6,22946.3,25651,20946.8,24581.7,26587.8,25089.7,29788.8,37339.8
32370.1,30664.2,29021.1,23200.2,21740.6,20991.4,19576.7,19514.1,21688.4,19549.3,22456.5,18802.2,21549.4,18766.3,23565.8,22905.6,18823.2,19354.3,18246.2,19335.6,22874.3,21849.6,21549.2,18206.1,17628.6,23045.2,17651.3,22462.6,21651.1,20622,21691.4,20483.2,17623,21571.7,19776.6,19651.4,22590.1,17757.3,17243.5,21262.1,21144.6,19536.3,22702.6,17991.3,21854.4,18210.3,20647,19117.1,20245.5,18664.8,19420.2,17125.5,18289.5,20437.9,22530.9,18200.1,20916,16444.9,20979.5,19859.8,17088.3,21036.9,19477.9,19888.3,16714.6,18557.6,17594.4,17018.7,21989.7,19880.6,17959.1,16996.7,21827.7,17843.9,18352.4,20060.3,17285.7,22281.9,21201.9,17318.8,23166.3,23054.9,19413.5,17432.1,17346.3,19357.8,23416,22435.1,6738.85,23251.7,22796.4,22418,22711.2,20596.9,17703.7,19474.8,22381.1,17774.6,17412.6,20276.7,21872.6,18028.2,16611.9,21852.3,17957.7,17798.7,17509.1,17971.7,16990.2,19120.7,19211.7,18621.6,21051.3,17807.9,19133.5,22063.8,18990.3,17651.1,22370.3,18723.8,17281.9,18028.3,19347.3,22165.6,17709.3,18828.9,21545,17822.8,18159,18083.9,21366.3,19459,21032.1,16952.8,17362.8,21364.4,20999,21422.2,15789.7,20945.4,19624.8,16174.9,19020.8,19624.8,16598.3,17292.7,22349.6,20625.2,22289.9,17158.5,16771.7,21067.8,22506.7,20233.3,18014.3,16976,19527,20422.7,20410.7,20238.9,21049.3,21875.7,18660.9,16466.8,19100,21874.7,18197.4,21417.9,23430.5,19162.8,22199.9,22169,23087.8,18001.1,21307.9,21266.4,20333.6,18912.9,19323.9,23847.3,18115.2,22714.9,20842.6,20105.6,21826.1,21609.5,17159.5,21497.9,20627.6,19907.5,22419.7,22360.4,17762.3,22814.2,20500.7,22090.4,17206.7,18930.8,17540,17153.5,18931.1,20946,20083.3,19683.5,20051.7,18944.7,22651.2,22006.2,19101.6,20972.4,17377.9,17256.7,17523.3,17951.9,21476.7,18955,23271.8,17479.2,21652.1,20260.3,18376.7,17171.1,21249.3,20224.3,21529.7,21869.3,21329,23656.8,17558.1,17638.1,20960.2,19894.8,19410.9,21609.3,17459.9,19391.5,18642.3,21418.3,22481.9,20846.7,21918.5,21742.3,16901.3,21948.3,23277.9,17392.7,20506.4,21401.6,17885.5,22577,16892.4,21026.1,22567.5,22720.8,17395.3,23237.5,20869.4,19055.2,19048.2,17202.8,19429.5,18317.2,18062.2,18234.4,17850.8,17834.7,20946.9,21815.2,17678.9,22949.4,20254.8,20106.5,19523.9,19246.6,19826.7,19630.6,22602,21286.5,19411,21346.8,16930.5,21171.3,22811.1,21816,20799.8,20008.4,16587.8,16833.3,19837.4,21800.6,20729,19102.7,19492.9,16565.3,16523.3,20014.2,19401.7,20313.1,20775.1,20628.6,17265.4,20678.7,21650.8,17935.6,22354.9,17684.4,21921.3,16497.1,18061.2,21319,17203,23471.3,19242.5,22600.7,18446.1,17811.3,21880.1,24018.3,19379.8,18326.9,23353.4,18804.6,17961.8,20447,23332.4,18464.5,22593.3,22574.3,21214.1,21418.3,22181.4,18791.1,18746.2,21236.9,24597.9,20606.4,23756.5,23301,21559.5,24910.7,24868.6,25097.6,22393.8,23036,19522,22831.2,23732.7,25488.4,24011.5,20697.4,24624.4,23644.5,19256.9,19260.9,22623,23371.4,20362.9,20773.7,20811.1,22565.1,24629.5,18400.6,22214.9,18654.4,18979.5,20096.7,22077.3,22214.3,25295.3,23151.9,21090,19500.8,23044.1,20383.3,20359.3,23733.7,24644.3,22594,23871.4,20373.4,21764.2,28361.5,30259.4,32001.6
32856,32504.2,24120.9,22305.6,19972.5,23440.7,22633.9,23001.2,19312.6,20600.5,18483.6,22933.1,23693.4,20883.9,20211.5,23553.4,18681.5,22796.8,21529.4,20220.6,22511.5,22284.7,18864.6,21592.3,17714.1,21881.4,18561.3,21972.8,18440.1,19888.5,18109.2,20418.8,20553.6,19337.2,22484.2,22058.9,17072.6,19829.5,19072.7,22573.5,18435.6,19474.8,18149.3,17058.7,18729.4,21552.7,17802.8,18269.3,22340,20882.8,17920.1,20042.4,20420.6,22484,19666.2,18933.7,19297.9,16741.2,19991.7,20456.2,20660.9,16276.4,16605.7,22120.2,19799.8,16244.3,21337,17470.5,22184.2,21750.4,21801.8,19922,17677.9,21089.9,18488.2,19265.5,20753.4,17294.7,21160.3,20551.6,22877.7,21597.8,20078.6,17669.8,20000.4,23385.8,19904.2,18951.2,21800.7,18389.8,22849.1,17460.3,19541.1,18790.1,18244.5,19597.8,18009.5,21535.3,17455.3,20523.5,21256.2,18368,18107,16390.3,20738.9,22065.5,15569.6,16157,19077.4,18990.2,16460,19315.9,21597.2,21376.3,17972.2,16527.3,17522.9,19019.2,19862.9,17324.3,17968.4,22066.8,22514.1,22327.5,19279.1,19334.8,18780.3,21780.3,19245.6,20313.5,21854.9,22253.7,23253.5,23477.8,20959.9,19474.1,21137.5,18184.4,21502.2,21749,18941.5,17732.9,17162.1,17695.5,21310.2,16972.3,20247,21175.6,16579.3,19453.1,18777.1,18021,17083.3,19687.7,17790.4,18484.6,17843.9,20840.4,17625.9,17569.9,19966.7,20218.4,20254.2,19491.3,17461.9,19560.5,16411.7,19676.2,19855.7,18149.6,21247.2,19031.7,18613.2,23940.4,22456.6,19488.1,23826.5,19806.9,18111.7,21533.9,18804.3,22731,20930.9,17849.6,20699.4,19120.9,23355.6,19785.5,17990.5,18611.9,22973.2,17242.7,23348.3,17444.4,20587.2,21104.3,20861.2,21549.9,19900.9,22042.4,21229.5,19914.9,19402.8,21736.8,18816.7,17278.1,17858.2,20864.2,17100.1,19780.5,17513.3,18092,22357.2,19063.4,22895,19335.9,19485.2,18922.3,21498.3,22286.2,17833.3,22939.7,19576.2,19048.3,17658.2,22998.6,18401.1,20630.6,23691.2,18078.8,17720.5,19333.3,22413.4,21751.3,20790.3,18883.7,20090.7,20512.2,22942.2,21606.9,21559.1,17659.4,19434.4,21480,18123.4,21213.8,22784.1,21381.4,22637.4,18892.9,20706.9,17429.4,22567.9,19351.4,20904.7,19423,20381.1,20904.8,21146.5,19034.2,19354.6,16549.6,19617.9,22890.3,20666.5,21313.6,17212.1,18940,19819.6,20174.1,17123.5,21702.8,17866.6,19930.5,23035.7,20647.8,17887.9,19214.8,21928.6,20538.1,21084,21275.7,18211.8,18464.3,21804.8,21328.4,20611.7,17834.7,21279.8,22634.4,22914,20254.5,22193,20115.5,21853.8,17747.5,22080.1,17295.1,18489.2,18490.3,22425.6,22987.4,20858.6,19034.6,18138.6,19623.5,19205.6,16473.8,17796.8,21853.6,19438,23448.6,23164,17216.7,22168.6,23550.1,18265.6,18750.9,18374.9,22740.4,20733.5,23044.8,21996.1,20549.6,23266.4,18088.1,19268.3,23460.6,23591.1,18005.1,19873.7,22946.7,21424.2,25171.6,25033.6,21129,19296.6,20137.3,20275.3,24356.3,25076,24216.2,19101.7,22919.7,21089.8,20377.7,23626.6,20710,24985.8,22378.5,21818.3,24204,23437.8,23395.9,19159.6,23920.7,24933.7,20715.2,19943.9,20353.2,19760.6,23062.2,21043.3,19632,23413.7,22144.3,24508.2,20141.6,19732.3,19972.2,19724.1,21220.9,19377.8,24686.2,25797.9,22504.7,21556.4,26274.2,24338.3,22673.9,27045.7,28824.3,31360.9,35979.3
34745.8,28187.8,24718.7,22982.2,20874.4,19267.7,19853.4,23640.9,24251.6,21180.2,22627.1,19931.3,20175.6,22565.9,23697,23638.4,22737.6,19236.6,22040.6,17753.7,18087.3,21321.4,21892.9,23433.5,20443.8,18125.9,17988.2,23135.8,19420.3,18085.2,17871.4,19733.7,20420.7,17937.7,20688.1,18316.9,18087.1,18304.9,21094,19860.7,21504.7,18627.3,16356.6,22348.4,18774.4,18674.4,18863.7,18405.8,20866,20754.9,18115.9,17099,17292.5,21280.6,18074.8,20027,20137.7,17673.4,21760.8,16082.1,19005.3,21940.1,19421.4,17848.6,19698.5,21900.8,17909.5,18254.2,19832.6,18336.7,19675.5,21400,18113.8,18322.8,19365.5,17953.3,18482.3,22028.2,19044,22409.4,21258,20952.2,19343.6,22692.8,19041.1,23221.4,23506.6,18646.3,21705.9,19046.6,21420,17697.4,17332.4,23010.2,19637,21469.2,17711.9,21909.6,18940.7,17758.5,18025.2,16939.5,17978.3,17019,21021.5,20882.7,16267.8,19009.5,20026.6,16817.3,19553.5,19194.3,18445.2,20886.6,17476.1,16786.7,19433.4,21328,18383.2,21556.4,21617.4,22693.5,21061.8,17656.4,21794.7,16813.9,18678.3,18588.8,22357.5,20558.4,21140,20704,21695.9,20570.3,20861,16724.8,21029.8,17284.3,17011.6,21171,17991.5,20240.6,22167.7,18313.5,21667.6,17178.8,20337.7,17831.9,20535.2,21139.8,21314.9,19392.6,17827.9,21601.5,17430.5,21049.1,18402.3,20673.3,17205.7,17636.6,22499.9,21791,20146.4,19943,18626,19779.4,19309.3,21275.5,20351.6,19356.4,20920.5,22383.8,19660.9,20830.1,21875.8,22057.4,23929.8,22992.3,7456.84,19375.9,19208,19040,19799.7,17917.6,22503.2,20166.2,18550.5,21360,17932.4,19317.2,21226,21296.4,21826.9,19957.5,17945.1,18994.5,18681.1,21326.7,20233.2,21872,20612.3,16887.4,23025.3,19160.9,19021.9,22884.5,21480.6,17504.6,16657.7,17854.2,20925.4,22650.9,18505.6,18880.1,22563.4,19285.6,22090.5,20707.6,18431.3,18580.9,18051.1,20101.3,19992.8,23367.7,19904.2,18967.6,18788,22967.9,19597.7,22703.8,23143.7,17969.8,22125.1,19671.7,17816.8,17738.8,17773.2,19034,19826.9,23181.9,17955,22653.6,17717.6,20444.9,17703.7,17430.5,21628.7,21218.6,20539.5,21904.9,21263,22310.6,21575.9,21111.1,22452.9,23186.3,18457.9,20381.8,16738.9,18044.5,19205,19000.1,20339,20861,20857.8,21303.1,18994.1,22633.7,22856.7,19354.8,22966.9,20209.2,23234.5,17047.6,17405.5,20131.2,17155.8,18857.2,18877.5,17575.8,21969.3,20128.7,18005.4,16529.3,16587.5,20999.1,21157.7,20365,22165.7,20655.2,21429.5,17468.7,21655.8,16623.1,21133.6,20727.8,21861.7,16456.7,18387.3,21388.3,22899.7,22382.7,20272.8,16953,22606.1,17937.9,19813.2,23012.9,18309.5,23555.4,19341.5,21437.1,19712.8,21118.4,19320.1,22449,23039.6,21630.7,19028.1,23314.7,23785,20718.1,20869.7,17917.8,19305.6,24438.8,18916.1,23636,24080.2,22442.4,23520.8,23949.1,23540.5,25211.7,22038.1,25500.2,21821.6,22020.7,23269.1,21083.1,23433.7,23626.9,19405.8,22135.4,20689.7,24345.2,21243.3,20930.7,20331.8,20208.7,20743.9,21157.7,18942.8,23236.4,21711.9,23907.6,19312.4,22039.7,22674.7,19052.1,19824.8,19734.5,22637.6,24849.7,22447.9,24508.6,20688.2,19172.2,24141.4,25259.1,25407.5,25645.3,24251.1,21347.4,25251.4,22760.4,22745.9,25025.4,21585.6,23443.6,22388.5,28227.5,29034.5,37807.2
34112.9,31838.2,23930.3,23348.2,24210.1,19440.8,24018,20361,23434.7,21295.1,19634.1,18570.8,18572.9,21158,23298.6,21117.2,18398.3,20149.6,22530.8,23359.8,18529.4,20277.8,21886.3,20795.3,21640.9,18452,22622.4,23536.7,21712.5,18247.8,19226,22092.8,17880,18685.6,17521.5,20614.9,19251.8,17765.8,20170.8,18375.4,21326.1,22681.8,19929.2,17466.4,21510.2,18424.1,19219.9,18751.3,18621.8,16916.3,18579.7,22034.7,21693.6,16092.5,18671.7,16969.8,16060,19948.8,18389.6,21690.3,19141.2,18542.1,17080.1,15835.8,19417.9,20312.7,17573.8,20624.2,19626.9,18022.8,20612.7,19775.8,18052.5,21710.2,21860.4,22783.4,18262,17065.3,18935.9,19534.9,21378.8,18161.4,20935.3,17644.8,19385.9,20465.7,17956.8,19444.7,20437.8,17388.3,18808.9,19292,20475.1,17657,17263.6,21441.6,18517.5,21343.1,22130.9,21300.1,20372,18569.6,21682.6,16318.8,16517,20326,21292.6,20819.2,18333.6,17390.9,17089.4,17172.6,16569.1,19116.6,17645.3,21758.2,16147,21155.8,17534.3,18978.3,16910.7,17464.4,17003.6,20881.4,17909.3,17488.9,19873.2,16592.6,22188.9,19591.3,23365.7,17837.3,16748.9,17928.6,18526.7,17585.5,22380.6,21972.5,17295.1,19727.5,18233.1,19083.7,16956.6,21520.4,16423.8,19168.1,16270.1,18368.1,19444.2,19845,21103.2,22283.2,17521,16964.3,18079.1,20877.2,18780,20959.9,19960.4,19101.9,19498.2,20681.5,17883,19537,18595.2,20031.5,17948.5,17501.4,21541.3,22201.2,21113.5,21280.4,18202.7,23990.7,23665.5,18078.3,20232.2,19107.2,20434.3,19958.9,21208,19437.2,23668.4,18994,18768.4,18685,20895.9,19539.6,18521.5,21359.5,18084,20565.3,18607,18102.3,23129.3,17329.5,22593.6,18273.6,19291.4,21960.3,20229.9,19442.4,19423.6,18431.5,18227,18600,22767.3,20282.7,21789.6,22936.1,20542.3,19190.9,17036,22962.4,22978.4,20950.2,21437.5,18709.1,18335.2,21379,23206.3,21448.5,23010.9,20113.6,19621.4,21518,19171,20415.1,21982.8,20240.5,22012.7,18638.9,20554.6,20816.8,20310.3,16948.8,19585.7,19230.8,19666,23276,20625.1,20002.3,22858.3,20704.7,19931,16871.9,21789.8,22344.9,21925.1,18218.3,23110.7,23388.6,23148.9,19959.2,22030,20385.7,22780.9,22125.1,17730.4,21264.5,20196.5,19614.6,22378.8,21717.7,20141.1,23211.4,23647.7,20142.8,20926,19779.4,18503.4,18274.9,22873.1,19248.2,18694.6,17239.4,21093.3,19059.9,18093.6,16761,20276.5,22697.4,20275.3,19423.7,20047.6,16745,22180.4,19450,19350.2,21953.9,22155.5,21044.4,21052.5,19257.8,18979.5,19510.8,20565.3,22657.1,20460.9,19057.9,16636.3,19568.7,17080.3,20864.3,19319.9,16171.7,18049,23106.1,20742.6,21785.6,21406.3,18606.1,18933.3,20972,21768.7,18470.6,18057.6,18711.5,22828.7,18816.5,19708.4,18415.5,20117.5,23183.2,22365.1,23176.3,23771.4,24450.2,23299.3,23191,22616,24100.4,18407.7,22363.6,22441.1,23953.8,20833.8,20592.3,23259.1,22710.4,22827.8,20525.9,22700.1,25405,20522.5,23702.6,21408.5,24563.2,21604.5,23890.2,23579.9,21961,22783.9,22314.9,24109.2,19631.5,24580.4,21363.5,20130.9,24295.1,23607.4,21190.5,22391.9,23624.2,23532.4,19941.1,18915.5,21351.7,20421.2,23177.2,25458.3,23813.2,19957.8,23119.2,21018.8,25927.8,21624.2,22465,23280.4,21849.6,25913,24889.5,29675.1,37693.2
34152.8,27928.6,28550.7,22125.5,21098.7,20244.8,24658.1,21067.3,19146.2,19412.5,22159.6,19444.7,20600.9,23237.2,21367.3,21436,19308.8,19752,17764.7,22740.5,20423.4,17223.3,17648.3,17836.3,21249.9,21073.1,17863.6,22440.4,23007,17764.3,21689.2,23712.5,19007.6,19932.2,22829.8,22550.9,17914.4,22256.4,20986.1,20037.2,20642.3,22607.4,19318.4,17478.8,22765,16570.3,20823.6,18758.1,18301.1,18269.5,21637.8,20709.4,17235.6,18390.5,20315.8,22066,20184.3,20472,21304.3,20183.2,21945,19105.5,21480.7,17039.5,17709.6,20881.6,16702,15976.3,18929.7,17741.3,21046.8,20988.6,23105.5,21726,21825.4,20429.1,22196,17577.9,18151.6,17212.7,19874.8,18275,21632.8,20061.5,17903.2,20491.3,20352.8,20635.4,19356.6,21080.6,21393.9,22026,22914.8,17466.9,21692.7,21494.9,19309.3,21385.9,21524.9,17677,17119.7,16474.5,16309.4,20698.2,16300.7,17881.4,16391.1,18210.3,17165.1,21073.9,22099.6,17081.2,21792.7,19476.2,17108.1,20322.4,17697,17996.3,20709.8,21262.5,18700.6,22284.9,19676.3,23092.1,21614.2,21573.9,19643.3,17571.2,21261,18524.5,18831.8,18185.8,17976.4,21128.7,21772.1,19376.5,20800.3,20624.1,17255.5,19782.6,18475,20755.3,19708.8,18366.8,20798.1,17216.7,20511.2,19806.8,18923.9,16773.5,17620.7,21115.6,18917,18992.5,19458.9,21970.2,22630.7,21369.2,16909.3,20716.7,17812.7,18035.3,18254.9,16472.7,21771.5,22858.2,18739.7,18849.9,19286.2,22051.1,21777.5,19670.7,17926.2,18265.3,19049.5,19541.5,18211.1,19711.9,19786.4,20936.8,19907.8,20626.7,17911.5,18021.5,19635.6,23213.8,18611.2,19271,17928.6,17396.8,17336.2,23371.3,20804.7,19106.9,17940.2,22244.7,22328.5,17680.2,22647.2,17932.2,19599.5,21932.2,19780.5,20307.1,19478.1,19349.8,19430.8,21975.3,21842.4,22751.6,20773.9,20127.7,21817.9,22917.5,18582,17622,22373.8,21772.7,17423.6,22500.1,22050.1,22979.7,19699.1,18474.5,19860.9,18514.1,20168,20935.5,18668.6,19734.6,21048.9,18660.5,21924.3,23417.2,22586.8,18009.1,23101,18985.1,19985.9,23295,19421.8,17459.6,20644.1,20412.3,20238.6,21150.6,18974.9,17537.7,22192.6,18357,20121.1,20899.5,18680.6,17865.6,21356.7,23138.2,21088.2,17737.7,19636.2,19135.3,16845.6,21208,17471.5,19791.3,22149.9,23417,23572.7,23966.2,20219,22442.7,23090.3,20625.8,20769.3,21003,18426.6,22901.8,20333.9,22606.6,21141.4,20564.2,19104.9,22852.8,21065.5,16899.3,17704,18515,19559.3,22627.2,18205,17636.8,16601.8,18434.9,17091.5,20415,22258.2,21036.1,19518.7,20049.1,21523,19429.4,16913.4,21309.5,21334.3,20783.7,18896.6,17857.8,21065.9,17578.4,20588.6,17782.9,21455.5,22518.1,23518.3,23727,17314.7,23574,21657.6,18953.7,22608.3,22728.2,23522.5,19825.6,23502.4,24478.5,22449.3,24285.4,24571.8,19769.4,18454.4,23777.4,23231.2,20553.1,20278.4,23832.4,25066.9,19253.7,23144.9,23940.1,24599.4,21552.6,18680.4,22740.3,21115.6,19993.8,21467.4,24276.1,25488,23907.1,21853.7,20621.8,20831,25597.1,22129.6,25287.8,25373.2,22386.5,22604.8,22706,24359.3,21186.5,24187.9,21344.5,22136,23517.5,20457.3,18876.4,19637.4,23140.2,25399.8,21833.4,20849,19778.1,24579.9,21880.8,24779,22713.4,21967.9,20566,23456.3,23138.6,21578.6,26368.6,28651.7,35779.6
35352.7,31633.1,29725,27572.4,22970.7,19449.4,20136.2,20933.1,23630.1,19278.9,22877.6,18864.6,23043.3,21831.8,22154.5,20939,23078.5,20841.4,17966.7,22306.6,22024.7,19634.9,18969.4,18614.8,23796.9,19498.1,20545.6,21828.8,20941,18777.3,22859.9,22075.4,18423,20635.1,22192.5,19597.8,18836.9,22105,19520,20502.4,20405.1,18769.5,18979.8,18966,19095.6,20628.1,17271,17000.7,22029.5,21711.9,20060.5,21493.6,18946.1,19297.8,19847.2,17486.6,21685.6,17011.5,20750.9,20209.6,19295.3,18770.4,19318,21220.4,17245.5,21233.3,19572.9,21593.8,17259.8,18547.4,16926.8,22127.2,17600.5,18481,20672.1,21979.9,19747.1,19367.3,21030.7,19304.6,17219.9,22515.3,17626.8,21406.3,20826.1,21454.6,20274.7,19842.2,21957.7,18170.5,22094.4,18807.1,21767.3,20139.8,19733.4,18121,18056.6,22045.1,22087.3,19286.6,22760.8,20897.5,21351.4,19416.2,19138.3,21710.9,19176.1,20085.6,16135,18331.5,20381.7,17096,21746.6,15951.8,19004,21108.3,16379.1,16581.8,18254.2,20842,21958,19808.1,18546.7,16734.1,22459.7,19628.9,17066.8,22142.4,20437.6,17339,22278.1,19940.4,21485.4,20009.1,21845.6,17562.2,18652.1,21398.8,20756,18340.7,18063.7,16839.3,21462.9,18243.4,16879.3,19602.7,18473,21711.6,17645.2,19782.9,19000.1,19401.7,17681.7,21866.5,20012.6,17032.9,19868.2,20208.6,21168.8,20516.9,21834.4,16436.3,16632.2,17967.2,18953.4,18637.4,21202.5,21577.7,20723.1,20395.9,17631,22394.4,20157.8,23030.7,19006.1,21514.2,17895.3,18263.2,21118.5,18809.5,20947.4,22809.2,23480.4,21247.3,23644.5,21853.4,20789.1,22898.6,19999,20810.6,17316.3,23300.3,23224.2,21768.4,23416.3,19037,19646.8,19474,22629.8,19656.3,20799.7,17817.7,21306.9,17013.6,22136.2,21425.8,19283.5,21431.8,20187,23206.4,20355.9,23119.7,21069.5,19998.4,17604.6,23494.5,18105.8,21449.7,18026.5,21894.8,22865.7,19871,20649.1,19385,17997.9,23187.8,22971.3,21029.3,18685.2,17552.8,19038.6,21627.5,17074.2,19351.1,19384.8,21496.2,20726.7,20839.7,19274.5,19729,23480.4,18023.7,20282.4,20239.1,19738,19184.7,21787.8,20679.5,20972.2,22977.5,20627,22733.3,22837,18298.6,17348,20913.1,20812.5,22890.7,20989.1,16911.3,21141.2,21387.9,19525.5,20963.4,18268.5,18684.3,18004.8,17529.9,18963.2,17478.6,22339.3,21266.9,23388.9,22679.1,21860.8,18695.6,21399,21456.9,21799.1,22939.4,23498.2,18219.9,21626.4,22443.4,19949.7,21240,21062.7,19736.6,19726.4,21384.4,22263.9,23045.3,18950,22840.7,17485.1,22743.3,17293.4,19683.8,18260.4,21768.7,20148.2,22842.1,18238.5,17470.3,16797.4,22358.6,19081.5,20370.6,19660.2,21766.3,22951.9,17038.6,21352.3,22253.1,20564,21118,20774.5,20330.6,23316.3,20147.9,20430.2,22335.9,23244.2,19524.8,20187.5,18786.4,22070.7,24872.4,23831.6,19657.4,22742.2,18420.5,24091.7,20063.3,24851,21511,24306.6,24680.8,24048.9,22116,24555.1,20291.5,23421.1,22485,23481.4,24587.6,20910.3,20209.2,24962.3,25028.2,21881,21355.6,24146,24085.4,19677.9,24660.5,19257.9,20113.2,19548.3,21515.6,21107.5,24556.8,22224.6,19289.5,24254.8,20825.3,21134.5,22640.9,20630,22731.5,23228.5,21021,20395.4,25444.1,20609.1,23993.2,24033.6,20671.2,20310.4,26077.7,27218.4,26266.6,31742.4,37426.4
36556.5,29905.1,24048.4,24288.7,20407.5,22662.2,22660.8,19830.5,20453.4,21065.3,21264.3,19063,21734.4,20798.4,20475.8,20175.6,24182.6,20477.8,23840,22240.9,19391.3,21972.9,21159.9,22884.8,17240.5,18612.3,23125.4,17626.2,23274.6,23794.3,23547.7,23139.2,22189.4,21386,22221.7,21164.6,19402.4,18423.1,22907.8,18625.4,20389.6,18068.9,19539,16389.2,21188.5,18792.5,17352.2,21121.2,19317.5,16758.1,20622.9,21996.8,18115.8,20713.7,19406.6,16005.8,20977.5,19778.1,17990.5,16129.8,19957.8,20561.9,17010.5,22067.7,16620,19362.2,17299.8,21632.7,17159.9,16304.2,21379.7,17576.2,17809.7,18524.9,18061.6,22960.8,22640,18847.7,18146.4,21257,18851.7,20111.6,17362.5,22025.7,19531.1,21019.5,21956.1,21194.8,18630.1,17811.6,19474.1,19701.1,21636.7,19795.4,21384.7,16895.8,23498.8,22972.4,23035.9,21055.4,19605,17302.3,21135.8,16667.9,20122.9,19171.6,21697.8,20033,19964,20884.7,22081.8,20272.2,19283,19137,19507.4,16266.9,16039.8,21794.3,18942.5,18754.5,21707.2,18653,20956,18331.1,20799.4,19654.8,16843.9,22248.4,19150.3,19474.7,20781.1,22000.2,18443,22944.2,20600.9,19553.1,20868.5,17175.5,18907.3,16518.8,16909.6,19295.4,19169.7,21422.2,20969.9,21558.9,21914.3,21635,17263.5,19902.2,17785.1,20554.9,20994.2,17740.5,17305.7,20335,21364.6,21091.5,21499.5,18814.4,21426.8,17445.2,20833.6,17070.1,17354.1,18567.4,18127.7,22007.1,23042.2,18332.5,5643.68,23609.9,21132.9,19491.7,23486.1,20442.6,22194.6,18568.1,21099.9,23225,19531.3,20785.5,21451.2,19344.9,18710.9,23432.5,19985.2,18917.1,22430.9,19451.2,21387.5,17620.4,20196.6,19550.4,19400.5,21186.2,22211.4,21571,22118.1,20527.7,20991.8,21539.7,22366.8,18931,18398.8,22577.4,17822.3,19103.9,16734.8,22920.8,17339.1,20023.1,22647.7,19523.6,17348.6,20691.3,22339.8,22202.6,18446.6,19391.6,19046.8,19063.1,20219.9,23803.5,22491.7,20179.5,23839.7,20366.1,23598.9,19913.3,16952.8,21764.8,22259.4,21962.9,21634.7,20237.3,20524.8,17381.8,17632.9,18516.8,20370.4,18831.5,20917.3,17940.9,17452,23060.6,18187.8,17227.6,20723.4,19188.7,22527,21479.5,20594.5,21111,18997.2,19974.6,16803.2,19539.3,20213.5,19647.8,21402.2,18372.8,19260.3,20560.4,18833.2,22182.2,17130.4,20231.3,19105.4,22576.1,20444.1,21055.9,19293.3,18137.7,18147.1,17883.7,17412.4,18494.7,20265.5,21078.5,23189.6,22682.8,17358.9,20343.6,21900.8,23252.5,23018.8,17511.7,18057.9,16522.6,20268.2,20621.2,17322.5,17493.9,22264.3,21339,17098,21712.8,21407.5,20421.3,17725.5,23019,18546,18400.7,19431.1,20620.5,17723.1,22463.7,23115.7,21626.3,20401.1,20784.8,23015.2,17638.9,22133.3,22939.2,17294.7,20608,18974.4,19731.5,19028.9,23090,18748.2,24049.6,20006.5,21952.9,23900.7,19807.2,21617,21137.7,19418.1,18505.7,24862.7,19410,21847.4,19470.8,19542,23319.8,21414.4,22991.3,24379.3,21993.9,19026.4,23815.9,23540.3,22749.9,22627.1,24749.2,23486.2,21290.5,25373.4,22656.9,21508.2,19644.2,20373.9,25602.8,24354.5,18921.7,21553.2,21384,24024.1,18940.7,21498.2,19043.3,19405.3,21434.8,24341.4,19666.7,21638.4,21128.4,20225.2,23474.2,23293.1,19603.5,26188.8,20879.1,24086.2,21487.2,22999.6,25221.3,23002.3,28090.6,30713.4,35333.9
36526,29225.1,26945.1,27739.9,24728.5,23183.4,19128.4,24190.6,21306.6,18607.4,21652.5,21624.1,23400.8,22108.6,23005.7,23557.9,20503,18992.2,19405.6,23277.8,23205.9,20649,21174.1,21562.9,17853.7,21853.1,23000.8,22726.6,18988.5,22440.9,21648.1,22990.7,22009.6,19151.1,23316.6,21658.7,21720.5,18241.6,20095.5,18580.8,21465.5,22248.4,18740.1,19396.4,19588.5,21041.6,22124.6,22004.5,21251.2,22119.4,18673.2,20999.1,19412.7,22179.9,17844.1,20576.9,18514.8,16368.4,18588.5,19270.4,18634.1,18372.5,18058.2,16457.7,18461.8,21909.3,20484.9,20086.3,18077.2,16767,17360.3,20359.2,17895.1,16988.9,18844.2,20373.3,17610,22861.6,22147.4,17666.7,20843.5,22096.8,18771.8,18282.2,20675.8,23159.2,18814.3,20917.7,20105.8,19004.9,22441.8,20725.2,19884.7,20141.3,22360.8,18733,23404.8,18449.6,22044.6,18792.9,22409.8,21438.1,19405.3,18864.6,18652.5,21277.6,18652.7,19873.8,21311.3,22184.4,20352.1,17973.4,16123.3,22101.8,17019.2,17905.3,17677.8,18387.7,20432.9,21873.7,20015.3,20295.6,19856.9,19751.7,17175,17319.1,20325,21515.1,16940.4,20476.2,22593.3,22753.4,19423.1,20137.6,18338.9,16534.6,16886.7,21557.6,21187.7,21690.3,20261.8,15995.3,20423,22162.5,19866.6,21430.2,21865.3,17062.4,21746.6,19678.6,19986.2,18794.1,18696.6,22409.1,20419.2,15946.2,19294.1,19909.7,16921,20440.8,22093.2,17669.1,20085.5,21969.2,22247.4,22754.9,18514.5,22884.2,19602.9,23376.2,18125.8,23353.8,24123.1,22637.8,19896.9,22754.6,20064,18558.6,23526.8,20732.1,21338.2,24317.8,18653.7,19691.2,20963.4,23377.1,21993.5,23309.9,20413.7,19030.4,17736,17015,21248,18835,22295.4,19955.4,23348.8,22492,17265.6,23053.6,21095.4,19965.7,22971.5,20733.1,21525.3,22671.9,19707.7,19663.1,19600.1,20106.3,19245.3,22357.5,18694,19244.6,17044.4,23526.9,19412.6,18200.5,21262.5,23232.5,18769.3,19041.1,21660.3,19206.8,22321.1,21153.4,20485.2,20021.7,22955.3,17307.2,20485.5,20144,20300.8,18638.9,22598.4,23102.1,22692.3,18951,21120.3,21052.4,18542.3,18708.8,20507.2,22334.3,22349.8,23363.8,17736.8,19108.5,22920.9,22403.2,22372.7,18397.4,23043.6,17481.3,22619.5,17965.8,17230.5,21686.8,20820.5,18647.5,16476.2,17713.3,17235.5,17913.9,20065.3,16992.6,18833.2,22551.3,20005.3,23232.1,22924.6,21116.1,22315.4,18240.5,17808.4,18756.5,21340.7,20078.7,22964.6,18445.5,19927.9,18120.6,19695.5,21324.3,18880.7,17363.2,21967.7,21969.4,16557.5,22703.7,16818.8,19997.5,19169.5,17239.8,20279.4,20570.5,18901.5,22536.9,17069.4,19498.6,19922.8,17249,19948.5,17360.9,20360.4,21645.6,21650.9,20377.7,17544.5,22938.4,18753.2,20593.6,19567.3,23048.6,22526.5,22127.6,22487.1,23385.8,22409.7,17779.3,19795.2,18535.3,23064.5,18735.2,22517.7,21377.3,19107.1,21874.9,21766.6,22506.2,19261.2,18888.3,20879.7,20314.5,24921.2,22226.1,23375,24519.7,22222.5,19429.4,23333.8,21077.1,22900.2,20500.8,24913.7,20446.1,24937.2,24141.1,23351.1,23394.5,23999,20130,19347.6,22481.5,19090.3,19953.2,23948.3,23571.2,20689.5,18990.3,24060.6,24110.8,21301.8,18945.5,20280.6,22245.3,19708.5,23137.1,21718.9,23802.4,20593,21213.6,23779.5,25912.7,23879.7,20871.7,26085,23365.9,23796.8,23065.7,25826.1,26504.4,32741,31578.8
32816.3,31704.3,29714.5,23318.6,24767.8,20830.8,24544.4,20913.6,23117.8,21998.6,21262.8,23016,18871.5,21299.5,22841.1,19375.5,21271.6,24111.7,18244.6,18201.9,21429.7,22192.1,18923.3,22046.9,20437.2,17316.8,21510.8,22234.9,20608.7,20298.9,23405.5,23454.1,18904,23412.2,20017.1,21869,20386.1,20940.1,17013.9,18896.8,21563.5,21622.9,22389.5,18200.1,20933.3,19638.6,21263.1,19138.2,18985.8,20954.7,19414.1,22039.1,17974.6,21122.5,21278.7,20179.1,16566.2,20513.4,16847.1,19466.7,17183,21414.8,19683.7,20711.4,17046.6,17827.6,19350.5,17812.8,20435.2,19104.4,17372.8,18594.1,16878.4,22305.1,20495,21253.4,23218.5,20592.9,20907.5,20397.7,21265.5,22550.2,19503.8,23539.1,18092.4,19281.4,19919.4,23537.5,20882.6,17424,20034.1,17777.4,20667.2,21663,16968.5,21919,22825.4,19978.3,21908.9,19696.7,16920.1,21544.8,17264.8,18209.5,18503.4,16314,20983.6,19288.8,15949.6,21236.6,19092,22475.6,21635.2,20620.7,15767.3,16863.2,15995.8,20035.4,19554.8,20409.1,18274.2,19462.9,22193.1,18071.4,20349.3,21502.1,22660.5,18456.5,22008.7,20896.6,20663.8,17429.2,18401.3,17823.7,17316.1,18182.6,16148.8,18541.8,16429.4,18547.8,17367.4,19338.1,18662.6,16925.6,17385.4,20839,17789.2,21109.7,22459.3,19561.6,18648.2,20527.9,19590.2,22147.8,18100.3,17775.5,21712.1,22357.8,22327.5,22979,20528.9,22500.4,19628.8,22040.4,21995.7,20026.6,22149.2,19619.5,20417.9,22004.9,23940.1,19844.4,22426.9,20168.2,23287.9,19418.2,18840.4,23292,22182.7,19150,22100.5,23880.8,19221,18561.5,20603.9,19963.8,19679,19729.5,22083.1,19167.1,19434.7,21691.5,22575.5,19693.7,17723.5,19220.9,23519.2,19736.1,23197.6,21403.5,19447.8,17236,18402.9,20094.1,22935.1,18068.1,22091,21272.9,17693.5,20938.5,18807.3,21494.7,22267.3,20021.8,23420.6,20701.5,18005.5,21367.6,19750.7,21215.2,18166.8,17205.3,23277.9,21761,21416.9,20835.5,21117.1,21159.7,18242.9,18799.1,23087.3,17071.5,21159.4,17084.3,18552.8,20664.3,22942.8,19654.9,20494.1,20155.8,21453.5,22560.1,22985.1,21743.6,18800.4,21354.9,20271.5,20393.6,22635.7,22177.6,19808.6,19313.3,20421.6,18296,18529.4,22921.5,19518.6,17375.5,22901.3,21447.9,17601.8,17836.7,18788.2,20169.5,19608.6,17202.6,19433.7,23117.2,18679.1,23421.5,23738.8,23670.4,22759,19995.1,23322.8,17572.6,19868.7,22513.9,22326.9,18001.5,19689.1,22266.8,22233.1,17364.6,18623.1,17717.4,17677,18898.1,23017.1,21625.1,19493.3,21134.4,23227.9,19619.3,19139.6,18492.5,21315,20703.2,21629,19550.3,17270,16775.2,20279.4,21415.5,19809,20509.4,18444.1,20742.8,19021.5,22519.7,17038.3,22097.5,19180.6,19423.4,19768.5,22134.9,19301.3,21114,18432.6,17889.7,23675.4,20375.4,19941,19819.6,24135.7,19916,18418.3,20403.5,24134.2,20504.3,19280.4,19766.3,21154.9,24890.5,22798,21255.8,18617.1,23660.3,22584.5,24408.9,21635.4,21363.4,23199.9,24656.3,20411.1,20621.6,23390.6,21010.4,20134.2,20638.9,22717.9,22586.5,25125.3,21330.8,25465,24337.2,21174.6,21654.9,20546.2,19386,24689.1,23818.9,20951.4,22974.1,23161,24282.4,18696.1,22732.9,23064.6,26194.6,23508.3,23275,24589,23286.7,24793.2,25658.2,26035.8,23943.8,21675.9,25417.7,28045.1,29404.6,29913.7,31792.7
36881.8,27544.8,27514.4,22569.5,21790.6,25367.6,21817.8,22328.3,19607.2,23015.2,18729.1,21775.9,19482.5,24048.1,18224.7,17921.3,23713.8,20195.2,22995.8,17949,22454.6,23593.6,18723,18479.4,20501.2,19943.2,22779.5,22403.4,17658.8,23343.7,21078.5,20910.8,19885.1,20454.9,18346.5,20344.9,22239.8,21308.3,17306.9,21068,19825.8,17058.3,17738.3,21950.7,20909.9,19108.8,19060.3,21093.7,20930.6,19996.6,18778.6,21093.7,19522.4,20676.9,18239.5,18230.8,16233.7,22057.8,17294.8,17426,21743.1,20002.5,18799.7,16275.9,16208.6,20315.1,19911.3,22032.7,20268.5,22408,18822.3,16210.9,16880.1,17188.4,23391.5,21848.3,22609.1,21840.5,22126.5,20063.5,18711.1,19580,19562.1,21232.8,22013,22125.4,18877.3,17491.9,19800.7,20772,21628.4,19532.9,23373.7,21664.2,17924,18725.9,20258.9,16951,21832.7,17793.9,22372.2,21245,20030.8,20003.5,22213.8,18394.8,19689.9,18511.7,19989.8,20564.6,18123.3,20633,18810.1,19112.7,19385.5,18775,20816.9,19184.7,22199.5,21650,17688.7,22053.9,21154.9,22189.9,22165.2,21181.8,16811.9,18090,21507.6,18573.2,20738.1,21321.3,22832.6,18751.3,19812,22270,17434.6,16244.4,21483.3,18263.1,18445,16807.2,16181.7,22478.3,20942.9,18216.4,18846.7,16435.9,16482.4,21238.3,19515.6,19851.3,16780.1,20308.1,17323.6,20021.2,22558.3,17309.7,18440.3,18206.7,22356.6,17117,21744.8,18707.7,18190.7,16587.4,16860.8,22373.2,20009.2,22096.8,18007.3,22335.1,19343.8,22831.8,18656.3,21171.3,18688.2,21002.8,22343.5,18923.4,21951.7,23529.3,5894.66,24535.1,21672.7,22916.5,19595.5,20791.4,21446.4,23315.6,22809,20394.7,19744.4,19292.3,18663.2,22419.8,21145.8,21584.9,22678.5,22235.6,21540.3,17489.3,18489,17694.7,20759.1,22585.7,18221.4,20665.9,18914.7,18485.1,17869.6,16887.1,16985.4,18406.8,17725.2,20611.9,22538.9,21920.9,18665,23240.6,22468.1,22297.4,18297,18285.6,19993,22894.6,19719.6,21538.5,22982.9,19179.4,21034.9,21334.6,21630.3,19608.8,19849.6,22447.1,18347.6,18518.9,19393,17553.3,18145.4,17305.3,19949.9,23284.5,20565,19285,19642.6,18153.5,18610.8,19440.2,20558.9,22442,17007.3,21254,17377.3,21155.5,23288.2,21961,19139.1,22353.4,20879.6,20726,16790.5,18933.7,18646.9,20731.4,21079.7,19764.8,19347.4,18154.8,17986.1,17311.4,23657.1,21317.1,20043.2,18881,21082.5,22140,19182.3,23407.1,22358,17187.7,19988.5,19916.2,21127.6,16770.5,19979.6,19839.1,17547.7,17742.7,18150.6,17970.1,20028.4,22290.6,19416.3,16662.1,16978.1,21794.9,19879.1,21162.5,16871.9,21784.6,21338.8,17423.6,17050.2,17407.1,18043.6,22225.6,18924.2,21092.9,18847.1,20657.1,23496.6,22007.1,20527.4,18981,21242.1,20241.9,22223,22446.3,20313.8,22024.7,20766.6,18550.7,20728.8,19064,19921.7,21919.3,22714,22857.5,19928.8,22491.2,22609.6,19022.9,20768.7,22287.8,23024.5,20725.7,20662.1,21446.5,23958.2,23768.3,20735.1,24966.5,20637,23083.7,19942.5,21491.5,20522,21870.9,22022.9,22857.5,24148.2,24576,22408.8,25548.5,22148.5,23153.1,24669.3,20885.7,24341.2,22246.7,21383.6,22360.5,18671.9,20515.7,20178.5,23614.6,23325.6,21570.3,23447.1,22670.6,21933.5,20297.5,23903,24105.7,25789.4,22918,26267.7,26101.7,24059.5,25273.8,31404.8,32929.2
32580,28965.5,24688.1,26045.1,21196.7,23729.3,21226.1,22701.5,21607,22329.2,20942.6,20191.6,22043.8,22802.1,24074.1,21672.7,17885.6,22251.5,23498.8,20468.1,17955.9,23339.7,17629.4,21039.8,22204.5,20982.9,19950.3,18034.8,21183.5,18536.8,21140.3,23492,21671,22107.6,20572.6,20596.9,22118.1,19355.6,18570.7,17920.9,22076.5,19076,19214.3,18656,21657.2,16891.1,20122.6,21481.1,18310.4,18535.5,21974.5,19985.3,21133.9,20381.3,17849.8,21023.5,19550.5,19515.8,17650.5,22162.1,17019.1,21134.2,16798.2,21104.7,21161.3,16210.7,20905.6,20586.2,20937.9,17130.6,17363.2,21568.5,20367.7,20863.1,21899.7,17555.9,17849.3,21680.4,18946.9,18943.7,20142,22826.1,21356.3,19993.7,17398.1,17718.8,21916.3,19540,21606,22530.7,17784.6,20028.9,17179.4,21441.4,19354.2,22449.7,22648.2,19840.1,17870.7,16738,19222.5,22431,21307.7,20891.4,18382.7,21618.4,21683.4,17663.1,16914.3,19999.9,18179.7,18856.6,22331.4,21205.8,16884.1,15820,17971.6,16770.1,17916.7,18096.2,20858.1,21718.8,20059.3,16952.6,21314,22203.7,22892.2,21151.2,20907.6,19259.5,20129.4,21574.6,19156.2,22186.6,20605.1,17975.6,20812,17797.2,16411.7,18724.5,19463.3,21112.8,18666.7,20734.9,18427.1,18629.9,19943.3,19518.2,17255.7,19339.7,18691.9,16924.5,19003.8,22176.6,20207.4,17303.8,19653.7,18742.6,21174.8,17190,18440,21597.5,22667.7,19038.8,16734.8,21464.9,18177.1,18578.3,19515.2,23543.6,17922.5,19579.3,21683.8,22612,22081.9,23449.8,20405.6,19872,19548.8,20725.2,21202.5,23511.3,21184.2,23465.3,22920.5,20971.9,17454,19230.1,19831.9,22794,19657.1,18238.9,19488.5,18847.8,18064.2,17271.4,22725.8,19801.5,19716.5,22716,21123.8,21376.5,19004.2,20506.2,22781.4,17314.2,21083.7,20589.6,19186.2,22653.4,19342.6,22824,22751,21463.6,20489.8,18273.9,22754.9,22175.1,23800.9,20631.9,18029.4,19807.2,19871.4,17640.5,18578.6,23251.3,18042.3,19383.4,20014,20134.6,22952.4,19040.5,18852.5,21091.3,18930.9,22720.6,22322.5,18499,19307.2,18154.7,23403.3,21320.4,23460,19886.9,22263.6,20060.5,22085.4,22471.7,17798.3,18104.2,18152.8,21848.6,23481.7,19318,20540.7,22393.2,21591.8,19553.8,22819.8,17473.1,19917.3,22016.7,19987.6,17502.8,16683.1,19649.1,22874.6,23464.7,22081.9,22534.9,17897.7,20078.5,18572.5,22680.1,20639.3,17816.7,19377.9,17178.2,18481.7,20387.8,21594.4,17796,19336.3,17207.1,19918.4,17266.7,18665.6,17336.5,19122.8,17694.8,18144.2,16836.5,20274.5,19734.8,21301.6,17151.2,21168.1,20488.1,20006.7,19079.3,18014.7,21760.4,19347.7,23010.7,17412.3,22185.7,19410.1,20732.5,17488.8,17297.3,19658,23334.6,21746.4,21015.5,22894.4,17264,17930.7,23939.3,18325,22198.5,19587.8,19710.3,19479.5,21670.1,23267.2,24697.5,20459.8,22545.9,21169.1,24138.6,21129,20203.6,24790.5,25171.4,21688.3,22267.7,24592.5,23024.3,24869.9,19644.3,19970.7,20030.8,20769.2,25735.5,21933.9,25150.2,22188.2,23198.8,20652.8,20305,19547.4,24175.1,24305.1,19054.3,19578.2,22620,22998.5,24947.1,23000,20037.5,21292.4,20180.6,19466.3,24747,23109.9,23195.5,19424.8,23376.1,23475.8,22302.5,24824.7,22301.4,23949.9,26180.5,26454.7,23272.3,23163.6,23459.7,22810.8,21717,25419.6,25865.7,29266.3,37637
31816.4,26656,26778.8,27812.9,21953.6,21625.9,19440.4,21244.9,20275.7,20052.1,22316.5,22713.1,21559.2,18998.2,19799.7,23736,23753.3,23942.8,21173.6,22659.2,18525.6,18154.1,19204.3,20142.9,21882.5,23726,22741.6,22858.4,22189.6,21672,22873,21794.2,23196.5,21166.5,23200,21758.1,21628.6,18392.2,22972.4,19681.5,20337,21794.7,18344.3,22231.4,19880.3,17582.2,18237.6,18991.8,17183.3,21372.6,18522.6,16211.5,19773.6,18848.9,18274.5,19583,20969.3,17084.2,19289.7,19423.4,17623.4,19301.9,20271.4,19190.8,22078.4,19323.8,21249.5,21308.5,17876.2,21715.2,17369.8,21572.4,17889.8,18707.9,21225,21561.7,19212.8,17852.2,20726.5,22096.6,20184.6,21536,21375.6,21675.1,19214,21431.6,22339.7,19836.5,21274.9,22940.5,21060.2,19196.7,17691.3,17113.9,21821.5,19201.7,22183.2,22179.6,16765.3,21700.8,19723.3,22250.7,20451.7,17159.1,20804.1,17942.2,21925.7,20940.5,16589,18927.9,18669.6,21638.3,21569.6,20793.7,19373.9,18519.1,18271,21051.9,18551,19806.6,21349.1,16776.1,20399.3,17875.4,20743.1,17489.8,22863.7,19638.1,21262.3,17320.6,18097.7,23388.5,22762.5,22109.7,18695.6,22709.8,16904.9,21528.9,21615.8,21560.2,18616,20366.4,16385,16198.6,16187.5,19147.3,20914.4,21863.4,18541.6,18223.4,17591.5,20659.7,17182.5,19386.3,16182.9,17613.8,22066.1,19850.1,21646.3,17909.9,21117.5,21664.1,17907.2,20986.7,20347.2,17237.9,19047,21388,21488.7,18920.2,22938,22683.9,23481.5,19692.2,23169.3,18039.2,19705.6,18077.1,23900,21190,22583,23824.4,22448.4,21870.8,19201.1,19531.2,23698.3,17446.5,17473.1,22614.6,18330.3,22348.3,17033.4,17223.5,19148.5,21243.5,19687.5,22964.1,21787.3,20284.1,20731.6,18069.5,21958.7,22437.3,20340.3,19753.9,20985.5,17576,17353.9,16659.8,20076.9,18559.9,22065.7,19789.9,18493.8,19868,20449.9,17605.1,22568.9,21249.2,19014.5,20846.1,23369.8,20808.2,23444.7,17861.1,19454.7,18265.8,22475.6,19160.8,19303.8,18993.4,22645.8,21681.8,22801.3,20540.7,21211.9,17257.8,18473.4,21770.1,22304.9,23687.9,21680.9,17906.3,18349.7,19756.1,19802.2,21496,22841.1,21257.2,23296.7,18099.5,20658.4,18184.5,20391.4,22819.6,23389.4,17790.2,20017.7,19367.4,18721.2,17634.8,22715.6,18679.2,22139.6,21022.3,20822.6,18671.7,19130.8,23693.6,21695.3,21992.3,19666.3,21809,22230.1,20541.2,20205.6,21975.3,17444,23495.6,23591.4,21819.8,18975.2,16852.6,18135.4,20210.2,17274.8,19459.5,21927.5,16705.6,20226.6,18618.4,20029,18090.3,17232.8,22623.1,16478,19670.5,21232.8,18983.3,17541.6,22068.9,23267.7,21753.1,17211.3,21450.1,20394.7,22211.7,22033,21008.1,21499.4,17374.7,18842.1,18702.1,21041.7,18153.9,20484,19760.2,23675.7,19853.8,22427.3,23980.9,22782.6,23948.4,19535.8,22698.4,19308.5,22588.3,18593.4,21562.2,21304.7,24073.9,24447.7,24363.8,22055.3,20621.5,24634.3,24598.2,22578.8,21389.7,23863.9,21436,18955.8,24479.2,22114.4,22213.1,20713.2,22516.4,19092.7,19635.4,23067.2,23171.9,21203.6,24045.9,21619.7,23454.3,24343.9,20334.8,23952,23433.4,21476.1,18694.5,18411.3,20041,20547.5,21068.1,24797.5,20537.9,22592.5,22448.3,21022.8,24185.9,23752.5,20211.7,23435.3,25855.2,22959.9,24003.3,20883,23954.7,22708.9,29394.4,31199.8,37179.7
34751,28580.7,27943.2,25304.8,22302.5,22804.8,24188.1,23021.4,22848.1,20068.8,23969.4,21827.8,21349.9,22216.3,19914.2,20269.7,21953.1,20026.7,22778.3,17880,19104.3,18806.3,23276.9,21169,19957.2,21662.5,23269.4,19231.9,23546.3,21354.2,19585.1,21197.2,22446.6,19427.3,23786.8,23451.5,17851.9,20892.5,17897.8,22704.1,17187.8,21416.9,18944.6,19595.3,22428,17574.8,20379.9,21838.3,18424.7,18169.7,19053.9,19450.3,17324.4,19624.6,22415.6,16184.6,18167.9,20367.6,19860.3,19472.2,19915.9,16402.9,16870.8,20925.1,20312,19061.7,19307.8,18755.5,17076,20956.7,16741.2,22141.5,17668.4,21712.3,20980.6,21384.8,17414.8,22152.6,21502.1,21558.9,20301.3,22546.4,18406.9,19747.9,21810.4,23090.6,19938.8,17642.8,20065.3,19270.3,20611.5,22884.8,21172.8,20300.9,18814.9,21434.1,23634.7,21934.5,21701.4,20632.6,20903.2,18088.4,16146.7,20017.3,22104.5,19399.9,21592.1,18904,18986.7,16295.1,19465.7,19098.2,17517.6,20478.6,20194.2,21620.3,18021.4,20718.1,19559,18299.8,19486.4,18695.7,17236.9,20382,21443.3,20085.1,16720.9,21939.6,22885.1,20528.9,20794.1,17770.3,17574.4,20352.7,18255.5,19241.3,17698.7,18864.8,20678.8,18458,19111.3,20370.6,21827.6,21408.4,20567.8,16285.1,17243.2,22369.9,18803.4,21118.6,20643.7,19314.5,22660.3,22494.4,15824.3,20185.2,21827,17913.7,18141.2,20376.9,19245.9,17782.6,19664,22407,19615.4,21689.4,21158,16954.8,23394.2,18788.9,20205.3,23365.5,19097.2,20248.1,17681.1,21139.7,21318.7,23799,21254,22784.7,23470.8,19393,22954.9,22317.1,17941.2,21517.5,23515.9,23134.1,18981.1,18527,19380.8,19340.2,20893.3,22799.9,17178.7,18517.5,20571,18518.4,22742.4,21733.2,22687.8,18351.6,17933,20682,17937.1,20579.1,18355.4,17297,18968.5,17885.7,20820.7,17569.3,19468.2,20917.4,18146.3,20285.5,19711.7,18193.2,19242,22850.6,23350,19295.8,20316.1,18331.4,22636,18354.7,20208.7,18631.7,23368.5,20737.8,20365.6,18380.3,21179.6,23470.3,19484.2,23178.8,20046.3,20500.6,19458.9,17283.8,18367.7,19626,22775.9,22185.8,22579.5,21719.8,17321.1,20354.6,20942.2,20686.6,19981.9,20827.1,21022.2,23016,18754.7,20527.8,22270.6,17766.1,20904.4,19620.8,17482.6,21140.3,20111.3,22418.6,21119.9,23709.6,22144.3,18960.4,23155.5,19753.1,21194.5,21431.2,17056.7,20223,22952.9,20187.2,22970.1,17779.2,17947.5,17378.2,21170,22088.2,22429.9,20473.3,20274.1,20437.5,20798.5,21716.8,21824.1,22293.9,19933,18682.9,18359.3,22342.1,21859.4,19589.7,16997.5,20669.2,20888.4,17208.3,21757.8,20095.3,23114.5,21270.3,17913.9,19405.2,21427.9,20132.6,19447.4,18739.8,20502.8,17548.5,22502.8,20615.7,19698.7,19346.4,19115.2,17793.2,22196.6,23104,21577,21472.8,21719.7,22833.9,23636.6,21663.3,24392.7,23160,20091.8,18433.4,21754.6,24010.6,18879.6,19546.7,19916.4,23247.5,23907.8,20914.1,22210.9,20361.8,22012.6,22551.1,22510.8,22119.9,23193,22665.2,21065.5,25146.4,20756.3,20982.1,22455.7,23441.3,22902.1,23591.6,23559.3,20751.8,23581.2,20790.6,24627.9,22145,22920.6,24149.7,23710.9,21458.4,23057,19038.8,21753.3,22789.5,24334.8,21162.5,22665.6,22741.3,25491.9,22796.2,24346.9,25301.9,23968.8,19689.3,20986.5,22759,27204,25659.5,29898.8,33791.5
32892.4,28711.3,27113.6,24063.4,24649.8,21982.1,24109.1,18759.3,24281.4,20277.9,22701.7,19667.8,23107.5,24350.8,20615,22096.4,23890,23743.5,22965.9,20376.2,17897.5,20129.4,20729.1,22415.4,20539.7,18850.1,18696.9,22610.5,23623.6,22064.9,17553.2,20364.7,19512.5,17895.5,19808.8,23411.2,19693.4,20898.6,21828.5,22710.8,17635.2,19286.1,21563,17508.4,16755.7,17015.8,19481.8,18041.7,19702.6,21772.3,22458.3,21465.2,16578.6,20012.7,19576.5,16506.4,18418.4,20694.8,18568.2,19228.3,16548.3,18320.8,16468.3,18145.1,17687.3,20360.3,16348,19281.2,19627.6,16313.3,16595.3,16682.7,19044.1,17714.4,17475.7,20911.3,18466.3,19476.1,20794.8,23376.7,20291.7,20623.2,23545.8,23461.3,22093,18223.4,18409.3,21021.6,19712.2,17981.1,23105.5,20546.3,21877.3,21531.2,21976.5,19824.2,20040.7,16786.6,16716.4,18782.8,20842.2,16781.2,21394,20247.8,20416,20020.8,20366.4,17121.2,20360,20330.3,22140.2,16278.8,16885.4,21392.7,16918.5,22054.7,19659.1,21634.1,20805.7,18593.8,21200.8,22152.1,17409,17917.2,23294,21272.2,17778.9,19754.1,21697.2,17682.3,18944.4,23686.7,23469.2,23292.2,17354.5,22457.2,21059.7,19646.5,22084.8,20521.7,22201.5,16204.8,16703.5,20354.5,20690.1,20314.3,20724.4,19176.8,19324,21144.3,19601.3,22633.6,19030,19461.7,20591.9,20634.6,17979.7,17763.5,17329,21057.4,22932,17447.6,21875.6,17082.7,20704.3,17083.6,16483.7,18173.8,17203,18124.8,18705.4,17746,21294.7,18662.6,19552.4,23497.4,20775.9,22846.7,19580.9,23156.6,21823.2,19828.7,23708.3,21132,22848.6,23116.8,23866.2,20361.3,18992.9,17397.6,20370.5,17758.3,17351.3,19716.9,21594.7,21118.6,23269.6,19635.6,17434.2,20313.3,19827.5,20375.2,18923.3,21324.9,17326.4,19593.8,20050,19088.2,21786.1,16990.6,17356.1,22228.8,18248.1,20115,20847.6,19948.9,18394.8,22467.3,18534.8,18508.9,19611.5,17200.4,17238.3,19323.4,17603.3,20971.6,20850.8,22578.4,21656.3,23158.6,20035.7,19136.3,19988.3,17111,23532.8,19221.3,19721.1,20470.4,20296.9,22320.3,20642.9,21747.6,19140.5,20827.8,18702.6,22815,20292.5,17470.5,19525.8,17834.9,21566.5,20003.3,23478.5,22014.7,20297.5,18826.5,22863.8,19794.3,22572.4,20544,21259,20525.2,17301.8,19104,21679.4,19110.2,20709,17317.1,17605.1,18172.6,20968.8,21308.4,21655.6,23682.8,19908.6,22957.3,19964.5,22197.1,20195.7,19292.2,20603.2,18611.8,17432.6,19984,18084.7,20590.1,22206,20616.2,18709.1,18732.3,21644.4,21421.7,18231.2,18094.4,19887.9,22342.4,21957,17232.2,18197.7,20618.9,17629.7,19882.9,17362.2,21008.4,21476.9,19801.9,18220.2,17891.3,22987,23022.8,19159.2,21585.5,20451.4,22395.4,22492.4,17494.1,21013.8,20284.8,17907.7,21039.6,23202.5,24482.3,22326.3,19702.9,23216.1,24079.1,19326.8,22051.5,24434.5,24730.5,21227.3,24882.8,24142.1,20728.7,22174.7,24741.5,21062.8,19279.5,21939.4,21833.8,19866.9,22685.5,20209.2,20113.2,25269.5,25191,24840.1,22320.3,21286.9,24287,20878,24316.3,23065.3,25084.4,22541.6,24531.5,24448.3,22614.4,21071.5,18880.8,23738.5,22969,19904.2,23089.2,20610.6,20509.6,23940.1,19234,25207.4,21660.6,23099.3,26000.6,22942.4,24723.8,23709.5,21742.8,23026.6,24998.4,25156,25298.7,26498.1,24974.8,33014.9,36217.2
35278.7,28825.5,25248.6,23082,23024.4,25466.4,25143,23072,23792.2,19019.9,24005.7,19424.3,23757.2,20560.7,19710.7,22575.4,21735.4,23857.7,20698.7,19616,17756,20295,18542.2,23523.7,21198.9,19361.1,19073.4,23431.7,20550.5,19500.8,17954.5,23570.5,23066.4,22865.4,20136.1,18855.4,20702.4,22703.3,18942.3,22271.7,18367.5,18917,20770,19957.4,20095.6,18566.5,20205.8,16990.2,17060.7,22318.5,19833.4,16626.4,17701.9,18577.3,19108.5,20957.6,17793.4,17162.4,16515.5,17277.1,19526.9,21714.2,20809.8,18870.4,17600.4,21136.6,21621.5,16551.9,18037.9,20508.1,22116.9,22230.9,18207.4,17777.4,18170.8,19721,23102.3,18797.6,22441.9,20253.3,19356.5,21727.6,22534.3,19570.9,23234,23680.9,19902,23612.1,19854.1,22917.5,19673,23238.9,22218.8,20231.2,19526.6,17286.2,23092.4,22493.7,19251.6,17878,18777.4,17518.6,19216.7,16681.1,19601.5,20650.2,18094.3,18061.7,18104,20461.3,16979.5,18864.7,20487.7,17675.4,20900.3,20407.2,21773.9,20578.4,22505.2,17034.9,22402.7,22675.4,16669.3,16566.9,19322.8,22540.7,16988.6,19802.3,23190.5,17862.6,21241.8,21327.3,18680.9,20179.4,23047.4,18661.3,19531.2,21244.8,18317.7,20063.6,20428.9,16614.5,17858.2,19645,18192.7,17626.9,22602.1,20702.7,21662.4,20696.9,19868.6,18094.8,17688.6,18335.8,19987.7,21219,20445.1,19893.9,20335.2,20254.7,22042.7,18772.5,21355.2,18917.2,21144.6,19124.8,21896.6,22490.4,20778.7,21224.3,22841.1,24138.9,22956.3,22601,23321.3,22369.4,18405.9,19220.2,20874.8,21432.2,23124,18018.5,19748.7,19514.6,20193.1,23936.9,21302,19483.1,22892.1,20740,18423.6,22615.4,20030.5,19630.2,18747.5,23056.1,17593.5,18015.9,18866.1,22639,19025.2,22265.4,18327,19451.6,20021,20040.2,19349.4,18673,18907.1,18235.4,21308.2,21812.2,17592.5,21732.8,18199.4,21959.5,17339.7,20283.2,19507,20673.4,19691.5,22422.8,19721.6,21371.8,23132.3,18588.6,19242.6,19916.2,20211.2,21107.1,18851.3,18553.6,18624.5,17695,22181.4,23198.4,21242.9,19649.1,20617.5,22360,21293.2,17792.2,17846.3,21944.5,16834.7,20453.7,17800.1,21966.6,22848.9,19265.3,23099.2,19934.1,17686.1,22799,19395.2,21683.2,18018.9,18882.5,20719.4,17300.7,19638.8,21344.7,22693.6,17890.2,18355.8,23309,20565.5,18583.4,21390.2,23765.8,18035,18730.6,22718.5,20877.9,17322.3,18162.3,22683.2,17961.3,23018.2,21530,21371.4,20004.1,21765.6,17292.7,17759.3,20791.7,21042.3,20325.1,22704.8,16876.2,21293.8,18717.6,20821.9,17163.4,19038.6,22775.5,18005.6,18663.5,18921.4,20825.2,21089.2,20445.3,17568.8,19101.6,17749.5,19850.3,18011.6,18567.7,17909.6,21755.9,20945.6,17576.1,18866.3,18448.7,21995.7,20760.2,18398.6,19545,18928.3,20741.3,20836.2,18765.2,17915.7,21943.1,24895.2,24213.7,19887.4,20855,22253.2,23064.2,23372.9,20768.6,21106.3,19183.4,22603.9,20988,19215.9,21796.8,22635.6,19436.5,21280,22802,22979.4,21267.4,19588,26013.9,23378.7,21751.6,20102.7,23743.5,24610.4,21030,19773.1,20732,19237.1,20902.3,19882.9,24401.1,21874.6,20741.8,23060.2,22944.8,20855.6,18445.2,20905.3,20276.9,21844.9,23993.1,23365,21400,25257.7,23616.6,23990.1,26074,24577,22150.7,25243.3,22952.4,25744.2,23909.4,26235.7,24306.2,28401.3,31822.8
33659.6,29147.1,28189.6,22056.3,26152.3,25089.8,22109.3,21068.4,18888.5,18326.2,24037.9,22954.8,20765.7,21218.1,21474.6,20878.3,22841,22994.8,21223.9,20417.9,22364.2,23166.3,19895.4,21886.6,20187.2,19788.5,18142.4,22527.8,21817,20547.6,21250.7,23826.6,19122.6,23523.3,21900,18151.4,20739.7,19615.7,22275.1,21634,19753.5,18779.5,21188.5,16646,22820,17748.7,22447.1,18478.5,21499.3,19425.3,17601.1,17978.7,17995.1,16589.7,16766.5,20083,16078.1,19436.6,17735.4,21318,17721.7,21458.8,21598.2,17881.6,18468.4,21807.4,16743.7,20891.6,22335.5,17414.7,16697.6,19483.8,16932.2,16468.8,21602.4,19225.9,17373.3,17224.7,22241.3,22555,20370.1,18817.8,18857,22369.9,20682.5,21762.2,23463.3,21269.7,20868.1,19881.3,17268.8,17329.7,20673.3,20399.5,19421.8,19065.9,18182.6,22500.2,21862.5,21463.9,22680.3,16520.8,19930.9,20703.7,17401.5,21410.4,17837.3,19080.3,16541.1,21026.6,17878.4,16996.7,15846,18752.8,19857.2,20169.5,21993.2,20940.9,18291.6,18459.3,22486.8,19912.4,22340.4,17131.8,20846.8,21748.2,21491.2,23018.5,22672.6,18723.7,19088.6,18549.4,20510.7,18422.7,20571.5,19355.2,20756.7,19680.1,17212.5,15864.3,18059.3,17185.9,18698.3,21497.8,20724.1,22133.4,18115.4,16831.6,20815.4,17020.4,19384.8,19144.2,20678.8,22860.1,16547.2,18249.9,23233.6,19408.2,21882.7,21550.2,20103.2,19708,18869.9,18094.4,20018.1,20900.3,18107.7,19962.3,20404.9,23377.2,18510.5,21824.2,18626.5,20780.4,23822,20826.5,19111.3,24072.2,17557.9,21580.8,17890.9,21390.1,17881.8,23857.4,22317.1,19670.9,21331.4,19669.2,20412.9,21637.2,20940.4,20236,20548.6,22636.5,18607.2,18112.6,17394.7,18007.2,18696.2,17201.3,22839.3,22149.6,17338.4,21301.8,18366.6,22896.3,18758.9,18154.5,21369.2,18254.5,17260.8,20531.3,18259.6,23049.1,21834,19836.7,18646.2,17637.5,18167.8,20073.8,17497.3,23327.9,22505.2,19357.8,21836.3,18670.6,18505.9,21719.9,22032.4,18060.9,21891,17552.7,18799.3,23260.6,20532.9,22739.3,20641.2,18125.6,23025.7,21832.9,19528,23425.4,17961.5,22691.3,19275.6,22762,23147.4,19705.1,17505.6,23363.5,22854.1,22061.1,22803,19965,17166.8,18908,17649.2,18173.4,23088.5,21764,22980.4,20294.6,17012.4,18864.4,22763.3,23172.5,23638.8,21306,21065.9,20706.2,22167.6,23139,21064.8,18738.3,18363.4,21082.7,19534.4,21049.6,22339.9,17915.2,23879.6,21073.5,19491.4,18873.5,21352.7,17914.1,20671.1,18082.9,22392.6,23035,20060.9,18994.1,20012.2,19112.3,19303,21368.8,21992.2,18905.9,20439.9,16722.3,21725.2,17297.1,16710.8,23015.5,20475.2,19071.3,17265,17964.5,18730.7,21350.1,18667.4,21355.5,19759.2,21715.7,19857.8,19315.8,21502.7,22192.8,22714.6,17949,19528.5,18726.5,22441.2,19358.9,23601,22104.1,23023.3,24565.2,24860.2,23055.1,18577,24913.9,18823.8,21709.3,19824.1,22653.9,19319.1,23223.9,18736.8,18747.9,22878.3,22193.5,21315.9,23868.1,25409.3,23181.6,22387.2,25948.9,21371.5,19502,19276.8,19082.8,19698.5,22633.2,25135.4,20562.5,21264.2,23791,20292.7,21290.1,20269.6,18738.7,18662.8,19094,22307.1,24453.9,19240.5,23660.7,23576.4,20807.2,21299.9,23030.2,19570.4,24545.4,20408.9,20593.1,21031.5,23837.8,24099.8,21669.7,22089.4,24366.6,28817.4,36747.9
32546,26564.2,26184.8,24425.9,21040.5,22654.6,22989.8,23772.8,20080.3,20394.5,19698.6,21901.5,24161,23822.6,24038,21131.3,18748.6,20611.5,21885.1,19782.7,22326.9,22985.5,20180.4,19870.5,20691.3,22123.9,18596.2,21528.5,18907.1,20134.3,18465.4,19958.4,23149.1,22910.1,17440.5,18011.7,21731.4,22496.7,21979.5,22625,21517.8,20492.8,18410.4,17080.1,21439.6,18709.7,17377.4,18985.2,20059.1,21439.5,21035.1,19741.8,18273.2,20236.6,17768.2,19353.2,20426.1,20654.5,16247.4,17646.8,15841.3,19661.3,18781.7,20436.3,19168.5,20518.9,18389.1,22345.6,19270.7,18270.4,18681,17687.1,22672.3,19290.6,23056.7,19424.3,17042.9,17673.2,19501.8,20748.4,21106.5,19743.9,21835.5,23367.8,17722.7,20967.7,23459.8,17722.2,17909.5,19530.4,23161.9,17211.1,23625.6,23534.3,20056.2,22528.9,19973.3,20888.9,19353,20053.8,20470.5,19730.1,15967.2,17401.3,20702.4,18409.6,16256.3,19722.7,19404.5,21642.7,16267.2,18199.8,19142.5,17939.8,19498.2,19633.7,20143.2,18662.4,20654.7,18052.5,22323.5,18640,16710.3,16724.6,23319.9,17500.9,22654.8,17954.6,21373.1,18967.3,17367.9,16978.8,18464.4,18728.1,18073,17670.5,21487.5,20500.1,17248.3,20484.9,16654.7,17285.3,17708.7,21127.6,18239,16760.7,21446.5,16396.2,17561.9,17743.1,20113.7,16994.5,18562.8,19484.2,18700.9,20072,22140.9,17787.2,20353.8,18157.2,17048.5,16851.8,21766.7,19971.5,19837,19270.4,19522.5,18718.2,22461.5,18114.9,23131.2,18858.8,21761.8,19768.6,23951,18786.6,22704.7,19939.6,19985.8,17805.4,21196.5,22035.3,20474,19789.2,22888.9,21228.2,18417.3,17413.8,21660.6,19141.2,21691.8,21866.2,17186.3,19094.8,23254.6,19236.3,21208.9,17540,18081.6,21261.9,18365.3,21676.1,17760.8,22621.7,20177,19791,16951.8,19181.5,22355,19063.2,22523.3,18359.6,17433.5,18247.7,19066.8,22265.9,21272.8,23031.3,17526.5,18345.4,22303.2,19542.5,19188.5,19668.6,20792.6,23831.5,17935.6,23067.3,21593.5,21391.1,20871.7,22317.6,19965.4,22038.9,20036.5,23002.2,20827,19374.8,20811.2,17889.3,20698.9,21255,22960.7,18779.1,17763.1,20147.8,21038.9,18196.9,19366.3,22128.5,22090,22246.9,18311.3,21970.2,17692.8,20875.9,19813.7,18110.9,18048.2,22875.3,21967.8,21356.9,22002.6,22799.6,23478.3,22803.2,18033.5,19978.6,22597.5,18625.1,22850.7,23770.4,21858.7,23885.6,22604.8,21305.2,23429.2,22965.3,22756.8,20312.2,23388.6,23385.7,17899.5,18677.8,18836.5,22786.9,23006,19012.8,22318.6,16897.5,19677.5,21384.4,19875.1,18749,17308.6,22806.8,18683.5,17743.9,20969.6,19127.1,20712.6,20896.7,18806.7,22516,17502.9,18019.4,19392,18501.3,21359.3,19385.7,21022,18956.8,22494.5,18353.4,21857.7,21563.7,20221.6,20614.3,18695.7,23798,21681.1,22581.8,23141,21660.7,21251.6,19865,23767.4,19535.5,24780.7,20443.2,19673.3,23891.4,18751.7,23547.4,22995.7,21751,24609.7,20610.2,20143.3,18635,19628.4,24746.7,23440.2,25200.8,21371.5,23674,23217.8,20442.1,24833.3,23896.5,19100.2,21788.2,19076.2,20774.4,22925.3,23117.8,19739,21908.9,22047,20807.4,22222,24571,24366.1,21583.4,24123.2,24852.3,20402.5,19467.3,25002.9,21336.5,20003.9,25248,21746.4,25414.1,19568.5,23935.9,19763.8,23608.6,24784.1,21293.3,23662.7,24950.6,29633,36709.1
35076.4,31055,24880.5,23775.5,21272.4,19854.4,20809.4,20252.6,21986.4,20024.7,19737.4,23873.7,19478,20712.5,18307.2,22354.5,18627.1,18018.4,18939.7,20140.7,21508.3,18244.9,23883,17927.1,21146.9,19802.5,19598,20357.3,22967.5,19405,22099.9,18871.2,20861.9,20806,23370.5,22441.6,23117.4,20138.4,21375.2,20361.6,18192.6,22862.1,21337.8,19650,19550.2,19942.8,19876.2,18935.4,20785.5,18831,19050.6,16507.7,16250.5,20241,18722.1,16121.3,18825,19869.2,15978.9,16475.3,19512.5,20429.5,17204.2,20228.5,18009.7,18617.7,21628.6,21615.8,22209.1,22164.4,20157.9,21228.2,22752.3,20129.2,19400.9,20526.2,18846.4,19479.7,21877.8,18454.3,18210.1,19032.6,21028.1,21210.3,22302.2,23325.5,23002.6,18746.2,23142.8,17960.4,23136.8,22365.3,21662,20953.1,21639.8,18192,21404.1,19875,22676.8,16375.7,17133.1,16756.5,16126.5,17878.4,18053,21788.9,19863.7,15965.4,19322.6,18540.4,21141.4,19176.2,17093.8,19810.4,18255.9,16251,19252.8,18211,17920.9,16581.2,18850.3,20941.3,21499.5,18909.3,19863.4,16659.5,18560.9,19903.7,20933.6,17203.9,17847.6,19046.7,20192.7,23106.3,20585.4,19237.8,17648.9,18178.8,21568.3,21120.2,20615.9,16879.3,21527.1,18165.8,17111.3,16131.1,18668.9,19270.3,20616,21703.5,22344.5,17615.7,18755.4,21548.8,17749.7,17635,20545,19266.1,18117.7,17724,17477.9,21734.7,19596.6,19169.8,16937.3,21732.5,19027,20025.4,16724.7,20102.6,22630.9,21911.1,22133.6,21103.1,19783.7,17915.6,20314.3,19129.6,20525.6,19716.7,22455.9,20188.5,19044.4,23615.2,22400.6,18880.4,20065.9,18059.3,21705.7,19204.4,18901.8,21141.7,19809.4,20962.9,20200.2,21866.7,20524.6,21186.8,17970.7,22599.8,20996.8,19980.3,23236.3,17662.7,21671.8,18058.3,21938.5,21845.7,17700.5,18870.3,21932.4,18746.7,18085.9,18081.8,21159.6,21603.2,19985,19807.7,21749.2,18148.3,19658.3,21515.2,20137.9,21750.7,18726.3,17946.1,18620.8,21892.8,23544.2,21189.1,20891,17105,20296.4,22616.6,18482.8,22397.1,17124.2,20870.6,18877,18559.4,20522.9,22485.5,21445,18554.4,18202.2,21432.2,19873.5,17783.8,17861.7,22429.6,23095.6,20861.5,20814,18711.5,23546.4,19200.7,18375.8,20976.3,17764.6,19643.5,19585.8,20584.4,19638.8,19450.3,17081.2,21709.1,22284.8,19313.4,20757.6,18044.8,20248.2,22454.1,22044.7,20357.4,21634.5,20899.4,17534.4,18129.8,23334,22872.5,22355.9,21229.8,20623.5,21607.3,19315.6,19409,20525.5,17982.9,19829.6,20498,18421,20860.8,19027.7,22905.6,21009.3,22105.7,18516.2,18191.7,18346,17630.2,19489.2,17980.5,19895.1,21486.2,22542.5,17767,23426.1,18488.5,22324.2,22710.7,20543,19326.5,18335.8,21282.8,23452.2,22319.2,19056,17835.3,17736.5,22610,23151.1,20294,24459.6,21382.5,18321,24005.9,24157.8,20332.3,24602.9,23686.7,23517.4,25275.2,23432.1,22866.7,20856.9,23238,19886,20708,22600.3,25128.6,22230.2,22396.2,21273.4,24770.6,20236.7,21903.1,20562.4,19616.7,20212.8,24253.4,19272.3,23030.3,19462.9,20746.7,21689.1,23954.7,24571.1,23717.4,21527.2,19316.4,18939.3,20494.8,23772.9,19772.1,22046.1,23726.9,21893.2,25190.1,24960.1,21043.2,23320.1,26026.6,26056.2,22819.7,19527.6,23007.9,23751.2,21269.2,25457.2,25185.4,25306.8,23850.6,29420.9,32035.5
35525.5,33143,26233.4,23785.6,24660.6,24523.6,19470.8,19752.8,23069.3,21997.6,23630.2,19128.7,23729.9,18520.2,20717.1,19874.7,22972.9,21755.2,22693,23667.2,18747,19840.4,19714.4,20522.4,21155.9,18569.5,22372,20205.4,21083,21194.8,23440.7,19652.2,24131.1,23321.7,21451.8,17259.2,18817.4,22049.1,21068.9,17478.9,20801.5,17814.2,20487.4,16478.3,19459.1,17906.5,18107.2,21650.3,22569.9,16380.3,19443.3,17034.5,18380.6,18213.9,18791.9,20042.6,22010.4,21971,16473.8,18035.4,17560,18809,22092.7,21100.8,17858.4,19527.6,18000.4,16094.8,18096.2,19727.7,18919.8,16364.1,20207.5,19591.6,17607.7,21231.6,20851.6,21677.1,20426.9,17930.5,20518,18004.3,22936.9,19284.5,22821.5,18965.7,21947.9,20627.5,20261.6,20568,20605,18825,18012.4,23310.1,21933.1,17966,20812.8,17602.9,17071.4,20588.1,22476.8,18357.9,20497.5,22543.8,22344.3,17678.3,21204.3,16147.2,20105.3,20592.3,15860.7,21324,20588.7,19615.3,20523.4,19183.9,17970.3,22535.5,19915.7,20997.1,18005.6,18461.7,19093.9,19707.7,23354.4,19506.7,20965.2,20081.1,21775.2,17411.1,22702.6,19423,19509.6,22257.6,21926.9,20021.3,17123.8,21716.5,22095.7,19344.5,17654.2,21269.2,19002.3,20854.6,19999.4,17720.4,22362.4,22040.8,21573.9,19451.6,18093.6,16827.8,22582.4,19709,19336,16435.4,22416.9,18778.8,18192.4,19681.1,17115.4,17909.4,20815.8,22604.2,18597.1,22563.1,16858.5,21160.3,22994.6,20248.4,20632.9,22087.5,19290.4,22746.8,18842.6,22685.8,23182.3,20149.8,22126.7,23131,17759.4,18697.2,23154.6,21532.8,23063.6,22155.4,20728.5,20432.8,23126.4,22199.3,23208,22885.5,19555.6,18523,20103.5,18186.4,22794.5,20865.8,18193,22536.2,18130.2,17730.1,23196.2,20301.6,21846.7,17818.9,20361.4,20298,21910.7,20910.4,19492.2,20002.2,20581.8,17654.6,21740.7,18155.7,21522,21195.3,21025.2,22076.8,18909.1,20226.6,18946.2,21353.3,22188.2,21426.9,19071.8,18948.1,22922.5,21886.9,17374.5,19036.9,22519.6,22468.4,18183.3,21997.5,18523.8,21471.2,21690.9,22071.8,17814.1,18915.3,18892.5,18474.8,17467.2,18531.7,23007.6,22747.7,21274.7,22650.8,17677.9,21588.3,19314.5,20366.7,22248.8,23132.8,17638.9,22590.6,16704.4,16827.7,21881.5,21021.9,22396.5,17327.9,18448.9,23318.8,17532.7,19823.4,21653,24081.3,22229.2,20752.7,23443.2,19619.4,19578.5,18339.1,19063,20463.7,22216.8,23651.7,21150.5,23560.9,20590.9,20170.8,22251.5,19144.5,22093.1,19707.1,19335.7,18891.3,18314.4,17383.1,19126.4,22513.3,19616.8,21615.5,19408.5,17780.1,16662.1,20446.3,20717.8,20496.4,17604.5,18943.4,18367,19916.3,17213.4,17325.8,22766.8,23381.1,21553.9,21797.4,19273.9,23216,21059.3,20272,23220.4,23565,20059.7,22817.7,21665.5,21754.9,19194.8,22601.1,24008.2,18419.3,21926,21793.1,23499.2,20615.9,19680.5,24900.1,18965.5,22582.7,20663.3,19246.4,20012.8,19831,19021.8,24715.1,22199.9,24460,23165.3,24775.5,20016.3,24735.9,21639.7,24138.6,21200.8,19397.9,23021.4,22760.8,19944,23803,21021,22678.5,25190,19653.4,20209.4,19407.7,23283.6,21384.7,21351.5,21562.2,19515,23646.3,18617.5,24823.9,22768.5,21277.9,20270.2,23056,21166.7,25996.8,20564.7,24242.2,24151.3,26224.8,24622.2,21017.5,21626.5,28189,30404.2,33079.6
33400.7,29564.8,28460.6,28049.1,24311.4,25154.3,23181,22971.9,20191.8,24664.2,20071.1,20247.1,23498.2,19514.4,21904.3,22750.6,22971.4,21861.5,24122.8,20309.8,22738.6,18539.3,22220.7,17893.5,22660.8,23620.3,20707.7,19411.6,17983.2,17965.1,23491.8,19715,22758.8,18716.5,22133.9,20187.6,18471.5,23015.7,23527.2,20571.6,22913.2,20635.1,19049.2,20585.3,19881.5,19581,21375.6,18921.6,18072.7,17640.8,16236.2,21464,20666.2,18651,19206.4,17795.2,19307.6,16083.7,17675.3,17105.5,21007,19758.2,18770.4,22000.6,16990,19924.7,20043.8,17670.3,19445.5,16439.1,18155,18512.3,22903.1,22273.1,17753.6,18324.4,20096.3,23177.3,22883.3,17546.8,23113.7,21927.8,22148.2,22541.5,18611.9,22755.5,17993.1,19112.3,22983.6,17675.5,20368.4,20511.8,18783.4,17331.5,19929.9,23172.8,17216.9,18652.8,20241.8,21565.5,22562.4,18253.3,21345.3,20218.3,18857,16386.1,22026.3,20607,20150.7,20963.3,15834.1,22224,20644.1,20372.5,18120.6,19082.3,19682.6,18421.4,16527.3,19589.7,22865.1,17195.9,16900.4,22467.1,17096.2,19318.5,20885.1,18001.2,23080,23573.2,18561.2,20320.4,18216.6,21302,21384.3,20593.5,16679.5,17651.9,18399.8,16297.3,17566.4,16834.3,21673.7,16589.5,21795,21183.1,21586.6,17198.7,18852.9,21567.9,18727.4,19368.1,19704.1,18051.6,14676.2,18977.7,21111.3,17534.8,17702,19359.8,21966.3,17923.6,21721.1,17166.4,20458.4,17944.7,18988.5,22037.9,22906.8,19665.7,19737.5,18395.4,18215.7,18839.4,20465.8,19172.6,18884,21210.5,20479.9,18906,23694.5,21552,19508.5,23747.8,22115.8,20558.5,18971.9,17732.3,21625.3,20697.1,20811.4,20894.2,19482.7,22873,18934.2,22125.3,23075.3,21535.8,20986.1,20312.8,20961,19618.8,23407.8,18335.2,17806.2,21373.9,22325.1,17513.4,21292.5,17468.9,20117.1,23067.4,21367.7,17364.1,17697.5,17155.6,19063.1,18354.3,17261.5,17830.6,18979.6,18890,22292.3,20962.2,20434.3,23716,19369.4,22444.1,23508.4,18850.2,18676.1,19547,20626.2,19017.9,20715.8,16970.6,17704.3,23185.1,18748.8,18592.9,20093.7,20587.4,22176.2,22312.2,19022.2,19108.7,20009.9,20300.5,23548.9,23890,22735.5,18356.1,21177.6,18087.8,22677.8,17440.1,18365.6,17149.5,20682.1,17453.9,17986,21368.7,21191.1,17752,21854,19789.5,20789.1,23859.5,19837,20907.8,21740.1,22452.2,22635.7,20468.4,19476.7,19131.4,23865.3,21006.2,21823.9,20738.1,20132.4,18242,19038.3,22803.2,18869.8,20306.5,17406.4,20551.6,21630.1,20390.7,17724.2,18343.4,21912.3,20953.2,17184.9,22848.6,17750.7,18135.9,18501.5,17467.6,20469.9,17092.8,18445.3,18550.1,17965,22945.6,22146,21469.2,20118,20908.5,20995,22988.5,17697.9,21806.7,18908.3,22916,17727.6,23276.6,20346.7,18296.5,19208.8,21445.1,24121,21371.7,21298.3,20493,22135.6,24569,24449.8,20551.3,20880.7,21297.5,21320,25130,23498.1,18968.3,20403.2,21239.1,24176.2,19238.1,20043.6,25243.6,22252.7,19176.4,21045.7,20563.3,25349.2,24074,19097.4,21039.2,23671.8,20700.3,19237.7,23662.8,20210.3,20787.8,19347.9,19088.5,23558.8,19950.8,23055.3,21357.8,23837.2,19006,19449.8,23842,22148.1,20792.3,22100,22066.8,26017.6,20586.9,23866.8,23744.4,21022.8,23013.7,21426.9,24126.5,24794.2,26834.9,22449.6,29655.2,30240.3,35282.9
36246.8,27466.1,27409.9,27519.9,25913,25631.3,22758.7,23173.4,24168,22272.4,20723.3,19644.1,20759.1,22283.8,21446.7,22238.9,19581.9,23113.6,22596.1,21004.5,18548.4,20331.2,18336.8,21744.9,18603.4,19474.9,19022,17892.5,18936.8,18449.4,19581.7,22316.6,22213.6,20358.1,19534,17207.5,22700.2,23617.2,22800.3,21527.3,21678.9,17628.2,17980.6,20673.8,21244.8,16732.2,19378.5,16854.7,20527.3,21772.7,18784.7,21793.3,22366.6,20585.5,18373.1,22504.8,18704.6,19669.9,16044.9,18156.8,20260.2,17522.6,17281.6,18513.8,17935.9,18700.9,17167.8,16104.5,21297.4,20499.3,19682.7,16873.6,18247.4,21360.1,21044.9,20461.7,21388,17456.9,21126.7,21842.4,20851,18390.7,18440.9,18243.6,18510.2,20696.9,21973.1,19383.2,23331.7,19931.3,18000.4,17255.2,18238.2,20619.5,18731.7,17078.3,18146.2,20705.9,21998.2,22505.4,17272.3,21950,17751.9,19593.2,16470.6,19159.8,16343,16777.4,19204.2,17788.4,17765.9,16347.1,21120.5,21021.9,22205.5,20692.3,22335.2,17715.1,16571.6,17533.9,19952,22425.9,19384.4,21660.6,22096.2,19941.9,17235.2,18242.1,18352.6,21601.7,20166.2,21848.1,21403.5,21661.2,19270.5,17255.1,18252.7,18832.2,22174.7,20343.6,16667,19810.2,20469.2,21385.6,22034.7,18909.6,20827,16601.9,18725.1,20294.8,18727.7,18936.4,20134.7,20362.1,14811.2,19265.5,18234.3,20660.1,22163.3,20408.1,23033.9,17913.4,18271,20598,20807.4,22675.8,22256.8,19214.3,18473.9,22941.8,21231.8,19189.9,23899.6,21401,20667.3,21663.5,18599,23742.6,19198.1,21185.7,17734.7,18397.3,17725.1,19853.6,23892.7,23164,18378.4,18529.4,22379.7,18085.5,19596.3,21070.5,18133,20130.6,22300.4,22957.8,23130.4,17977.2,21451.8,18706.8,19710.5,22399.7,20697.9,19271.9,20219.1,18051.4,21679.7,22274.6,18201.9,18066.6,20800.8,19521.5,17020.8,17430.4,19490.5,21981.2,20731.3,20630.9,19152.2,20378.7,22829.7,20512.5,19718,18597.2,20051.4,23726.3,19419.2,19400.6,23280.1,22289.4,18390.5,23291.5,18815.8,21212,19896.8,17026.2,17545.9,20254.4,20901.9,19230.3,20467.4,19654.9,21475.9,19898.6,17659,22576.9,17700,21104.8,17851,21827.1,18909.5,22553,21358.6,18220.3,22597.4,22913.8,21370.9,19918.7,20604.2,19790,20554.3,22027.9,18170.6,17064.4,23476.5,19971.9,20634.4,18532.4,21216.4,19443.8,23007.2,18478.8,21008.1,24282.6,21715,19718.7,18187.1,24010.5,21277.9,23172.4,19045.6,20429.1,23055.4,17316.3,22071,21123.6,18515,22440.4,19130.8,19853,21614.5,22303.4,22687.5,20512.9,19236.2,17230.2,17306.8,19113.4,18197.6,18175.4,16706.5,20424.4,20006.2,17449.8,17206,21518.4,20506.4,21326.5,19472.5,21298.7,17187.7,18731.9,22312.8,18255.5,23256.7,20767.7,19131.5,19609.2,18081.8,19400.2,19448.4,19566.4,21196.9,20744.2,24453.1,19617.8,22813.7,23387.1,19950.8,21944.9,21507.2,20887.6,24651.6,25204.6,23820.7,23278.6,20589.7,20444,19440.4,22658.7,21369.1,25026.7,23029.9,24256.5,25942.5,24497.7,25449.7,19690.2,20847.8,23029.3,20676.1,21897.1,20928.2,19615.7,20932,21934.1,20348,18885.3,20446.2,19218.7,20952.9,20563.4,20110.1,20565.8,23832.1,23018.8,22328.9,21187.1,19594.2,20254.4,25804.7,23780.9,19976.3,24400.9,20869.5,24999.5,24161.3,23485,24501.3,24903.8,22471.7,28575.4,26903.1,31736
36078.2,31489.4,24990.5,25280.8,21057.8,24752.6,19853.8,19156.5,22375.7,24411.2,24788.5,23113.2,21955.5,18679.5,23363.7,23226.2,23517.8,20548.4,24702.8,23866.3,21629.7,22464.5,19935.8,22254.7,21812.9,23601.9,20305.4,21530.2,22131.7,21813.7,22603.2,23679.7,20885.2,22057.2,18814.7,18998.3,22401.6,23509.3,21054.2,17073.5,16911.7,20216.2,21970.4,21547.4,17988.5,17031.9,19538.3,20965.5,22015.7,20506.9,20820,21858.8,20842.9,18960.9,19069.3,20740.5,18182.2,16426.7,17522,21756.1,18775.8,16615.1,20222.5,20636.5,21175.5,17922.1,16269.2,19731.5,18795.5,20991,21221.2,16652.1,19047.2,18000.5,18443.2,22008.9,18847.3,20863,18349,19305.8,20160.6,17260.7,21176.5,19096.1,19945.6,21823.4,21617.7,23833,18741,23527,22335.3,23036.3,17528,20899.6,23067.6,20813.3,22791.9,21649.5,20053.3,21451.5,19069.4,16756.8,21930.8,18927.1,20816.5,18432.4,21338.1,16908.1,19169.7,20135.3,21574.4,16601.4,19886.7,20485.1,21459.9,19214.8,20953.5,17348.2,22745.9,20952,19052.3,19104.6,19808.2,20539.4,18464.7,23385.3,18518.9,23452.5,22098.3,23323.9,17380.4,21771.9,22725.2,21924.6,19835.9,17991.6,22442.7,19352.2,20417.9,18676.7,18042.9,20043.6,16327.6,16363,20978.3,19537.4,21958.4,21540.1,18029.3,17570.3,18158.8,18019.6,22023.4,22266,19312.2,20142.6,17279.7,21514,16884,18523.7,22571.5,21113.8,19820,20300,18481.9,19184.5,21348.3,22079.3,16715.7,18667.5,18932.8,18814.3,21522.7,18610.1,20292,19705.4,22023.7,17747.1,21547.1,18107.7,20435.7,23374.1,23537.5,24260.1,21275.7,24270.8,23364.2,17928.6,21424.2,23501,20841.1,21622.7,20759.2,19013.4,21570.2,22554.5,17104.3,17803.4,19564.3,21307.4,21554.4,22947,20337.9,20630.7,19789.2,18202.1,22591.3,16786.5,20588.6,20905.8,21240.9,18381.9,17416.7,17192.6,19591,21193.1,23000.5,18678.6,19328.3,19574.4,23643.6,23068.7,23611.5,17834.8,21111.8,19094.5,19331.2,21861.9,22240.6,19210.9,20794.2,17166.7,18513.1,20424.3,21104.2,17931.9,20805.3,17058.2,21474.5,18541.9,21741.5,19982.3,17486.2,18900.2,19036,22768.9,17571.3,17745,19767.9,19245,21741.6,17241.5,17827.1,18380.6,21105.5,23496.9,17447.8,17904.6,22435.1,17646.1,18101.8,23111.9,17136,22639.5,19917.1,17349.6,17285.4,17870.2,19413.5,23210.8,17479.2,22232.6,23025.9,19757.7,20106.7,18049,20420.8,20628.3,23675.7,19873.3,18467.5,20275.6,22398.6,22126.2,18662.9,18465.6,20180.2,18303.8,17836.7,19117.5,18135.2,20106,21215.6,23325.2,19500.9,17119.4,17436.4,20190.4,17730.5,21608.4,21366.9,19456.5,17453,18762.9,22598.4,23566.5,20000.4,22313.2,23308.8,19029.5,17479.3,21158.2,19604.5,18100.6,21185,19726.8,20770.4,23717.9,17921.7,21704.6,21870.5,24614.1,22234.7,22061.2,19703.5,19001.8,18972.1,20829.9,24408.4,21657.4,21432.6,19828.1,21932.1,20549.6,24429.6,21274.3,23176.8,24264.9,19542.5,24832.1,18525.3,23005.5,19489.5,24874.5,24188.3,23861.8,20483.6,22955.2,21273.4,20460.2,20513.2,23863.6,19810.7,21377.5,22290.5,21004.4,23305.7,19481.9,23433.5,23121.7,21184.2,24646.5,18444.2,24451.5,19244.6,24961.1,23548.7,19099.3,24451.8,20163.9,21639,22846.8,24968.6,22296.8,21826.7,25710,24838.8,26443,21125.2,21361.8,23644.1,24591.9,26600.8,37605.5
33409.8,30088.6,27795.2,26416.2,23398.3,22323.1,22459.9,22134.1,23823.9,24130.4,22085,23684.2,21312.6,20876.8,23596.4,20370.9,19495.8,21139.6,19680.6,18711.1,18779.1,24007.7,19595.2,19825.1,19291,22109.7,24209.6,18966.9,21701.8,23439.2,21146.8,20061.5,20286.9,17991.8,22481,17551.1,21867.3,18378.9,20486.6,17096.6,22740.2,20117,22843.3,21558.7,21527.6,20456.3,19350.4,16919.9,22515.8,17076.7,20684.4,19826.7,19737,21530.1,18204.7,20195.7,16370.1,21138.6,16970.2,19784,17482.8,16301.2,21641.7,21555,17667.8,17603,20448.2,16650.5,19223.8,21574.6,18084.8,17125.6,17195.1,17048.2,17250.6,19620.2,21800.4,18219.9,22110.8,17022.9,19270,22368.5,19525.7,22285.4,22222.4,22843.5,18089,21462.4,22897.8,20688.8,23535,21707.6,20839,20465.7,22443.4,19857.5,19658.4,20757.5,16485.2,22016.6,16599.8,22015.9,16706.7,22485.4,18159.2,20594.5,19444.2,18555.2,21781.5,20191.4,21548.8,21929.5,18617.2,20724.4,22194,20765.8,21832.3,21530.1,17281,17003.7,17928.1,18391.3,18346.6,18236.2,18806.2,19685.4,18514.7,18399.3,19458.8,22791.4,21062.6,23030.4,23669.1,17950.9,18740.8,21583.3,20255.7,16349.5,20650.3,16519.8,16770.5,20274.7,21546.3,22077.9,16286.5,20130.3,17503.6,18520.6,19822,18838,18867.2,16868,19825.1,22650.7,15805,16173.8,21121.2,21309.1,21370.2,17299.7,22810.5,20898.4,21483.1,21702.8,21109,16888.4,16999.1,22612.4,22683.8,17355.4,17334.7,18228.7,21915.7,20829.7,17452.1,21376.3,21783.2,23866.2,18601.1,20381.6,22229.2,22392.3,24108.9,20963.6,19172.2,19668.3,21348.4,20751.2,17385.2,17694,19733.5,19567.9,23113.9,21964.4,20345.6,22444.7,23743,17876.1,18034.6,19920.7,21835.5,18662.9,20353.6,20515.8,20696.5,22301.2,18365.2,21881.6,22783.7,17495.8,20660.1,20866.3,19682.6,20388.5,17583.7,21942.3,17707.3,18042.5,22619.6,19257.7,21438.7,22299.3,22296.1,19642.9,23881,22227.2,18884.7,23294.5,17363.4,22878.6,22313.2,17040.1,22997.6,23442.1,22814.2,19661.8,21133.8,23441.6,22775.1,18077.6,22718.1,19939.8,21442,20145.4,17285.1,18029.4,21067.7,21704.8,22055.7,18397.2,23424.9,19420.3,20537.2,19214,21206,20565.6,20941,20264.1,18053.3,20564.3,22689,20545,18203.4,21330,18297.2,23700.2,23155.2,20981.5,19810.8,22993.1,23208.5,23813,21981.5,24486.8,19911.2,17953.4,24017.3,20083,18836.8,19223.6,23651.7,23964.9,19883.8,21082.5,21500.7,22046.6,17226,21063.8,20111.5,21427.3,20237.4,20918.2,17523.2,21806.7,22404.7,18334.1,19093.4,21256.2,21071.2,18720.3,18624,19890,19926.1,19560,18415.2,20910.9,18121.2,21001.5,17475.6,19891.3,18609.8,21290.3,21745.3,21434,22472.7,22880.3,20637.5,21777.9,23789.4,20388.1,20806.8,18659,21726.3,22521.1,20852.7,21634.2,22689.5,21905,23119.1,21934.6,20130.4,18968.5,19495.8,23835.7,20601.1,20450.9,18579.7,21548.3,24191.1,24865.4,21211.8,25218.6,25083.5,23235.8,21358.3,20258,24793.3,24422.1,24321.5,23144.8,19565.1,19159.3,19757,23908.3,22144,19397.2,21926.6,19179.3,20472.9,24444.2,23497.8,20209.5,20431.4,22088.2,22766.5,22914.1,21544.9,21835.3,23592,22476.1,22942.5,22125.6,22600.7,19809.3,23088.9,20099.6,24598.9,23858.5,25494.9,24464.3,25589.5,27639.2,26470.7,36832.1
31676,29246.7,29688,27792.7,20800,24095.3,21242.1,23986.6,23259.2,23801.3,19079.2,22962.6,20477.5,23637.6,22873.8,23776,19637,23844.5,20944.7,22186,19471.3,22693.6,22452.3,20246.1,21433.7,21614.1,22896.6,20493.4,24331.7,19792,20400.2,18754.6,23436.5,19369.3,17591.2,19913.5,21868.2,21172.9,17667.5,17021.7,23230.1,20485,19486.3,19312.2,16964.5,20448,21591.4,18292.9,20434.6,19357,18199.7,17054,16387.8,21452.5,17624.2,20013.2,17025.7,21220,21954.8,16972.8,20192.4,19577.5,16641.1,20074.7,18426.2,19377.4,21531.3,16466.9,21952.4,21524.1,19988,19681.2,17031.7,18912.1,16460.2,17709.4,22511.3,17998.3,21754.8,20116.5,20540.3,18163,17721.9,20164.4,19998,23378.8,18432.1,21818.2,19528.3,20074,22808.9,22514.8,21686.9,22843.8,23219,23158.1,18665.4,22962.1,17501.8,21015.6,21845,17054.4,19521.5,17869.9,18815.8,15907.9,20826,21260.8,21424.1,16557.6,17221.5,22415.8,16960.7,21905.3,19773.4,22620.7,19956.8,18621.1,21965.4,22824.3,18741.4,20016,17744.8,22866.2,18167.6,17334.2,22493.3,23274.5,17958.8,17407.5,17560.8,20554.5,17538.3,22366.3,19358.1,19256,20998.7,17701.5,22073.4,18812.4,21447.9,16843.3,22177.5,17536.3,20128.6,21765.3,21061.5,19131,19692.5,18199.6,19218.3,16979.6,19657.1,20250.3,20141,21490.1,17789.5,16894.4,23127.1,23280.4,20820,20623.2,17609,20044.7,19213.4,18143.1,17819.4,19893.8,17428,20178.8,21421.2,19844.5,23385.7,18609.8,18416.5,22214.8,23025.7,19716.3,20312.6,21212,23240,20579.4,19471.8,20175.7,19542.4,19028.9,22987.9,22009.2,20853.4,22483.9,20739.9,21310.4,18686,19490.6,17790.5,17870.6,19282.9,18129.6,18737.9,17957.7,16992.8,22547.9,18509.6,23377.3,17576.1,19664,21003.9,19287.1,17449.3,18410.5,19333.2,22800.7,23244.4,20539.7,17322.2,23272.6,21942.9,23617.6,18594.3,18796.6,20467,22847.7,22573.3,19015.9,21536.8,18716.7,21896.1,17811.7,18061.1,20650.3,23059.8,21239,18987.1,22154.4,21999.5,17829.4,18429.4,22581.5,22503,18631.2,17274.2,23386.2,20666.9,18040.6,21542.7,22837.4,20233.4,17567.3,22809.4,21046.5,19101.1,23819.4,23431.8,22246,21878.3,22191.3,17029.9,21616.4,23209.9,23377.8,18845.9,22267.6,19679.7,17465.6,16844.2,20274.1,20564.9,19098.6,23617.1,22089.3,19800.7,19454.8,18623.8,19628.4,21156.6,22653.4,21996.5,19421.3,22128.6,20873.6,20511.1,20790.6,22707.8,21898.5,23619.6,21340.6,19475.2,21578.2,19527,22089.4,21026.6,21779.6,17617.5,19521.1,20046.4,18737.5,23356.8,23300.2,20269.3,17217.8,19947.3,18971.9,20734.7,20331.9,18829.9,17380.8,20827.3,17880,18629.3,20901.2,18562.9,24032.9,23705.4,20804.5,23790.2,18207.1,21116.1,21162.7,23305.8,23380,20357.2,20820.6,21891.5,23016.2,20729.6,21475.1,21139.4,21172,20749.8,24116.4,22616.3,22962.4,22176.1,23152.6,20630.4,19032.1,22893,22509.5,20415.5,21211.2,24693.2,23653.1,19861.5,20514.1,24985.2,21201.6,23198.7,25257.4,24884.2,21769.4,20987.5,22200.6,20024.6,24191.3,19881.7,23426.7,21023.3,20277.4,18955.6,21369.2,20190.6,21011.5,21839,20316.8,23126.4,23457.4,22144.8,19601.1,20853.7,22855.9,20633.4,22226,20848.2,19780.5,20508.3,25239.2,22117.6,21633.7,20511.4,20332.6,25119.1,29324.1,32015.6,31093.6
34228.1,27224.1,27347.3,21952.7,20623.1,25149.8,25830.8,23610.2,24684.5,22629.2,22856.5,19533.1,22952.4,22616.4,19016.8,22768.2,22192.1,19618.7,22800.6,18248.2,19652.8,22541.7,20741.9,17939.6,22719.7,19009.3,22871,22469.6,24332.6,23738.1,19943.6,19013,17878.2,17895.3,23722.1,21732.2,18482.2,23160,20325.6,21471.9,17464.5,22081.2,19691.1,21867.7,20195,21703.6,19755.9,19833.3,17985.9,18176,18184.3,17611.1,16466.9,16298.7,17138,20531.7,17761.9,18644.8,22249.4,19603.4,17506.9,20244.1,17360.9,22108.5,21568.5,21387,16760.6,21705.1,22369.6,21122.7,20578.3,20824.2,17220.6,22667.9,17412.5,19991.9,18106.8,20931.5,20341.6,19307,17300.6,18399.3,19000.3,18303.8,22618.1,17699.3,18416.1,20013.4,22411.9,18259.9,21785.7,21496.3,19405.5,16990.4,17477.2,22474.2,19621.8,21157.7,18771,19381,17836.4,19972,20247.3,18167.5,17176.1,21704.9,20930.7,21967.5,21616.4,20036.2,18935.9,20109.7,18292.7,19340,16042.9,17104.7,21567.1,19498.8,22640.5,19565.2,20803.6,21889.7,16847.8,22121,20397,21337.3,23308.5,19716.4,23043.5,22836.5,21091,19094,20621.2,19910.1,18235.7,20606.9,21135.7,22569,18760.2,19114.5,17654.6,21221,18977.1,21014.7,19149.9,21987.1,17265.2,18483.9,20547.7,18436.4,19721.4,17170.7,19721.7,20920.3,19623.9,16739.7,21943.3,20796.5,20466.5,21074.9,17381.4,23319,19716.6,18699.7,19498.2,17375,19741.1,20650.7,22406.4,23608.9,20239.4,22206.6,20957.9,21952.3,18519.7,21207.7,19533.3,19832.7,18467.9,21128.9,20036,20688.5,21611.6,22347.9,18567.5,24090.8,21874.7,22943.9,19044.4,18547.8,23426.5,18410.4,20979.4,21348,17621.7,23496.9,18063.2,20339,20892.4,21084.6,17274.6,20351.7,17473.9,18911.4,18508,21488.8,22603.8,21680.7,18121.1,16914.6,19556.4,18705.7,17557.7,18755.7,21023.5,20137.6,18557.6,19078,19984.5,19878.8,21592.8,18175.1,20907.6,20465.5,22713,18460,21652.9,18853.8,22517.7,21553.9,23496.4,21899.1,18165.5,23093.4,20018.2,18571.4,17429.3,20509,17785.2,20085,20530.3,18581.2,23411,23304.5,22046.7,18184.8,18751.7,22014.8,23147.8,19647.5,17332.3,21628.1,22039,21354.4,20868.1,19949.8,17919.5,23287.6,19650.6,19841,16834.9,20979.8,17778.6,23514,21538.1,20299.5,21673.6,17755.4,19028.6,24078.9,18507.8,19447.6,20552.4,23660.6,21004.5,22208.8,20733.6,23744.1,20369,20656.6,19659.1,21359.9,23522.5,21165.5,17443.7,23364.4,20398.9,21753,20977.7,17632.8,19020.6,17012,20794.2,17158.3,19673.5,23276.7,19249.4,20292.1,18803.9,18966.1,21814.3,19111.9,21908.4,22254.2,23639.2,22931.5,23824.8,20260.2,22628.7,21820.7,22415.6,18944.1,21072.2,19706.7,20597.2,22846.2,20215.6,21861.7,23039.6,19316.6,20526.7,24247.6,23430.1,22887.1,19580.5,18899.3,22392.1,18517.6,21737.7,19154.5,22978.4,23401.2,19926.8,24640,23791.4,22131,20142.9,18715.3,18881.2,25089.9,18708.1,21480.6,25037.9,20507.9,19680.4,21474.7,21301.1,20711.2,24414.3,23386.1,19467.1,21102.9,21394.4,22806,23710,19952.1,24363.3,19259.5,24755.8,20535.9,24810.8,20673.5,18437.3,22673.8,19729.2,20936.2,23276.6,22242.1,23750.2,23045.5,24768.1,22833.8,19741.5,23972.5,25205.6,25025.8,23748.3,22599,20431.8,23229.8,26155.7,24841,30038.6,32580.5
32972.9,28255.1,23807.1,27906.2,26632.7,25887.1,24582.8,19517.9,22541.6,21562,23518.4,24232.9,22363.8,24859.2,21257.8,22509.3,24670.8,18982.2,24628.8,18474.1,23792.7,21220.3,20658.8,20151,22294,20019.9,18183.1,18326.7,22676.7,19998.6,20928.9,18359,18212.6,19892.2,21799.7,22832.1,18905.5,19271.5,17695.7,17821.4,23130.3,17368.1,22275.7,20522.8,18531.6,18133.3,21793.6,21316.6,20156.5,19160,20214.3,20296.3,21751.8,16516.2,19071.1,21384.1,17306.5,17588.1,17683.8,21061.4,17124.5,22434.3,22035.5,16275.6,20116.8,22341.4,21014.2,19833.6,21752.3,20980.5,17982.2,16964.6,17604.9,20991.1,18571.4,19012.1,17501.7,23063.4,21927,21440,22492.1,17700.3,21566.8,17710,17205.4,17734,17208.7,18875.2,20154.2,17128,18765.4,23195.7,21279.1,18566.5,22202.8,20924.4,16796.3,19990.3,20080.2,19540,22071.5,22650.6,22870,19365,16504.8,19044.4,19721.9,22658.9,22099.2,20291.8,16445.1,20199.7,20930.4,20352.2,17823.2,16244.5,21031.9,21618.2,21901.9,22121.9,22393,19101.9,19092.4,19147.8,20311.5,17513.2,23508.3,19001.7,23098,19534.7,23807.6,23647.3,17888.9,21120,17320.1,22072.5,16929.2,22282,16244.5,22376.8,18494.8,20170.8,16693.6,18019.4,19187.6,19901.9,17185.1,21938.2,17726.2,18926.6,20857.1,21470.5,20258.9,18905.7,15101,20878.7,20526.4,18911.7,20358.6,17374.9,20660,20048.7,17422.4,17196.5,21909.9,22277.1,20158.5,22579.7,20817.7,22167.9,22459.8,23693.3,22559.4,21887.2,20002.8,23020.5,19475.2,23880.9,22459,22112.3,21475.2,20501.6,21188,21103.4,24196.1,23379.7,23645.9,20984.7,23532.2,19337.2,21509.7,22228.9,22451.4,22057.7,20906.1,22187.3,21876,20052.4,23381.3,19824.9,17837.2,21896.8,18232.1,20008.4,17353.3,22289.6,22072.2,22301.6,19308,17374.4,21073.4,17442.2,21834.7,20437.3,18105.7,21165.1,19726.6,22498.8,18302.8,22502,19922.7,22412.4,22512,20808.1,21228.7,18731,23832.8,18679.3,20499.9,20470.9,19229.5,19305,17653.8,19940.9,19892.2,19231.1,23196.6,19782.7,20488,17378.4,21092.8,20897.5,17669.9,19682.4,20733.8,19324.5,22601.2,20766.7,18241.8,19401.4,19986.2,20199.6,21565.7,21078.1,17491.7,17563.8,19627,17584.1,19901,19148.2,21791.4,21142.1,17869.9,23001.5,21851.6,18879.8,18688,21467.2,19562.1,19633.3,18079.2,19637.1,21863.6,21083,22389,20789.5,23164.6,23225.2,22140.7,22607.1,19972.5,21959,17417.8,23168.9,17968,21024,21783.1,22139.6,22239.3,17113.9,20702,19644.3,22805.6,18417.5,20616.8,17268.2,19699.5,19266,19194.3,17084.7,21501.2,17558.1,23704.6,22753.3,21831.8,6250.99,20378.6,18184.2,22460.4,24214.8,19336.1,22454.8,20906.4,23713.3,18291.9,20451.8,19892.6,20048,23826.6,21622.8,22704.3,20544,23014.7,22039.1,24117.8,23587.5,24523.5,23859.3,23062,24079.4,18980.4,22798.4,22788.3,18792.4,18694.1,24654.7,18893.5,21369.7,20463.8,22582.9,20057.6,22598.6,25338.8,23898.7,24773.8,25539,23241.9,22657.1,22300.8,20686.5,22022.6,24716.1,21963.5,24000.2,21783.1,20921.2,23692.8,24369.1,19130.5,22623.6,20534.2,18970.9,22506.2,21079.4,24604.2,22242.4,20553.2,22646.5,25963.8,22799,23683.4,20392.5,24479.5,21714.4,19812.5,23657,22382,23766.2,24483.4,24309,23256.9,29561.6,26408.8,33857.7
37719.9,30565.2,29139.1,22149.5,25079.6,19815,20845.7,19812.8,21754.4,23848,19418.7,19224.3,24397.7,21698.7,23482.8,22130.9,22007.3,19937.9,19389.8,23771.7,21660.6,18290.3,24078,22781.5,24182.3,20000.4,22491.8,23920,24051.9,18304.1,19683.8,21445.8,19345.5,23049.4,19756.2,21656.5,17686.3,20275.8,18286.1,18979.9,17015.1,20207.4,19719.9,17358,23199.6,21306.3,19678.9,19810.9,17361.1,17833.9,20199.6,20592.8,20516.2,20875.2,17461.2,20239.1,18231.1,16876.3,21500.2,16616.3,17027.3,20895.9,17154.2,18286.5,19662,18031.9,16188.3,19714.9,21880.5,16175.1,22425.2,17799.8,18832.8,22761.5,17828.4,21868.6,21998.9,18354.9,18070.6,20268.5,22284.9,20484.2,18164.4,18423,22289.5,19352.8,16974.1,20347.7,20210.1,22824.3,17265,20461.6,22103.2,20804.3,17460.5,18816.6,17207.8,20516,17712.9,18888.8,21667.2,18033.6,19811.7,18401.9,22009,20294.2,18669.4,21844.8,17738.2,20535.7,21074.1,20480.8,22269.2,19748.2,18642.7,18975.9,17192.1,16836.3,16993.5,18188.8,16797.3,18117.6,18004.2,19532.2,22925,18984.2,18113.6,23190.3,18013.1,22175.1,20825.1,21513.3,23781.5,21468.7,19600,20042,22555.2,22319.6,20950,17882.4,21596.8,18176.5,21158.7,22233.7,20474,18850.7,20826.8,18138.4,19314.2,21978.1,18262.6,19947.9,20313.7,22381.4,20172.7,20026.9,21878.3,23389.1,19910.9,21621,20104.2,17659.5,18325.6,18514.3,21663,19805.2,22771.3,18827.8,23120.2,18066.7,19978.8,21467.7,20929.7,20419.2,19267.9,23601.9,20071,23703,18259.8,21910.5,18811.5,23218.5,18729.8,18973.4,23625.9,20249.3,19997.3,21249.6,18532.5,23435,23244.9,17729.4,17361.4,21249.3,22271.5,18020.8,19729.1,20000,17566.1,21829,22387.2,22529.3,22098.3,17292.8,22026,22068.7,22340.5,21598.1,18246.8,17175.2,22073,17744.2,21584,18686.2,19347,18618.1,22227.4,20126.4,20195.2,16923.3,17022.9,18768.7,17164.3,23702,17717.3,18615.7,19246,18645.9,21026.6,22275.4,19508.9,22600.1,18047.5,23212.4,21485,19424.6,21525.2,19790.3,17750.6,21029.2,18655.8,23272.7,21391.3,23203.9,22113.3,18892.8,21005.9,20127.9,18177.3,20444.6,23183.3,22313.4,19642.9,18775.4,23483.6,19612,17704.2,18936,20342.6,20284.6,21983.3,21567.6,21802.6,17924.5,18397.8,20899.6,20414.9,21763.7,21891.8,18716.2,20184,18068.5,20272.3,23253.7,21096.9,20402,20846.2,20981.3,20399.8,18767,22725.4,18919.1,20222.5,23782.5,20246.4,22261.5,18638.7,19884.6,21777.3,17416.2,22691.6,18641.6,19356.8,17374.6,22116,18670.9,20183.3,21304.5,18890.2,22240.4,21141.9,23728.4,23912.5,20683,20245.6,17454.6,23625.5,18913.3,19547.8,23810.9,19799.9,20389.3,18048.1,22221.1,19492.5,21921.4,23070,20054.6,20653.6,24748.8,23090.2,24361.9,21940.4,24554.1,19967.7,20282.3,18978,19143.2,22298.4,22969.2,22698.7,19457.9,21704.7,20661.3,21598.7,19769.9,19288.6,19540.3,19782.6,20169.2,18537.1,22425.7,19698.4,19869.3,21166.9,22219.1,21514.5,21526.5,21117.3,24324.3,22904.9,24623.4,23926.2,19256.7,25633.1,24774.4,24144.8,20096.6,19703,22612.9,22206,22148.6,20924.9,23877.2,20068.8,22405.2,21335.4,22923.3,20335.2,25460.1,25200.5,19881.4,22827.3,21800.2,22143.2,23759,20586.9,23977,24995.2,22872.9,26827.5,28335.6,27606,31422.3
32878.1,30997.6,28290.8,26774.4,23787,20804.4,21848.2,21311.7,21211.7,24123.3,20985.7,21255.8,21978.2,24665.8,20053.2,24199.4,21925.5,21926.6,19864.8,18668.8,20457.6,19813.7,19582.9,20454,18788.9,18637.4,21491.4,19825.1,18699.1,21578.6,24081.3,21508.3,19505.9,23009.9,19111.1,19800.7,22135.6,19874.6,20588.6,20032.8,20023.9,19518.4,16994.9,17864.9,22636.6,21423.7,19740.2,19257.4,19987.5,18441.1,19690.1,16808.9,18049.5,18309.4,18928.9,17502.7,19056.1,19941.1,19538.2,18849.9,18344.4,16842,18186.3,16358.1,19404.9,21002.6,21801,19724.8,16307.8,19845,17607.4,20506.3,22025.7,20500.5,17839.5,18992.9,20832,17848.8,21017.1,23032.6,19974.9,20890.7,20172.2,19253,21690,20726,20247.5,21755.3,22571.7,20325,20292.8,17582.4,18397.4,20537.6,20994.5,19681.8,7066.6,19158.7,17793.6,20430.4,17494.5,21834,17261.7,19057.4,16462.9,18071.7,21680,18779.7,16452.3,17224,19282.2,19749.7,19095.2,21340.4,21017.1,20800.7,22247.2,20651.5,23006.3,18105.7,20173.8,18100.1,23370.7,18430.9,20638.1,17786.4,21457.2,19473.3,18238.5,18884.1,18324.7,20781.7,21998.6,17582.6,18756.3,16728.1,20027,22393.6,22251.7,18789.9,17027.5,16490.3,17119.4,16894.4,20232.6,22472.5,22476.1,18978.8,18223.3,17829.1,16377.5,21871.6,18161.6,18024.4,15300.5,18030.6,17594.7,21734.3,20477.2,22372.4,18151.2,22373.7,19597.5,20273.4,23412.3,18465.7,23298.4,23294.8,19812.4,17728.4,17752.6,17702.2,18289.8,23357.1,22243.4,23670.9,18701.7,23929.2,21603.1,22414.2,18157.7,19186.2,19878.2,17984.7,20930.3,19498.5,18669.1,22439.5,21075.7,22611.7,22314.9,22251,21991.1,23680.1,18844.3,17521.5,19547.1,18928.5,18040.7,21503.3,22467.9,20301.4,18298.7,23379.5,22214.1,19981.6,22438.1,17020.7,19749.9,22112.7,18025.1,19611.6,17398.1,20381.2,21589.8,22956.2,23449.3,18703.3,20754.4,17824.4,21374,19013.5,23137.2,18773,22580.6,19805.9,20556.5,19493.6,20938.4,19647.1,20762.3,19258.2,17837.8,20570.5,23468.9,17423.8,21308.6,22198.5,20342,21922.9,20076.8,22740.4,17730.2,20666.6,19601.6,21748.5,18537.9,18257.6,22735.4,18594,19445,20999.4,19185.2,23841.2,22873.6,20694.4,20107.9,21130.2,23287.1,19573.5,19286.2,22010.6,20411.1,18514.7,23408.7,20428,22600.8,21727.4,20214.5,21819.1,23305.2,22536.2,22749.5,24028.4,24217.2,20930.1,19933.5,21472.2,17608.1,20728.4,21211.7,19438.8,21532.8,18188.6,19077.5,22199,22071.2,22168.8,17309.9,22885.7,19672.1,23000.4,23271.4,16978,17655.6,18746.3,23228.6,21788.1,18763.9,18541.9,18763.1,18352.9,19398.8,20365.8,18721.5,20274.6,20822.7,18832.7,18542.6,20204.7,23214.6,20021.4,22375.8,19986.2,22180.3,22523.7,19076.2,20832.6,21001.7,21137.5,22095.5,19943.6,24190.3,19160.3,22184.9,23540.7,20081.9,23643.8,21592.6,21340.6,18668.8,25025.6,23751.2,20440.3,21693.9,20783.2,24479.9,18600.1,21589,23785,19956,20864.7,19785.3,23599.9,24003,21841.1,25258.1,21815.6,22450.7,20987.9,20875.1,19865,22146.7,22980,25654,21270,24399.3,23976.8,19212.7,20955.5,20753.1,21235.6,22923.5,22309.7,18854.5,23478.7,24171.4,21828.2,19363.6,23700.4,22412.8,23104.2,21616.6,21325,23905.4,23423.8,20130.5,24501.3,22060.8,26671.3,25911.6,26005.1,30216.3,31291.7
34588.2,28509,28106.5,26888.6,26608.3,24516.6,22593.7,25434.5,21475.3,21346.9,22046.6,22909.7,18436,23211.9,20612.3,20230.3,18536.7,20810.8,22245.2,20801.2,24312.9,22222.4,20587.9,21057.7,21124,18887.8,24107.8,19735.9,19584.3,23168,21213.3,24388.7,21778,20355,19130.8,22133.9,20421.1,20679.6,20782.2,18132.5,20583.7,18482.6,20373.9,20165.7,21890.5,22998.2,22067.6,20806.1,18250.6,18616,17797.6,20896.5,21898.3,17513.9,21634.6,18776.5,17353.5,20390.9,19019.5,16273.5,21528.3,18774.2,20727.5,17604.3,17049.1,18807.9,19616.4,21171.9,20482.7,21156.5,19369.6,16910.4,22148.9,20062.4,17950.1,22704.8,19849.8,18758.6,18384,16885.1,19382.4,16810.8,19493.7,23090,22712.2,23077.7,19824,20204.1,17703.7,18447.8,17522.7,22485.9,18319.5,20101.1,21254.5,21848.6,22216.3,20115.3,18056,18595.5,22077,17362.6,21070.3,20658,19107.5,21320.7,17928.7,19436.7,18994.6,22677.2,21912,20804.4,18830.1,17711.6,19767.1,20468.8,22099.2,22009.4,22790.1,18253.6,22873.2,18673,20538,20230.5,20917.2,17824.4,18123.7,21555.9,19474.3,22967.6,20525.5,19177.1,20976.6,18731.6,23380.5,19875.8,21144,21441.5,20651.7,20773.7,21550.3,18225.2,20148.4,20023.5,19403.5,16794,20401.5,19154.7,16716.7,20335.6,18296.4,18790.8,18699.2,17308.4,15121.7,16993.7,20942.7,22649.9,20101.7,21881.7,18052.8,20302.9,18327,21991.4,17170.1,21245.4,22290.7,17829.1,20588.1,23172.8,21695.4,23816.8,18938.8,22587.6,19289.1,21874.1,19397.6,23855.6,19388.2,23450.4,19187.2,17780.8,18071.6,20735.1,21205,18094.7,24046.3,22124.3,23827.7,24123.8,23456,22334.5,20689.1,19851.5,19609.9,20958.2,24030.2,20386.6,19744.4,18449.4,18476.1,22029.1,17625.9,17595.5,22408.9,18779.9,17410.9,16838.4,16552.6,19341.3,22232.8,21006.9,17636.6,21694.9,18313.5,22514.8,17104.5,20462.4,17315,18997.5,21210,18346.2,20477.1,18575.7,20703.5,23604.3,22493.3,23401.7,20302.5,21816.1,20811.3,17473.3,19093.1,18114.2,17259.2,21738.2,19708.3,17662.6,19350.8,22335.3,18120.1,21227,23823.7,22980.4,21305.1,19053.8,19864.2,21126.2,23421.7,19868.8,19634.3,19836.3,20194.8,19136.7,19004.4,20652,20442.8,23019.8,19701,18180.3,22187.6,19927.3,22574,20497.4,20136.2,21265,22331.8,24348.8,18815.7,22989.4,22257.6,23244.8,19090.9,19676.4,21917.2,18768.9,23021.6,23870.2,17632.4,19776.5,21348.9,20590.6,20439.9,22987,23054.1,21559.6,20983.9,21963.8,19445.7,22647,20363.1,17069.5,21315.1,21475.3,20165.1,18045.4,21960.7,20333.4,16849.7,16848.1,23062.2,17927.3,19727.7,22156,21227.7,21989,17867.8,21578.3,18462.3,22744.1,23366.5,21295.4,20865.6,18696.7,22616.7,18782.4,23559.6,20017.3,23989.3,19046.6,18484.5,20138.1,19263.5,24125.7,18797.4,19618.7,21863,24940,18647.8,24191.2,18863.3,20249.7,24747.9,23769.4,22171.7,24278.4,22028.1,25330.5,23860.1,25251.4,24596.1,19554.2,23364.1,21047.4,25948.3,19772.9,20946.5,20575.1,24979.4,25474.5,25440,22165.2,23360.1,25296.1,22783.1,19588.2,22939.2,21401,22331.9,24842.9,24532,23100.3,18919.4,23189.4,20284.8,20989.5,18989.9,20101.8,22750.4,20321.1,20010.4,21963.1,21351.4,20346.2,25434.2,23707.2,24026.2,20739.3,20834.3,22172.6,24730.5,26343.8,31584.9,31470.6
33447.3,28477.3,24978.7,24719.1,21232.9,24158.8,19469,19625.8,23991.8,22315,18480.1,19855.1,24742.7,19284,22448.9,19184.3,22410.5,18204.4,21443.3,21089.3,19001.4,18187.9,21043.2,21000.5,24001.9,19807.4,18237.4,22816,23410.8,23610.7,22897.1,20075.7,22954.5,23168.8,19974,22302.4,21867.6,22474.9,19284.5,22144.3,20170.2,22670.5,22015.2,19675.1,22339.4,21692.5,19385.8,18768.1,17776.2,19274.7,18867.2,20744.8,21412.1,21556.6,16920.4,16757,19352.1,22034.8,18026.2,18209.8,16835.5,20328.9,16382.4,16335.2,21303.4,16887.3,16170.4,19024.6,21669,21011.8,22565,17418.8,19030.3,22266.6,18605.1,22374.1,20944.6,19367.5,21808.2,19654.7,17657.1,21353.8,19881.2,22997.4,19263.5,20346.6,19036,23127.1,23385.2,17955.8,22372.3,17180,20557.5,22862.4,20648.2,20390.8,17349.8,16752.7,17104.7,22550.5,18165.1,22200.6,22623.3,18838.4,20793.7,17378.1,19923.2,18460.8,18379.6,18642.6,18258.1,19152.8,21347.6,18711.6,22717.9,21925.3,18925.5,22054.4,22340,20150.3,18662.3,17978.6,20934.4,19917.8,22958.8,23611.9,19957.7,23418,22252.3,20073.4,17918.7,17410.4,20486.5,22163.2,17538.7,20141.1,20438.4,20724.5,21692.3,20926.6,17487.1,16331.1,16674.9,21037.7,16596.3,17758.7,17523.1,19744.4,17035.9,19304.8,19494.1,20042.2,19334.3,21580.3,17772.4,20803.4,17564.8,20287.9,20328.1,21825.8,22025,19308.1,22395.9,20946.3,22315.2,22599.9,21601.9,23114.3,19071.9,21399.9,23220.8,18682.6,19024.9,17645.8,22619.5,20198.8,18682.3,22673.6,21303.2,20994.8,20321,19788.9,20983.8,18420.5,24139.5,23001.4,19560,22192.4,23232.8,19197.2,23805.8,20448.9,22299.3,19346.2,18609.9,22223.8,19871.4,17201,19917.7,23160,17936.8,21508.8,23057.9,19966,21882.4,20274.8,19491.2,22525.6,21374.2,23426,23125.9,18202.8,21322.9,20708,19867.8,19729.7,21937,21181.6,19961.9,22409.8,19257.8,22684.9,21973.4,19010,22872.3,22661.8,22575,17460.1,23549.5,19807.3,21527.8,19894.7,20806,17353.9,18628.4,17476.6,17749.5,23812.9,5797.84,21628,18757.3,17621.4,23367.3,20971.2,20630.8,18638.1,19159.9,18373.1,17835,17432.5,22849.9,19410.6,21121.2,18508.7,22267.4,17546.8,19966.8,23489.3,17012.4,21903.1,23143,18501.7,21592.7,17643.6,18229.4,19905.4,21731.2,17907.7,18507.2,20234.1,22795.3,22753.4,21913.5,18525.8,18667.4,18392.3,23178.1,20301.3,17321.8,18595,18318.1,18871.6,18382.8,22568.2,20714.2,21877.5,18097,22632.5,21535.1,23144.9,23387.7,19510,19459.1,18425.6,22714,19231,22259.5,22725.7,21430.6,20173.1,18379.3,18578.1,20030.9,21761.5,17226.9,19185.2,23579.2,20457.6,20479.5,19945.1,18302.2,23951.9,18312.6,19842.1,19671.9,20729.8,22048.7,22592.2,19569.5,22462.9,18659.5,21836,21577.7,22823,20049.6,20781.1,24242,19884.4,18582.4,20969.6,21350.6,19642.5,20291.9,19992.2,22514.9,24569.8,24638.9,20726.9,18991.1,20569.4,23398.6,21375.1,19198.8,23444.2,20756.2,24431.3,21160.9,19720,22576.6,20653,25425.2,25207.7,24378.7,21796.5,21452.3,25194.9,22341.9,20537.4,20294.1,22802.4,24557.4,23992.1,22675.9,20978.8,24615.3,21447.1,23586.9,21509.6,22896,19847.1,20659.3,21091.3,19895.6,19803.4,25861.7,22526.2,23640.3,23894.4,20332.3,20755.2,24982.5,26099.2,30585,35762.8
34781.8,33117.7,26162.5,26649.9,25603.8,21547.6,20317.5,25286.8,22636.3,22040.3,22312.4,22923.4,19836.1,21300.6,20107.3,24282.4,20946,19063.2,19119.1,24083.9,21165.1,18999.7,20669.9,20014.6,18599.4,23794,22626,19017.2,23726.7,18293.5,22091.9,23731,23598,19975.9,20312.2,19553.1,21828.9,21454.1,18327.7,22489.2,19822.7,18135.5,17453.2,21637.8,19363.4,18452.4,18791,18282.3,22927.6,20685.2,17098.1,17004.6,21260.2,22261.4,22905.1,20862.4,19908.8,22369.8,17624.6,17549.5,19381.8,19584.1,19719.8,17527.4,22386.8,19780.6,17378.3,20649.6,20018.8,21803.4,16792.4,18338.4,17191.5,17745.7,20914.4,20365.2,18070.5,21580.9,22349.6,21764.4,17588,20024.7,18459.4,16994.4,19295.3,20263.3,17962.8,17122.1,18391.5,18994.9,20554.9,23022.5,17197.3,23425.3,22022.2,20681.7,17918.8,19399.2,18512,20092.6,17719.3,22829.2,19489.6,22110.5,22095.8,20084.1,21746,18336.9,21651.4,17417.6,19639.2,17495.2,19370.2,21072.8,18388.4,17557.3,22600.2,23090.3,23151.2,20225,18193.5,20668.6,21400.6,16988,20553.1,19660.1,20435.2,20041.5,19107.4,23223.6,22074.6,20520.7,18462.8,17626.9,21681.4,18686.2,17278.9,19349.5,19330.7,18891.5,20174.2,16824.1,19256,18421.7,17463.3,19679.1,17661.1,20175.7,17174.4,17142.9,20677.2,22390.5,18262.8,20876.7,15516.9,22224.4,20649.8,23092.5,18670.9,23032.1,19022.8,21236.7,17397.7,17036.3,21715.6,17797.6,20076.3,22121.6,20688,23175.9,19976.3,21772.2,22534.9,18590,18083.4,22472.1,19517.5,17786.6,22224.4,21920.8,18282.4,20681.9,22547.1,23437.6,20623.6,22490.4,20806,23742.8,22549.6,23121.7,17601.7,17345.8,23198.3,23756.6,20919.1,22117.9,18700.3,22451.2,19786.8,23385.5,17505.3,20947.2,17433,19789,19845,17059,20040.1,20630.8,19882.7,20082.4,21376.5,22519.4,20083.3,21811.4,22194,19886.9,17528.5,21823.8,17887.2,19029.8,18391.8,20984.7,20428.5,21461.1,23647.4,20385.2,23290.8,20021.2,20557,21461.6,18875.9,18790.3,21388.2,21363.5,18609.5,20392.6,21973.6,20020.5,18848.5,19359.3,21783.1,19759.6,19037.5,23752.5,19792.7,23704.8,18753.1,18247.7,21375,21230.3,21373,22044.9,20586.8,22175.5,22172.3,17780.6,23463.1,21561.8,17204.2,20393.2,22091.7,17024.9,20562.2,21881.5,20326.1,17481.5,18437.5,20409.1,19359.6,23535.4,24098.6,23018.2,22856.7,23177.6,22487.5,23500.7,21645.5,19862.4,20820.4,22940.8,20600.9,19853.4,19515.7,22524.3,22009.5,17281.8,17823.3,21249.7,19403.3,21349.4,17837.4,21747.6,16914.5,23225.2,23034,22526.9,18029.4,22728.9,23499.4,18843.8,17633.5,22985.9,22750.6,19137.3,19150.9,19240.6,19751.9,21710.4,23839.3,19091.3,21682.5,18967.8,23889.4,20068.6,20657.2,21277.2,21054.7,22840.1,22334.2,21846.6,22814.7,24926.7,23234.4,21011.8,24310.9,22888.7,22126.1,23658.4,18941.6,21550.4,24792.9,18816.7,20014.1,23895.6,19917.6,24206.3,24181.6,22268.4,19337.9,20794.5,21193.9,22014.4,24272.1,24115.7,24914,21734.2,25738.1,20367.9,21199,21727,25241.2,19451.8,19892.9,21891,24483.7,21645.5,22131.5,23589.5,24167.1,21860.9,22654.3,20533.5,21237,24709.3,22149.2,19395.9,24519.2,24536.4,21690.2,25810.5,23184.5,23243.2,20586.2,24193.9,25396.8,23915.4,20500.6,24424.9,20659.4,22028.1,21493.5,25609.2,31885.1,35597.7
34492.6,28688.8,27070.5,27126,20928,21382.7,24014,21899.5,21654.9,19896.5,19267.2,23713.5,24776.8,21506,22454.8,24407.7,21484.9,21974.9,23751.9,19271.5,22864.9,20565.9,21901.6,18317.6,22237.7,21673.4,21796.6,19126.7,19384.7,22267.1,22842.5,24513,21713.7,23039.6,18682.8,23471.3,19981.6,18151.9,18760.4,18412.8,22771.9,20400.9,20154.7,20399.5,21014.3,21502,18539.2,20645.9,23021.9,20838.1,21537.7,22759,22398.4,18695.2,19694.5,20230.8,17505.8,20656.9,16751.1,20044.4,17125.1,21700.3,21067.8,22035.4,22339.8,20763.7,21778.8,19680.8,17032,16223.5,17193.1,21679.3,20443.3,18530.9,18629.3,18082.7,20777.3,20900.7,19943.4,18655.9,18134.2,17974.1,18835.2,18571.9,22832.2,20935.7,22927.6,19908.3,17255.1,17382.3,20785.2,18501.5,23031.5,20732.5,17164.4,16911.4,20766.4,19411.9,19839.2,20777.5,22003.4,18880,16635.9,18671.5,17366.2,20763.8,20047.1,19401.2,16877.9,17385.7,21271,19857.9,22318.8,22399.5,22067.4,20351.5,18179.6,16820.2,22959.7,22846.5,23010.3,22021,18228.3,20199.9,18758.6,22216,23447,18298,22336.1,23660,17890.5,21577.5,21454,19923.7,19745.3,21668.4,21192.3,16245.7,17874.6,16069.7,18319.5,18678.6,20946.7,17724.9,19983.9,18883.6,17379.6,22535.7,19986.6,16516.2,20107.6,18944,19482.6,17251.2,18855.3,17415.4,19375,19650.1,17111.7,19470.4,20748.5,18157.8,21477.9,22387.6,22090.4,21711.1,18446,22888.3,22440.5,22157.9,22975.4,19227,22481.9,19176.9,20213.9,20772.7,23532.7,18273.5,21328.2,18752.9,22087.7,24010.4,22078.6,22339.2,22047.4,22027.9,20703.7,22293.7,22865.2,23240.5,18519.8,20070,19121,19927.7,18932.5,20357.2,23274.2,19805.3,20441.9,17845.6,18716.9,22668.6,17508.3,22354.9,20736.2,19788.4,21023.1,18646.8,20182.5,19772.1,18299.4,18694.5,19854.2,21356.7,17788.7,21032.2,18657.2,19358.7,20777.6,20400,17387.6,23380.6,22108.5,18449.8,18973.9,19596.6,19336.1,19624.8,19915.9,18774.6,19844.1,23031.4,22977.3,22349.1,19742.6,19634,22210.9,19787.8,17286.6,22886.5,17966.7,18033.9,21387.2,22241.4,19127.1,19052.8,23381.7,22687.5,20359.6,21521.3,23217.2,20951.4,19521.8,22308.9,20236.9,17448.7,20389.2,23358,21201.1,19887.6,17259.4,22625,18002.2,22867.1,22588.3,18503.6,20434.9,18067.9,19933.4,21919.8,24742.5,20735,21330.6,22789.1,19455.3,18206.8,19765.1,20363,23925.8,17911.3,17550.4,18864.2,23569.3,22871.2,21772,19845.8,20566.6,18879.3,22574.2,22901.5,17613.2,17464.7,18983.5,16973.4,23204.2,19536.9,17509.6,17943.9,22587.2,23239.6,18258.3,22417.5,22522.5,18583,22974.1,22223.7,21917.4,21145.8,22654.9,21569.8,19878.8,21943.8,18759.8,23321.2,23646.5,19179.4,23383,19646,19996.7,23635.2,19696.5,23946.5,19196.2,19776.7,24517.9,23455.9,23173.3,18777.1,20068.7,24665,19511.1,21762.2,19360.2,18581.8,22487.1,23647.8,24119.3,20616.5,22844.8,19182.1,20388.9,25302.4,23494.3,26068.1,20054.8,22411,22896.3,22079,19276.2,19795.6,23875.9,19129.4,23829.9,20485.7,20075.3,25449.9,23287.2,20695.1,22674.3,19113.5,19993.2,22287.4,18457.1,22987,22977.5,22500,23453.9,23043.5,24301.5,20936.7,24623.4,20073.9,21848.7,25113.7,20805.5,20677.9,20515.5,21544.2,22134.8,25483.9,23533.3,26269.5,31604.7,34368
37835.6,27494.1,30073.3,23091.8,23897.9,22443.9,21362.6,20358.1,20841.2,22397.2,21028,22978,24023.2,19436.7,21950.9,18344.4,22312.8,18364.2,18652.5,20654.5,19727.8,18197.9,23889,20858,23826.5,20515.2,23233.4,19685.3,21357.5,21962.9,20870.5,18399.8,20662.7,23826.8,21908.5,21704,23888.2,17789,18570,19974.4,21293.5,19783.2,23104.9,20005.8,19066.2,17898.3,20427.7,16777.4,21912.1,17070.4,21162.4,18721.4,17813.9,20606.6,17842.4,17954.6,19779.5,18833.6,17567,18477.1,20936.5,21150.4,19223.7,17881.4,21580.2,21292,20583.1,17844.4,22448.5,17170.9,20431.2,20904.7,19588.9,21587.6,22518.5,18022,19858.4,22021.6,17124.3,22825.9,18082.9,22283.5,19131.5,17193.8,18920.5,21675.1,23405.3,18811.5,16867.4,21052.3,20793.3,21978.7,20724.1,21166,21727.1,23203.7,22023.9,22304.5,20010.9,19705.2,19529.4,22188,16392.9,19300.8,20554.1,21588.2,22221.8,21620.9,19356.3,21122.2,16328.7,22077.4,22695.6,16333.7,22051.1,17444.1,17403.7,20763.2,19547.5,21108.3,17563.2,18592.3,17316.3,18590.3,22522.4,20959,19640.9,17216.8,21290.9,21149,18951.4,18436.9,17234.8,17608.2,17468.5,19109.9,19312.8,22394.4,16716.2,17890.9,21067.7,16966.7,19466.3,16776.1,21708,18713.6,20691.6,17250,17956.7,21454.3,17537.1,21757.9,17824.1,17604,15883.8,19803.7,20776.6,22923.5,22614.4,17552.7,22581,21539,22503.3,20724.1,19433,22800,18521.7,17549.7,21126.3,19342.1,20289.8,21712.9,23023.5,21631.1,19371.6,18949.1,17745,23120.7,19313.1,23646.4,22756.1,20235.8,23644.1,19443.7,21641.5,20385.6,23613.3,21691.2,20788.7,20561.3,22523.9,18818.2,23424.7,20834.9,17360.1,18752.6,19590.2,19999.3,18052.9,21106.7,18480.3,18701.8,18410.2,22235.4,23011.5,20902,21975.3,22168.5,20614.4,22061.5,23306.8,20081.8,23205.4,20511.9,17526.5,18405.9,22495.4,23182.5,17369.4,20929.1,17778.3,21186.8,17967.1,21708,18401.4,21993,22547.1,18938.3,21316.5,20674.8,19355.7,19304.8,23171.6,21020.1,17294.1,17630.6,19323.6,22959.1,22601.4,24145.2,18734.4,19134.4,22542.9,22984.8,18335.6,21841.6,20978.7,22422.5,17754.3,23658.7,22952.8,21797.6,21802,22392.5,22130.2,17619.8,21313.1,18313.3,19175.1,19875.8,19585.8,17286.3,17078.7,22452.9,22841.2,23818,24279.5,22931.2,22607.2,19370.6,20471.2,19474.1,23602.7,22495.5,24190.7,20062.5,21238.9,19544.6,22826.7,19909.5,23229.8,19582.6,19310.3,17326.5,23271.3,21839.8,22051.9,21391.4,21876.7,20573.7,17266.4,19456.4,18770.4,22434.7,22647.4,21245.5,20670.5,21590.2,19420.8,17884.7,20338.6,19054.2,20590.7,18816.1,18710.3,21545.8,23795.7,17431.8,19757.8,19102.9,23385,21390.3,23681.2,20943.3,20259.1,21415,23652.4,20736.7,24089.4,22157.6,18592.1,21906.1,20484.5,23725.9,22736.1,24258.2,20363.5,21168,20514.1,20664.7,19409.8,23880.4,20148.2,22707.1,22713.1,19671.9,23986.8,24270.5,20788.9,20972,23905.6,22648,25721.2,24736.3,20297.5,21373.1,19660.5,19453.5,20503.8,23536.2,22162.5,23449.5,24694.5,19689.1,21878.6,25479.2,23226.2,22849,18831.2,21091.1,19743,19877,22025.5,25001.7,18703.8,22821,23205,20108.3,24029.8,22478.6,25435.7,23850.1,26234,25365.8,20592.9,20198.1,22092.4,21103.9,20508.4,20951.1,21959.3,27157.7,30988.9,37096.6
32801.4,30232.1,27412.4,23712.3,25800.5,22244.5,21960.8,25072.4,24702.4,22277.2,21604.7,20683,18412.6,18829.9,19814.2,19112.1,22378.6,21699,23433,21135.4,21894.6,21698.2,18604.5,23689.4,18946.1,19591.8,23859,23724.9,20808.4,18243.8,21896.4,19496.9,21129.2,19094.8,21948.9,20924.3,19737.3,17882.7,17890.7,21732,19179.2,19267.2,20137.7,17337,19067.1,17927.5,19600.3,21984.6,18130.7,19361.3,17602,18762.8,21912.8,22495.9,16929.5,16941.3,18359,22510.5,16466.4,16722.8,16596.6,20593.7,19509.6,22570.9,20336.7,20239.9,17501.3,16723,20815.5,21711.8,16606.8,21018.8,19046.4,17256.9,21956.8,19621.3,21406.9,17513.9,17636.7,21429.4,18081.2,18593.5,18989.6,18800.7,22587,21222.8,19050.1,20735.3,17441.5,22394.7,19976.4,18981.3,22413.7,18245.2,20388.6,19009.5,17922.1,21913.5,22831.7,22935.3,20544.9,17591.5,16711.3,21334,22405.7,18039.5,16815.7,18256.6,21281.3,18061.4,19905.1,20668.5,16711.4,17254,17227,18041.4,22365,17556.2,21006.2,17320.1,17114.5,19962,22543.2,17931.4,22140.1,23472,22560.2,19918.7,19324.5,17335.6,18746,21205.6,21170.1,21167,19448.8,18400.4,18468,18483.7,20761.7,21323.5,21369.9,21110.4,18113.1,18232,19445.4,21895.4,19477.1,16481.9,18496.1,20956.6,20754.3,22269.9,20704.4,20219.2,19910,16935.9,22087.3,18712.4,20713.8,23273.6,23302.1,19371.5,21294.6,23336.4,18277.7,17963.5,19569.4,20448.5,19206.5,18582.3,21041.5,19293,20182.4,18260.9,19809.9,22120.9,19603.3,17841.1,20061.7,22097.9,23353.6,23604.5,17773.6,19937.4,22494.4,19108.5,21018,22966.8,18067.5,22982.4,18104.7,21095,17918.9,23498.7,19113.1,23856.7,23907.4,18722,20480.8,23583.1,18120.4,21297.3,19967.8,22294.7,23275.5,21295.2,20499.1,18746.2,19854.2,23104.5,20671.1,21739.4,22323.7,19423.1,20152.9,20706.2,23487.1,18691.7,17156.8,19438.1,20434,22247,21392.1,20767.6,17658.8,17852.9,19664.3,19670.8,18185.8,21154.2,18117.5,21785.7,22652,21201.9,22658.2,18012.2,18422.4,21423.6,21449.8,21158.2,17950.8,21571.2,20226.7,19967.9,21219.1,19226.9,20697.6,21753.2,24013.2,19035.4,17703.4,19986.3,21587.5,20070.5,19723.6,19952.2,19596.8,19489.4,20652.7,18206.5,18684.3,17057.7,18658.4,18849.6,18846.5,19824.6,22691.6,21856.2,21643.6,23262.5,24043.7,18210.8,18443.2,18863,18556.8,22587.1,21240.5,21956.8,23085,22767.4,22316,18175,19833,21538.1,19702.8,20590.2,22609.1,18449.2,18128.9,17105.1,19987.7,22695.5,22957.3,22535.5,20118.8,22425.4,19403.3,21388.8,17699.1,22327.5,22765.1,21365.8,18542.1,23265.4,17563.5,17624.2,17779.1,17747.1,17212,21839.2,22565.4,17965.2,21557.9,21693.7,23826.8,23459.5,23571.2,23738,24204.9,22738.1,19702.6,18464.2,18730.7,22477,23117.1,19729.4,18540.6,19191.3,18379,20850.3,21207.8,21760.2,22575.9,24229.3,18944.1,24130,18651.2,21165.6,19770,22325.8,20970,20941.9,23245.1,24337.7,24917.9,23120.9,24071.2,21387.4,21701.1,21820.9,19728.5,22963.3,22116.3,24798.5,22853.9,22831.7,25192.8,23125.8,21547.7,19158,23527.2,19355.7,21075.9,21115.4,24510.5,24211.6,18928.8,21097.5,22815.6,22380.1,22425.6,21736.3,22035.1,23382.4,20832,24518.7,25738.6,20894.2,25977.6,26714.5,22372.2,25742.2,29579.6,33584.3
34315.8,32887.7,24443.5,23136.8,24170.6,23469.4,20652.6,22268,20338,23342,20118.9,21274.8,22514.3,23824.4,23318.7,23441,24590.4,18842.2,22045.5,21385.1,21821.2,24119.5,18783.6,20699.6,19624.9,22175.5,19380.6,19822.9,19142.4,20380.5,20710.7,22357.8,18814.8,24588.5,24551.8,24218.6,19120,18494.5,22495.4,17634.8,18211.6,21698.6,20528.5,18768.9,21637.4,23100.1,19397,20333.2,17568.7,19113.8,20989.5,19226.1,21451.8,17357.2,22593.8,20119.8,18730.9,18318.6,21771.4,18397.1,19563.1,17682.2,16678.8,16508,16639.7,21145.8,20266.6,18076.5,20997.2,19324.8,22182.9,21866.7,16806.2,21014.4,20560.1,16570.9,18735.4,17212.2,18264.2,18078,20255.2,22795.2,22494.4,21214.3,20890.2,22505.8,18439.5,18129.7,17964.1,17513.9,16842,22164.2,22188.9,17388.6,20542.4,21526.4,18377.9,21930.9,19556.2,20280.6,18901.1,17719,21234.5,17285.3,17950.2,16064,17694.4,18487,21846.5,18695.2,19030.7,21795.6,20360.4,22110.7,17031.1,19170.7,17444.7,21151.1,22226,18894.2,20265.9,20742.8,20961,19984.2,19532.9,18945.9,21902.2,17666.3,20299.4,21829.6,23527.8,18102.5,19324.4,18743.8,17614.5,18355.9,21624.7,18764.3,16377.7,17671.9,17845.6,22224.8,20754.6,20809.3,17874.2,18929.1,17274.3,22329.9,17246.6,21634.5,21393.2,21382.2,20103.6,16650.1,17933.9,19877.5,20981.8,17345.7,18030.3,18212.7,23392.8,17657.8,21112.4,19820,22893.6,19560,21745.6,22084.2,20943.1,19492.9,18939.2,19357.5,20924,22238.3,20279.1,20391.7,21489.5,23447.8,21330.1,21437.4,19489.6,23425.2,23698.2,20702.1,23216.3,24261.4,21421.5,19778.7,22672.5,19767.4,19929.8,17803.8,22649.2,19326.5,17869.9,21340.3,23863,18543.9,18622.6,23638.7,17624.9,19602.7,22879.3,23226.9,19131.5,22188.6,18546.7,17108.9,16950,22629.5,18645,21246.4,19488.2,22283.5,21217.5,22990.9,20069.5,22138.6,20082.7,17865.9,18777.3,17244.2,20816.8,19240.3,21302.3,17622.1,19089.3,23979,22409.9,23530.5,18613.9,22737.9,19101.3,18872,18221.4,23711.2,22665.4,22770.2,23469.3,20223.8,18617.9,18803,19993.8,21489.6,19026.7,20115.9,20824.4,18732.4,21404.9,22249.5,18964.9,21644.3,19906,19120.1,23707.4,17343.4,17793.4,20119.5,22486.6,21968.1,17908.3,21351.6,22516.5,21789.6,21936.8,23479.8,21320.3,20013.7,24054.9,18377.5,19727.4,24087.1,21584.4,21792.1,19376.2,18558,18688.2,23099.8,17982.1,22147.4,20314.3,20439.2,17900.7,17487.5,22723.9,18759.7,18231.6,22753.1,22797.1,20437.7,18460.9,23085,20545.9,17864.7,18161.5,23126.3,20031.2,18923.9,23107.1,21537.2,18107.5,23058.7,19595.3,20731.5,23610.9,23580.4,20180.2,19469.3,19497.7,18664,18292.9,18219.7,21045,21773.2,22227.9,24057.3,23366.8,20580.8,22992.7,18562.6,18502.7,19916.1,22361.7,21501.1,22256.4,19424.5,23981,18511.5,18947.3,19788.5,21059.1,23434.6,18558.9,19893.5,20370.3,24987.4,23994.5,21673.1,19065,20856.6,25310.3,24945.4,19544.7,22263.7,24766.3,26339.8,22000.5,25148.8,20653.8,20304.5,20524,24172.4,19733.6,19183.9,24371.5,19929.6,21682.2,23081.7,22661.4,22214.5,18878.7,24952.2,19165.2,20522,18778.8,21603.2,23641.3,20468.4,20211.2,24383.1,21738.9,25991.7,21827.2,25602.4,21852,23049.2,20104.1,22790.8,24864.3,26969.2,23307.3,27815.8,31625,33738.9
35704.1,28205.3,25784.9,23069.2,26106.8,21208,21374.8,21989.8,24637.7,24189.8,18910,19162.7,23488.7,20839.9,18217.4,17950.4,18293.3,19660,22248.3,20208.6,20689.2,22641.5,21519.9,22996.6,18966,19982.1,18121.7,22877.9,21205.3,23574.8,21576.3,22380.8,20230.2,18808.1,19741.8,23404.5,19574.2,23724.3,22593.6,20384.7,23134.7,19211.1,18517,21356.7,21621.8,19783.2,17230.4,21392.3,17326.8,17267.8,16981.5,18607.5,22385.8,20099.2,20887.7,21770.8,17898.9,22041.3,20912.6,22370.6,18776.2,21007.3,21677.5,18943.2,18099.3,18385.7,19929.6,16084.8,16542.9,19014.4,17465.2,18372.7,16901.4,21898.9,22416.2,17258.4,20553.4,22803,16733.2,21807.7,18340.5,18868.8,17150,20110.2,18650.2,23344.2,17105.5,18133.7,23402.5,16948.6,17924.3,23313.1,19935.8,19557,20665.2,16507.4,22290.7,19511.8,23039.4,19530.7,22468.3,22759.2,22817.8,18430.3,20490.7,20147.3,22184.1,18027.3,19143.6,20472,18270.8,19072.5,21914.5,16173.5,20830.3,17774.9,20493.9,22217.5,18733,20206.4,21360.2,17993.5,21998.6,18657.9,19150.5,19027.3,20955.9,18652.9,20332.4,22714.2,21836,19345.5,23580.2,17665.7,20321,18018.9,22539.7,16980.7,22352,22203.5,21319.6,21806.6,21321.6,20361.3,18881.3,18490.9,21918.2,20118.4,17088.3,20918.6,17647.2,21838,19329.7,18681.2,15642.2,19484.8,23068.3,18984.9,22830.5,22180.1,23656.4,21359.2,22417.1,20465.3,21104.7,20291.9,22561.1,20338.9,19747.6,18041.4,22108.7,22522.2,24370.1,21068.5,17997.1,18605.9,21103.9,23603.1,24124.7,21186.7,21263.4,21246.2,20754,24243.3,20707.7,20665.8,21196.9,24415.1,18634.2,18150.9,23768.7,17930.3,18059.5,21639.7,18353.2,17584.1,22843.3,17420,19935.9,21694,20554.2,18875.3,19545.3,21001.1,18422.1,18256.2,23130.1,19352.6,18734.3,23179.8,20646.8,23248.2,17943.6,21487.6,20104.4,21582.7,21671.8,17503.6,19291.3,18590.2,16944.9,18105.6,18386.8,21947.3,21172,19711.2,18728.3,21604.7,23467.4,22464.8,17208.3,21299.5,21443.2,18187.2,17392.9,23708.8,18974.4,21191.7,22010.4,21098.8,21978.5,18716.2,18426,20838.5,17794.9,23190,20060.9,19142.5,18825.2,22947.6,22790.5,18336.6,19379.5,18137,22791.9,18860.8,21325.7,22550.6,18608,19195.6,23124.2,22947.1,17388.9,23476.9,20126.5,20947.5,20194.7,18550.7,19918.3,22701.8,24523.6,19092,22436.7,21421.5,19081,24199.8,19982.6,18141.9,23170.6,22413.3,19905.3,20193.6,20971.9,20638,21084.2,23287.6,18448.8,21895.3,19317,17841.7,21393.7,19754.2,21339.6,21286.6,22556.6,22587.2,19738.5,18190.3,22113.6,22299.4,19148.4,18304.3,19881,17776.6,22057.7,17342.6,17899.6,21021.1,22130.3,23012.7,20046.1,19834.9,20801,20838.6,17746.2,23077.6,21962,19636.3,18706.3,21737,23454.2,21392.3,24938.3,23280.5,20211.9,19692.8,20205.9,24902.8,19997.5,20703.9,21711,22714.2,23946.3,19984.2,24811.3,24270.5,20119.3,25062.9,24543.9,22569.1,23719.5,22596.9,21566.5,21922.3,19790.3,25091.8,22431.8,22567.4,20416.7,24710.9,24535.2,22150.9,19281.8,23860.8,25530.5,25334.1,21868.1,22312.2,21489.5,24381.4,25091.9,23581.5,21231.6,23891.5,25250.8,19645,20909.4,25467.6,24781,23314.6,19686.1,21108.3,20257.2,20017.1,21314.1,20893.6,21913.2,20282.6,25886.9,26702.8,24082.9,24370.4,30898.5,35437.3
34211.8,28735.9,30267.3,22795.4,27162.7,21777,21812,21272,24879.4,21464,19306,20726,21884.6,21563.6,22971.1,20867.8,18257.8,20634.4,21965.9,21746,18688.8,17991.4,21707.2,21367,22738.1,23263,22781,19262.9,22530.5,18849.6,23352.7,23942.8,18735.4,19223.6,23132.9,23253.8,20363.8,18594.2,20649.5,20693.2,21183.1,17552.2,21436.7,20880.8,19304.7,19365,19398.3,21740.4,22073.9,22765.5,22792,18887,16701.5,16641.9,22631.2,22828.9,22359.3,21736.7,17327.2,21027.4,22474.9,22151.4,21050.2,17899.5,21624.5,19085,20768.8,20335.7,19627.8,20676.7,20542.7,21068.4,19719.5,20611.6,17022.8,18760.5,19615,20684.5,21392.1,22022.3,22272.1,21736.9,20572.8,23041.9,17848.6,16880,17721.6,21139.6,22378.8,17710.9,22652.3,23028,20201.4,17055.5,20348.9,21089,19642.1,22858.9,20388.4,17970.9,20194.1,18194.6,22118.2,20023.5,22498.6,22422.3,19192.5,16655.5,17051,17235.9,18973.2,21526.8,17708.3,22669.9,18995.4,19759,19450.3,18638,18510.2,19102.3,22518.2,20910.6,19618.9,17236,17364,19434.1,20687.8,18757.9,21948.6,21501.6,22668.7,22547.6,18177.6,18020.8,21511.5,18638.4,19494.2,20135,19316.9,22204.3,19146.8,18912.2,17323.2,18401.6,20298.6,20513.9,22080.6,22353.6,21669.3,18130,22536.6,21551,17780.5,19701.9,16917.7,20834.1,18660.5,22950.4,18583.8,21395.7,20637.6,17993.7,23080.7,17944.6,22446.3,20691.1,17749.7,18695.1,19481.7,21060.3,21801.3,22583,19551.2,17950.8,23950.4,18318.2,20016.4,23406,21601.4,18371.9,20085.2,18881.2,23339.2,24070.4,24136.8,23299,21425,18384.4,18837.1,19431.4,23913.8,24310.8,21701.6,22413.5,18019.1,22989.7,22624.1,21132,23215.6,19227.6,20689.8,21562.8,21099.1,19989,23172.2,21812.1,21555.2,20615.6,19982.6,19849.3,23429.5,21140.7,17571.1,17150.6,18757.6,22910.2,21410,19156.7,17769.4,17523.3,19466.5,17794.8,23415.6,22205.9,18858.2,18890.4,23627.6,17707.2,19905.4,18122.6,17820.8,23017.9,19274.6,20307,21639.4,18963.4,21672.3,20801.4,18290.8,18633,23582.7,22398.4,17931.8,18622.9,21263.6,20693.6,20450.6,22263.3,19570.8,22768.7,21438.7,20392.3,20092.3,21351.4,22696.1,17483.4,20313.3,18694.6,17189.1,20561.6,19784.6,22226.3,22146.6,18239.7,17945.4,23725.9,20794.1,23467.9,22504.2,22708.8,6437.49,24158.8,21842,18077.7,18045.1,21443.9,23598,20383.8,20388.9,20859.5,23826.1,17905.7,23632.7,17377.7,20878,21187.6,21747,20227.4,20866.8,21128.4,19962.7,17556.2,19710.4,17816.1,17246.4,20073.9,18178.6,23175.3,18036.9,22636.1,17096.6,21057.2,21650.9,19221.3,21313.4,20726.3,22315.6,17174.4,18631.1,21374.8,20446.7,18114.8,22021.6,20633.5,18917,18241.9,21895.7,21956.3,24127.2,20752.3,19109,20571,18459.2,24374.3,22594.3,20711.2,21547.3,20508.9,18462.5,22087.9,22860.8,21559.7,21084.2,22267.5,22194.3,19550.8,24932.8,25263.1,24795.3,19401.9,22340,22042.8,22985.1,23876.9,25559.7,24756.8,23791.4,21392.1,23603.4,25011.5,20536.9,21794.9,20757.2,20178.8,19647.7,19085.3,19317.9,25141.9,22144.7,24901.5,21240.6,20513.4,22713.6,23325.8,21627.4,21433.8,23635.4,21441.4,21937.7,19902.8,20932.8,21223.3,24661.6,22538.5,19686.5,20186.5,20173.2,21591.4,19974.6,21773.3,25252.2,30274.6,31407,33926.6
37180.1,30620.3,24963.2,27537.7,23408.7,20209.1,24318.1,24260,24242,20427.2,18987.5,18535.9,22653.4,22125.1,23031.7,24006.4,19862,22572.7,22916.5,24312.3,21446.7,19225.3,23974.1,18376.3,23347.8,18111.4,24180.2,18416.8,21956.2,22309.8,20734.1,24522.2,23373.3,21337.3,23835.8,19258.5,20052,24177.2,23027.8,20572.8,19901.4,22018.5,21771.8,21707.5,21672.3,19051.5,21514.3,21226.1,22109.5,19484.6,22636.5,23012.1,18944.3,20802.3,19573,17206.2,20127.7,16786,18301.8,22236.9,21345.6,19329.1,21910.5,20692.1,18541.1,22316.9,18535,21767.2,21934.7,22590.9,21231.7,17163.2,22864.6,17206.4,22882.8,17770.6,18996.9,20005.6,22811.6,20552.5,17710.9,17861.7,22601.9,20013,20396.3,16791.2,21654.4,21117.1,21940.6,19846.9,22716.2,22046.2,21567.8,21628.4,18917.1,18943,19624.6,20656.3,21089.1,20247.6,21852.1,17640.7,18245.5,20687,17968.8,20036.8,18009.5,18016.9,17179.9,20953.8,22783.7,21750.7,20837.2,18860,21979.4,20455,16366,21600.3,20841.1,16828.7,19606.5,22037.3,20482.4,21169.4,23765.6,17447.8,22480.1,22391.7,18699.3,21142.2,22676.6,20286.7,20974.4,22746.4,19987.1,22397.2,19777.9,21668.9,18740.1,17715.2,20943.9,22037.3,19040,18173.5,21664.2,17377.3,22575.8,22535.6,20018.6,21795.5,21261.8,21912.2,19037.7,22428.9,20737.4,18260.6,20913.3,17709.5,23153.2,22206.5,20578.2,20216.5,21626,23166.1,21422.8,22809.2,23615.9,21074.4,19533.2,21961.4,21050.8,21045.2,21521.6,21295.5,22308.3,18380.1,20077.9,24355.3,18672.9,18813.6,19277.1,23915.5,22671.7,23660.9,19372.5,21027.5,20254.5,20027.3,20937.4,22883.4,24042.2,22661.8,23300.3,19827.7,21862.2,20487.9,19566.3,20746,22274.9,19498.2,17967.3,19301.9,17811.3,22918,22741,17467.3,19959.8,17865.2,18838.6,22350.9,18617.8,19262,23442.2,22297.9,23123.5,23325.1,17527.3,18774.1,19040.5,22506.6,23562.4,20952.4,21225.6,23307.8,19447.2,20200.6,17770.8,23228.2,18613.7,23508.4,20926.3,23135,23584.9,21448.8,20495.6,20107,21809.5,23126,19324.2,23639,20051.2,19604.7,17846.3,20217.9,22184.1,22378.7,21656.5,18011.1,21559.3,23391.1,22032.7,22451.8,18303.7,20527.4,23689.6,21825.1,22457.5,20163.9,21336.3,19652,22135.7,23363.6,22370.1,20592.7,22452.4,20194,18629.4,21716.8,20743.6,21994.1,21735.3,21942.8,23467.4,22774.2,19846.3,20817.2,22306.3,18801.8,20739.9,20676.8,23683,17591.8,21518.9,21317.2,17161.5,22364.5,21757.1,17482.7,17154.7,17529.7,19031.1,23680.7,19802.1,22143.7,18684.2,22288.2,20611.9,18430.6,18695.4,21621.5,20115.9,18356.4,19541.2,21563.2,20550,23501.3,20209,23391.9,19969.6,22310.3,23143.9,24160.3,20431.1,22336.6,21549.5,22663.5,18365.5,23519.4,22214.9,20390.1,19105,23384.1,21748.5,25238,25102.7,21788.8,23426.7,20961.4,21448.5,23186.8,22961.7,25202.2,20272.2,20744.1,19253.1,19321.1,23382,24880.7,19315.8,23259.6,24464.1,21793.1,20825.9,25374.4,22857.5,22637.5,23642.6,25379.4,19627.5,20184.5,24127.2,21864.3,24284.1,21933.1,20168.5,22062.2,24080.2,23297.7,21049.6,24179,24047.5,22794.6,20341.3,20441.9,23937.3,24732.9,21584.3,21588.2,21282.5,20135,25188,19721.8,20205.9,22851.5,21090.8,24160.3,25047.7,21609.1,22205.8,23513.9,21633.1,29554.2,32158.9,37243.2
36957.1,27257.3,29867.4,27120,22988.5,24671.2,21353,21200.6,24179,19703.9,22530.1,20673.8,18626.2,24506.5,23697.5,18801,19681.1,24204.9,18712.3,23948.3,19408.4,18050.1,18898.4,19286.2,23509,23947.8,20422,21116.6,18164.4,24149,19820.2,24150.7,24366.4,24325.5,18249.5,22334.4,20678.6,24101.7,18747.3,18142.4,19749.8,17060.2,18482.8,20477.2,23220.7,22154.8,21446.3,17177.3,19276,20764.2,16668.1,18771.7,20573.8,22837.8,22552.5,20000.1,20084.1,17083.9,17373.5,20039.7,17642.3,18216.3,16956,19569.4,22361.8,16701.3,20905.6,18688.9,17676.3,21328.7,21677.6,20578.5,19710.7,17083.8,21740.2,17116.2,19437.4,21460.5,20556.9,17613.5,20319.8,18006.7,21288,19675.6,21287.1,21153,18403.8,19999,21426.1,23079.7,19245.5,16591.7,18415.2,23545.9,18239,17755,19212.7,19812.3,21805.3,18295.7,18900.5,17599.6,19154.5,19175.5,19347.7,22128,20827.2,21267.4,18166.8,22066.5,17455.8,22655,21684.7,17261.6,17135.9,18140.7,17174.2,16513.6,19644.5,18292.8,22132.3,21044,16983.2,17486.2,21480.1,22733.3,18817.5,23126.2,21315.3,23628,21400.1,22916.6,17699,21209.9,18081.4,23343.7,17322.6,22295.4,16869.9,21859,17464.6,17649.9,19453.1,18208.5,20330.2,19244.6,20213.9,18314.3,19258.8,21416.3,19521.1,23040.2,19223.3,18213.5,15988.1,18888.8,19224.1,23314.1,19583.4,18254.5,19768.8,22651,19135.9,23184.6,18285.9,17800.8,22505.3,20964.3,21286.9,22787.6,21782.7,21715.5,21116.1,22197.4,22035.7,19465.3,24160.8,22556.2,18857.8,23824.1,25026.2,22505.4,20321.4,22501,21615.9,21700.5,22316.8,18609.3,23826.3,21514.2,20077.6,19332.6,19440.4,22173.1,21575.4,23660.5,19557.1,21115.1,18304.5,18316.1,17831.7,23453.8,22973.5,21819.5,18502,17931.4,20480.4,19959.8,20593.3,19922.1,22709.4,20514.2,18877,17659.8,23084.8,17789.8,23415.7,19499.8,19568.5,16556.1,20997.8,16712.1,19650.7,21992,20878.1,22027.2,20533,18965.9,20276.9,22302.5,23552.5,20982.1,18852.6,20075.4,22833.9,23462.6,19364.8,23827.1,19054.2,19597,21613.1,23769.7,18715.7,19860.5,20777.8,19545.5,20705.8,18580.8,18942.6,19484.2,20027.5,22293.3,22061.9,19943.7,17503.7,22414.1,20203,22276.8,22656,21420.6,18473.9,18700.4,18077.7,20789.3,22300.1,17767.7,24096.1,21492.9,18681.2,19591.3,24418.1,23646.2,20152.6,18045,19218.8,24341,21341.4,18840.8,22154.3,19555.4,17911.4,20752.5,21221.3,19402.2,21751.6,23280.5,19237.7,19660.3,22997,18576.9,20554.8,19930.2,22816.3,21665.5,19975,22301.9,19181.7,17497.6,20298.6,17690,23272.3,21271.4,19218.3,17356.7,19288.9,22550,20787.6,17668.6,19124.2,22233.3,21578.9,22771.9,18719,22717.6,21377.6,20933,19860.9,22956.3,22727.5,21029.5,21725.2,20303.8,18830.3,24794.2,25264.3,22984.1,21672.3,22701,22757.1,20990.4,21556.4,18819.7,20687.7,22567.5,22399,21021.4,21166.7,21452.5,21135.4,21790.7,19775.3,22847,19980.8,25007,23284,22828,22050.3,20544.6,22615.7,20955.3,22626.6,20672.4,24906.7,23385.8,21986,25509.1,24482.3,23000.7,24598.5,25167.3,24455.4,24102.7,23019,23260.7,23266,19349.2,23223.2,25848,25063.7,25453.8,25726.8,21859.2,21477.3,24894.2,21100.1,21365.2,25123.2,26205.4,24405,21959.7,24688.1,27293.8,31763,36552.1
33990.3,32267,29139.4,25554.4,24143.7,22761.5,19585.6,19559.9,20300.9,23680.3,23285,19254.4,19989.5,21377.1,23240,21088.4,18402,18513.2,21585.3,20716.9,23685.4,22284.4,21922.2,19328.9,18603.9,20701.9,20077,21445.1,21483.7,21829,23128.4,21776.7,22072.5,20833,23847.1,19217.4,19685,19936,23553.4,19081,22929.7,20961.8,18951.9,19982.9,18637,19415.1,17442.9,18668.2,18285.8,21910.9,17437.8,19932.4,19025.6,17556.9,22120.6,21356.9,22837.1,17190.7,20828.9,22149.6,22371.6,20763.4,22032.6,21987.2,19616.1,22157,22192.5,17365.6,22388.5,19552.3,19375.6,17199.1,21137.3,16653.5,19842.7,18331.1,23087.9,17516.1,22978.2,21247.9,20742.7,19131.7,21674.6,20506.2,17406.2,17399.9,19345.8,20182.4,21363.5,18165.1,17556.1,20532.6,21114.7,22712.8,22574.8,23348.9,22599.2,18719.1,21971.2,21213.6,21295.8,23240.6,17582.9,21814.8,17994,20951.7,20190.6,22554,18964.3,18998.6,20489.5,20905.6,18858.9,16310,21372.8,21079.1,21744.9,19336.5,16623.8,23111,20446.8,22644.3,21296.1,21801.4,22585.1,18366.6,22830.6,22971.1,18243.8,21974.1,17776.1,19103,17834.4,23658,21482.9,19977.1,18810.5,22653.1,17020.1,17118.4,18645.2,20169.2,21120.9,17422.3,18763.6,21386.7,17447.5,20051.7,17381.7,17569.6,19550.7,19871.6,22441.3,19014.6,17971.7,21193.4,18150.6,18127.5,22378.1,19890.2,17780,20368.4,23459.1,19575.5,19628.3,21990.5,22486.9,21749.1,21625.5,21142.9,24005.5,22796.4,24333,20376.6,22266.2,23702.5,23928.7,22955.5,21937.8,21591.5,18801.8,20838.9,24525.7,20231.5,20343.7,19700.3,24487.1,21338.5,19557,21728,23734.9,21419.4,23203,21248.7,21852.8,21308.6,21112,23075,21981.8,18602.6,23135.2,18710.6,18576.5,22318.4,20837.2,21642.6,23436.6,19903.3,20288.7,18189.7,20778.1,20330.8,20171.8,19071.6,22271.4,22124,19289.3,20198,18624.7,17262.5,17755.5,19028.7,18196,19517.2,20415.4,18974.5,23064.4,20170.8,23232.9,21945.1,20453.6,20138.3,20318.3,21380,18011.3,21166.4,18828.8,21956,21021,22645,19968.3,22937,20625.7,20639.4,17856,19051.4,23814.1,21846.8,20818.7,20626.6,23920.6,18768.8,22923.9,22688.1,22732.4,21084.6,23548.8,19835.4,18436.7,20891.3,19063.8,23446.1,18412.2,21241.3,23883.8,24144.5,19204.5,20312.5,18267.8,20599.8,24114.7,22435.7,24395.3,18041.3,22058.5,24219.3,18673.9,19773.7,17761.7,19718.1,20901.2,19194.5,19801.9,17858.2,23602.8,18901.3,18860.3,19490.7,18092.6,17091.2,17572,17598.5,17635.4,23325.9,22957.4,20237,18697.1,19409.2,18324.1,19440.2,22946.8,21470.8,20564.9,23271.4,17264,20125.4,18547.3,20474.7,23368.9,17724.5,21206.1,22279.1,20901.4,24214,23183.4,23942.4,18529.5,20824,24431.3,20285.3,24344.9,19719.2,20497.4,25148.8,20509.8,24920.3,19578.5,19646.1,23701.3,19604.6,22050.4,22330.6,23198,19199.5,20089.2,22963.8,24311.4,23679.3,25617.6,24606.4,24896.2,23794.1,24394.6,21870.9,20156.9,22585.3,19775.3,23034.9,22132.1,23538.2,24108.1,22232.3,21469,24150.1,20811.4,23197.3,18964.7,23006.5,20414.1,22001.1,24253.2,22806.8,21915.9,19878,24234.7,22721,21499.5,24759,23344.3,24575.1,24626.6,21360.4,19848.4,23666.7,24702.5,23915.6,21315.5,22462.8,21921,22633.2,26318.9,29417.5,27387.8,35301.1
34568.4,30728.6,28210.2,24400.2,23330.1,25322,25213.9,24859.5,20574.1,22261,21492.9,19344.7,18990.7,19503.1,18797.6,24059,22743.3,21452.3,23344,23675,23650.5,22308.2,22398.3,18195.6,20808,20410,20243.8,21815.2,24380.7,20399.1,19292.4,23936.5,19037.1,23242.8,18633.1,24247.2,24353.3,24217.1,22866.1,19028.5,18487.4,19190.4,23261.6,19044.9,19589.6,21441.1,20433.9,21393.9,22495.1,17863.4,21842.5,18436.8,17576.2,22824.3,18793.9,19011.4,21416.2,18135.8,17375,18440.8,19029.1,16152,16226,20877.7,22222.5,19223.6,22505.1,19528.7,18230.3,18781,20104.8,21276.8,16863.2,19233.2,22154.8,17078.8,18094.5,21333.5,22474.2,21170.4,18841.1,22532,17382.2,21752.6,17951,22317.8,19736.9,17238.9,17445.7,21522.4,16902.8,22110.8,21531.1,22261.6,19732.3,22977.1,16834.6,18657.9,18029.9,22989.7,23223.1,21879.5,17434,16991.9,20527.7,21863.4,20727.7,21707.6,22776.7,22992.5,22912.7,17144.9,19773,16800.7,22501,18101.8,22568.5,20406.3,21075.2,16968.2,18555.2,16914.6,21795.4,18181.8,22155,21393.6,23067.6,17578.6,20964.8,21349.9,20253.2,23432.7,23996.1,23882.4,20614.8,20144.1,20391.4,21576.4,18938.8,18641,20485.6,19233.4,20835,17895.5,19841.4,16294.7,19080.5,20047,17585.4,21686.1,22880,17118.8,23194.4,18998.9,19026.3,19724,19265.2,17537.3,19613.4,17540.6,18486.9,19977.4,19345,18006.7,18603.6,21820.4,21548.1,22571.4,20572.5,22547.5,21429.2,19212.4,20246.6,19047.8,24617.2,20556.3,21170,20908,19645,18922,22776.8,22586.7,5838.53,21924.9,22914.1,19003,23169.7,20537.3,18250.6,18471.3,22733.4,22019.5,22578.8,20045.7,23378.1,19399.5,19975.5,21940.6,18573.5,21846,17676.6,22655.9,18315.9,20032.7,19728.6,17569.5,21347.8,19221.7,21297,21808,18561.8,22297.2,18529.2,23508,19366.9,22451.2,17999.6,18513.9,19586.9,20645.3,18194.4,20303.9,18734.1,17681.2,20520.6,20869.5,18298.3,19236.4,20655.3,21568,18645,20030.7,17748.7,18962.6,23159.5,20439.6,20515.3,22433.5,19969.7,23983.6,19707.8,18381.8,19349.7,17439.2,19759.7,19592.9,23451.1,21393,18862.8,20104.8,18559.9,23706.7,22009.6,19915.1,18615.3,23405.5,20724.2,20352.6,22088.2,20825.9,20318.5,20976.4,22327.8,21370.8,17745.7,19972.4,19005.2,20143.1,19602.8,22269.9,18202,18203,23615.5,23573.2,18505.5,19017.2,19151,18746.5,20637.2,24278.7,22319.4,19645.5,21332.4,21658.4,18005.8,17371.3,17627.2,22343.3,18592.8,22032.7,19934.8,17546.8,17331.2,17182.4,22192.1,17202,19102.9,18025.4,21584.5,22348,18492.8,21380.6,21637.9,18171.4,23155.2,23250,21754.9,21262.6,18916,22073.1,21655.2,21805,20468.3,22591.8,21042.9,23431.8,22835.6,19519.8,21511.4,20378.6,19178,23412.5,21865.7,23759.2,18796.7,20615.4,21776.8,22687.3,24852.7,23690.6,18772.1,20282,21684.5,19267.2,23012.7,23758.8,25324.8,21808.8,20001.8,23098.7,21431.8,24600.4,24525.2,20519.3,25658.9,22879.1,24696.6,25864.3,23186.5,24940.4,20669.9,19284.3,20061.3,24851.4,25382.5,24021.5,25172.4,20768.2,18838.8,21202.9,19481.9,23417.1,19139.4,20189.9,20549.8,22193.4,19829.5,24484.8,25674.5,24086.8,25809.9,20478.7,24271.6,25031.7,20332.3,24752.7,22314.5,24239.8,22597.5,25159,23946.8,30349,31139.9,34267.9
37732.7,29526.1,26489.6,26729.4,24149.9,22025.8,20955.4,25421.5,20964.1,22376.6,24559.5,18967.6,23013.4,20904.5,23186.4,22171.8,18688.6,22635,19936.7,20998.4,23432.4,19481.8,19452,23869.7,18799.6,24379,19312.8,18525.9,22763.1,21960.9,20912.8,21816,24202,18398.7,21097.8,22893.5,22424.2,19202,19969.8,22199.1,21092.3,18847,20164.3,22194,20081.8,23265.7,19467,17509.8,19298.4,18072.8,18625.2,20044.8,16718.2,19904.4,21668.6,20889.6,22452.1,21681.4,21096.4,18530,17946.4,17449.3,21108.6,20459.7,18042.4,21991.1,18441.4,19495.1,17769.9,19484.7,19922.8,18127,16658.8,18819.7,22168,17521.5,20414.4,16897,22471.9,17612.7,19961.7,22835,18855.7,20251.8,17704.4,17486.4,17982.7,17274.8,18556.5,18264.8,21918,20756.7,18324,16980.2,21608.2,22044.6,19689.7,16983.3,19438.8,19763.6,23432.3,23186.5,21879.3,20909.1,19588.8,18157.4,18675.2,17862.7,20279.7,20608.8,17473.6,22630.3,16937.3,21930.3,21979.4,19875.5,18754.8,16977.3,21831.8,21789.4,18998.9,19013.2,22480.9,19601.3,18556.1,20719.9,22888,19907.7,21160.4,19336.1,19115.5,21462.1,20445.2,20569.4,22518.1,19541.2,19239,21584,17540.5,18922.6,19177.8,16972.7,20221.3,19454.8,20692.8,22273.2,19105.4,20140.3,21350.5,19069,16652,20624.1,17122,20025.5,18132.3,20813.2,17775.1,17921.4,17157.2,21516.2,18089.3,20408.5,22101,23014.4,19526.9,18795.2,17616.4,18221.4,17616.8,23263.5,23067.7,22308.4,21244.3,24532.1,21376.6,20715.3,21068.1,23650.2,21892.6,20872.6,24724.1,24147.3,22870.5,23416.2,19367.1,23773.4,23251.1,21381.9,18123.7,22618.2,19014,19453,23367,21720,21969.2,19598.6,22620.6,17040.2,17708.4,18841.1,19212.9,21864.6,22893.5,18914.4,23664.6,21154.1,19271.4,19360.8,17915.9,21691.7,18531.7,20321.8,21656.1,20469.5,21370.9,19555.7,20643.9,19962.6,23600.3,23082.3,19821,19496.6,19989.1,22397.4,20700.7,18726.9,21038.7,21839.7,23266.8,20350.7,20962.6,22273.5,21958.1,19801.5,17949.4,22487.8,21108,21182.6,19770.9,20546.6,21690.2,20220.4,22470.2,23623.7,18350.5,18893.6,21444.4,17595,20270.3,19963.2,20861.8,22043.7,18492.6,22172,23668.7,21883.4,19254.1,19251.2,22682.8,20289.5,20978.1,18164.7,17653.9,19727.5,20953.9,22810.6,21849,23256.2,24184.5,20448.4,22660.1,22799,21743.4,23580.7,23015,20346.5,19763.2,19070.9,23813.9,23970.2,20703.4,18514.4,21061.7,20619.1,23472.8,20592.5,23542.8,19292.7,21259.3,18947.2,18777.2,22536.8,18076,18542.6,20977.5,18328.3,21370.3,17416.7,20858.2,19691.2,18015.9,20232.3,23700.1,17793.2,17438.8,19114.3,20348.6,23130.2,21126.2,21803.5,19856.3,20433.6,20156.7,18460.1,18117.1,24126.3,19007,21144.6,18650,19700.3,21415.4,24150.2,20455,24653.3,21000.3,21452.7,18590.4,19129.9,20735.5,24854.6,22772.7,22387.6,23510.5,25047,24194.2,25685,20494.7,23703,24711.5,25752.9,22651,23925.3,23291.6,21756.1,21424.2,21276.5,24490.4,24132.6,24386.6,22585.9,22872.8,24154.3,22069.9,19935.9,23666.8,25738.1,23151.9,22119.7,23986.2,22385,24713.6,23168.7,24335.4,19432.2,19590.1,22537.6,20431.2,25829.3,21546.9,25471.6,24429.7,24823.7,19834.1,20171.9,22908,22059.8,22177.9,23097.6,21432.3,21301.5,23836.9,27944.8,31299.1,32753.2
36363.8,33038.8,24239.3,22752,20959.8,21693.2,23095.5,23719.1,23799.8,19314.7,20101.7,23841,21365.1,18350.3,20647.1,21399.8,23505.9,22522.1,18778,21639.2,23953.4,24133.3,21736.8,19060.6,19242.9,23902.6,21954.3,20233.8,22302.1,18597.3,24024.7,21861.1,19091.1,21863.4,19722.3,19753,23469,20582.7,20534.7,20530.4,22189.3,23214.1,20068.3,20575,20672.2,20494.5,21111.2,16969.7,22785,20453.9,19931.4,21055.2,18319.1,17905.2,19178.7,16985,19967.4,19958.4,17577.5,22473.3,21552.9,21254.8,20251,20561,22126.4,20800,17766.3,22322.2,17705.6,16438.9,19429.7,17347.6,19091,21525.1,19754.2,23193.6,21224.5,19269.7,22572.3,22009.8,21063.7,18616.7,22594.4,18849.6,18323.3,17370.8,20977.4,19864.7,17800.2,22507.4,17736.8,19714.5,20878.9,21362.8,18344.6,20459.6,18910.7,18602.4,19260.7,21741.8,19861.9,17516.8,23119.4,18741.2,20215.6,19405.6,21924.8,17788.8,17929.3,22630.2,20062.5,20867.5,20117.5,21447.9,21507.4,20979.8,19255.6,21879.1,19305.8,20161.9,21827.8,17981.9,20420.4,18797.8,22800.1,21896,21588.3,21977.5,24095.4,23409.6,21951.8,21733.6,18090.8,23232.5,19033.8,20037.3,20610.8,17078.6,17910.3,22645.7,17255.1,20565.9,18539.5,17574.3,17532.5,21857.1,20535.6,20637.4,16656.6,21893.9,20224.8,22119.6,18615.8,23365.9,19604,19022.3,17785.1,22809.1,22814.8,18680.5,19213.2,22748.8,18423.5,17286.3,20851.3,21175.4,19746.3,18853.5,22575.4,24369.1,19274.4,21976.7,20646.5,19121.4,22333.2,23121.5,23065.6,20003.9,23455,20074.6,20461.5,24705,22679.8,22258.3,19637.5,22900.9,21668.8,23446.2,19107.6,24084.6,20376.1,22291.2,18781.8,20814.9,22029.1,19372.2,20799.8,18572.7,21897.7,20006.2,21490.4,17748.4,22561.8,20327.4,20055.7,23312.5,22897.9,21331.1,19841.3,17992.4,18523.6,17708.8,21311.8,22905.1,18498.3,19465.2,23428.1,20040,20876.4,19995.2,20770.8,22405.9,23389.6,18895.3,21732.3,21736.9,20949.9,18686.9,23002.9,17426.8,18051.2,23606.1,20118.9,20959.6,17546.5,20148.8,21571.8,19031.9,23291.7,20436.6,23675.5,23377.9,20849.1,17453.8,20572.5,20077.1,19443.5,18741.6,20815.8,19705.1,21834.4,20303.4,23748.8,20908.1,19988.6,21889,20732.7,21060,21405.7,21323.3,21547.6,18180.2,17487.7,22396,18336.7,19085,23022.1,23571.8,22409.6,23446.5,18562.6,19469.7,19006.9,22130,21258.6,22099.9,20761.8,22057.1,22196.8,20169.1,20690.3,21226.8,19775.1,23754.2,22713,21609.9,23326.1,22851.2,20255,20318.7,19701.9,23847,20228.8,22155.8,17784,20792.3,17836.4,20964,17875.7,22480.8,17151,18845.2,22539.6,19894.5,22053,20424,22722.8,20079.9,18097.4,20415.4,22367.9,24300.1,18886.5,19312.8,22693.1,24578.9,19881.2,23072.3,22768.1,19771.5,24029,23813.4,20861.1,24094.3,24563.8,23691.8,23513,22925.1,23061,20201.4,24617.4,21058.9,23783.1,23980.1,19652.6,23503.1,19644.8,23625,19516,25379.4,20934.3,26174.5,24358.2,23601.8,22519.5,20981.3,24277.5,26216.4,22469.7,25028.3,23652.4,24303.6,24875.5,21280.5,19257.1,23959.9,20101,23060.1,19610.8,21324.1,20586.8,23298.8,23475.6,23406.8,19443,20311,24411.9,22806.2,21929.4,24568.2,25470.5,22390.8,21868.8,24164.7,24519.7,25582.7,20681.3,20372,23769.5,22706,24170.6,23991.3,29777.8,36061.1
33491.1,33425.3,29827,26143.5,21085.3,19827.1,21842.7,21386.4,19001.3,24701.3,21243.2,20374.7,21735.8,18844.6,18938.7,21235.8,22719.4,20318,24298.4,21503.2,23635,22398.7,20834.2,21860.6,24180.8,20906.9,19802.6,20454.8,23391.8,18361.4,23582.7,23966.1,18574.1,23979.6,21142.8,21321.3,21749,19475.5,23025.6,20551.7,23078.3,17611.6,18099.2,22172.4,19414.7,19113.3,19488.2,19549.9,21799.6,22178.7,21124.6,21034.6,20522.8,19916.5,20733.5,21264.3,17551.2,21654.6,21563.5,20809.1,18727.2,20060.2,19440.8,19164.9,18706,17605.9,16371.9,17157.8,20510.6,18227.2,17101.7,22299.9,17565.5,21444.8,22723.1,19673,22571.7,23333.8,21701.2,19479.6,17392.8,18854.4,18943.5,17643.9,22408.5,19358.8,20427.4,17578.5,21953.4,22149.2,19178.2,21825.3,17420.4,20676.7,20767.5,17507.3,21863.1,18707.7,21145.7,18449.1,18198.5,18893,18614.2,22721.9,21614.5,19401.7,21234.4,21645.9,19817.8,19290.7,22990.3,22079.6,22157.4,16449.9,20781.5,17443.7,17058.4,17471.3,20528.1,19657.5,23244.7,23145.7,21404.3,17549.1,19100.1,19555.5,17390.8,20030.2,22775.7,20426.7,19072.3,17788.8,22658.9,20622.8,19939.6,20508.6,21316.5,21616.5,17775,21089.4,18445.5,22327.8,21426,19582.6,21143.1,21825.6,23037.5,18397.1,16924.6,16558.4,23070.4,21866.2,21812.5,20196.6,16755.9,16676.7,17197.6,17826.3,22461,23462.5,19699.4,20229.6,18176.9,20322.6,18779.4,21197,20628.4,21879.6,17935.5,18643.1,22328,19736.7,21838.9,19148.3,24013.3,22936.8,18044.7,23583.6,21818.7,21566.5,22221.3,21130.4,20280.7,18691.5,24284.7,19540.3,21042.6,19457.4,23473.1,21712.5,19998.6,23917.9,19848.6,19538.6,19000.9,22147,24418.1,23472.3,23423.2,22292.6,21384.8,23592.2,22305.1,21395.9,17517.2,22703.9,18951.2,21057.2,19896.8,18297.5,23027.6,18500.6,22616.5,18585.9,21373.6,20274.5,18733.6,23141.9,21449.9,21088.4,19909.3,18423.5,17597.3,20269.2,20664.5,21557,21130.6,21584,22168.8,19733.1,22646,19085.3,22392.2,23026.2,19953.1,22155.3,23496.5,23283.2,22215.1,23497.3,20160.6,18385.3,18241.8,21492.8,20274.3,20063.4,20426.2,21167.8,22882.4,23702.5,22973.1,23428.7,21625.9,20404.6,21422.4,22211.6,21605.7,17911.2,21374.4,22946.4,18664.3,21443.2,22240.7,21717.4,18034.1,23559.6,20987.8,24099.5,19310.3,23620.4,23098.8,23996,23389.6,24201.1,22772.5,18050.3,18945.7,23229.6,19269,20287.7,18390.6,4763.26,18922.7,21153.5,22013.2,20938,23603,23432.1,20948.6,23657.8,20149.1,18560.9,21455,21958.4,20269.8,20217.3,21476.7,20421.8,22093.4,19026.9,17160.6,20007.2,23808.1,19913.3,23910.6,17677.8,19622.1,20973.4,23866.7,22965.3,22195,18888.1,21023.9,19070.7,22936.6,23875.4,21934.2,22947.9,22437.4,19398.7,19544.7,19113.7,22995,22705.7,20654.5,24980.7,22733.6,18780.1,22331.2,20903,22590.4,25374.1,24251.7,21477.3,24339.6,19743.1,25360.7,23763.3,24828.4,23460.9,22365.2,23600.8,26256.9,22189.4,20523.1,19933.1,23240.4,24580.3,21780.2,23962.2,19431.4,25647.5,20945.7,21797,19982.7,23997.8,23292.3,25305.4,22281.5,21743,22013.2,22827.4,21445.8,22994.8,21932.1,22026.2,22204,23831.5,23010.3,21091.5,22925.6,25243.1,21716.2,20884.3,26242.4,25625,22640.6,25984.4,23799.9,27044.9,24885.4,30197.4,31387.3,31748.3
32897.3,29551.5,29491.6,23572.8,25958.1,22701.9,24246.8,23811.5,21847.4,20358.3,23539.5,21901.8,24814.3,23885.1,22599.2,24993.3,23447.1,22498,21284.8,22025.7,20557.6,20821.8,21305.8,20997.3,19036.4,19773.7,22588.8,19235.2,20402.7,22079.1,24494.1,20572.9,22068.1,22394.5,18976.4,22706.7,22580.2,18160.4,19847.2,20971.2,23600.2,17355.1,20353.6,17097.9,21639.1,17484.9,20439.2,21005.2,18976.8,22378.1,20658.2,19730.4,20982.8,18463.3,18025.3,21914.4,18712,17245.2,22142.1,19318.9,21520.5,21005.7,18824.9,21922.5,18630.9,22345.5,19098.4,17017.4,17926.3,21026.2,18423.2,18224.8,18754.2,19412.1,16919.2,22525.2,21473.2,17787.4,21326.9,20672.3,19770.3,21609.8,21022.2,17684.8,21833.5,18010.8,18482.8,22263.4,17545.3,19912.2,17346.1,19337.9,21496.2,19147.5,20598.6,18123.3,22663.2,22401.5,22413.3,19336.1,19064.4,22369.6,19551,17330.4,17939.5,22716.6,22763.4,22842,21140.1,17405.1,22746.3,17792.9,18261.3,19454.1,21029.5,19642.1,22452.1,18742.3,18534.5,23028.9,16976.8,20237.3,21210.7,20280.2,23254.2,18961.3,22171.3,20369.2,21987,24283.1,19193,21524.8,22060.2,20369.6,23278.7,19323.1,20372.6,21235.1,21221.2,18433.2,17618.7,22053,20303.7,19838.3,20553.2,17669.8,16735.5,18370.6,21184.3,20247,19543.6,19454,19975.1,19708.3,19154,18538.6,21659.6,22472.3,21150.9,20087.6,21318.2,22175.2,18802.8,17347.7,19293.6,19357.1,21158.7,18542.8,19459.8,24208.6,24367.3,24505,19244.3,20447.4,24190.8,22234.5,24346.9,24983.1,18873.5,25179.9,22551.4,22975.3,25185.8,23160.6,24401.6,24935.5,21556.4,23742.5,24732,19816.9,18782.9,23925.3,24252.5,23149.7,22963.5,22351.9,18394.9,20914.4,22210.2,18706.3,19930.6,18290.6,19463.2,24010,23130.3,18546,23180,19555.8,20724.2,19393.3,20809.1,20314.2,18395.1,23516.2,23138.7,23023.9,23313.9,21684.4,17704.1,23748.3,19675.5,22736.1,17662.7,19233.5,22567,23204.9,17793,18721.4,23512.8,21593.4,18466.4,22782.3,18732,23845.8,21456.7,21323.1,23625.1,17720.8,18456.2,22572.7,20871.7,22280.6,18866.8,18884,17515.1,21648.1,21935.4,18634.3,22897.6,22386.1,18539.4,24192.8,18975.3,19126.6,19540.3,19717.2,23307.7,17946.6,19488.5,19837.7,17300.3,18902.7,21906.9,20212.7,20336.6,21780.2,22534,22834.7,19308.4,23935.2,19652,20055.7,20824.4,21582.2,24132.7,21654.1,23088.7,21811.2,22977.4,18708,19622.2,23563.3,18810.9,18426.8,19853.1,23493.2,18112.9,17763.8,20509.7,22757.5,21238.9,19942.4,22463.6,20442.5,20718.2,21702.2,19455.9,21312.5,19836.4,18315.7,17993.5,17529.4,18715.8,22057.8,17541.1,17622.4,22556.4,18273.3,23082.8,22849.5,19016.2,19653.2,19336.9,20130.3,22890.1,21107.9,20635.5,22658.5,21036.2,24751.2,23187.5,22852.2,24272.2,23415.7,20416.4,24687.5,24833.5,18708.2,19867,19211.5,23076.6,23379.5,23732.5,21877.6,22970.5,20538.1,24900.8,23842.3,25590.7,25792.4,24607.8,25121.3,24933.1,23467.3,21091,25126.3,22651.8,24885.7,20886.8,20295.2,23280.2,21737.5,21844.6,22179.5,19049.8,22060.7,23651.5,22991.1,19468.1,25419.2,22180.2,23043.9,20407.1,21422.6,22967.3,24540.8,22443,23398.9,20146,21085.4,21092.1,22631.1,20950.5,24522.9,20900.7,25715.6,20483.9,24961.3,24599.9,25687.2,25749,26048.5,28689,33276.1
35365.5,31942.8,29714.2,28333.4,21272.1,25209.4,21902,20274.6,22239.6,24527.5,19184.2,20272.5,23941.7,22411.3,20670.3,24386.6,24094.3,23760.7,20158.5,23322.2,20168.1,22009.1,23390.7,21341.8,23866.2,22023.3,23966.3,20004.1,20551.9,19767.4,21454.5,23916.7,18832.1,24081.9,19343.9,20214.4,21023,23308.8,22611.9,18462.7,22894.8,18780.2,21711.9,19463.7,21524.5,20143.4,21257.9,18965,19338.4,19788,20795,20040.9,21397.1,18373.2,21960.6,18466.8,21144.5,20804.1,18504.7,20897.1,18715.2,18901.3,18453.2,21418.6,20449.7,19566.4,20483.7,18319.6,16861.4,18067.3,16632,22586.6,19414.7,21388.4,17414.8,18677.5,18658,20259.6,22308.4,19091.3,20492.3,19539,19012.2,23421.8,19205,18053,21929.7,17030.5,23196.1,22455.5,20772.5,20006.4,17155.4,20966.8,23413.2,21100.9,22414,22453.1,20259.7,22628.8,17713,20087.1,19405.7,18845.6,23147.9,21271.9,17608.8,20802.9,22553.9,17257.6,16571.4,17531.3,20746.4,21811.6,16944.3,22685.3,17356.6,20615.2,20904.5,17450,19569.7,18365.5,18010.8,20447.9,19698.4,20649.8,22832.6,18736.1,18010.1,17981.9,23230.2,21490,22683,20065.8,22594.4,23667.4,18277.7,21525.3,19086.1,22014.6,19554.3,21908.9,20307.2,17410.7,16574.1,18502,20408.8,22429.8,17831.3,16916.1,22836.9,22567.3,17146.4,21808,18241.7,21725.9,22633.5,22466.7,21836,23106.8,20364.7,19773.3,19458,20225,20529.7,20252.7,19931.8,21807.2,20491.2,18705.8,21652.5,23656.1,22651.2,19305.5,22587.4,24321.5,23967.7,21293.7,19926.4,24906.7,23019.2,22828.8,20253.5,24865.1,21049.9,18495.3,21290.3,18961,22691.8,24061.2,24084.4,19611.2,18781.4,20464.1,24473.3,19358.6,18327.7,19235.7,18166.4,19484.2,24030.3,18870,17701,19006.3,21729.6,20019.4,19601.1,17295.6,19847.1,20802,18273.6,23466,22051.4,18099.7,20237,21101.8,22938.2,22643.5,21734,19742.6,20199.5,22027.5,21562.9,20010.6,22877.8,22085.9,20974.3,23651.2,22756,18420.2,23277.3,23539.3,21142.4,18913.8,19150.2,21506.8,17768.6,20045.8,18989.2,18659.5,19820.6,20460.3,23836.9,20757.3,19300.4,22516.9,19992.7,23917.1,20945.4,22998.2,19113.8,21777.9,21882.2,21270.7,18783.3,21991.8,17498.3,17701,21872.2,19603.5,5066.43,23151,21553.7,20907.4,19909.9,20298.8,22178.6,23197.8,23903.5,21979.2,24207.5,23517.3,22827.1,19950,19786.3,18836.7,23595.1,19736.1,19442.6,22663.4,18150.5,22390.5,22884.8,23305.6,19288.8,17995.9,21665.4,19706.8,20016.5,21979.3,19316.8,17411.3,23673.1,18755.5,19859.4,20883.9,19679,18782.9,20161.8,18818.5,17632.6,21648.1,21336.9,21458.8,17814.8,22382.2,21111.7,22269.1,19438.7,20520.7,19175.8,24248.2,18012.2,22763.4,18698.3,21652.7,20761.3,23540.1,23514.5,20127.4,21619.7,24577.8,19911.2,18983,22926.9,20134.5,19413.3,23577.7,25110.2,25115.5,23874.3,23441.8,19592,23385,21104.8,21682.9,21704.5,21906.3,20920.8,23936.2,23491.7,22191.4,25864.3,25327.6,24688.3,23138.8,26236.4,22377.4,19452.1,20911.5,24505.5,25059.9,23248.3,23156.7,24526.1,20932.1,23394.6,21153.7,22561.2,23958.6,25097,22600.1,20031.9,21519.5,23504.5,22755.5,20690,22064.4,23320.6,24419.7,21235.9,20766.3,24352.4,21284.7,25116.2,22686.9,21239.4,19692.8,24145.3,24084.9,22982.4,29248.4,32938.4,31494.5
37861.6,27014.2,26631.9,23462.3,23565.8,20085.5,20394.8,21156,22108.3,22238.1,20227,21653.1,20152.1,23890.4,6081.55,21800.3,23522.1,21790.1,19161.1,21321.2,19297,22926.5,19536.7,21464.2,19065.3,22551.4,18371.8,19922,19465.2,18923.4,18765,23089,21934.4,19079.6,23395.8,23464.9,23893.4,18769.2,22249.7,21149.2,21135.4,19152.4,18416.2,22188.8,19935.5,20169,21067.3,21587.1,20637,20406.9,18942.7,17627.4,19771.8,21885.7,18734.3,17889.9,18656,19829.8,18509.4,16705,16479.7,22732.8,22485.6,19189.8,20361,20619.6,20431.4,20664.7,18721.4,17532.1,19825.1,21526.7,23002.4,18188.4,18218.8,18999.2,21242.2,21018.2,23075.2,19803.7,22713.9,20727.6,17871,19731.2,23582.9,18188.2,18848.9,16928.3,17919.5,20814.1,21006.6,20341.8,20812,17005.4,18980.1,22584.7,19663.6,21448.5,21659.4,21444.7,22997.9,17212.1,19314.3,18651,18559,22151.4,21154,22239.7,17927.2,21934.8,17296,21651.6,19715.2,20340.6,17735,19491.2,18001.3,17419.3,18563,20691.8,17561.9,18187.9,23261.3,21704.6,21835.6,18744.9,17824.5,18406.5,19666.7,22185.7,19208.9,22797.6,23218.3,24231.4,20648,20743.8,18925,16749,18055.4,20792.2,19283.6,17556.2,16576.9,18265.2,19769.2,21539.8,21291.2,22442.3,18773,21851.6,20374.1,19364.3,21807.1,18414.4,18925,18717,18562.5,23527.3,18699.2,20808.9,21487.4,19527.7,17923.6,23682.8,19839.7,17615,23432.8,21247.9,20448.1,18551.7,18147.5,24113.1,23989.7,18952.4,21040.6,19326.2,22726.5,21866.1,22724.7,18781.2,21365.5,20305.8,19269.9,22383.8,21130.5,18972.3,24582.1,21526.2,24459.1,19399.5,23835.4,18885.3,18315.7,18795.3,19705.3,18056.1,23445.7,19629.6,24160.2,24073.4,20088.8,22632.1,22418.3,19448.7,20097.4,21664.7,21036,18137.6,22354.6,20397.4,22221.8,23967.2,22578.1,23902.1,21573.8,22933.5,20173,22749.8,21181.4,18385.9,21319.6,20336.3,21917,23964.6,21006.8,19828,19025.7,18077.4,23520.5,18568.6,22090.2,18573.6,20034,18004.2,22326.7,22189.3,18709.8,21295.6,18877.2,20717.4,22033.8,19014.6,24038.9,17923.3,19703.4,22165.2,18527.1,20247.6,19419.3,20247,19808,18339.8,23030.6,23743.2,22541.7,23776.5,20494.4,19497.9,20214.6,18206.6,20318.2,23955.8,20309.3,18696.6,17541.4,18756.4,18983.7,20034,20852.6,18190.3,20776.9,21668.9,23587.4,17962,23376.2,22658.9,22473.2,18560.9,20389.6,21088.7,23833,18721.1,19356.4,20848.8,23388.7,17549.6,23083.2,22912,18213.9,19448,18789,22977.4,21986.1,18715.2,20505,20725,22606,18592.3,21710.1,21596.6,19910.8,23408.7,21887.1,23150.9,19097.4,22875.7,23617.4,22213.4,20356.9,22603.2,17713.8,19480.9,19096.3,24446.9,23293.6,19693.5,18060.2,19501.4,19845.5,23409.1,20864.3,22875.4,19556,23215.8,18794.1,18968.6,24909.2,20137.3,20914.6,24191.4,20865.5,19042.2,24803.6,22959.9,19383.9,25433.5,24606.3,20309.8,20736.6,23037,22704.8,25887.8,21965.5,21282.6,24819.2,25753.9,21576,19643.8,20824.8,21248.4,21608.5,20184.8,24510.2,21528.9,21941.5,20279.9,19577.7,20464.4,19159.9,21923.4,23217.7,20006.2,20182.3,25293.4,23429.5,22304,21585.5,20805.1,19532.9,24385.2,21144.5,22683.7,22496.7,25991.6,22623.2,23609.3,25860.8,21528.9,24328.5,21792.9,22687.9,25414.5,31901.9,32871.8
36190.7,27477.7,25243.9,26999.8,23433.8,24181.1,23091.9,19119.9,19334.4,18989.3,22952.9,20381.5,23542.6,23766.8,19796.9,23883.3,22105.9,20019,23762.8,19648.3,22772.5,19976.9,23684.3,22845.9,23183.8,19565.9,18304.2,22954.8,20123.3,19470.5,19398.4,23050.8,19917.9,23610.9,22562.2,21731.9,22229.6,22791,19153.7,20785.8,21508.2,22218.6,18185.8,23206.1,22052,22132,22675.2,23033.7,17697.4,21620.8,19437.5,17862.8,20564.7,18530.2,20543.8,21432.4,20792,20315.2,17955.3,18681.7,17642.5,16873.3,22409.4,18913.8,18354.1,22481.5,17824,19651.3,16940.3,20307.1,21093.5,22175.2,20027.5,19686.7,21436.6,17489.8,20033.2,19556.3,21997.8,18761.9,18743.3,18344.5,18444.7,19204.5,19662.1,21184.8,20083.9,22674.4,18594.1,20189.2,21858.6,21854.1,17745.3,22529.6,17054.6,20329.1,22079,18227.8,20054.3,23237.3,17383.4,17358,17951.4,18939,22543.9,21142.7,18510.1,16715.7,19013.3,17391.9,21093.6,21967.2,17335.5,16836.6,18264.2,16958.8,22933.3,21195.7,19953.1,20584.7,18403.6,23239.8,17307,22887.7,24182.2,22219.2,23923.5,22347.4,23412,21599.9,18379.4,21494.9,22462.9,24678.9,21920.3,17843.6,19395.5,18388.3,19640.9,19465.6,21399.4,21920.5,22608,18375.6,20582.5,17007.9,19858.5,18577.9,19428.6,23160.5,23117.8,19543.8,21999,21412.5,20406.1,18118,19811.9,21785.5,19471.4,23593.4,22195.8,23310.3,21509.6,20492.8,22432.3,18651.7,21563.4,21122.6,21235,22659.8,22409,20971.5,23346.3,22967.4,21848,24021.2,19063.6,19530.5,23238.8,23567.4,20749.1,19720.9,19824.1,19448.2,22768.1,24384.8,22492.3,20616.5,20429.5,19497.2,19832.3,24217.3,19250.1,24412.3,22436.2,22529.4,22664.2,21736.5,23148.9,23223.4,19166.3,18174.2,19459.5,18477.5,23716.9,19244.4,18212.6,23351.4,21689.5,19830.7,17459.2,17819.3,23689.7,23690.5,18070.1,22077.4,23376.5,21181.4,21751.5,18461.9,20825.6,18491.5,18973.1,21993.8,19816.5,19499.2,22900.2,20226.8,21179.4,21841.1,19422.7,20204.9,22484.3,21071.1,23014.6,22376.5,19981.6,18684,21920.9,23158.7,18201.1,23658.5,21530,21529.5,23442.5,20783.6,23166.1,20706.2,24340,18623,19016.8,23281.6,23451.4,21982.7,18841.5,21372.3,21580.1,17867.4,23272.4,23317.5,21977.7,22873.2,18091.3,22774.6,22823.5,24131.2,22434.8,19842.1,20990.1,19661.1,23574.1,22137.2,23651.8,24204.3,23575.8,17792.9,22774.7,22379.6,24005.5,23869.2,20593.8,24068.4,18359.5,19039.4,20476.7,22145.3,19214.9,19909.2,20909.6,17269.3,19925,23722.7,17555.6,17342.3,23200.1,17943.5,17692.2,18319.8,18013.7,20190.3,19119.9,18872,21486.8,23090,18367.8,22646.2,20496,19638.9,18953.7,21096.7,20364.4,17662.9,23752.2,24501.2,22053.1,23031.5,18970.6,23984.2,21904.3,21717.1,22384.6,23911.1,22388.6,23620.9,22126.5,23073,21889.6,22136.4,22702.6,24579.6,19451.7,22904.3,24364.8,22253.7,20741.5,19438.3,23984.7,22686.4,20028.7,25204.7,25413.3,26479.9,20925.8,24696.3,22432.2,24567.2,22644.1,22126.4,25598.1,21473.7,23952.2,21434,22071.4,23399.3,21909.2,25544.1,21619.1,20286,22471.2,25057.2,21675.7,19870.9,24776.3,20921.6,19636.6,21274.1,25142.6,21258.9,23645.3,20824.1,23817.2,22745.2,24013.2,22343.1,21877.9,26219.9,20726.7,18682.8,21999.5,25279.4,21758,30388.4,33172.1,33751
37932.6,27449.3,28731.2,22883.1,22623.3,20977.9,19727.4,22048.4,22675.8,19360,24212.8,23411.7,20066.8,22302.5,21452.4,21266.9,19078.8,22328.2,19786.3,19077.1,22800.1,24275.8,23904.8,18535,18965.1,21447.3,23205.2,22832.2,19591.7,20819.1,18620.9,18066.6,22595.7,18637.6,21191,23898.4,23745.7,21895.3,21374,23360.7,19482.2,18219.9,21596.4,23247,17186.7,21834.6,17149.4,17876.9,18871.7,22103.2,22467.9,22656.8,19746.8,22305.6,19501.7,19588.4,18330.1,19148.1,19948,18269.9,20896.2,19298.3,16818.7,21502.2,19818.7,22768.8,17701.7,17945.6,18207.2,21965.4,19978.9,17127,18010.1,20747.3,18820.9,21908.2,20691,23224.4,18859.9,19858.5,20546,23130.9,18523.3,20570.7,17358.8,21459.6,17369.3,20825.5,17990.2,17324.2,22728.6,23400.8,21817.7,22324.7,18040.8,19821,22704.2,23143.9,22686.8,17493.7,20945.8,21392.1,19492.3,19921.5,22501,19031.2,22025.5,22291.7,21041.3,19050.6,16522.2,20780.3,21703.4,16748.6,21364.8,19571.3,23508.2,20306.5,21759.4,20666.5,20895.2,21274.1,21151.1,21281.1,19803.4,17620.6,24168.2,24342.9,21864.4,17992.8,20163.9,18798,21987.3,23162.3,23200.6,20510.7,22312.9,21825.8,20375.6,20729.1,21550.3,21925.2,18660.6,18268.7,20573.1,18886.7,20165.8,18882.2,22057.5,20556.8,21425.2,23278.2,21240.8,22525.2,17049.4,22318.7,23633.8,17398.8,18025.9,17971.7,18154.5,19216.8,21420.3,23392.2,19079.9,20528.2,23763.3,22158.3,20799.8,20804.2,22539.6,21565.4,23475.2,24125.6,25002.9,21786.3,21831.5,20987.3,22061.2,22743.7,25208.1,24579.5,22962,20358.7,25041.2,24041.4,23587.1,24182.4,19461.6,21027.1,21456.6,23460,21746.7,20411.2,23033.5,23267.3,20530.1,18261.7,20522.3,20967.3,21420.8,18684,17510.6,22567.8,21777.9,18485.3,20408.1,20503,21653.6,20003.4,20002.9,22193.9,21871.1,23458,19648.5,22550.5,23349.1,20954,18437.9,19120.1,19932,23663.1,21869.8,19980.1,21016.9,21876.4,20324.9,23282,19742.4,18584.2,20338.6,18019.5,17878.1,21957.6,23721.7,18034.4,23436.6,21723.6,21867.3,24352,18402.6,21744.7,24569.7,20082.3,22149.4,19409.7,20376.1,21743.6,21115.5,20340.5,19154.3,22468.5,21094.1,22778.6,20122.2,20823.3,21656.4,18449.6,21736.5,22322.2,19670.6,20037.8,22592.6,18996.2,19320,18425.4,17785.6,18367.2,22983.4,22427.1,18804.7,21647.3,17728.6,23042.2,23295.2,18178,21552.5,21492.7,21481.2,23729.8,24185.6,19001.5,19951.7,21120.4,19311.2,21067.6,17316.8,20063.9,18319.2,19558.8,21929.3,17589.4,19867.6,19036.6,19417.5,22162.1,23542.8,19274.2,20133.4,20654.9,23085,17805.2,23216.5,18173.3,19723.7,23017.9,19215.3,21372.7,22680.8,22745.7,23158.1,21455.3,22891.7,22356.9,23146.6,24625.9,21750.8,20767.9,19763.2,21419.4,23000.6,20129.3,22795.6,20989.1,19508.3,22136.5,22983.8,19296.3,24160.3,23044.5,20248.7,19901.1,21860.3,24642.8,21146.8,25291.7,19832.1,24691.8,23297.5,21043.3,20207.1,20014.5,25628,24596.6,26377.6,20824.8,24094.7,20263.7,20713.3,23525.5,19493.4,23943.5,23467.8,24537.3,23293.6,23480.4,23862.1,23607.8,19237.1,25538,20015.3,23815.3,23187.1,22193.8,19525.3,19829,25395.4,22409.5,21725.8,26298.4,25258.7,25163.6,21069.7,23162.8,21055.8,20274.7,22962.1,21025.5,23258.3,20541.4,24170.2,30288.3,29845.4,35778
34564.7,29606.7,26108.6,23763.4,24845.5,24970.2,24901.8,21527.5,23294.3,18786.8,22677,21568.9,22260.7,23909.9,20535.3,22552.6,18864.7,22575.5,19994.8,23128.8,20316.4,18768.7,18585.8,21898.7,20222.7,20991.5,22433.5,22750.9,22253.3,18752.4,22609.2,19695.5,20576.1,20256.2,24018.5,24308.8,18717.6,21881.7,18490.2,23444.8,19352.3,18506.4,20177.8,18962.8,21477.5,19040.3,17207.2,19068.5,18203.4,19237.1,17427.2,22657.3,22054,22930,22953,21980,19490.8,19718.1,17317.8,17853,21590,17071,19225,20993.6,18942.6,21388,18105.7,18200.8,17559.5,19281.1,20262.1,17758.7,19792.1,17288.2,23088.2,16908.6,19401.4,17304.1,22225.4,17987.7,17161.2,21439.7,21343.7,17473.1,18646.5,17910,20707.1,22165.5,22552.4,20486.9,23150.3,20722.4,22369.2,21336.8,18022.8,23455.2,22874.4,17800.6,18361.8,19202.7,22863.4,23308.1,18404.7,22171.8,21759.9,19648.7,22447.9,18049.7,19285,21374,17778.7,22208.3,17949.9,22585.5,19720.7,19359.6,20864.5,21725.8,20837.6,21942.7,17283.2,21168.6,20840.9,22097.5,21589.8,23206,24101.1,21517.6,24115,20888.2,20823.2,20554.7,18850.4,21637.1,22413.9,20817.8,17487.1,17865,20590.9,22596.2,22405.4,17237.6,19395.8,20305.7,22166.9,18526.8,18616.7,18298.6,17198.4,21433.6,21505.7,17323.7,22636.9,21088.3,19732.3,19617.1,18540.4,21439.5,19507.1,17791,22048.3,22509.1,23646.8,18824.5,22938.9,19759.1,18263.5,20180.9,20046.3,18086.6,19285.4,19735.6,23018.7,23389.2,20273.8,21627.1,21687.7,21049.2,23522.2,24884,21639,23137.5,20219.6,22541,23495.3,23655.4,20626.4,23995.3,18499.6,19777.5,21210.4,22808.9,19899,23862.4,22854.8,23385.2,20527.8,24095,21376.9,22042.9,17839.9,21792.9,23827.6,23856.6,18712.2,18641.8,18365,20664.9,20159.7,18971.3,23782.7,18197.3,17641.1,23892.6,21233.1,20958.8,19978.5,22885.3,20677.2,20301.2,22437.5,22182,21119.4,21446.7,17839.7,19414.7,18544,23028.6,17339.6,19316.5,21932.8,17589.2,17345.2,21202.9,21698,20488.8,19224.7,22886.4,20792.6,23387.9,21916.4,21097.4,21703.5,20652.2,20994.6,23120.7,23498.7,19502.8,21665.2,20668.3,23666.9,23621.3,19492.2,24075.1,23297.8,23978.8,23941.2,21908,20959.9,20082.1,21170.2,21957,18691.8,22856.4,20924,23237.8,19849.8,22620.5,18890.2,22219.6,18609.7,24052.3,18734,18379.8,22846.6,22160.4,23021,20390.7,23367.3,17712.7,17813.9,20943.5,20647.1,17449.8,21580.9,19330.6,23262.4,21043.8,23609.5,22772.6,22490,20296.9,21845.5,20672.2,17962.9,20459.2,17786.9,18634,22460.1,20961.9,22922,19461.8,17543.7,23700.6,20953.1,21678,23602.9,19230.7,18704.6,23357.9,22071.6,21435.1,17691.1,19518.6,19132.3,21132,24107.7,24332.8,23555.9,21731.1,23172.3,21748.7,18616.4,18515.6,23907.1,19916.5,22060.2,22091.3,23812.2,24884.7,19131.6,22795.4,22938.2,21673.7,20388,20020.3,23147.7,21202.5,23905.8,20871.6,20915.2,21160.1,22147.1,26312,24045.2,22706,26220.1,23283.7,25079.9,19952.7,19512.9,25030.5,20359.7,22356.8,20385.3,22452.9,25487.5,22777.8,20233.6,19894.2,21694.2,22647.2,25338.7,21339.2,25479.5,25500.5,21668.2,22297.8,19928.1,26277.8,26194.7,25968.4,20107.1,21255.5,26150.2,22969.3,19862.3,19709.6,24488.4,26056.3,22796.1,26269.4,31790.7,35998
35127,27970.7,26675.6,24797.1,21054.8,22412.9,22187.8,20920.9,24826.8,19934.4,18964.1,24751,19672.8,24173,19350.3,23421.4,19746.6,21400.4,20752.4,24588.2,22539.3,21467.2,19770.3,23280.4,23186.6,19079.1,24205.9,23483.5,21169.3,20366.5,18194.9,23656,21433.4,18220.1,23081.6,21117.1,24082.4,18826.3,19321.6,18718.6,21126.6,23335.8,18908.7,18179.1,22919.5,19960.2,23190,23334.7,22995.3,18952.7,17996.9,22745.4,19363.5,19016.9,22034.2,17763.2,22920.8,21666.9,19310.4,17873.1,17978.1,16855.3,17775.7,22861.1,21619.9,20851,20777,20083.2,19063.4,20679.9,20565.2,20544.6,17652.2,16676.2,19913.7,18301.6,17709.7,20041.3,22415.9,20503.3,19198.5,22206.4,17116,18585,22055,18299.9,19326.7,20779.1,20088.6,17059.9,17807.8,21321.5,18147.9,20934.9,20217.9,18800.8,17432.9,22239.4,18868.5,19975.9,22058.1,17625,22409,18233.3,18733.6,23129.8,18315.5,18806.3,19642.2,20508.4,20830.4,22349.3,16744.8,23095.9,22810.4,19349.8,19377.7,22601.6,21083.3,18444.2,19245.5,21926.7,20155,19078.4,22841.7,23434.7,19572.2,22354.6,23340.6,20423.9,19681.5,21530.2,22598.5,24051.1,23029.8,21056.1,17283.3,21337.4,22885.9,21358.8,17319.1,20714.5,16969.5,22856.6,20254.8,21835.6,20353.5,17898.1,22522.9,19418,18832.3,22574.2,18524.8,22668.4,15225.7,21511.2,22136.5,19201.3,23629.3,20922.9,23010.2,18937.6,23867.5,18932.2,18337.9,19491.9,22899.2,20500.9,19541.2,24246.9,24387.7,19411.2,19443.6,18886.7,19702.1,24131.3,24217.9,24404.8,18978.6,23846.5,21615.9,20262.9,22191.4,20199.4,23102,24045,22080.9,21971.9,24197.8,24539.8,24853.3,23042.7,23387.2,21770,24147.1,23928.2,19339.6,21253.6,24199,20643.7,20797.9,22274.6,23321.9,22762.7,20593.2,20304.1,19801.8,19907.3,17503.8,18572.8,19978.7,21780.6,20009.8,23064.9,20290.6,22863.9,19956.2,21691.1,21325.7,18313.8,21929.2,17410.1,19670.5,23007.1,23572.5,18167.2,22539.4,22085.2,23210,22003.3,22198.9,19037.4,23519.4,19019.8,23735.8,21912.9,22051.7,19359.8,20007.3,18039.5,22740.6,18245,20770.1,23370.4,20924.2,23234.1,22753.5,21033.8,18810.7,19097.9,23714.3,19240.2,18529.2,23142.9,23134,19011.4,22972.8,20715.5,20605.7,18821.4,19132.1,22832.5,20886.3,22609.3,22547.3,22000.7,21879.5,17854.8,18218.9,24483.5,19711.3,19661.8,23283.2,20910.4,21920.6,22973.9,22099.5,22250.2,21149.7,23507.5,21182.2,21281,18080,19548.6,18922.5,22052.2,23820,17563.1,22942.7,18147.9,22976.7,19475.7,22551.9,17563.4,22702.6,21528,20238.8,17649,18409.2,22555.4,22382.9,23226.1,18476.7,21546.3,18048.1,17926,21727.7,22479.7,22808,19934.8,19365.9,18101.4,20224.8,19179,21243.3,21549.2,21466.8,24668.4,22871.1,22290,23043.7,24450.7,24168.1,20649.3,23873.2,23564,20855,23510.2,22496.8,25269.2,21616.2,20639.5,21703.4,25440.5,22519.1,21331.1,24668.4,20484.4,21855.7,25213.8,22841.2,19905.7,23442.9,23587.7,21693.2,20896.9,21625.5,20145.9,25479.9,22288.2,23071.9,24396,20453.4,20964.2,20786.2,23359.7,22136.8,22564.5,21002.1,22507.6,20719.3,19114.9,21431.7,19753.2,20674.4,24286.6,24068.7,21534.7,26376.5,20781.7,22280.2,22857.1,26444.4,20794.3,21988.5,23929.5,21332.2,22768,20161.1,25988.6,24987.9,24065,32627.5,35425.3
34014,32591.5,28953.4,22777.3,23089.1,26529,26377.8,24234.3,19249.1,23975.8,21107.2,23257.4,21796.7,22885.1,22982,24082.7,23971.1,21038.9,24731.2,18546.7,19824.6,18224.1,19075.6,18484.3,21002.1,18690.8,20826.4,22437.6,22683.1,20658.1,18155.6,18070.7,20772.6,21936.8,19776.6,19911.2,23244.2,20600.2,18763.8,19145.6,20595,23074.2,21100.1,19504.5,21504.4,22653.2,20949.4,20885.5,18468.4,22898.3,21677.8,18325.9,21176.4,21837,16967.9,17955.9,18479.3,22259.6,17552.7,18599.1,22676.8,21064.2,21214.9,18695.8,19373.3,20137.7,17936.4,20874.2,21714.5,21545.6,18284.9,23152.4,20914.7,19591.3,22462.6,21244.8,18070.7,20546.5,23333.4,16924.2,19401.2,19040.3,19550.7,22719.7,19121.5,19177.2,18136,22712.4,21038.4,19074.2,17231.4,22480.8,18082.6,20956.5,21675.4,21461,22599.4,20567.3,23559.7,17359.9,22580.6,20432.1,21846.7,22798.6,18880.2,21041.5,21592.5,20962.9,21482,21347.2,18103,21277.1,17003,19765,20746.2,18936.4,20481.1,20632.5,21884.6,17242.4,19869.1,22045.1,23805.6,21334.4,22385.5,22834.3,18013.8,23853.5,18834.5,20994.1,22335.7,18805.2,20911.5,23091,21146.1,21695.3,20412.3,16734.5,20879.6,19122.4,18825.8,20725.9,21842.8,16655.7,16931.8,22462.1,22299.2,20822.7,17758.7,22123,22204.6,18986,20938.9,21556.4,19619.2,17694.1,19856,18386.9,19965.5,17887.2,22465.7,20465,18292.3,22170.4,22532.6,20844.3,23490.4,19691.5,23540.5,18677.8,21594.4,20564.2,24703.8,22587,23093,20667.2,21076.4,20818.1,19382.7,19406.3,23982.8,21551.7,20790.2,24542,20081.1,24765.1,24892.9,20746.7,21437.6,21304,23561.2,22486.7,19353.5,22825.7,20862.1,19627.2,22459.9,18683.5,19321.5,18287.8,21294.7,19752.3,21740.4,22086.3,19146.8,23045.5,20522.4,19763.6,23085.5,17969.7,18697.4,20569.4,20118.6,20691.9,18842.5,20880.9,23066.7,19679.5,20898.8,23904.4,19356.7,17724.8,23143.7,18435.1,21988.4,18481.6,22881.1,20187,22347.5,23768.5,21183.1,18586.6,23647.8,20796.9,21049.3,22071.9,24053.2,20627.6,24364.2,23523.5,23746.8,19029.3,19422.2,5944.31,23368.6,22529.9,23454.2,19477.4,23212.4,20978.9,23904.7,22319.9,18004.3,19970.2,19516.8,20684.2,17582.5,17573.4,19673.9,21116.5,22408.2,20215.8,21212.2,21429.5,21431.4,17439.4,20180,18010.7,20842.5,20747.7,21712.7,23015.1,23761.5,18380.3,22428.5,22578.4,23125.6,21211.2,22074.6,24011.2,23445.7,20285.4,20723.4,23521.1,20649.6,20793.8,22890.1,21466.4,20104.6,17247.5,21837.7,21273.3,22750.9,23301.9,17480.8,22564.8,18900.6,21422.6,22918.3,22738.8,21674.9,23503.6,17817.2,17267,19294.2,19361.4,17819,22266,20370.3,21472.6,19611.6,22045.1,23881.1,24304.8,24262.6,18986.4,23303.3,19569.5,21632.9,25332.5,21066.1,23545.3,19283.2,18827.6,24806.7,22136.7,20794.9,23117.8,24304.5,21869.2,24638.7,25788.8,22609.4,20444.5,25333.9,21410.3,24629.3,20506,20222.7,23018.2,25472.7,21980.8,25454.6,20142.4,20196.8,20999.3,20884,22206,20225.1,23244.6,21245.2,23569.5,24714.8,24523.6,19680.3,23823.8,19153.7,19983.2,20975.8,20858.7,24196.8,20537.9,21687.6,20747.3,20576.8,21404.8,23475.2,24165.4,25040,25138.8,22479.1,20833.1,26354.7,24343.9,21589.2,20356.1,26322.1,24477.3,21483.2,24684.3,24292.2,28190.4,31451.2,35511.7
37044.1,27738.9,24391.5,24082.4,24024.8,23470.1,21235,25575.7,20033.9,20166.1,20401.2,23686.6,22041.2,22646.2,20232.9,23792.2,20365,20618.2,21908,22847.3,22080.5,19149.1,19751.7,23704.3,21480,23791.5,24412.9,20366.7,20287.8,18557,22928.1,20991.1,23201.1,21710.8,18397.8,23381.6,19966.7,19211.1,21162.5,22067.2,21729,17192.6,20294.2,20476.2,21443,23059.3,19176.2,17495.3,18382.5,17322.4,18080.9,20419.3,20218.8,19200.3,18810.9,17585.4,20171.4,21837.4,18216.5,21633.3,20008.1,18032.5,21054.6,17253.4,21706.1,20926.7,21741.5,19485.8,19130.4,18750.7,22893.8,17817,19030.7,17926.2,22699.4,20976.6,21492.4,18896.6,18796.7,16974.4,19696.6,19644,20297,18090.2,23633.2,21097.2,22950.9,21381.1,20724.4,18760.9,19096.4,22387.6,19808.9,20012.9,23697,23079.9,18640.9,17359.5,19504.4,16935.2,23302.4,18423.4,18225,21116.3,22746,23130,17091.5,18915.1,20785.8,19635.2,18372.2,22821.4,17528.1,18213.5,18706,19883.3,17969.3,17189.8,20310.3,17584.7,18963.1,23163.6,17472.7,18905.9,19960.3,23929.2,24135.4,22557.9,19506.5,22176.3,18466.4,18156.9,19950.4,23318.6,20984.6,21322.6,23451.6,18294.2,22829.7,19796.9,20258.5,20474.8,17557.8,18763.8,19709.4,17157.4,20553,17556.8,16858,20842.7,22805,22442.4,19341.2,20242.8,15030.1,19199,19212.6,20288.4,20620.3,21429.8,21621,23376.9,23822.3,22176.5,18086.7,19389.4,17609.5,18895.6,20405.8,22400.9,23840.2,19296.4,22222.3,20670.7,21173.2,22728.3,21168.8,23252.5,22613.9,22002.9,21080.9,24167.3,19344.5,23730.4,24594.7,23526,23473.8,24699,24049.1,19998.5,19569.8,22941.7,20217.5,24001.8,19957.8,22968.9,21965.8,18213.3,19753.9,18704.5,17918.9,20731.5,21241.6,18807.6,23839.2,20120.5,20284.7,20805.6,22276.2,18858.8,20804.1,22875.1,20220.9,23066,18029.4,23573.1,22097.3,19170.4,22788.8,18270.6,23416.1,19328.3,21308.9,20125.3,18886.8,21937.9,17850.1,22028.9,21604.5,20855.4,19340.5,22086.9,19581.2,21594.2,19707.1,18019.6,21466,18854.8,19267.9,23425.4,21594,23686,24180.5,22762.3,22464,22904.8,21215.9,23799.5,23857.3,22966.9,23971.1,21590.6,18924.4,17711,21623.8,22339.2,20084.1,23501.5,21093.6,23137.4,22100.1,17637,21562.6,22489.2,22209.6,20822.7,21675,21922.5,16762.5,18804.9,21806,21883.2,18341.1,23108.4,23448.8,21551.6,19890.4,18770.6,18880.8,19008.3,23438.6,21461.7,21243.3,19220.1,22504.2,22580.5,22941.2,21179.9,18789.8,20934.8,20751,18100.2,21012.2,20345.1,21830.4,21039.9,17903.7,19012.1,21736.1,21173.5,17745.2,20029.6,18901.9,21412,19763,18527.9,19369.8,23087.8,22566.2,21808.7,21291.4,18670.5,23759,20365.1,22099.5,24358.5,24056.9,18857.7,24140,20941.5,21085,25374.3,25025.1,19661.5,18830.3,20197.9,24108.6,19091.2,24851.9,21817.2,21760.3,19563.2,24389.7,19373.4,20780.3,20702.9,25421.2,23217.8,22081.2,20562.2,23082,26032.9,20079.7,25125.7,20054.5,20125.3,19944.4,21297.6,20835.2,24902.7,22647.7,23212,24640.5,24162.3,20979.2,25005.2,24020,21674.3,22582,21986.2,25339.2,21443.6,25662.1,20626.5,21533.7,20392.7,23184.1,21101.4,24808.5,21906.6,23684.4,21708.4,26521.1,21968.5,24940.5,26496.2,22337.7,25582.4,25075.4,24987.1,27227,28363.1,28204.2,37170.8
33879.7,29220.2,25601.8,28548.3,24381.4,20503.7,25296.6,21468.5,20571.3,23477.8,24254.3,24515.6,24835.9,23864.6,19217.3,23179.5,19720.8,20543,21728.5,20414.7,24551.1,21213.8,24188.8,20751.8,19964.3,23435.8,18266.8,19286.5,20088.4,18549.5,21123.4,24034.6,23974.3,24375,24057.4,18669.9,18367.8,19066,18836,17795.9,21519.1,17250.4,18683.2,21363.1,23573.7,21718.8,23209.2,20836.8,20508.3,19002.9,19474.5,20378.8,17653.1,20644.1,17406.5,21448,23088.5,19814.4,17778.1,19431.6,16964.2,19226.3,17553,22698.1,19152,22659.4,20633.5,22085.4,17417,17723.8,21324.6,18979.1,17300.9,17962.6,20886.1,18491.6,20759.1,19221.2,20648.9,18840.2,17582.9,17744.9,18921.2,18796.4,21265.7,23394,18299.1,21732.8,21171,19247.6,20606.9,20945.6,19868.2,18906.7,19087.8,20710.3,19262.2,17586.2,17506.6,22372,21627.3,21905.3,20023.9,23380.8,17988.4,23384.5,22784.7,16933.7,21905.5,18408.1,17501.7,18014.5,18846.6,22915.7,21550.8,20033.1,22865.2,23500.2,24056.4,21843.1,21215.4,19289.2,19955.4,21554.6,22062.1,17897,22131.1,24376.2,20027.9,18762.4,18812.2,24118,20101.8,18704.9,23655.5,21405.5,18679.2,18513.3,20173.6,20006.4,22724.6,17680.7,22374.8,22004.8,22304.7,21742.3,21116.9,19846.8,19881.6,23384.4,20825.2,19865.6,17843.8,19384.1,18544,19617.3,18723.9,17806.9,21079.4,22963.3,19412.9,21177.4,23325.2,18157.2,22948.5,20532.6,23862.9,23947.3,19607.4,19805.5,22382.5,23291.6,23335.5,24731.4,22853.1,21187.7,23061.7,19887.9,21807,19377.6,21777.7,19786.2,20808.8,22309.1,21353.8,23205.8,20790.7,24021.4,23651.5,20642.3,20373.1,19555.8,23223.5,18752.9,23720.1,20605.4,19696.9,22447.8,21868.5,18178.8,19934.3,23858.8,21264.6,22132.9,22195.6,22871.1,21641.6,24153.7,23519.8,23454.9,18366.7,17825,20434.1,18326.6,18803.3,19238.2,19057.4,23997.1,20270.6,23757.8,20653.7,17754.1,23621,19542.5,23761.5,19831.3,21735.4,18258.4,22777.7,20168.1,18989,21692.3,20690.4,17600.3,20484.8,19601.6,23489.1,21499.3,21135.1,24011.9,21709,20173.5,24412.2,22784.2,18372.4,20563.2,20874.8,17722.4,22914.2,22343.9,17865.9,22413.9,23853.3,20475.7,22933.7,23176,22979.4,19663.2,19091.8,22851.1,17565.8,22180.5,22866.5,20659.5,19484.5,21616.5,21063.9,18574.9,22631.4,19623.6,19262.3,20225.9,21443.3,20466.3,24320.8,23191.9,21829.1,19805.9,21944.1,23955.6,19016,20315.3,23636.5,20941.8,17660.3,23328.7,22537.3,20230.8,20118.1,20505.7,21252.4,23735.4,22817.6,17497.1,23644.1,19356.1,23522.2,18282.9,19362.9,22310.7,19333.9,21251.3,24241.4,23326,20023.1,20937.8,23265,20152,18146.7,20820.3,17569.2,21814.8,23251.2,18862.5,23876,18558.1,19499.5,19684.9,20102.1,21982.4,23986.8,20916.1,21227.9,21929.4,19216.4,21657,19046.2,22775.6,25177.9,22641.6,22416.2,23649.5,22765,25120.9,19623.9,24036.3,21484.6,25529.5,26021.1,25588.2,25572.9,21519.1,20383.6,24516.7,19864.2,19939.5,24500.5,21655.8,26196.1,24805.8,19716.7,24306.6,21494,25470.9,23703.9,22794.6,24454.1,25313.4,23663.9,20688.4,24230.6,21026.5,20637.6,21884.6,19862.5,20733.9,20924.3,26245.4,26002.2,20625.1,21124.3,24507.2,25065.9,20621.7,22551.4,23886.2,26328.2,25386.6,22422.8,23593.4,27066.4,26996.6,31086,37113.7
32499.5,29293.2,27528.7,23729.3,21271.6,20816.1,24992,25519.1,24372.3,20465.2,21208.4,23012.1,23650.3,22128.8,21267.4,22250.6,21221.7,19955.2,19542.3,19569.6,18196.7,18429.8,19574.6,19467.7,22809.7,20667.4,19306.5,18698.5,22857.7,18478.6,20853.8,18234.3,22636.9,23214,21821.9,22527.1,19489.1,21453.2,24135.1,21314.5,22982.8,21114.2,23429,19846.7,23363.2,21756.1,20473.6,19926.6,21019.2,21858.6,21633.5,21746.1,17362.4,18119.6,23247.4,17448.8,20602.6,22664,17608.2,20032.8,21963.3,22607,16684.1,19571.6,21300.3,17751.3,18256.3,20469.8,19763.6,17491.4,18833.5,18634.7,23179,18408.5,18799,19063.6,17987,18977.3,17734.5,23163.5,16923.9,17088.4,23267.3,22766.3,17158.7,23490.8,22539,18053.9,20777.5,19343.3,18181.8,23468.5,18254.6,21345.3,21617.1,17555.4,18312.9,20964.5,17935.9,23224,22222.6,18672.1,21186,20432.3,22267.8,17098.8,22169.9,18445.2,19440.2,22764.8,22427,22803.6,21817.6,17415,22062.1,23413,17700.4,22106.6,22610.6,18018.1,22671.5,23687.8,22519.8,20013.8,18548.4,23952.2,22510.6,23000,19540,23252.5,21661.6,24468.2,20316.7,24113.9,23241.2,18582.4,19442.3,18773.8,20599.5,20833.8,22860.1,18277,19273,16804.9,22576.8,19688,17542.6,17083.5,20360,21376.5,22772.1,21283.5,20743.9,19951.6,21043.1,21088.3,19487.7,18168.8,22342.5,19668,22827.3,21577.1,18095.5,24195.8,20995.7,22668,19322.7,21630,24129.8,21751.9,24368,21645.1,23682.9,23818.8,20316.2,24860,24854.8,24433.1,24851.5,21322.6,23166.8,21318.9,19231.1,21351.5,21327.6,21594,25075.5,24746.6,20267.2,24403.7,23596.9,18186.1,19681.2,20870,19028,20650.4,19864.7,22662.1,21401.4,19238.9,18176.8,19370.1,20090.9,18388.2,20844,18218.1,18412.9,21573.4,23978.8,19517,22833,24026.6,20714.3,20805.2,19640.9,20422,20674.7,23260,23200.3,19728,23778.4,20129.8,18041.7,20642.3,22572.8,19215,20827.4,19082.2,22876.2,21616.4,18300,18455.5,17739.2,17782.8,17379.1,18618.1,18638.6,18535.3,19511.9,19059.1,20181.3,22842.6,18427.7,18054.3,23162,21597.2,22443.3,20525.3,23729.5,17914.6,22869.8,20704.3,24270,23834.5,20804.2,17937.2,21383.5,23496.2,21256.7,19805.2,21103.6,19878.2,19827.1,21122.7,20324.5,22555.1,21076.3,20389.3,23162.5,18191,24192.9,21894.6,19108.9,20639.9,19204.7,22075.4,24350.1,18501,19157.6,23194.4,22270.5,18726.4,18647.6,18529.7,17963.5,19790.4,22478.7,19141.8,19898.4,20506.5,21482.4,23907.4,21297.8,21303.3,19891.2,20061,20485.3,19883.1,22623.6,20016.8,17990.6,18325.3,24101,23762.6,23550.1,21098.6,20424.7,22775.1,21037.4,18376.3,21182.7,18674.3,21451.4,18278.4,23914.6,20109.7,18971.7,19000.1,20984.5,20964,22900.7,22220.9,20480,21333.6,24621.5,19070.1,22052.7,24889.5,19732.8,24823.5,21626.5,22627.4,23820.7,20757,23095.4,25607.5,21669.1,23203.2,25822.5,22528.2,24919.5,20695.9,25693,26208.7,24483,20983.9,22288.9,22051.6,22758.7,25696.5,23277.8,20719.8,19363.5,24577,19594.9,20657.4,22436.3,20436.2,21281.2,25281.1,19480.6,24528.2,19679,23504.1,22222.8,19799.7,20909.1,23673.2,21582.9,24167.7,25451.8,22266.4,22752.7,22601.2,21943.4,21680.8,22949.3,25825.5,21977.4,26783.9,24754.7,25005.4,27253.8,37608.3
34377.7,28926.3,24743.7,23415.6,6541.49,22469.8,26074.4,24028.3,21462.2,19444.7,25013.2,19590.7,23900.4,23327.3,20267.8,24548.7,18567.5,22186.2,24239.2,21850.7,20040.3,23848.1,20332.8,23660.2,24441.9,19528.6,19303.1,19762.4,19276.5,20165.6,23059.7,21048.2,22636.7,19320.2,19912.4,18879.6,18663.5,22337.2,19126,19132.5,20386.4,21033,20050.9,18804,19192.9,17632.2,18272.3,22194.1,21616.1,22903.7,17530.6,22308,20482.4,20139.1,22754.4,22438.8,18903.1,20102.7,17708.5,22112.4,16820.6,19706.1,21233.2,23053.7,18415.3,20601.3,22166.9,17470.9,17839,22270.1,17643.8,20505.4,17441.7,20952.9,23432.7,20151.5,18174.2,22669.8,23069.7,21172.7,17744.5,22580.3,22871.3,21832.9,20954.2,18736.8,18344.1,22386.6,23298.1,21523.2,19689.1,22672.5,22458.9,20464.9,17700,22831.7,21127.1,20236.3,20064.9,22270.3,23113.7,18218.1,21683.4,23110.9,19624.8,18332.3,16761.1,20885.9,20712.4,19555.1,20031.7,20415.5,21929.2,20621.8,23012.4,21454.7,17331.9,23023.8,19144.9,18411.1,21163.8,21825.2,22726.9,23425.7,21003.2,20279.8,20713.3,21212.6,22512,19795.8,24417.6,20390,18659.2,20055.6,19140.2,18026.3,23133.5,16831.2,19664.2,22435.1,17264.3,18599.1,20285.2,21815.9,22577.6,22623.3,19940.3,22586.4,21266.6,19098.3,18079.3,18739.1,23575.2,19419.9,16975.9,20997,21835,21902.1,23458.4,19171.4,19575,18339.8,21440.2,21407.8,22726.7,24055.4,21712.7,21606.1,22388.1,23591.8,20217.9,18592.7,24399.8,21213.9,20794.2,18561.9,19451.4,21613.7,20132.2,22919.2,22107.3,24614.8,24857,22775.6,24578.2,20863.8,19717.4,19251.7,20808.5,24685.2,24818.6,20550.5,18527.1,20645,23216.5,21121.7,24175.3,22911.4,19409.9,21841.2,20092.5,18308.1,22713.5,19527.3,20422.1,22164.3,19430.8,22459.5,22206.6,23594.5,19665.3,18596.8,18749.7,23017,19078.6,23604.3,23906.7,22136.8,22870.9,23052.1,20198.3,23064.2,22429.4,19370.4,18832,22327,23095.5,23408.2,20130.6,23572.9,21445.5,22814.9,21006,18726.8,23451.7,22787.4,18234.3,24018.1,18773.5,23058.5,21444.3,20290.8,19765.9,24291.5,24097.9,23994.2,21093,23153.5,24402.6,21189.4,18908.7,18575.9,22925.7,18722.9,23821.1,23931.1,21618.7,20239.4,20836.7,19298.8,19049.8,22175.9,20281.2,22550.3,19620.3,22830,22366.2,19544.1,19652.7,20823.2,24077.2,18427,23769.2,18374.3,23278.1,21353.6,22988.5,18883.3,19303.8,21383.6,22956.1,23467.5,18512.9,17941.9,23072.1,17677.9,21093,23338,18647.2,19395.6,21519.7,20295.7,20172.3,23453.1,22910.5,18656.5,18934.7,19002.3,21157.2,18693.1,19055.8,23127.2,20969.6,21367.4,23672.4,22541.4,21023,23377.3,21413.2,21735.8,24013.1,22654.3,23637.4,18301.4,23849.1,20105.5,18732.1,23193.9,21860.7,21057.5,20163.1,20520.7,22499.9,19993.9,21838.4,25364.1,25287.8,21181,20772,21343.2,22388.4,21993.2,22263.1,20342.1,20419.5,24054.3,25860.1,26268.7,22488.2,21665.9,25257.9,24813.5,26052.2,26662.2,26100.9,26403.6,25992.3,20637,20573.7,23114,20314.8,22312.9,25780.5,21335.6,25008,20158.7,24259.4,21249,24762.3,24448.3,20657,21279.5,19155.5,20040.6,21031.1,23011.9,21110.9,23143.2,25700.5,25401.1,25443.9,21054.9,25594,20776.7,22693.3,20353.5,23125.7,22437.4,23368.2,25589.7,25593,26285.1,31091.6,34171.2
35303,31127.4,27916.1,28832.4,23440.7,25218,23176.9,21950,21558.5,19154.2,20483,24317.6,19417.5,23031.9,23078.8,21566.7,22160.7,19439.5,22414,18879.1,19315,22522.2,18337.1,23532.6,21473.2,19022,22808.7,24037.2,20156.3,19348.7,20417,23251.6,22495.1,23925.1,22383.5,20397.2,21837.8,20485.4,18481.8,19571.1,23306.8,21208.5,20552.6,17296.9,20392.3,18141.9,22485.5,20354.2,19421.8,18667.1,21272.6,18494.3,19832.3,18141.1,21950.4,17576.1,19141.3,22202.1,18810.9,21315.6,18318.2,22081.7,18108.6,17309.2,21326.4,22302.9,22467.3,19539.5,19336.9,20840.5,18258.1,20787.6,19190.4,21449.2,19932.5,16919.4,20749.3,17744.9,23243,23011.2,23113.7,21691.3,18657.7,17695,23024.1,22723.3,20967.6,19918,18918.9,23677.5,17979.8,23389.6,18549.2,17371.1,23557.1,21742.4,23924.8,22150.7,22575,23475.3,22346,21426,22740,20984.7,22448.5,21043.6,19936.3,20416.9,19450.4,22453.7,18875.1,19406.9,21301.8,20597.8,18212.2,22047.6,21385.6,18925.1,21773.6,18577.5,18762.6,22187.1,19289.3,21424.4,22763.8,19299.5,20337.1,20027.3,22044.7,18724.3,23081.3,18310,19523.5,22377.6,18639.1,19561.9,20907.8,20364.8,19682.6,18973.7,22524.2,17253.5,18581.5,19807.6,16855.8,20361.3,21607.6,23187.3,20854.2,21892.2,21473,21100.8,20680.7,18428.1,20416.8,18141.1,17634.5,19835.1,20194.7,22446.6,18502.5,23165,18831.8,20030,22436.5,20883.6,21953.2,20392.8,23689.4,23094.5,22827,24019.1,24962.3,21344.9,24065.4,19018.5,19804.6,18841.1,19045,20858.6,23492.6,21381.3,20697.2,24242,23298.7,20243.1,22495.7,19540.5,19414.6,20398.5,22983.8,20710.9,21749.9,19801.6,23992.8,23894.3,22964.7,23040.6,18953.7,22959.5,22800.8,23580.5,24025,21073.6,20808.4,22569.6,22089.9,21729,24139.5,20847.7,20757.3,21020.2,23322.5,20345.5,19313.9,24112.7,19441.7,23096.1,22481,18863.8,20734.8,19607.1,23486.8,19037.2,20210.3,23254.4,19585.5,20742,20117.1,20247,20909.3,21093.3,19771,17903.6,20145.5,21226.9,23234.4,22448.6,20448.7,22449.1,22986.2,21784.9,23822.8,20965.9,21435.9,22247.8,18723.8,19201.1,17897.4,22767.8,19698.6,19811.6,21818.4,22142.7,19150.3,19770.9,18052,17993.8,19798.9,19861.3,18616.2,17482.2,20470.3,18295,19454.8,22899.5,20296.7,17821.5,19001.6,22675.9,22206.7,24450.1,18717.9,19037.1,23553.1,18726.7,22914.9,17978.2,21126.1,20050.9,17975.8,20607.9,23390.4,20497.4,22703.3,20313,18781,23411.4,22105,17292.5,21015.9,19963.8,19402,19937.7,22183,21367.7,22351.8,21917.3,23739.5,19913.7,16994.3,18323.6,18648.4,20366.5,23613,19422.6,18869.2,19343.9,17926.4,23536.3,23752.1,23640.4,23632.7,23917.3,19823.1,22558.2,19088.2,20403.1,23185.9,21158.6,21958,24613.9,21924.4,20574.3,21100.3,19069.6,20743.2,23279.7,19163.1,20105.4,22646.9,19430.4,25518.6,20733.6,21995.7,23575,21391.1,26410.4,25717.5,26511.7,22837.2,25716.9,21511.6,20342.1,21793.6,20198.9,20039.6,23432.9,25240.6,25472.4,22243.5,25136.8,25076.1,23450.4,21675.4,20078.8,19750,22887.3,20020.3,23826.5,23178.7,25054.2,19573.5,21846.9,20433,22675.1,24909.6,20819.3,26437,22972.3,23989.1,21795.7,23882,21173.8,25077.5,19944.8,20174.7,22067.4,22940.6,20611.4,26553.8,25307.7,32000,35369.5
34418.8,29124.9,27860.2,24902.7,26281.9,25436,21909.2,19720.5,25240.8,18726.3,18849.6,22433.1,21297,18846.3,21747.4,20744.2,18918.1,20247.5,23488.9,21317.3,24177.8,21332.4,23279.1,18118.2,20698.5,24100.8,19204,23310.5,23346.7,19656.5,22441,23267.7,20389.1,22208.6,22272.7,21906.1,18736.5,20448.9,21128.3,21959.6,23376.7,22713.9,23052.3,17608.9,17227.2,19622.9,18931.3,17091,22552.1,22566.4,20347.8,23147.9,21015.9,17807,18575.3,19748,20946.6,18719.9,18845.7,22068.9,19584,17865.3,22943,22450.2,22536.8,22597.6,18784.5,19846.3,20044.9,17323.1,19600.3,17842.1,21446.8,19757.4,17539.6,22711.2,17404.1,22475.8,17451.9,22733.8,19863.7,21201.3,21639,20600.4,19047.9,23531.7,18200.5,20944.8,22041.7,23142.4,19393.7,18478.3,23489.6,20364.5,18841.2,20977.9,20558.1,22326.3,18350.8,23231.1,19416.1,23774.8,18232.7,17977.8,17500.2,22119.2,17568.9,23026.8,21469,17890.8,23233,16866.9,21456.8,22328,19036,20324.1,21653,21989.4,23542,21965,17703.3,20242,19182.8,20026,21998.1,18493,19003.9,21448.5,19379.6,23075.2,19364.3,19427.9,22852,21799.5,18908.2,22411.9,21941.8,23227.7,17053.2,16564.4,17665,19567.7,20478.4,18106.6,22895.4,23057.3,22752.7,22831,17565.5,21703.9,18660.4,19547,21582.9,22205.2,17612.9,22525.1,21271.7,21299.3,17631.9,23697.1,22752.1,23887.2,22476.2,19600.6,21336.8,22779.4,22612.4,23516.4,18726.3,24447.8,25069.5,22298.5,24739.8,19373.1,20110.2,24079.5,20802.6,21819.9,19977.8,20599,24570.5,22077.3,19027.2,21622.2,20340.2,22225.7,19645,19937.5,21866.8,24739.2,19007,19673.2,23497.8,18900.7,24620.9,22209.3,21868,22554.2,19088.2,18792.8,23731.5,24148,18309,22378.8,24206.5,20958.1,20137.1,23546.7,21018.5,24147.9,23836.9,21246.9,21064.1,21130,20180.1,21828,19576.9,17904.6,22146.7,18395,22762.5,20423.5,23676.7,18649.8,18097.7,24077.3,23257.3,19924.5,20051.1,19155,22481,22982.8,18765.3,17583.8,20735.3,21260.1,18899.8,21543.7,20383.7,19427.5,17850.2,20924,19158,23939.6,21908.1,21709,18524.7,23347.6,24109.7,23206,23983.9,18312.8,19937.3,21879,18849.7,20311.8,18921.3,23282.1,20581.1,18890.3,18645.1,20527.6,23158.6,20706.3,22043.6,19549.2,19829.5,18118,21597.5,22410.4,21758.9,22264.8,22907.3,20126.8,23449.5,17970.7,21457.7,19991.9,20188.5,22020,21479.3,18009.6,23484.7,20220.2,21520.9,22784.8,17259.3,18388.1,20339.5,19290.2,23613.4,21828.6,22531,20766.9,23346.7,23537.8,21670.3,19354.6,20989.8,22075.7,21992.8,17610.3,24123.7,20928.4,23054.7,22411.4,19355.2,19832.5,18847.9,20201.1,24132.9,22064.4,22243.9,24530.9,21161.1,24785.7,23567.7,24178.5,20875.8,23230.8,19793.6,20074.4,20874.2,22552.8,23847.5,23799.6,24817.7,25575.8,20875.9,20491.9,20662.9,20639.4,23952.4,24386.4,21021.3,24945.8,25083.8,23936.3,26334.2,25420.3,25358.6,21137.2,22271.7,20692.8,25537.7,22176.4,25218.2,21862.3,24578.4,24914.1,22326.1,22951.6,24042.8,21254.1,25366.3,23140.1,20677.5,24415,24194.2,25230.8,20224,24743,24821.7,19950.8,25664.6,22227.4,23113,20111.5,25850.8,22158.8,21411.5,21189.9,22892.9,26347.5,24411.6,21183.8,24568.4,26098.7,22471,24067.3,22201.4,24870.3,32130.7,35930.7
34133.1,32550,28532.5,27483.7,23571.1,21655,22763.2,20547.2,22391.6,19128.2,24118.6,18502.4,21722.8,21656.4,21193,21999.4,23251.1,22244.8,21033.1,24250.3,23405.9,20839.9,19953.1,22828.2,19213.7,23706,21119.6,20257.6,18514.1,22941.2,20887.6,24149.2,21240.9,23537,18814,21310.8,19191.1,22948,24019.5,23475.5,17507.2,23411.1,18881.2,22717,17736,21670.5,21757.5,21482.6,17266.4,20555.1,21084.7,18235,19560.2,21254.1,20500.8,19131,18063.7,21107.6,19933.8,21029.5,20305.9,22649.1,18606.3,17988.4,17839.6,22581.2,18029,21418.7,17871.3,20551.3,18691.2,22040.2,21564.3,18849.1,23346.9,23653.4,20729.3,19602.2,19408,20843.6,22526.4,21994.6,21910.9,23564,21712.6,17200.9,18143.2,23062.1,23150.2,21284.1,18968.9,22538.6,22378.2,23906.3,18240.8,21889.6,21666.4,19966,23856.3,7048,17657.4,19482.2,23687.5,17841.3,20057.7,22953.2,17908.2,20087.2,17664.9,21788,18316.3,20709.3,23514.6,19333.2,22411.9,21815.8,17885.8,22065.6,21523.9,17458,21226.2,22531.2,20011.3,22405.4,22731.7,22473.2,20573.4,23837.6,22354.1,18681.3,21231.3,20552.9,23877.6,24575.7,20812.1,21181.4,22002.1,22361.5,21240.6,17023.7,16835.3,17727.5,20288.2,18220.4,17444.5,23051.6,17185.5,22318.5,18378.3,19396,19101.7,19696.5,22976.2,19779.4,15516.2,22842.6,21991.2,22900.6,18619.7,17813.2,17635,22120.2,24067.5,17948.9,23462.8,23260.4,20704.1,18482.9,22070,18777,18598.5,23675.5,24001.3,21354.9,21322.3,20528,19786.6,25251.9,21244.7,23753.1,20386.3,19095.1,24907.9,24972.7,23926.3,19959.7,19547.9,22509,19257.5,19080.5,23363.2,22362.3,24512.4,24227.5,19202.4,24138.5,18885.4,19353.5,21367.4,21607.4,21686.4,18754.3,18764.1,22762.4,21135.9,18220.5,22407.5,23531.7,20613.6,18472.4,19843.4,19554,19525.5,21052.7,19672.8,18056,19941.1,19002.4,18734.5,18145.9,23139.8,17859.1,21727.2,21001.4,20624.1,18691,22736.8,17536.8,17984.9,21908.1,21001.4,20955.5,19802.7,19166,20963.2,21401,17383.1,22769.3,18902.3,21925.5,18303.7,23051,24180.9,23631.9,23362,22325.6,21156.1,18921.5,21451,17889,22232.7,22456.4,20575.7,23464.2,19114.2,21556.9,21721,18002.4,22571.2,22418.5,17006.4,20961.5,21913.9,19539.5,20917.7,21765.5,24087.7,19333.4,24326.8,18528.5,18675.4,20335.5,17767.6,21707.4,20015.5,21727.1,19250.3,18854.5,20709.3,19208.6,18944.6,23871.5,21634.9,17547.6,19221.8,17812,17143.1,21717,23004.9,22882.9,22134.8,17773.7,17203.4,22792.3,22684.3,17942.3,19664.1,23152.9,18325.6,17846.6,19976,18333,23856.5,19889.2,18206,24135.8,19433.8,22353.6,24308,21317.2,22292.3,22944.5,24204.2,23932.9,24678.5,21822.4,23302,21322.3,20239.4,21415.1,21427.3,20803.4,23529.2,23581.4,21762.2,24661.3,20563.3,25458.7,19953.2,25404.8,24616.1,25363.5,24992.1,23410.3,21249.9,25381.5,20729.4,22377.3,24723.8,25660.7,26250.9,24344.1,26216.7,23108.1,20216,20790.6,22692.7,23830.3,20204.2,21840.6,25558.9,23918.9,23527.3,23908.9,22663.1,24258.7,23909.5,22349.7,19967.3,23586.4,23531.4,21474.9,22030.1,26035.8,23938.9,21320.1,21152.9,21719.8,20235,21047.6,19998.3,26642.7,22912,21108.2,23441.2,24325.4,20524.1,23668.8,20232.7,21141.2,27315.7,24608.3,32797.2,35772.6
37831.6,27641.8,25866.8,22231.7,25806.3,22023.5,23747.3,21177.7,19241.9,20069.2,23850.4,24377.3,21862.8,19355.8,18899.5,19387.5,20857.4,18249.6,22526.3,18400.9,18834.4,23792.3,21518.6,19486.1,21175.8,21013.7,21973.2,22593.7,19215.3,22564.1,21269.7,20470.1,18316.2,23884.3,21418.7,19782.5,18004.8,23886,20173.9,22416.2,18343.2,19181.6,19405.4,19866.8,17484.1,18337.8,17476.8,21989.3,22851,20850.2,22283.1,22926.1,22039.5,21557.8,17800,22842.6,20522.5,21878.9,22431,22788.6,19902.7,17588.4,21349,19703,21184,20438.6,23366.5,22058.4,19284,21732.1,23618.6,22173.2,20017.9,17399.3,19404.1,23535.5,21351.7,21135.9,22646.4,23290.3,19168.8,17537.7,19056.8,17135,21586.8,20763,21223.3,22457.2,18123.3,21276,17802,18893,21946.2,22271.9,20842.1,22303.9,18899.4,21354.7,17912.5,20126.6,22319,21741.7,22838.3,20385.5,21128.9,17295.4,20548.8,21573.3,22223.3,20531.2,21828.3,19080,22085.8,18296.8,20109.2,18592.7,22820.5,18036.9,17574.3,20583.4,20089,22100.5,23673.5,18028.4,21982,22648.6,23672.2,20891.8,20499.1,18553.7,22131.5,20521.6,24774.7,19806.6,21275.9,21895.4,18878,21502.5,20969.4,21169,22056.6,18128.1,22239.1,21007,21479.3,18540.4,17143.3,23008.6,17780.1,18716.8,19090.8,22561.6,22312.9,16987.9,16895.9,20693.7,22443.9,23671.6,22590.1,23001.3,22236.2,24135.8,22703.8,24270.9,21131.2,20119.4,19394.9,20020.9,24765.3,20586.3,21553.3,20857.6,19980.4,23306.3,19489.9,23506.1,20763.9,21809.4,22827.2,24893,22312.3,24864.5,19856.9,21125.1,22367.5,20031.8,23403.4,24374.4,23812.3,20073.5,19099.3,24986.1,20269.1,22410.8,23329.2,24025.7,20979.6,21368.6,23926.1,24313.5,21516.2,23261.2,22476.5,20307.3,18256.5,22864.1,18360.3,20279.3,23076.9,23556.7,20559.6,18181.5,17822.5,18519.8,21251.6,18895,19306.4,18817.9,19676.6,18766.2,18512.6,19096,20986,23556.4,18845,23806.7,22221.3,22033.1,18629.9,22762.6,21546.1,20435.9,20328.5,23575.4,21380.3,21525.9,17137.9,18057.3,17536.7,23403.6,20703.8,24208.4,24204,21363.3,18296.8,20751.6,19840.6,24158.6,20124.3,18799.8,22836,19870.9,19521.4,20947,23360.5,20144.6,17971.3,22454.1,17353.5,19324.1,23086.4,21032.2,23648.8,20467.4,23504.3,22676.7,19813.9,18992.8,23246,18712.1,23004.2,21058.3,19639.7,22533.8,24175.4,17778.9,17573.7,22999.8,24101.2,22079.6,20501.2,19877,19149.9,22575.8,20646.1,19574.3,18553.1,20367.8,17431.9,22208.7,20120.2,19779,21514.7,22063.6,18150,20251,23391.2,17368.3,17989.1,20129.8,18492.5,20914,22058.1,18755.7,18149.8,23352.6,18162,20938.7,18695.3,20045.7,21809.9,19582.2,20276.9,20540.1,18318.5,23200.6,24978,20902.7,23476.3,22107.9,21895,20660.9,19912.2,24431.3,20897.2,23046.9,20635.3,24048.7,21038.4,21564,19194,23473.7,25250.5,21526.2,20065.1,24847.8,23960.4,25578.2,20056.3,22284.3,26099.8,20837,26211.9,25034.7,25776.6,23139.8,21705.5,26313.7,21664,21162.1,22991.9,25729.6,24817.1,24070.9,25274.7,21868.2,21228.9,23499.8,24063.5,25356.4,19707.4,22524,22241.5,22894.9,21111.3,21286,25000.8,24158.6,24147.3,20420.6,22097.6,20860.4,20997,24876.9,25670.3,20908.4,25947.1,22167.1,22172.5,23818.6,23980.7,28945.7,27077.8,36461.8
32670.3,28224.1,25322.7,25971.7,23223.9,20306.3,20097.1,22340.6,23058.9,19258.6,19374.3,21722.3,22695.4,24445.4,18702.9,19348.1,24453.6,22264.4,21238.4,24046.6,22900.8,20261.5,21751.8,20011.4,23267.1,21923.6,19613.8,22271.1,21918.6,23359.4,19457.7,22273,20096,18657.3,19255.4,18370.9,18689.6,22460,20026.8,23790.4,23029.2,20492.2,21267.5,23027.9,18778.7,21585,21789.5,21353.6,19309.5,18969.6,17880.8,20170,19343.3,23358.1,19924.2,22744.9,21258.4,19479.6,22645.9,17054.6,18139,19299.7,17946,18329.7,17523.8,22138.5,21642.5,19843.7,23253.1,17589.9,23142.4,18538,18228.4,23269.7,22160.5,19305.8,19307,21569.7,20396.1,17356.4,22869.2,17643.4,17404.1,20921.1,17182.7,19506.8,19902.1,18548.7,21542.4,17445.1,21105.3,18211.7,20036.4,23311.9,22508.4,20150.4,20372.5,18959.6,24033.2,21082.7,18033.6,19235.9,17222,21078.5,19473.2,17153.4,17065,22121.9,16968.6,22905.2,19489,17936.1,22933.4,17369.6,21338.4,17934.5,22722.6,20950.1,23785.1,22042.5,20445.3,20671,18879.4,21004.2,22917.1,23340.9,22056.1,18820.9,23341.2,21336.7,21515.1,23008.3,23877.4,22351.5,19401.4,18754.7,22672.7,20682.4,19998.9,19835.4,21493.1,17709.8,21647.6,23236.5,17242.9,21444.7,17337.3,18169.8,17222.4,18294.9,18000,23403.7,21143.1,23290.7,15689.2,23289.9,21893.7,18136,20120.2,20952.9,24204.8,22392.9,22551.8,21708.2,22741.2,19733.4,23534.1,21432.8,19990.6,23124.1,20744.4,23466.9,23577.9,21742.1,20253.5,22584.5,25200.1,19997.2,22198.6,22382.8,19194,22486.2,22945.4,21623.5,24547.5,21252.7,25159.3,19438.9,23973.3,21695.7,24547.5,18692.3,22656.7,19931.6,19725.7,20580.5,21202.8,19844.8,23136.3,24777.9,21570.7,18511.4,23528.3,23893.2,23421.9,24044,22120.8,18163.4,21402.5,19468.3,18770.6,23535.3,20138.7,19467.9,22852.6,19265.6,22003.4,18154.1,20595.6,22132.5,20487.3,19085.7,20439.1,21562.8,24020.2,23207.6,19211.2,18972.7,18614.8,18175.4,18151.6,21298.4,22288.9,22048.5,20581.5,19680.8,21409.4,19813.1,18390.1,20301,21780.8,20087.3,18964.1,22816.5,19603.3,20729.7,23852.8,19526.3,19918.1,23472.1,20599.9,24354.7,20305.9,20664.4,17997.1,19261.2,23229.5,20922.2,19420,20878.2,17838.6,20648.6,17568.1,21800.7,21771.1,18270.6,23440.2,24118,19919.3,17928.3,23242.3,22303.5,18542.4,21727.4,18281,21013,21506.2,23874.5,20997.6,18426.6,19152.3,20681.9,17211.9,17673.7,20344.7,22679.6,19576.1,20023.9,23138.4,22302.3,19124.5,22929,20420,22605.7,18383.9,22415.2,17273.1,18178,18299.4,20041.5,20628.5,22490.3,19225,22020.1,18717.4,22828.7,21445.1,22767.8,22171.6,23284.4,23976.6,23472.2,19124.1,18456.4,19382.8,23588.4,19924.7,21374.3,23038,24710,22122.8,25357.1,19080.1,21289.7,22081,23885.4,24035,21782.5,20711.5,23685.6,19866.2,24903.4,24098.8,21838.6,21906.6,24949.9,19884.2,25373.5,21226,22453.4,22672.1,22288.6,21038.9,22208.4,20765,23186.5,24771.7,26108.9,20216.5,21944.5,20386.6,23680.5,21799.6,24973.6,24262.5,22097,23102,20257,19319.1,23257.6,19884.1,19428.1,21811.2,20400.4,23059.3,19990.4,23336.4,26322.8,22226.9,25123,25028,26003.2,26486.9,25908.2,21182.9,23825.4,22242.1,25162.5,22230.4,24665.7,26642.2,26719.5,28719.2,37446.8
37034.2,30237.5,30190.1,27897.5,26010.2,25189.9,22373.8,24639,22551.6,22750.4,22156.8,20249.4,23987,23239.1,19781.2,24504.4,23185.5,24423,22518.2,18149.3,21420.9,24030.6,20036.1,20750.3,24032.1,22043.9,22545.5,19665.5,18207.7,20590.3,20942.9,23356.9,22087.9,21479.5,20880,21800.7,23667.7,19937,18548.7,20915.5,23778.2,19266,21015.6,21912.2,19121.2,17787,18169.1,18558.5,18983.4,17928.3,19219.9,20421.1,22492.1,18269,17462.3,19453.1,17743.2,22522.5,22411.7,19584.6,21301.1,23114,17354.4,20981.6,16859.6,22297.5,20149.9,18283.7,22567.1,19313.6,22128.5,19091.7,18447.3,22928,17935.3,22739.3,22623.9,23386.3,19905.9,22981,17654.7,17478.6,18905.9,22447.2,17765.5,20391.2,23032.4,22480.9,20495.4,21768.9,21840.4,18394.7,23814.5,17615.2,22479.6,22330.2,17771.7,21430.9,20753.5,22314.9,17476.6,18538.3,17161,21891.7,17116.7,17738.1,22074.1,19530.5,19327.5,19832,19408.8,20111,22383.8,22876.3,19967.9,23100.7,21569.5,22334.6,21370.7,23604.4,20452.3,21132.7,20799.4,23548.2,23647.6,18472.2,22579.9,20381.4,18685.3,18638.2,21454.5,19547.8,24246.7,19881.5,20750.5,19863,21302.2,18256.8,19113.4,22149.3,18452.6,21377.8,19618.8,17421.2,18984.3,19962.5,19550.5,22525.1,18212.1,22591.7,20431.4,22294.6,22020.4,19176.8,19994,23458.4,23326,21272.2,17856.3,20092.4,18223.9,22184.9,22993.5,20255.4,23615.7,19177.6,18474.5,20360.9,22126.8,19774.5,21655.6,24876.4,25348.5,20745.5,22572.1,24956.7,24449.6,25112.9,20154,25456.6,19157.5,24733.6,25514.6,23824.5,25361.2,25664.2,19265.6,19794.5,24072.2,21953.2,24228.9,21046.9,19499,18913.4,20822.5,19776.6,21056.5,19697.8,20313,23749.2,18813,18529.8,20930.7,18485.2,23692.4,19505.7,18995.5,20325.6,18178.7,19923.3,22617,18938.4,18425.8,21582,22827.8,20898.2,20921.4,20322.7,21657.9,22476.1,19615.4,20192.1,19353.4,20872.5,22589,18737.6,22847.6,20642.5,18456.3,22546.4,19228.9,23190.9,17931.8,22139.4,19077.2,23707.8,20233.9,23985.6,21986.2,20999.8,23143.4,20746.6,18098.4,18335.5,23471.6,23431.4,18504.2,18042.5,24135.6,22877.6,21205.2,24096.8,21781.5,23113.7,20381.4,21975.1,21592.6,23646.1,20139.8,17996.7,17955.1,21166.2,20820,20636.2,22075.4,23505.9,20795.9,18627.6,22749.1,21258.1,22103.6,23175.8,21795.9,20791.5,22447.9,23367.6,18598.9,21337.2,22047.5,22304.2,17902.9,18349.4,20651,17986.7,23114.5,17209,18336.7,20791.2,21781,23902.4,20640.1,23196,19415.9,21834.8,21555.3,18251.5,21796.5,18729.4,17751.2,21688.4,21219.2,19872.1,23317.4,19192.9,17894.4,17765.1,20817.7,18282.1,24383,24367,23768.8,23007.7,23087,20156.8,18398.5,21121.6,22614.3,22464.6,20340.7,24172.8,25149.2,24727.3,20081.7,19986.5,22008.9,21569.4,22830.4,24297,25646.7,23442.8,24242.6,24619.3,25150.2,21214.9,19689.9,22207.9,26397.6,25362.1,21530.8,24963.6,20062.2,23421.2,23325.7,22767.4,24463.2,24740,22987.9,23885.5,20882,25517.2,20257.7,20822.9,20393.2,21478.4,25742.9,21707.1,22350.3,20257.1,20191.5,22739.6,25045.6,24317.2,25383.7,23148.5,23367.9,25162.3,22070.8,24908.1,20775.7,24334.1,24585,20217.9,24593.2,22731.7,20042.6,21060.3,24310.4,22006.1,21224.2,21670.5,27662.2,24775.6,31315.3,32968.9
30984.7,32598.3,27439.6,23790.5,23673.2,20261.7,25143.4,19147.7,24988.9,21176.5,22054.7,18341.1,22973.6,23462.7,24140.5,18104.4,21973.7,24240.5,23588.8,21606,19172.7,18876.8,21320.8,20921.2,20556.8,23139.1,22075,21303.6,23525.9,18716,21300.4,21950.3,24056.4,19018.8,20528.2,21691,21470.2,20366.6,21561.8,20937.8,23343,18254.2,23094.5,17684,22873.7,18520,19355.5,18298.7,22071.5,18486.1,19228.3,17732.2,21439.1,22502.6,17029.2,18218.1,18264.1,19108.2,19193.4,18268,17176.7,21620.4,22971.9,21957.8,21406,18320.2,21482.6,21530.8,21936.4,21556.4,19944.6,22029.5,20457.4,23212.6,20833.7,21578.3,18662.8,19407.6,23438.4,18802.3,20526.5,19054.5,18387.9,17707,20352.1,19991.3,17673.9,21250.8,18949.1,23433.3,21063.7,21418.7,21235.2,23378.4,18828.9,21209.3,19227.4,21033.7,23270.6,21275.1,22413.6,21250.3,17773.8,19696.7,18336.2,18609.8,20205.5,20208.6,17105.3,23114.4,17234.5,22818.9,17343.4,22176.6,17964.7,23425.3,22062.8,18091.5,18236.8,23835.4,21379.1,23281.3,18305,22363.6,22067.3,24373.6,24092.9,22610.2,19944.9,22376.7,19832.4,21077.2,22522.5,25042.9,22995,19405.9,21207.7,23045.6,20079.1,22382.5,19375,19237.8,21603.2,18763.8,19031.2,16922.9,19820.9,18707.6,18290.5,20238,18262.6,21555.8,21143.9,17474,18898.7,22243,23196,20769.1,23094,21839.1,23305.9,18143.5,22535.3,24006,19997.2,19320.5,21593.3,20687.1,19648.5,21469.1,22877.2,22191.7,25017.8,24696,23130.3,24932.5,22551.2,19365.4,21616.7,21654.1,20843.6,21351.6,23772.9,25363.2,24631.3,25322.2,21337.7,19118.2,22272,19720,23389.2,21340.7,25116.5,18804.4,23188.7,22929.6,21644.1,25014,18738.3,20418.7,23588.4,21411.1,19888.1,19734.3,20194.9,19550.1,20501,18046.1,22711.3,19313.3,19758.8,19430.4,20928.1,20949.4,21590.7,24044.6,22762.4,23138.7,17842.2,23794.7,18231.2,18821.7,21801.8,19590.9,21930.7,24290,21475.7,21230.3,20143.1,18916.4,20972.7,18667.7,18828.1,22665,18489.9,17801.6,17951.2,21534.3,20510.8,20061.8,19828.3,22221.3,20013.4,21784.2,20521.3,21316.2,21008.3,19837.6,22108.9,24440.5,23203.1,23325.7,19191.6,24428.3,18428.6,20907.8,23322,22331.4,19569.6,22370,20631,17543.3,18066,21605.9,20250.8,21313.2,18315.3,21650.6,23524,19318.7,24162.3,21154.6,21433.7,22066,21525.8,18193.5,17992.2,21568.4,23710.7,17761.1,20366.7,18017.3,17406.1,17437.2,20819.8,21222.2,19820.2,23696.6,21781.9,18099.7,21757.4,23668.6,18336.8,19131.6,21742.9,22056.2,21756.6,20331.3,21222.7,19029.2,17773.1,17982.2,20735.8,24347,19026.2,23242.3,21567.7,22044.3,23075.8,18866.7,22112.2,23552.1,18312.2,25004.1,18953,24680.9,19436.5,18991.9,23833,19631.1,21614.1,19688.5,24065.3,25538.8,22208,23815.1,19477.2,24186,23653.5,20459.7,22385.1,24104.2,19582.8,20556.3,23351.3,24719.5,20719,20260,22277.5,22310.1,20102.3,23442.3,26256.7,21978.5,23987,24800.5,25661.1,23790.8,23912.2,22459.1,24746.2,19624.3,25333.8,24055.1,19868.1,21914.7,22267.2,25028.7,25313.7,25415.2,21991.3,20871.3,22320.7,20607.9,21126.6,25992.6,20873.7,23654.9,20949,22134.4,25591.6,24039,23344.1,21613,26185.8,20849.4,20524.2,25323.2,24960.1,23676.2,28371.2,27018.9,33573.9,38266.8
35327.5,31812.2,23865.3,24787.5,25348.8,24150.1,25381.8,20911,20602.6,24653.2,19397.5,20379,23870.9,20058.1,23935.8,21319.3,23161.4,22141.5,21345.5,23615.4,18632.7,18795.1,21079.4,19245.5,21692.8,23089.1,19499,19153,22825.9,21379.9,19529.9,22824.1,23260.7,19842.2,22094.6,21026.6,22716.9,24035.7,18772.8,21114.7,21901.3,19801.6,21295,22197.5,18764.7,19001,23126.1,17217.1,19141.5,19155.1,21659.3,20288.8,19126.5,19494.8,21011.4,22782,18969.8,20191.3,21372.2,22462.9,22129.7,20834.8,18101.1,20576.2,17415.9,19173.9,18241.1,18067.8,21534.4,21836.6,21511,19059.3,17687.8,20912.2,20580.2,22835.8,17732.2,20943.3,22288.5,17860.3,22401.3,22079.4,21724.8,21336,21180.4,17677.5,22097.8,22674.2,19855.8,19958.7,23704.6,19735.9,21190,22002.6,19903.4,18193.4,19036.3,18502,19145.1,17133.1,21942.4,21704.7,20993.2,19180.3,22600.4,20039.1,23176.6,21685.2,18726.9,23177.1,20668.2,20033.8,23273,17243.7,18728.3,21490.9,21363.6,23379.8,22596.7,24095.2,19295.2,19991.1,22686.3,19904,23716.8,20654.1,23730.9,24766.5,24767.9,19365.2,22196.3,24591.6,24483.8,18474.9,21568.4,18687.1,23736.4,19595.8,20343,23232.7,20158.1,19017.6,16911.7,20124.2,19423.8,17619.7,20762.1,21220,19421.4,19386.2,17598.2,17989.8,21152.6,19105.5,17666.2,22497.1,22054.6,21385,19808,24141.5,22619,19689.2,21295,20276.1,18778.8,20497.8,24504.3,19923,24579.6,20974.2,20701.8,19989.1,19196.6,24917.6,24617.6,20082.9,22822.7,21776.5,21773.1,23641.9,19327.1,25438.6,25404.7,20678.3,21027.9,23840.3,19528.3,25554,24533.8,20141.9,24484.2,22649.5,22739.5,21338.3,21863.6,24618.1,20973.9,22096.1,20426.6,24089,21659.3,18632.6,24710.2,24931,19168.3,20968.5,18658.4,19864.3,21081.1,21294.9,18554.2,21247.1,20249.8,24415.7,23084.8,22661.8,20114.3,18778.1,18529.8,21314.3,21029.4,19187.4,18470.4,20497.5,20856.4,18608.2,20482.6,20873.4,23861.6,18330,18950,19679.8,23450.4,22301.9,18458.2,18693.2,20561.3,21091.1,20196.4,20125.5,22123.8,24391.1,21849.4,20950.6,22213.1,22699.3,23357.8,24211.5,24568,20632.6,21809.5,20615.1,19269.5,20619.2,20673.7,20291.6,22675.9,19292.7,20215.4,17557,19645.7,23348.7,18691.2,20633.3,23214.1,20611.6,20290.1,18168.1,23990,21108.8,23106.2,18967.2,23147,20965.3,18795.5,19159.7,20364,22058.1,20177.5,20857.9,21482.5,19801.2,21729.1,21221.9,20123.1,17508.1,23679.3,20756.9,22770.5,22674.9,21768.4,18766.4,19732.5,21996.5,19688,19590.6,18317.7,20408.7,22989,20227.8,18895.9,19707.4,19682,19114.6,19033.8,19306.4,21723.2,20727.5,20751.8,23003.6,19300.9,21854.7,20751.4,20378.2,24345.6,23953.6,19039.5,19601.6,25412.5,19242.5,21178.5,23336.3,22522,22672.1,23104.5,22254.5,23524.1,22521.1,24105.4,25198.6,23320.2,21001.9,24655.9,25714.4,23947.8,25960.7,26175.6,22667.6,22879.6,21274.6,21638.8,25332.7,22300.7,23010.7,23051.6,23762.1,21685.4,23547.4,21701.8,22844.9,21222.3,23557.4,20923.2,21760.2,22633.1,25609.1,23819,24097.3,19312.2,25132.2,21481.1,23234.9,23874.2,20427.5,21580.1,24686.8,22724.1,25105,21927.9,25305.6,21186.2,20388.1,26079.3,20294.8,25362.8,21193.5,23241.7,20677.5,21790.3,25437.8,22595.3,27470.3,27186.1,31478.8
31726.7,32744.2,27626.3,24229.2,26698.4,22142.6,25462.4,20060.7,21341.1,23604.9,21118.4,20750.9,18585.4,19068.6,19153,20843.1,18968.7,21331.2,22077.6,20175.6,21139.9,20890.6,19455.6,19454.1,22990,19791.9,21107,21090.6,22087.9,24002.9,18255.9,22560.4,23441.8,22231.4,19481.8,18652.3,23346.7,21503.3,20486.7,22826.6,20987.1,17989.3,19660.1,20157,19164.2,21154.2,17947.1,18637.3,22555.7,17732.1,17926.6,20950.8,17550.4,18792.9,18057.8,22900.4,22137,18630.4,16846.4,22546.4,19218.4,23253.9,18920.1,19074.6,19809.3,18987.4,19508.7,22187.9,19705.2,20156.5,19794.7,23483.2,19303.2,18590,23155,21930.1,23934.7,19914,19009.6,22955.8,20461.1,23648.2,19116.7,19615.6,21634.8,19601.9,19055.2,20772,19214.7,17689.8,22034.4,19083.2,20374.2,20295.9,17742.1,17936.4,21325.3,22778.9,17260.9,18439.5,18737.9,18505,20395.5,18956.5,18599.1,20794.4,22961,18492.1,19313.1,17181.7,18180.9,17202.7,17969.9,18341,17709.6,19910,19409.3,20742.1,23908.1,17786.8,21508.4,20517.5,20688.5,21666.1,18916.8,18544,23146.2,23275.3,20575,23185.3,19935.5,20308.1,24971.4,21247.2,19168.2,18099.7,20044.5,19749,19667,17134,19377.8,18392.2,20224,17255.3,19762.3,20276.3,17099.2,18960.1,19612.8,23219.8,21907.1,17468.3,22476.3,20114.4,15480.6,19306.6,20245.1,19069.6,22750.3,19978.9,20900.8,20330.3,18728.7,20612.1,21166.5,20362.9,20901.8,21409.2,23724.8,20549.7,24111.3,24450.9,21557.6,21426.3,22468.1,24405.7,23798.3,24152.6,21234.7,23156.6,22821.7,23809.4,24480,24448.7,25051.1,21193,21046.4,21406.2,23042.4,23780.7,19156.1,19476.6,21128.1,22888.3,23399.4,19857.5,19628.6,21284.1,24917.7,24028.4,21462.5,20884.9,21899.3,22123.1,22640.4,18795.7,22860.4,21060.7,20139.8,21195.8,23830.9,23946.5,20293.4,23856.5,24426.3,22074.3,19278.9,20085.7,24186.2,22604.9,21233,21627.8,18810.6,24402.7,23003.6,23713.4,24261,18482,22789,18493.9,22854.1,23662.2,22296.7,19354.2,21113.7,20755.9,17547.2,23536.1,18198.8,18333.1,22285.8,22820.6,23741.9,24523.9,24226.1,20111.4,22947.1,20533.6,20763.2,18973.1,20650.5,21772.2,23173,21451.8,23445.5,23665.8,18789.8,22339.1,20587.5,23006.9,17334.7,20714.7,20584.1,21566.7,19012.4,22017.7,23255.2,22231.7,20021.1,19140.5,20917.2,19526,18974.2,22431.6,18077.7,20313.1,21141.2,20548.1,17375.3,21369.2,18927.9,18443.8,21867.2,22943.1,22956.3,17311,23087.4,19784.1,18455,20675.8,21366,20276.4,21006.5,20661.6,18085.3,19555.3,17853.4,23096,21094.6,22747.9,23560.3,20433.5,18007.1,22379.5,23863.5,24037.9,22112.4,20842.6,23375,24700.1,19225.6,22153.7,21728.4,19233.8,22438.7,20752.3,19475.7,19958.7,20409.5,20684.7,24498.6,23193,21017.3,24885.5,20579.2,23494.8,25403.3,22765.9,21567.6,19325.9,23327.7,20626.4,25177.7,23768.4,22054.5,24755.7,21434,21025.6,24922.2,23696.7,22434,23619,20825.1,22753.6,23556.6,23301.4,24147.2,25096.5,24798.5,22564.6,24131.7,20181.9,20890.2,23714.2,24463.4,24208.8,26050.7,22836.6,23780.4,19984.1,25100.7,23687.6,21814.1,25481.4,25735.6,25806.8,21433.2,19825.7,23720.4,25791.9,22113,20703,23544.7,25010.3,25177.7,26090.6,24128.2,20535.7,21460.6,24469.3,24660.5,24947.9,30496.4,33604.9
33174.8,30430.5,25890.1,27783.5,21579.1,25895.3,23599.6,20930.4,20938.5,19654.2,21404.1,20931.1,18208.4,22985.7,20296.9,19412.5,21505.6,19376.5,23253.9,21123,21412.8,20279.6,22810.5,19085.7,24124.6,19525.5,22034.6,20637,18043,21878.4,23046.9,24096.2,24596.9,19337.4,20212.8,19110.3,20576.8,17843.9,17805.9,19852.4,17787.5,18219.1,17903.1,17231.3,17535.4,20550.6,21390.1,20401.8,17605.8,17134.3,19216.3,23352.9,19278.2,17288.3,20067.1,22888,19257.5,19760,20145.7,20611.5,22992.2,20107.8,22274.3,21454.4,18527.1,17135.5,18502.9,21684.1,21819.7,21362.3,18832.2,22148.8,20825.2,22240.9,18967.6,20658.9,19746,20361.3,19755.5,18349,22257.3,21113,17983.3,19213,23505.4,21720.8,19927,18273.5,18939.8,17458.8,20583.9,22623,21734.1,19115.4,22703,23492,18380.6,22175.6,18719.8,20468.4,20603.4,22210.2,22927.5,19817.5,17150.5,19040.7,20036.6,19523.7,17346.6,22722.5,18197,22539.6,18568.2,18375,17657.4,17538.9,23546.9,23305.3,20306.5,22020.2,18655.5,22923,17854.4,22389.9,18212.1,18508.5,19068.3,18081.3,20743.5,23302,19114.6,21720.7,21503.5,24040.6,24552.4,22608.4,19451.4,19878.4,21460.7,19948.5,21570.8,18323.5,17065.1,19005.4,19265.8,18284.4,21076,21834.1,20518.4,22790.5,17673.6,18573.6,22661.3,20462.9,16617.1,17201.8,18621.6,23217.7,24005.6,20549.5,23329.1,21779.3,22606,19596.8,24022,23041.4,23860.2,20291.5,19600.9,18952.3,25435.4,25093.8,20670.9,24182.5,21186.8,21573.3,24116.5,21931.4,19558.3,25256.9,25542.1,21346.2,19483.9,20312.5,23260.2,20783.3,20702.1,22275.6,20336.5,23079.5,23892.2,22038.7,21714,20875.2,19378.1,21254.9,24765.9,24703,23344.3,22063.6,18921,23889,18893.5,21731.6,22009.5,20568.6,24304,22935.6,19645.6,22163.4,19930,21406.3,18451,18581.9,23278.2,18746.2,21775.9,21677.9,22956,24447.8,21080.7,22298.8,21619.4,21517.7,18227.7,24452,24246.4,20607.1,21082.1,22122.3,17372.1,21658.9,18244.9,20110.2,21812.6,23691.8,21950.1,19246.1,17922,17730.6,22474.1,22248.3,17867.2,23704.5,24336.8,21929.8,22941,22190.8,22499.3,20063.9,19195.1,24474,19150.6,24262.2,20349.5,23159.9,22456.2,22283.5,20082.7,20899.1,17746.3,19396.8,20688.9,23776.8,19661.3,19780.6,21438.7,21728,18964.4,22437.3,23936.8,22978.6,20917,19337.6,17888.6,20408.4,19279.4,20767.2,17356.2,20076.3,20695.8,23728.1,22030.7,21444.7,21592.4,21870.7,23608,22934.7,23301.7,21936.6,19052,23995.8,18921.5,23479.9,21262.6,22322.5,18297.3,18488.1,23395.8,19942,23070.2,23791.3,17673.3,23967.2,18402.1,24030.4,21767.5,21097.1,23092.1,23406.1,20060.3,24108.6,22504.1,19026.4,21524.3,24830.5,18964.4,24092.2,24973.5,21310.6,20796.2,25397.2,18981.6,24776,23136.4,21500.3,24854.7,22801.6,20584,19021.5,24984.1,22589.4,19487.9,24585.2,22007.5,25259.9,26555.6,25862.8,23113,23558.2,21236.1,24558.7,23485.2,20810.4,22133.5,23931.5,25656.3,26167.3,22941.3,25260.9,21681.1,21110,20868.6,25578.7,22340.9,22926.7,20913.2,23608.2,20507.2,24729.6,22533.2,23734.8,22537.8,24622.9,20608.8,23403.5,23405.3,21723.8,20863.1,24846.6,21921.7,20044,23031.8,23953.1,21963.5,20229.7,25104.3,22216.5,25144.3,26474.6,25595.9,23948.6,26887.1,34412.2
36231.9,32830.4,29554,26171.6,24951.9,21410.3,19665.7,19761.8,22407.9,22005.3,22423.8,19290.3,19824.3,23951.6,19836.8,22984.3,20017.8,22917.6,21992.3,23746,23646.6,23048.3,24312.8,22567.4,20299.5,20521.3,20016.1,22346.9,21902,19399.9,19189.2,19361.3,23900.5,19936.3,24227,21822.6,20768.1,19060.1,22140.5,22083.5,22422.8,22115.6,20410.7,19775.2,18183.8,21539.6,22168.5,22742.3,20172.1,22899.2,21546.3,22493.2,18173.3,20436.5,21242,17861.9,20841.2,20958.6,19121.2,23193.2,17266.9,22053.5,18352.5,22955,23236.1,22302.5,21951.4,23288.8,19804.3,21140.2,22377.6,20577.2,19228.1,19549.3,20638.4,18475.7,22827.2,20543.9,18732.7,19981.4,18568.1,20121,19528.6,19762.1,20528.6,20681.8,19089.7,22866.6,21507.9,19317.5,17897.7,17826.5,22086.7,21050.7,23435.4,23531.6,23841.9,18801.2,20558.6,18310,19467.1,20583.9,20402.4,23103.6,23134.6,18623.9,20902.5,23353.5,18261.6,16936.4,20100.1,21519.9,21065.2,20913.3,17629.6,18430,17430,21148.6,17618,19337.6,18816.6,22886.4,22595.5,22483.7,18627.4,22008.5,22298.8,18749,21119.4,20475.6,18874.5,23955.8,20599.2,24281.5,19880.2,21876.5,18250.2,20563.2,22065.2,23424.9,18704,17015.3,18098.8,19561.8,23401.2,22666.5,21953.8,21342.1,22880.2,19261.5,21631.7,20413.2,18712.3,22748.9,20476.1,18867.8,23714.8,22362.8,21768.8,19277.7,20806.8,23048.8,19938.9,19289.4,20842,20143.4,22763.1,19818.6,24100.9,25270.9,23143,23215.4,24885.3,24244.2,20909.4,24223.7,23782.9,21108.5,19204.8,24850,24533.8,22952.9,22804.2,20282.4,20865.5,20485.1,19588.4,25395.5,25086.8,21231.8,19301.9,21869.3,21210,24219.8,21958.9,19404,21720.5,24899.4,21603.3,22501.3,22902.6,22719.5,21911.6,19351.1,21679.6,22703.6,19794.5,23515.7,18297.2,20926.8,19895.8,19877.2,21038.8,20011,18711.7,20949.4,20550.2,24093.2,23203.1,18341.1,23371.8,23667.7,20464.1,24649.5,19410,22509.8,24218.2,19434.3,18591.3,22747.5,20746.5,19442.1,21641.8,22229.3,20277.6,22517.5,21310.1,23730.8,20627.5,21157.9,23614.6,22334.4,24068.2,20042.6,17892.1,19909.6,23212.3,18682.9,22907.8,20281.5,20515.4,20570.8,24193.3,22284.9,23997.3,23699,19134.3,19862,18390.6,23969.1,17869,18045.7,18788.3,22020.9,20280.5,18505,22542.9,23472.5,23677.4,22933.5,21325.4,19698.2,18036.2,23149.9,21733.6,17801.5,23692.8,22549.3,21361.4,23429.6,18504.7,21712.8,21486.7,19380.6,22850.8,21353.4,21238.6,22494.9,23575,22431.1,22275.9,23314,19742.5,22693,22100.5,22990.1,21213.5,17507.5,23832,23720.5,18757.4,18236.5,19348,19058.8,19075.1,21644.3,23388.2,17944.5,22270.7,21590.2,21833.9,23132.1,23530,22325.2,21852.3,19780.3,24056.6,20949.2,19298.5,22970.9,20827.9,22408.5,20991.7,22463,24588.5,23076.6,25689.5,21278.3,23653.7,23011.5,22080.1,22213.8,20706.5,24201.2,25638.4,25376,25925.4,20987.1,23479.4,25235,22527.1,24658.8,20853.3,26040,25190.7,22201,23064.1,22124,25820.2,24825.3,22927.5,25133.8,24397.3,21123,21060.5,23970.6,21191.1,24982.3,22003.9,24848.5,25850.9,22277.6,23484.1,23000.6,25854.5,24081.7,24452.9,23260.5,21054.6,25844.4,20013.7,21152.1,19649.8,22493.3,20728.6,23995.5,22188.4,23415.3,21499,25452.3,22107.8,24404.7,27548.8,34735.9
34995.1,27389.9,29741.5,27216.1,22452.1,23382.9,20554.2,24726.8,24208.6,18349.1,19254.4,21905.7,20057.7,20405.4,19322.1,21054.8,22933.9,22692.3,22184.4,20530.2,20272.2,24034.9,21529,24186.3,18530,18223.3,19038.7,20128.1,23389.9,24249.7,21914.7,22782,23395.2,23410.6,19236.8,18681.3,18174.8,20821.8,21346.6,19988.8,20233.9,23028.6,20073.9,18594.4,22825,19432.8,23078.3,19518.9,21927.4,18794.8,22382.6,19685.2,20377.9,18957.1,17507.9,19011.4,17814.2,17074.9,22380.2,18646.2,20090.6,20566.1,21627.5,19799,21837.1,23239.2,17057.1,21812.8,19609.6,17213.3,23332.2,18114,17469.7,20886,20178.3,22019.9,23114.8,20386.4,23712.2,20754.3,20575.9,21112.7,19611.5,23772.6,21982.9,21959.2,20781.8,19616.2,19901.7,22376.2,21795.5,21094.1,17386.4,21415.5,22466,21903.4,22124,21399.1,23650.5,20478.4,22674.3,17847.1,21467,19300.2,22170.7,18617.2,20994.4,21166.1,23089.5,20605.5,20301.4,20726.6,20952.2,17409.1,20689.1,20519.3,20549.9,17650.8,19365.2,20972.1,19224.5,22553.6,18575.3,22631.1,19185.9,19859.9,20091.7,24071,20880.9,24596.2,24878.2,23532.8,18479.5,24892.1,21403.3,20370.7,21461.5,20294.6,20260.7,22360.8,22125.3,17744.5,17437.3,22143.7,18315.1,19324.2,19068.5,21821.2,17897.3,20600.6,23607.8,19720.5,18492.3,23255.8,19120.5,17223.7,20270.3,19022.9,17855.7,20758.6,20081.7,18248.3,23753.8,19722.2,22582,20514.8,21786.9,20250.2,22130.2,24903.5,23568.9,21976.9,22882.1,19024.5,21877.2,19209.8,19792.5,21978.6,22518.8,24217.6,23538.8,19918.2,21709.4,24085.8,24121.2,25977.9,22992.2,23226.1,24530.2,23369.3,23117.6,19808,24431.2,21890,23898.3,19115,22633.4,23437.4,20880,21135.7,24828.3,23079.6,21668.5,21362.2,24924.6,19165,19811.8,22414.2,18501,23641.7,23355.6,19483.8,19616.5,18808.4,22505.7,23964.3,19847.7,22786.3,18885.7,19531.4,21183.5,18943.6,19040.9,23838.6,19572,24042.4,20192,17914,18613.9,23890.2,19163.2,20258.2,19403.1,21412.3,19540.8,21096.2,17435.6,17607.7,18128.5,24019.8,23361,18377.6,22002.6,20337.5,23599.9,20162.9,23406,22133.8,22488.3,19776.2,22185,22220.7,19067.4,18291.5,22261.2,21439.9,18650.9,21088.3,20898.8,18017.1,18921.3,19219.2,18113.6,18857.9,20354.8,21014.8,19395.7,19241.1,22910.7,20162.9,23746.3,20695.8,23885,21709.2,22002.2,18629.3,20546.2,18071.2,20072,21590.7,22700.5,18213.5,23715.4,19105.4,17974.5,20385.6,20984.8,19604.4,21552.1,17984.1,20930.4,17454.1,21444.4,19117,17310.4,22357.5,23130.6,22065.5,23765,22608.9,23801.3,18961.9,18403.2,21593.3,23631.2,21228.8,23443.5,22277.9,20209.2,22491,23346.3,20581,19801.7,24441.6,24018.8,21504.4,22010.9,19497.2,22763,24036.1,24798,22164.3,19460.4,22564.6,21803.4,24054.1,23781.7,23232,23910.2,21291.5,23323.3,21598.4,25429.3,20522.2,22970.6,23353.3,25436.6,25898.2,24577.4,24555.1,26110.2,23865.5,20757.4,25227.3,20561.1,23355.4,26143.4,21880.7,22086.3,23019.6,20985,20155.6,22296.6,22215.4,20177.5,19940.8,24591.6,22802.9,23854.4,20885.5,23404.3,22464.1,24267.3,25221.8,21372.4,22385.7,22428.2,25563.4,21217.6,25625.6,24400.3,25143,20141.9,20188.3,26240.9,25908.3,25834.2,21993.6,24740.2,20926.4,23606.8,28446.5,33518.4,34389.1
31642.3,30929.8,30249.6,26884.3,20935.8,21377.5,24114.7,20844.3,20837.8,22265.1,22476.2,19638.3,21555.5,19933.5,19767,23146.1,23565.2,23620,22350.4,21720.8,18248.7,18121.8,23390.1,23942.2,23775.6,19816,20198.9,21990.3,23833.3,22511.1,23798.9,23646.4,22602.5,20849.6,23333.2,22768.9,24091.1,18452.4,20163.2,22346,23055.5,17957.8,19973.2,18608.5,21179.7,18354.8,23722.4,23245.1,17970.6,20881.4,17496.1,22687.2,21966.3,17389,22263.5,20688.6,20418.8,21178.6,18455.1,22564.1,19300.3,21252.1,20381.9,22118.3,17792.3,20910.4,19918.6,22043.5,20449.5,19883.9,23276,18407.6,19216,19441.7,19663.9,18171,18425.1,19798.5,23516.7,19259.3,22830.9,19369.6,23538.4,20075.7,22983,19694.9,18509.6,21257.7,19445.2,21920,22142.7,17741.1,21685.9,19152.6,23296.9,24091.7,19651.8,19603.6,22340,23325.4,20713.3,21819.4,17324.6,18260.7,18559.9,19320.3,17531.5,23026,18297.8,23342.8,20095.8,18876,20060.9,23348.8,20260.1,18427.9,20217.7,23412.7,22245.7,22607.2,18780.1,22450.4,19178.8,23473.8,20684.5,23943.3,18289.1,19133.4,23260.7,19930.7,24108.2,19230.4,20965.7,24765.6,22982.3,18980.9,19457.1,22963.4,19255.6,18241.2,16998.9,20932.4,17694,21708,23443.9,21916.4,18937.7,22182.1,19491.9,23060.9,18255.8,20635.1,20090.9,20735.2,21014.2,18648.9,18791.1,22276.3,23702.5,19593.6,20505.2,24316.6,21073.4,19487.1,19731.4,19222.9,24037.5,20875.2,25090.7,19221.7,23474,24235,23339.8,24950.3,22416.9,20638.8,22491.5,24656.4,19542.4,20197.8,23715.8,21651.8,22955.5,24489.4,21625.3,20488,24876.7,21246,25014.7,23257.4,19570.8,19273.8,20991.5,20697.5,23324.8,19282.7,22878.2,24555.3,24338.3,24252,24287.2,24189.3,22380.5,22441.1,19857,18727.2,22323.9,18575.9,18196.4,19840.6,18674.7,18687.5,18665,21815.8,22506.5,20591,24480.6,18210.5,20204.1,20701.7,19640.2,24594.4,22379.3,20998.6,18918.4,19839.6,24455.9,23115.6,23006.4,23436.8,17969.6,22021.1,17806.7,19963.2,23809.3,20330.2,20336.6,19261.8,18488.9,23197.4,24357.6,21511.6,23810.7,22260.1,21091.2,24477,18289.8,20061.1,21166.4,19105.9,20784.3,23637.1,21511.1,20851.3,24130.4,24036.7,21348.4,19948.5,17913.5,23918,17962.5,17757.2,18181.5,23538.3,20630.1,22810.9,17895.7,21468.6,20310.4,19155.8,22221.6,20220.1,23976.6,20827.9,20512.7,23978.9,21762.5,20720.2,23000.7,17895.3,22558.1,22718.3,21703.4,21530.5,22350,17639.8,20910.3,19710.4,21673.2,20515.7,18559.9,18613,21107.7,17843.2,17599.1,18403,18660.4,19895.6,23622.3,18335.2,22164.5,23628.6,24307.7,20077.7,20325,23641.1,20742.9,17987.9,21775.3,21920.5,19519.4,23779.1,23877.5,23638.4,18728.4,23156.8,21060.9,25039.5,22227.8,24915.9,20862.3,21359.5,21208.9,25614.9,20634.8,20184.5,22522.6,19720.9,22962.9,23650.6,24149.1,20033.2,25164.2,20922.3,19987.1,26523.9,22302.5,23388,26419.8,22109.2,20582.8,24836,22010.9,22028.9,21011.8,20801.8,23326.5,25856.7,24881.6,25467.4,21731.3,20276.1,19775.4,25840.6,23454.9,19735.7,19836.3,21277.1,21395.1,22754,25003.7,22102.3,24924.1,25851.4,21267.1,20314,19616.1,24776.8,20333,20312.2,20275.8,22351.5,21435.1,23671.6,23668.3,24719.1,20757.7,22508.2,25082.9,24570.2,22511.3,24670.7,27550.4,32172.9
35448.1,27879.3,27176.5,26177.1,23091.7,24796.3,24085.4,23618.9,20958.8,24456.2,23860.1,19651,21502.5,18212.1,18567.7,19184.4,19019.5,23593.2,22656.6,19226.8,19545.6,21990.5,18844.3,23839.2,19071.5,18907.1,22403.7,18401.1,18090.7,20062.7,20004.8,20417.8,20191.5,18323.4,19849.8,20475.3,21937.9,20914.1,20894.1,22325.2,22336.2,18500.2,19472.8,18425.1,22257.1,19068.3,22914.9,19169.4,19588.9,17833.4,19232.8,17722.1,22304.1,20765.1,18639.4,22501.8,20196.7,22625.6,20157.2,20240.1,17398.8,19342.1,18256.6,20996.2,20539,22407.9,20172.9,17599.2,20492.4,21809.5,17942.3,22270.5,20006.5,17374.8,18398.9,21388.3,22965.8,19939.5,17885,17625.1,23375.3,17629.2,21917.4,21773.5,22717.6,22024.2,22177.6,20561.7,19964.1,23795.6,19437.2,17617,21900.9,24203.1,24214.4,20129.6,18936.3,20799.7,21163,18581,19160.5,20033.6,18705,17656.5,23519.8,22924.7,23740.7,20852.8,22143.3,21625.6,18734,17319.3,17521.7,17924.6,21886.6,22570.1,18972.7,19021.6,24012.3,21866.4,19700.2,20733.2,18797.9,19253.7,21143.7,20312.6,23298.2,19177.9,18925.6,24474.4,21280,21520.5,24229.7,19101.1,23822.4,20944.9,19397.3,18508.8,20282.5,18880.1,17814.7,20867.6,21611.8,18933.1,17282.1,20108.5,18030.7,19833.8,22208.1,23890.9,18733.8,21736.9,20811.7,21623.6,19537.6,20091.3,20762,20397.1,23046.7,24230.5,22264.9,20601.3,20996.2,17841.6,18189.2,22060.7,23115.9,22646.5,23686.2,22735.3,23575.3,24095.9,23425.8,22715.2,24660.1,20791.2,23191.2,20308.1,19363.1,21514.7,23806,22507,20469.4,19943.3,25373.5,22236.1,25186.4,25133.2,22115.9,23422,23021.6,24383.4,25187,21182.8,24079.8,20702,19172.3,21708.3,23486.4,19724.3,22017.1,24206.9,19986.7,24197.4,18887.9,22822,19485.9,20484.6,24461.2,24342.7,19410.2,21500.6,20448.4,23678.6,20162.9,21304.7,22316.7,22433.7,18303.2,22678.7,19764.8,20059.9,18525.4,23941.2,23335,18550.9,18405.8,23227.2,18195.9,19615.4,19163.7,18594.3,22820.9,19062.4,20360,18161.9,20086.7,17798.4,21441.5,22547.6,21702,23924.1,18026.3,21618,18046.6,21985.4,18076.5,22657.4,22971.4,21576,20949.7,20869.6,18477.9,24667.1,24424.1,19217.2,20838.7,20983.9,23234.2,23734.5,19852.8,20025.3,18166.7,20756.5,18263.3,22535.7,18196.4,18216.7,22067.8,21343.6,24445.5,23051.9,20283,18958.5,23572.2,19313.6,19712.2,22863.6,22114.2,20906.6,20392.3,23437.5,22505.6,21986.3,21489.1,19564.3,18488.4,19931,22048.2,23679.6,20371.4,18690.6,18269.3,22283.8,22429.7,20494.9,21270.9,22183.3,22856.2,22663.4,23004.5,23104.3,20984,21445.4,20742.8,19761.2,22212,21859.4,20781.9,18491,21459.5,19807.6,24475.5,23339.1,22500.3,24088.2,24617.5,20089,20361.9,23189.1,25338,19500.7,23571.1,20898.6,24879.6,23897.6,18919.4,20195,20922.8,19285.6,20773.4,20276.4,22686.4,22943.1,23146.8,26571.2,22874.9,22646.3,25829.2,24246,22810.1,25297.2,23331,22532.4,24495,22775.2,25685.1,22893.3,24596.9,23777.1,22862.1,21026.3,20338,25519.6,23946.3,25457,26137.3,22782.5,20026.7,25648.1,24344.3,25721.9,25647.6,19682.3,25564.2,21756.2,22669.4,20230.7,23905,25975.6,22136,21259.6,21491.3,22745.4,25997.9,25320.1,22417.3,25248.3,21851,25084.4,25160.8,28018.5,27425.3,33910.3
33968.3,32230.7,25618.8,26498.5,25089.2,24370.8,25549.5,21891.5,24720.9,18967.6,22142,18737.4,19537.2,21802,23330.3,22078.5,23248.3,19099,20775.2,23726.4,18483.4,20095.4,20722.9,23926,23936.3,20305.3,21611.3,20895.8,21110.7,23999.9,19391.1,20787.4,21003.9,18329.9,19105.3,20423,18745.8,20348,23654.6,23744,23757.4,17745.3,23101.6,21949.3,19103.9,20610.6,17440.8,21164.6,17428.3,18377.9,23512.3,20414.4,20616.5,18367.5,17380.6,23383.2,17728.6,23423.9,20208.9,20874,17369.4,21463.2,19368.7,22369.7,17727,23060.7,23606.8,21957.7,22577.9,18700.7,17345.3,21043.2,19976.6,23233,21032.9,23795.9,18984.2,21611.2,17631.8,20444.4,23910.7,18272.1,23089.8,20272.1,20760.2,23738.7,23777.6,19600.9,24144,22002.1,21216.1,23415.9,22226.4,18313.4,21488.6,23191.9,17859.2,23745.8,19829,21531.4,19339.1,20039.8,18698.8,19522.4,18143.9,19356.9,19402.6,22318.8,19501.3,17262.5,20755.8,20642,23847.5,20123.3,18318.4,17578.3,18026.8,22252.9,23001,18363.5,23040.2,18829.5,21056,22324.8,18309.9,24574.3,19306.6,18166.5,23170.7,23406.7,20741.4,21362.3,19880.1,24241.1,20291.5,21115.9,21398.5,21229.8,19219.8,21805.9,17555.2,17232.2,18087.2,17933.4,21803.8,18821.9,17583.9,17563.7,23895.7,19039.3,20636.8,20641.9,18321.1,20558.1,17092.7,19182.9,19688.1,21294.8,23900.4,20540.5,19131.3,19799.8,22618.9,19550,22093.1,21191.9,23401.3,23692.5,19210.2,20556.4,19460.6,25031.8,22402.2,20526.4,20460.8,25283.1,25310.5,19682.3,23913.5,19278.8,21320.8,22114.7,24757.9,21161.5,23373,25030.8,25367.7,23068.3,23149.6,23329.3,21414.8,24638.4,24076.3,23748.8,24637.7,25108.4,20331.6,23090.5,20908,19285.7,23360.3,19390.5,23119.1,19556.3,21184.4,22859.4,22441.1,19352,18384,22115.2,18904.4,20371.5,24385.9,20602.1,22730.9,19850.3,20686.6,22948.5,19246.9,19575.1,21856.6,24041,21576,24429.8,23895.7,23885.1,20080,18874.6,23760.9,18071,22457.5,23331.2,21658.3,20820.4,17996.7,19435.2,19408.2,19292.4,21563.7,20627.3,21041.3,21404.4,18515,21975.8,18383.7,20313.8,24283.8,18439.3,19123.3,23234,18486.2,18278,24381.2,19688,24214.1,19647.4,18294.6,17771.7,23549.4,19761.4,22285.1,23820.5,21536.7,23106.2,17575.1,19308.9,20453,23780.5,21189.7,18575.7,23365.3,19716.8,18194.4,22067.9,21949.6,22598,22687.1,23031.1,20486.4,19736.1,20130.5,20502.2,22521.2,22371.8,18430.5,18023.4,21509.6,23558.3,19412.5,23754,18087,17562,22960.8,20850.9,17632.7,18777.7,23017.7,22366.3,21987.1,20202.8,19327.8,18839.3,19039.3,20966.5,22851.1,18352.9,20948.3,21798.3,22833.5,23842.3,21550.8,24433.3,20327.5,21088.5,23043.8,24882.8,24379.1,21386.6,20742.5,20797.3,23747.5,23151.7,19691.6,24903.7,25301.2,22000.2,21196.3,21441,25113.5,24197.3,21008.8,21854.1,20233.9,20613.6,24660.6,24381,26222.5,24772.5,22802,22993.5,20388.4,24723.2,22629.2,22831.4,21680,20896.2,21183.9,22686.2,23692.3,23296.5,26073.1,20890.4,19600.6,20974.6,20083,20869.7,20024.3,20031.9,20083.3,20831.6,22119.8,22257.4,25742.1,21873.6,20708.8,24213.1,21478.7,19705.2,22686.6,20413.4,21735.2,19831.8,26034.3,25222.4,25189.7,24181.9,24423.7,21771,25263.9,21733.1,24793.7,27652.6,28233.4,36336.4
36746.7,30622.2,25842.2,25937.4,25705.2,20866.7,23290.4,21890,18788.9,20392.6,18538.6,19176.1,20655.4,23350,23592.5,21642,19546.6,21815.6,19009.4,21851,24079.3,23424.8,20180.3,20952.5,21025.6,19345.9,20327.7,21432.7,24235.9,23978.3,22905.8,21105,19933,24297.8,23480.7,20634,20579.3,21705.9,20717,23179.2,19168.6,21260.8,22670.4,23200.6,19130.5,23734.2,21265.4,19143.5,17644.3,20638.6,22944,18865.7,17884.8,20870.5,18527.2,18860.2,20831.8,18736.3,20682.7,17467.2,20935.6,20256.7,19248.3,21641.7,22445.3,19217.2,21031.3,18153.2,21393.7,19054.6,20496.4,20551.8,22438.1,20166,20497.9,23160.9,21203.1,17686.5,21950.6,19608.4,21765.6,19693.6,19631.6,22028.2,18493.7,19621,17842.7,21172.8,21320.6,21530.7,22607.1,23729.3,21139.4,21719.3,21298.4,20673.6,21982.9,17946.2,17434.1,18284.7,23813.1,18589.6,20109.6,21886.2,17648.2,22845.4,17858.1,23111.7,23400.3,19068.4,22174.3,22690.6,23110.9,19015.6,17324.1,18251.5,21004.9,22384.1,19576.6,23454.7,18064.8,18389.3,18215.4,23072.5,21895.2,21855.5,24496,20608.5,21623.5,19568.3,19847.1,23825.1,21739.5,19044.6,23227.9,23227.1,19100.4,17393.4,18924.1,18124.5,20253.7,22459.1,19646,18694.5,18534.4,19665.5,22557.5,23202.6,19627.8,22510,18666.3,22302,20037.8,23488,20252.9,20626.1,20360.1,18374,18840.1,22699.3,22746.7,22652.7,22666.3,20185.3,22352.5,20725,23436.6,24220.4,23749.2,24580,23809.4,21192.1,21749.3,20481.4,20050,21974.3,22084.9,20176.1,20228.8,19482.6,21388.3,24182,20380.9,21124.7,23852.6,20130.7,22286.7,21966.6,24887.7,19910.8,21971.4,20313,18993.8,19758.2,21086.2,20944.5,20407.2,19903.6,21411,21042,20931.1,23938,23066.6,25256.9,21639.9,18421.4,18780.2,20816.4,22358.4,22419.7,18963.2,20642.9,24034.7,24057.7,20885.3,22113.2,23820.4,24161.8,24789.2,22907.8,22832.5,23576.6,22840.4,19061.6,22595.7,23650.3,20607.7,23152.1,24255.8,18302.2,19335.2,20285.1,19329.2,20385,21583.4,18097.2,20233.5,21298.3,20596.5,20041.3,23084.4,20209.8,18558.7,17870,19936.4,24294.3,23887.4,18501.2,23757.5,21527.8,20017.2,19926.5,21400.2,22831.4,24051.2,23256.6,24419.4,23960.5,18698.6,21756.1,18297.4,23604.5,19244.6,22495.6,20309.9,18873.9,19529.2,24173.5,22228,22095.9,24549.1,23111.3,23983.7,22264,23071.9,20905.8,18146.7,20744.4,17527.2,22621.5,24049.9,21368.8,22013.4,19693.5,21180.2,17355,20831.9,22851.8,22560.8,17711.7,21828.5,23541.8,19135.3,19192.3,17877.5,23295.5,21920,17632.5,23716.5,22940.9,17794.6,18461.1,21642.3,21062,20651.2,23811.8,22378.4,22345.1,20270.3,18637.1,21995.1,24204.2,22809.4,20850.4,19411.2,22797.9,19445.2,24615.8,22541.4,20208,19130.3,22477.6,23907.8,22950.5,19300.2,25531.4,19828,23178.3,20684.9,21985,20768.8,24936.5,20174.7,21804.1,25415.2,24576.4,22411.7,23288.6,21365.8,26579,23235,26259.2,26335.9,21450,21833,22597.9,21185.4,25075.5,24817.7,23288.2,25711.4,21813.4,19507.2,24860.8,22358.4,19921.9,19481.5,22230.9,21170,25099.8,20239.5,25702.9,24650.6,20576.5,21319.6,22308,24709.6,23850.7,24660.1,24536.4,25803.9,22908.8,23451.7,26498,25863.7,20803.7,22756.4,25097,21303.3,23289.4,26289.8,27961.9,29632,32260.7
31893,33091.8,28637.3,25963.8,23992.6,22459.6,23734.8,23971.3,22005.4,23976.9,24687.5,24415.2,20789.1,24385.4,20112.2,22280.9,21835.5,24305.4,22528.9,23770.4,19728.6,19959.5,18674.4,23336.2,23599.5,19828.8,21098.1,21194.8,20886.7,20950.9,22176.5,22111.2,21080.3,20130.8,18863.4,20371.4,20220.8,22336.1,23830.3,21019.7,22326.4,20207.3,17746.3,17701,21914.2,23147.1,19163.5,22521.2,21453.5,22955.1,22493.8,21679.1,21010.5,22154.1,21147.8,18227.3,18297,21051.2,19618.7,23093.2,20018.3,19309.9,20993.7,19283.6,18218.5,18884.1,23323.1,22818.1,19564.1,22167.2,22426.7,19476.7,20327.8,23750.3,23603.9,17514.2,19360.7,19055.6,21073.7,22302.6,22742.6,19840.8,18865.7,21468.7,20463.3,17760.7,23041.6,21429.9,20497.1,23679,22560.8,20924.3,24006,23889.4,21056.3,22460.2,21303.2,19415.5,23088.1,22414.7,22791.7,17827.8,19172.1,18528.9,17464.5,22828,18679.8,20290.1,23417.7,19713.2,21289.2,17547,21651.4,18675.5,18148.9,22871.4,18815.9,23350.9,17710.5,23819.7,17683,24135.6,24488.6,19773.6,23667.2,18585.2,20115.1,24413,20745.6,20852.7,21560.3,19468.3,24429.5,23625.8,22114.7,20736.9,23841.2,19711.3,21249,22455.8,20499.1,20612.2,23491.8,20790.6,22429.4,20761.6,20275.7,19267.4,19298.6,23575.4,21013.6,19289,23625.4,23180.3,20316.3,21042.8,22795.2,19315.8,18369,20941.5,21513.8,24279.7,23366.5,22074.9,20533.7,21380.8,20309.4,21866.3,21074.1,25283.1,22436.8,22872.6,23675.6,22696,20410.5,20209.7,24278.3,24789.1,22602.7,22135.1,19803.9,22647.2,23006.5,22760.1,25557.6,25848.5,19776,22659,19711.8,24617.1,24157.8,21753.1,24050.3,25216.8,21962.1,25287,25484.4,23420.3,24131.8,24199.4,21006.6,22927.9,21047,21197,18677.1,20886.5,24801.5,23472.3,19843.6,21161.2,20429.3,24024.6,19121,18984.4,24789.8,22758.6,19337.7,19356.6,24233.9,5700.32,22882.4,22939.4,18942.8,22142,18820.9,21471.2,18941.6,19861.2,23321.6,20635.5,22002.7,20232.9,21629.3,18586.4,18355.7,18935.6,19239.8,22053.5,21343.1,23083.6,18501.7,23690.9,20677.7,23709.6,20042.4,19348.9,24542.9,24622.4,24124.3,21598.8,21719.2,22499.2,22897.1,21729.6,18532.9,18357,20001.3,20341.1,20187.9,20093.5,17803.5,22652.5,21936.2,20263.9,20999.1,21136.3,20927.5,21341.6,19367.4,24415.3,24604.3,22834.1,18259.8,23543.1,18039.1,21287.7,20297.7,23298.6,23031.9,21765.8,18199,19575.9,19959.6,17325.7,21922.6,20352.4,17579.2,22847.7,20286.1,18492.9,20331,17539.6,21971.3,23580.5,21510.1,18140.9,20009.8,23911.6,20311.9,23363.4,20519.9,17752.8,18747.9,18793.9,20831.7,21687,23526.6,23266.5,24220.3,22966.6,22658.8,19302.7,20928.6,24395.3,20724.5,24687.7,22772.3,21337.5,22324.3,21078.2,19688.6,21794.1,19699.7,23360.6,22243.8,25727.2,25807.6,22708.3,21921,25572.1,19250.6,25650.5,20962.7,24896.2,26034,24903.4,24065.1,26085,21271.5,25357.8,25755.4,25778,23162.7,26195.7,25546.3,26545.4,21485.1,21752.6,22289.7,23486.5,21186.7,25888.4,24471.7,24408.1,20268,23388.1,21138.7,22909.8,21443.2,26202.6,22417.2,20564,24017.7,19786.2,19365,19641.8,21562.2,20516.8,24184.1,23646,23947,23306,23107.4,21243.9,22848.2,23605.3,25236.7,24163.3,23010.4,21315.7,26193.1,29708.2,30171.4,37645.5
36483.6,28446.9,25621.3,22869.3,25719.5,24553.5,24845.3,24661.9,21570.4,24657,23685.3,21995.2,24453.5,21697.4,23689.3,19331.7,21562.4,18927.9,19187.5,19668.3,24098.2,23838.6,19039.1,20102.9,21990,18967,20175.2,20310.1,19029.6,18483.1,21205.6,23907.2,18156.1,18714.4,21183.1,19048.4,23357.3,18258.2,20562.7,23740,22788.4,20863.1,19155.6,18484.3,19429.5,20662.5,20457.1,18497.4,19972.1,22435,23042.6,18808.8,18638.3,21471.4,18933.4,21811,18778,20800.9,20210.3,20240.9,21710.4,20751.3,17775.8,17243.5,21317.2,18229,19976.4,17458.6,21967,22783.7,18399,22550,20762.1,22547.6,18637.6,20517,21301,18063.2,18063.2,19556.5,19741.8,17546.1,20495.2,17585.8,21840.7,20730.3,21376.6,24249.1,20672.2,23594.8,20907.3,22220,23741.8,17711.6,21629,19591.3,18649,18826.2,20104,18510.2,21893.5,20574.5,21243,17566.2,21584.7,22223,19361.8,23247.4,18096.3,20870.8,21806.9,19396,21919.9,18887.6,21481.8,22917.9,17761.9,19284.2,18935.3,21995.5,22582.9,22301.8,19950.5,22839.8,23551.2,23950.9,20370.8,22770.8,21272.7,24125.9,24030.6,19607.7,22378.6,23879.1,22345.9,19141.3,23105.8,20581.9,22700.7,18894.2,21037.2,21011.9,21990.7,18300.9,18140.4,20168.1,22508.8,18919.5,19473.6,20051.8,20903.6,19385.1,18664,23020.3,18695.8,21766.1,22943.3,19663.5,23990.3,18221.1,22272.8,20042.9,23050.1,18434.3,23694.4,22244.6,18777.7,22895.7,23359.3,23045.5,19543.4,23799.2,23673.5,24370.2,20448.9,21919.8,24939.1,24648.9,19508.9,22371.6,20749.4,23540.3,24146.5,23237.9,19576.1,24413.1,19953.6,25021.6,22860.5,23682.9,21001.1,23433.9,19916.3,19675.4,24038.3,22948.7,21566.6,24094.6,19911.5,18812.3,19196.2,21045.5,20417.2,24051.8,18729.1,19755.2,21706.4,22881.7,24622.7,20707.3,18903.7,24791.3,23616.1,20398.6,19346.3,24947.8,19872,19598.2,19599.7,20607.8,20178.1,18653.6,24506.1,18950.5,19581.7,21855.7,23847.9,22757.7,21703.4,18026.5,20338.6,21755.4,19543.9,23902.6,20436.3,18666.8,22157.2,18196.1,20624.9,23686.7,20001.5,23655.2,21844,20974.2,20936.8,18309.1,21488.8,20441.7,19364.9,20425.3,20469.5,20136.7,22528.9,21983,19391.8,22706.8,22322.2,23460.2,21741,22132.3,22358.9,18103.7,21641.6,19142.4,21288,23273.5,22567.2,18470.2,22323.8,22762.7,19433.7,18445.3,20230.4,19677.4,21666.7,20513.1,21558.8,20882.3,22392.2,22580.8,18491.5,21422.4,17430.5,17598.4,18585.4,20906.9,18964,23764.8,23493.3,21641.5,17917,22003.7,22571.1,22074.8,21697.9,21896.1,19842.6,23003.4,18658.5,19343.3,21985.5,23548.5,23496.5,24655.8,23269,22423.9,18843.7,21001.5,24031.1,20996.2,24419,24653,21830,20833.1,19004.2,20931.2,24342.7,24229.1,25474.3,23761.4,19693.9,20128.4,21343.3,22024.8,19930.6,21513.8,25019.7,21530.3,23200.2,20096.8,23749.2,21906.1,26289.7,25292.8,22799.5,24858.7,24255,25026.1,20858.6,23515.8,24408,26495.2,25138.1,21344.2,22719.6,21844.4,23296.3,22241.5,21645.1,26314.6,22040.2,22525.5,24711.4,25236.4,22295,21721.7,21588.8,24879.8,25462.7,23416.9,22159.5,21673.2,21899,22217.9,20706.1,20755.6,22437,24788.9,20244.2,20095.1,23120.3,24623.2,23166.5,25269.8,23275,24338.9,24903.3,23167.4,20308.3,24683.8,23289.6,24393.5,27734,31671.9
32554.4,29600.5,24703.7,26031.9,23173.8,23872.5,21491.3,23099,23734.6,19417.7,23734.4,20428,20165.7,24169.8,19932.5,22208.8,18463.7,20602.4,24627.9,21747.8,23789,18576.8,19354,21965,20286.3,23499.9,20122,21758.6,21478.9,18159.8,20562.1,21149.8,23721.1,22158.6,22268.7,23466,18640.6,20246.1,19690.4,21044.7,19040.7,21520.2,20982,20010.5,22448.1,20820.9,22398.8,22672.2,19504.3,22382.9,19684.7,18231.4,19513.2,20819.6,23331.3,20477.4,20990.3,18477.9,20077.8,22047.2,18943.1,18020,18476,22607.5,20703.5,22243.4,21610.2,18635.5,20131.8,23130.9,23123.8,19810,23881.8,23157.9,20205.6,18719,22325.4,18191.3,22184.5,19163.3,18034.2,23446.3,20732.2,18947.8,23710.2,23664.6,21576.3,18140,19955.5,23921.7,21764.4,22374.7,19925.7,20476.4,20253,24052.2,19840.2,18965.1,22187.5,20531.5,18404.8,23067.6,18023.6,21544.2,19581.7,17274.4,20571.3,21416.4,19246.1,23433.2,23827.3,20071,21630.7,21542.7,23211.2,19964.7,19527.5,21243.1,19309.6,23228.5,22821.2,18730.8,22198.2,23567.8,23156.5,24780.2,22904.4,23959.2,18681.5,22492.4,19921.9,24617.5,24738.6,23773.2,19202.5,22041.1,17950.8,23467.4,17085.3,22919.7,18364.1,22080,19233,21746.4,22426.6,20862.8,21325.3,20731.9,21553.2,17993.1,18530.3,20187.1,22553.2,17837.2,20905.7,17657.1,22143.3,20327.7,21088.5,21136.7,18606.1,23405.2,23283.2,20644.8,20448.5,24080.2,22201.5,20294.3,19562.7,20648,22279.8,23611.2,19931.3,19299.4,25428.9,25496.7,19353.5,20176.4,19282.5,23328.3,20664.9,23498,25704,20332.8,22840.2,19773.5,24522.4,25464.2,19712.8,23638.4,21412.6,20312.9,20149,19637.2,25138.9,24801.7,21068.4,24669.9,21799,21636.5,19485.1,21241.8,19504.6,22008.8,19194.8,18884.5,23480.8,23668.1,21150.7,20435.9,21419.9,22434.4,19008.3,22868.8,24080.1,21008.6,21438.5,22377.1,22241.2,20653.8,18345.5,20235,20937.2,21957.6,21949.1,21838.8,19020.6,18428.9,22151.2,18112.2,18368.3,23350.2,20514.9,18940.9,21461.6,20535.6,21168.1,23637.1,18864.4,20530.6,19450.5,24245.5,22928.3,22231.9,21526.9,21816.2,20547.8,23616.3,23822,22918.7,19070.9,20795.5,24456.8,18210.9,21013.8,20132,22933,19596.8,17927.9,19797.7,17896.7,21298.2,20881.2,21191.6,21515.6,19814.5,18922.9,21658.5,19991.9,19786.8,18516,21582.7,21199.7,20417.4,18418.5,17986.3,22435.5,23264.3,18646.4,19024.5,21044.2,18745.4,20784.2,17215.7,21160.3,20976.7,19213.9,20811.8,22410.5,17876.2,23791.7,19041.6,18859.4,22553.5,18547.9,19427.3,19794.7,19829,22503.2,18870.9,22528.2,22431.8,18540.1,21107,20928.1,19447.1,21010.1,24227.7,24453.3,20462.9,19652,21365.7,20203.6,21218.1,22923.7,20699.2,23621.4,19883.8,22155.8,24116.8,20770.8,19597.5,19853.6,24397.1,23948.8,20859.1,22077.6,23886,20285.6,21620.9,22190.5,26152.6,23005,21981,23734.6,23297.2,20523.3,26770,26647.3,20904.4,25055,25399.3,22293,23960.4,23735.1,20601,25920.5,25864.1,26290.2,21946.8,21997,23733.4,22159.6,20581,23827,22158.3,21184.9,25572.6,19976.4,20104,21864.4,19961.6,20868.4,19456.9,21672.3,24118.8,23981.5,26173.4,20765,26371.9,20439.3,22786.5,24613.7,22909.6,21245.9,21248.9,21099,21880,26030.5,21954.3,22427.1,30174.2,32894.5,34297.8
34925.8,27445.2,29907.2,24448.3,23293.5,20924.2,25558,21876,18697,23219.1,21159.1,21267.2,20500.7,20478.1,23613.7,18169.7,23135,22846.9,20436,18443.3,23845.6,18414,23300.4,19490.5,21557.8,22171.9,18988.2,20250.5,20387.7,19819.9,19182.5,24211.9,20410.7,20157,19240.2,18051.4,18424.2,21316.8,21307,22570.5,21904.9,19604.6,19286,18892.6,20959.1,19314.5,23755.6,19556.4,18286.4,18146,21284,20122.4,22408.3,21819,22193,17861.5,17442.5,22749.9,22099.5,21759.3,19652.2,22326.1,20222.5,18123.7,21142.4,20462.7,22388.4,21064.7,19736.1,18032,22331.7,17600,19747.5,22405.4,20653.4,18592,21721.9,18061.8,24062.5,23354.1,24025.8,18611.7,22752.4,21872.2,21188.6,19394.5,22437.5,18118.9,23513.3,20441.4,18101.6,18899.4,22013,17788.5,22572.7,23878,20610.1,23575.9,22175.1,23882.3,23812.6,22704.8,17263.7,20790.6,23861.8,17835.2,19905.8,22659.2,20533.7,20098.1,22764.4,23401,19232.3,17578.3,19658.5,21229.7,21254.8,21028.8,20605.6,20181.6,18032.5,21030.6,20398.2,21723.5,18139,22332.7,23194.4,19084.4,22896.4,20827.5,19984.4,21350.3,18527,21647.8,20620.9,20486.1,24003.5,17387.2,20365.2,17174.8,22763.7,17537.8,21676.4,23100.7,22808.1,17861.2,22228.2,23587.2,20736.5,21951.3,23190.1,18807,23699.4,22613.4,19013.5,21938.8,18248,18642.6,24044.4,20853,20980.9,22700.7,18931.1,22936.5,21992,18678.5,18395,22100.4,25269.5,22946.8,20298.2,25433,19424.7,20980.7,20308,22229.7,22160.6,22195.4,23156.5,24415.8,20650.7,23826.3,20965.5,19835.9,24390.6,22877.3,25203.2,24882.6,21444.6,23540.5,19732.6,24932.3,25481.7,24841.1,21702.9,23982.6,23764.4,21180.5,22808.7,20424.9,19121.5,24302.8,22426.9,21418.6,20135.9,21233.3,21583.4,24780.6,22422.3,19828.3,21746.6,18887.7,20746.6,22422.6,22256.7,23804.8,19461.1,21779,22928,22310.2,20395.9,22734,24030.4,21944,21940.2,23996,20012.5,19092.5,20916.1,22813.7,23238.5,22987,21894.7,21476,18614.1,20378.4,22408.7,17969.4,23929.1,19278.7,23421,23047.6,19027.1,18298.4,19208.6,21792,21853.6,22655.9,19886.5,23544,20906.3,23403.6,21816.4,23857.3,21522.1,18993.4,22255.8,23393,23075.3,20596.4,18290.5,23943.4,23831.8,19984.3,17544,23021.9,21760.4,19605.9,21453.5,22828.5,24684.6,21691.1,22823.4,19722.1,20610.4,17867,20884.2,18202.6,19560.5,23029.3,22144,19867.5,23024.1,21566.6,19037.8,20066.1,19745,18190.7,22179.3,21853.3,20611.6,23568.4,21863.9,19408.4,18951.5,22248.4,19066.2,22399.5,17955.9,20448,23052.3,19497.3,19161.3,24042.7,22149.7,23246.7,22591.2,20793.5,17970.3,23505.1,18690.4,23586.6,21192.7,24502.7,20151.1,19316,21262.5,21350.1,24280.2,19558.6,19888.4,19581.8,25488.5,24427.9,20844.2,25634.9,24811.1,20429.4,20348.4,23120.1,25842.8,25771.6,23393.5,20702.8,24400,26268.9,21903.1,24541.3,25248.9,23976.1,23651,21060.4,25140.7,20735.5,21543.1,21378.6,25940.5,22002.8,26349.5,23249.2,21200.5,19615.1,22582.6,19766.7,21864.5,23164,23187,25696.8,21881.6,24329.4,20525,20126.1,25660.1,21727.3,20674.5,20643.7,20829.6,19762,25146.5,23128.3,25873,21256.9,22253.3,26316.1,25945.8,23506,24506.4,26363.8,25266.6,21364.5,24910.5,27272.7,32036.4,36748.5
34067.7,27367.6,23710.1,25453.5,25645.2,23470.6,22326.3,20422,21356.2,22738.2,20863.5,23273.7,20984.3,23135.3,23650.6,18216.1,23596.3,19975.6,22860.4,20516.6,23350.4,22847.6,20171.5,18324.5,23706,23543.5,23596.2,21950.5,22392,19364.1,19092.5,20602.4,21040.7,22658.4,23785.8,23049.5,22308.5,22759,18912.2,23273.6,19302.1,19689.8,17775.4,21916.7,18903.7,21413.5,19049.7,22647.4,18860.3,19334.5,18627,21664.7,19187.9,21223.6,23284.4,23390,22790,18063.4,22000.5,17083.7,23484.2,21344.3,22411,21373.7,20413.8,19776.9,17351.9,17189.9,18384.5,21884.9,19184.1,22352.6,23228.9,22923.1,19472.9,19114.5,20593.4,20748.2,24167.5,19778.9,19382.4,21618.5,24062.6,22748.2,23220.4,22874,21491,19701.2,20355.3,22027.2,23459.6,19835.3,22913.2,23345.4,20416.2,19022.4,22688.4,18783,18929.6,17610.5,17882,22554.4,18217.3,17876.8,19556.7,17194.3,19834.8,22352.6,23662.1,18781.5,17894,23633.3,19533.7,22090.6,19942.9,23124.5,21234.2,19960.5,21843.9,21872.4,17730.7,18584.5,22306.7,23558.9,21282,24624.2,23244.1,22567.4,23260.4,24926,21028.1,23943.2,24258.3,21030,23108.5,21595,23940.1,17189.8,17393.8,18895.6,18385.6,22973.2,21718.9,20223.9,18853.6,20456,20660.4,19464.5,23722,19002.2,20638.1,22853.7,19195.8,23253.6,20164.4,18984.3,19776,19226,23244.5,23227.2,22534.3,24650.1,20604.2,18311.7,21410.7,24376.7,23661,24908.1,19485.3,20563,20457.1,19484.6,24081,19104.8,21044.8,25061.1,21917.1,20991.4,24971.2,23441.7,21282.2,22736.7,19673.6,19563.4,23515.2,25820.3,25163.4,21198.1,23792.3,25557.5,19787.9,23498.8,22851.3,25323.6,24004.7,24638.1,23159,24487,20707.4,24139.4,20130.5,23106.2,24199.7,22749.1,25234.7,23316,19060,23209,19519.5,19139.3,19738.7,23450.7,20353.7,21038.7,24340.8,21900,22504.7,22020.3,19999.4,22884.5,20951.2,20071.4,18545.4,18493.6,18846.9,24521.4,19721.7,22426.8,23401.2,20304.4,20228.1,21529.7,21799.8,20622.8,20200.2,21601.9,22736.1,23442.5,19312.3,19765.2,18016.8,17922.9,20299,23329.7,23228.2,24041.3,24183.2,19059.4,23562.6,18756.2,21308.4,19401.3,19553,23351.8,19662.2,22215.4,21164,20602.4,23738.3,18215.4,18191.4,18346.4,19141.1,21153.4,22104,22385.5,18372.1,24043.7,19359.4,18586.5,24084.1,23856,21904.4,22965.4,18793.1,21840.9,24063.4,23248.6,22164.9,20614.6,17631.1,20600.7,23503.8,23051.3,20136.3,20486.5,19779.7,20677.1,19456.3,17784.2,18943.3,21683.1,20457.5,23115.1,18851.9,17532,22291.5,18050.4,21012.2,20743.2,21466.4,18128.7,19378.1,20870.3,22577.4,20084.8,22795.9,22814.2,18071.5,20961.5,23124.7,20798.3,22942.1,18693.1,24273.2,19381.2,24916.1,22340.9,25313.5,24991.3,19445.1,20964.4,21549.8,20755.6,21418.7,21179.1,19848.9,22198.2,25509.9,24244.7,20689.8,20456.8,25018.6,22949.2,22152.6,25950,21052.6,25059.7,24832.8,26150.2,26200.7,23232.3,22179.1,20762.1,26679.1,26986.5,20828.6,24966.2,23822.8,22863.1,20598.8,24595.9,21302.9,24450.1,22929.5,21618.2,21563.7,23137.9,23061.4,20983.6,23195.1,24501.5,26139.5,21350.9,21322.1,21476.3,22707.5,24232.3,21112.9,22259.3,26155.3,26145.6,20747.5,21708,26261.6,20178.2,26417.8,26683.7,23311,23890.3,26173.3,25252.5,32822.6,35597.5
35236.3,27509.8,24894,22219.6,25723.3,22806.2,19554.7,24385.4,21151.6,23811.2,18971.3,19939.7,23476.2,24624.8,24496.3,20101.1,22804.3,20007.4,21912.5,24684,24225.8,22384.7,20420.2,19831.4,21774.4,20058.7,18476.3,23178.7,18701.6,18227.1,20921.3,18291.7,22269.6,19265.1,20030.2,22488.4,20992.9,20164,18843.7,22316.2,22876.9,18896.2,18356.7,19212.8,19047.4,22452.8,22404.8,18914.3,23342.5,20634.9,22449.9,19312.1,17454.2,19769.4,19547,22640.1,19038.1,21363,21045.2,19528.7,18228.4,23159.4,20771.3,22501.4,20065.7,20989.7,18189,19889.4,21983.6,23432.7,21525.9,21486,19506.7,21244.6,24185.5,21222.1,20591.9,20884.1,22944.5,22109.8,18188.7,22028.4,23565.6,21635.7,19939.4,21034.3,22110.5,18940.4,18152.2,21869.9,22807.1,21824.3,19935.5,18775,22838.1,21143.1,17563.5,17568.1,19172.4,18502.1,23061.8,20474.5,22754.4,22553,21164.7,18269.4,18991.9,22506.5,23597.7,17760.4,19129.5,22524.1,23912.3,20376.1,20141.2,17407.9,18620.7,22813.3,22306.8,19051.4,22741.6,21709.2,19133,23137.8,22861.8,22930.7,18648.6,22295.9,18876.9,18475.6,18762.2,19204.7,22626.5,23953.4,21196,22252.1,23775.5,23100.7,21267.8,22124.6,21323.3,20016.1,17735.2,20629.6,21330.5,19611.2,22949.7,18318.8,17848.5,21942.2,23854.6,19061.3,22611.1,23531.5,18208.6,21742.2,20208.4,21419.4,23801.1,22746.5,23926.6,20417.4,22006.4,23394.4,24543.3,18803.9,19249.4,20481.6,21357,22867.7,22193.6,22941.8,25435.1,21843.6,21553.1,19956.4,20341.4,21898,22146.2,20104.6,22784.4,24011,22835.5,22915,23624.6,20688.8,22347,23671.3,21028.4,24006.5,23322.5,24059,23650,25098.5,19853.7,23593.2,24976.8,21269.9,22576.6,19236.6,21831.4,24830.1,20948,18954.8,19718.1,24437.8,19127.8,22481,23408.8,20725,23769.4,22172.4,24752.7,24613,23629.4,23982.6,19598.1,20262.2,23855.1,19188,24107,20740.2,24809.5,21975.7,24854.4,22966.1,23909.8,21763.3,24397,21705.7,20056.3,18911.3,18211.6,23024.6,21368.2,19188.9,23687.4,20252.9,21351.1,23322.3,23607.2,24468.6,20913.5,19130.3,18627,24625.7,19811.3,22116.5,19935,24077.5,23185.6,21743.7,22849.7,21378.3,18263.3,20030,18725.4,17912.7,17688.6,22341.5,21682.1,19708.2,21108.9,23390.6,22327.3,23424.2,20934.6,22178.4,22853,20883.4,23203,21918.6,19697.4,24156.1,21479.3,20899.7,21549.1,23187.4,18651.5,18644.8,19092.8,17878.7,18910.6,20766.8,17836.5,19339.9,22159,23031.2,20629.7,18444.6,21073.6,22038.8,21308.4,18073.2,18169,22535.6,24084.8,23822.5,17670.1,18315.3,22712.3,21022.6,21836.6,19157.1,21071.2,22672.2,23465.7,18514.6,21947.6,20697.5,23321.2,23380.3,21639.5,20254,24740.9,25469.2,22197.2,20591.2,22776.6,23030,22375.4,22365.4,22191.7,23312.1,24841.8,23273.9,20682,21227.7,24518.7,25367.6,24640.8,23676.2,26233.7,23724.2,22162.3,22378.7,21428.7,22945.6,26246.7,25024.6,23863.2,25229.4,24918.5,25067.4,26693.7,21985.4,25186.7,24707.9,25735.8,24294.6,20761.9,20338.4,20006,25071.3,20187,20762.3,19661.6,25011.5,22697.2,21874.9,25818.8,20486.4,25911.2,23392.2,23509.8,20815.4,24532.1,23680.6,26419,21213.8,26248.8,24075.7,22895.7,25754.6,25302.3,22588.2,21465,26542.3,20688.3,21986.9,21714.5,25518.8,28006.6,32496.1
36646.1,31725.3,25846.3,21912.2,26223.2,20665.7,20988.2,19112.8,19028.6,22608.4,18312.3,19626.2,24490.9,18410.5,20457.7,19313,21662.7,18668.8,22889.2,19836.2,22645.6,22856.6,18297.9,21200.4,22587.4,19795.9,18233.9,20153.8,20018.8,18607.3,21190.4,21498.8,22216,20414.9,21260.2,21417,24140,18233.8,23220.4,18777.5,18878.4,21839.2,22264.5,19852.9,19756.3,20391.9,17998.4,21843.1,20496.7,23263.9,20635.4,19327.5,21967.2,21108.9,23919.4,21130.6,20594.1,17242.2,21956.2,18410.2,22774,21804.1,20674.2,18784,23177.5,20572.6,21133.1,21675.9,19949.1,22298.3,17586.4,22999.5,20902.9,21910.3,18158.9,22961.9,18057.5,18701.8,19425.5,24308.6,23016.9,22628.8,18736.8,22877.3,19190,19369.3,18272.4,21298.2,18399,19136.1,19383.3,17711.8,18983.9,21188.8,19706.4,19170.6,19711.7,21291,20501.9,20315.3,18956,19144.2,20000.5,19210.5,21030.1,18735.3,23088.7,19615.8,21195.1,20582.3,18858.9,19995.8,18340.4,18212.9,18658.3,18227.8,23462.9,17746,19298,17559.8,21265.8,20882,22017.2,23575,23770.2,23841.8,18499.1,19932.4,19811.2,22760.3,19310.5,18623.6,21639.3,18950.3,23768.7,20223.2,21943.1,20273.1,18974.4,22240.2,23089.5,20389.3,21177.7,22356.3,19718.7,22396.1,21442.1,23354.8,21690.9,20336.5,23143,22960.6,20364.3,23330,15963.8,21840.6,22065.7,22745.6,19593.4,21662.8,18687.1,18381.1,24277,20469.8,24242.8,22365.6,23169.6,21725.5,21013.3,19488.7,23168.6,19468.4,20861.4,19325,21454.8,21475.1,23738.1,22741.2,24014.1,22388.2,24602.8,24439.7,21011.3,22910.4,23443.8,19694.5,24935.3,21782.2,25376.6,20092.4,25560.4,19882.7,8751.75,24769.9,22604.1,19553.8,19386.8,21437,23424.3,22454.5,20895.7,19706,22849.2,24006.7,22890.7,21900.3,20671.1,24082.2,19656.1,24989,19417.4,22649.3,21751.3,19755.1,21548.6,24593.7,20514.3,21170.3,21168,20244.6,22112.8,23297.3,22193.6,22249.1,20247.5,20391.4,21919.7,23090.3,19406.3,22854.7,23423.8,19223.5,19021.1,18795.2,23853.7,19896.8,18698,20193.9,23469.2,19158.2,24242.2,23067.8,19236.1,20373,23397.5,21322.1,24555.9,22389.8,21079.3,19856.2,22313.5,21982.1,19154.1,20476.6,21094.4,21360.2,20362.8,20441.6,20293.2,20949.6,22735.6,20519,18543.9,23747.2,17555.6,21139.7,20431.6,21926.1,18070.9,22213.9,24242.1,19941.1,20450.3,20884.7,20596.5,23301.7,23938.1,18659,17425.7,23055.4,19993.6,19399.9,19999.5,20941.5,21563.2,20188.9,23076.5,21308.2,22879.4,17855.7,19596.6,20057.4,18073.4,22145.3,21507.8,21541.2,20560.3,19623.5,18204.7,19534.5,21020,23669.1,24364.7,19489.6,19474.8,23824,18795.8,24325.6,21258.4,23260.1,23776.6,21444.3,23563.9,19486.7,18581.6,20233.9,23025.6,24423.9,25447.9,21378,24827.6,20980.9,19317.1,25975.9,21898.1,23997.7,22834,26251.3,19800.1,21645.6,21854.4,23939.6,22828.1,21540.4,22714.1,20581.4,25893.7,23908.6,20318.5,23299.7,25947.1,25763.1,23846.7,24866.4,20347.6,23841,24331.5,25149,24791.8,24724.1,20055.8,19857.9,25671,19581.6,24409.7,20297,23299.7,22826.5,22566,21165.4,20725.2,23191.3,23697.4,21773,21646.5,22061.4,22202.1,23537.6,20512.2,26450.9,22167.3,25414.6,23681.8,22482.7,25312.6,23531.4,22162.1,21465,24608.7,24362.4,21805.4,30075.1,32222.5,32710.6
31444.4,31823.1,27914,24681.3,25135.6,21416.3,24478.9,22467.5,22335.2,23858,23824.9,23577,20194.6,18916.4,20940.7,19197.8,23109.8,20632.6,19122,19953,22287,22088.9,18165,23075,19895.3,23277.1,23996.6,23874.5,22392.8,23346.6,19889.9,23470.2,22087.6,18053.4,22662.5,23182.6,23972,23192.2,22105,17575.3,20524.6,22844.1,21239.6,20439.4,17670.8,19204.8,23691.3,21125,20192,22207.8,21889.4,21909.6,19471.8,19233.8,23585.8,18333.7,23538.9,22610.1,17304.7,21494.2,22384.6,23278.4,23150.1,19852.4,19003.7,20408.4,22404.8,19624.4,19664.8,22082.3,22513.8,22174.4,21291.6,23154.3,23158.4,21255.9,22526.2,21512.2,22065.8,23919.8,22388.6,19513.6,22195.5,18874.8,18198.6,19546.6,18912.7,24121.7,18666,22056.1,18814,19997,23627.5,20176.2,18330.2,23306.2,20461.3,23550.5,19792.3,22841.3,24054.4,23597.2,22233.5,23956.7,23437.6,17452.3,17686.6,23260,21426.5,18457.6,18348.9,20829.9,19264.2,19241.7,17959.6,18295,17498.7,18111.7,23272.5,19616.8,17925.8,23871.1,20353.3,18834.8,22733.3,23277,18571.1,20876.6,23413.5,18551,20633.3,19422.5,23755.7,24716.1,23214,19428.6,21345.2,17831,19617.2,19643.9,17861.4,22513.3,22114.2,22512.6,19716.8,22037.5,23806,17570.7,19619.6,21913.3,23471,22724.8,21934.3,19883.2,16431.2,21175.7,23981.3,18898,21778.2,24328.3,21582.1,19313.7,20703.6,22213,18389.8,24666.4,22980.4,24033.2,25508.6,19496.7,20324.7,25736.2,24270.9,23739.2,19550.8,20403.7,25179.8,21013.3,20677.2,22819.2,19764.5,24150.5,20939.1,24752.1,19940.6,25629.8,19849.9,21945,25336.1,22719.8,23933.1,24199.5,20946.7,23745.1,21136.3,24405.8,25003.7,20135.8,21495.3,19207.6,19882.5,23618.1,22476.5,20855.5,20634.2,19301.1,25071.4,24515.6,24296.8,20615.1,22405.3,24302.2,21384,19200,19157.4,19375.8,23107.3,19377,21563.5,23216.2,19202.8,19576.2,23588.5,21128.7,21694.9,20497.6,21878.6,20638.7,23456.7,21634,19976.1,19326.9,20018.6,20635.4,22995.1,19026.7,20534.4,22337.5,22669.9,19310.9,20931.2,22069.7,18517.3,23152,20712.9,24311.8,24014.5,23786.4,23353.7,23695.8,19442.4,20458.2,21127.5,20434.6,18470.5,18009.5,22063.3,19825.2,22379.3,23486.8,21484.8,22598.3,20429.1,22375.5,22324.4,19324.7,20879.8,20462.6,18357.2,19306.6,18449.8,23553.9,22841.4,19265.5,21036.6,18528.3,23154.5,18312.5,20785.2,22682.1,21550.6,21719.1,19039.6,18107.7,18618.2,20633,22820.7,22425.1,22804.7,20470.8,23254.9,23272.3,18412.8,19505.7,18558.7,23113.9,18635.1,24209.8,21881.5,18634.9,19695.4,20894.2,18466.7,20321.3,20812.6,20877.3,19591.3,22208.2,23828,21056.9,20600.6,19234.2,23130.7,19133.5,23497.6,20179.7,23818.4,21542.2,23087.2,20880,25238,21845.1,19929.1,25794.9,20750.3,24809,22623.7,21610.3,25800.8,24042.2,21584.6,24259,24400,21152.6,23695.8,24772.3,23768.2,25527,26078.5,21829.9,26452.6,22824,24829.2,24859.3,22793.3,20819.3,25102.6,25769.2,22417.9,23536.8,25639.2,19881.4,22643.3,22382,22211,21309.7,24779.9,25879.2,25470.5,21384.4,20920.9,24118.7,25785.1,19557.8,21615.7,21175.1,20763.5,22661.9,19817.9,20011.1,26031,26526.1,24592.4,23984.1,22581.9,23712,24804.7,24735.3,24596.5,25558.6,22339.6,29793.8,28414.4,34190.1
35270.2,31934.5,24344.7,27034.6,23480.8,24135.2,23844.3,24101.3,24361.3,23718.2,22418.7,21722.7,19729.4,20887.7,23385.7,24429.8,24254.5,22611.5,20725.6,21215.5,20245.8,20382.7,23266.3,20838.2,19158.4,17876.3,20752,21813.8,19082.4,21382.4,23977,20696.4,19722.2,21644.2,20172,18085.2,22892.9,22400.2,23029.3,18301.4,21991.9,17228.3,20970.7,19008.4,17688.9,22599.7,18574.9,17603.8,22080.8,22879.7,19810.2,22076.4,18488.6,23224.4,18431.2,20985,18904,22714.9,19562.7,21351.1,21095.8,22921.7,23350.1,18398.1,20910.6,21561.5,18186.8,22561.1,19755.5,21459.5,20217.6,18559.2,22526.7,18448.6,20437.9,23301,19798.6,20071.5,20326.8,21304.4,21281.3,23262.7,17915.7,22370.5,19539.2,24243.4,22701.1,24164.6,23025.4,18126.9,19355,23812.7,23901,20342.1,19598.3,22339.2,19045.3,23576.5,20411.6,20169.2,21526,20401.1,17757.5,19832.3,22164.6,18917.9,23341.5,22965.6,17802.9,23054.5,23570.3,23719.8,18588.4,19732.2,17710,22827.6,17705.1,18527,17815.4,18086,22323.2,20670.1,21254.1,23516.7,21501,21503.4,24195.3,22357.1,19753.2,19740.5,20638.1,21462.2,22656.7,20369.5,22282.1,21472,20812.5,22001.8,19239.8,21662.9,19537.3,20460.8,19562.3,18518.7,17734.9,17726.4,20497.2,19178.6,21488.8,22863.6,23553.8,22919.6,21928.6,23737.8,18332.4,23303.9,24104.4,22846.9,23161.6,24168.6,24066.7,19681.9,18272.2,22459.4,19451.9,21337.6,22281.3,22615.1,21570.1,20470.1,24113.4,24311.6,19507,24016.7,23728,21182.2,23004.1,22600.5,19309.8,24084,21796.6,25922.4,21820.9,19815.8,22210,23982.5,20598.2,24290.2,23510.2,21279.6,25257.5,21512.4,19751.1,22418,22502.3,22682.8,22642.7,21785.1,22268.1,20571.5,25129.3,24908.9,18852.7,25077.4,21484,23016.2,24392.2,19362.9,24181.9,20256.6,22807.4,25090,20926.3,22845.3,24754.8,21765.6,23242.7,19697.1,23111.9,21062,24941.8,23638.2,24290.6,24717.5,22850.7,18827,25089,24350.2,24082.8,18408.7,20439.5,20907.8,19519.4,22529.1,19810.3,19011.6,21973,20693.3,18888.6,22885.6,23504.8,21730.2,20201.6,20039,22617.9,18632.2,19579,19060,24395.8,20460.7,20110.8,23487.8,19218.6,24063.8,19822.5,21876.3,23720.8,23071.1,22984.9,21193.1,22026.6,18066.1,22303.2,19489.2,18998.1,18744.3,20087.6,19478.7,23066.2,19094.3,19774.1,20290.7,21572.5,22199.4,22176.2,23718.6,22589.7,20876.9,22753.1,19634.7,18451.6,19147.4,20339.6,19947.3,23389.2,17394.3,20104.7,22833.5,17655,17378.2,23563.3,18055.2,21180.8,21955.3,22449.5,23445,21669.5,20279.7,19753.4,24197.3,20984.3,23607.8,23359.6,22253.5,21348.7,20602.5,19583.4,18383,20926.3,18209.3,18448.4,21280.5,23028.4,19161.4,21335.2,21491.3,24584.1,20710.1,21868.9,22203.3,21728.6,20640.7,25040.6,21906.1,25735.2,23512.8,22266.2,21070.4,20625.2,22292.7,24057.9,20855.9,22346.6,25688.2,25392.1,25195.9,24780.7,23679.3,21376,26365.5,26326.7,25369.8,21197.4,21209.3,22582.6,24832.6,25046.1,25158.3,21900.9,19769,20988.9,24879.3,20299,20728,20295.7,22851.2,21849,21426.5,22096.2,21531.6,20729.5,21553.8,25265.8,19568.4,23725.2,22659.1,25572.3,22235.2,20902.6,22037.2,23477.8,20955.2,19698.4,23726.8,19817.1,26680.3,22588.7,23839.7,23257.4,21003.6,25981.9,29888.9,30573.3,33459.8
35604.3,31711.4,26278.2,21909.4,21436.4,22493.6,22685.5,20365.5,18956.8,22486.6,19802,23843.2,22102.8,23281.9,19700.3,22583.7,23983.1,22516.8,21453.2,24163,24399.5,21325.6,23367.4,22414.3,18952.5,22101.5,18162.3,23023.4,23601.5,21304.2,21754.9,23661.2,20938.9,23636.6,20624.5,22731.4,23286.7,23487.8,19380.3,19574.8,22885.7,23596.7,20720,21090.5,22320.4,20403.1,22818.3,18339.2,22020.6,22671.6,21876.7,22852.3,23797.4,22311.3,17904.2,23019.7,22932,19353.1,17733.7,23320.2,17925.8,19160.9,21196.4,18006.9,19958.4,20538.3,21688,20399.5,19902.3,22194.9,18306.4,17834.5,22137.1,20373.4,20076.3,23297.5,19129.7,19723.2,23582.9,20529.9,21956.7,22487.9,22154.7,17699.7,18038.5,18879.5,22305.6,20412.4,24208.2,20014.1,22901.8,22289.2,20903.8,18133.3,17962.9,21557.8,18998.6,23634.4,18340.6,23926.2,22278.7,19049.8,22697.7,22571.7,22883.2,22379.1,20669.1,17923.8,17465,21936.8,24011.8,23609.2,18778.3,22339.1,17228.1,22780,22373,21673.5,22398.8,17732,17712,17617.2,19643.9,22472.9,21512.4,21810.1,20578.8,20811.1,22495,23213.4,21085.2,24662.4,24942.3,24820.2,22730.6,20909.6,18820.5,18157.9,20938.2,22509.1,21190.9,21239.7,21973.6,17691.9,18891.5,23096.2,21116.1,20681.5,18981.4,21186.6,22327.5,21479.9,19522.4,17522.3,20546.3,18286.3,19626.1,20228.4,21971.7,23232.7,20785.9,24182.5,18701.6,22767.5,19624.6,21413.9,22801.6,21782.9,19475.2,22833,22799.1,22070.9,21386.2,22477,23206.8,24761,19346.8,23478.4,25383.7,23445.2,23425,22865.9,22788.7,20117.7,25042,23419,23690.9,22182.8,22286.3,26104.7,21366.1,23740.1,20957.7,24684.7,21973.2,21207.2,19970.3,20763,22504.7,25297.1,22132.6,22193.2,23488.9,21338.1,21087,21189.3,24911.3,23060.4,20992.7,20058,22578,20431.1,22854,21192.4,23634.9,20775.2,19870.2,21279.6,18586,22202.2,21150.9,23355.2,24496.8,23644.3,25010.9,20212.4,21475.8,19580.1,19948.9,19234.2,22690.2,18697.8,18422.1,20865.4,24624.2,23636.8,24517.2,23954.4,24563.1,20765.4,20356,23021.2,23449.6,19598.9,23946.8,22134,20595.4,24056.5,23772.1,24942.9,18442.9,22156.6,23837.7,24805.4,19909.7,22926.2,18788.2,23072.3,20857.7,22215.3,18672,19853.8,22882.8,18379.2,17373.5,21985.4,23637.9,22390.1,23351.1,20502.7,20720.7,18225.2,21870.2,22381.2,19798.9,18546.6,21593.6,21521.2,21958.1,17669.1,19389.8,24116.7,23564.2,19760.9,22950.2,19985.7,22825.3,21251.7,19204.9,18656.3,23078.8,23535.4,20262.4,20055.7,20793.8,18405.6,23971.3,18065.5,20089.3,19217.4,18354.1,22733.3,21836.8,23125.9,22725.2,18793.1,22027.8,18217.9,18223.9,18933.7,23368.5,19961.8,18835.7,24613.8,18798.6,22122.8,19950.4,20649.7,25416,20860.2,20155.4,25970.8,19707.4,21236.4,22487.2,21083.3,19705.5,20377.5,20683.1,24524.1,23670.6,21015.8,23716.2,26596.2,25067.2,24196,25323.1,20330,21565.2,22413.7,22217.5,19957.8,26456.5,21680.9,24380.1,24946,24329.3,21136.4,25908.3,22211.1,21222.6,20197.3,22927,22502.1,23844.9,23532.1,20825.4,20031.5,19898,22050.8,19750.5,23943,21347.4,23171.4,19958.8,25122.7,23975.9,23252.8,20444.6,24727.7,22725,21251.3,22884.9,22306.3,21113.5,22240.7,23397.8,25035.5,23070.4,21653.5,24110.7,30145.2,26878,31971.8
32668.2,32527.6,28175.5,25578.8,26764.6,20964.2,20850.5,19018.1,19699.6,20344.2,23685.3,24517.8,18949,24627.3,23414.7,21245.6,23199.5,20802.6,19746.2,23015.9,21147.4,20506.4,21228.8,20240.3,18077.5,21239.9,19499.3,18868,18442.2,24185,22139.8,20333.6,19315.7,22986.7,22918.3,23667.6,23833.2,17885.1,23470.3,19614.9,21107.4,23053.4,21023.5,23528.6,20668.4,19869.6,19259.1,20737.1,22784.1,18090.1,18183.5,22710.9,22388.5,19160.2,20330.5,17250.2,18692,18715.7,18033.1,23369.9,18119.2,21663.6,21946,21801.8,19616.8,17287.4,22918,22509,19934.5,20157.8,23777.7,18040.8,20555.8,22322.4,17776.5,19696.1,18442.1,22635.6,20135.7,18610,21276.7,18751,18166.5,23349.4,18318.1,18492.9,18550,19290.1,20861.8,24450.3,22329.4,24073.3,21782.6,18376.5,18878.5,22024.7,24070,22079.7,21306.8,23544.6,22340.9,20928.2,21323.4,19378.6,21575.3,17276.3,20576.7,18040.8,23116.8,22550.3,19307.6,22705.6,19777.7,21909.6,21795.8,19916.9,22790,22970.6,21181.2,17813.4,23685.9,23455,21788.6,23976.1,20556.8,24237,24585.6,19818.8,22286.1,23911.3,23399,23706.9,19384.4,21579.5,18323.2,22478.1,19355.7,20804.3,17664.3,21428,23514.1,17649.6,22690,17739.1,18286.3,22641.1,19056.9,18554,20994.6,17807.3,17770.1,19846.4,24083.6,19631.9,17599.7,23045,18895.2,17843.6,21062.7,22519.6,18511.9,23302.7,19805,24115.4,22470.8,22202.1,19553.4,22484,24381.1,20571.5,19438.2,22835.4,22638.2,22336.8,25128.4,20874.6,25401.1,25625.5,20127.6,21432.1,24602.3,20310,20370.1,19800.2,23879.7,23876.3,25546.8,21253.6,24220.6,24608.8,25082.6,21008.3,20469,21250.9,20070,23563.4,21326.1,21981.4,20189.2,19163.4,19840.7,20786.1,25212.6,19184.9,20040.4,19548.3,22062.1,22700.8,19717.9,23896,21323.5,24907.2,22638.9,22137.2,21201.2,19366.8,19509.9,19203,21635.8,20310.9,18970.9,24589.7,19080,23454.6,20782.6,20822.1,24939.7,24356,19824.8,21341.3,24121.7,23771.6,19138.5,22773.1,23540.6,20856.8,23664.5,19174.4,19552.4,19324.2,21792.2,19976.5,22550.5,22516.8,20353.2,20053.9,21092.6,23252.9,19272.1,21402,20424.8,20769,19721.4,21748.6,19704.2,21454.3,21415.2,21552.4,20820.9,19488.6,21154.6,20691.3,23227.5,20655.3,20489.2,22415.4,23495.8,19998,18502.9,20378.3,19550.1,24109.3,19760.5,22516.2,19515.9,18474.8,19075.7,21648.2,23868.4,17777.2,19454.5,18353.4,22658,18116.6,17680.2,23037.3,21614.1,23520.3,22463.8,21481.5,17520.2,21754.5,18654.9,23700.9,20073.4,21971.9,19137.2,23951.9,18875,23051.2,20212.2,24307.9,20249,20533.6,20202.2,24272.5,21139,24627.9,19598.2,24259.1,19071.9,25248.8,19410.9,25307,22604.4,18735.9,24931.9,18986.7,22439.2,22565.1,22437.2,22173.1,21468.4,19894.5,20386.1,19592,23254.4,19964.3,21849.7,22991.1,24872.5,20197.6,20120.4,23271.1,26294.4,25891.3,26293.2,25831.6,20535.7,20342.4,24088,21153.8,20516.6,23473.1,26449.2,22164,21522.6,23708.4,20121.4,24087.2,20872.4,25549.5,25365.5,26086.7,25131.5,25437.1,20925.3,23529.3,20555.2,20104.8,20984.1,22980.8,23969.7,20599.4,23822.2,24915,25891.2,26027.9,21387.8,24802.9,24619.9,20010.1,22706.7,22980.7,25543.2,19883.4,23197.6,26164.3,20836.3,26705.9,25826.5,24884.1,30289.8,37745.7
31499.1,28588.8,29405.1,27624.1,22747.4,20640.8,19332,20502.1,18791.6,18555.9,21445,22639.6,19342.6,19925.3,19979.8,22993.5,22286.6,23833.7,20864.9,21590.6,19690.4,19620.6,20997.8,21022.6,23183.5,21305.2,17899.4,21461.3,20671.9,23031,20789.1,22702.5,23392.3,22785.5,19985.7,18710.4,24132.7,22356,23630.4,18637.5,22250.4,18395.7,21776.6,18611.7,18760.1,21898,21162.9,17823.1,23453.6,20994.4,20293.8,20566,19497.7,20047.8,22164.8,21297.7,17484.2,19355.9,18818.1,20371.6,18800.8,23035.2,17486.5,18288.9,20501.9,21200.5,20635.7,21743.7,18733.5,21761.4,18972.8,22304.5,21512.6,22742.4,24016.9,21460.5,19007.1,19079.1,19298.5,22790.6,18798.3,21551.7,19346.4,22752,19938.5,23073.5,21707.6,22430,21262.7,22566.5,19770.6,24031.6,23880.6,18786.7,21249.4,19122.6,18158.8,24115.7,19056,22951,23748.5,22449.1,22476.9,19320,20694.5,19036.2,22447.1,18084.4,18108.3,18284.2,19447.6,22938.8,19338.2,18428,20486,17932.2,20238.8,22318.8,18868.1,17814.3,18183.6,23602.4,23333.9,20957.7,22912.4,19394.8,19671.2,23926.4,22159.6,23159.4,25130,20884.5,19937.4,24039.4,24594.9,24392,19847.4,21216.2,21022.6,21580.1,18782.3,22911.3,23586.7,18384.7,17473.3,18102.5,20769.2,20711.9,23197.8,21361.4,21586.5,22876.6,18901.7,22382.3,21001.5,22444.3,23996,21160.8,23549.2,18437.6,19106.2,20408.9,19920.8,21613.9,22468.3,24074.1,24615.2,21171.7,24941.5,19800.6,24556.8,24349.9,21852.5,23619.6,23186.8,21783,21397.3,21242.5,25087.8,25599.3,23897.6,19494.9,20650.7,22819.9,24503.5,24117.6,23918.7,24108.8,22331.2,21487.1,19959.5,23979.8,22758.7,25132.3,24055,24108.5,23446.6,20905.3,23904.9,25028.9,25264.7,24707.6,25135.9,20873.8,22138,21643.6,24803.3,19547,20096,24342.3,21949,22733.5,22597.6,24145.4,22876.3,22733.9,22037.3,23462.1,22756,24823.4,19187.3,21950.4,24672,20469.7,19713.6,19254.3,24007.7,20527.5,23154.9,20186.3,21073.6,19370.4,21300.6,24579,19724.5,22619,18862.4,23235.1,23768,23942.6,20163.8,22407.6,18959.7,20613.8,22609.7,24925,23684.1,23686.7,21546.6,22565,23906.1,22163.9,21659.1,18278.2,23306.3,22527.5,21078.4,19012.9,22298.6,20541.1,22901.3,22038.8,17398.5,23198.8,20339.4,22974.4,20493.1,22829.6,23277,20537.5,19172.1,18459.2,18535.2,21010.2,24198.7,21152.2,23957,23856.6,18002.9,22216.9,23690.9,21327.1,18071.9,20185,23121.4,19696.7,21070.7,22234.4,19259.4,20439.6,19456.9,18128.7,23070.2,24193.2,21992.7,20960.7,24155.5,24301,23954.4,21939,21458.2,21460.5,20826.1,22872,22696,20754.9,22626.2,22550,19194,20408.2,20854.9,21109.2,22260.9,24580.2,20037.3,20271.6,19875.2,23705.9,24384.1,22809.7,23565.3,20105.7,23851,21487.6,22886,23910.3,20121.4,23657,19825.1,25086.1,24925.7,22381.2,25411.8,22408.4,23516.5,22903.5,24025.9,25377.6,25204.8,20790.4,22752.1,24335.4,23805,26241.4,23943.9,24965.1,23157.9,23397.6,25696.7,25986.3,23192.1,23331.7,24692.5,20897.2,22636.1,20421.6,20199.5,22263.2,23642.8,21822.9,23681.3,22749.3,22133.1,21172.3,24100,22560.8,24577.4,22558.2,19903.1,25826.6,24097.9,23086,19837.3,26315.9,24146.8,20843.4,20659.5,23577.5,23350,22540.1,22015.7,29433.5,28343.2,32178.9
37189.1,32435.1,26368.4,26235.3,23692.3,24129.7,19509.8,24870.8,23838.9,22603.9,22550.1,18088.3,22682.5,20116.4,20719.6,20284.8,23147.3,22139,18822.1,19938.4,20117.8,21365.1,22346.1,24115.2,22399.4,20819.2,22944.9,18747.5,20398.8,19741.2,23191,21772.9,22166.7,23989.1,20198,18928.4,18561.9,19338.3,21159.9,23650.1,19520.6,22075.9,19168.8,19059.1,18508.3,19188.7,21184.8,23453.5,20428.9,18151.7,22408.7,20745.9,23544.8,21223.6,18627.7,23270.5,19362.8,23136.8,20079.3,21908.2,18292.6,17676,17625,18861.1,20958.3,20286.2,20714.7,17803.3,22674.7,20905.2,21915.3,18893.1,21067.7,19427.8,20054.1,18468.8,24317.5,23526.2,19474.7,21329.9,19448.1,19133.5,19596.5,18481.7,20160.7,20646.6,20965.1,24603.5,21061.2,18100.2,22506.3,22564.6,21196,18213.4,18558,23376.3,21371,18106.3,23775.2,18951.2,19943.6,21800.2,22997.5,20418.4,20980.8,17079.5,22402.9,23348.8,20181.4,23501.6,21588.2,20082.8,18805.7,23649.6,17458.6,17776.8,18595,20436.2,19240.8,22740.5,19294.6,23176.7,20871.2,19098.8,19689.6,22799.6,18597.3,21126.8,19410,19114,20679.2,18527.4,24198.4,24544.4,20102.5,20917.1,17821.1,17612.1,18966.3,21413.9,20339.3,17608.5,20760.5,23171.4,23004.6,17907,20508.8,23434.9,21337,23538,18955.4,19709.7,18399.9,18971.1,20901,21447.3,21489.1,19645.5,22985.7,22844.8,22711.6,22676.7,21445,19287.6,20972.5,23324.4,20217.6,23743.7,20183.5,25550,23570.5,25342.6,24835,22225.9,22340.6,22548,25358.1,20012,22938.4,21581.2,23347,24848.1,23000.7,20620.4,25404.5,23726.3,25917.2,19685.7,22420.8,22724.3,20675.7,22935.7,21286.6,20674.4,22937.4,23654.1,20609.9,23294.9,20084.5,19772.6,21630.4,20977.6,19044.4,22875.2,19049.6,19164.6,20852,21668.4,20968.9,20983.7,22951.5,19003.2,24165.4,23630.3,22668.8,23140.5,19956.5,24378.6,22030.7,21711.2,22789.6,24079.7,18625.7,18420.4,22155.6,19037.1,20760.6,19718.5,24001.9,24796.2,22337.4,18625.8,20397.6,24628.5,20974.7,18967.2,22600.1,22320.1,5701.74,18865.3,22233.1,22743.2,19237.1,18720.8,22829.8,24797.2,24104.4,23700.8,24639.8,21254,21875,21847.7,24634.2,24242.1,19575.3,21996.8,20851.4,19993.8,21937.9,22477.3,19305.6,20259.9,18453.4,19482.3,19416.5,20358.9,24278.3,23001.6,19401.1,22749.9,22205.2,20838.6,22282.2,21216.9,21725,23931.9,19847.8,24320.2,24016.8,24016.4,17786.7,22766.1,19792.8,21318.4,23131.4,18810.1,20480.1,18076.9,23058,22156.9,21033.7,23746.9,18515.4,20557.4,21172.5,20815.2,19235.9,19351.7,19629.1,20014.5,21009.3,19639.1,21220.3,21041.3,18705.8,19347.6,24282.8,22219.8,23355.3,20564,19143.6,24379.2,23017.6,21928,19091.2,23483.7,20140.8,24147.5,24372.5,22564.8,23474,24987.7,22922.5,24479.5,24090.5,25993.8,21507,21708.6,26002.6,25052.8,22332.4,26699.1,25909.3,25141.6,24339.2,23659.1,24756.5,24775,24376.8,26142.4,25149.9,24136.8,21422.7,23359.8,22134.6,23123.1,23254.7,21514.6,24152.5,26214,24203.2,25615.6,24411.5,20866,20899.7,20329.5,21740.9,24766,20596.5,25556.4,25080,23013.7,19918.8,21166.7,24217.9,22953.9,24217.7,23809.8,25982.8,21039,25708.7,23073.1,21938.3,25380.3,20107.8,21332.4,24582.2,22179.1,23515.3,20800.8,24821.3,30293.5,31764.2,37182.6
33440.9,32031.7,24456.7,21856.8,23747.5,22576.8,22049,22172.4,20403.6,21859.9,23723.7,22927.4,19189.8,23537.1,22275.4,19372.8,19117.9,21403,22854.7,20532.5,21406,23508.6,22331.9,21137.3,20528.6,19204.2,20737.7,18565.1,18479.1,23081.7,23584.1,23687.7,24308.1,21215.3,23884.8,22657.7,19666.3,23399.6,17863,18337.7,21095.4,20692.9,19052.5,18884.5,17644.8,18247.6,23513.1,17377.8,21233.5,18463.8,19524.9,18999.4,20686.4,20689,22950.8,20645.5,20324.4,18770,22293.3,20641.1,21748.2,23286.5,17534.6,23498.3,22841.8,22138.4,19538.6,19152.5,17587.6,19214.3,20535.1,22246.8,21084.5,23456.7,21827.3,23181.9,18379.4,19292.9,24577.9,22943.6,24232.4,20818.8,21653.4,23463.4,19193.1,19339.9,19512.2,20964.4,21263.9,18648.6,19382.4,20012.9,24060,23979.9,17785.1,20197.6,22371.3,18483.4,23953.5,23115.3,19121.6,17743.9,17859.5,18499.1,23546.3,21315,22433.6,19860.6,17903.8,18940.3,18615.9,22847.2,21398.6,18233,22339.8,19306.5,19188.8,23755.1,17712.9,18027,19152.8,20174.7,19610.3,18607.4,18114.1,21758.3,20968.4,23499.6,22007.2,24994.4,20435,22735.5,24790.6,18888.3,24865.1,23410.4,21173.2,22548.3,17683.7,21308.5,19554.4,20215.9,20267.6,17461.3,23125.4,20743.6,22010.5,23211.2,18987.7,20550.6,20023.9,21409.1,19103.6,18136.4,17561.2,17168.6,22539.5,17946.8,18915.2,19544.7,20366.6,18799,23659.5,19747.7,22108.4,19020.3,23721,18978.1,23937.6,24547.2,24308.7,24875.1,24266.3,20251.3,21616.3,24325.2,19591.5,20039.6,23856.5,21324.5,22252.1,23661,20162.8,23761.8,19982.2,23472.1,22843.5,25368.1,25390.1,23174.5,19755.2,24568,20923.1,20799.3,24711.6,21353.2,22402.6,25504.7,24826.9,25209.3,24157.4,20461.4,19008.1,25131.2,23052.4,21975.3,23174.6,19271.7,21537.6,20961,22936.2,23990.2,24112.8,22470.2,19668.3,19078.6,21809.7,21748.4,22915.8,21567.5,22721.7,18532.3,18635.4,24120.4,23750.3,23596.2,21470.5,18767.9,22450.2,20760.6,23806.8,23254.7,19344.2,21864.1,23674.3,18698.6,24312.6,21829,22919.1,18866.4,22588.1,18680.9,19063.4,23878,19987.4,21542.4,19060.7,24522,22186.9,21847.8,20593.4,22217.5,23430.7,23570.8,23994.2,23116.5,23172.4,18288.3,19855.9,22631.2,21086.6,20656.9,18471.8,22710.4,18007.2,23971.9,22497.7,18281.9,22346.2,19986.3,24070.2,23361.5,20632.7,21717.6,21396.2,19655.4,23480.2,18664.2,21582.3,19255.4,19632.1,22285.2,22449.6,20474,19739.4,18977.3,23947.2,23182.3,17789.8,23362.2,20537.7,19431.8,20903,18094.4,19458.9,20762.4,19244.1,22493.7,23146.3,21040.4,22917,24367.1,18891.2,18563.7,19077.6,20994.3,19691.3,22418.7,21735.3,20416.9,21244.4,21616.6,22275.9,23123.5,22957.5,23335.6,21109.6,22259.7,24904.9,24891.2,23757.7,21443.2,24581.8,23114,19793.4,25368.8,20956.4,24564.1,24731.4,21938.6,24076.6,22334,22906.5,23042.4,22093.3,24536.5,21789,24523.8,24181.4,23258.2,24575,24734.8,22779.5,26818.4,24417.2,26437.6,22513.1,20453,23530.8,21832.7,22233.9,24714.5,20037.2,19770.5,22453.7,24016.5,25125.6,23566.7,23877.6,23876.6,21483,24834.3,24992.7,19490.4,21250.2,24837,24240.8,20213.1,26287.4,22131.9,21233,25644.5,24246.8,20435.5,21880,23729.9,24535.5,24095.5,26036.3,26887.9,24516.2,25497.1,32442.1,32857.2
35155.7,30587.7,25137.5,25002.1,25654,22575.2,19857.8,19779.3,19357.3,18409.9,18362,18482.7,21271.7,21963.1,19983.2,21995.1,18209.9,18442,23386.5,19234.8,22062.8,19380.5,21559,23428.3,24000.2,21341.1,23528.1,19688.5,18915.8,21814.1,18559.1,22970.9,21224.8,21339.2,23243.7,23014.9,19103.1,17827,21503.6,18453.7,23506.9,22280.1,18171.3,17528.4,20166.2,22613.9,23354.9,22175.8,21527,18670.3,23455.7,21605.6,20013.8,20814.6,18678.3,19739.9,19426.2,20890.3,18444.3,19509.4,23014.8,22865.6,18551.3,19818.9,17479.4,20338.7,18408,23358.3,22004.5,22332,19525.3,18989.2,20499,18160,24075.2,23688.4,22381.1,18504,22651.2,20895.9,21625.9,19905,18585.9,21320.5,22513.2,22427.7,22191.2,20608.2,23556.5,19391.9,24641,20308.5,24209.8,21470.2,20658.1,20141.2,21085.7,19053.6,23669.7,24171.4,23512.8,19120.5,18811.1,23630.7,19801.7,22680.3,22991.5,23890.8,21807.4,20095.5,23817.9,21045.1,21703.8,21801.7,22129.8,20098.5,18648.1,17732.7,20517.3,18876,21982.5,18651.1,23628.4,19728,22815,18847.7,23030.9,21380,20886.4,18791.2,19789.1,19150,22610,19695.8,18381.3,20223,20553.4,22484.3,18446.2,23428,17326.9,17851.7,20377.6,17858.5,19821.6,22395.9,18753.7,19421.3,19001.8,20320.6,18233.4,23061.4,22846.7,19383.5,16965.9,22999.6,22920.2,18905.7,21960.1,20016,18317.7,23165.3,23989.2,23893.5,20867,18817.1,23528.2,22721.7,24505.1,23941.5,21136.2,23441.9,23091.5,24920.2,20566.5,20660.6,20303.4,22977.3,19294.2,20957.8,22245.7,25400.3,24300.9,25947.9,25272.2,24796.8,26022.5,20873,25866.3,20240.1,23655.9,23607.2,23782.1,22691.5,25859.6,20313.8,20376.9,19456.9,19272.8,25045.9,22707.4,19850.5,23258.9,23941.3,22977.2,24562.6,19166.7,24352.5,20435.8,21404.5,22265,19233.4,23974.3,25014.9,18764,19630.7,25070.1,24396.9,21246.5,23167.2,23837,19293.8,21281,22739.5,19079.7,23905.2,22968.4,22534.7,24902.3,23689.2,18239.8,19321.9,22494,22247.5,21472,22764.1,23273.6,19103,20211,24404,23422.8,20788.5,19665.2,23797.2,20592.3,21392.4,20133.1,21611.9,25133.4,20954.9,22860.4,19536.8,20390,21791.1,19172.6,19716,24149.9,23520.2,19588.3,22627.9,18685.7,21287.5,20737.5,21284.5,20942.4,18941.2,20908.8,19714,22341.8,23928.9,21399,20513.9,23964.1,20932.6,21709.3,24376.5,19755.8,22061.7,23411.2,22421.4,24228.3,23452.3,19142.6,17943.1,19787.3,18831,19786.9,18957.9,21711.6,22295.6,19220.9,19299.6,21779.6,18674.1,20823.5,21824.9,21577.5,22883.7,18813.7,19165.9,18566.8,19658.8,23601.3,23209.2,23778.7,19017.9,20360.5,24168.7,20498.5,24591.4,21843.2,20308.1,20618.7,18678.7,20294.8,22319,23386.5,23872.4,23433.1,25456.3,23703.3,21599.3,20133.4,20913.2,23686.2,20957.3,22810.3,25067.1,26062.3,25267.6,21576.3,24502.7,20420,24721.2,25709.5,22220.2,25331.5,21756.4,25131.4,21420.1,25823.4,20607.6,21958.9,20543,26691.3,23771,25516.6,23828.7,21780.7,20075.1,21670.4,24311.6,19827.2,24815.8,21821.4,25491.6,25286.7,20225.6,24388.3,20651.3,25679.2,21788.3,20300,20262.2,21079.7,24250,24734.1,26080.9,23655.3,21788.6,22575.7,19941.3,24424.2,25747.1,24283.2,20305.6,25496.3,24210.6,21257.7,23704.9,26380.7,26252.4,32843.1,36624.2
34973.6,28386.6,26666.2,22412,21818.5,23068.2,23692.8,22135.7,18841.6,21839.2,20165.1,19691.1,19763.6,24469.8,19646.1,21911.9,21278.2,18693.9,24532.2,20387,21962.1,22281.3,18680.8,20986.8,17884.1,20626.7,23079,21006.8,23058.1,19472.4,23891.8,22301.2,24173,19824.4,21115.7,24250,17958.9,20025.9,23746.4,19267.2,17623.6,19466.3,20437.4,18989.2,21505.6,19675.1,22162.6,19885.6,22663.8,22919.3,22391.2,21323.1,17490.4,19951.6,18692.8,17601.1,22691.7,18639.6,23231.3,23236.9,20774,22107.6,18657.7,18910.5,22245.7,17808.9,17656.7,23764.1,21545.4,23720.8,22400.7,20056.9,21280.8,19824.6,22867.7,18097,18344.4,23486.7,21057.8,18086.8,21730.6,23820,19836,22871.7,18709.8,22185.2,20216.8,21521,22516.5,23311.5,23180,21759.4,23981.6,18388.6,18498.4,17928.6,22824.9,24200.3,19744.9,23844.1,23667.1,19777.2,19418.2,17362.4,20697.2,21786.4,18365.2,18028.9,21738.1,17624.7,18066.8,20672.6,21150,23820.2,17870.8,17532,18140.6,20669.8,19534.5,20247.5,22002.9,19915.8,23754.5,21413.6,21479.8,20160.4,22859.7,22514.6,25071,24907.4,20607.3,22063.1,25145.4,23704.7,22699.1,23063.4,21098.3,17553.6,23484.8,18099.1,20458.2,18826.3,18854.6,17509.8,18419.7,19546.2,23476.7,20440.4,23332,21737.8,23060.8,23179.3,23622.3,19664,17075.2,20109,20416.2,21779.4,21598.8,21149.7,23964.8,24213,24398.7,18135.1,19281,21954.7,20776.1,20693.8,20367.8,20056.1,21068.4,23704.3,24606.9,23944.3,21135.9,21506.8,25231,20113.2,22074.5,20686.2,24923.5,21595.2,24129.2,23936.1,22127,20424.7,25933.8,25470.3,25624.3,22483.1,21991.8,25376.3,23322.7,23397.1,25921.7,25434.5,21895.9,24570.7,23611.3,20618.3,24467.5,21129.8,19544.9,24924,22404,24671.3,20577.2,18789,24844.2,20348.3,24018.5,21039,21950.3,23095.1,20673.5,20898.2,19132.1,20948.3,23833.2,22365.5,24534.9,23572.4,22941.7,22424,21924.6,20854.2,22268.8,23207.8,20253.5,22776.4,18243.1,24473.1,23338.4,22954.2,19414.9,22240.9,21348.6,22254.1,18342.7,24029.3,21425.9,24528.9,20067.3,22237.8,18567,22255.7,23720.5,22298.3,20788,23443.3,20151.2,21811.3,24551.5,21522,24199.5,21035.5,20831.9,18194.3,22355.1,19249.5,19619.2,22383,17540.6,19673.5,19940.3,19177,20910.6,19521.6,19884.2,22257.3,22656.1,21317.7,20853.7,19641.6,24191.3,20746.5,20297.8,23301.3,23667.6,22713.6,23043.9,19930.5,21494.4,21120.7,21102.6,20501.1,23788.4,22678.2,18704.2,20412,19667.3,21889.6,20215.4,20711.1,21501,21205.9,19157.2,18973.7,23811.3,18533.3,18841.8,21550.6,22696.4,20828.5,18572.6,22256.1,23930,23162,18916.7,21224.8,22584.6,19652.8,23560.8,22550.7,21576.1,25175.3,23116.6,19796.1,21489.8,21569.7,24735.3,20461.8,24379.8,21771,22552,24612.4,20551.1,21737,26391.8,24183.3,23465.2,23567.7,20701.3,22709.7,26665,23094.6,22032.9,25229.8,25899,20346.1,26153.4,23319.1,20227.4,20406.3,24068.5,22870.8,19960.4,21322.3,19883.2,22212.1,24013.2,20736.2,25800.3,24619.3,22411.7,22986.2,25042.8,20832.8,22067.7,23094.9,20938.5,23762,19911.6,25729.4,22449.1,20545.7,24496.3,21011.2,24023.4,21959.7,21753.1,22507.2,25651,20043.5,25775.8,21079,23556.9,20256.9,23296.5,26744.8,23579,28312.7,29992.4,34256.2
35543.6,32086.9,29172.5,27523.8,24391.4,24743.6,23927.6,21765.7,18650.8,18591.7,23186.6,18181.2,19958,21349.4,19903.8,19866.3,24338,19796.9,22632.1,23517.4,18460.9,18393.6,23261.7,23735,20037.3,18185.5,18210.2,19832.8,18252.6,20471.1,24023.8,20734.9,23538.1,23842.8,23284.9,20111.6,20812.1,20734.5,21378.5,23917.1,19091.6,19049.9,20865.9,19117.3,23298.3,21636.4,23216.1,19870.8,20750.4,19295.3,21150.6,19401.2,23520.5,22917.6,21549.4,23492.1,22329.5,20476.2,18164.4,20026.7,19050.2,17633,18979.6,23603.1,22258.3,20000.8,17683.7,21683.5,17984.9,18236.6,19745.8,19636.3,18129.5,22794.9,18311.8,18184.6,18727.4,21156.7,22381.3,18909.6,19524.8,20398.8,21290.5,24523.2,24502.8,18303.5,22892,20090.9,22216.2,23714.4,24189.9,19432.9,20437.9,22533.2,19785.7,18102.1,23284.5,23795.7,21292.8,24213.9,24249.3,19338,23619.4,19845.5,21096.1,23789.8,23691.7,19288,21184.9,19387.1,22219.7,23093.8,18518.5,20766.3,23690.7,22736.2,19158.7,19384.4,22339.7,21600.3,17308.8,19715,24281.3,21666.1,20844.2,18602.6,22708.4,21937,18997.7,21587.4,22436,20672.2,25212.1,24130.9,19840.8,22044.6,23133.4,20452.3,22812.1,20137.4,21776.5,18752,19132.6,22685.9,22172.1,17756.7,22090.2,18282.9,20237,21506.2,18092.2,22044.9,20373.9,23312.7,20315.1,20393,17940.6,19394,19237,24264.8,18999.5,18563.1,19896.7,21759.1,21476.7,23186.2,19406.7,21359.1,23775.9,22883.6,20998.1,24368.2,25204.6,24230.7,22137,22118.8,20990.4,24589.3,22182.3,20679,19787.7,24743.4,23673.6,25413.5,21834.5,23930.7,20605.5,23888.9,23079.4,24749.8,24133.7,22111.2,20811.9,25293.3,24018,25829.5,19766,19006.8,22527.4,23954.2,19903.2,21163.4,25451.7,19513,19357.4,20402.8,22294,21230.7,20780.9,24023.6,21264.4,24829.7,25044.8,20955.5,21053.4,20129.3,20263.6,25042.2,19539.2,20878.5,24019.3,20924.3,18897.5,20945.2,18700,23744.7,19155.9,19804.5,24301.4,24124,23847.5,19928.4,19156.7,23266.3,18657.5,22473.1,20476.7,19846.1,20773,19718,20822.1,22000.4,19800.6,20215.9,18904.1,23968.6,25199.6,24283.3,21991.1,24583,22801.9,23210.5,22497.9,22976.7,22759.8,23061.9,24521.6,22097.6,24364.5,23495.8,22455.2,19552.2,17763.8,19207.8,18357.1,17802.1,23411.1,20841,21654.3,24079.8,19497.5,19394.8,19949.3,21859.1,23876.3,18975.7,17996.2,18070.1,20653.3,21280.4,20104.2,20390.1,21549.4,18304,18473.1,18216.1,20041.5,20306.9,20652.4,18905.5,24750.1,23821,22996.3,25200.2,22758,21312.9,22609.2,23029.6,22754.1,22125,19263.2,24460.3,21561.4,20810.8,22966.4,21637,23648.7,20157.1,21630.3,24649.1,19886.9,25079.1,23627.3,20551.4,19431.7,24402.5,22670.1,20676.9,20636.9,22055.7,22083.6,19573.8,21128.8,23294.5,20920.1,23399.1,21339.3,24056.3,25253.2,26395.5,20226.8,26540,26222.7,21283.6,25691.4,26477,25769.8,20554.9,20930.8,26434.4,22152.1,26495.6,22209.1,23326.7,26701.6,26456.5,21733,26144.7,21632.4,21367.8,25743,19587.2,19258.9,25483.2,23564.9,26075.5,21381.1,22507.6,21497.1,21228.7,22899.4,21934,21702.5,25413.3,19897.3,22116.9,22190.2,20362.8,26272.3,26542.1,26561.5,22767.2,20902.8,25387.7,20966.4,22162.4,26012.4,24105.3,26082.7,22131.1,27716.7,27372.3,30017.1,31957.3
30902.8,31946.2,27485,22684.3,25521.6,23368.1,20573.7,24567.4,24216,24404.3,22793.8,18415.6,22201.8,23910.6,21621.5,20559.1,21968.7,21307.5,19007.5,24430.8,19962.3,19415.9,19571.8,22706.7,21016.7,18635.8,19430.3,20567.4,23342,19773.5,22740.5,20034,24258.8,18756.3,21327.7,19233.1,18739.6,18416.8,18587.3,19969.4,21502.7,20707.8,23414.1,21936.8,19602.4,20167.5,22182.8,17441.7,22738.4,20951.2,22990.8,21268.6,20758.7,19781.1,19305.4,23533.2,21624.4,21733.2,22201.1,18660.7,20469.5,18044.9,19304.5,22847.6,21909.2,21111.9,22083.9,20478.9,18988.8,19674.3,20915.2,21342.9,21739.3,23714.8,19469.6,24074.1,19240.8,20545.7,21537.9,20571.6,22393,22069.7,19830.5,20387.4,22616.7,19898.9,22927.5,23926.7,19343,18343.3,20242.8,19293,21141.6,19543.8,21127,21383,20555.2,21567,24290.9,19051.3,20204.5,23636.2,22635.6,19019.5,17819,21780.7,19616.6,23462.7,18237.3,17796.5,20323.5,21225.8,23224.9,21775.6,18841.2,20463.4,21972.1,19013.9,20604.7,23703.9,20637.5,17628.3,23618,21743.9,22411.3,19478.3,23563.4,19155.3,19104.2,18727.3,23590.2,22391.4,19209.6,20520.5,23846.9,23637.5,23631.6,20971.1,17381.2,20377.1,20155.6,21063.1,18106.5,18188.2,22028.6,21604.6,20489.2,20759.2,19839.8,22288,18221.7,17961.1,23770.5,22984.3,18548.2,18573.7,18006.3,21326.7,20885.1,19244.7,21739.3,20410.6,20877,23741.5,22622.6,21958.3,20871.2,22205.4,19518,23820,22094.7,20020.3,25573,24202.8,22626.8,22122.6,23565.8,25479.1,20183.6,19441.6,20138.5,24242.4,22680.1,24678.2,21918.2,21227.9,24152.3,24602.4,23072.5,23139.9,25518.1,25168.4,20497.3,19633.3,22822.8,19541.9,22053,25322.6,20637.3,25441.7,20235.6,25235.3,20671.6,19535.3,24754.4,21752.3,24287,21760.7,23519.5,25314.2,22465.3,19835.8,20514.6,24722.6,23511.8,20192.9,23353.7,24662.1,23589.1,24622,18602.9,21806.7,22552.5,19385.5,20318.3,21467.3,19723.5,22087,24905.3,19708.6,23265.4,24263.2,22178.4,18791.5,23498.1,21106.7,19494.5,19070.7,24130.2,20251.8,22076.8,24310.9,19920.7,20302.6,18345.6,24644.8,24427.6,18768.7,23351.7,23755.4,22674.8,24934.4,20720.8,22463.3,22165.1,23486.2,22195.6,20091.4,18317,21346,18175.5,18072,23285.9,22382.6,17682.9,19803.6,24096.8,24704.7,19994.9,22020.8,21748.9,21742.7,22533.5,22401.2,18376.8,21650.4,21588,18405.7,23092.4,20236.5,20793.4,21503.7,22926.5,17707.7,19474.6,23467.6,18546.8,24017.7,23470.3,23834.6,24940.9,23360.4,25537.1,24878.2,24785.8,23706.9,23268.5,23724.4,23559.4,23819.7,23507.1,21761.7,22101.5,24105.1,23346.2,23561,22286.5,22401.2,24503.4,23800.4,20265.6,22294,22243.6,23509.5,23290.9,20645.4,19243,18891.6,19071.7,21874.9,19503.5,19151.3,18983.7,22061.4,22523.5,25918.4,22303,25497,26411,23488.5,20712,20865.4,21383.7,26163,22698.9,23905.2,20510.5,23709.3,23766.3,25959.9,21762.4,20252.1,26488.8,20440.2,24821.7,25701.6,24328.7,20471.4,20880.4,21302.9,25630.5,25885.4,21038,22291.4,23299.6,22998.7,20864.2,23113.6,23223.1,22670.8,24692.2,19790.1,19304.6,19560.8,20782.6,25296.1,26016,23344.3,24863.6,21213.5,21059.4,25033.2,25200.4,23786.6,21758,19967.3,25907.9,26058.7,21561.8,23690.5,27199.5,26819.8,27740.3,35559.7
34564.5,26954.6,28318.7,24188,25976,22447.5,21563.9,23911.1,24563.4,24007.6,22907.8,18209.5,21961.3,19396.9,23510.5,23123.2,21211.3,24165.1,22246.2,21917.8,19777.1,23605.5,20781,22037.3,20099.2,22848.4,22361.7,18611.9,21982.4,22569.5,22722.6,23862.3,18908.6,24012.5,21028.6,22231.6,20521,22704.5,21715.1,18851.7,21037.9,23304.3,22593.9,20835.1,18988.8,18463,18700.9,21846.1,19999.8,20557.8,22821.9,21157.1,23298.5,20798,19614.7,21666.9,23745.8,21749.9,20328.5,20202.1,18189.2,19232.3,22277.3,22774.8,19541.3,23680.1,20464.9,18838.3,21669.5,18104.1,19530.7,24251.6,20516,18490.2,21510.7,22518.9,23356.7,21407.3,23865.6,20719.1,20130.5,19196.7,24297.4,19131.9,19552.7,22064.4,20549.4,21422.3,24706.3,20253.4,19683.2,23580.6,18857.8,21343.9,20986.7,22384.4,21560.8,23654.8,18578.3,24242.1,21416.1,22854.3,19243.4,21374.9,20661.1,21654.3,20499.6,20263.9,19123,17555.2,20523.4,19890.9,20665.5,22741.7,21842.5,20220.4,17663.2,20682.9,22134.4,20151.3,22468,18884.8,21345.3,21933.9,23530,24704.9,22220.5,22882.2,22865.4,24561.9,20171.2,18819.8,23252.5,24922.3,22576.8,24551.9,22218.5,19304.7,19363.6,17512.1,21015.1,21844.1,19879.7,21882,17712.9,18700.3,21023.6,18539,18969.6,18939.4,22778.7,20867.5,18601.1,20388,19850.9,20545,24017.8,19703.7,22519,22687.8,18861.7,22321,20343.5,21889.5,20552.8,24873.8,23583,20088.7,18982.4,19839,22920,22105.9,21255.5,21222.3,20239.5,21674.4,25206.8,22624,19906.1,21254.6,22205.1,22890.5,22454.9,25948.5,19836.5,23218.8,24598.6,20076.7,22585.1,23515,22044.8,25476.4,22835.5,26187.2,23100.9,24712.7,22140.7,24256,25377.8,25033.3,20760.9,23195.4,21671.9,24299,22122.8,21811.3,19966.7,20858.4,20093,23229,22425.8,20589.4,20215.9,21967,24425.1,24217.5,23444.6,25317.5,23230.2,21764.9,18510.1,20861.7,23684.4,20734.7,24978.4,20383.7,19777.5,23851.8,21191,24137.5,21167.2,18711,18387.6,22278.6,22446.8,22364.8,20839.2,21910.5,19297.5,24110.6,19380.1,19621.4,18312.7,20164.2,20062.7,22820.6,20303.3,21606,20507.8,25522.3,20704,18841.1,25020,24323.9,24973,20952.9,21620.3,24221.1,19843.6,22961.3,19220.9,19213.6,20715.1,22435.5,21353,20712.1,22867.6,21408.7,19931,21128.5,19621.2,23565.8,21348.9,21331.7,21201.5,19290.1,20728.2,21332.3,22024.3,19951.1,21589.6,19156.4,22933.4,22444.6,23404.4,21843.7,24023.9,19501.3,20018,23590,21915.7,5733.61,27751.4,25519.4,21524.1,24629.8,23968.4,21832.2,21092.2,18914.1,17939.2,22659.1,23927.9,23541.2,20544.8,22711.5,22555.8,22782.4,22607.6,21709.2,18839.1,22526.4,24532.3,24671.1,20076.1,21685.2,20669.1,24914,23236.8,24231.3,20449.7,24027.1,21883.6,20221.7,21037.4,23543.5,24447,23868.7,23553.9,24187.1,23229,20956.3,21107.4,23873.2,24828.1,22309.8,21684.9,22356.2,20461.7,20499.7,26471.2,22471.7,23934,20999.3,22051.7,22454.1,22689.8,25180.8,24626.1,22681.4,21900.2,23946.9,22145.6,23151.3,21309,26089.5,20968.4,22898.4,22369.1,22059.2,24908.3,22760.6,23131.6,24279.2,19166.8,20370.2,21056,21073.2,20669.8,21102.3,22763.9,24403.3,25252.8,22783.1,21605.1,26077.1,20981.4,22798.6,25181.7,20561.9,21614.1,26512.3,30435.1,35520.5
35659,26783.1,24423.6,23580.4,22816.5,24741.5,20000.1,24864.1,24847.2,24840.9,22785.2,19144.2,23734.1,20541.6,18713.4,22221.1,23183.8,19661.4,23652.5,19737.1,20096.8,21863.1,24199.9,23045.5,22990.9,24358.7,21290,20565.5,19739.9,18774.9,19125.6,19952.9,21056.6,18861.1,19050.3,21954.1,23279.6,23778,21785.7,19986.2,18522.3,17966.1,18865.2,17722.1,18856.1,19078,20689.8,22838.2,17639.7,20772.5,20100.3,22026.9,23509,18758.8,17772.1,20633.7,19765.1,20677.2,22005.6,21419.4,18758.8,21765.3,20869.1,17364.3,23066.4,19272.7,22485.7,23973.7,19506.3,22397.5,18863.1,17968.8,18202.4,18743.8,20440.7,22516.4,19617.9,19187.4,21242.1,18565.5,21369.8,24011.5,19399.9,21217.6,19891.2,20408.5,21940,23593.9,18949.1,22648.4,20977.3,20347,18084.5,18635.1,24286.2,21802.9,21118.6,23569.6,21193.5,19386.6,22284.6,21793.5,21917.8,18249.7,19686.5,21119.6,19162.7,20121.3,21560.8,21774.6,18907.8,23537.5,21348.4,17372,17974.2,17379.5,23358.9,19452.9,20492.7,18489.5,17863.3,19174.8,19992.9,21761,21575.6,20524,23606.8,22876.4,22056.8,23318.5,24695.3,22695.6,22040.2,21386.6,22504.7,21751.9,17945.3,23314.5,20085.4,23331,22969.2,22495.5,19954.8,17455.6,19140.1,22750.7,22142.3,17881.7,22049.6,23836.8,22747.3,18195.2,18611.9,20151.7,15970.5,20141.8,20182,22382,19020.7,20940.3,23364.8,22981.5,19670.7,21886.5,21488.3,22051.2,21189,22376.9,21050.1,22621,21070.6,23915.9,20927,19326.6,21196.9,19599.8,21421.3,19220.5,19908.1,21028.1,22590.5,19855.3,24198.6,25500.5,23410.2,21288.3,25073.6,20466,20659.2,20932.7,24188.6,19845.4,19649.8,25923.8,21391.8,22013.9,19555.6,19501.5,22105.8,25430.4,22553.7,24314.2,22019.2,23079.2,23783.7,23077.8,25043.1,22244.7,20601.6,23936.9,19513.6,21869,22389.5,23158.2,19885,20156.7,24566.1,22500.3,22289.4,23250.7,21287.6,20872.8,22423.2,25137.6,22751.3,21994.8,25138.2,22905,24388.5,24655.6,18368.4,19725.1,23844.2,21801.6,23072.4,19327.2,20799.7,23215.9,23035.7,18889.3,19865.9,21175.9,19759.9,22691.7,20046.5,19792,21853.6,23418.3,22009.7,24764.4,24742.8,19383.7,20286.9,24582.9,23184.3,23125.4,19562.3,18519.1,23662.8,18089.2,17574.2,17882.2,23348.1,22851.9,18598.3,22492.9,20843.4,24569,18769,22188.2,21915.4,18116.1,24058.4,19442.1,18792.9,19115.2,23539.1,20297.4,18893.9,20747.5,19188.6,20836.2,22182.1,20957,18005.9,22380.3,24382.4,21066.2,24629,22287.3,20100.2,5563.68,2562.22,21706.2,20112.4,20327.7,20027.7,21942.2,24594.1,20469.4,20898.8,23013.6,23338.6,21771.6,17985.2,20884,22095.2,22504.6,23564.9,23627.1,21849.5,18906.3,19698.7,20250.4,24473.7,23445,19131.3,22992.8,25023.8,20296.1,19064.6,22199.2,25255,23690.4,20770.1,22958.3,20039.4,21447.6,24316.9,26210.2,23426.4,25750.8,24795.6,20955,23422,24669.2,20987,25573.6,20636.9,22513.6,24099.7,20389.8,20161.1,20724.5,25672.2,22119,24037.1,23531.2,23505.7,22551,21063.3,25296.6,22959.3,23057.6,24896.1,22560.1,20671.2,24878.6,22987.4,22876.7,25138.9,20793.9,22757,21120.6,25682.9,21508,25350.4,25393.7,24779.2,21104.4,24818.3,24911,23975.6,26181.2,25383.6,19732.2,24634,23009.8,22990.5,20600.5,28206.1,25845.1,31989.7,34277.8
35115.9,30253.7,29739.9,27902.4,24526,25821.1,24808.1,25237.7,19505.1,23962.8,18850.8,24596.9,23825.4,24202.2,21334.2,24165.6,24346.3,23840.6,19150.2,18292.1,20761.6,19726.3,24155.7,21187.6,21838.4,22621,23007.6,21850.4,21995.7,20517.7,21623.2,23603,19747.9,18027.5,18399.3,23014.7,23426.4,22088.8,20827.9,19062.7,20647,22319.1,20392.8,23217.4,21378.7,18807.2,20840.9,18764.9,21310.2,17402.1,22660.9,19928,20412.8,17905.6,19368.7,21857.6,20054.6,21821.8,19458.9,18854.3,21902.1,22787.9,19486.5,20830.8,23623.2,20554.4,20416.4,24039.7,20546.1,19961.3,23300.2,18407.7,24070.6,22025.3,20695.7,23418.1,23523.9,18973.9,23340.1,23044.9,19696.8,20561.1,18339.8,24637.3,19797.4,19856.2,23458.4,20373.1,18693.8,20028.6,20895.5,23588.5,21293,23286.4,22906.9,19719.6,21987.3,21518,18989.7,22460.8,21606.1,20011.2,20742,19931.1,22942.8,21923.1,20166.2,21325.9,22164.5,22676.9,17922.7,22700.6,22573.6,17985.3,23414,19722.7,23726.1,21563.7,20534.6,23109.4,21190.5,24090.9,22260.2,21674.9,18164.1,24547.3,23698.7,24808.9,22294.4,22712.1,22066.8,21455.4,21897.7,23984,23907.7,24234.9,23607.7,19047.3,19766.8,22496,23543.8,18302.5,18495.5,20836,22918,20005.5,20210.9,20199.5,21782.5,19181.2,22221,21523.9,23486,19653.4,20857.2,20462.5,23438.5,22033.7,24334.8,23821.6,22895.6,20354.2,18911.6,19970.7,19032.2,22083.2,22126.6,23496.7,22887.6,24195.3,19594.8,21303.9,21404.9,20541.8,22005.1,22355.2,20532.1,23801.3,20209,22246.6,22164,21140.6,19257.6,25505.8,20031.3,25116.7,24679.3,21095.4,20939,25196.1,21029.8,22497.6,21194,23823.8,23668.8,24490.2,21348.9,25427.9,20918.1,23947.9,22413.6,21991.3,23153.5,24280.8,19737,25308.1,22459.7,24280.4,19803.7,23864.2,19484.1,20807.2,20137.9,21208.2,24324.6,24352.4,22599.1,21490,25000.9,24558.7,23847.6,21822.6,19166.5,20025,21559.9,23055.4,19367.1,18922,24415.6,21942.9,20929.6,19710.2,22882.8,23687.9,20727.6,18714.9,22675.2,19028.8,23692.1,20415.3,18862.4,24441,19533.9,21035.5,22853.3,22092.7,20701.9,23408,23764.9,23786.5,19058,19280.9,24708.8,20554.3,24794.8,24183.5,24858.3,23500.8,19729.2,24065.2,21974.3,22437.9,24033.4,23097.1,19581.3,19143.5,21762.9,22889.8,22389.1,18123.2,23397.3,20363.3,23440.5,18746.8,18413.1,21366.4,19058.3,18124.6,17932.7,22312.1,17862.1,22316.5,21285.9,19182.1,18714.5,21582.7,22271.5,19852.5,19586.2,19577.1,21867,22766.4,21796.1,22897.1,24032.1,19226.5,20959.6,18394.4,18581.3,19805.5,22601.3,21933.9,21700.7,19964.6,22477.2,23404.9,22317.1,20769.8,19657.8,20632.2,24373.3,23944.4,18768.1,21739.2,21048.4,19065.5,21554,23143.6,20800.6,24003.1,22975.7,25922.7,20781.7,21342,21880.1,23533.4,20961,22298.2,20541.3,23237.9,24517.9,20982,20303.5,24423.9,25490.2,20404.5,23227,24334.9,25779.5,24919.3,23797.3,25376.2,23889,21464.2,21264.1,24275.4,25796.5,21819,24299,21151.5,20177.8,21615.6,23099.6,21378.3,19782.1,26240.2,25041.2,26064,20833.3,23403,22361.1,24908.5,21296.4,22813.6,20202.5,25244.1,25603.3,24654.6,21116.7,22955.9,20845.7,21826.1,25367.8,24285.7,20074.5,20445.4,25221.6,25486.1,20350.9,22156.9,25728.2,24793.3,31328.5,34043.4
32478.9,32341.1,24884.6,24635.5,21343.9,20112.9,21107.6,24020.4,21978.9,20713.5,21471.3,24623.3,18476.2,24405.8,23881.7,24519.9,19260.1,24043.5,20475.7,23715.2,22130,20168.8,21684.2,21834.4,21207,20421.8,18756.9,19952.7,22910.3,17872.2,22650.2,22891.9,19031.6,22721.9,18060.6,20104.2,20926.6,23577.8,22299.8,20558.5,21540.9,18646.5,21901.9,18330.8,20990.2,18599.8,18236,19574.4,20708.1,17365.7,20978,19587.4,22477.3,19811.3,23296.6,19251,17880.9,19832,17595.6,22187.2,19728.3,17997.7,20064.7,20736.2,19512.7,17855.8,19424.7,22182.7,18207.7,20676.9,23008.7,20914.6,20384.3,22745.4,19976.6,20599.7,19144.3,19276.7,18711.9,21925.9,23298.1,20730.3,19142.9,21585,20631.8,19126.8,22952.7,22226,24881.6,18621.1,24897.5,21322.5,19487.8,20500,24146.4,19860.5,18424.2,23628.7,21674.8,18937.3,23583.6,20218.3,24046.1,20494.3,19259.1,21141.7,20846.9,18767.2,20060.4,22080.3,19073.8,21263.7,19160.3,18265.9,19023.6,19767.3,22245.7,19410.2,18512,23707.6,18010.5,20781.4,19950.7,21105.7,24419,20121.1,19343.7,20986.8,24492.2,24128,24841.8,20386,19687.2,20131.7,23196.7,18458.1,18943,21153.7,18866.1,21092.5,17457.3,17827.5,18472.7,22161.5,17990.7,20542.2,20963.6,21959.9,22526,23428.9,17701.5,20832.1,20034.6,21552,17815,19463.9,18132.5,23830.2,18162.1,18487.8,22514.1,20472.2,23673.3,21269.2,24323.2,21252.1,19140.9,19070.4,22186,24529,25287,20702.7,21956.3,24864.5,22950,19849.8,22152.7,24358.8,22451.9,21724.8,23552.7,24481.7,24357.3,21623.8,21884.8,20527.2,22714.2,21550,19935.5,21047.8,24110.5,20665.2,21201.5,21908.9,23791.6,25161.9,24910.8,25969.9,20059.6,20604.7,20519.8,25156.6,20762.3,25174.7,24392.7,23667.5,21979.4,20116.7,20094.8,24362.4,20226.8,21384.8,21323.5,21856.6,24904.1,19067.4,20507.2,23305.3,19313.9,21368.9,20016.7,23228.9,19471.6,19286.1,22814,25381.3,25031.2,19200.1,19463.3,19919.8,20255,24057.2,19499.8,23807.8,21328.9,20533.8,23784.1,23619.9,20562.2,20335.6,20306.7,19521.1,22303.6,23791.6,22778.7,19643.3,23467.5,21458.3,24746.4,22276.6,21291.3,25384,23141.7,23714,18542.8,20270.3,18991.1,18858.7,21017.4,23234.2,19885.9,19347.7,18264.9,22233.2,19532.9,21102.2,19949,21668.9,20420.1,23020.2,24384.8,23669.4,22432.9,19069.3,18699.7,23596,21152.2,23995.7,22740,19762.8,23248.7,23412.9,23958.4,23841.8,19753.5,20789.4,23303.6,20460.4,24782.4,24699.1,23140.8,21276.7,19511.5,20012.6,25121,19374.5,23153.6,18675.8,22939.7,21832.7,20466.3,21623.4,23568.1,20806.9,18691.7,22944.2,24075.5,19679,20665.4,19001.7,19445.5,23558.1,23299.1,22609.1,21339.5,18688.9,23940.7,21138.4,20722.5,19124.3,20633.7,21792.5,23064.2,21081.4,20118.1,20063.1,25818.4,21766.3,22980.7,20280.7,24097.5,20757.1,24122.1,22163.3,25996.6,26408.4,23673,21299.4,20062.6,26491.3,24481.1,24676.8,22385.9,24261.1,25056.9,25620.5,26232.1,23722.7,25322.1,24080.5,25700.3,24917.6,25050.4,24803.9,21600.2,24548.4,26431.1,22470.1,22082.8,26403.2,24349.5,25144.5,23430.5,22064.3,24088.2,22797.7,19891,24209.2,25624.1,21941.7,23419.5,22492.3,26008.1,22652.5,23422.7,25907.5,23414.6,23464.3,23252.3,26187,24171.7,25692.7,33259,33812.3
31276.2,30172.8,29091.7,23562.4,27067.8,23951.4,21607.5,22318.8,23928.2,24161,24781.4,22858.9,22417.5,21911.9,18688.5,18399.8,18218.1,21533.7,24438.3,23793,21653.2,22898.8,22002.6,20685.8,18395.7,20541,23740.9,21606.4,19698.2,18793,23800,18263.9,18662.2,23613.9,22704.7,21385,23392.3,21997,18614.7,17606.7,19088.7,18391.1,22603.5,19205.3,22715.6,21824.3,23262.1,19641.1,19913.7,18102,18153.6,21383.1,20182.1,17685.8,18733.7,21287,17982.4,20917.6,21682.9,22924,20616.6,23087.9,21530.7,20649,22195.2,20181.6,20825.2,20235.6,21450.8,23776,23604.3,21767.2,21818.5,23959.8,19153.8,21368.7,19335.2,21635.1,24775.8,20829.5,21926,19017.7,21575.1,21675.6,22515.7,21877.6,22405.7,19912.1,19688.9,19545.6,19979.7,21379.2,20445.6,24759.3,24256.3,23782.8,21507.2,21329.9,22113.9,24022.7,20636.9,19745.8,22599.1,19997.5,19882.6,18210.8,23841.3,23335.2,22622.6,21758.9,23631.4,20874.1,21944.9,20021.4,18780.4,18478.7,21086.4,18548.3,22147.4,22494.7,18251.7,23740.7,24076.4,18304,24318.7,18612.6,19407.2,23695.8,19909.2,19470.8,18794.2,25292.8,19356.5,21158.2,21061.7,22553.5,23736.3,18736.3,21490.4,22196.6,22817.3,22940.9,22869.4,19680.7,23450.7,17948,23436.8,21102.8,23917.4,19504.6,20410.3,23182.5,22776.2,20904.4,15576,20868,23630.4,20587.9,22543.9,18471.7,21497,19778.6,21815.4,21110,21679,19565.1,23284.7,20432,21179,21399.7,24545.6,21489.9,20524.7,25660.2,24940.8,22650.7,21182.2,19027,20069.1,21135.6,19688.7,22660.6,23914.8,22116.7,25524.9,22312,23307.4,25908.3,24052.2,21238.7,23347,22161.2,22241.2,20402.3,24483,21220.8,21263.5,25997.6,23340.3,21181.6,25010.8,25645.2,25683.6,23612.6,22863.7,23327.3,24311.2,24473.4,19332.3,25441.9,23790.4,25567.4,23203.4,24228,19645.3,24913.6,25161.2,22565.4,22706.6,24377.7,20769,21469,24179,23201.8,22265.3,21593.7,22031,23459.1,23402.3,21340.4,21247.1,19081,23476.3,19379.1,24081.4,23492.5,18333.1,24370.6,18298.2,24308.1,19537.4,22682.8,22482.1,22470,19219.7,24958,19276.5,24094.9,23375.7,23212.5,21605.6,23364.6,24784.9,22618.6,22125.8,22781.4,20598.9,23096.8,24089.3,19855.7,18098.4,22796.6,23990.7,20522.2,18346.5,21007.5,24376.9,20767.4,23456.8,21789.3,22565.8,19045.8,24421.4,23481.8,22345,20800.4,19602.7,20738.2,20006.6,22474.1,23304.3,18864.5,22412.6,24264.5,20429.3,20985.2,21963.5,23379.6,21689.3,21981.3,21902.6,22285.8,23856.9,23275.6,24828.5,19186.5,19334.1,22533.9,22109.4,20838.5,22650.8,20974.7,22775.8,21781,19986.2,23614.6,23372.5,20639.9,23158.7,22931.9,24511.6,22819.4,23666.7,22963.3,21529,22917.4,24203.6,20325.2,21126.4,22700,19830.6,20292.2,24809.3,22062.4,20246.1,24161.7,23870.2,24377.7,23182.4,22460.9,20095.5,20625.5,22291.7,26222.3,22488.8,25371.1,22859.5,22122.6,24065.4,23557.1,23168.4,21227.8,23115.3,26714.4,25938.5,24688,20379.2,22084.7,25804.4,25687.2,22253.5,21268.9,23059.1,25438.2,21100.6,24434.9,26133.2,23241.7,20996.8,22533.7,24505.4,22304,24680.1,21068.9,24324.6,22383.3,22338,20000.3,19931.3,24313.5,20356.7,19522.6,19520.4,26020,25224.3,25577.7,22816.8,21974.1,23847.3,22427,26565.4,29400.8,28584.5,34198.9
33185.7,28064.2,26817.1,27816.7,22755.5,24261.7,20739.5,22840.8,24581.7,24196.7,24528.5,18816.5,22705.2,18492.7,18612.1,23805.3,20704.2,18694.6,19374.7,24520.6,19457.7,20669.7,22248.4,20192.7,19433.5,22017.6,19752.7,18399.6,22108.1,20009.8,23905.7,18325.3,23228.4,21980.9,20456.6,19045.6,21584.3,21760.4,22056.1,22829.5,22642.5,19015.2,17451.6,22837.8,18994.7,20600.3,19136.3,22205,17998.3,20222.8,18582.9,17722.8,20118.3,22143.7,21270.6,22009,19927.3,22703.6,19421.6,17684.2,23644.2,21347.9,21753.6,19481.7,24142.9,20373.8,19426.9,21024.6,22844.3,22938.8,18980.2,23458.5,18270,20501.5,23449.4,23203.2,19701.1,19539.5,24000.8,21365.6,18638.4,21872.5,23058.3,18746.9,24367.2,22983.8,18810.3,23046.8,24197.5,20799.1,20133.2,24809.3,19689.8,22255,19912.4,18924.6,24593.5,23771.9,23454.7,23852.2,22467.4,18270.5,22435.1,20602.4,20287.6,19426.9,20345.8,18753.9,22947.8,20763,22429.7,22066.5,23695.1,21338,23884,23981.6,17679.1,22796.1,20278.2,17742.1,20051.5,22932.9,20787.7,22563.7,23273.4,18978.2,22939.1,23702,24898.8,22041.5,24336.7,24407.5,19265.8,24679.8,24879.9,22100.3,23628.5,21703.2,20855.2,20521.2,22640.7,22551.4,19191.1,17674.7,20505,17440.2,17653.6,20442,17620.3,21092.2,22903.7,22700,19642.1,22285.8,19300.9,20453.3,18330.7,21277.3,22675.2,18432.9,18094.4,20584.5,24235.4,21334.9,23561.4,22261,18681.1,23643.7,23607,24920.2,25378.4,22157.8,23410.7,23974.6,22466.9,19860.5,21626.4,20237.4,22375.1,21823,21789.6,24037.5,20792.5,22661.5,22513.7,20231.3,26129.3,24016.4,21253.4,25130.2,19804.6,21086.1,25478.5,21334.4,24114.2,23223.2,22785.1,23528.3,21722.9,21760.2,24836,19570.1,19360,19770.4,24663.6,24600.5,23391.9,19376.1,20845.3,21400.8,19134.6,20418.3,21137.7,20758.3,19352.6,25172.7,20051.4,22136.1,20139,21795,23748.5,22486.5,20876.8,20707,20798.5,23503.9,19169,20498.9,19310.4,19954.3,20007.9,22424.9,23343.1,23112.7,21272,20832.8,19321.5,20057.1,21489.4,19060.5,19673.3,24339.1,19110.7,21238.1,23307.9,21052.5,22299.2,24971.3,19159.3,25754.8,21942.7,21166.3,22578.1,21458.1,22452.6,20333.7,23663.9,19292.4,21214.5,22445.4,23585.4,23372.2,19555.9,20056.3,23804.1,19596.7,21870.2,19207.8,18634.3,24837,23097.6,23002.6,19410.4,22945.5,23913.8,20427.2,24482.4,20572.1,17714.8,21365.8,23063.6,22876.3,23313.4,19384.4,18209.3,17690.6,18623.5,19318.2,22859.4,21268.2,22011.9,22959.6,24242.4,20531,20768.9,19995.2,18414.1,21048.9,22001.7,18708.1,21304.5,23302,23481.7,24142.1,18397.2,22413.7,24467.7,24066.4,18868.4,18303.3,20216.4,21619.6,25038.4,23508.7,24497.5,24217.7,20231.8,24726.5,19430.8,21649.6,22740.2,22584.1,23228.8,20548.5,25754.2,20498.3,21660.5,24239.7,22894.7,21768,25194,22001.1,20825.1,20367.3,25030.5,25273.3,22957.7,26009.8,22082.6,20993.5,21404.5,25069.1,24616.7,23439.4,23845.6,21749.3,26324.9,25414.5,19963.4,24036.6,23338.3,24188,22273.4,20368.6,19898.4,26139.1,25058.3,21409.8,21798.2,22449.5,19864.6,23912.2,23194.2,23646.9,20167.2,22039,20664.1,20566.1,23622.3,20717.4,25409.5,24887.9,24374,22854.9,23539.2,22526.9,20724.3,25593.3,23748,25634.1,26029.5,30136.5,26987.2,34385.6
32992.5,26630.9,27052.3,25719.1,24547.7,22333.6,24486.1,20241,24289.6,23847.5,24287.3,19263.8,20248.6,22450.3,24080.6,21327.5,21723.5,22911.3,20058.9,21256.3,20631.6,23771.7,23949.3,19777,20681.1,18844.9,18252.3,19834.7,24245.4,23821.9,21079.5,21043.8,18457,22185.4,22304.5,21418.2,22617.9,19431.6,22044.9,22082.3,19606.8,17817.1,21824.2,20425.2,20360.5,20173.5,17722.5,17948.8,17768.3,18168.6,19476.7,19156.5,23123.3,22821.1,23937.9,20188.7,20367.5,19612.8,19174.5,22140.5,20469.9,19847.9,22671.4,18106.7,21517.2,19403.6,23937.3,22812.1,20035.7,23977.2,21647.7,22406.4,21318.2,19859.5,21530.1,21281,21268.5,23465.6,21586.4,23716.5,22884.4,22198.6,18659,22997.4,20659.5,21456,22392.2,18965.4,19712,19819.5,21483.3,21170.8,23642.2,20503.6,21747.6,19030.7,21761.3,22151.5,18175.1,19756.7,20832.9,21590.1,22805.4,22236,20217.4,20631.2,19860.2,21947.4,21189,21169.6,22784.7,24429.5,23103.4,18318.4,22454.5,21992.3,23840.3,18085.6,18448.6,21964.6,18768.1,20848.7,18128.6,20396.2,24232.7,22753.9,23345.5,18950.5,21795.4,23416.5,20888.5,21855.1,21178.2,25079.4,22637.5,19168.5,20107.3,19204.7,21933.2,20968,21750.1,18308.1,21515,23796.9,19465.9,23423.5,21498.2,17481.7,18279.2,20086.4,21849.2,21338.2,20376.6,18642.9,19994.7,21238.9,18096.3,24223.1,18319.4,19502.7,22988.7,22022.4,19189.6,20312.7,24024.9,21172.4,21360.3,23997.5,21538.7,22285.8,22636.4,21663.9,22953.3,20473.6,24825.9,20451.7,19453.4,22269.8,21506.5,25698.3,20700,25376.2,21225,20380.4,22269.6,24572.4,24738.8,23436.7,23854.8,20660,20807.6,22105.6,22586.4,25338.7,24862.2,20590.6,22568.2,23827.9,21853.9,25880.9,23890.5,20932.3,20656.8,23309.5,24770,22650,21433.9,22507.2,19409.5,23844.7,21954.5,19642.2,20824.1,23754.1,19059.4,23667.5,24308.4,22332.9,22888.9,19732.6,19308.2,19272.9,19921.8,25032,23698.6,24545,22796.3,24530.6,25315.6,24555.9,19843.5,21593.7,22535.2,22377.2,24691.2,20330.2,20752.1,20623.5,22514.8,24952.3,18804.6,23518,18234.5,21014.8,21086.5,19508.8,19403.6,23454.1,25300.7,22451.8,24136.1,20449.1,23960.2,20403.3,19363.4,24700.4,21332.1,21615.6,19393.5,21159.4,20815.3,21882.3,20853.5,22254.5,23493.1,23878.7,20394.2,19534.7,24417.4,23285.9,23496.2,19584.3,20772.4,23475.4,23054.4,18734.2,24318,18814.4,24408.6,23449.7,23971.8,19242,23536.5,18512.9,19546.2,19677.4,24021.7,18040.7,19144.7,18838.5,18985.2,21250.6,23244.5,23933.5,21697.3,22718.9,23868.1,19076.8,21490.9,18260.8,20308,20473.5,18352.3,19054.9,18196.5,18264.4,19463.8,23700.8,20556.6,22487.2,21891.2,20637.7,23176.6,24521.9,21726,23395,19959.8,21681.1,23258.6,20056.5,23943.7,23179.7,23375.9,23979.1,21384,19687.3,25416.3,23884,23258.1,21067.3,22621.7,23312.9,22240.5,26272,20989,26284.8,20995,24427.9,21982.3,20870.4,21790.1,25835.9,20906.2,25499.7,21274.8,22524.2,21244.2,20369.5,21249.6,19818.8,21151.1,21759.4,20695.6,22433.1,23743.7,20306.1,23390.3,22828.7,20702.3,26234.8,21221.6,22235.4,20006.4,22606.7,21728,19775.2,25483.1,24211.4,20937.3,24688.8,23476.4,22580.2,22994.9,23276.9,24656.7,19870.7,22169.9,23608.6,24349.3,20980.9,25028.7,26442.8,30228.1,35245.7
36529.4,31370.4,26883.2,27123.6,23165,25475.9,22837.2,20292.5,23349.8,20451.9,21234.2,20441.2,18677.7,23587.3,22695,18572.8,19442.7,18379.2,19915.7,19328.7,20642.3,20526.7,18417.3,20714.3,24150.8,17958.7,21037.8,21186.5,23473.4,18711.4,19656.9,20222.8,19447.5,20182.6,19747.5,20386,19038,21414.4,18001.9,22569.3,20580.4,18686.2,23478.7,20800,21928,17840.2,19164.9,18041.6,17758.7,18177.3,19587.3,23862.7,20477.9,18288.6,19767.1,21292.7,24099.2,23216.5,21607.3,21337.9,21162.6,21414.7,19764.9,22439.1,23837,18863.4,21456.1,17881,21032.5,20266.7,22926.4,20508,23934.6,18428.4,19829.6,24406.9,21330.3,20537.2,24036.1,20884.7,20534,23882.4,20254.7,24459.1,20444.9,20907,22348.1,18617.5,19320.5,19472.4,24126.4,24027.3,20149.2,19541.2,24417.7,20326.8,22054.8,23934.7,23393.3,19151.8,18754.6,20535.8,22237.1,18324.5,18482.9,23857,23540.7,18904.7,23099.9,22922.5,17858.5,24049.2,20630.4,19006.1,19312.9,21281.6,23138.6,20362.6,21217.5,23156.3,20501.4,19880.3,23677.3,18181.4,20614.6,18784,20940.4,18574.4,24061,20357.9,22787.2,20145.1,21007.5,25273.6,19146.9,23702.8,23677.4,23839.2,19351.2,21458,23723.3,21772.5,18135.5,20872.8,20248,22619.5,22580.5,18877.9,22031.5,19681.1,18929.1,22100.2,22864.2,21392,19153.3,21999.3,23387.2,19964.3,23979.2,21264.6,20568.4,20278.9,22570.9,22725.3,20133.8,23588.3,24495.3,23840.3,24774.7,23025.9,20906.9,23805.5,25209,24954.5,25558.9,25594.9,21194.8,23689.3,25498.7,23356.3,20115,22975.7,20013.6,22586.6,24268.5,20776.1,26191.7,23267.5,20384.2,20526.1,21717.3,21889.3,23752.7,26151.8,23726.6,19688.6,20172.5,21985.5,25459.4,21111,23761.9,24859,21120.4,19505.3,23239.5,22876.7,21310.6,24988,23391.6,21666.1,21997.5,21981.8,20793.1,20866.7,24812.6,24322.8,21624.7,22754.1,21396,22335,20543,23935.4,21078.4,23101.8,21464.8,23291.2,22288.8,19901.2,22353.8,23196.3,20393.7,22718.6,23362.5,24251.7,23473.3,20824.4,22545,19991,24188.5,22262.2,19437.8,19767.8,19473.8,22527.4,21117.9,24568.2,21133.4,21693.8,25374.5,19598.4,24265.2,22827.5,19982.8,22962,21399,24883.2,23941.5,18900.7,20011.4,19895.4,22902.1,18251.4,17721.1,21123,20585.5,23394.5,20890.6,24237.4,18595,22107.3,21434.1,18913.9,21759,18293,23223.9,20558,19643.3,22170.9,22786.3,18777.6,21902.1,18527.8,18622.7,17842.4,19263.6,21465,24296,24171.3,24035.8,24412,18393.5,21418.8,23352.7,23803.1,24783.7,22552.5,18460.4,21696.9,20418.2,18408.6,22750.6,21941.1,19612,18561.9,24066.3,22570.7,21933.2,19445.7,22029.4,23198.9,21993.7,22068.7,22845.5,25323.2,23917.9,19189.4,19252.5,23922.3,19791,25069.7,23574,24818.3,20802.5,26131.3,20698.7,23609,24594.2,23955.9,24690.2,20996.3,22525.1,21977.7,24135.2,20780.1,25522.9,25211.4,22561.3,24208.4,21122.4,24002.1,26281.8,25072.7,25394.8,26351,26473.3,26092.3,21812.2,21832,19851.6,25370.6,20988.5,25076.4,20304.3,23303.1,25495.8,25543.3,26385,22127.7,20758.4,21552.4,25924,25605.9,20015.7,23673.5,23950.2,21331.2,24873.8,21077.4,25831,25343,21751,19765.2,19869.3,22737,19960.7,23881.9,21966,23797.4,24985.8,25380.4,25614.2,24766,29032.8,34030.9
34231.3,30903.7,25236.3,26302,25913.9,23393.5,19706.1,23632.1,19991,22586.3,18773.6,18855.5,21504.5,19861.6,23486.4,23817.4,23788.6,19495.8,21693.8,21123.4,23807.4,22488.7,23374.2,20433.2,19631,23198.6,19221.2,19505.4,24286.1,24357.7,21110.4,19279.6,18478,21106.1,19600.2,18215.1,19459.4,22230.9,17864.2,20003.9,19456.5,17337,19742.7,19392.4,17546.2,21985.8,20005.3,20971.8,23375.9,23734.8,21493.9,18787.8,21312.1,21445.8,17933.3,22384.2,23219.8,23050.2,23306.2,20923.2,23244.6,22012.5,23731,18910.4,18683.6,21344.9,22004.5,22807.9,17358.7,21199.1,22419.1,18209.3,24834.6,24366.5,24043.5,20633.6,20937.6,23414.3,19667.7,18606.3,18590.4,24067.3,21573.4,19357.4,19640.5,21049.6,20948.5,21467.2,19011.8,25102.9,23574.9,22217.2,24328.1,18892.5,24885.5,24584.4,21806.2,18559.7,23262.8,17779.6,18300.3,22328.8,22225,18073.6,20218.2,23784.3,23841.7,17857.4,21024.3,23064.3,19937,19142.8,24308.7,18720.1,18727.3,17935.2,21458.9,23310.1,18355.5,23799.7,19550.5,21375.5,23139.4,22851.6,24131.2,23303.7,21756.7,18965.1,20522.7,24150.8,23296.4,22671.2,21279.8,20250.4,19027,20656.1,17973.2,22852.6,21645.8,21299.4,21812.4,18556,21869.9,22052,22510.3,19814.2,20887.8,23683.8,23137.9,20379.2,22682.9,22454.1,18129.4,19372.5,20127.1,19452.8,19932.7,21855.3,18472.5,20317.3,21797.7,22636.1,22735.3,22318.4,22542.1,22844.4,21659.7,24859.9,23903.2,23292.9,25603.9,23947.8,23402.4,25411.2,20073.6,20984,23005.7,20577.4,24881.6,20985.4,19330,24651.9,21432,22138.6,19904.2,25552.2,26248.9,25444.8,21844,21503.4,22175.1,22015.6,23707.6,19577.8,19472.7,23484.6,24232.4,23565.3,24610.3,23577.5,22414,19553.7,25278.2,23125,24867.7,21330.4,19726.2,21807.3,20778,22736.5,24421.4,20147.7,24571.4,19118.5,20015.7,21719.3,21772.3,22542.1,21388.9,19896.8,24435.9,19617.8,23390.9,19829.5,19047.6,24755,19155.7,20876.5,23204.1,23144.6,22426,20082.7,19685.2,24224.1,20215,19785.1,20782.4,18534.3,19911,19300,24269.7,18521.9,21017.4,19770.6,23655.4,22155,23493.4,22840,23705.4,24817.8,22704,23683.2,24661.8,22841.7,18706.3,19159.5,19919,19090.5,18947,20108.6,19927.8,20898.6,23500.3,18694.5,18965.9,23300.2,20624.3,24371.8,23422.5,20837.1,22021.1,19477.3,18594.2,24540.8,22431.9,21750.9,19403.9,20398,19595.7,23645.9,20667,24600.5,19764.3,19303.2,21763.1,18103.7,20630.5,21073.9,22261.1,17917.1,24307.9,18473.6,22308.6,23038.5,22752,21635,23009.4,19681.2,21430,24037.2,22645,18859.5,22267,22362.4,23482.8,23646.5,23484,19469.4,21737.9,24075.4,23822.1,21942,22437,18612.5,22072.2,21219.7,19014,21362.9,18800,20157.6,24754.3,24379.5,25061.6,22260.4,22988.4,20458.2,20089.2,21697.8,24800.2,24192.9,26355.9,23702.7,26428.9,24989.4,26510.4,24472.6,23970.4,25199,24299.2,24970.6,23197,21448.2,23204.7,26871.3,24638.6,26654.1,22486,22398.9,22746,20096.9,22645.1,19537.4,22823.2,21757.2,22729.1,24913.7,22177.3,24466.2,20202.8,21182.4,19892.7,25305.3,22842.6,24176.8,25715.3,19918.8,19684.4,22814.7,23388.2,23919.2,21054.3,22874.5,22072.6,25433.7,21511.9,24191.6,20758.2,24332.9,20391.5,25350.6,22536.5,25971.3,32150.8,32010.9
34150,27116,29034.9,22200.5,22914.5,25437.8,21239.8,23535,25060.4,21255,23709.6,20569.2,21157.5,20810.6,20237.3,19843.3,22527.5,21709.6,20281.1,23138.3,22271.1,18865.2,21875.5,19024.7,19484.8,23425.3,22186,22002.1,22479,21825.1,22897.5,19587.4,23630.9,22351.2,24011,19634.9,20121.8,19282.5,22417.4,17702.3,21372.5,23673,23741.5,19690.1,22882.3,20108.6,22875.7,19308,18325.7,22377.3,23472.7,21659.2,21107.3,21512.6,23171.4,19435.5,23580.7,23411.3,21324.9,20815.3,18298.3,19377.1,18620.9,22286.1,23541,23183.2,21157.6,21880,17951.9,18495.2,18229.7,21701.8,23393.8,24205.6,20047.9,23768.8,23995,19015.5,22302.3,20100.9,21088.1,22474.5,21416.3,21498.4,20069,19491.8,25016.1,18694.4,24094.7,20165.4,21781.7,19454.7,23897.4,25045.4,18577.3,21660.4,23921.4,22671.3,23237.5,19333,23971.4,21553.9,19350.8,23516.4,17877.9,23121.9,18109.2,22949.3,21350.1,17620.8,17524.6,20217.2,20006.4,19933.8,17746,24055.5,23652.9,17308.1,17209.9,22773,17837.6,23932.2,22953.1,23264.3,22590.1,22294.4,22701.7,24142.1,21141.5,20337,21680,23007.7,21268.3,20796,24993.2,21500.1,22589.7,18633.4,17646.6,21521.4,19749.2,21614.1,19606.3,21194.5,19627.7,23448.4,19147,22658.7,17754.6,17916.1,17665.9,23762.1,19147.6,18982.5,20604.2,19414.2,23964.4,21201.8,22212.5,19812.9,23921.1,19507.3,22780.9,19757.1,19761.9,22486.2,22088.8,19565.6,23656.4,20391,20849.7,21340.7,20158.8,19902.4,19625.8,21610.1,21164.8,22441.2,22921.3,22788.8,23824.5,25671.3,24363.6,22335.4,19848.1,22976.5,23690.7,26011.7,21959.5,25994.5,25261.4,21949.1,23974.3,24065,22928.6,24910.1,23214.5,19340.7,21652.8,19581.7,20330.3,24206.4,24230.7,22736.7,23378.6,22988,20105.2,24312.2,21250,19723,24977.1,19934,22840.4,25148.7,24271.4,21478.4,24178.5,19245.1,21996.8,19971.3,23051,23972.9,20978.4,20885.1,20773.8,24762,25147.4,21031.9,20823.3,24951,24278.5,21151.2,19146.6,23408.6,24458.5,23804.5,22949.1,22135.5,23552.7,22780,18680.7,23276,23053.5,22865.8,22557.2,22407.4,22750.6,20586.2,24672.7,19493.1,20645,22051,20900.1,19526.3,19595.8,22569.4,19495.1,24425.5,20273.4,19171.9,18373.6,22941.6,23570.1,20834.3,21249.2,21670.6,23990,23116.7,23822.6,21620.6,19815.9,18599.2,18677.8,24473.9,22192.8,23007.6,20737.9,22274.1,21916.2,24521.4,18225.1,18532,20686.8,19027.1,23475.9,19109.4,21874.4,23549,18243.8,22064.5,22401.9,23809.5,20161.3,23157.6,19149.6,21462.4,20276.1,19192.8,21100.5,21306.2,18529.5,19595.1,21953.7,21115.2,21364.8,20096.7,19040,23171.6,23125.1,21424.4,22907.9,19362.8,18766.6,24222.6,21578.2,20343.6,24441.5,22527.6,19459.5,20121.6,24718.6,25994.5,25631.5,21867.9,23024.2,19773.8,20998.8,22434.8,22009.3,24861.3,20725.9,23571.5,25784,25803.6,26143.9,24643.9,23175.1,22026.7,24904,20610.2,23330.3,26305.7,25981.8,22441.5,24769.9,23074.8,21659.3,21758,20409.3,21189.3,21778.8,19892.2,23281.9,21195.2,21497.6,21588.8,21053.5,25480.5,23467.3,21441,21522.6,24074.1,23468.7,21698.8,22371.5,22922.1,23003.3,23141,20343.2,22052.5,22088.9,24052,21179.8,25897.7,23386.9,22057.8,19969.5,20311.2,26351.8,26908.5,23079.3,25158.4,26914.6,34548.6
35625.8,28026.8,28222.6,26039.8,21249.6,24480.2,19345.1,23101.3,18775.8,18362.4,22713.9,24012.7,20327.1,21050.1,21284.1,19796.5,23619.8,20157.5,22200.7,18514.5,20981.4,21038.4,22901.6,20865.8,20409.3,21729.2,18976,23824.5,18152.9,22403.5,23031.5,20847.1,18853.8,19224.2,21496.7,18966.9,20018.1,20336.5,18038.1,21370.1,20523.9,18250.1,23550.3,23428.1,18811.7,19589.4,18200,18845.5,17556,22170.8,20296.1,21941,21325.4,23707.7,19372.8,23962,23784.9,22885.3,22755.9,21297.3,20812.4,18947.4,17486.1,17542.3,19332.6,22236.3,23458.5,22650.1,18167.2,17311.6,21102.7,22442.5,21256.2,21184.3,23316.4,21478.6,24021.7,22086.9,23731.1,24494.6,18520.3,23356.3,18777.3,23894.3,18752.5,18854.7,20047.3,18560.9,21111.2,23877,23570.5,22628.6,22013.4,20552.9,21164.6,18409.1,20274.6,21238.5,24158,20446,18565.6,19831.9,24091.4,23167.1,19320.7,22812.7,20837.5,22373.3,22447.5,19395.1,22759.2,18958.9,23694.6,18131.5,23638.9,20044.5,18934.9,20690.6,21113.5,22314.1,20142.9,17844.1,21355.1,18016.4,21221.1,18286.6,23189.8,20870.4,23909.8,21682.2,20771.5,20159.4,22022.3,22943.4,20010.9,20505.9,22220.1,20904.4,17557.7,20199.6,18120.7,22739.4,23696.9,18899.1,17806.6,20979.7,19645.5,18961.9,21805.6,22650.4,20102.5,23027.2,22515.6,22565.8,17671,19728.1,21225.8,19114.5,18169.7,22565.8,21260.7,22475,19700.8,22865.5,24171,22265.7,21078.7,23759.5,21343.2,23576.5,19618.6,19847.6,23734.5,21486.4,23444,25479.4,20446.1,24224.8,20107.1,25169,25012.7,22189.5,23881.2,21224.2,22838.5,21273.6,22010.4,24987.7,21962,25283.1,24829.8,25647,21944.1,24065.1,22054.8,20960.5,20988.2,19485,25322,24611.7,20782.2,21700.3,22784.8,24723.6,24498.1,20241.6,24506.8,19180.2,19649.7,24142.6,19320.2,22154.2,20672.3,22713.8,19593.6,19133.3,23061,22709.2,20443.1,22283.8,23407.8,24206.1,23712.7,18842,22434.8,20877.8,24668.9,21091.9,21795.9,23432.6,23786.9,23339.6,19297.9,20355.9,21856.7,24872.4,22254.9,21438.3,20822.4,24572,19878.1,24239.8,24792.5,22185.4,23167.1,24718.9,19415.7,20796,20464.1,20947.6,20113.4,21877.8,20487.4,20136.3,23223.5,20434.7,19342.2,18498.4,20029.1,18425.2,18709.5,19291.1,22521.9,18166.9,24346.7,21768.4,23444.6,23432,22587,22777.5,20118.4,23799.6,22534.4,21690.5,19887.6,23414.6,18953.9,24164.3,21450.4,22549.7,20468.7,19596.5,17812.2,22660.6,21927.7,21306.7,20177.3,21906.3,23237.1,18369.1,19799,20736.5,21519.7,21651.9,19513.8,20018.7,24052,22266.3,22017.1,18680.3,18396.4,21153.8,18773,24020,19499.9,20251.5,19417.8,22734.8,24141.3,20042.4,23904.5,22489.9,24854.2,20681.9,22564.1,19350.2,19742.7,22241,20688.2,19765.5,23364.6,21608,21986.3,24686,22242.5,22409.6,23364.8,22426,21485.1,24688.3,24084,26756.7,26669.6,21972.3,23177.8,23064.5,22752.6,26140.4,20339.5,20286.5,22369.3,25296.9,22044.1,20566.8,20542.1,24256,21630.5,25869.7,22035.8,19753.2,22040.1,24797.7,21440.3,20198.4,24570.4,22657,23923.3,22262.3,25803.8,20389.6,19581.7,24547.7,21924.8,22990.6,25858.4,24201.8,25457.5,22080.3,25227.6,21614.8,21957.9,24423.3,22358.6,20200.8,21234.1,20860.8,20254.3,24812.3,23618,20768,27988.4,30489.4,29837,33115.6
36769.9,30497.3,24755.8,21953,21574.5,25518.4,23389.7,23107,23689.3,19850.9,22099.6,20306.6,20301.3,23598.6,19376.7,23037.7,19910.8,22831.4,21353.5,21960.6,18933.5,22704.4,19547.9,20917,23380.7,21689.7,22862,21057.7,20205.1,17974.2,20990.9,17930.3,21288.2,24210.3,23772.7,24269.8,23589.4,23161,17883.9,23139.3,20675.4,23397.1,22384.9,17584.4,23837,18013.4,23764.8,21192.7,18167.8,18307.3,19611.3,21849.6,18679.6,19114.4,21196.1,21013,18286.6,22176.8,20647.1,18360.1,23367.2,23102,23248.8,21113.6,23742.7,20288,18018.1,20963.1,18545.4,21594.7,22528.1,21185.5,21312.1,23733.4,24075.5,20235.3,19344.6,21616.5,21953.8,20957.3,24352.9,24883.3,20578.9,20846.9,18730.5,23519.7,21387.2,19158.6,23439.1,21806.7,19688.4,18718,24129.3,20224.4,19485.7,23663.2,19875.8,24581.5,24043.2,18169.7,21481.8,20667.4,20623.7,17800.3,22333.7,19018.3,24115.5,19946.1,22943.5,24176.4,18101.5,21114.2,21205.2,18636.1,24015.4,23924.6,18905.4,23893.3,18830.6,20363.9,17394.2,19220,23771.6,23153.7,21558.8,18752.5,19198.3,20766.2,22499.5,19449.8,23544.2,21677,21659.7,23315.6,19912.4,24639.1,22157.6,22564.7,23211.6,17959,19255.6,19457.1,19023.4,22983.2,21908.5,21818.6,19420.2,23744.4,22675.6,19229.3,19630.7,24049.7,18020.7,21839.3,18419,18083.8,20298.2,20368.9,18407.4,20461.6,23032.7,23579.9,21700.6,21373.4,18993.2,18561.7,20512.3,25047.1,20282.3,19151.6,22080.3,25382.4,24647.6,25372,23298.1,25771.7,23269.8,21052.8,21646.5,25731.1,19401.3,23008.8,21652.9,24319,20658.6,20011.6,24666.4,23906.2,21341.7,25177.4,22965.9,23484.4,21877.2,20995.9,24945.8,23588.5,23481.3,24267.4,24239.8,20349.3,23568.2,21046.4,25481.3,20668.5,24751.9,25512.2,20662.6,21941.7,24914.9,25046.1,24768.9,23342.4,21379.4,20499.9,24020.9,21524.9,22756.4,23752.8,23743.2,23805,18698,19092.8,22089.8,19273,22071.6,19863.8,19190.3,22705.4,19437.6,22330.3,23696.3,23967.3,23723.8,23612.4,19026.6,20721.2,20696,19365.9,21470.4,21378.2,19690.7,22393.8,20374.8,24388.9,24911.1,25397.3,21499.2,19938,22299.4,23129.1,25632.4,19998.6,19600.5,19620.9,24401.7,21642,19493.3,19358.7,22113.4,22925,20893.5,18181.9,22165.9,23475.1,20232.2,19622.6,18886.2,24207.9,23294,23817,22155,24075.4,21517,23215,18972,22500.6,21657.5,23796.8,24047.9,18681.3,22245.1,22748.3,20194.9,20272,17771.8,18832.7,20066.6,19769.7,17693.4,19985.5,18140.6,20508.5,23391.7,23246.4,18187.6,18619.6,24235.4,20035.4,19746.5,19702.8,22750.2,19954.1,22736.1,20123.8,20206.1,23045.3,19125.2,21373,24590.8,18598.5,22306.5,24209.3,24000,18714.5,21249.3,21689.7,21697.3,21138.1,23721.5,21217,20863.8,19670.8,24640.5,26049.5,25517.6,24620.6,24287.1,25778.8,20723.9,23897.7,22217.5,23188.2,25389.1,22871,26528.6,25337.3,22937.6,22371,22600.2,23388.1,22910,26229.4,20549,22479.1,26721,26322.6,22098.8,21531.1,20285.8,24333.2,21622.7,20202.9,23247.5,21133.4,23607.4,20922.8,24946,20835.1,23566.1,23974.4,19754.2,20501.9,22225.4,21285.6,24548.9,24695.6,21079.5,21115.1,24051.8,21513.6,25865.3,20459.3,26107,21661.5,21509.7,25950.6,20978.4,24915.9,25965.8,25708.6,23942.2,23682.6,30411.7,32584.3
35097.5,30439.5,26143.9,26310.3,21970.7,20607.6,20885.1,22959.5,20706.6,19101.6,19861.4,21035.9,19031.5,23055.1,21592.2,19594.4,19587.7,21917,22644.2,19160,18791.1,18844.1,20943.8,23228.7,23290.4,24151.3,20737.7,23576.1,20356.7,23917.7,22428,18969.4,23905.5,20919.1,19364.6,20630.7,19301.2,19251.5,19134,19935.4,22495,18058.2,23687.5,17684.6,21048.3,18784.7,20232.7,18835,22306.7,23714.6,20867,18781.1,23579.8,20453.2,17658.5,23381.3,24126.1,21231.7,23746.6,21188.6,18638.9,21896,20381.4,19401.1,23963.3,20339.4,20206.2,21671.9,23267.2,21097.2,20582.1,22485.2,20993.9,23790.9,24049.8,23218.8,4662.73,25108.4,20271.2,22828.6,24519.2,22197.2,20210.9,19839.9,20347.7,23834.6,23655.5,21294.6,18938.1,20988.9,21318.7,23757.6,18946.2,18809.8,20860.1,19396.7,24153.1,23295.1,20536.8,18604.7,20283,20808.7,18096.4,24188.9,20817.1,20273.8,20050.2,20248.6,18873.9,24016.9,20027.4,20649.1,18827.5,18275,20515.2,20978.4,24111.2,23986.4,22779.3,18848.3,19656.3,17638.8,22428,20179,22965.2,22062.5,20546,20738.1,19950.6,19784.6,23165.9,22767.6,20749.7,21093.9,22818.3,18859.6,23087.5,18856.6,19591.3,17855.9,18213.8,18946.9,21815.6,22346,22963.1,19489.9,21669,18404.7,18267.4,20478.7,18235.3,22009.9,19731.3,21057.9,18722,22165.2,18357.5,19883.3,19656.1,22282.7,18505.2,20906.3,24025.4,18922.6,19900.6,23167.5,20879.2,19447.7,21819.2,22902.4,25254.9,23431.6,21485.5,20372.8,20944,19884.7,22957.7,21647.7,19833.8,22051.9,25676.4,21529.7,24522,23055.7,21869,25803.4,25681.1,24382.7,26102.6,22122.2,20463.1,20072.7,20458.9,23010.5,23357.8,21797.2,23055.7,25317.1,22519,25066,21582.4,19996.9,23701.6,23128.4,25438.2,22953.9,23158.5,22808.5,24906.5,24869.5,25839.6,21557.9,20015.4,19107.5,21025.4,25502.4,21914.4,19035.3,20590.8,24125,24443.1,20501.6,21241.8,21120,20982.8,19364.8,23275.5,25320.8,24358.2,24988.9,19632.9,20111.3,24564.6,19306.4,24010.2,24520.4,21838.5,23409.5,18956.2,20633.3,20965.6,24408.5,23106,22231.3,23359.3,24134.5,22664.3,21503.1,21896.3,25667.3,24120.2,19986.7,19340.4,21500.4,18700.1,19023.4,21339.1,23993.9,18696.9,20469.8,18723.3,18715.5,21414.2,21625.5,20286.8,18893.9,21204.7,24272.4,24839,19254.2,19338.3,19642,22181.4,20615.5,19445.3,19566,23397.1,21313.5,18526.8,22319.8,20884.9,18078.7,20272.7,18948.1,18036,21658,21438.4,23351.2,19725.9,23467.6,22843.7,23951.9,18581,21980.6,19447.2,20832.3,18830.1,18331.5,19128.8,19084.4,19201.9,23854.7,23580.7,19539.2,21746.8,21879.5,18002.1,22514.5,20082.5,20390.8,24542.2,21946.5,20595.1,19870.6,24587.4,23841.8,19976.8,25106.1,20602.6,21362.7,23414.2,22935.7,21421.4,20905.5,20168.2,23728.5,24669.6,23774.8,25923.6,21477.5,23290.9,25812.8,21571.7,21314.4,26602.2,23201,24513,25286.6,19894.1,23392.9,23980.3,24918.8,23882.1,25988.8,20991.5,23456,19853.2,21657,23788.2,26022.9,21277.8,21237.8,21313.4,23646.5,20477,22134.3,22441.9,24622.4,23212.2,26138.4,25518.8,20392.6,23829.3,25386.9,23521,21791.2,21932.8,23836.9,23225.4,22018.8,22511.1,22781.2,24000,20130.3,24334.5,23356.2,21152.6,22351.6,23039.2,21908.1,26540.5,25885.9,29583.3,36255.4
31604.1,29120.3,24399.2,26334.7,25576.3,23888.7,25253.7,19394.8,20582.5,19406,19637.8,18198.2,24443.8,20409.4,22651.8,18880.7,23483.2,24151.7,21061.4,21710.8,20212.7,23466.4,20782.8,19694.2,23331.2,24204.4,18546.5,19726.4,22191.1,21748.7,19959.9,20275,23187.4,18551.9,23637.4,19232.5,19519.3,17802.1,18533.8,22343.1,20992.3,22479.1,20612,22312.1,17707.8,19090.5,23322.8,21795.5,21730.5,18584.2,21284.6,21516.3,19242.5,20708.7,20723,18298.9,18367.9,20747.8,18616.1,22394.6,20740,23005.7,19339.4,19832.4,18439.7,17947.2,20865.4,21482.7,21021.3,21404.4,21667.7,22496.9,18744,23054.1,21429.6,24859.4,24968.3,19487.2,24368.9,23323.1,20140.3,23130.8,19587.5,24907.7,20245.5,18287.6,19416,18948.3,20367.9,22633.4,23967.8,21688.7,22793.4,21437.7,24181.2,19443.1,18445.3,23087.5,19599.1,23728.3,23562.3,20932.7,23902.9,20032.6,18738.2,23323.6,17719.2,18964.3,18308.3,19144.9,20790.2,22417,20577.6,24305.5,20375.5,20788,20569.5,21850.9,20137.2,21853.5,21555.9,19408.9,22891.4,19582.6,18803.2,19384.5,24152.4,20202.2,22300.4,20036.3,23956.3,19537.3,23733,24737.1,24383.4,18341.4,20201.9,19549.2,17293.2,21269.4,23807.4,22424.8,19507.5,18916.5,22096.4,18401.3,23477.5,18863.1,21154.7,20043,22559.2,18354.9,18916.6,18851.8,15893.8,17437.3,23889.3,18207.7,20296.9,19738.4,23453.8,20081.2,23068.7,24690.7,22049,24597.4,22531.9,20294.4,23117.5,23958.5,19718.6,24752,21970.8,24398.7,25159.8,20094.2,25362.5,24641.3,19566.9,24098,21292.8,24324.1,21087.6,24806.4,23648.9,20731.9,20123.1,21766,24546.9,20348.2,22881.2,22949.1,25305,24146.2,21339.2,23672.7,23131.9,24952.6,25702.1,23389.3,22291.9,21895.1,20966.8,23019.9,23963.3,23376.6,23402.6,22873.6,24393.7,19863.7,23931.7,24320.4,23651,22197.4,19579.2,21657.9,21513.3,24648.3,21432.5,20962.4,24715.6,24401.4,24609.4,19540.1,24894.1,20787.6,19969,19002.3,21329,24540.8,22780.9,19463.7,21866.7,23348.6,22774,21653,21150.6,23397.3,21333.5,22518.3,19618.9,24193.2,24111.7,19003.4,21437.1,18804.2,19086.6,21977,22419.3,21822.4,19740.6,25227.2,21714,23755,20557.8,23677.8,22965.7,19852.2,24711.9,20427.9,18692.3,22620.9,24387.9,22870.2,23328.4,24159.3,24127.6,22385.3,18922.7,21865.5,19367.9,23501.1,19163,22644,19805,21652,22073.1,25261,23478.1,20937.9,24199.4,22918.8,21948.2,22234.5,20759.2,19051.1,23710.5,23601.5,23747.5,23988.8,24408.1,20208.1,18024.9,21601.5,21488,24607,21949,21548.8,18722.6,20020.6,24380,22620.4,21623,18436,21937.8,22101.8,23110.8,24073,19144.8,20693,22644.5,24907,24693.3,23522.9,21237.9,21173.5,21466.4,25564.4,23003.7,19867.1,22201.7,21389.2,22506.9,19753.9,25580.3,22303.4,23765.8,22070,22500.3,21864,25522.9,20577.6,23720.2,21041,20458.9,22998.1,26628.1,25764.6,23803.1,24663.8,26047.8,22862.3,21755.8,21675.9,20137.5,25888,25615.3,21908.8,25164.1,26239.3,22994.7,21364.3,22301.6,25816.6,25955.1,21636,21506,21521,25204.8,22447,25649.3,22884.2,20650.5,25332.7,23388.7,23054.4,23762.2,24958,21332.1,23660,20588.1,20637.1,26251.6,25027.2,23654.6,21856,25348.7,25017.3,20930.7,25246.7,23541.4,29136.6,26834.3,35907.1
31618.8,27485.4,27789.6,23453.4,26795.9,22140.7,24055.6,20298.1,23421.9,21343.4,20376.5,20862.8,23601.4,19226.2,19763.5,23468.8,18546.5,20239.8,22904.2,22472.8,20109.4,21616.6,20898.9,23652.3,24168,19629.7,20029.9,20730,20178,19977.2,23609.7,21240.9,20957.9,19669.2,22308.5,19398.7,20301.1,18837.3,19069.3,22048.1,23806.6,21497.3,20179.4,21652,20950.4,22940.6,22484.7,17970.8,18339,20465.9,19440.5,22940.3,23826.1,23049.2,18738,22911.7,19762.2,21997,18210,17957.1,18589.7,22210.3,18399.4,21887.8,24115,21200,24495.7,23144.4,23778,21589.1,21480.8,19682.8,24744.1,20808.2,18045.6,23176.4,25116.4,23146.3,23311.9,21844.3,24187.3,20288.4,23870.5,22987.6,21317.3,18750.9,22507.7,23061.7,19585.8,18767.7,22954.5,23533.8,20555.6,19609.9,20944.3,23125.5,22854.3,19998.9,18311.3,19511.3,19096.7,23508.8,22978,24363.4,20101.8,19281.9,23051,23287.2,18267.7,22697,18201.2,22336.9,23209.9,19064.9,22831.1,19604.7,24142.2,22081,21232.5,21761.5,18370.6,23794.8,18579.5,23322.4,22820.3,18940.7,23074.6,24085.1,25108.8,19491.2,18871.2,18728.5,21207.6,18971.3,22953.6,20498.6,24145.8,17595.2,22416.5,20276.6,22543.2,20833.8,22824.2,19324.9,23527.2,23210.6,20148.7,19831.2,20245.7,20112,22738.3,20645,22583.3,23181.5,19464.7,19535.6,18506,20052.5,20760.2,20492,23756.4,19445.8,18611.2,21998.5,22429.9,21086.3,21707,21203.3,23786.6,22254.9,20808,25152.1,24037.5,22554.8,22085.8,23920.4,24833.4,23464.4,23992.7,23261.2,20236.2,21546.9,25253.7,20182.1,22436.2,21492.1,22267.2,25512.7,26394.8,22676.2,25277.6,20185.4,25461.1,24809,21552.3,26091.6,23258.6,24913.7,21860.7,20585.6,20093.7,25113.8,19921.7,22689.1,23593.1,23790,20760.9,22980.8,20035.4,19598.1,20244,21292.9,21451.7,21668.7,25302.6,23994.6,21194.5,21911.2,23800.9,21592.7,21684.2,19214.1,19188.1,23466.8,23130.2,21845.4,20460.4,19211.9,19608.1,20580.1,23759,24461.4,19054.5,21219.2,19609.3,20563.8,24056.5,23151.6,20041.1,22517.3,23355,22498.4,20048.3,20835.8,19227.9,24480.6,22496.8,20175.3,25644.7,24949.4,19732.7,21915.3,24369.7,20861.8,21163.9,19587.2,22936.7,20248.5,19563.1,22354.5,19410,23258.3,23009.1,20484.7,22346.9,24175.4,22160.4,22566,18743.1,23756.2,23551.2,24091.3,22903.1,20227.8,25110,19495.2,23828.2,19874.2,23688,20560.5,23514.1,18450.8,18741.2,20111.8,22967.3,19965,22107.8,24220.2,23387.3,18889.1,20643.8,19578.8,20752.3,21985.2,20633,23129.8,20093.4,23269.6,17857.6,23801.9,20895.5,22576.4,22093.9,21212.4,22842.4,22108.9,18848.5,22583.8,23357.6,24328.8,23214.3,24883.9,21240.5,20483.8,23494.6,19598,20094.8,22133.2,18642.9,21611.6,23052,22673.8,21606.3,20753.5,23808.7,23020,22135.6,24005.5,22459.1,21729.7,21791.7,20253,23076.2,23445.2,26665.4,20266.9,21002.8,20683.7,26591.3,25363,23526.1,22505.8,26090.7,24880,21800.9,25739,23147.4,22515.5,23365.7,20849.5,23186.1,20063.7,23162.7,21652.6,23398,24780.9,22599.3,22735.7,23689.5,24159.8,20762,19638.3,24462.1,20762.8,23186.4,23039.8,25223.7,22520.9,25179.3,21705.1,23396.2,21665,24041.9,21324.3,20272.5,25922.6,21741.4,26400.9,22072.3,21201,22142.5,25383,30926.5,33595.8
32032,32243.6,25224.9,21608,20784.6,20274,25258.2,20719.5,22274.1,20468.5,24656.2,21840.9,23097.7,24343.9,19757.2,23136.5,19544.4,20228.5,23508.9,18284.1,22400.4,21769.3,20558.5,19598.3,23101,21873,24355.6,19315.6,22012.9,23665.6,24240.8,24050.3,23020.6,22535.3,21971.9,22807.9,19869.9,24180.5,21086,19130.6,22438.3,21075.2,21625.1,21391.9,22678.7,21452.1,18721.2,20931.6,21413.9,17742.4,20270.4,22509.8,19048.5,17939.1,18912,22991.2,20498.1,19233.9,21001.7,19354,17579.4,23882,20340.7,23102.6,23608.8,21234.3,20814.4,19716.4,18459.8,19943.9,19154.4,22809.8,21542.9,20993.1,22604,21184.3,24465.1,20723.1,18943,24427.7,24969.1,24754.4,18940.9,18707.3,25024.3,23558.1,23526,18623.4,19150.4,24191.4,19636,22127.5,24496.7,18627,19088.6,23939,18463,19883.5,23282.1,22144.3,20416.7,22090.8,18302.5,21931.7,21714.9,18475.9,19334.5,18952.9,22781.8,23532.3,24535.7,19862.9,22071.6,20165,23365.1,20224.7,23410.3,21018.7,23423.5,19690.3,23305,19966.7,23995.2,19975.9,21052.6,22891.6,18391.8,20627,21323.6,24361,21300.3,21238.8,18763.2,18757.7,22795,19674.9,22341.6,20534.8,19657.3,20386.3,20484.8,20135.8,18097.8,20302.1,18021.2,19137.6,24230.4,17900.9,18120.1,19587.4,19174.1,21769,22898.6,20760.5,19521.7,22572.5,19168.7,19807.2,24297.6,20171.6,22057,23772.9,24454.1,22145,24496.3,18829.3,22235.7,19023.8,19712.9,22952,19699,22647.5,25791.5,23147.1,25373.3,23513.1,24179.5,22338.8,20354.8,21665.6,24499.4,24118.8,22140.4,25727.4,25758.6,22701.5,24492.6,20081,22665,21560.5,20161.8,25576.9,24664,21300.3,23902.3,21604.9,23803.9,22859.2,19881.5,19960.9,19533.5,24962.9,23542.4,22328.1,24438.8,23220.5,23073,23916.7,23139.1,25732.1,25511.9,25791.1,21136.7,21944.2,19744.7,24870.3,19825.6,24654.8,24960.4,20711.7,20871.9,23024.1,21833.3,19004.8,21895,21768.9,23303.9,22041.1,23761.4,23211,22312.3,18833.3,20954.8,22291.7,24953.8,20594.9,19166.7,19406.6,20427.3,21793.8,21129.3,23060,18677.6,22146.3,21956,22193.4,19240.6,21254.9,23962.9,24612.3,19536.5,25583.8,20497.2,21425.9,23357.5,25392.8,22883.2,19994.7,19224.5,23948.3,19438.8,22158.7,18220.1,22550.2,23534,23577.8,23158.9,21358.4,24584.6,20860.6,20994.9,19800.4,18936.6,25101.9,19732.2,20210.8,25077.3,24777.7,24580,20988.8,21320.6,22698.1,23840.8,20955,18616.3,22154,20392.9,21457.1,18011.3,21866.1,24271.4,23100.2,19402.9,22619,19006.4,23687.6,19012.4,21731.8,22753.2,18255.7,22548,20664.8,24580,20612.6,20245.3,23399.3,18375.9,21546.9,23519.7,22263,22680.4,22204.3,21132.7,22625.9,18557.8,21317.1,22595.4,22950.2,20460.8,22757,20885,21282.9,20248.5,24419.8,23111.5,21661.7,21456,24263.5,22754.2,20058.7,23046.7,24434.1,21256.1,22251.3,25532.2,21562.3,20349.2,22696.9,23241.5,23996.7,25935.3,22950,22418.9,21247.4,21858.6,24508.9,23325.3,23274.1,23092.2,26136.7,23386.9,23568.3,21357.1,25364.9,24415.9,25024.7,21582.3,23075.5,25913.9,26238.7,25590,23797.1,24600.7,22760.3,19349.7,22328,25697.8,20271.6,24043.9,23073.2,20662.7,25295.4,19520.8,24161.9,20813.8,23382,21540,24084.5,22109.1,26229,27432.3,28719.7,33146.7,35746.2
32578,26074.9,24923.1,24269.4,25079.7,20502.6,20515.8,20560.3,24032.5,19456.7,18766.1,20020.7,20843,22872.5,18634.8,18920.6,23616.7,20188.6,24068.4,21797.9,22568.4,20716.3,24000.1,23808,22613.5,23666,23624.8,19783.7,20819.2,24214.7,21486.5,21509.9,20083.8,22464.1,23819.6,18241.8,18157.7,19127.6,20418.9,23311.7,23109.8,19989.6,23280.7,21017,19395.4,18225.2,17631.7,22947,22762.6,19936.4,18538.8,23691.2,22616.2,19221.9,22981.7,19484.1,21684,21880.7,22098.6,22363.1,20048.4,19790.1,21887.9,23471.4,24181.3,20716.7,21532.3,18723.5,21480.6,18689.2,23596.8,20458.2,21340.1,23526.3,23872.2,20818.7,23692.7,21420.9,23883.6,21761.5,24633.3,24885.5,20343.7,22312.4,24173.6,24534.2,22953.6,23613.2,18694.5,23836.9,19444,23353.4,22575.4,22455.8,23465.7,23264.1,20360.1,20821.7,18771.8,18827,24797.3,23096.3,21169.7,22082.9,20245,20052.7,19134.2,22339.5,20322.5,22999.9,23781.9,18405,19406.5,23966.5,18761.3,18473.6,21436.4,18494.3,19991.1,22795.2,21912.7,20481.6,21844.1,19862.6,18352.3,19545.6,25162.3,23979.9,24398.7,25297.6,22227.8,21186.4,24668.4,25587.3,24382.3,19419,24191.8,18872.1,20559.6,21703.5,23600.7,21953.4,18461.1,20739.1,23673,17662.5,22094.7,21316.6,22980.2,20672.3,24349.8,19785.4,19240.9,22100.2,20979.3,21984.1,21751.9,21060,23989.4,19537.2,18650.6,23163.1,20347.7,22047,20565.6,23979,21679.7,22127.5,20270.5,20369.9,22079.7,22339.7,24961.3,20558.7,25223.7,19576.2,21166.1,21000.4,24328.1,20258.5,21879.4,24885.3,24688.2,20233.9,24983.4,22600.3,21044.3,25167.4,24826.1,22055.7,24753.9,22619.1,20255.9,26133.7,21837.7,25063.1,26323.6,20693.3,23867.7,24056.6,22422.4,21950.6,22927,26315,21043.2,20548.2,19645.1,25606.9,20888,24320.3,21182.7,20772.2,22256.5,23438.5,21472.2,19201.6,23411.3,21475.4,22306.5,22443.6,19884.6,23282.3,21782,19328.2,25243.2,20268.5,22900.9,22368.4,24751,22674.4,21566.8,21596.8,22427.7,20932.7,21650.4,19358.1,19823.3,19720.8,18772.6,19318.9,20717.8,18702.9,21508.7,22182,22911.1,20623.3,23436,22692.4,25848.2,25938.5,20201,24243.7,22330.2,23305.6,24860.5,24290.7,25221.7,25080.1,20794.5,22852.5,20967.1,21982.4,18498.6,21597.2,22397.3,23951,19754.3,19662.4,25558.3,25320.6,19078.1,25331.9,25215.5,23530.2,24169.7,24526.8,25039.4,25387.9,22058.1,22790,19348.3,22515.5,22454.7,23731.5,20320.6,23644.2,21546.8,19177.7,23262.5,21535.6,23655.8,18730.1,22513.6,21762.2,18594.4,23163,20622.2,18593.4,20703,19757.8,18564.5,18376.6,19202.1,21170,18383.8,24001.9,18015.8,21621.5,22928.7,21243.1,22941.8,18653.4,23863.2,19375.9,22585.2,19811.2,21889.4,18907.5,22978,24278.4,24407.3,25468.2,24579,21461.8,24894.9,26171.3,24201.4,25399.3,23457.9,26208.9,24706.6,20427.1,20056.3,21869.5,23667.2,23890.5,23030.9,21979,19878.4,20854.8,22961.9,22332.7,20602.9,21051.8,26171.9,20308.3,20821.2,22822.3,23405.4,24441.4,22236.7,21994.4,20059.8,21702.6,23418.9,21700.9,20326.7,25877.3,20860.6,20543.2,25470.2,25291.1,20279.3,22473.8,20053.6,20714.1,25125,22353.3,22197.1,21355.9,21913.8,20213.6,20708,23270.6,24178.7,25393.2,20360.1,24679.4,24877,23407.7,22167.7,26803.3,27696,32175.4
35089.7,31851.6,25655,27182.5,20843,20018.3,21615.9,22480.9,18698.7,21178.9,20152,22731.2,23524.4,18351.5,22458,22947.6,20101.6,23752.4,23975.5,20771.5,23183,19823.3,23456.3,23828.7,23897.2,18272.1,18851.6,22703.3,22487.1,21425.2,23938.4,22719.1,20488.5,23828.7,21570.2,23505,19900.8,22395.2,23996.6,20179.5,19160.8,18416.1,21460.7,19832.2,17925.5,18718.6,23821.2,22480.2,21877,21392.4,20272.3,20572.9,21811,18728.5,22599.4,17782.3,22336.9,23365.5,23475.4,21819.1,18823.5,23557.1,21769.8,22799.1,23906.7,20616.3,18969,23692.6,18854.6,22073,18887.7,24294.1,23830.1,18843.7,24645.7,24139.5,22068.1,23404.3,23822.5,19371.3,22152.1,22257.8,25052.2,20563.4,22516.3,18587,23310.7,22566.6,18752.2,22597.3,24191.4,22284,23287.6,22490.5,22731.7,24869.2,18777.8,22255.7,23971,21267.1,20446.6,20528.5,23346.6,20853.7,20521.2,19782.6,21863.8,19327.8,24259.2,18621.3,22862.1,22540,20885.3,20010.4,19736.1,21944.4,19288.2,21918.4,18779.4,21245.6,19378.2,22977.5,21816.9,19431.2,17877.2,19269.1,21435,22431.7,20229.8,25014,21494.2,23011,24287.5,18896,19021.1,18936.7,20087.2,17812.6,22988.1,22495.9,20795.7,19248.3,19477.4,24012.6,18202.2,22775,20942.3,24100.1,18194.3,22631,24077,23598.6,23573.1,22892.3,20323.5,18743.4,18900.4,18069.3,17924.7,21380.6,20644.5,22252.4,18994.5,24106,19278.4,24448.3,21533.2,19158.1,25371.6,20798.2,24712.1,23915.5,22793.9,25942,24316.4,19774.1,19412.8,24101.7,25638.1,20062.2,23092.7,20161.3,24628,24599.1,25434.6,25842.4,23875.5,24459.6,25393.9,25860.2,23306.1,20883.5,23461.2,25487.5,24410.5,23870.9,21004,23754.1,21389,21489.2,22782.7,24309.4,19556.1,21039.8,20208.2,20848,20654,23322.6,24430.8,24470.3,23153.7,23690.7,26062.3,24575.4,23132.7,24769.5,21112.6,21863.8,24547.4,23916.2,22034.2,20224.5,22688.1,24268.8,23791.6,25341.8,19431.8,25247.6,22643,23672.5,23497.6,20559.4,23960.4,20277.2,20862.2,22063.4,21815.7,20907.5,20139,23261.8,20400,19783.4,22108.2,22478,20592.9,24055.8,22575,24906,21167.1,20396.6,20510,20403.7,21787.7,25603,19904.7,21443.1,22684.4,21255.6,21440.2,23276.6,19719.5,20724.9,19642.2,21530.5,24482.3,21818.4,24445.8,20282.5,20541.4,20577.1,23870.1,20319.9,19975,22199,23012.4,19152.8,22519.1,20097.6,20418.9,19115.4,23885.5,24224.7,19960.1,20542.3,20109.1,24739.3,21137.9,23280.1,20723.9,18429.4,19277.1,23798.5,23350.7,22777.4,21727,22420,24044.1,18459,24007.8,23732.3,21447.6,24186.5,21028.1,23284.7,22229.3,18238.7,24382,23064.5,23291.4,18414.8,23369.5,18637.8,20040.7,19896.9,20374.1,19796.6,19327.5,19847.8,21152.8,21836.3,24451.2,19253.7,21596.1,19473.7,20691.3,19473.1,24604.3,21735.1,21364.6,22461.3,20431.9,24840.7,23953.2,25929.7,23808.3,23420.6,24921,26182.4,26140.3,23778.1,22582.7,22260.3,24395.7,26165.2,23516.2,23744,21896.6,23426.3,24367.3,24701.4,24896.2,23757.9,19535.8,22893.6,22972.1,23561.4,22312.8,22717.1,21981.8,21690,20140.7,23263.5,20593.1,21297.8,23369.4,24839.2,19117.6,19114,25944.3,23250.9,22356.6,24731.8,24732.1,22234,25505.8,20534,25393.8,20506.3,23022.9,20699.2,25707.3,28285.5,27107.9,36065.4
32456.5,30755.7,26167.1,23070.6,21688.7,21053.9,24683,19689.7,19809.2,23040.1,21812.5,22017.6,22632.2,20006.2,21369.1,24181.7,21014.6,22298.7,24644.2,20718.7,23824.6,23023,20371.5,22799.4,19112.2,18693.7,22215.7,23670.4,20952.9,18327.8,19184.2,24030.1,19788.1,23386.5,22008.3,22052.3,20866.5,18694.8,20330.8,20460.9,20478.9,23190.5,22185.2,21765.1,17975.4,19058.9,17838.7,21321.7,23003.8,22441.8,23482.3,19208.6,20132.9,18689.9,18311.8,22900.5,18126.6,24111.8,21103.8,18292.6,18524.7,18377.5,19444.2,23696.5,22652.6,19499.4,21164.8,22189.5,24531.1,23202,23220.7,23422.8,20896.1,21211.6,19248,22834.1,22074.7,23196.6,19321.2,24780.6,18971.9,21992.1,21405.2,22100.3,20504.3,19195.9,21205.1,21393.9,23063.2,23441.8,21271.4,21378.2,24531.8,20791.6,24019,23039.8,21935.5,20090.1,20541.5,23654.5,21852.2,19163.9,24446.2,19726.8,18399.3,23309.1,20386.6,19356.1,21903.4,19068.4,19170.9,18753.7,24768.7,22749,22787.1,19175.8,22033,18085.7,22007.7,20449.1,20558,22831.9,22981.7,19718.8,21925.8,19428.3,20296.9,25192.1,25112,19749.6,23831.7,21203.3,20117.5,19959.5,19953,22103.2,20580.6,22395.8,20475.6,20367.4,21161.6,21306.6,18125.2,20600,22311.6,18556.9,20338.6,21837.3,20166.9,22153,22705.8,20351,22661.2,22836.6,15771.1,23194.8,21130,22681.8,22100.5,23404.7,18994.1,23719.9,21411.6,18625,20970.6,22330,23434.9,22180.9,22530.1,21702,23211.2,26012.7,20065.5,20432.1,25641.3,25282.6,23558,25929.7,24922.1,20391.7,21521.7,21932,20871.9,24508.4,25708,20575.1,21846.8,25223.4,23610.4,23133.3,24249.9,26284.6,22580.6,22832.4,23252.4,22650.9,20400.1,20115.4,26066.9,21248.7,23672.2,26047.5,23577.9,23539.7,20945.2,21577.6,21763.8,20634.7,20241.2,25621.9,21870.1,20951.3,24314,24160.8,21818.3,25515.9,24148.1,20739.1,24278,19583.3,22305.6,22631,20260.6,23988.3,23456.2,19913,19393.1,24695.2,18941.3,22466.6,19694.6,20480.2,19122.2,19745,23510.1,22368.2,22420.5,20997.9,19348.6,23160,23519.2,19940.8,23244.6,18564.4,21662.9,21317.9,21296.2,23026.4,22233.8,24922.2,21735.1,21713,21607.8,19893.3,21849.9,21236.9,21676.9,20976.4,19375.1,20284.1,19997.3,20354.9,18821.5,24513.4,23020.3,23677.1,19529.2,24853.1,25828.5,22956.7,19087.7,22307.5,25550.8,25689.5,20285.6,22676.1,20571.7,21879.6,24711.9,24871.2,22405.2,19262.6,21252,24779.8,20041.2,22927.4,22698.1,23103,24083.2,20665.3,23205.6,23362.5,19258.4,20793.4,20065.2,19595.6,23339.7,18464.5,22138.6,18426.7,21237.4,20516.7,21450.6,20273.8,18277.9,19649.6,22958.1,22934.7,21084.9,24541.8,24997.9,18871.4,23649.8,19823.8,18651.5,20230.6,19749.4,25388.2,20496.3,25147.4,19431.1,24432.6,22051.3,21925.9,20702.8,25536.8,22648.2,20795.8,24866.5,22749.8,21784.2,25071.5,20397.8,25563.6,22906.4,24195.1,22106.5,21944.1,24622.8,25042.7,26019.6,25371.9,22897.3,20612.6,22014,23840,23098.2,22126.2,23148.5,21511.2,20163.3,23786.1,21452.7,21208.9,23460.1,24864.4,21776.2,21817.5,25773.8,20426.1,19534.6,19561.1,21753.3,25691.9,23520.9,20764.7,24685.2,23054.8,22843.8,19950.6,23118.3,23554.8,24052.9,26190.6,24720,21176.9,21480.9,20683.3,24966.2,23846.9,22562.6,26071.8,32803.6,34567.8
36212.2,31830.9,26048.2,24830.5,26306.8,22147.2,25161.6,21165.9,19857.8,19755.1,21460.1,23371.1,18772,22197.6,19456.7,18404.8,19096.1,19605.4,19152.9,23256.8,20187.6,19265.7,19897,23631.5,22164.2,18686,20627.1,20886.2,23501.4,23337,24039.7,19613.8,19336.6,22597,20636.7,19208.5,18122.6,18108.3,19422.7,20411.1,18403.5,18162.1,21552.7,23916.1,17823.5,23115.5,17862.1,22886.1,23836.8,21383,23737.9,20557.8,17594.8,20144.9,20888.6,22259.7,23282.1,18656.4,20317.6,17784,21295.4,19589.1,19033,18086,20989.4,22382.8,18448.7,18266.2,23304.2,22026.2,21938.1,20708.5,23156.9,21474.3,18562.9,19862.2,20505.4,18763.3,19655.7,22002.9,18758.2,19280.6,23455.1,19113.6,23590.2,19894.4,20952.5,19077.5,24373.6,25322.9,22602,24090.5,23930.4,21965,22197.7,23834.8,21169.3,23785.6,20108.3,24162.7,23026.2,22581.4,24432.4,24812.9,22993.1,24233,22515,20778.7,20378.5,21082.4,19424.9,24248.3,22266.3,22313.9,20154.7,19201.4,21017.4,21098.5,21071.2,21005.3,23045.5,22294.8,18173.7,22063.7,21945.1,24618.3,20789.2,21401.8,24924.4,23132.7,19609,19428.3,19721.4,20463.2,21977.4,19666.3,19538.4,21457.3,20963.6,18832,18303,20715.2,21047.6,24060.2,20272.7,17516.4,17919.1,18249.3,23901.6,23643,20303.8,23925.8,21434.3,18441.8,16201.8,18947.3,24380.4,23767.9,18633,20039.7,20276.8,19834.8,22199.9,20978,23027,23307.7,23670.5,24446.4,19406,23667,25440.6,20056,25483.3,22224.2,22034.6,24924.2,21961.2,21148.5,24564.3,19881,22081.9,24291.5,23223.4,22980.4,25555.8,19946.7,21170.8,23961.8,22460.3,23851.4,21864,26349.1,20753.4,22816.9,20732,21964.6,21366.8,24355.3,21031.6,21121.9,19553.8,20664.1,25096.7,20981.1,23056.8,25501.3,21763.1,25088,24206.9,20081.6,23160.2,24197.2,23699.7,19816.8,25267.3,20141.7,22028.9,18934.7,18983.4,20647.3,22298.5,24998.8,20399.6,20553.6,24320.8,25668.6,21633.9,25369.5,21024.3,20095.9,21906.3,22180.2,24635.9,23493.9,20891.2,24524.8,21668.6,20478.4,24913.8,22454.9,23591,19369.3,21558.6,21411.1,19925.7,21822.4,22698.2,24651.6,23293.7,24574.4,21990.6,23304.9,21671.1,25679.7,21055.4,23117.3,24174.3,23328.4,19496.8,20700.8,24580.4,24482.8,24928.2,24066.1,20664.5,19976.9,24254.6,22680.8,22207.4,21172.5,23578.3,19773.2,23156.3,20876.4,20098.9,19262,22304.8,22286.3,21609.7,19217.2,23478.1,23119.9,24783.9,22947.5,20455.7,24403.1,23994.2,19761,19984.5,18672.6,20128.7,20374.1,24426.6,21336.7,22166.8,20411.3,19125.7,19429,21911,23589,23649.5,22884.9,21543.6,20653,23385.4,24442,22969.1,19824.4,20242.6,20825.6,19491.9,22460.7,23383.5,19098.7,23673.3,25114,23196.7,19202,23454.6,24697.7,20127.3,24122.5,20975.7,23287.3,21975,25716.8,25310.5,21467.9,19599.7,23793.7,22375.1,23277.9,24485.9,26415.8,22322.3,25620.6,25967.3,23969.4,26463.1,25106.9,26190,20648.5,22842,21756.1,23579.4,23930,23970.7,20582.7,25849.6,21308.3,23044.1,22560.3,21634,23559,23748.7,20570,24755,20493.6,23253.8,25082.3,20139.5,22684.6,21009.5,24028.6,22673.5,19888.6,24906.3,23904.2,21012.8,25292.9,26199.8,22234.5,24695.3,22935.1,25346.4,24329.9,19938.8,19790.1,24787.8,24775.5,27711.6,24966.2,27776.5,35363.4
34620,31079.3,26665.6,22590.7,21766.4,21790.7,23436.8,23762.3,23606.5,21518.1,21553.1,20741.5,20827.7,24573.6,18822.5,19263.6,20534.6,24715.4,22999.8,20465,19054.1,23978.9,23473.3,22835.3,23398.8,23699.1,22934.1,19351.6,22207.5,19588.2,23963.3,24532.1,24006.6,22633.4,21851.6,21995.1,23140,21114.8,17898.1,20421.2,18138.5,20928.7,20795.2,19372.7,19688.5,22383,19292.8,18328.9,20204.8,22361.3,20251.5,21331.3,23662.3,22923.5,19734.4,20493.8,22155.9,22187.5,17864.7,19199.8,20902.5,23141.6,20720.8,23696.4,19527.7,23954.7,24216.7,23306.6,24163.5,21115.4,18350.9,22078.5,22058.7,20338.9,24078,24689.9,25147.1,24456.3,25107.9,23458.5,24987,22890.2,19619.1,20480.7,23541.1,18570,20802.4,22299,25251.8,24890.1,19497.6,23595,23951.3,20138.4,20069.1,22354.9,20059.3,18752.2,20175.6,18394.7,24531.2,19802.7,20155.5,18562.5,18436.4,19899,23363.7,22952.5,24113.2,24605.8,23146.9,18544.8,18623,24406.1,23015.1,21427.4,23348.9,20223.7,24309.6,23615.9,19624,17920.3,22128.9,22074.8,24498,19449.3,24044.2,19233.9,23368.6,24986.4,21167.1,24957.7,25553.8,22775.5,19948.7,23986.8,22984,20383,18648.8,23323,22278.3,20174,20571.9,19597.3,20033.5,19720.8,23781,23549.1,18934.7,23099.9,23295.3,19202.4,20376.7,19540.4,20752.8,23907.1,24234,19969.7,21683.4,21385.3,22982.9,20283.4,23525.2,23889.9,23628.2,21569.1,24142.8,23093.6,22984.1,21351.5,25376.2,22944.4,23651.6,24854,24106,21251.9,20418.7,25451.8,23459.9,22086.4,20449.1,22590.6,19992.5,22880.6,24469.7,24632.1,21044.9,21432,21883.6,26477.2,21053.3,22843.1,25165,21623,26087.8,20682.5,21200.6,24996.7,21293.5,20289.3,23814.8,21375.7,22655.5,19840.6,22074,23210.1,21134.9,24844.8,22035.1,21842.7,23361.6,21350.8,25149.8,23446,24083.7,19760.1,19745.3,23554.1,23518.4,24869.6,21461.5,19114.9,19485.1,24129.2,19508.5,19854.1,23157,23848.1,20015,22988.3,24593.9,19307.5,22790.1,20899.5,21683.4,22079.4,22469.7,25112.3,24288.9,20316.7,23244.2,21825.8,22662.9,18535,19316.5,24402.1,25181.8,24455.5,21142.5,22786.3,22678.7,21909.2,21561.1,23467.2,23735.9,19509.5,24052,23109.5,22386.7,24605.7,22050.6,19131.2,19364.3,21828.7,18753.6,20776.8,24362.9,22178.1,22677.8,25162.4,21389.6,22000.4,23085.6,22268.5,21011,20291.2,24507.2,24848.3,23309,23633.4,20366.2,22172.4,20455.7,20087.2,20210.7,19911.2,19443.6,20479.5,21766.5,23597.1,24616.8,20780.1,21862.8,20408,22742,21250.1,22073.2,24041.5,24348.7,24539.3,22565,22171.6,20491.1,19554.4,20280.3,19381.1,18656.5,18821.4,20879.7,20430.4,20035.9,20317,24601.8,23446.6,20679.9,23776.6,22803.4,23990.4,21745.4,23444.9,20835.7,24735.9,24297.8,22502.7,19395,24402.6,22132.1,23016.9,20445.5,21876.4,23802.3,22421,22561.1,22667.7,23354.9,22602.7,19836.7,26519.9,23072.6,22539.2,23739.6,20610.4,21616.6,26026.3,20112.2,24327.2,20634.9,20299.3,24486,23523.3,19861.8,24293,23267.9,21725.1,24865.2,25401.4,24602.9,26187,21206.6,21404,19346.3,19874.6,22644.9,24020.9,24063.3,22786.2,20920.3,25075.8,21866.1,24027.7,22069.8,22881.8,25370.1,21676,19470.9,19747.1,21077.8,24348,21656.6,23080.5,24877.5,27037.8,27424.7,37801.4
32271.7,26637.5,24923.1,27535.7,25982.8,21558.8,21732.8,21106.7,20742.1,18897.5,18378.4,19218.3,22093.9,19761.4,19055.1,19386.5,18621.4,18753.1,18616.8,22490.7,22363.1,21707.3,19992.3,22788.7,22367.7,18301,20613.3,20511.3,18780.9,21088.6,22440.6,21839.8,19064.2,23370,22800.1,22471.8,21489.1,18474.2,20842.5,20471.5,21216,19806.1,18064.8,18967.8,23420.3,20132,17826.4,19673.8,20653.7,20568.4,20859.8,24044,20011,24044.7,23154,21933.7,19666.8,22344.4,21179.8,21562.6,23136.3,22577.3,22117,21861,19410.1,22344.5,18342.9,21195,22165.5,20129.5,21821,19948.8,23867,23084.3,22733.6,20487.2,24688.5,24136.5,23294.6,24198.5,24736.3,20775.7,19942.9,21877.2,22926.9,24345.5,19632.3,21554.2,20004.1,18937.3,18777.1,19752.3,24632.9,24720.6,19107.1,21633.5,22630,23708.2,18650.7,23423.8,23528.5,22600.3,21829.6,22759.8,21231.2,24598.9,23771.1,21487.6,21887.3,22385,23784.8,19557,24608.8,22506.3,22636.5,20019.3,19629.9,24184.5,22405.8,22896.1,19384.5,22147.2,19877.5,22621.6,22634.6,24014.5,19651.6,19821.7,23400.1,18819.5,23705.4,23603.9,23655.3,20092.4,23652.4,24192.1,22379,22043.8,20270.7,17647.4,23843.8,20082.1,22740.9,22417.2,22340.8,17954.5,23634.6,22697.3,19736.3,22743.5,18901.5,19454.6,18297.3,18929.7,16515.2,17655.3,21851,22397.1,18700.9,21306.6,20190.2,21790.3,22965.9,24175.7,21257.7,22876.7,24616.2,23506.5,19057.3,22271.3,24936.7,25914,20207.6,20100.8,22347.5,23223,24568.7,21874.9,22713.8,21687.2,25809.8,20726.5,25201.3,24121,23396.5,23500.3,23367.5,21443.1,21914,21694,24698.7,21262,22322.6,20948.3,22976.2,25534.5,24432.2,20994,21522,19845.7,19726.1,22247.7,22247,21887.8,21708.3,21879.2,20624.2,24408.8,19914,24927.7,24777.7,20252.2,22027.9,21750.8,25058.2,19434.3,24457.1,25752.6,25514.2,19916.5,19200.4,21686.8,24689.8,23279.3,24430.2,21506.1,21041.5,19424.8,19764.5,25680.2,21351.8,23880.9,23801.9,24601.6,22023.4,25050,21083.6,18954.8,19786,22902.1,24746,24359.7,24301.3,19301.5,21170.1,22822,25247,19947.9,25681.1,19795.3,20655.6,23383.9,19956.7,24815.1,24915.1,20110,23746.9,22526.4,19516,23910.2,23283.6,24259.7,21346,19625.6,22578.5,23978,23338.4,24772.9,25846.7,24974.9,25767.2,25618.8,23869.2,21879.9,21631.3,19472.1,21693.8,23184.1,22421.5,21381.2,20677.1,21510.4,24830.2,19530.3,22593.4,19681,20092.1,19932.9,25229.1,20809.7,25141.3,23800.7,23876.7,22695.1,19089.5,20177.7,23925.3,21538.9,19184.2,19188.7,19692.5,20354.1,21570.7,20140.6,19199.7,24643.5,19774.1,18232.8,24553.7,21219.9,22637,20841.2,24298.7,24103.7,19358.4,22131.3,22104.5,22993.2,24216.4,25112.5,25319,19998.6,21387.3,21024.9,24313.3,20128,21317,20007.8,25715.9,21035.7,19525.2,23013.2,21849,20487.4,22700.4,24634.7,19777.4,22821.2,22256,25999,21940.4,23419.1,25897.9,20117.4,25184,21407.6,24933.6,25207.1,25348.1,21539.1,25453.7,23827.1,19735.7,20140.3,22095.2,23829.6,22273,24486.8,25050.1,22102.5,19630.1,20492.6,21388.1,22075.3,24786.6,24357.5,20635.9,24521.1,19941.7,20976.7,19775.7,24652.6,24874.3,19602.3,21952.1,26268.7,21533,26219.7,25219,22529.4,27635.8,27693.1,31546.8,37853
31018,30836.9,28226.5,22750,25038,20715.4,20069,22732.8,23768.1,23763.4,22290.7,18466.4,22501.7,21395.6,22991.9,22394.3,18797.2,21495.3,20912.1,18870.7,19751,22215.1,23491.8,20937,23795.9,22722.8,21362.4,24482.7,18507.1,22709.9,18570.1,21072.4,21664.3,22613.4,22640.1,19834.8,18983,18992.2,19395.5,23101.8,19381.4,18031.6,19560.4,19463.4,21678.3,23863.9,23228,22120,20267,19961.9,18244.4,19456.5,20737.2,18098.7,23444.5,22749.9,23419.1,23667.5,18361,22160.2,23141.8,20711.7,21807.8,23205.1,18958.3,18818.7,19903.1,23300.4,22715.3,18351.3,20133.2,20111.7,24404.7,23346,19244.3,22239.1,21307.4,25156.1,22143.4,21846.1,23027.3,25254.4,22808.7,21788.6,20422.7,20089.5,20826.7,20238.5,24966.4,22943.9,23766.8,20698.9,21061.2,19783.7,24903.9,19060,21436.4,23914.8,19760.6,23427.3,22859.6,24701.1,20553.7,18335,18883.6,24449.9,18391.1,21074.6,21473.3,20226.6,21454.6,18824.2,18979.9,24045.7,20818.4,23149.2,20627.3,22061.3,22995.3,17374.8,23496.2,23290.3,22174.5,23730.2,20965,23980.3,22063.1,24729.9,24406.8,18932.1,24258.1,24341.2,23157.8,24799.3,23447.6,19714,23135.1,18348.2,18908.6,22707.3,21897.2,19148.9,23155.1,22960.1,21770.4,18640.6,23266.5,23267,18520.1,18694.7,20474.6,21251.9,19427.5,23705,18489.2,19196.2,19098.4,22402.3,18341.5,21454.4,21584.8,23574.5,22002.7,23785.4,20629.1,24616.9,24744.1,22118.6,19878.1,25482.1,25469.3,21233.1,22064.5,21489.1,20977.3,22327.6,19756,22983,20341.1,24964.3,24496.2,20191,24361.4,26319.4,20779.6,26001.1,21155.6,21123.1,23394.9,25547.8,22648.5,26083.2,24913.8,22769.3,20169.2,25397,21469.3,23933,23887.6,21478.4,25294,19884.5,24200.2,21884.8,22883.7,24755.3,21505,22351.6,21852.6,25141.1,23458.7,22049.6,19954,20421.3,25067.4,20596.5,21872.8,19641.6,19487.5,22941.1,21857.8,24954.1,21186.9,23280.9,21270.1,20187.7,25301.2,20455.7,21698.8,22574.2,23763.9,20047.9,23564.6,23077.9,21104.7,23584.7,18858.3,18610.8,19154.1,19067,24053.9,18876.9,23183.8,24731.6,22833.6,20893.8,19380.4,23420.4,21280.4,24100.9,25990.3,22742.8,22797.6,25386.4,22495.6,21975.4,19432.5,24977.7,21144.7,21878.4,19958.5,23803.2,22375.1,20499.1,22544.8,23614.8,24689.9,25815,23623.4,21260.5,25670.9,23050.2,23070.5,24734.2,23016.8,24658.9,23158.5,22731.8,20250.9,24587.8,22324.1,21957.4,20286.9,20129.6,23963,23707.6,24237.6,19084,24156.9,24533.5,25150.7,22971,22805.1,19586.1,23365.8,20298.5,18779.3,5808.28,19030.7,24275.4,22574.7,20783.1,22092,23449.3,19929.8,18258.5,22561.3,22398.8,21116.1,21755.8,21643.6,23329.9,24842,21958.9,19690.8,19314.1,18819.5,23625.7,21941.1,22323.1,24147.8,19701.3,22913.3,19936.5,21326.1,19586.2,19626.5,20231.3,24928.4,21491.1,21767.5,23267.2,20840.4,24669.7,25650.5,19820.8,21866,26306.2,24177.2,19941.8,23479,20305.7,23209.2,25428.2,24586.3,20795.9,25813.7,23328.4,24092.9,19958.6,21611,23790.7,23358.8,26036.3,23509.4,25628.6,23237.2,25057.5,22675.2,22037.7,19955.4,24307.6,19387.9,19451.2,19806.3,24483.6,20898.1,24814.8,25337.6,20245.8,25769.9,23342.7,24773.2,26136.3,21203.8,22038,24974,21314.7,22951.5,24490,26643.6,24684.8,27332.9,34598.1
32379.2,29205.8,26336.1,23848.8,21770.5,21125.2,21166.1,25160.7,22199.8,19145.3,23761.1,19018.7,21516.2,23216,21974.5,21472.9,19516,22054.2,23715.8,19888.5,22598.8,23370.1,18800.3,18138,23918.2,20537.8,21231.7,24568.8,22929.1,18668.7,22729.5,21212.3,23618.4,18917.3,24305.3,18403.8,21847.9,20175.3,23133,19392.1,23625.4,22309.4,19148.9,19440.8,23264.2,20597.3,22554.5,22148.5,18083.2,23781.1,21688,22597.4,22175.9,23206.4,23214,23230.4,19875.4,17768.3,23891,20037.8,20593.5,19150.9,23306.8,18790.5,22713.8,18786.2,21001.6,19900.9,20210.7,22092.3,20250.2,24037,22910.8,18533.1,19972.2,20514.1,19596.3,21296.2,20625.9,23283.5,23476.9,21841.1,21784.8,19581.4,20384.1,20604.9,24555.1,23230.3,20541.6,22809.7,23057.5,22599.4,19506.8,20893.1,23889.9,22486.2,18662.7,24572.9,18694.5,19899.4,24144.8,22236.5,23040.3,24397.5,19937.3,21416.4,19149.2,20898.8,21948.9,23356.5,21898.6,18461.4,23211.3,22291,23702,22246.4,21551.5,23962.1,18680.5,22933.9,18727.7,23447.7,18032.9,19567.5,20564.1,18252.7,20692,20548.9,19429.3,21134.2,22473.4,20483.1,22564.4,25335.3,20704.5,19162,18750,22543.4,18798.1,18138.5,20156.3,21759.9,20572.8,24044.8,22878.2,23109.9,23935.5,23403,22777.9,23261.8,23227.5,19365.6,18501,18904.5,20097.1,22629.8,18892.5,18166.3,23897.5,22880,18588.8,18398.9,19336.3,21154.7,20628.8,22555.8,23241.1,22418,19517.7,23571.2,25206.3,21555.5,22606.1,22981.6,23985.8,23300.9,24095.1,25256.7,24036.1,23999.6,20258.6,20508.7,20362.1,24823.6,21518.7,24127.9,21300.9,25558,21918.7,25792.6,21606,25011.1,21769.3,21497.2,22936.9,25172.9,22857.4,22979.5,24058.3,23843,22753.2,26222.8,23968.8,20913.3,22029.5,24546.8,21851.7,21716.2,25901.3,25635.2,24358.6,22299,24923.6,20019.8,24730.9,23052.9,21631.2,21853.2,24367.7,22142.9,24691.9,20861.8,25087.5,23312.5,22413.9,24400.1,19666.1,24590.2,25542.8,20277.6,20355.5,18774.3,21569.5,22385,18886.9,23186.8,20021.3,23458,21866.3,24318.6,23605.8,20016.2,21216.8,19613.5,19387.7,24171.7,19745.6,24504.1,23186.6,25996.4,22341.6,20064.8,22833.8,24717.6,23476.3,20154.1,23760.3,23156.7,19174,21920.7,19073.7,21471.3,20683.3,23171.3,23688.7,22850.4,23444.6,23817.7,23011.3,23667.6,21103.7,20194.6,25829.7,26023.2,20678.1,19310.5,21002.3,21359.9,19469.7,21655.8,19688.2,24487.6,23759.3,21424.4,21462.3,24535,20767,6353.58,20128.8,24630.4,22832.9,23887.8,19287.6,23309.2,23974.4,22152.3,22702.5,18621.7,20048.9,23264.4,20563.1,18797.7,18856.6,23037.9,20842.8,21398.3,18290.1,21403.6,24190.3,19735.5,20524.2,20711.9,19303.1,21538,21964.7,22237.7,19805,21707.5,18970.3,25261.9,21541.8,19541.6,25536,21732,22153.7,19609.9,20428.4,20806,22002.8,21747.9,23985.8,23917.4,19743.7,19827.9,20941.8,25932.5,25503.9,23676.1,25832.5,19824.7,22379.7,26270.1,20418.7,21280.9,21239.4,20422.6,22978.4,19628.8,25875.2,19481.6,21266.4,22763.4,24498.8,20217,25821.4,20234.5,22944.6,22817.4,23045.7,20415.1,20867,20987.8,19120.8,23731.4,25224.8,19343.3,20056.1,23470.2,24570.3,26011.8,24881.1,22950.2,25250,20082.5,21926.6,21509.5,23086.7,22028,23753.7,20842.1,26213.6,30097.4,29360.2,32198.8
35764.8,27873.9,23771,23397.9,21543.6,20523.7,25393.9,22109.7,20733.3,21746.6,19977.4,21410.1,23806.7,21489.8,20360.1,18880.2,19868,23319.8,19366.5,18968.3,21260.3,22506.6,20067.1,23625.3,23616.6,23858.6,24069,22428,20175.6,22830.8,21146.4,20067.4,19487.8,24035.6,23510.5,22918.8,20658.4,23498.5,19460.8,19588.2,18543,17500.8,21856,20316.5,20446.6,19444.5,20706.8,20580.1,23375.8,20657.2,20216.3,19368.7,23311.9,19257.6,22772.7,18945.2,20271.1,21707.8,21939.3,17722.7,23965,18583.1,23254.5,19755.7,18666.2,22807.9,22658.3,20785.3,22555.7,23321,23595.5,24469.9,24218.7,21272,22749.4,22185.4,20829.5,22578.1,20354.5,21420.7,18671.6,20405.3,24406.7,19726,21146,19722,21407.2,20221.6,21528.6,22830.3,23330.3,20721.3,20935.6,22766.7,21957.5,23301.1,20084.1,19307.2,23840.6,20325,21293.4,21409.4,23766,19685.2,18979.4,20001.1,21956.9,22754.4,21375.1,19713.3,21583.9,18950.1,23947.9,23746.3,19381.7,18653.6,23825.2,24516.2,22492.5,22441.8,21386.3,18766.7,20472,18078.6,18867.1,21640.7,19391.6,24702.7,24325.2,24350.9,24499.7,22462.2,23275.8,24180.1,24346.7,19736.1,19703.4,23155.3,17774.1,19640.9,23607.1,20037.4,22118.6,21483.8,19791.3,23369.1,23918.3,22022.5,18112.6,21839.3,19842.8,23318.3,20492,23509.6,18704.1,21026.5,22133.4,18041,19178.4,22157.2,21151.4,19484.7,18235,19812.6,22223,19195.7,19936.2,18992.7,19642.2,21003.5,24371.8,21350.9,21838.1,21607.4,22554,23901.9,25468,25474.2,21377.8,25787,22453.4,21359.8,22935.2,20448.7,20005.6,24162.7,22248.6,24923.6,22566.2,25590.3,24062.1,23254.1,24890.7,20560.4,25508.6,21536.1,22492.5,25156.8,20866.1,23733.5,22215.4,22913.8,20892,19928,19962,19651.4,20670.3,23743.9,23024.6,20426.8,21101.8,21897.1,23625.9,22593.6,19335.1,24539.6,22699.9,24959.7,20020.9,22956.6,22401.3,19124.3,20930.4,22478.9,21551.2,19518.1,19850.1,24689.4,22674,23022.1,18780.7,19040.1,25124.2,21298.8,22281,22461.2,24613,19154.5,23049.2,19246.7,21575.3,20353.6,24266.5,18501.2,21080,22044.6,21464.8,24569.7,21808,20851.1,24989,23697.1,25718.6,20977.8,24914.4,24489.8,21023.8,21071.5,20263,21650.2,23765.1,25146.9,21297,19723.3,23758.2,23293,19889.5,25143.6,21231.7,19712.4,24838.5,21692.2,25858.3,22151.6,24969.1,25235.8,23962.9,21013.9,23622.1,21022.7,21598.2,21532,25574.3,20807.9,20354.8,22728.9,23919.8,22540.4,21741,24676.1,22655.9,19134.1,19337.7,21510.2,19537.7,23680.2,19326.2,18890.8,25168,19403.1,19910.7,25121.4,23349.5,19399.3,24570.3,22467.2,17984.4,21013.2,20371.2,19494.2,18700.6,20618.8,19081.9,18975.8,24521.5,20779.9,23612.4,23132.7,22425.8,23044.7,19578.8,21695.7,20911.4,19439,25122.7,25205.8,22889.7,25112.8,25145.3,21880.8,20712.7,19944.9,21370.8,21425,23765.9,20372.7,20049.6,20563.8,19973.6,22220.4,24688.2,20373.8,24304.3,21830.6,25102.3,25727.6,24748.7,24563.9,23509.3,21391.5,23462.8,22052,23384.3,20154.2,20137.9,20162,21910.7,24995.2,22391.1,22611.2,21629.8,19783.7,21965.3,21704.5,23409.7,23350.5,19140.5,22321.2,25910.7,19526,22998.3,23289.7,23263,22099.7,19649.7,22385.1,20759.3,22710.2,20661.2,25442.3,23064.3,26837,31702.8,32893.5
36729.2,27232.1,26711.9,27024.4,21828,24871.9,24783.7,21508.5,21346.1,21660.5,21321.4,24379,19847.7,19161.2,24179.7,19260.6,22365.9,22162.4,22588.4,20187.6,20274.2,22278.4,24614.3,21851.4,21449.3,24653.8,19894.8,18847.6,20255.9,20388.4,22360.5,19703.5,23364.5,21982.7,18458.5,19721,22540.4,22251.8,24028.9,19600.7,23701.6,22506.4,22789.3,21641.4,21331.8,21558.3,21076.6,22244.7,20163.8,23659.6,19584.4,21041.3,24004.3,21292.9,23154.3,17943.3,21516.5,19661.2,20300,21253.1,18150.5,18875.7,22129.6,19717.5,19994.2,18244.3,23169.3,20809,24148,18370.1,19490.6,24104.2,23884.8,20637,19505.1,23379.5,24441.4,23024.8,19270.1,23836.1,23876.7,22258.6,24940.2,21854.1,21253.8,25216.8,23006.3,19150.7,21792.1,25517.9,25573.2,20076.9,23646.4,21602.7,21998.5,23353.6,24577.2,19367.2,20076.3,23716.1,23341.2,21966.6,23942,24415.4,23519.1,20814.2,22103.5,21814.1,20691.1,20141.8,24709.4,21381.1,24737.9,20797.1,18442.9,23159.7,22029.9,24056.3,20457.2,18645.7,23716.5,18053.8,23859.6,21722.1,20224,22634.9,21117,24113.6,20317.9,22696.9,21115.4,21936.4,21481.6,22094.7,18875,21676.6,21094.5,18421.8,20427.7,21607.9,22175.2,20760,18086.5,23844.6,19756.8,20587,20693.5,19985.1,20738,20110.5,17773.8,23076.9,22476.5,18841.4,21010.4,20931.3,22313.9,22697.6,24431.2,19106.5,23651.6,19793.3,22376.3,24407.5,20944.5,21455.3,22049.5,22967.1,20655.4,25389.2,21416,20294,20783.9,22860.6,23772.8,21902.1,21374.4,24028.9,21309.3,20438.3,23532.1,23515.2,20955.8,20489.5,21851.6,21538,22206,26046.1,22821.4,26132.6,24527,25473.5,20311.8,24451.9,23375.2,26094.6,22019.2,21106,19608.8,20806.9,23135.2,25084.9,24439.1,21725.2,25164,24985.8,21334,21500.3,21187.3,20255,24756.5,25937.5,25346.4,21743.7,20162.3,25400.5,20529.3,20982.7,22389.2,23464.8,25354.1,22004.8,22576.5,22839.5,23618.7,22788.7,24471.8,25446,20065.8,24101.8,18913,23794.4,24967.3,21362.5,23548.9,24760.9,19383.5,24400.4,22941,24200,20902,25030.3,24030.7,23843.9,24707.6,24596.7,23542.1,25540.3,21360.8,22321.6,23142.7,21654.5,19610,25880.2,26027.7,21588.4,25862.6,23139.5,23726.4,20180.9,20428.3,21534.4,20728.1,20629.4,20889.6,21080.2,22426.1,21796.4,25160.9,25836.3,21815.8,25352,24851.3,23928.6,25575.9,22766.6,21801.6,22159.8,19889.1,23063.3,22697.7,22970.7,25304.5,21473.1,20212.6,24206.1,20565.9,19858.7,24355.7,21182.7,22452.2,19628.2,24035.4,24130.1,22211.7,24307.7,25055.4,21823.9,19227.3,22248.6,25193.7,22889.8,23681.5,24286.2,19251.4,24797.2,24321.3,23038.9,21237.1,20230.6,19675.2,23161,22137.9,24676.4,24913.6,24719.5,21858.3,22131.2,22003.4,20405.9,23072.7,25048,24580.7,23822.2,21844.6,26086.9,23050.8,24901,24723.8,19230.2,22886.8,25631.1,24425.7,23859.8,25727.3,21060,25223.9,22405.1,20579,25510.8,19667.9,24028.3,22329.6,23273.3,20936.8,21640.3,22804.5,23396.3,21028.6,20391.5,18958.1,21846,20556.2,21394.9,24700.2,23901.1,25530.6,24757.5,23174.3,20254.9,23763,19486.7,24580.9,23336.1,20450.4,23802.2,24189.8,20117.7,19506.4,24687.5,19494.3,22023.9,23544.8,26188.3,22827.5,20845.7,23286.2,21972.7,19551.3,22456.3,25741.4,23653.3,32139.7,35733.8
31932.1,30670.5,23509.2,25800.4,23171.1,20471,23392.9,19811.4,21433.7,23334,22908.5,22987.9,22039.3,18819.4,22452.8,21245.8,23054.8,18490.6,18803,20722.8,23369,23798.7,19728,21158.3,20295.5,19503.9,23499.2,24501,23989.1,22987.9,21392.3,18699.4,24477.1,22144.9,24224,24107.5,21451.9,22322.2,20015.3,20505.6,21230.7,22335,19069.3,21317.2,21105,24011.1,21919.5,19166.5,18534,22074,21437,23962.7,18426.5,22378.6,21199.6,23634.5,20638.7,19277.8,23006.8,19344.6,19840.2,23189.9,23496.9,22654.9,18116.6,23205.4,23204.2,22683.4,22756,22714.4,18786.7,23643.9,20027,20206.4,24145.4,18629.6,18990,19144.1,21518.1,18948.3,22589.1,22241.4,19067.6,19837,21434,19311.7,24306.2,21995.7,20589.1,18877.1,20900.6,22129.5,23427.4,19813.1,23669.6,21318.2,21104.7,23274.6,19038.8,18721.5,24869.7,18928.5,18493.1,22207.9,19999.5,19914.1,23294.7,20962.1,20601.2,18683.9,21335,23141.3,19871.9,24256.7,23866.7,18186,21179,17899.6,21280.2,20562.4,22541.3,22616.1,24123.4,21094.3,19930.2,22574.7,24464.3,20634.5,25021.5,22090.4,22909.4,23021.6,24554.5,22537.7,19704,20686.4,20049.8,17664.4,23796.6,18316.8,21849.1,22136,18605.6,21585.8,19357.7,20159.6,20940.8,21130.4,18888.1,21766,19085.3,19877.3,23374.9,20881.1,16484,21422.1,24359.2,20557.3,22334.6,19025.4,21147.1,22869.6,23572.8,23957,19838,22637.1,21893.1,22640.3,25468.8,24233.6,20305.5,24026.1,20046.2,19859.9,21462.9,21770.1,25988.7,24187,20122.5,21872.5,20518.8,23870.9,25252.8,24204.1,24237.9,24711.2,21977.2,20908.1,23966.9,25381.2,20740.6,22888.8,20968.6,20410.5,23014.3,22438.9,20797.2,19916.5,24145.8,20222.7,22061.2,24858.7,23163.9,25359.2,24921,23628.3,21583.5,24461,23913.1,20855.2,25633.5,23647.2,21159.4,22799.6,20850.9,19980.5,24826.7,22762.2,23117.8,24799.6,21051,21950.6,22953.4,20143.1,22480.5,19842.6,21541.8,22015.9,20502.6,19887.9,19550.2,23191.9,22776.6,22411.3,20652.3,22557.7,22029.1,23740.4,21237.4,19499.6,22101.4,22513.9,23365.9,22410.6,22646.5,20859,22857.3,21960.4,21982,24346.4,23426.1,25053.7,25544.7,24873.6,20104.7,24878.7,19600.7,20203.5,23873,22640.4,21058.1,25331.4,24114.3,21317.9,21451.3,24458.3,20722.1,21152.1,20783.9,20391.9,23505,20907.2,20965.1,21700.5,21392,20887.9,21612.3,20421.1,22705.8,19753.6,25629.2,22572.6,22584.8,19141.1,21144.3,20841.2,22184.8,24325.8,21907.9,25323,23975.4,25638.8,25113.8,23846.2,21763.1,18649.5,24915.6,25240.3,22517,22514.8,20889.8,23303.7,22056.6,24097.6,20735.2,24453.4,23572.9,24412.6,22821.1,18396.7,22357.9,19398.7,23315.2,21129.7,19510.6,18905.1,19789.2,19919.1,25353.1,20098.9,24191.3,24995.4,25341.2,21578.7,22430.2,25099.4,21784.5,20904.9,23508.7,24738.5,23755.7,20004.3,24886.1,20547.1,25348.6,23241.2,25545.4,20887,24905.5,23351.5,19894.3,21090.2,24379.6,24106,21234.5,20799.8,26170.8,24505.7,20506.8,19390.2,23076.2,20928.8,19783.8,21510.7,20706.6,21819.2,22162.9,23453.5,19603.8,22943.5,20458.8,23369.9,21330.9,24185.8,19037,19447,21209,22122.7,21819.9,23661.7,25187.1,19355.7,24499,21413.5,19901,24900.9,24976.4,24187.1,21405.8,24631.1,25261.8,28728.6,28756.6,32875.3
33300.3,26230.3,25882.2,24711.4,21598.1,23983.9,23755.8,22982.7,21218.2,23080.2,23660,22140.5,20961.9,22085.7,24417.1,24654.9,21291,22153.7,18810.6,21298.3,20109.8,21764.9,18743.7,23144.1,18677,19975.6,18633.9,20958.1,19236.1,23419.9,23096.6,23752.9,21154.4,20147.1,22072.8,21111.8,21670.9,20829.1,20315.6,22669.5,21806.2,19068.8,20403.3,20924,18747.7,20639.2,19014.7,23568.1,20799.1,19266.9,21740.4,21905.2,17812.3,18693.9,21590.5,23287.5,21545.3,21470.2,20350.5,20504.4,21594.8,22527.1,20099.2,22121.5,19095.4,23286.9,23023.5,22756.2,20287.5,20395.5,18915.2,23980.2,19533.8,22135.9,19128.4,21404.7,19186.3,24960.6,24955,24682,24536.8,18932.6,23816.4,22729.6,20010,22559.2,23243.3,23495.4,20080.8,19065.9,19322,20887.7,22867.7,24415.6,22039.4,19677.5,21775.3,23708.6,19395.4,18661.1,18955.8,23178.8,22381.7,19896.4,23036.2,20030.3,24287.6,21008,23198.4,18610.2,23365.8,21059,21519.9,21834.7,18409.1,17934.9,21686.6,19628.3,23912.5,17758.3,23067,21296.9,18639.9,20156.9,19028.3,19193.5,19956.1,22309.2,23320.1,23811.1,23367.9,22050,24447.4,20757.8,24064.3,23511.9,20134.8,18716.9,21860.2,20175.3,18815.9,19189.2,22992.7,19575.1,23071.4,17901.2,21854.3,22011.7,23423.3,24277,21182.3,21496.1,18819.5,19468.7,20894,19457.7,21861.5,24192.5,20858.3,18088.5,23234.2,20459.2,18309.3,18380.2,18922.2,22081.4,22382.2,20403,19122,20966.3,21780.8,23621.6,21151.2,23927.5,21023.1,19602.7,22979.4,24966.3,19972.9,21544.3,25904.2,22075.2,21194.7,24130.2,20904.1,22606.6,21934,23186.5,25278.1,21399.9,22616,20205.9,22252.1,20861,24578.9,26166.7,26093.3,24942.8,25839.3,25402.2,23287,24864.3,22466.5,23524.3,25771.7,20248.4,24871,23523.6,22474,21533.6,20850,23453.5,20667.4,21647.6,25570.2,22861.2,21857.9,25153.3,21147.7,19826.7,21653.6,23759,24342.8,20557.5,25333.1,21938.6,19390.9,24209,19492.7,24992.9,22306.9,19354.6,18893.9,24828.8,22234.8,22588.1,21324,19024,19010.3,19531.1,20118.8,21465.5,20547.9,23408.2,24887.8,25217.9,22882.7,22982.8,25896.3,23307.4,26133.7,25823.7,23113,24811.5,24860,24341.5,26142,24268.7,23393.3,19171.1,23947.6,20996.3,24904.2,19200.4,19590.3,19749.1,23619.3,24569,21845.7,20266.1,23549.8,20018.6,24642.8,21822.8,20568.7,24724.1,25277.2,25210.6,21575.7,20932.9,21321.5,23854.9,21046.6,22768.8,23237.7,22730.7,24982.7,20558.5,22800.9,25410,22256.9,19400,22889.5,23238.9,24068.8,22952,22907.1,24693.5,20943,25038.9,19773.7,18748.9,19053.8,20501.4,23308.3,21939.4,22886,22811.3,18338.1,23049.7,20049.2,23834.5,21480.3,24978.3,23773.1,21249.7,19436.5,20384.3,22360.1,18993.8,25501.6,24702.3,21912.6,23806.1,19577.2,21861.7,23087.3,22859.8,25178.7,25070.4,22690.8,21177,23977.5,24205.5,24985.5,23140.1,21004.8,19996,20928.6,21620.1,22823.7,24321.3,24668.4,19997,22085,24386.3,22871,19480.9,20165.4,23330.2,20624.3,24309.7,20051.5,25539.2,24053.9,23099.4,21245.5,20123.2,23726.2,20888.4,20695.9,21217.8,24991.3,19382.4,20236.1,22535.5,19424,24473.5,25271.1,23396,24488.5,24925.4,23990.2,21170.9,20108.4,21195.6,22702,21476.9,23053.9,26446,25027.1,29941.5,32494.2,35371.1
33584.6,30175.5,29185.6,24176,24081.8,21026.5,19254.4,21722.8,24667.8,18576.7,22050,18820.6,22499.3,20640.9,20494.9,24218.1,23436.8,23347.6,22232.3,22825.5,21412.5,19226,22079,24037.1,24130.4,19543.5,21685.2,18567.5,21713.1,21368.7,19637.3,21495.4,23415.4,23375.2,24222.1,20353.6,19139.2,22290.8,23101.5,23425.5,20271.1,19500.7,21256,23063.3,19221.1,21011.7,19137.5,21333.7,18210.2,22114.5,21154.5,18812.9,20323.8,23929.3,22038.8,23535.8,21729,19585.8,23601.4,18367.1,20288.1,19508.5,22329.8,24120.9,18509.3,19625.8,22613.1,20108.2,21009.6,20603.2,18429.5,22544.7,20944.7,19016.7,19367.9,24559.2,20174.7,24918.1,23686.8,22704.4,19040.6,19041.2,19425.5,24559.3,19435,19027.1,19905.3,25133.4,25340.6,24939.6,20136.9,22241.9,22257.6,25178.1,23981.5,18680.9,21790.9,24593.4,18569.2,20854.1,19416.9,20997.5,21216.7,23420.1,20566.4,22590.9,24500.1,22760.9,19799.4,23351.4,21209.5,23354.8,21146.9,18231,19349.7,21342.2,23562.9,22887,20488.1,19199.4,22216.4,21077.9,21640.2,18596.9,19967,24495.4,24039.8,23779.2,24760.4,23781.8,25553.4,19233.7,21559.6,25431.3,23398.5,24770.6,20617.2,18044,17906.2,20104.3,23761.8,21382.7,23679.2,22558.8,20571.4,18199,19683.1,20353,20220.2,20030.9,23994.9,18681.3,21419.7,21483.6,19238.2,19887.7,23325.6,20273.2,23199.4,21895,24284.8,21230.3,23685.8,21723.3,22972.1,23073.9,24581.1,21392.6,25602.9,22035.1,24845.2,25033.3,23168.4,23152.9,22336.8,19731.4,25450.3,19928.4,21820.8,22247.4,20878.4,22187.6,20677.8,25469,26021.6,23631.4,22485.9,24576.5,24595.8,21593.8,21920.7,23284.9,25131.6,23519.7,19857.7,20924.7,21627.6,21977.6,24631.5,23329.8,25949.8,24059.5,20036.2,20140.5,24194.4,24515.4,24916.2,25574.1,22991.8,21469,25809.8,23953.8,22938.7,25262.1,20674.1,22722.1,19061.1,25602.9,23047.2,22752.4,20508.3,25326.3,20479.4,20457.6,20530.3,22812.5,19156.8,23373.7,20834.4,23226.4,20337.1,19672.9,25141.4,25521.4,23496.4,23581.9,22713.5,22725,24044.9,23275,21523.9,20637.9,22481,18700.5,24381.2,21891,24304.9,25733,23218.8,25098.3,22740.1,24329.2,24528.9,20646.9,24762,25727.7,22502.1,25357.3,23925.8,20290.8,25242.9,24306.9,24084.2,19720.8,20691.4,20788.5,20086.8,25341.7,24967.5,25196.3,23939.4,24882,23502.5,22937.7,24857.7,21287.3,24642,23339.4,22165.1,20754.8,24859.4,20183.8,24346.9,20697.1,19698.3,22528.5,22984.9,20502.4,24117.4,25068.4,21153.6,24563.8,18932.1,19449.5,22546.3,24235.2,24760,20279.8,23546.6,20019,22902.6,21063.6,20701.7,22528.3,18513.3,24460.7,19305.8,21197.4,23741.6,19540.2,23683.6,21139.6,18342.3,23674.6,21352.6,21558.1,24299.5,20831.8,19999.4,23361.1,24408,23980.7,21305.4,25260,22565.1,26039.6,24418,20299.7,21332.3,19204.6,24204.6,21763.9,24775.7,24948.1,20929.3,24524.3,21566.2,19941.7,24114.3,19701.7,20463.3,25594.1,25930,20243,25514.6,25440.9,23488.7,24895,21750.1,20244.1,24144.8,21732.2,21145,23839.1,20773.1,25234.7,26166.8,23539.5,24857.3,21021.1,23592.1,19797.7,21507.1,22812.2,24906.8,24983.6,23357.4,20524.8,21695.5,25864,20122.3,21288,22950.4,21240.4,25627.5,23480.6,22666.5,20812.1,21316.9,22758.9,25971.7,24950.7,27088.3,32885.1
34684.6,31187.3,26504.4,22472.9,22028.5,20324.5,23714.6,24388.3,22890.7,18376.1,18400.6,21657.8,23818.3,22921.9,22540.1,23631.1,18785.6,21908,24655.4,24388.5,22290.5,22828.8,23424.7,18958.8,18483.4,22725.7,23471.1,18429.2,20468.2,22341,20444.8,20055.7,21962.9,24067.5,19213.7,18864.5,18253.4,22998.8,21390.1,18712.8,20210,18415.7,23984.6,18758.9,19915.4,18040.2,18887.4,22550.1,22709.9,22770.5,20026.8,21416.1,19002.8,23729.5,20437.1,18182.5,17835.2,20675.6,22584.9,21718.5,22243,21169.4,18412.3,18573.8,19085.8,19720.7,24072.5,22902,19403.8,19711.1,22893.8,20308.4,23417.8,23824.7,20601.6,22082,22943.3,25453.4,19689.1,23058.3,23049.4,19257.1,23538.3,23217.5,24064.3,23035.2,25101.3,25492,21071.1,22546.3,19154,24029.8,19921.7,22835.7,23184.1,23651.5,23266.4,24449.2,21601.3,18825.5,22873.5,21707.7,24491.9,18938.4,18930.5,22186.3,23540.6,19502.2,23569.9,21307.8,21254.3,23134.2,20154.2,23706.6,21372.5,21998,20308.1,20107.3,22530,22108.3,22931.3,22645.1,21945.4,22732.6,19915.3,21437.5,24693.3,23447.7,19301.4,21489.5,21606.9,19237.2,20562.3,23347.4,21073.3,23964.5,20848.5,20200,21158.1,18743,19513.3,22279,18174.9,21917.8,20404.2,20591.7,21621.4,21176.4,23118.4,19149.3,18109.2,21426.7,23622.4,22018.1,21203.7,17778.5,20652.3,21102.3,21818.7,22232.8,20517.9,18653.1,24444.3,19789.6,23638.5,20305.1,20718.4,21459.4,25139.6,21772.2,20066.1,21998.1,21400.7,24183.4,19670.4,20829.6,22738.2,23772.4,24637.4,25407.6,24466.3,23007,25567.9,23233.8,24507.8,24213.8,26035.1,26386,24144.8,23283.1,21311.6,25065.5,24647.1,25691,19633.9,25090,23333.3,25209.5,21235,21023.7,24117.3,21785.5,20221.5,26165.4,26176,20557.6,20470.9,23441.4,20064.3,20452.2,20051.5,22714.6,24654.5,21073.8,23245,25018.3,22996.2,19867.6,19467.6,19053.1,19380.4,24611.8,21726.6,21998.5,25418,21746.8,19169,20848.2,23392.1,21811.3,23274.2,19063.3,25092.9,25057.7,24666.4,19627.4,22204.8,25090.7,20671.2,20245,23034.1,19503.9,21259.7,21968.9,19804.5,19912.7,24122,23443.5,19420.2,26089.4,24976.6,23343.8,19822.7,20148.5,20816.4,22150,21678.6,22336.4,22887.4,22926.7,24938.8,20140.2,19901.7,20749.7,19225.9,20584.9,26191.9,24296.7,20974.6,22256,24394,19764,20604.3,24081.8,25418.6,25974.5,24153.7,24713.8,24318.5,26193.5,24340.2,22531.4,23793.2,22201,25097.2,25206.4,22926.2,25573.2,22720.6,24679.1,20072.7,25723,25025,21954.6,19983.6,23505,23172.8,20977.8,20493.3,21453.3,18688.8,23076,22762.6,21751.3,18709.9,22724.5,19112.5,22773.5,22628.4,19894.9,22573.8,24655.4,22539.1,20840.7,20769.2,19134.6,24070.3,18491.1,18737.5,23845.6,19683.2,24928.9,22672.1,24320,24986.5,22943.4,21829.8,26015.4,20387.6,19087.6,19411.1,23144.4,25262.3,24056.9,22364.5,19796.6,22507.4,24841.6,24213.1,22118.3,20527.4,19983.2,22649.1,20717.8,23134.3,25111.4,24638.7,24586.3,20877.4,23599.9,24888.3,19281.4,20090.2,23460.7,25705.4,24419.6,22355.3,24748,23726.9,20058.9,22955,22557.3,21291.9,24063.3,22666.4,22708.1,20557.7,20962.3,19575.7,23239.4,23377.8,20188.6,23955,25355,22031.9,26182.1,22605,19519,24237.4,23976.4,27529.3,24120.6,31653.1,32687.5
34271.3,27803.1,25314.6,23783.1,24647.8,20655.2,24209.3,23565.3,19238.8,21098.2,23849.3,21572.9,22232.2,20420.7,20707.7,22433.1,22485.9,21799.7,21870.9,23509.1,21388.9,20220.9,19981.4,21668.5,19531.8,22474.3,24269.7,21547.8,21090.5,19364.3,19718.9,18743,24213.3,22179.5,20302.3,23450.3,22373,20616.4,22109.3,23196.6,18184.4,19828.6,21209.5,18787.3,18155.8,23509.6,19695.9,19541.7,20688.4,22143.9,21873.6,22882.7,21320.4,18761,20383.3,22271.1,22879,20827.2,22981,20998.2,22259.7,20048,21247,24270.4,21073.2,23649.4,21262.8,22903,21510.6,21707.7,24127,20741.2,19077.5,23624.3,25415.8,23312.6,25231,21388,23646.7,22446.6,22476.7,20400,20792.6,25124.3,19908.3,25317.5,20812.6,23218,23832.8,22332.8,21153.7,24208.7,21943.5,23754.9,20086.9,23452.3,22100.9,19401.3,25369.4,22489.9,21125,25035.8,20852.7,22645.7,20919.3,18615.1,19247.1,24546.1,20921.8,18917.3,20140.7,22176.7,21850.1,22735.3,20705,19918.3,22215.5,18897.8,21740.7,17769,19353.7,24245.5,24342.6,18304.5,19480.8,24056.1,20587,25165.6,23016.6,25064,21513.9,24011.5,21599.7,19802.2,22101.6,20991.8,22182.2,23508.9,20447.7,24040.4,22112.6,18484.7,19084.3,18812.8,17697.5,22243.3,22959.9,21822.1,20825.5,18214,19073.6,23231,19246.3,23917.3,16203.3,23544.9,23462.6,19556.3,22000.2,21905,21194.5,23744.7,19787.4,22589.3,19426.3,21395.3,22199.4,22823.5,21261.1,22778.4,21658,22595.3,22458.5,23858,25852.7,21286.7,23845.2,22662.8,20249.4,23030.4,20836,24332.6,25424.6,25926.4,22423.9,25692.9,22838.5,21876.9,24660.8,26460.4,25504.2,23405.1,23361.2,25768.9,21136.9,20791.4,22123.3,25769.6,19477.1,21794.1,21020.5,23551.3,23815.2,21347.8,22519.7,20935.5,21685.7,21454,25720.4,21597.9,21678,24922,22585.7,20509.1,22439.4,23723.8,24893.9,22441.3,23724.4,23016.2,21057,24662.7,21287,20629.4,22060.6,20186.2,24672.2,19464.2,21408.1,23112.2,20246.4,24586.8,25643.3,25105.4,22082.6,20772.5,23392.1,24289.7,22666.5,19437.3,21376.8,25134.2,21083.6,19181.5,23618.2,23514.5,23813.9,22145.6,22051.9,25961.7,25646.1,20472.3,25007.1,20281.3,22331.8,24170,23027.4,24877.8,23496,20258.6,22592.4,25219.2,21959.5,22182.8,25066.3,22962.6,23507.2,22038.3,24366.7,19699.3,24206.2,26117.8,26051.9,22304.5,25713.7,20958.5,25787.1,21370.5,6215.9,26224.6,24669.9,26345.5,24913.2,22374.6,20595.7,20646,20638.7,19277.6,19608.8,21571.8,24280.7,20728,22000.5,20446.2,25343.7,19102.1,22350.5,19334.7,23044.8,21273.8,24394.2,22814.5,19885.8,20448.1,21878.9,21315.6,22406.3,23842.9,23773.5,20231.4,21491.2,22368.6,19439.8,25103.4,22657.3,20908.5,19784.7,18929.5,22533.3,24150.3,19213.2,24584.3,23236.1,19672.3,19890.6,22912.3,24532.1,20077.3,23898,23599.8,19588.9,22360,20267.8,22749.2,21605.9,24733.6,23065.9,24720.8,20359.5,24631.1,20539.8,21586.5,25428.7,24695.5,20659.7,24680.8,24681.2,19881.6,21157.7,20721.9,20470.2,19361.3,25584.1,25095.6,23450,21411.7,25079.5,24172.1,19299.2,22403.6,19773.1,21632.6,18764.7,21329.8,21585.8,19267,24883.8,25556.6,24547.5,23231,21813.3,25719.6,20848.2,25051.5,24314.2,24167.7,22847.4,23400,19530.3,22983.4,23782.5,25379.2,27520.2,34485.7
32884,31798.8,25830,27322.3,23437.3,20464.1,19844.4,21997.2,18650.3,22331.6,22555.5,19337.8,18408.5,24508.5,20409.3,21144.9,21289.7,24112.2,24446.6,22575.6,20150.2,24292.1,20247,22719.5,23430.9,20412.2,18385.2,18484.9,19135,19883.4,21653.2,22090.7,21637.8,21191.3,20074.8,22865.7,18589,19608.7,19470.4,23559.8,22606.1,19888.2,21339,23305.5,21922.7,22558,23075.7,20921.1,22160.9,19034.9,20730.9,18798.9,19327.5,20606.3,19647.3,19706.1,18301,21206.2,19502.3,18659.5,22990,22829.5,23594,21860.1,20963.1,21234.8,19290.5,23957.8,20347.1,24379.3,24717.3,18975.4,24868.7,22845.1,23755.4,19167.8,21514.6,18996.6,21966,20351.2,20380.2,24876.9,19205.7,20003.4,24536.9,23752.9,24400.3,21034.9,21989.4,21141.3,23899.7,22425.2,22617.7,23191.6,23742.7,19014.5,22188.9,23357,24979.3,20986.6,24088.1,23487,20082.4,24628.4,22200.2,23965.3,22984.9,24154.6,24168.8,20979.6,20205.5,20385.3,22544.4,23146.4,19161.7,20291.2,24278,21064.3,19522.5,18249.1,20078.8,24273.5,24272.3,22327.9,22148.3,24541.9,21794.4,21493.8,21809.3,25195.5,19554.4,23772.9,25754.4,21891.4,24276.6,23317.9,21131.5,23698.3,18354.5,21668.4,20343.1,21242.7,22709.5,20323.3,23496.3,21816.3,20791,23966,18730.8,18808.3,21678.9,22518.7,20302.5,21837.3,15568.2,23723.8,19323.8,22869.1,19160.3,18520.8,20342.7,22234.7,23403,19659.6,19770.9,20480.8,23799.6,21238.3,24280,25202,21889.2,20528,21398.1,20812.6,25624.3,22652.4,21278.1,25005.2,24184.2,22096.5,20268.9,23212.2,19689.1,20391,21668.2,23185.7,20466.5,20868.3,24591.8,26324.1,20723.9,23283.2,22741.3,26174.4,25684.6,23818,22860.8,21089.7,19413.9,20893.3,25243.6,25589.7,19735,21941.6,23756,23566.8,25381.8,25197.5,22509.3,23242.5,21667.3,25369.9,21623.5,24053,25959.5,22560.6,20403.2,24653.4,22946.6,20834.2,21075.4,22835.7,21754.2,23231,24695,24149.2,25206.5,19335.9,21373.2,23025.7,21467.9,19876,19805.5,22514.3,24062.2,20887.5,23716.8,22963.6,21478.6,21715.8,24122.4,24736,22797,19621.4,19574.2,21739.9,23375.5,25377.9,22320.2,23040.2,21664,23177.7,23199.7,25647.6,20066.8,21754.9,20337.5,20554.2,22376.4,22422,23597.9,24974.3,23241.5,25797.8,21890.9,24627.5,25965,25664.9,20531.3,19655.1,25690.8,23912.3,21902.4,24339.6,24864.9,22380.4,26580.9,24995.9,23786.6,21137.7,20005.7,23583.4,23043.7,24295.5,25009.9,22653.6,19516,20955.9,18916.6,21935.3,25064.2,25202,24958.9,20130.3,21084.3,19436.1,23392.2,19112.6,20907.1,24673.1,21679.2,23100.2,20441.5,20018,21391,20694.2,21768.5,24437.8,25328.7,24643.9,18879.5,20762.7,21106.2,22161.6,21628.5,18620.4,24657.8,21545.8,23921.9,21758.2,22536.9,25339.5,24289.6,20080.5,21728.9,20682.4,23804.6,25817.9,22189.2,21778.3,22353.7,21112.8,22224.4,22472.6,20836.4,19889.3,20128.8,23598,20009.4,21696.3,18876,25097,24716.2,20759.8,24022,22759.9,19304.3,21822.3,20944.2,21839.1,21981.9,25276.2,24255,25286.9,25340.5,22602,25201.6,20688.6,22286.9,22857,19138.3,22055.4,18832.9,18813.6,18602,23444.2,22686.7,23673.5,19644.5,21235,19300.5,22298.4,24947.5,21110.7,19363.6,22411.7,24130.5,22366.5,21387.1,23794.5,21318.6,29137.5,32102.1,34655.9
31415,29590,27267.2,24599.8,25662.8,20790.4,25247.8,21384.7,22078.2,19621.2,20674.5,20557.1,24030.1,19341.2,19844.9,19607.8,24156.9,21637.8,22017.7,21792.7,20642.2,19854,22057.1,20688.4,19420.7,23593.6,19237.7,22310.3,24176,23815.2,22862.7,22985.7,22135.3,22562.2,20641,22927.8,20408.3,19156.4,23244,24073,18120.5,20060,20868.2,18331.6,20180.8,19033.7,21755.1,18009.5,20765.1,19961,23020.3,20523.1,21399.4,18972.7,20980.5,21448.5,19158.8,20090.8,21272.8,23759.1,21567.8,23157.4,18707,19501.5,23974.3,19878.6,22004.7,21192.2,19037.2,24505.4,18880.3,24473.3,21875,22910.2,20441.2,20694.6,22545.1,19497.4,19879,19818.1,19534.9,24943.1,22870,23134.3,20577.7,23376.2,24702.8,25520.3,25671.9,22648.5,22661.4,20209.4,21432,18900.5,18948.3,22569.9,19336.3,25347,20040.2,19143.5,21768.1,21730.7,21776.8,20263.7,24902.2,21633.7,19856.5,24470.6,22371.7,23215,22201.3,22324.6,24797.8,24435.6,21832.2,24376.1,24230.2,24020,21489.4,23051.6,23579.3,19274.6,21846.7,23620.9,18159.7,24504.5,18776,24874.4,20193.6,23408.4,20523.5,24250.2,22019,22017.5,24451.3,21320.9,24424.4,21276,17885.1,22376.8,20221.9,18859.3,21037.2,20073.6,23921.3,18376.8,19908.6,21653,23105.9,20544.8,23502.7,20180.8,18032.1,20468.2,19649.3,20747.3,18710.8,19180.9,23685.4,21152.1,23486.6,22334,19675.8,24367,19938.3,21675.7,19545.8,19201.7,23759,25175.7,21064.7,24486.8,20562.6,22557.6,25058.8,24499.3,25336.3,25643.2,23757.2,20764,20029,24031.5,20701.5,22123.9,24422.8,24610.1,21498.8,23087.9,22676.5,25623.2,23821,24927.2,23296.7,23470.8,21788.3,25744.4,23020.7,24435.8,19986.7,24317.5,24429.6,19825.1,25828.1,25985.2,23686.9,24323,25410.8,21936.5,24210.5,25919.2,23986.7,20109.1,24091.8,24180.2,21703.8,25153.8,25764.9,19296.7,19335.1,21421.5,24408,22620.6,22592.1,20199,21177.5,25243.3,22505.3,24351.6,23002.8,25244.3,25144.8,20114.5,23734.2,22994.5,23763.9,22298.9,24709.1,23903.1,22961.4,25077.8,22839.4,24981,24680.1,19575.5,19028.8,21292.1,21681.9,20886,21671.7,25449.7,22098.5,24473.7,26194.5,26241.2,25271,21068.1,21817.7,23375.7,21134.3,22644.2,24232.3,19498.7,20964,19281,20589.2,21925.3,23796.4,25707.8,20843.3,21295.7,20511.7,24021.5,22666.6,25290.9,25484.9,23182.3,26553.2,20979.3,24894.9,20039.2,23298.5,25072.2,21700.2,22083.5,21278.2,20570.3,22595.5,19574.2,23383,21472.6,23527.7,23556.4,21613.7,19705.4,25504.1,23174.4,19811.5,21881.7,19762.7,24327.4,21134.7,25670.4,19772.6,22704.1,19703.5,19238.4,23233.1,23290.9,21488.9,25453.2,22304.5,19068.5,19955.9,19163.8,24835.9,20596.3,22370.3,18553.6,23660.3,20021.9,20733.8,23159.4,23035,22022.4,21649.5,24823.2,20673.2,23155.5,23311.4,19649.1,24579.8,19997.9,20576.8,23891.5,22848.9,24740.6,21548.2,24981.7,24592.2,23048.2,21775.8,22927.8,25511.3,21258.6,19529.5,25342.1,24131.7,24408.9,21899.8,23616.9,23318.4,20413.8,22321.6,19381.4,25757.7,22908.9,20644.7,24463.8,25016.5,25409.7,22146.9,20847.2,24110.7,20801.2,19820.7,23918.1,18614,19120.7,24291.5,23626.4,22276.3,25329.4,20269,23144.1,23656.2,24117.3,19146.3,21705.6,24360.9,20526.4,27322.2,26455.8,27732.8,32732.7
36718.5,29192.7,23921.6,28316.1,25711,20321.4,25562.3,22153,19885.3,19948.1,22191.7,21287.2,23905.5,21674.1,24449.2,20722.6,20682.9,22416.4,24223.7,23075.4,20572.2,22049,23655,21851.5,20841.8,18741.5,22417.4,24174.5,23287.2,21508,19197.1,23702,24836.4,22712.3,22535,24031.7,19817.6,23372.4,22790.6,20540.5,22825.9,23636.9,22235.2,20628.4,20651.4,23785.8,21125.8,20186.2,18741.8,20984.8,20883.5,23738.9,19392.2,22393.4,18373.7,24016.2,23808.4,19524.2,23180.3,22719.4,24231.3,20708.4,18840.2,18108.3,19250.9,22094,23172.4,21186,20172.5,22650.7,21460.6,21585.7,24791.9,22496.9,21450.6,23015.9,20563,19347.2,24031,19792.4,22748.9,21240.5,23839.4,20891.3,25460.3,24553,21327.5,23531,25029.8,19504.3,24884.7,20879,21270.6,24803.5,19218.1,23076.1,20468.4,21063.6,22275.3,19890.8,23554.7,21976.7,20770.7,25280.3,20578.7,23233.3,24821.9,23556.4,18380.9,23579.1,20418.8,21965.3,20916.6,19131.5,20586.4,19045.8,22834.4,21522.9,22490.1,22965.4,24117.9,20965.5,22078.1,22646.3,18144.7,20045,20625.4,21639.5,22985.6,19806.8,22340.1,20541.3,21217.7,20550.5,25764,23313.2,20380.5,19638.7,18059.2,20027,18405.3,20353,18389,20463.1,20397.2,22413,20448.2,23038.5,18107.7,24422.5,24077.2,18037.6,18460.3,17766,17275.1,19025.4,23957.1,22190.3,21356.3,23534,23577.1,18657.8,21188.6,19741.5,22290.4,19207.9,21682.7,20911.3,20625.3,25294.9,21807.1,25865.3,21808.8,20126.6,20997.9,22839.8,23335.1,23998.1,22942,22834.8,21297.1,22119.3,24279.8,22265,23288.9,20736,21431.4,26285.9,24213.4,21186.8,25570,23049.4,22925.9,24561.8,23714.3,23957,21392.1,23655.7,24872.1,24204.9,23269.7,25137.8,24819.2,23540.4,23719,21316.5,23664.9,22052,25416.3,23293.3,21695.8,20759,25167.9,22026.7,20827.5,19780,23143,24532.8,21168.4,21335,24500.9,24358.8,23164.2,23471.8,23844.4,19391.4,22847.5,19483.6,22525.5,24052.3,19521,24462.2,22590.6,23914,19142.4,23672.6,24641.6,22586.7,21161.5,21536.1,22673.2,18996.5,20071.7,19135.4,23959.9,24504.5,19085.9,20896.2,25034.1,23526,20709,23736.7,24044.7,24651.5,22003.6,26466.9,25715.2,21476.8,19718.7,23106,23798.7,24520.9,20319.9,22617.5,20509.4,24199.1,20782.4,21818.4,21988.1,22288.9,23861.6,22635.8,21282.7,20220.4,23842.2,20200,23242.3,23285.2,24340.2,24247.5,21484.3,22117.8,19742.3,20586.5,24266.8,23776.5,24446.4,22989.7,22125,23510.2,19318.6,22245.2,19377.5,24268.8,25610.5,24639.3,19615.2,23801.7,22281.2,20032,22204.6,25787,20087,22165.8,23755.6,22567.1,21680.7,22219.2,21491.8,24927.5,24434.5,22017.5,25109.9,19718.6,23944.8,20225.3,24505.5,22067.3,23276.5,23655.8,21803,21112.1,24712.7,24877.7,24509.1,25635.8,20958.5,22243,20710.9,20373.4,20869.3,22545.7,20740.6,25044.5,24988.8,19827.3,19876,21480.9,20054.3,23613.8,20208.2,20165,23629.4,20427.2,25491.5,23389.4,23464.3,24426.5,20662.1,22551.6,24963.4,20047.8,22596,21760.9,19853.8,23364.5,20452.3,24546.3,23144.6,20363.9,19840.4,23862.9,19339.1,19123,18985.5,19265.8,19223.8,24883.4,23968.4,20736.4,23224.1,20874.4,22790.9,25045.5,25350.5,21795.1,21940.1,21212.4,20518.4,20912.5,25192.6,28617.4,30446.2,37131.1
35436.6,28774.9,27741.2,27780.3,23918.9,21268.4,20166.5,24831.2,20792.4,21642.5,22432.2,19177.9,20191.8,24842.2,21174,20081.4,24590.2,23834.7,24113.3,23864,24505.9,24425.2,18711,19099.1,19631.2,20545.8,19425.4,23271,24010.1,22889.9,20890.2,23093.1,20585.6,21649,18439.4,23211.7,23155.3,22551.2,20939.4,19670.5,19060.2,19364.9,20586.9,19327.3,18074.8,23610.3,19402.6,20295.5,19250.7,19564,22900.8,23794.7,22785.1,22273.3,22534.4,20783.9,18406.9,20925.2,20527.2,18509.3,18252.6,22307.6,21316.7,21009.8,23181.3,20643.1,18742.4,18322,19238.6,24052.9,23398.4,23334.4,19463.4,21901.1,19461.8,21036.8,22065.9,23710.9,23597.4,24548.3,19192.9,22784.2,25265.8,20914.9,23251.8,19354.1,25012.3,19714.5,23962.9,25628.5,23642.2,19898.9,19920.7,25023,21064.3,20375.2,20161.3,21246.7,25494.8,18858,20515,24336.3,19960.8,24656.1,18814.9,19701.2,18812.6,21702.4,22074.1,22931.3,23953.7,19595.1,19525.6,22445.1,19972,20699.1,20953.1,23727.6,21243.1,20592.3,19828.7,22875.2,21625.4,22041.9,21953.4,23492.7,21274.5,21979.5,25636.1,22207.6,23007,22528.4,25136.5,23994.6,24883,22129.1,19211.2,23031,21220.6,19253.1,19133.4,20374.3,23938.5,22808.9,24060.9,22585.8,23950.7,20972.5,20321.9,19533.8,23099.3,21044.6,22679,22754.2,20847.5,22423.3,19413.8,18180.2,18153.5,22984,21460,22800.6,18640.5,19715.9,18510.6,20502.1,19331.2,23629.5,21746.8,23874.5,25100,25211.2,24290.6,23214.3,25027.8,20260.4,21966.5,23821.8,20983.8,22916.2,25735.7,23198.4,22265.8,22408.1,26033.2,21002.3,25358.9,21568.5,23856.4,20440.4,26306.4,24201.2,26037.7,24679.9,20057.1,25617.2,21458.5,25278.3,21853.8,20943.8,21250.4,25730.1,24707.4,19868.8,19480.3,21030.5,21763,25490.2,21839.3,21246.6,22930.5,21430.7,23697.9,23875.2,25498.5,22661.6,20680.9,25806.9,20353.5,23790.4,24649.4,22251.1,25614.7,24001.3,24463,20778.9,22406.2,22420.4,23092.6,24051.6,25159.2,25011.4,19177.9,21600.6,24413.3,21849.2,24288.1,22196.2,19892.1,25254.7,24382.3,23659.7,20254.9,21392.6,21593.2,25038,22840.2,20899.3,20284.7,20301.8,25521.9,23929.8,25365,26174.8,23941.3,21974.3,19979.9,22929.2,25994.7,21841.6,23876.3,21634.5,21604.1,21239.4,20756.5,25408.5,22052.6,24072.5,25533.1,25388,23556.9,23234.8,23177.2,23070.6,25253.2,21466,20532.9,22068.4,19780.7,24627.5,20122.1,24253.3,22468,19418.8,20685.6,23141.4,25028.3,21635.6,22302.6,24093.2,22940.9,25357,24564.5,19290.3,19767.2,20047.2,21290.4,21169.7,24433.7,21951.3,23221.9,25122,20891.2,25791.6,23153.3,23337.6,24717,22026.2,20533.7,24249.8,24897.5,19558.1,24908.8,22780.2,21168.3,18538.7,19162,24902.3,20501.6,22547.2,19847.2,22078.2,22303.4,22216.4,22046,23673.5,19415.1,22051.8,21603.3,23960.7,23893.2,20893.3,23005.9,19244.8,21972.6,24427.3,23566,24793.7,23283.6,23384.5,23707.1,20509,19717.9,23145.5,23747,20910.3,20906.4,24022.9,20899.8,20570,20430.8,21452.2,21467.1,21658.2,25077.6,21484.2,24334.4,25115,19731.1,20030.6,24528.8,24607.4,19496.5,18620.4,23001.3,22239.8,24083.1,21804.8,22584.2,24381.7,22825.6,20494.3,19212.2,24940.8,25460.6,25903.7,25206.4,23094,21404.4,22406,25091.2,27558.5,30710.4,31388
35344,27503.2,24257.6,26871.6,20842.7,23601.1,19398.4,23104.4,21074.7,23351.2,21155.2,20669.7,22399,20001.8,20203,24929.7,22777.9,18736.7,19907.6,21524,24192.8,22518.3,23900.9,21526.6,20932.3,20802,24090.6,24545.4,22015.7,21520,21562.1,22763,24312,22598,23522.6,23013.9,20637.5,20115.2,22269.3,20044.9,18507.2,22181.8,23519,24186,21458.6,22596.6,18397.2,19628,20730.8,19098.7,19906.1,22861.7,23767.7,20159.8,22077,20734.9,20069.5,20293.8,21254.8,17799.2,20237,23927.4,17978.1,20868.5,18601,23551.3,21632.7,18659.6,24544.6,22136.8,24144.7,23652.9,24888.5,22109,19816.5,20653.9,19861.1,21781.6,24658.2,23158.3,23599.5,22355.6,20929.9,24699.5,25670,20758,22999.4,19923.1,22239.9,19145.1,19872.4,19289,24633.2,23958.9,20676.6,20955.8,25745.1,22711.2,20863,23229.7,22053.2,20572.9,24383.5,23723.5,24913.8,19079.6,24339.5,20000.2,24166.6,22360.5,20108.4,21808.5,24044.5,20967.4,21214.7,20036.4,22944.6,18435.3,24190.8,18186.5,18136.5,20469.7,20226.5,21520.9,18561.2,23582.2,23684.3,19269.5,22556.1,24029.2,25720.3,20991.4,20863.3,22785.4,20458.1,20316,20296.2,21620.7,22814.9,23374.5,20264.3,20516.7,19394.1,22525.5,23651.1,23114.8,19150.7,20281,20906.9,24488.6,24210.5,19182.9,24124.9,20793.3,18767.5,18635.1,21742.8,21446.5,23377.7,21602.4,23400.5,19379.6,19086.6,20157.8,23858.9,24031.1,22352,19456.7,20895.5,23527.5,21422.5,22393.3,21182.9,26314,24964.7,23596.7,25307.1,23717.1,21458.1,23434.3,22416.5,22666,20704,21913.6,20648.3,22373.9,19910.9,23738.9,22694.3,25631.2,22506.3,22200.5,20825.4,23284.1,23787.4,20450.8,22779.6,23162.1,22867.3,21347.3,23938.4,23860.5,20968.6,21652.9,23928.7,21898,23240,23104.9,20378.3,25393.3,20434.5,21515,24719.8,21455.9,22579.7,20743.1,22079.3,24402.7,22688.2,19806.3,20745,25598.6,25617.7,23522.9,21702.2,21400.8,20130.2,21269.5,21229.2,22375.7,23882.9,22035.1,19634.4,24427.4,20572.3,21297,24385.5,24667.4,19745.9,19138.9,24562.3,20027.4,19973.5,24135.8,22344.8,22705.1,25633.7,23936.7,21561.5,25247.3,21367.6,25347.5,21619.4,24393.9,23483.3,24773.1,20099.8,21387.7,22618.3,20717.2,19422.4,25218.3,23457.4,24838.9,21990,22435.9,23134.3,23517,22261.2,21348,24733.3,24523.2,20616.5,22978.6,26417.5,23664.8,22285.8,26189.5,22861,19717.7,19963.7,20904.8,26118.1,25876.9,24462.2,23324.2,19627.4,21590.7,19059.5,20475,21691.3,22891.4,23085.9,24253.7,21813.8,19150.9,24294,24487.8,24185.9,24268.9,23733.9,21588.1,20282.5,22516,22906.4,24794.2,20878.3,24196.9,22715.5,19590.1,25046.7,21536.8,24863.9,19775.1,19901.5,21297.2,25180.7,19719.1,21631.6,21754.3,20766.9,24019.4,21588,22955.4,22772.6,25469,19151.8,19708.2,22863.3,19164,18961.5,20823.7,24702.1,22988.4,22301.4,24362.2,22276.7,23320.1,21533.1,21900.7,23381,21062.9,24757.5,24449.4,25706.9,25214.6,19504.8,20986.4,19619.7,20176.3,20628.6,19844,22920.3,24264.5,20570.4,20822.7,24743,21675.1,22809.6,22357.8,20981,19000.8,24396.2,24301.3,23113.8,23434.2,20861.9,19550.1,22452.3,23633.7,22129.5,18976.5,24795.9,24274.1,25631.9,20133.1,22151.7,19434.7,20645.8,25588.7,21491.9,29495.6,27798.5,32629.8
35678.3,29350.3,28592.2,26133,23205.8,24776.4,25020.6,24084.6,21822.8,18489.2,19005.3,21854.6,22581.8,21270.7,20131.7,24281,22762.2,24288.8,23293.5,19438.8,24929.1,23847.3,20478.8,24542,19964.5,22277.2,18306.1,21253.3,20710.1,20668.1,19585,21635.7,19526.7,21054.9,23266.6,20149.4,18326.4,20981.8,18606.5,23469.8,21068.3,20124.8,21302.8,18225.3,21570.4,22325.9,20128.5,18226.3,22407.7,21997.3,20798.8,20737.9,22795.8,19725.5,23467,22158.5,18586.6,19272.7,22107.7,19035,23495.5,23524.1,22072.5,23106.9,23289.2,23543.2,18714.8,18133,21843.1,20368.3,19992.2,22611.2,25055.1,23225.6,25218.1,23091.7,23303.3,22538.3,21297.8,20228.4,19273.5,23454.7,22502.8,23833.5,19452.8,22973.2,20738.1,20115.7,24923.2,22067.4,20653.2,19182,22093.4,20234.3,21524.8,23850.6,20704.8,21686.1,23875.3,25222.9,21679.2,25135.5,21558.3,24791.7,23930.8,20901,20592.3,20579.7,20372.8,23055.3,19105.3,19458.3,24959.8,20616.5,24794,19443.6,22462.2,22738.8,20607.1,19881.9,21229.8,20369.1,18322.1,23155.4,19427.7,23557.5,22442.7,18749,24720.9,22973.9,22156.1,20066,20001.9,25871.9,24480.4,21383.9,19847.5,24321.7,22818.2,21034.5,18676.8,18821.6,20734.9,19192.1,20466.5,20335.5,18870.7,18478.3,22508.7,19783.1,23663.1,19233.5,21818.9,20912.1,21345.5,23735.2,20695.4,22117.8,21181.4,24398.2,22307.9,23203.5,18334.3,21721.7,20055,23774.9,19854.1,21279.5,20876.5,20199.8,19863,24798.2,24603.4,26359.7,24607,23867.9,25601.1,23641,20596.8,24287.3,21567.1,20423.9,22373.7,25913.8,23712,21820.1,23322.2,21794.1,25000.8,21269.8,23757.8,23691.5,22141.6,24224.5,23724.6,22371,20857.3,24452.9,25072.9,20698.8,24007.4,25456.8,19947.9,22853.8,25928.9,20535.9,23212.4,21650.7,25369.6,20719,21286.4,21046.8,25463,26094.9,24084.1,22687.8,19795,25428.5,25156.2,24265.6,20039,25268,23415.9,20306.1,25584.8,21096.8,21586,25743.9,20763.7,23586.4,20123.2,23247.3,21970.4,21775.2,20528.2,23638.8,19826.3,22140.7,19564.9,20699.6,20044.6,22383.5,23020.8,22691.7,18973.7,21156.7,23291.9,25351.5,20408.5,24234.8,25748.8,21683.1,22273.6,25124.7,26213.8,21231.6,21398.7,20732,21449.8,25945.4,21285.1,23784.6,21427.2,25053.4,25344.4,25006.8,26514.4,22531.1,20516.6,22319.2,26442.7,22300.2,26412.9,20852.1,26207.8,23729.5,20103.4,24509.7,21066.4,22499.8,25585.6,24998.7,23923.8,22407.6,24706.7,24709.7,24723.1,23000,20167.9,19693.8,22880,24694.1,20897.7,20723.5,25473.8,23602.3,25029.2,25318,23700.6,24521.5,25473.9,20440.9,22693.6,19343.8,24242.4,19042.2,20276.7,21896.5,24190.2,21486.9,22527.3,22964.5,20234.3,24535.5,24779,23614.4,20417.8,19954.6,18583.8,22298.6,23992,24027.8,18544.3,19980,19075.1,22210,24556.8,20072.1,24799.8,19373.9,23075.5,20458.8,19415.7,22048.5,24848.7,25860,23128.3,22663.5,21681.2,23158.4,21137.1,18971,23787.1,24956.9,20568.5,24393,21456.8,19955.8,20767.6,19566.5,22579,22134.6,22976.7,25246.7,23605.1,22634.7,21806.8,19557.9,20698.8,24815.6,21809.9,20675.5,23105.1,19049.8,21218.5,21273.7,21130.1,22025.8,23189.7,20131.2,21163.9,22793.5,19680.6,20893.1,25813,23752.3,22623,25496,21577.3,22855.4,21981.9,24786.2,31534.9,36370.6
35100.4,26221.7,23375.9,25060.8,21106.7,19967.1,23924.8,20265.7,23479.4,19057.5,20689,19613.3,24051.8,21583.2,23262.3,20356.1,24000.5,20803,25077.9,20549.5,24420,18726,23600.9,19942.9,23843.1,19279.3,23560.8,21923.3,19159.5,22722.1,22919.4,21711.4,23746.5,24250.9,21093.8,20999.5,24092.2,23960.8,20974.3,24095,22212.9,23400.9,19733.4,19909.3,23843.7,20546.8,22624.3,18788.6,22565.4,23592.9,20185.6,23261.7,19865.2,23702.8,18948,22083.1,18544.3,23830.9,23065.6,23789.9,19052.6,17929.9,24100.8,18907,23896.7,18225.9,24362.8,20776.6,21398,18492.4,19484,21576.1,21982.2,24103.4,19952.2,22038.2,19383.8,24695.2,20446.7,21228.5,19318.3,21253.1,19417.9,23175.1,23331.3,23942.1,23839.3,21115,24780.7,21041.8,23614.3,20358,24695.1,23494.8,24788.7,21044.4,19461.7,19788.5,25016.1,25433.9,19569.7,21651.5,24404.6,18897.6,23994.5,24647.4,20199.8,21878.7,20161,19474.8,20799.8,22618.9,21953.8,18555.3,19152.8,24764.6,19109.4,21109.9,23134,23931.2,24591.5,23976.3,21889,19135.8,19297.1,19775.5,18998.7,19048.5,20453.3,20336.6,19666.5,21267.3,20095.8,20390.7,22108.8,21179.5,19903.1,20554.8,20369.5,22295,23285.9,19829.5,22890,19515.2,22838.6,19171,20550.5,20200.4,23646.6,24546,24426.3,20437.2,20028.9,22547.2,19482.4,21232.9,22369.1,23806.1,20279.9,22120.4,20366.2,18220.8,23287.7,22401.1,20539.2,19819.2,20411.8,19286.5,21456.4,24811,23244.1,24962.3,22664.2,6035.75,21673.4,22839.7,20992.6,22071.1,22491.9,25431.5,24767.9,21965.8,21510.2,26278,23490.6,23160.4,21996.3,22864.9,23279.1,23486.1,24525.1,21817.8,22425.6,25483.7,21072,21052.2,23319.8,23376.3,22253,20853.4,25910,23160.6,21193.8,24765.1,25867.7,23237.3,19945.3,23972.3,22351.1,21891.6,22241.6,25307.2,20288.9,25780.8,25884.8,24277.3,22341.5,24422.8,25045,19382,22182.5,20540,22546.7,23222.8,22077.7,24846.3,22675.3,21087,25632.1,22454.6,24401.4,24959.8,25149.1,24442.4,22997.7,21737.4,19476.4,25262,19118.3,19422.9,21079.9,23327.2,21228.2,19588.3,21436,23242,23233.4,23250.4,23938.7,21120.3,24399.5,24830.6,25026.6,22739.9,23858.6,22694.4,20786.3,26195.2,24211.9,20330.3,23180.6,23519.5,25944.5,25812.9,22707.9,22057.7,22876.3,24303.4,19925.9,25141.3,25252.2,24982.8,21504.1,25078.6,21328.9,20713.5,25611.1,22947.1,24433.5,21218.4,24224.6,26388.1,22454.4,25873,23617.6,25762,25643.4,24924,23943.9,20337,21801,23348.8,24276.4,23720.9,22837.8,19886.5,23248.7,25823.7,25660.8,25263.2,23833.4,22492.5,23173.1,24023.8,23358.6,24047.3,24488,19304.1,22815.2,19635.3,19666.8,24537.4,23388.2,20945.3,19956.3,19052.3,20303.4,18925.3,21422.5,24892.9,22465.3,18907.2,19006.6,21495.7,20345.5,23709.9,21880,21287.5,21121.1,20572.2,22482.7,24635.1,19664.8,23927.7,20441.2,23280.7,22734.7,24464,24908.9,24966.8,20158.9,22193.6,21192.1,21146.7,21253,20932.6,21373,19076.4,22771.7,23671.8,24017.6,23440.9,23013.2,19121.8,23193.6,24240.8,24163.1,18801.5,20895.5,21906.4,19555,18721.4,21195.8,22066.2,18269.2,20152.8,20699.6,20940.8,22757.6,19088.5,22758.3,18820.3,21169.3,23790.9,18766.9,25216.6,23287.8,25604.8,20714.2,19835.9,21246.7,24043.8,29385.4,35870.3
30931.2,29207.2,29122.6,27187.8,25350.5,21977.9,20729,22681,22784.5,18738,21390.7,23417.7,23426.9,22817.9,18886.6,23729.6,18919.5,23015,20787.1,21107.2,20232.1,22486.7,22067.9,19934.7,19081.1,19549.1,24303.3,23249.1,22511.4,19124.6,19613.6,24561.2,21739.8,19245.2,22721,22353.8,22753.5,24203.6,22916.5,18113.1,24312.9,19524.9,19418.9,21823.5,20824,18502.5,22923.7,22319.9,20073.7,17943.6,19394.7,21161.9,23015.1,23747.4,21063.2,23564.3,19449.3,18582.3,23910.5,20610.4,19982.3,22154.3,20488.9,23359.6,21356.2,24016.6,24034.5,18705.7,20815.2,23922.5,20451.8,20169.3,21562.6,19349.8,19185.2,22364.2,23707.6,24675.3,19937.6,23784.8,21102.2,21220.5,22098.3,23418.7,24703.9,19408.5,22254.4,20244.6,23241.2,23764.4,21949.2,19429.4,24618.2,26018.3,22487.8,22017.5,21012.6,25225,22407.4,20113.3,21320.4,19412.6,19069.2,20110,18717.5,18640,21851.1,21118.2,21250.4,23126.2,21249.3,19722.6,25178.4,20415.2,19695.7,20363.8,25023.9,24481.5,21538,24394.4,24697,21818.6,22924.2,22427.7,21212.2,18560.9,23129.4,21991.6,24717.8,21648,22159,20623.6,20316.1,26097,25563.1,24770.5,21014.5,19290.1,19326.3,22215.7,19449.8,19255.3,21096,21151.4,19641.4,23353.9,20485,21432.4,19692.2,21708.5,19620.8,22386.3,19114.6,20541.6,18225.8,19071.1,20148.8,20442.8,20577,18632.2,21159.7,23405.1,19515.4,24026.1,22951.7,19579.5,19211.5,24014.9,25043,23346.6,20599.9,23007.4,20298,22673.2,23886.3,20964.6,21609.2,20806.9,21464.3,21116.3,26363,23975.4,26133,25526,22385.2,22848.4,24711.3,22293.9,25348.3,25528.9,22114.2,20300.1,25072.9,26649.6,26342.9,21578.5,24495.6,20868.9,24140.2,21588.1,22783.6,22459.6,20599.6,25171.3,20691,24322.9,20894.3,23102.9,25806.1,23113.7,21289.8,21352.2,25375.4,21787.7,22345.5,19843.6,21690.2,22118.9,19519.6,25825.4,21781.7,22524.6,22687.3,20670.8,20613.1,20359.7,23447.2,21444.7,22681.7,21356.9,21818.7,24481.6,25238.6,25136.7,25092.6,25597.2,19749.4,23852.5,24156.5,22702.5,23901.9,23593.7,23204.5,22190.4,19179.6,22642,20459.3,19876.3,21597.4,26281.6,24290.5,24270.9,20849.6,24116.7,22524,21000.6,25611.4,21391.2,24047.5,24291.9,20423.6,26142.8,20038.9,21983.8,22777.8,23445.3,24880.8,23951.8,21442.9,21038.3,24908.6,22644.1,20782.8,24014.9,25485.9,26429.5,25021.4,21650.5,25232.5,22843.2,26810.8,23354.5,20785.6,19655.3,20553.7,20639,25472.2,24294.1,22706.4,24048.3,23607.8,19558.3,24203.9,23934.9,21762.3,20106.5,22546.8,24186.5,21488.1,21039.2,22330.4,22078.2,22172.3,22375.5,21505.7,19892.5,24230.8,20149.8,23728.6,20492.3,20023.3,25444,23056.9,19274.2,22360.4,22101.3,20050.4,21971.3,19988.7,21193,24411.1,23718.1,20227.1,25514.2,24586.2,25063.3,22581.9,23245.1,24113.4,25246.4,21838.7,21599,23673,21971.2,21782.5,23368,22081.5,23943.9,21249.1,25273.6,21253.3,20492.8,24277.4,20761.1,21893.8,23051.1,22366.3,25174.4,22585.7,20983.1,23140.9,21931,23937,20446.9,22614.8,25229.3,25540.6,20401.4,18398.6,20937.2,18586.8,19692.2,21826.3,20377,21928.9,18260.5,20868.2,19561.6,21152.6,19396.9,19413.1,21307.9,21447.9,23810.9,23984.5,22134.3,21516.6,20800.7,20602.7,21831.4,25678.4,25680,29767.4,36677.8
32754.8,27632.8,27843.6,22404.8,21169.6,22098.5,24248,21604.9,20929.7,18434.8,19422.8,18634.5,21107.7,19323.2,20981.2,23082,21875.3,19023.2,18707.8,22180.2,24520.5,19689.6,19434.7,22239.3,22999.5,19468.2,24601.9,24405.8,19901.9,24321.5,20788.1,22693.4,19898.4,24290.7,23350.7,20851.5,23722.8,20974.5,23460,18167,19390.2,18898.7,21182.3,23169.1,18676,19256.5,23728,19550.4,19637.2,19085,18894.7,20472,20564.6,18735.5,20186.3,20058,20695.8,22824.9,23596,23070.8,23888.7,21568.6,22741,21119.4,22490.4,21404.6,23083.4,24288,23818.9,23623.3,21146,20832.8,20703.7,22527.2,25022,25003.4,25337.1,20702.9,25401.9,24664.8,23189.2,19419.7,22468.7,24673.3,22249.8,22701.5,19959.1,25851.4,20413.1,22094.7,23206,20969.6,23234.4,22008.4,23926.3,20296.5,21685,20806.8,21339.3,23855,25397.7,20114.1,19262.1,25177.5,23446.1,20759.5,20126.3,19812.3,23425.4,22958.4,22395.7,22927.4,19528.9,21918.7,19048.7,24965.8,25370.7,20634.5,19784.7,21610.2,21635.4,20509.6,23815.7,20150.7,20191.3,20870.1,18802.7,19201.9,24741.5,25858.4,21768.3,26016.4,25759.3,20149.9,20113,22917.9,19602.7,20031.8,23425.6,21685.1,22891.7,23109.1,19235.6,21616,19108.2,21701.7,22547.5,23138.6,24061.9,22129.3,20830.3,20538,22006.6,21139.8,17205.1,22603.8,20163.7,22356.8,24218.6,18991.9,23096.5,24046.7,21876.6,19387,23189.8,21949.4,24471.8,23866.6,19507.9,24499.1,25693.1,23198.9,21094.7,20537.3,20714.3,24708.1,20289,21239,24204.4,21719,24278.2,25674.5,25335.8,25351.1,20218.4,26247.5,20163.1,24874.7,24289.2,23412.6,21455.6,20451.7,21427.5,24004.7,22122,22334.5,25944.3,20651.9,26100.9,20405.9,21213.3,25045.3,21518.5,20920.7,21110,25207.2,21181,24954,23626.2,20101.4,24685.2,20318.3,20214.7,25298.7,23711.6,22594.6,25845.5,22632.4,24636,23950.5,24463.1,20477.3,19901.2,20701.2,24142.1,20020.1,20342.9,25331.6,25287.8,20753.5,23779.7,24798.1,23582.1,20995,25421.5,23490.4,22719.6,25080.4,23332.5,20496.7,21661.6,22040.8,19800.6,20509.2,19657.7,22943.1,24115.1,25139.9,21754.4,24369.4,26589.2,24508,20224.8,22317,20605.3,21994.8,20267.1,21150.3,22695.9,22096.2,21559.7,20674.9,22073.2,20068.6,26093.5,22281.2,23258.5,24313.3,24885.7,24402.9,25966.3,21763.8,23872.7,21672.7,26336.4,25417.7,23532.5,24671.5,21420.7,23709.1,22334.3,23704.9,21854.9,25323,21008.1,20280.1,23026.7,22258.2,24538.1,25038.6,19948.2,20208.8,24844.1,24484.2,23648.9,19424.4,23490.5,19418.8,19366.8,19453.2,23599,19696.9,21624.2,20157.6,20191.7,24740.3,24365.5,25457.2,21373.6,20031.8,19368.6,22856.3,22974.2,19384.1,20982.4,21316.5,25506.9,23796.3,20137.5,21306.6,20144.3,21593.1,24305.6,20698.3,19954.9,24896.5,23688.8,19361.1,22549.9,24839,19835,18605.5,19945.6,23739.5,23014.3,19409,20809.3,20959.7,18836.7,24030.4,21386.8,25106.6,18849.5,19622.1,21004.8,22189.1,18963,24381.1,19846.8,18998.4,23932,21269.6,22155.4,23028.9,21538.4,19414.9,19797.5,23855.2,18368.5,19346.3,18748.7,19747.2,18299.3,23508.8,22267.2,18114.1,19283.8,19475.7,19343,23583.5,25345.5,22618.5,22390.2,18974.5,22394.9,23404.1,23194.8,23266.6,24029.9,23794,27345.5,27477.7,26297.3,31676.9
33912.8,30626.5,27540.8,24785.2,24161,20054.5,24475.6,24656.2,20156.7,18604.7,22166.6,23602.6,23859.9,20252.7,22111.5,20585.4,21871.2,21734.9,24886.4,20733.6,21012.2,20366.6,23671.1,18842.1,18712.9,23247.9,18823,22382.5,24025.2,22203.3,20105,22580.2,20837.5,19711.9,24201.9,23634.5,23475.3,20514.1,23535.4,18179.1,22090.1,20083.8,21763.1,21725.3,19277.2,23978.5,21399.1,24342.8,23595.5,20619.9,18103.9,23841.6,19778.1,17933.3,22490.1,23349.1,24114.7,22469.1,19995.8,20834.6,21535.6,20119.7,21832.8,18520.4,22063,18268.9,19549.9,20787.6,21103,18557.9,23369.4,22202.1,23600.4,22175.9,23374.9,21404.8,19371.6,25294.6,24469,25468.5,19771.8,24693,20179.2,22482.3,19477.6,23776.7,22266,25466.3,19903.6,23570.2,24790.4,22328.5,21979.2,21421.2,21949.9,21431.2,20185,21182.8,23912.2,19148.3,25539.3,24487.9,24949,20493.8,24700.9,23455.9,24394.3,22129.5,21644.6,22114,21239,24222.1,21848.4,23993.6,20231.8,24360.1,21100.2,19692.2,23783.8,19355,23125.1,24480.6,20735,23916.2,24078.3,20491.7,21344.5,23723.2,20919.8,24410,25787.4,23653.8,22140.7,23313,25446.1,20092,24041.2,23025.1,23343.7,21842.9,19099.3,23623.7,22093.2,18967.7,20590.4,21170.4,18552,21582,24244,20204.9,19012.4,19365.8,19343.1,23466.3,20995.9,19753.9,19311.7,22254.2,18822.8,22436.9,22600.3,23585,18796.8,22838.3,21343.7,20302.9,22912.1,23349.6,23394.8,25466.5,20867.2,21909.3,25836.8,21779.4,22834.8,24151.2,21270.6,25300.5,21168.3,22675.7,22745.1,21362.9,25415,21209.9,20013.4,22316.4,20415.3,25185.1,22304.4,23205.6,26560.5,25117.4,25797.4,22716,20832.9,20434.4,22413.3,24204.1,21362,21559.3,21943.1,22777.4,21106.2,21522,20203.4,23823.8,24963.8,24027.4,22030.7,25127,24135.5,25488.5,24870,20057.6,25324.7,24194.3,20033.7,23657.9,23933.8,20562.4,25533.3,25537.5,25502,23768.3,23605.9,24926.9,25982.2,22442.5,25241.7,26101.2,22443.3,25168.8,23197,20933.8,20215,21187.1,22052.2,21282,23427.3,20144.1,24405.5,23082.5,25817.6,22377.1,22579.6,22456.5,20291.5,24453.8,25752.6,22046,20319,22458,22319,22214,26205.5,20326.4,25763.7,23929.6,25605.5,23547.3,23038.5,20821.9,21945.3,26012.8,21876.7,23272.1,23529.3,23675.2,26469.3,22844.7,26415.4,25812.2,20103.8,26098.9,20398.1,21002.4,20528.2,20206.7,25967.3,21927.8,21381.6,20299,25840,21721,23686.4,24609.4,22882,24140.9,21337.3,25630.3,24277,21866.4,21549.3,19641.8,24431.1,21550.2,19673.5,24303.4,24693.9,19492,20114.8,20612.2,25818.3,22757.1,24200.4,25543.6,21629.9,20952.5,25155.2,21073.9,22689.7,19576.7,18993.3,23226.8,25381,23333.6,18774.7,19058.6,24505.9,25261.1,23705.7,24515.4,21743,24082.9,24209.4,19212.7,18611.1,24974.8,21552.4,25097.3,19546.4,19866.2,24647.1,18696.9,25013.7,21364.7,22590.9,24582,24223.4,23926.3,19286.2,23924.3,22793.9,21500,20990,21672.9,20574.3,19099.7,20650,18783.4,20427.8,22316.5,23635.5,19666.4,19894,20017.5,22439.3,23948,22466.4,21094.2,20395.8,23041.9,20815.2,21689.7,21898.2,18167.6,22658,18669.3,19277.2,23361.9,22322.6,22442.7,24841.5,19146.2,21487,19963.2,24649.5,25022.4,22824.5,21722.9,27245.5,27334.6,26133.5,31642.1
33578.2,31088.2,26767.1,27186.7,22359.9,24303.1,21453.2,23334,20016.5,22084.4,19709.5,23735.8,19244.8,19963.4,20063.3,24044.5,23088.4,24696.8,21312.2,19565.3,20428.8,19527.2,20420.2,23843,18764.8,20370,22916.6,18654,24680.7,22705.6,24639.7,21502.5,21912,23586.8,21212.2,20539.1,19781.5,24326,19382.8,23203.2,23061.7,18957,19529.7,20025.1,18923.7,18114.8,20575.2,21976.7,22893.8,21457.1,19685.2,20276.7,22665.2,19504.4,20721.7,18448.5,23542.5,19798.3,18391.2,22578.4,20907.4,22973.3,21310,20878.1,20124.3,21989.9,21374.5,18891,20279.4,18942.9,20967.2,24513.8,21245.7,19296.7,20705,23354.4,19355.4,21488.2,21355.1,19510.4,23943.2,22992.3,20195.5,23924.1,19303.9,24431.6,24731.3,19868.9,20407,23523,20433,25216.2,19567.2,23556.3,25908.1,22217,24931.5,23226.2,22536,24104.8,23270.5,23478.6,20289.3,25502.4,20742.2,23571.7,22233.4,21812.2,23966.6,21502.3,19692.3,21472.8,24079.5,25097.4,22564.7,22727.8,21570.1,19792.8,24861.5,24499.8,22646.8,19796,23612,22649.2,18668.1,21144.1,24554.2,19511.2,19033.8,22004.8,23687.4,26126.4,25263.7,26217.7,19874.4,21608.3,22358,19871.3,22850.1,22540.3,18799.4,20866.8,24444.2,18475.2,22444.7,23164.6,19351.9,19481.5,19882.9,19286.2,19689.2,23664.8,21145.5,20103.2,16306.1,19262.7,22050.2,23580.4,21156.2,18772.2,20372.3,23622.5,22927.6,19571.5,23763.9,20858.9,24038.2,20004,24781,21705.9,22046.3,24558,23541.2,24120,23555.7,22643.7,26007.9,26881.2,20328.2,22770.2,22069.3,20720.7,21587.1,24885.2,24419.5,20254,21092.5,26611.3,26582.7,22041.8,21554.3,22593.1,24655.8,20664.3,23681,20534.7,25388.6,23917.7,20117.4,21721.4,23017.1,21285.6,22377.3,25425.1,25111.1,22400.9,23629.3,22896.8,25884.9,26196.3,25342.8,21941,23359,20822.5,21993.6,20413.4,24433.2,21389.8,25811.7,21268.4,23166.1,24050.8,23625.4,19546.3,20888.7,20268.4,23679.6,20837,21354.6,22100.6,24883.6,20975.5,19985.4,19956.9,21269.2,22690.2,25127,20098.2,22878.7,20208.9,23584.4,24362.7,22745.9,20636.1,21466.5,20315.6,25449.1,21925.5,25961.6,26409.4,21255.8,22369.8,24437.6,24487.1,24666.2,24577.6,26179.8,21851.4,20666.7,23163.6,25885.3,22939.9,21573.2,24340.1,20022.3,26488.2,25256.4,22654.6,23276.1,22747.3,25305.1,24148.7,21819.4,23272.3,25632.3,22487.3,21957.9,24869,25452.8,25993.7,20962.9,20016,24146.7,20916,19734.8,25716.6,22638.7,25133.9,25175.4,24398.1,21686,23376.8,22168.6,22512.5,24156.7,21818.3,23873.2,24341.6,23987.3,24453,25595.4,21636.7,21641.5,22199.8,24625.2,23681.8,22205.3,25772.5,24045.3,21887,24903.6,22185.6,23661.4,25470.1,25112,23215.7,23099.7,24538.5,19928.1,20882.6,21666.2,24791,21856,25676.9,24101.7,22960.5,23218.3,22357.5,24287.2,23243.1,22312.2,24373.7,19615.5,23927.5,21634,23511.3,22117.7,19473,24515.8,25149.2,18772.8,24413,22658.9,23126,19761.2,23339.3,22592,22139.3,21044.2,23317.4,21544,23381,24379.2,19546,23142.1,19223.6,18623.2,19209.4,23985.5,18901.3,23188.4,18804.8,24141.1,20415.4,17768.5,22905.6,22544.6,23200.4,20972.2,21245.4,20176.8,23669.4,20527.5,25031.9,20962.4,22718.9,19745.7,19808.5,23860.4,25457.6,21230.7,28086.3,29688.7,36817.7
31355.5,31319.5,24835.2,22701.5,23781,21407,23722.7,21773.7,23788.1,18828.5,23434.1,20801.6,20716.5,18686.1,23746.1,21664.3,21229.7,19970.2,19395.3,23344.2,21939.8,24558.2,21354.8,18170.7,18891.2,19734.4,21079,22266.7,21640.1,24248.2,20608.5,20915.9,22493.2,24864.8,24748.9,22564.7,22823.5,18822.6,21472.8,21311.3,21955.3,22723.8,23393.4,19743.2,23082.8,18859.4,20343.7,23234.2,22289.5,23083.2,20826,24363.6,21340.4,18748.4,20313.2,24027.5,23762.4,23472.3,23194.4,19411.2,22569,19332.8,24331.3,19762.2,20995.4,22598,18777,19282,20065.2,20009.2,20580.8,23274.3,21789.6,24866.5,20839.5,22883.8,24008.1,23338.1,23840.7,21504.3,24295.3,20219.6,24670.8,25557.7,24532.3,21618.1,25767.3,24155.4,25880.4,25338.9,21286.9,22047.4,21371.1,20520.9,21479.9,22610.4,20151.8,25318.6,22454.2,23481.1,19331,19692.3,23419.4,19697.7,20391.6,21506.4,24310.9,23570.9,19724.3,22694.9,22019.9,24293.7,24143.7,20026.7,18909.2,20529.2,25328.4,22683.4,24459.4,24755.6,20733,19292,20773.2,23877.3,24854.8,23231.2,23454.4,21348.4,23247.5,22209.8,20056,20946.9,21202.3,21797,19601.5,24507.9,18900,18541.8,24152.3,19962.4,23392,20308,22114.4,21422.1,23112.2,18851.4,24173,23793.9,24192.3,22278,20353.3,22531.6,18259,19925.1,16884.2,21771.5,22772.1,21360.3,22514,22585.5,24305.2,24514.3,22010.4,24374.7,22145.5,24710.7,20002.1,21750.5,22724.8,25352.3,22047.2,21108,21295.7,24633.1,20200.3,22497.2,25409.1,22960.6,26674.9,21232.2,21198.4,21749.8,25556,21277.3,24728.4,20563.9,24766.9,22781.8,23258.4,23146.1,22988.2,25647.8,25503.6,22222.6,23508.6,23443,26666.3,22376.9,24804,20455.4,26343.5,25034.6,20488.3,26291.6,21618.5,23784.4,25555.5,22548.3,24904.2,21225.2,24958.5,26163.9,24941.4,26584.2,20328.9,24372.5,21368.4,20772.8,23519.6,21110.9,20152.7,25365.3,25314.8,23883.5,21306.5,19845.5,24318.4,20003.3,22603.2,26013.3,20226.1,20654.9,23048.1,20695.1,20788.8,21104.2,20723.8,24924.9,21709.7,21138.1,20639.8,21588.9,21859.6,19954.8,20357.3,25911.9,21655.4,25060,21739.1,23996.6,21037.1,25651.3,25403.5,26231.2,21968.6,27078.6,23426,20510.7,21243.3,25858,23190.5,21427.2,23423.3,26340.5,21544.4,21260.1,26181.3,24631.1,24806.7,25234.6,23506.1,23398.1,26505.7,21331.2,26263.8,25614.3,20015.2,26447.9,21254.7,21074.5,24460.4,23541.8,25318.4,24058.8,24651.3,25429.7,22774.9,22981.5,24396.3,19237.4,21668.7,21506.2,24911,19575.9,22048.3,21716,22118.3,21676.7,24991.9,22678,19655,24692.3,22431.3,20033.7,22475.8,20909.9,22061.4,20276.2,19442,19565.5,23267.8,25712.2,19744,24993.6,25409.9,21965.6,25534.9,19583.2,24149.8,25446.9,23261,24860.6,25739,22063.6,23948.6,24470,25392.9,25799.1,20984,21556,19438.2,25086.4,22937.7,24435.3,21829.7,22384.9,19097.7,22989.8,21533.3,19000.6,21500.4,23432,19393.6,23431.7,21870.3,22288.8,19566.7,22347.7,18739,21965.6,24043.6,19751,18058.1,20246.3,23727.8,23890.3,21245.7,23396.9,18782.4,18936.9,23528.8,20262.5,19341.9,19815.3,18532.9,20200.4,21253.5,22820.8,22424.5,20175.7,22114.7,19345.7,22675.9,19493.6,19429,23433.4,23888.1,25232.2,19774.1,23271.9,25825.1,26152.4,28610.3,35240.5
34578,30289,27372.1,27792.4,26553.3,24125.6,19874.4,24257.9,19571.2,19450.7,20131.3,18865.4,22713.7,21335.1,23550.4,23426.2,21101.9,20117.3,20344.5,22579,20642.6,18324.2,21015.4,23869.9,21828.2,23855.3,19013.8,21721.3,23608.9,20235.4,20118,22797.4,22528.5,20488.2,19299.8,24388.8,23541.9,21907.8,23334.5,21108.7,19727.8,19150.6,22729.4,22351.6,19637.9,20656.7,18725.5,23686.6,23249.1,19629.5,21451.3,18361.1,20079,18869.4,18878.8,21110.7,23252,23375,18991.9,20877.5,21698.8,21299.8,22775.2,23829.5,23406.1,19696.2,22100.5,22154.2,23711.7,20461.1,19684.7,18874.8,21731.3,20767,25230.7,21239.9,24464.5,25086.8,19317.5,19570.8,24317.7,23428.2,21836.5,20147.2,21060.8,20133.4,23882.9,20341.9,21710.4,24978.8,21455.9,23655.4,21748.7,23172.8,21371.7,22003.5,21399.9,24382.5,21473.8,23629.6,24206.1,24696.8,25635.2,19334.4,21680.6,24906.5,23949.8,19575.6,19451.4,22551.9,23548.2,19101,24172,19943.7,20649.5,23331.3,20641,21222.5,21061.8,21909,18986.9,19929.9,18291.1,20917.3,19860.5,21995.2,19818.5,23236.8,25407.7,22836.1,20113.4,22204,23579.2,25948.9,24790.1,25394.9,21011.4,18748.1,20604,23556.6,19763,20539.5,18827.3,21811,20353.9,20019.5,18849.4,21513.6,19500.5,24188.2,23537.9,23135.2,22250.9,19989.1,15985.3,22568.4,23291.6,18995.6,19341.8,20232.9,18880.5,19735.6,18893.9,24813.6,25315.1,23846.5,19049.2,20266.8,20648.6,23690,25588.6,21929,24633.6,21648.8,23436.8,22958.2,21067.1,23200.3,22497.7,23431.2,21737.7,20272.2,21235,24195.3,21308.8,25195.6,21402,21961.1,26454.6,26117.1,26539.4,24207.7,20465,20426.4,23997.9,21927.3,21948.2,24093.1,25159.2,25420.9,23725.6,20718.9,24412.5,24756.9,20409.9,24784.8,23483.1,24717.3,23637.7,23889,22559.8,23917.4,22438.1,24368.9,22955.6,25448.8,22189.7,21943.5,22590.7,26112.9,22880.1,19858.5,24387.1,26147.5,23124.1,23603.5,24144.7,24970.8,25371.2,22478.4,20929.6,21698.3,23356.8,21021.1,21945.7,19486.3,24481,19992.2,20326,20880,21638.6,21235.1,20171.6,20480.9,21591.2,20190.6,19786,25644.5,22839.8,25102.3,23302.5,25273.9,21596.4,20528,21194.8,22363.8,21487.2,26279.5,24148.2,22790.8,22620.2,24932.9,21031.8,25589.5,22524.6,20435,22729.8,26255.3,24177.4,24477.6,24449.4,20597.7,20394.7,23453.4,20367,21081.8,21056.8,23950.4,20245.7,21318.2,24024.2,24467.2,20942.7,20060.6,22243.4,21903.1,24883.2,24750.8,25714.4,20774.5,23875.6,23014.6,20944.6,20681.6,23270.7,21364.1,25622.3,20333.3,21277.5,25078.1,25214.3,24176.8,22809.6,21410.7,20592.5,23965.3,21105.5,24266.7,18999.2,23044.5,21006.1,22568.1,21156.4,19933.7,23594.5,23600.3,24629.9,20038.2,23882.7,26108.2,26027.2,25738.1,22555.2,23971.2,22543.6,25425.3,20663.5,19886.9,20999.2,25169.5,24712.2,18746.2,24738.9,23235.3,23608.5,21843.8,20140.4,18607.9,20886.8,21143.3,23168.2,19954.5,20758.1,22893.6,24825.1,25073.1,20422.5,19759.8,18112.5,19714,23552.4,24332.9,23646.2,21659.9,23251.5,20710.4,23770.2,18123.4,21919.2,20636.2,23518.8,18814.6,22200.1,23023.6,21346.4,23320.2,23298.2,23373.2,23119.6,19837.9,19791.4,24070.7,23330.7,21712,21138,22383.6,23163,24154.6,24010.9,20757.3,26574.1,24631.6,29208,30595.6
33884.4,28277.2,25129.8,21835.3,20372.7,23801.1,19280.6,19770.9,23712,21454.3,21684.5,19426.2,21014.7,21956.4,19186.8,22924.9,21827.3,20409.4,24633.1,19871.3,18610.5,21803.9,18676.4,19169.1,24096.1,22576.7,24090.9,24040.4,20682.4,23214.6,19818.2,22984.4,24486.4,18590.7,23519,21881.4,18916.7,23694.8,21350.8,18846.3,19535.8,19649.4,18423.3,18178.4,19685.8,21538.5,22032.5,23814.7,21075.9,22458.9,20726.8,19137.3,18560.1,22254.3,19225.7,23347.7,20142,21862.6,23745.9,23780.6,19186.8,22487.5,20034.9,17912.2,24377,21689.3,23430.4,19698.1,22100.9,18770,19160.5,21718.7,23577.7,22851.5,24952.8,22065.7,23016.7,23313.2,24401.7,19736.7,20689.5,21871.7,24984.5,25887.6,24672.9,19748.9,20764.6,24337.5,23968.5,20226.4,24121.9,25325.3,23045.2,21614.4,24076.5,21584.9,22194,25684.4,19458.2,22463.7,19368.3,21418.6,21833.6,20534.9,21667,22508.1,19655.6,23154.5,24723.6,20618.5,21596,23674.9,21617.5,24256.2,22763.5,22130.4,19307.9,24920,19666.1,19386.4,22972,20969.1,22403.5,20176.2,24355.7,23106.2,21530.4,22324.9,24620.9,20186,23489.7,21251.7,25248.4,25819.3,26168.4,21900.3,19040.6,21961.9,21154,23786.9,23225.9,23847.3,20647.3,24495.7,23649.7,24446.4,18890.2,18607.3,21632.8,19366.4,20546.5,23067.8,23536.9,22711.7,16655.6,18525.5,24005.5,24686.7,20958.2,20833.8,24217.9,21325.6,21412.8,19967.7,19648,18771.8,21419.2,19737.3,25434.7,25261.1,26312.4,20572.2,25042.2,22418.3,26323.6,24646,21995.8,24103.2,26321.9,21793.9,24532.5,22662.3,21918.6,22033.2,21342.5,23093.4,20141.3,23455.8,23901.5,24998.4,25119.9,26131.8,26645.6,26778.6,25121.4,22731,26768.2,23159.1,22761,20398.7,22423.8,24709.2,22972.8,21315.6,21603.8,20364.5,23473.8,21482.3,24867.5,23457.9,23744.6,23271.9,25155.3,23682.7,24470.6,24542.9,22307.8,22580.5,21716.4,24695.3,22015.1,21850.2,22807.6,22581.8,20086.1,26481.4,25746.7,24305.8,24888.7,23028.8,24934.4,21785.1,20538,23095.2,20025.8,22414.1,24786.4,20093.7,20589.8,25342.7,23865,26180.6,24575.7,19959.3,23783.3,22511.6,23386.2,21685.8,21507.2,23427.5,20339.5,25474,26431.9,25612.6,24035.6,24419.5,21656.6,22346.8,20893.7,25752.2,22390.9,19872.3,20987,26142.6,24912.3,24017,25684.6,22368.7,22238.3,22383.8,19954.4,21432.7,22443,23029.7,24838.6,21003.1,19859.2,23203,20465.9,21014.6,26081.3,26251.7,20393.9,22093.7,21621.9,19832.8,20046.1,24783.1,22723,20283.8,25425.4,25025.8,20029.3,24156.1,19600.9,23926.9,24739.9,21817.4,21822.5,22307.1,22294.1,24584.4,21572.1,23112.2,20463.2,22930.4,19252.4,24836.9,20264.7,25240.5,24556.7,21834,23622.9,23482.2,24283.3,20292.3,19473.5,23597,23865.6,25940.6,22568.1,21022.1,21276.2,20909.9,20261.7,25730.3,19822.6,23200.1,20170.8,20982,20087.5,19007.5,20470.6,19586.5,24514.8,22619.5,22172.7,24176.8,19506.2,19815.4,18891.1,20851,21541.5,23023.5,22266.5,24816.5,22962.5,18358.1,19478.4,21717.5,18162.8,18226.3,19971.4,23522.6,18978.1,19728.1,21668.1,20559.6,18670.3,20732.6,24190,21742.4,20395.1,23182.3,23625.6,18331.7,19798.1,20342.8,23404.4,21392.8,18177,20516.5,22531.7,20391.8,20128.9,19293.8,23145.1,24365.3,22185.4,25096.6,24561.8,24786.9,28757.9,31329
35743.4,29251.6,24563.2,24696.3,23659.9,20649.4,22332.2,21822.3,23958.7,22931.3,22659.2,24741.6,22961.3,19347.6,24398.5,21413.7,23134.8,20969.7,24156.8,20140.3,19032.1,24536.2,20099.8,21022.2,19878.3,21719.6,21669.9,21730,22370.2,19132.3,18496.1,18733.2,23615,19232.9,23540.8,22415.1,18914.3,21253.4,22609.5,23825.7,19713.6,22919.5,19234.7,23472.1,21757.7,23767.4,18582.1,19263.2,18464.2,19615,23101.2,21415,18024.4,21041.1,24068.4,23187.9,19727.4,23499.8,24248.1,24251.5,20020.3,19023.9,22572.2,20087.9,23657.8,20172.4,18613.1,21279.6,20355.9,19265.7,24327.4,21413.1,24379.7,19943.2,24730.5,24709.9,25724.3,20753.3,25969.9,24987.4,24840.8,21939,19869.9,20533.3,24598.6,21164.4,21331.3,19560.5,22038.2,19378.5,24787.9,26031.7,23546.2,22458.1,21847,19790.6,24058.5,22289.2,20000.1,20617.7,25458.8,23434.2,22279.9,23730.6,20160.8,22325.5,24486,21785.9,22120,22104.5,22386.9,25050.8,21993,19171.3,24695.4,21206.8,23130,21262.2,20305.2,23336.1,23111.9,22937.1,23390.5,24125,18549.9,24438.7,19900.8,25064.3,24498,19213.7,19896.4,19640.1,22752,23408.5,20975.2,25035,21776.4,24155.5,23600,21012.9,22824.8,19730.7,20038.2,19636.5,20955.2,19770.7,24816,20950.3,21144.4,24095,21864.7,23738.6,19151.5,18949.5,20386.1,22749.2,20645.9,21631.7,20975.8,23065.1,23278.8,21064,19249.1,19323.3,24724.2,22097.9,19326.2,24046.3,19824.5,20585.4,22569.3,24412.9,26336.3,20621.5,23092.5,19940,24240.1,20520.8,21198.8,26797.6,24242.6,20361.3,25752.2,22226.1,20921.6,23627.2,21202.5,26204.4,21429.4,24961.3,21687,23118.7,20756.2,26785.3,21919.3,25522.4,21018.2,22536.4,22724.1,26268.3,21635.1,25878.5,25494.2,25418.6,25207.2,25659.8,26426.8,19968.6,25228.7,21992,20691.9,23842.1,20443.4,26712.8,26664.6,24071.1,23426,21154,23261.4,20476.3,19633.7,23221.8,20895.3,23109.9,22004.5,21878.8,24192.2,24667.3,22074,24809.9,25406.1,23554.5,23620.3,26221.2,25579.7,20032.6,21255.1,21892.9,20408.4,22058.4,19638.9,23170.4,21677.1,20196.5,19537.6,23935.7,22188.2,22613,26281.9,21711.4,23137.8,26247.2,24029.1,21128.3,24462.2,26572,22910.3,22439.9,22167.4,21159.9,21304.3,19792.4,20976.2,26006,24629.2,22709.3,24200.4,24330,21104.6,22875.2,25604.5,22679.1,25222.1,25202,23684,24269.4,23892,21187.1,24005.6,26293.9,22729,22399.1,24962.2,24922.4,21963.8,25061.7,22138,25320.6,24563.4,23928.2,24472.2,25582.6,19550.1,22588.3,22756,25649,25541.7,21913.4,24667.8,24566.6,20644.5,24591.8,25248.9,22887.7,19862.6,23816.2,23073.4,22030.4,21344.3,23828.8,25315.3,19666.8,22823.1,20546,23277.1,19576,24720.8,19540.9,24248.9,19428.9,19587.2,23052.9,23957.7,22824.9,24432.8,23185.8,25389,21685.3,21156.5,25104.4,23753.3,18710.2,21220.6,18653.8,22569.9,20008.1,22399,22063.9,19615.1,22083.9,18376.5,20740.9,19992.1,20680.6,23337,18743.6,21983.9,24524.3,23851.8,20051,23805.3,21442.4,21757.6,18717.5,22761.7,19502.6,23707.5,19819.8,17832.5,23554.2,23933.7,18997.2,19721.5,18484.1,18663.2,19736.5,19749.2,22413.7,21567,18733.1,20698,18386.7,20095.4,21663.4,22594.9,19184.4,19213,19156.6,20353.9,22722,20635.1,24809.3,26870.1,31611.4
34483.8,27148.5,24325.8,22335.1,26337.2,21266.4,19741.1,22105,22595.2,20418.4,18616.1,24185.8,21782.5,20474.1,18558.8,20339.5,20784.8,19748.4,24971.3,22987.5,20233.1,23800.7,24796.8,20177.3,22932.2,19115.4,19287.9,23477.8,22952.3,22991,21085,20085,18498,24019,24192.6,23695.7,20048.6,20490.7,24458.3,18479,22395.5,22220.7,19411.1,19256.5,19285.1,23433.8,21439.6,22383.3,20399.6,18847.5,20654.8,22198.6,18069.1,21188,21599.6,23429.4,24507.7,18218.6,19793.8,18880.9,18554.3,23617.5,22849.7,23341.3,20077.7,24285.6,21575.1,21050.2,21916.1,22226.4,23373.4,22724.8,25338.5,21544.7,19870.2,25337.5,22193.9,19287.9,19435.3,24483.4,20075.9,21422.4,21356.9,21144,21802.4,21183.2,19864.9,20637.7,25778.4,20665.8,22886.4,26064,24141,22545.6,23218.6,25025.5,23265.5,25147.9,25863.2,21317.1,20165.1,19350.9,20645.3,20898.2,19551,21971.8,20613.9,25246.9,24080.7,22342.4,24037.4,20359.5,20787.5,20877,22515.9,23298.8,20097.9,24865.9,23298.5,19437.5,19468.5,19469,24014.2,20603.5,23171.8,19339.8,18229.5,23190.5,20456,24411.9,23502.9,25508.7,20942.5,25495.3,21389.3,25750.2,21840.7,22359.8,23504.4,24569.4,21731.7,22027.7,22009.2,21405.1,20686.6,23896,20807.1,20314.6,22919.9,23441.2,21865.7,21400.8,23572,24448.3,21479.5,24496.4,22442.4,19468.6,23294.3,22943.4,23217.5,23478.2,20007.6,24044.7,23059.5,24448.6,23362.1,19615.3,20064.4,25059.4,21293.3,24183.4,20295.4,23454,26320.7,24637.7,24665.9,25940.4,25473.8,24432.1,25452.7,24792.2,20826.3,20659.3,23732,24923.2,21707.7,26509.2,20992,24965.5,25792.5,20718,24021.7,25653.7,26340.1,21458.1,20951.3,23285.2,25540.5,26244.7,26331.8,26713.8,21434.5,25512.3,25980.6,25314.5,22663.4,23942.7,23158.4,24737.9,22455.2,24856.4,25449.2,21923.2,22506.6,21182.3,22688,23747.5,21011.3,24936.4,20916.7,24359.3,22715.4,21081.3,23489.8,24484.8,25362.2,23356.7,25170.9,25225.5,21865.4,23389.1,20631.6,20830.7,23178.6,25864,25837.4,22176,25390.9,25238.4,24197.6,25036.6,24507,20952.5,20325.5,22616.4,23016.7,20629.3,23085.1,22817.1,25230.5,23683,25291.1,20610.6,24379.8,20887.5,23498.8,24243.7,22416.4,25250.3,25420.2,24427.8,20871.2,22151.5,24349,21794.2,20183.6,23266.4,25917.1,20038.4,23893.5,24008.5,24928.6,25267.8,23539.4,20697.7,24035.1,20475.3,26333.7,22907.5,20610.1,24361.1,21757.8,20646,23904.3,25519.6,25027.3,20365.9,23788.6,25538.6,25789.4,20499.5,19354.8,22118,24375.6,22863.5,22048.2,20452.9,19521.4,19493.2,20866.5,22291.6,20423.4,21564.7,19229.6,23470.7,20089.2,25291,21178.7,20125.5,21130.1,25460.6,24464,19578.3,17076.7,18733.9,20068.2,25164.2,19456.9,20543.5,25288.5,20615,19595.1,22261.9,24651.3,22561.8,20324.9,20105.8,22967.6,23136.1,20096.2,19794.4,24954.7,19417.3,21173,23598.5,23855,18527.2,23960.6,18510.9,18914.3,24545.3,19385.5,23958.8,19444.8,19621.4,22986.6,23515.8,20061.1,19978.5,20644.5,19827.4,18293.7,17824.3,21289.4,19107.1,22969.1,24035.5,19990.9,21382.8,21434.9,21964.6,19183.5,21147.4,21698.2,23619.4,19321.4,17554.2,24378.2,19213.9,22239.4,22042.6,22668.4,20036.3,23717.7,24651.5,22790.3,19073.6,18968.4,24898.8,23976.8,26748.6,26116.3,33943.5
32505.1,30180,26133.3,24145.6,24093.7,23843.9,21536.8,19976.6,24457,19410.7,21383.5,22943.1,24368.9,23154.4,19858.8,21028.5,22019.7,22200.9,20767.3,18911.1,23075.8,22536.4,24850.6,23185.4,22234.2,24654.4,22875.7,19349.9,23169.8,23831.9,23412.7,24344.8,23581.9,20501.7,22005.1,19944.5,23115.6,18903.9,23517.8,20520.2,23219.6,24479.6,24397.1,18639.8,24506.9,19414,23438.8,21779.1,20746.4,24239.5,18425.4,23117.8,20697.9,19638.3,22826.6,22478.8,23479.1,22712.9,21988.4,19171.4,22776.1,22371.4,18979.1,23956.8,18502.3,20960.7,21007.2,24035.4,19048.6,24964.9,24625.7,20988.3,20509.3,24461.5,19058.2,20429.3,22753.8,24480.5,22827.1,24590,22904.4,23676,22484.2,23457.8,19411.7,23353.7,19470,23096.1,22553.8,22506,20102.4,22626.3,23952.7,21477.1,19560.5,23492.5,23373.9,22400.2,25683.2,24029.6,20890.7,21789,21806.2,23469.9,25872.4,20985.6,24836,21519.1,25072.3,20184.4,19993.9,25055.9,25257.2,20779.6,23946.2,25016.4,23002.7,23087.9,20805.6,19232.8,21205.8,21764.7,22252.9,20788.2,24463.3,23483,23078,24392.5,22039.9,20129.9,22106.6,22476.3,20212.2,21521.5,25489.1,25297.6,24179,18938.1,22674.6,24470.8,22512.4,24483.5,20836.6,18464.3,22938.7,18448.7,21203.8,21680,19750.9,20017.5,21705.1,20639,24693.5,22034.1,19203.1,23105.1,19166,19894.1,21652.9,20465.5,19944.8,24264.7,24245.2,20354,24762.2,20110.7,24601.4,21677.6,23280,21418.7,23526.6,26560.7,25084.4,26167.8,21205.7,21868.3,23243.4,21257.9,24654.7,20457.9,22675.8,21051.2,24466.7,24017.4,22855.7,22405.2,22764.7,21845.4,24059.2,24263.9,24283.9,24359.6,24879.8,21446.9,22252.8,22303,24000.9,24107.4,25913.8,25746.7,23075.9,22821.4,21116.9,26329.6,25005,24455.5,23354.1,26372.6,26190.4,25889,21627.7,21330.6,21270.8,24983.4,23378.3,23591.9,25294.1,22467.4,23605.2,19781.5,22641.2,20479.1,19743.9,21123,25093,25622.6,21995,21530.9,20801.3,24920,25251,25538.3,24290.7,22024.4,24888.5,21529,22211,20616.7,21088.7,24673.3,23960.9,20278.2,23593.1,20392.7,22430.6,24888.5,25253.2,23252,26084.5,20016.7,22639.1,24806.2,21244.5,23791.7,24192,21750.1,20743.7,25113.1,22322.1,26344.5,26129.5,24248,21935.6,25422.2,22446.5,23544.3,22692,24076.3,25177.9,22725.1,25632.4,20899.3,20583.6,22704.2,24075.8,25620.3,20821,22279.9,25168.1,22962.1,20961.6,22784.8,25737,25143.3,25846.5,25770.7,23375.4,24489.3,22773.5,23747,19651.9,20063,24881.8,22397.3,22776.5,24076.2,19777.2,23447,20632.5,24609.9,19828.1,19540.6,20530.1,21876.7,23135,24619.8,22889.3,23870.2,23655.1,24455.6,21027.6,25286.7,19792,22834.5,24208,21734.1,19605.9,23337.1,21203.5,20844,24683.2,22078.9,20342.6,23309.7,19721.7,22670.1,20548.5,25271.7,22766.1,22265,25036.7,25720.9,19147.2,25139.9,21300.1,19440.7,22737.1,23091.1,22701.4,22420.4,24019.3,20600.4,23506.6,22309.5,21890.2,18782.5,21584.5,21480.9,22114.5,22068.6,22113.3,22599.6,21020,21011.2,22016.8,22096.3,20735.2,20436.2,20681.2,21632.8,18532.5,20262.5,17893.7,20202.1,18257.8,18717.7,21407.1,23100.7,23354.2,21373.7,18638.5,18282,23332.2,20549.3,23570.8,21122.4,21781.3,18783.7,20870.1,25195.4,26050.5,24191.5,26442.3,36236.4
32914.5,26134,26543.6,21958.2,26421.9,24599,24517,25280.3,23855.1,19741.6,21192.6,20506.9,18344,24265.5,22285.6,24286,20136.3,23795.9,19322.2,22014,19512.7,22110.9,23749.5,21202.5,22337.1,24888.8,23015.4,23247.7,23429.9,23369.2,19916.8,20633.8,22276.9,24106.4,24764.6,20038.6,20299.8,23064.6,21782.7,23448.9,18807,23159,19073.3,22079,18978.9,23317.6,22904.7,20120.9,21850.5,20081.9,23223.2,24196.5,20078,19124.4,21169.4,21433.1,20472.3,20898.6,20500.3,21527.3,19057.8,21312.7,24361.5,22606,18276.3,21190.2,22872.4,20543.7,24253.2,19118.8,20091.4,23141.4,21942.4,22485.9,20357.9,22335.4,19743.9,21993.1,19641.3,20610.3,20057,20919.6,21453.6,23780.1,23718.6,22956.8,25646.4,22934,22546.4,21123.1,25497.6,19516.8,23239.2,21207.8,21944.3,21696.1,22794.8,21094.9,23191.7,20876.1,25513,23181.1,19553.6,20171.2,20352.8,24589.3,20584.7,22748.5,19129.5,24964.4,20694.7,25396,20733.9,24362.7,25373.6,19136.4,23460.4,19647.8,20066.5,19991.3,24608.1,23875,23510.1,19310.8,20429.6,20601.1,22241.9,22876.7,21156.8,24446.6,19246.6,24259.9,24712.1,23377.4,23382.1,20864.5,22251,20727.2,20520.3,22886.8,18876.2,19656.4,21960.6,22885.7,19728.8,18896.1,20227.8,22941.6,18902.8,19009.8,19594.1,20014.1,18459.6,19867.9,20362.8,23999.7,24621.9,22925.4,22726.2,25022.2,19519.8,20251.2,20013.7,24239.6,23716.5,21520.3,19526.4,24723.8,23333.6,25284.6,24837.6,21281.8,23635.6,26351,24300.9,23487.3,22449.3,22255.1,23671.1,23339.9,25343.5,20255.2,21024,24814.8,20565.2,24899,23220.4,23658.9,22066.7,25458.6,24803.7,23587.3,24393.4,22698,25973.8,24758.8,23450.1,25565.8,21161.4,22928.7,20650.6,26252.5,25911.3,21392.1,21711.2,23352.4,25248,25139.9,23038.2,26557.3,24271.7,24275.3,25094.5,21390.4,21457.9,25317.6,22384.7,25904.7,20698,24869.9,25283.5,21306.6,25628.9,23565.4,25517.3,24800.4,20695.7,25750.6,24754.5,20326.1,20784.7,24431.5,25077.1,21088.2,22013.3,22828.7,21437.9,22808.2,20732,21044.1,24396.4,23497.3,22305.4,21104.3,22415.6,20485.9,22245.7,22180.2,21561.9,23256,23296.9,26098.7,21759,26044.6,24590.4,21550.8,26967.5,23816.9,21254,22913.9,24215.7,23954.8,19930.1,26237.5,24653.8,25949.1,23575.3,21944.1,20470.4,20881.3,19955.8,23066.1,21450.5,22253.8,22798.3,22640,21715.3,24790.4,22173.1,23324.2,22806.3,23845,24771.7,23251.5,25800.3,23296.6,23147.6,25403.9,23254.4,25388.9,21095.4,24248.5,25114.9,20436.9,22219.8,22904.2,23634.2,25674.6,21688.2,23571.4,21024.9,25658.2,25789.4,21132.4,22886.6,21011.3,22407.4,23420.5,22492.4,21675.6,21432.9,24416.2,25131.9,24607.3,22419.3,23025.4,22030.7,25909.2,25313.3,23154.9,19520.1,19847.9,19126.8,22325.2,22397.4,25604,20147.3,23673.1,20620.2,22218.1,20293,20382,23182,25423.5,24607.8,23142.5,21161.8,22773.8,22124.3,19819.8,22599.3,17903.3,17854.2,23979.8,21208.8,21177.2,19589.5,20545.8,23579.5,23166.9,20696.2,17965.4,19577.1,22478.1,23446.2,23510.8,19523.3,22025.6,22980.3,18446.2,20441.8,18056.3,20026.2,18591.7,17440.6,17837.9,22263.6,22036.1,23125.4,20450.9,20736.4,20976.1,22924.5,19204.8,18973,22645,21078.1,19417,18737.4,19900,20229.1,29103.1,30093.7,32146
32138.4,26783,25275.2,23912.9,26705.3,21664.8,20080.3,23339.6,20889.9,19763.1,23844.8,18975,21707.6,24140.5,20261,19434.1,24830.2,20637.5,21195.6,22982.9,24080.8,19066,24918.3,19967.4,21574,20312.1,24493.9,23078.5,18515.9,20114.8,24974.7,21467.1,19415.8,19509.5,24624,24376,19195.3,20629.7,24805.1,21596.4,20980.1,18962.2,21942.5,19738.8,23597.9,19205.2,24143.9,23185.4,23662.4,20853.5,23731.9,19193.7,21354.2,18500.4,22265.6,23197.3,22539,21884.1,20413.4,19523.4,22590,21431.9,20363,20279.9,21202.1,18471.6,22168.4,23295.7,24814.6,22440.4,23358.5,24929.2,24091,24854.5,22986.4,20317.2,25051.3,24980.9,22176.7,20511.1,20280.1,20982.2,22197.8,22958.5,20289.8,24539.5,22704.6,19728.5,23626.8,24105,19430.3,24108.7,25057.9,19762,19520.4,20827.9,22612.5,20691.7,19428.1,24755.4,23399.7,21171,20362.6,25471,20263.4,21664.4,23135.2,22897.7,25217.1,19307,22032.9,19650.4,24734.7,23219.4,19551.9,19346.4,19395.4,25029.6,19644.3,23776.4,22833.1,23613.2,20064.3,22842.5,19162.6,18830.4,18816.5,18634.9,19650.1,22779.7,21708.7,21659.5,25991.3,26330.5,21430.1,25811.3,21647.2,20243.9,20589.1,19627.4,19824.9,19991,22391.2,24307.7,20310.8,21470.1,21240.5,21000.3,23496.6,22724.5,20306.5,22450.8,23936.8,24616.2,21307.1,20186.2,23876,21059.5,24502.7,25245.3,22667.9,22157.1,19394.2,19270,19601,19100.3,20036.5,23912.8,21910.7,24436.7,25681.7,25060.2,20216.3,20284.9,22525.7,26051.7,25171.1,21949.7,24392,26436.1,25948.4,22941.3,23920.3,23599.2,26913.9,26572.1,24275.8,24682.6,21078.2,26954.8,25797,25626.1,25239.5,23664.4,24508.7,27076.7,26770.7,24578.3,21281.1,24872.2,22916.7,26205.1,23385.9,23824.9,26172.6,26224,20922.5,20070.7,23763.4,23788.4,24720.2,25618.2,21071.2,25266.5,21415.7,26798.5,25362.4,26724.3,23919.6,26224.5,23742.2,20892.6,20813.7,22380.3,21793.8,26262.8,20169,22300.5,22856.6,26221,22025,19653.8,22809,23083.3,24569.7,20614.4,24241.6,24365.4,25099.2,23527.9,20641,25244.3,25319.2,21682,23119.5,24387.8,21052.3,20800.6,25167.1,20874.3,20477.5,24528.9,25196.8,20895.1,20356.6,23827.4,25625,23828.4,22105.6,26198.8,20606.4,20525.3,26309.5,24908.1,26123.8,23377,20677,25129.3,20594.5,20576.6,19944.3,21400,25107.4,23505.9,21711.5,25115.9,26655.8,26603.9,25008.4,23735.1,21394.8,21106.3,21753.3,24768,24813.2,25204,23748.4,21249,22147.4,21141.7,24027.7,20572.4,23629.1,20000,21041.4,20695.2,19777.9,23870.5,19507,22529,20652.7,22416.7,25970.1,24087.5,25361.9,22883.1,21505.8,21074.7,19054.2,25531.5,21902.6,21083.3,21283,23858.7,20932.2,24871.2,25027.5,22408.2,24174.2,19980.1,23887.7,21586.6,24383.2,19961.9,25521.9,19611.6,20565.5,24104.5,24514.8,23912.8,20286.8,24267.2,22961.9,24402.9,21062.7,22924.7,23600,24634.4,23272.6,24297.3,21485.9,18683.1,23852.7,20773,18609,22140.8,24052.4,21101.1,22089.9,23533.9,20534.8,20873.5,22765.5,23153.5,23560.4,21510.6,19246.6,21656.6,20123.8,17605.5,19382.7,16942.4,18019.1,18134.5,18032.1,21756,22362.5,20256.5,23584.4,20140.2,19874.1,19752.8,19067.3,22802.2,24532.4,20687.1,24048.1,23808.9,19851.2,19128.1,24430.5,24012.9,29715.4,31949.6
33226,30371.9,24225.2,22379.6,20859.9,20242.8,23626.8,23817.9,22466.9,24228.7,21378.2,21925.4,23201.7,23961.4,22544.5,18430.2,22349.1,22197.2,21224.4,23469.3,22271.2,24212.8,19210,22573,25008.2,24425.2,20602,19981.7,22002.3,21918.4,24985.4,23867.7,21150.2,24491.9,21940.7,23459.8,19043.8,21710.5,20063,22591.3,22046.9,19173.7,22350.7,24233.2,21654.7,21783.2,19697.7,20659.6,23325.2,22895.3,20099.3,24806.1,21525,19080.8,19159,24564.3,21679.7,24541.1,21146.2,24313,24651.5,20587.7,23940.5,24396.6,21209.6,19360.6,22294.5,23733.3,23806.2,23870,21031.7,25176.4,21274.4,24576.3,22311.5,24594,23675.3,22366,20325.6,20348,22079.7,25472.5,22505.8,22468.3,24123.9,23883.2,24270,20445.4,25602.8,19388.6,22809.3,24862.8,25573.9,20476.4,20737.6,22857.5,21716.5,19448,20054.9,25322.3,25066.3,19705.7,24478.9,24130.8,24860.4,20735.7,23769,25851.1,21358,23588.8,23645.2,20488.9,23888,23696.9,25018.3,20714.8,19835.2,19133.4,25255.1,19727.8,23940.6,23070.6,23610.9,21034,24595,19933.4,18775.3,24099.7,21065.3,22550.1,23099.5,19583.9,21604.2,23885.2,23114,19595.3,22276.9,21308.9,24531.8,20223.6,20136.8,21232,23371.3,24803.7,19225.7,18640.9,20072.8,19832.9,19584.4,23117,19816.1,19566.7,23100.8,20150.8,18321.7,21258.9,24312.5,22967.9,23968,20890.5,24021.7,24888.6,23119.8,20404.7,20507,19719.3,24793.5,21252.8,19533.5,24611.2,21124.9,22423.7,21637.3,21492.5,22471.1,21559.4,24591.6,20432.7,23661.5,24852.4,24528.5,26099.4,22842.7,24982,20610,23763.6,26348,23469.5,25174.1,26492.4,23593.3,25916.1,24186.4,24807.3,21405.7,25621,26016.5,21515.2,20267.8,23807,25880.8,22497.7,20833.5,21557.6,21015,26419,22527.1,24443.1,22895.4,21101.8,24703.5,25970.8,26519.6,24478.8,23516.3,26425.8,20712.8,26406,20237.4,22337.5,23148.9,22676.7,25585.4,24084.4,23738.3,25901.2,25988.3,20128.4,24526.6,22121.4,19799.3,22181.7,22519.6,23066.8,22659.3,24432.4,23847.4,19588.5,25441.1,20887.3,25061.8,22364.8,23801.7,25557.4,22819.3,22846.1,19431.3,24927.6,24772.7,23992.2,25662.9,22300.1,22462,23816.5,21836.6,26824.2,22533.7,21175.2,20096.3,21429.3,20946.7,24922.4,21067.2,25894,24727.7,25801.6,22520.7,21577.5,21946.9,21596,21350,24849,23646.9,22479.4,23031.5,24499.4,23865.5,21615.2,26229.9,22467.4,24546,23636.1,21650.4,25651.2,22365.3,19448.8,25327.7,24248.5,24530.3,24356.2,19629.5,22202.5,21553.6,21914.9,24635,24771.5,24966,21431.4,24180.1,25878.1,22072.3,24470.9,21666.4,19343,19911.1,19369.9,23336.7,20907.5,22181.3,22992.4,19313.7,21271.1,22596.8,25114.1,19181.2,20217.2,21305.2,23245.6,22398.2,19768.4,20372.3,21720.3,24374.2,21083.5,21298,24574.6,21354.9,25493.2,22684.5,25216.9,24863.9,24215.8,19813.6,23322.8,25589.7,24398.6,21755.5,20084.8,19930.6,18533.5,22396,19367.1,22325.6,23965.1,19960.1,23513,20793.7,20272.7,23256.5,23383,20590,22466.2,20485.9,21544.4,17427.2,20698.2,17697.3,20134.4,20416.4,18387.2,19901,16951.2,21782.9,19571.4,22563.7,22848.5,22539.9,20434.3,22461.8,18914.8,19050.8,20493.2,17563.4,20758.1,23451,19581.8,19933.2,24044.2,22388.4,23614.9,20900.9,23700,25434.8,32443.8
32700.9,27142,28134.7,23284.7,20325.4,22831.3,20221.7,19936.4,23887.9,23852.1,25002.1,21187.4,20740.8,24043.5,20712.3,19692.7,22984.6,21142.8,19434.3,24742.8,23272.4,23035.3,21673.6,24311.6,19315.4,21348.7,22590.1,20106.9,24169.7,21347.2,25150.2,21633.8,20873,22043.3,21763.7,22588.1,24310.5,23176.3,20942.7,21232.9,21128.8,18870,18773.9,24193.7,23373.2,24516.4,24679.5,22143.6,24225.9,20363.4,20294,20386.3,23060.8,23976.3,24281.4,22696.3,21438,24149.4,22894.9,20380.2,23339,24034.6,18712.8,20423.8,19355.7,23791.5,23743.6,24755,24716.9,24635.8,21644.4,24934.8,19958.3,22472.2,25205.3,19891.6,22060.8,25214.4,25199.8,24458.5,20027.6,20100.3,20489.5,19575.3,25092.3,20586,21684.4,21815.3,21075.2,21010.3,21535.7,22784.4,25954.8,22804.7,21120.3,21973.1,22886.5,24232.5,21301.1,19350.6,21337.1,23569.1,20396.8,19495.3,23073.1,21485,25268.8,22677.2,21144,22658.4,21127.6,22134.1,19477.3,21943.2,23133.9,25387.8,24422.2,19129.6,21082.5,20891.3,20017.6,20098.1,22756.4,23323.6,21208.5,21659.8,25257.7,22071,24428.4,25360.4,21584.5,20827.3,23206.9,25539.4,20228,24129.9,23815,21779.4,22407.3,24757.8,18674.4,23406.1,21469.7,22355.3,19213.7,19182.5,22013.1,19222.8,22593.7,22684.7,24503.9,23272.1,23841.5,20148.6,18863.9,20834.4,20646.4,24474.3,21783.2,20356.3,25373.9,21164.2,21977.8,24221.1,24401.6,19336.7,21469.2,25534.7,21611.6,25238.1,22088.8,21412.1,21800.9,22991.6,23122.9,20400.9,26506.4,21280.7,23389.6,21369.7,22840.1,24141.4,20887.1,24188.9,23328.3,21120.8,21220.6,27011,20795.8,25257.7,21460.9,22566.3,24875.7,21811.9,25711.2,22236.1,26422.5,23293.7,21143.9,27026.1,22299.5,26569.5,20908.8,25936.7,24640.7,20276,20872.5,23295.1,25954.7,23089.6,26931.3,26303.9,25484.3,26177.2,24791.4,20482.6,23079.2,26508.7,20306.8,22231.5,21093.7,20321.4,26168.6,23105.7,23706.6,20071.4,25617.4,26121.3,20093.7,21659.7,26050.1,23756.3,20237.6,19928.2,22771.2,20292,20869.2,20824.1,24564,24921.5,24861,22723.9,23897.7,22662.6,23738.8,23882.3,22009.7,20249.2,20158.9,23650.1,26297.1,20316.9,24724.5,21902.4,26102.5,24530.5,20503.5,21272.5,25518.4,23730.9,22353.7,21253.3,24890.6,20337,22738.8,24569.8,22817.1,22160,22967.2,20095.4,24341.3,21838.3,20948.4,21505.6,26143,20761.8,23455.3,23178.7,26112.6,23322.7,23117.2,26362,21411.7,23261.5,19827.7,19364.1,19489.3,19211.1,23714,19659.2,25736.2,20839.8,20668.2,23617.9,20109.3,25415.6,22162.8,22802,22315.2,21295.7,20019,22038.8,22093,22672.9,22798.6,21367.8,22213.5,20383.3,21878.4,22144.6,21945.2,23189.1,23246,19208.3,25409.7,22364.2,19211.5,24207.5,22788.8,23902.3,23761.4,24522.8,20137,23317.4,19534.3,24004.1,21758.3,22464.4,21883.7,25006.4,22385.1,22312.1,19943,24806.1,23514.2,20389.4,20120,19592.8,24695.7,20742.2,23542.7,23056.3,24335.8,22327.6,22487.9,20043.4,22381.4,23914.9,23382.6,23674.8,21567.8,17336.1,20251.5,22876.5,19746.7,19102.4,20109.6,18719.2,22726.4,18196.1,16800.1,17343.8,16673.2,21498.4,22334.7,22263.6,21951.8,22594.5,19570.1,19576.5,17563.7,20347.9,24501.5,23297,18756.6,18576.7,23583,20470.5,20602,24285,20603.2,26541.8,26948.1,35057.2
33666.1,26456.3,26821.3,21708.3,20539.5,20631.7,22301.5,19858.3,23625.7,19653.1,23613.5,20242,21054.2,20310.9,24700.8,24740.2,21002.7,24814.3,22256.9,21985.1,22257.6,22206.7,4726.14,20687.5,22167,23204.6,22228.4,20999.7,19893.7,24748.5,23773.9,23600.2,19319.4,22709.3,18752.7,19573.8,24261.3,22425.2,19337.5,20095.6,24321,19024.7,21852.4,23055.4,18701.4,23399.8,22664.9,23339.5,22608.2,21058.4,21184,23258.5,22455.9,21071.4,23377,20543.4,24466.6,20872.3,21513.1,19990.3,21220.7,18439.2,20060.1,19833.9,20961.6,23454.8,21486,24307.5,19284.3,20923.2,23880.3,22487.9,19426.1,19270.3,20221.2,21982,21257.1,24928,24046.8,24644,21590.5,19409.3,22254.5,21923.8,25893.1,23624.2,20772,25597.6,26104.6,24425.5,19649.4,25125.9,21030.8,23984.8,24985.6,19816.8,23624.8,20560.9,25615,23319.8,22311.6,25657,22992.4,25784.7,25181.9,20796.3,23286.5,19231.2,25104.8,25349,23399.7,25281.3,24977.3,19198.3,22516.5,21949,18985.3,22768,23708.6,19522.2,21506.1,21567.8,21025.8,19055.7,22081.7,20529.9,22954.1,19673.4,20074.3,23115.3,23596.5,20134.7,24584.6,22636.3,24038.5,24912.4,21170.8,22766.5,23286.3,19779.7,22169.5,20352.2,23238.6,22788.2,22801.9,20596.8,22026.9,24088.6,20850.5,23994.6,23858.6,19529.6,23976,23709.3,16585.7,24197.4,21622.3,19510.6,24949.6,21629.9,25292,22619.8,20475,20986,20656.4,19346,22172.1,20189.6,25430.5,20751.9,23152.8,22108.2,22906.4,24014.2,23215.3,20563.5,26160.4,25658.1,24190.1,23824.7,25714.3,24384.6,20499.9,24926,26086.2,20918.8,22187.6,21789.7,22045.7,21971.8,21869.6,24809.3,22065.4,26748.6,23956,23285.9,22298.4,23706.6,24034.4,25010.4,22909.5,25334.6,26356.2,25230.7,25260.1,21744.6,26052.4,22916.1,21705.9,23057.2,22853.4,25684.4,23293.8,24020.9,20573.9,23221.9,26527.2,20424.1,23657.5,22545.8,23501.9,25167.2,22950,21645.6,25362.3,26056.6,23058.3,24214.9,21768.9,23209.6,24861.1,22396.7,20495.9,20157.4,26398.3,25466.8,21578.9,25620.3,20596.8,25656.2,21278.8,25077.8,19807.3,25473.4,25196.4,20899.3,19590.6,23396.4,23928.6,20709,23866.3,25872,21562.7,25458.3,20895,20644.2,22710.8,22634.6,21731.4,22084.7,24590.6,24748.9,21618.4,25836.7,22354,21491.3,25230.4,23715.1,23023.2,22472.4,21807,22076,22056.9,25735.4,25779.2,20908.9,20764.8,26236.8,24444.7,24465.3,21852.3,23231.8,21345.1,21750.2,22537.5,23772.9,23086.7,25426.5,23414.7,21039.4,25468,21935,22151.1,20552.8,20068.3,22317.8,22905.5,23239.5,19471.4,22648.1,20989.2,25015.2,20230.4,24217.5,24790.3,23979.1,24903.3,23424,24573.8,23474.9,21452.4,21121.6,24784.8,25327.1,23298.6,19958.8,23850.3,22822.3,21141.3,21052.1,24563.7,21870.6,22260.8,23746.7,20387.1,22342.1,23025.3,23633.3,22116.7,19296.4,22031.5,19909,23452.7,24445,24578.5,22516.7,25617.2,21294.1,20757.6,22596.8,18261.2,20841.9,23542.7,19169.2,21523.4,23420.4,21650.1,22338.8,18902.4,18014.6,19370.5,19886.7,19147.8,22805.9,17109.4,23447.6,22568.4,16831.2,22748.5,18287.9,21275.8,16719.2,20891.7,17050.3,18424.8,21095.8,22814.3,17535.4,18652.9,23109.2,20194.5,20175.2,21686.6,18732.2,19678.9,21870.3,24586.7,24471.7,18056.6,19937,19935.9,22723.8,31123.4,30340.2
34075.8,31337.4,28011.5,24864.7,22614.9,23256.8,23049.2,19382.8,20756.2,22696.4,23232.8,23742.9,20921.1,20543.7,19555.9,19341.3,20986.5,23726.5,21814,22249.8,19047.8,24743.2,22814.6,22900.1,20244.5,24931.6,24442.7,18676.5,24122.3,21427,23606.6,23169.3,22822.6,22699.8,23860.4,19572.6,20991,20882.6,19047.7,18812,20721.4,20244.9,20420.1,21406.7,18641,19103.1,24177,19529.2,22700.7,23437.1,20834.6,18678.2,23084.9,21244.6,21401.5,18693.9,22727.3,18978.4,24530.9,20814.5,22988.7,18953.7,23836.5,19323.4,20607.9,22712.8,18505,20003.9,25027.2,25133.5,24898.4,19948.8,19833.5,21214.1,19135.2,19263,24388.4,21712.5,22568.9,24432.2,25574.3,24789,21371.4,20294.1,19762.5,19664.8,19260.8,21358.3,22557.6,23671.8,20853.2,24549.8,21420.3,22602.3,21648,25813.9,19813.2,19609.1,21019.1,20296.3,26004.8,25519.8,20462.3,25705.3,24752.1,23080.2,19746.8,21873.9,25018.7,21403.1,21481.3,22746.6,23289.7,24530.2,21153.1,25117.1,20428.3,20187.9,25095.8,20683.1,21900,23505.7,19180.9,20704.6,23565.6,22810.6,23905.1,19631.5,19285.1,20844.1,21909.7,23149.6,25258.3,21132.4,24672.3,23463.8,21026.1,22624.7,21690,21232.9,22483.5,23956,22285.4,19511.7,21314,19371.1,21525.8,23496,24393.8,22127.2,21896.8,19593.8,20454.8,22451.1,17043.5,23703.8,25203.7,19621.1,21209.9,25257.3,22104,23836.7,21443.3,20457.8,19474.7,19984.5,21735.2,21392.4,23484.8,24750.4,20809.5,24197.4,26262.5,24577.3,21308.3,21157.4,23689.3,21681.3,22356.6,26218.8,26432.4,24068.4,25414.5,23725.1,23716.7,24542,22715.7,21479.1,21439.6,24522.2,24274.4,26608.5,21315.7,20947.4,23840.9,21586.3,22784.3,27025.1,25926.9,25867.6,23874.5,23811.6,24253.7,22721.2,22119.6,24289,25557.9,21962.8,25418.5,24235.7,26640.5,24490.5,25810.2,22746.1,26432,22062.7,21384.4,21638.6,21242.1,24498.9,23834.4,23845.7,21746.3,24099.5,23362.5,25833.7,23715.9,23141.8,26356.3,26686.7,22061,23127.6,20735.1,23115.2,20178.9,24733.4,22322.3,20307.7,21187.9,23391.7,20011.1,21027,23703.5,25973.8,24858.1,25032,23655,23238.9,22610,20633.7,22957.5,25594.2,22122.4,25614.8,21086.2,26174.1,21019,22833.1,20020.5,21796.1,20048.7,20919.3,23857.5,21007.5,21251.1,24861,24743.2,22327.7,20988.1,24068,21503.3,20782.5,21105.5,22586.7,25975,24781.6,21780.7,20951.4,21634.5,21921.8,23957.1,22430.9,24650,21139,23407,21733.2,24998.2,24209.8,23518.9,24918.7,19494.4,19564.5,23909.1,24273.2,19334,25570.5,24596.5,22337.1,20378.3,23821.5,20660.5,19406,24649.8,22778.1,22467.2,21659.8,22398.6,24541,22874.1,19523,25260,24368.5,21527.6,22168.5,20904.7,20017.8,20478.6,25925.7,19957.6,24733.6,20834.2,25824.2,24270.9,19632.1,22309.2,21525.5,25699.3,25824.4,22691.3,23516.5,19691.7,25194.5,20092.4,24997.5,25285.3,21503.9,25329,25674.5,25044.4,19684.8,23302.4,18530,22696.4,24731.8,24107.8,20295.7,22740.5,19258.8,23467.7,23694.4,17425.7,22525,18948.9,20108.5,23066.2,21888,21399.6,21108.3,20589.7,22572.7,18990.9,16359.5,21836.4,18288.6,18469.7,20656.9,18714,21143.6,17860.6,23227.9,17534.9,20762.4,23800.2,18777.5,20022.1,20270.3,23623.2,23481.1,23785.7,19266.9,24122.1,22988.9,29182.9,30439.6
31056,32057.8,28706.4,23673.7,26434.5,24812.5,25409.9,23504.5,19199.9,23486.5,22811.7,23428.1,24407.7,23525,21715.2,23633.9,21919.6,23898.7,19441.7,18838,22265,19243,24421,22625.6,24245.9,19161.4,22219.3,21826.7,18608.9,19254.4,20953.7,20820.9,19342.7,25056.7,25159,19936.5,19568.3,18947.3,23988,23505.3,23744.7,23470.4,24947.9,23507.4,25097.8,24704.4,22010.1,24165.9,19694.8,24389.7,23464.9,25042.9,22943.5,22986.4,20810.4,22973.5,21509.1,22234.2,21115.5,22990.9,18635,22860.9,22702.1,22380.6,23716,21305.4,19118.1,23085.1,22223.9,19832.3,19475.8,20832.7,22859.6,20554.7,21364.9,23300.8,23333.7,20073.6,22866.2,20190.9,24644.5,20854.9,20754.5,22951.6,24025.4,20474.3,20878.8,19924.3,22886,20083.8,24903.4,22738.1,20730.5,20202,20392.1,24036.7,21469.3,24486.4,21718.2,22598.5,19769.1,25145.9,25622.4,23936.5,24196.5,19495.2,24445.6,22246.3,23909.9,20155.1,24388.6,20683.1,25949.9,25691.1,25103.8,21974.1,25063.9,25121.1,24887.6,24442.2,22836.8,21678.7,25215.4,24773.6,24894.9,21502.1,20921,22383.2,24941.6,20264.5,24832.7,22523.9,22155.5,23685.5,26479.8,21715.5,22355.4,19430,21630.7,24754.3,19635.1,24550.2,24076.9,20258.9,22422.1,19781.8,20623.9,23705.1,21055.6,25200.4,21437.3,23295.5,21561.8,24003.4,20719,22151.5,20228.9,25000.1,23268.1,20094.9,22770.8,23039.1,19495.7,20083.4,22806.9,20948.8,21250.9,20705.4,20628,22901.3,20943,23489.4,25512.7,25711,21219.9,23258,26698.2,21299.5,25608,25258.5,22195.2,24285.7,26665.9,26991.2,26234.4,25839.8,25518,27152.9,23330.4,20792.4,22629.1,21468.1,26040.5,21038,23169.7,25566.9,23425.1,25922.7,21523.8,27131.2,25148,26288.2,23206.4,21545.2,23645.8,26109.5,24880.5,24631.6,20730.6,23043.2,21885.5,23018.8,25278.2,26173.3,21548.4,25361,26582.6,26324.9,22416.4,26029.3,22595.1,22121.3,24240.4,25409.8,20568.3,22946.1,24361.3,25516.7,21213.7,20983.5,22300.6,22562.2,25658,24359.1,21855.3,23220.1,25136.6,20925.4,20534.1,20323.5,20857.9,20901.4,23646.7,24594.7,23901.1,23604.6,25068.2,25537.9,23736.7,22054.7,20967.5,23424.2,23654.2,22142.2,23812.2,25082.4,22293.8,24110.1,22865.5,25709.1,21370.7,24598.5,22668,19993,25193.6,24353.5,24296.5,22796.1,22211.5,22317.8,22509.4,25192,21972,21628.4,26094.2,22792.8,24742.9,24034.5,22099.2,25385.8,22039.6,23735.4,19643.5,21880.4,20730.7,19725.9,25691.8,23331.2,25799.2,23281.5,20265.1,20387,21248.8,22893.3,22891.9,23388.4,23033,22142.5,20800,21870.5,21613,22651.6,20191.3,22882.6,19295.3,24537.8,24827.5,18939.9,22546.6,24225.3,25441.4,24498.6,19295.7,21565.1,23799.6,19975.7,24424,23646.9,22656.7,21860.9,20763.7,22787.9,23745.3,21119.7,22919.7,23928.9,20311.6,26064.1,22048.3,25420.3,21732.8,21943.6,22250.5,26024.4,19568.1,19589.4,19539,24690.8,20508.5,20353.4,19026.3,20977.5,23300.5,19983.1,20298.3,21835.3,22295.2,18463.5,18439.2,22687.8,20170.6,18850,18200.2,20739.9,16856.4,21803.9,19984.1,18927.1,16654.4,19231.5,22242.6,19555,16612.3,16710.5,15978.5,21735,16185.9,21306.9,16720.3,22049,20617.8,19409.2,23368.1,19156,20201.4,18815.9,22823,23952.9,19517.1,22607.7,25039.3,23539.3,29932.7,36623.9
35690.3,27084.8,27362.8,21483.3,20725.3,21423.8,22074.8,22023.4,23798.4,18833.5,23473,21800.1,23360.2,24298.5,25097.8,21418.5,21873.3,20643.9,24558.3,25081.4,21434.2,23176,18860.4,24976.1,21542.6,21198.6,20028.8,22800.2,18846.4,21889.2,19245.3,20743.6,20571.4,19010.4,23296.8,22207.4,24736.2,22325.3,23986.8,22095.3,22263.8,18969.9,19795.2,24577.8,23750.9,23884,21552.7,22581.9,22070.9,22647.2,22585.9,21467.9,23815.1,23323.2,24198.7,24094.5,20048,22903.6,24342.2,20039.7,20118.4,24548.1,24126.1,19973,22516,20023.2,21046.1,20995.7,24301.9,25231.1,24121.4,21220.4,21725.5,23589.8,21075.2,20459.3,24933.2,21887.9,19356.2,23294,21128.8,25670.9,25111.2,22261,20375.4,21075.5,22015.2,25312.3,24563.8,22054.3,23237.6,21332.8,22042.8,24028.3,22213.3,25238.3,24006.8,25952.6,25457.2,25505.3,20845.6,23833.1,24835.7,21085.9,25252.3,23084.2,24248.7,20606.4,20940.1,25261.8,19319.9,19242,20329.5,22050.9,20379.2,25568.3,24319.7,19913,25051.4,20124.9,25481.2,19656.9,23943.5,23685.1,20021.8,21331.6,22668.3,20993.2,25094.2,23743.6,24822.5,21390.1,25279.1,24762.9,25033.2,26305.7,23942.2,23168,23013,18879.3,22785.2,19383.1,19207,24987.2,24942.5,24940.6,24411.3,24450.2,24312.1,20985,20098.7,24732.8,24639.9,24309.9,20253,20433.6,25280.6,23534.9,24850.2,24117.1,22949,25144.7,22159.8,25229.5,20021.5,25005.8,23747.5,20853.4,24416.9,24074.9,23519.6,26029.9,22881.5,23571.6,20408.2,23046.3,23679.8,26596.1,26618.4,24097.6,21841.8,25161.6,26691.8,25906.8,26144,25706.7,24082.1,24118.2,27013.5,25032.3,24631.8,24065.3,24106.9,25452.7,27092.6,26180.9,25318.1,26372.5,21222.6,23060.8,25858,21654.8,25775.4,27255,23457.4,26813.1,22357.4,25203.4,21817,22589.1,26849.6,21265,22466.6,23241.1,23671.6,23579.1,23881.1,25092.7,22137.9,22945.2,22179.3,24707.3,24970.1,21222.7,24452.4,19915.4,26008,25708.3,21068.4,24586.9,20285.7,21844.4,23632.7,25865.8,24446.3,23813.6,24100.7,23822.2,22407.4,26516.6,20296.9,25706.8,25986.9,20759.1,22294.2,23507.7,24057,25076.3,20192.1,23843.5,23928.4,22809.4,20155,22035.1,22863.4,25956,26887.5,21073.5,21155.5,24754.8,20011.2,25803.9,26123.2,26081,25765.5,20804.1,23619,20803.4,24668.1,25102.5,25765.4,26638.8,25895.3,23632.6,23459.2,22435,22043.8,23824.7,23189.3,20442.4,22782.7,22258,20532.5,21466,19745.3,21523.4,22375.1,23150.8,23049.3,20184.2,24938.1,19599.4,23245,21888.2,24265.4,24177.8,24809.7,23417.8,24616.4,25388.3,23846,20803.3,20340,20121.2,25064.4,24419.6,23535.9,19022.1,25171.2,25453.9,24959.1,24428.3,19202,19594.8,21988,22764.6,23657.2,21968.9,24216.3,20647.7,20537.9,25932.5,20083.6,20059.4,19685.3,25390,24813,25923.6,24810.7,19902.7,23804.8,20834,20348.1,24454.7,24394.5,23112.7,21656.3,22407.6,21673,25484.4,23097.2,18987.2,19687.2,23582.9,22579.1,22643.9,18527.3,24315.3,19754,20370.4,22755.8,18914,23159,20218.4,18957.2,20454.6,19230.4,21018.1,17061.6,21372.8,18013,17960,20901.6,18768.5,19755.3,17895.8,16395.4,20728.2,21563.4,18911.3,20375.5,23109.9,18704.3,19211.6,20126.9,17855.2,22343.8,17981.3,19885.9,23068.7,25721.4,26627.8,27721.5,36304.4
36247.2,30561.2,25115.4,26314.5,24842.7,22482.4,21581.8,21805.4,24148,22454.1,19136.2,20571.3,24464.9,21630.1,24842,19655.8,20494.6,24218,21449.2,24413.7,23306.9,21983.4,22302.7,24065.1,24913,20673,21358.8,23152.7,22570,20381.4,22728.9,20780.4,22276.8,19347,19117,24422.9,19568.1,21415.5,21889.2,24249.5,21787,19869.1,24137.1,19775.4,22060.8,24717.4,22530,21092.2,24272,21144,23080.9,21128.3,25350.5,24509.7,21299.3,19700.6,21728.3,24043.8,22759.4,22450.6,19379.4,24713.4,24805.3,24751.1,19506.1,18570.6,20612.7,21029.8,24475.1,24428.6,19460.2,20685,24143.8,24824,20672.9,20087,19146,21969.3,22210.3,21060.1,22241.5,24814.7,20754,20355.4,20693.5,22946.2,24990.8,24043,22611.4,21002.6,21116.6,21681.2,20348.2,22519.7,23842.6,22505.3,23712.9,23050.8,21018.8,19930.9,22021.7,25619.7,21053.1,21189,21581.4,23298.1,23055.6,23397.1,23032.8,22731.4,21578.5,21732.7,24604.2,19383.2,23843.1,23208.1,20150.8,22838.7,24793,20498.7,19401.4,21002.8,20313.3,23602,23673.3,25097.8,21351,19605.1,24574.8,20387.1,22414.6,24224.4,24971.8,26316.8,20296.3,25569.3,22617.4,23610.6,19019.9,24302.3,21133,19470.1,23572.9,21289.1,22692.4,21578.6,23875.5,22177.2,20381.5,19213.4,21974.3,20554.4,20635.3,23727,21643.7,21297.1,24716.1,23073.3,22649.3,21068,20204.7,23346.9,24300.5,24569.6,24961.7,24380.5,24087.3,21329.5,20601.8,25234,21905,24551.9,23729.3,20728.5,21666.1,22272.8,23624.3,23547.7,24613.2,23534.7,25813,24374,22468.8,26275.5,24972.5,21904.1,24028.5,26736.1,21872.5,22782.2,27274.8,23924.6,22273,21292.1,21642.6,21155.9,26934.9,24802.2,23782.1,24528.9,22592.1,24619.9,22612.4,25795.2,21735.6,26726.8,25640.5,24398.8,25110.5,26347.3,25211.3,25600.5,24015.2,26146.8,23395.3,26417.3,21469.2,25867.4,25430.2,24593.5,26518.4,24293.7,24727.2,25946.2,26237.5,20254.6,21831.1,22206,23092.7,26373.6,25905.8,26374.2,22218.6,24727.6,24381.3,24130.5,23080.7,25403.2,20125.9,21742.9,26243.2,21556.9,24634.8,23578.8,24329.3,21671.2,21755.6,25008.8,25963.6,25566.6,24593.4,24401.7,26806.6,25624,23255.9,24300,26685,24283.5,25183.2,21392.8,25408.1,21853.4,26412.4,25437.2,21368.2,22075.2,22954.2,25056,20970.4,21078.3,25238.8,21153.9,25492.5,22108.2,26521.9,25537.5,25599.3,23068.2,24345.1,24125.2,19791.3,20772.6,22654.7,23937.1,22615.4,23623,25106.9,24841.5,24939,24983.7,25683.1,22014.1,20301.7,20508.7,19560.2,23695.4,19323.2,25399.8,23013.1,21450,20761.7,22003.6,24953.2,22564.5,25674.9,24707.9,21172.7,20478.5,22671.3,24510,21266.3,24561,22198,23050.2,21656.8,23051.5,21621.4,20595.6,20387.1,24862.9,22864,24486.6,20492.7,25574.7,25292.4,24059.5,23042.9,26325.2,20318.6,19357.8,24694.8,19272.5,21535.3,24883,21250.5,25697.3,21045.2,21458.1,20235.4,23446.3,21421.6,21828.7,24200.2,21025.2,25470.1,23110.9,22951,19410.9,22978.2,20869.4,19638.9,23691.8,17222.5,19995.1,18332.5,19171.2,17538.2,18592.8,17786.8,17227.7,16586.1,17250.8,21717.7,18622.4,18596,16616.9,17926.2,21298.1,19165.3,19247.5,17629.5,19515.3,17997.9,20438.9,17455.9,21171.5,23693.1,20745.2,23645.1,18761.7,23659.2,24355,30285.2,33512.4
36599.7,28670.9,23736.6,24806.9,23346.1,20855.1,22364.1,21643.8,24572.3,23347.9,18805,19215,24177.6,24235.4,19073.7,25102.7,25152,19570.7,24375.8,19373.8,23764.7,22346.8,25171.9,19734.2,20200,24951.9,20701.4,24862.9,23993.6,23004.5,21505.8,19811.7,22164.9,24902.5,19872.5,22609.6,23910.8,19346.4,22832.3,24863.9,24466.1,19027,24287.2,20193.4,19697.5,25201.4,21183.4,21524.4,23074.3,21019.2,20801,21104.8,22894,24801.9,23968.1,23963.9,20566.9,21256.2,22540.1,20932.3,20603.9,25130.3,24860.1,20596.3,20242.6,18966.6,23016.5,21708.5,21152.7,21563.5,21525.3,20881.1,23863.9,23736.3,19806.6,22370.8,25063.7,24430.6,20622,19419.7,24262.7,24237.2,22573,22379.5,20710,19546.9,21238.8,22093.9,20628.7,25156.1,23549.7,20969.7,25514.5,21558.6,25879.3,24745.3,20642.1,22201.4,22161.5,25368.5,20116.7,22994.2,24603.5,21889.5,25245.7,21858.3,25291.7,21943,21876.5,20276.6,24757.3,19910.5,20802.9,21190.6,23817.9,25889.6,20194.9,20746.4,21513.4,21147,20847.5,21416.8,24238.5,22937.9,21254.6,19582.6,20083.7,21688.1,24132.5,23283.4,22463.1,25288.8,24688.7,25547.4,25128.4,25560.6,22070.9,20882.4,19619,20658.2,19950.2,20091.8,21617.2,25234.3,21628.3,19899.5,23997.5,19285.3,22541.2,24494.2,23036.7,20443.9,23955.6,20246.4,21739.4,21074,21883.3,24083.2,25157.3,25648,24875.1,21232.4,24762.6,23049.1,22260.7,22570.7,25756.4,25943.3,21991.4,25255.6,20624.4,23679.4,23465.5,20797,23108.1,20525.4,22769.8,23025.8,26115.8,22516.7,22985,23862.2,24121.2,26625.3,23660.2,22277.5,24462.7,21659.8,21277.8,26387.5,27112.1,21887.4,20927.4,25182.1,26994,20904.1,21067,27341.1,23865.1,22206.8,23348.6,23634.1,23548.5,21445.5,26976.9,22074.5,25354.4,23354.5,26384.8,22837.5,26091.6,23408.1,22179.4,27251.8,27001.3,26472.2,24650,26964.1,21920.5,21848.1,21781.2,23357.9,23044.7,20077.1,24869.9,26236.8,26735.6,26586.9,25053.4,25098.1,24375,25351.3,26064,23205.2,25057.4,22949.7,25912.9,24905.6,20201.5,23900.2,21935.7,21662.6,25424.7,21802.2,21356.4,24387.1,19867,24195.8,22836.2,22415.1,26057.7,23561.6,25798.3,25777.7,22921.8,27315.3,25631.4,23835.5,25555.9,21527,21061.5,24320.9,24397,24516.5,25397.9,23203.5,22183.1,20268.2,21050.1,20179.4,22004.2,25171.2,21673.8,25772.4,24224.1,20562.4,25582.9,26095.5,25833.1,24637.9,20705.6,25862.1,22968.8,20275.2,20509.9,25125.2,23006.4,23705.1,19813.9,24345.9,24567.6,24749,22250,21991.9,20936.6,23859.2,24064.6,23568.3,22214.7,23365.8,20200.9,24097.9,23873.7,23207.3,20988.6,22736.1,23638.9,20797.8,22424.5,22693.9,19058.8,20718,24078.1,25480.1,22538.2,23726,25647.5,21623.2,22111.1,24075.1,21314.1,19979.1,24865.4,25927.5,23960.9,24669.7,19989.9,20458.8,21274.1,22760.3,21521.2,20516.4,22756.5,20178.2,22158,19899.5,22389.3,25596.2,22767.1,23684.2,20005.5,22003.9,23037.4,24084,20924,21209.1,21823.5,22562.7,23978.3,23856.9,23088.4,20118.6,21711.5,23476.7,16873.2,18185.5,20759.1,18404.8,18987.6,17074.9,21314.7,19288,16389,16596.9,17629.8,21323,16645.7,21839.9,16472.8,19626.2,18567.1,18554.5,21679.3,19016.9,22920.7,19765.7,22900.1,18609.5,18827.7,19082.3,25089,22643,31168.1,33873
34946.7,30570.8,29066.8,25032.5,27051.6,23043.9,24469.7,22417.9,22576.1,25075.5,18790.1,22444.5,24986.7,24457.2,19852.8,19853.4,22759.5,25399.2,22318.6,19127,25533.7,21459,23487.4,23174.9,23911.2,25328,23713.3,22098.5,23801.2,9532.9,24264.8,24023.7,21180.3,22432.2,20699.7,24109.5,22146,21994.6,23631.3,23162.8,19742.4,22966.9,22050.6,20944,25008.6,22271.2,19839.5,20175.6,21258.9,24802.1,22517.3,24685.1,22852,19768,20680.3,25178.5,20309.2,24737.6,21251.5,19261.5,21103.3,23341.2,18917.7,20553.6,23892.1,24584.7,25289.8,20736.2,20392.8,23246.7,20847.1,20554.6,21777,22424.8,25167.8,23556.7,21122.4,21189.4,26254.3,22284.1,20332.8,20107.2,21180.6,21974,19582.8,22542.3,25083.5,21127.9,23268,23622.7,23138.6,25054.9,23648.6,25181.2,22802.1,23599.7,20094.8,23739.7,24227.5,26027.5,22879.1,19913.9,21567.7,21352.2,22214.8,24262.4,21796.9,24352.9,21599,25492.3,20749.6,24492.7,23632,25161.8,23073.2,25171.1,21931.9,19970.6,20550.9,22333.5,25353.8,24874.3,24508.3,25444.7,22695.1,22337.6,21056.4,22747.8,25024.8,22476.2,21868.7,21362.7,24728.1,27003.9,22574.9,24924.4,21184.1,22183.2,22065.5,21357.1,20487.9,23587.6,19719.8,23356,21038.2,24669.8,25234.1,24836.9,22620.4,21516.6,25931.7,24120.9,24656,19450.4,18054.5,23572.4,20055.4,21242.6,19901,24353.8,26228.3,25294.5,19494.1,20047,23368,26208.7,22751.6,22440.1,26306.9,24897.3,25470.6,22055.1,22704.9,25136.3,26091.5,22558.5,21228.2,25646,22954,26054.2,25444.8,21085.4,26930.6,21452.9,24585.1,26533,22278,25963.2,26686.2,26607,22924.8,22470.6,26770.9,21523.5,22273.1,23293,24449.4,23025.1,24128,25335.5,25940.5,25122.8,22767.7,22969,27252.3,21318.1,22301.5,26904.2,21976.2,25171.3,26964.5,24418,23254,22406.9,24417,23941.3,25402.9,23658.3,22509.6,23138.9,26852.8,24930.8,25949.7,20568.7,24590.7,23900.4,24986.6,23677.1,26063.2,24057.2,20624,22173,25699.9,24362.7,22804.6,26157,21922.2,25339.5,24502,26712.2,23472.9,22092.2,24096.4,22004.5,20430.5,25356.2,25849.8,26509,26189,23944.5,24617,23715.8,20647.3,23084,23629.9,23527,23915.5,21543.7,20496.4,23838.5,23308.2,21887.6,25097.3,26840.1,23123.6,25680.1,24746.7,22545.4,25230.6,25752.3,26503.5,25908.6,22538.3,26529.2,24367,23984.1,25040.6,24721.1,25003.5,22687.5,22317.9,26560.8,24045.2,23188.6,21773.1,25164,24363.1,25341.5,21016.2,23556.9,25917.6,24183.2,20539.3,20687.4,25997.9,20478.5,26183.8,20615.5,25505.6,24171.2,23382.6,24201.9,21747.2,25062,20987.6,20261,24264.5,24123.3,24413.3,25029.2,23414.2,19881,25074.9,19741.6,22258.5,21898.3,19575.7,21947.2,21658.3,23102.2,22753.9,20268.6,22008.3,21097.7,25431.7,20793.3,20095.8,23761.6,21282.3,22204.1,25325.7,21067.1,23168.6,24807.4,25204.6,20034.1,25029.3,22397.3,24837.8,22464.6,23612.9,19643.9,24513,20349.3,22968.7,22499.3,22073,22092.9,24733.8,18509.4,17992.1,23309.6,22816.2,23327,23069.2,22576.8,18765.5,17674.2,16598,22806.9,19451.2,17709.2,22044.4,17045.7,20090.1,18849,16228.1,18856.1,20361.6,18049,21789.3,20842.7,16824.8,17688.3,22962.7,18973.1,19250.1,22536.8,21273.4,18798.1,24499.9,22491.7,25595.7,35743.6
36282.4,29682.9,29684.9,22513.2,27068.9,21304.5,22399.4,24261.1,25687.3,24059.4,19148.6,22618.8,20515.8,23731.6,20249.2,20283.6,22763.9,25175.7,22897.3,19624.7,20232.8,20238.2,19782.8,25197,20485,25908.6,22990.6,22460.3,20373.2,20963.2,24175.9,24959.6,20661.5,21825.3,23684.3,25315.7,22234.6,24152,24863.5,25973.6,21945.5,19461.1,21677.2,23224.3,25871,19736.4,25742,19615.9,20045.4,22828.6,19625,25419.3,22516.3,19829.1,22925.1,21248.8,23703.3,22905.3,21781.1,21099.3,20138.2,19733.5,22772,25582.6,23579.6,23689,22972.7,25941.4,24324.8,22453.5,25976.7,22395.5,25129.8,22227.6,22573.4,21829.3,24091.8,20695,23428.3,21739,25311.5,22600,21113.9,21202.6,21616.1,22809.9,21950.1,25207.1,20817.6,22217.9,25644.1,23045.4,22364.4,26401.3,25479.6,20540.6,22526.6,25616.9,26628.1,20501.3,24436.4,24334.8,20297.8,21052.4,22561.6,22355.8,20249.4,25900.8,23385.8,22074.9,20526.3,21021.5,22621.1,26353.9,21630,20840.2,22851.9,24676.4,20735.3,20866.1,26277.6,20481.7,21485.4,20558.6,25089.7,24083,20262.2,19552.2,23965.1,20991.5,25761.9,23613.1,26875.9,24390.1,25622.5,21945.4,21659.6,21512,25314.7,22760.1,24799.8,23310.7,23362.8,22376.1,21360.9,22473.3,24368.9,21569.7,25525,22304,24319.8,21413.2,25803.8,25346.6,21277.4,20961.7,22968.2,25068.1,23553.7,21574.1,24495.5,25819.1,21253.4,23010,23340.9,21609.5,25540.5,20690.6,24880.1,25948.9,25881.8,22434.2,22506.9,24447.3,21327.8,24867.4,27003.7,26103.9,25756.5,24274.6,27252.9,26696.3,25643.1,24557.8,26454.8,25243.5,22263.2,23765.8,23904.9,23462.9,22432.9,23547.8,23187.7,25955.4,22554.5,24747.9,24297,21781,22815.9,25781.7,23986.5,25253.7,24296.3,27844.2,27271.5,26646.5,21921.6,26095.5,21630.2,24042.4,24971.6,23219.4,23237.2,25153.5,26336,24473.8,26516.9,22817.4,20882.4,26216,24665.3,21904.2,26480.8,25807.7,21520.6,22710.7,25303.5,24574.6,23359,26802.8,25539.8,24378.5,23897.7,20775,22554.4,21156.1,22216.3,25860.5,24304.1,21368.8,22467.5,26501.9,23344.7,27059.4,22944.5,20666.5,21902,23865.6,27249,21567.9,26001.9,26199.5,21385.9,23807.2,26547.8,22826.5,26358.5,26095,26312,26767,22887.2,26264.1,24058.8,26904.2,24189.4,26409.3,23875.5,23499.1,21906.8,23754.8,26646.2,22158,26945,22874.8,24592,22337.2,24582.6,25366.8,22087.2,25439.7,25084.5,27252,26389.5,23954.2,21742.6,23918.7,26046.1,24386.3,24831.4,20094.9,24172.5,23741.9,21239.5,21919.4,23764.7,24099.6,23977,23927.7,25458.6,21575.9,20492,25041.4,23913.4,20816.6,23442.1,25852,24449.4,20669.6,20355.8,25989.3,21330.4,21996.6,24744.9,25485.6,21625.4,22468.9,24643.2,24567.3,25472.4,24333.1,20809.7,21807.7,21559.9,25524.6,26578.4,25560.4,26149.7,24668.1,25478.5,26303.6,23288.3,25451.8,25691,24484.7,25175.3,26552.7,21008.8,20775.5,22368.6,23265.2,19581.3,21397.3,23536.1,24440,23878,19274.8,21971.4,19490.3,24374.9,23260.3,21560.8,22969,24236,20426,20927.7,17802.3,23440.7,20736.2,22686.2,17379.7,19546.9,20652.7,18078.8,22407,22403.8,20160,21545.6,20368.9,21337.9,19665,22421.5,21566.2,17544.6,20275.5,23195.4,17059.3,22870.3,21304.7,18250.5,22433.8,21648.2,26028.7,28495.1,34250.4
32425.6,29798.1,28806,22295.6,22052.9,25722.2,23962.5,23212.9,21290.5,20186.9,21038.6,24481.8,25560.2,21145.5,21215.1,24535.7,24078.4,26071.2,21827,23287.5,25150.3,21499.6,20817.6,25922.4,24756.3,25500.8,23796,23440.1,21944.5,22991.5,25287.3,25490.9,22223.2,20545.2,24137.7,23553.2,25808.4,26065.5,25891,20637.6,24220.9,25024.8,23267.4,24786.8,20214.9,21643.7,24730.3,26014.3,22096.4,24770,22477.2,23126,20669.2,22450.3,22749.3,20150.2,22535.9,22688.5,21871.3,23829.8,25158.1,22565.5,24630.3,25255.2,21707.2,25324.3,26105.8,20599.1,25213.1,20057.4,24091.9,25818.4,21262.3,25562.3,26654.6,26379.3,22954.7,26237.3,24693.7,24594.3,23932,22791.9,22029.6,20694,26544.3,24905.2,24838,26258.8,25168.7,21758,20615.2,20785.8,25173.6,25904.4,23461.5,22253.1,27335.4,21533.2,23842.8,20952.6,21651.8,27050.8,22884.7,21595.7,21325.9,24268.4,22902.1,24737.1,27104.2,24585.7,22724,25100.5,22776.3,20762.1,22245.2,24419.8,26590.2,21060.6,24338.7,20662.3,21456.4,20286.1,26604.5,25773.8,26633.7,26891.7,22063.3,21443.7,21122.4,26616.3,23419.2,25457.6,27398.2,22427.2,25380.8,25067.1,25331.4,24588.5,22049.5,22079.7,21093.5,22778.1,20913.9,25982.4,25524.8,20451,23094.1,25441.6,22476.9,23617,23241.6,22667.6,21078.8,24582.5,21454.7,22448.3,21420.6,24483.9,25645.3,25322.1,21314.7,24691,21741.7,22632,24513.6,23398.8,20758.4,24590,26805.4,21762.5,25235.2,27350,23205.6,21741.5,21564.6,23405.5,27798.4,23633.1,24659.1,21575.6,21545.1,27322.8,22701.4,27457.6,24198.9,25226.9,22290.8,26446.3,26984.7,26177.6,23980.3,22555.4,23198.2,27335.8,22798.6,28350.4,23586.4,25661.7,22376.1,22529.3,23389.3,27071.1,23193.9,24379.5,22771.4,21849.7,23380.6,21549.7,24885.1,25916.3,23073.8,23137,22645.9,23037.3,27698.8,26436.5,25638.3,21699.7,27767.3,24561.5,24580.5,26853.8,22951.7,22321.7,24928,25930,27051.5,21818.2,23443.1,21788.2,27421.6,25923.8,26714.3,26294.1,23922.5,23795.8,26154.3,26993.1,21716,24616,23128,21241.7,24660.8,22634.9,23068.8,21797.9,23320.6,24304,23613.9,24205.8,26173.3,25405.6,22828.4,22147,24786.1,22124.3,28165.4,22165.4,27632.4,25835,21671.2,27691.9,27374.8,23411.1,25832.1,22981.3,21502,24747.7,22411.7,23011.5,24111.3,23566.1,22362.2,21882.6,23719.2,27007.7,23235.2,25851.2,21382.4,26902.7,21298.8,26345.7,20852.5,22253.6,24226,23286.9,21122.1,26465.6,20845.6,20450.6,21813,21851.6,22625.5,21415.5,20393.5,25074.4,20566,26245,22742.9,24087.5,25128.1,25221.6,22686.7,26633.3,21419,26850.1,21575.4,25027.2,26388.8,26176.7,20119.9,20229.1,20107.5,26088.3,22031.6,21665.4,22886.3,26642.4,20750.9,23277.4,21964.2,23072.2,25394.2,23536.6,22291.4,24484.4,23822.4,25727.6,25795.2,24157.6,20218.7,24425.6,24758.6,20712.2,24727.5,24760.8,21621.1,21633.2,22187.6,20835.1,23546.9,24575.6,20617,25497.2,25671.6,25435.1,20950.2,19819.8,22035.2,20935.8,22693.1,19208.7,24923.3,24228.6,19889.3,22237.2,21301,24079.8,18276.4,19462.6,18265.8,17490.3,21126.8,18540.1,21396,18325.6,22141.8,17255.8,19690.6,18285.5,18043.3,23093.5,17595.1,19692.5,17129.2,21917.3,20491.4,19296.3,17952.1,22981.1,23378.9,22354.9,26709.5,32596.6
31569.2,28724.4,24293,27285,26482.9,24971.7,24072.7,23864.7,20899.7,23019.7,23692.4,23514.4,20896.6,24416.5,24930.6,25661.7,21227.2,26360.6,26470.3,25420.5,26014.9,23663.8,21154,22461.7,21385.1,20974.6,22648.1,25335.9,23557,26969.9,25134.3,23943.4,21608.9,24019.5,24393.8,25860.1,21516.1,24242.4,26427.5,21774.7,23128,21590.1,25129.4,23617,24322.3,26668.2,22931.5,22341.8,24739.7,24316,21767.5,23376.3,22998.2,26673.9,22383.7,26008.9,22476.1,21988.1,25729.1,25526.7,26091.6,21088.3,25287.8,26188.9,22646.6,26296.2,22801.5,20822.4,21862.6,24379.5,25679.8,24680.7,22468.8,26183.4,22895.9,21024.2,25945.9,21070.7,23486.5,22860,27400.6,24151.6,25979.9,27889,24749.2,23350,27422.6,26711.6,25208,24961.6,22326.1,22645.4,26584.9,22129.7,25718.6,23041.8,22472.5,26166,26821.7,22961.4,27522.2,27447.4,28055.4,26692.1,22657.5,26481.4,21981.5,25782,24305.4,27682.2,22855.9,23917.4,22301.4,27698.4,27689.5,24798.5,26860.4,23024.1,24736.6,26976.7,24602.9,21669.1,25708.1,23256.2,21830.4,27512.6,25356,23241.3,21358.2,22537.1,24832.2,24880.8,27691.9,21891.2,23351.1,27390.5,23068.8,22935.1,23832.9,21471.4,26901.8,23432.6,21948.6,21397.1,27005.3,22344.6,24681.8,26294.4,21766.1,26044.1,21545.1,21486.3,25147.9,26499.6,21594.8,26917.6,22600.1,23791,24691.2,22701.3,25910.5,22604.8,25028.4,22473.3,27414.5,22892.6,23445.3,26361.7,25038.1,27340.3,22669.6,28133.8,24956.4,27616,24770.6,28144.6,26012.5,24717.4,23817.2,24062.3,28469.9,26567.4,25320.9,27589.8,22483.8,22481.9,26129.3,28921.7,25460.5,24285.7,28795,22708.7,27653.1,28761.7,28932.6,24663.8,22956.7,23667,27533.3,23915.5,23264.8,23682.6,26227.1,26630.3,28491.1,25460.8,26344.2,25870,24577,27746.6,23128,22898,26906.7,28869.4,24316.5,25345.2,24378.2,22998.1,27443.1,23813.6,25256.7,27329.5,26809.8,23405.6,25055,23152.4,26452.7,26951.4,26151.6,24756.5,23970.9,22109.6,23794.1,24975.5,23903.3,25818.4,24352.7,26171.9,26283.5,24885.7,25387.8,27067.8,26336.7,22521.1,25778.8,25658.3,23364.2,22709.6,25332.1,24342.4,22054.1,24144.5,23606.1,27164,22632,24343.4,25108.8,24244.2,27674.6,26196.9,24405.7,25813.9,27853.3,28973.2,25289.8,24000.4,28465.2,27482.5,23844.6,27771.3,25449.5,25799.1,25909.9,23365.2,25682.9,22760.5,27319.1,25360.2,27096.2,25958.1,26068.6,21877.4,27939,27719.9,24114.1,23553.3,23137,22884.1,22030.7,24406.8,21323.3,22580.1,21394.1,23613.6,26843.9,21869,26478.8,24936.7,24161.1,26563.6,24736.1,21367.3,24765.4,21685.4,22056.8,20653.8,25877.5,25696.9,23103.1,22900.8,26050.2,22612.9,23976.2,21011.1,26704.5,26273.7,21473.9,22904,26368.9,26515.3,22681.6,26692.6,26507.2,21208.2,26599.4,25879.3,22297.5,26692.7,24189.9,24065.5,25225.9,20989.6,22117.1,25485.7,23929.1,23688.8,26902.9,25633.9,25835.5,24525.2,24655.5,23112.9,22818.8,26717.2,25887,25680,25306.3,21512.3,21351,20638.8,20502.1,25197.7,25056.8,24411.7,21515.6,22195.8,21025.7,19776.3,19261.1,21823.8,20137.1,20056.2,20038.1,20239.3,21144.6,17719.9,19093.1,23415.2,22873.7,18512.9,23843.6,23201.6,20964.1,21395.2,23530.7,18673.1,23891.4,21443.3,22462.9,23070.2,25179.4,22729.5,26834.6,32936.3
35823,30675.9,29948.1,29285.2,22747,26039.8,23982.6,24637.4,24354.2,23022.8,24798.4,21081.8,23841.7,26578.3,27156.8,24720.3,21643.8,22413,22640,24626.6,24243.7,22287,22637.1,25184,22098.9,24964.1,26043.8,26565.8,23858.9,23720.5,24079.4,23724,23327.9,23095.2,27530.1,22583.6,22166,26009,23576.7,27241.8,25060.3,26167.6,24539.8,25830.2,27883,25191.5,24479.6,25274.8,24190.1,23386.6,24536.7,28135.8,23118.7,26377.7,25188.4,27815.5,26540.6,23114.9,22253.9,24169.3,24979.1,21804.4,27654.8,26286.2,26861.2,26121.9,28123.2,24072.6,27236,22998,27726.4,28030.4,26824.9,22304,27173,24052.6,22384.8,25206.9,27799.6,26241.7,22445,24628.7,27845.6,26145,27522.5,23147.3,24299.1,28139.2,24359,23831.6,25200.9,28792.9,29004.4,25460.2,29081.9,27457.2,24142.7,24081.8,25754.3,26088.7,22638.2,25834.3,23184.9,22843.5,26658.8,28207,28667,27994.2,26819.8,29021,27409.4,26611.5,25913.8,23167.7,27826.2,23686.8,22904.4,27862.7,23983.1,22835,25897.2,26901.6,24141.6,25761.7,27300.3,25398.8,23397.3,23868.7,25811.9,28197.4,23950.3,22341.6,25975.4,29028,27017.8,23585,25491.6,25728.3,26872.8,22502.8,22494.4,24782.5,26919.7,27592.2,24034.6,23132.1,27607.9,28134.3,23525.4,27019.6,24618,26850.3,23616.8,25487.3,20331,26528.1,22720.7,26425.7,22353.6,28628.9,27827.6,22625.8,26897.3,24630.3,25013.9,26321.2,24629.8,26702.4,24407.5,25204.9,23802.5,25268.9,24239.9,23147.4,25046.4,28466.8,27964,25738.9,29781.8,27603.5,23788.3,26057.6,29625.3,24921.2,27519.6,29040.2,29310.5,28223.1,24354.5,27940.6,26699.1,27161.2,24562.8,25895.2,25270.8,29700.4,28640.5,25180.6,29705.9,26927.3,23782.5,25617.9,29942.3,29955.2,25070.6,25519.4,25209,25647,24424.6,27666,25087.6,28992.6,28023.8,29179.9,29702.2,23808.7,25839.5,27903.4,23643.9,27941.7,23852.7,25102.8,23308,29092,28925.7,25500.1,28920.8,26365,28127.7,25060.1,25878.1,29647.6,24252.7,24655.7,29425.4,24682.7,28099.7,28116.1,26841.9,27264,29451,26701.9,29508.2,26467.5,23597.3,28201.3,26947.7,24489,29542.5,28050,25832.6,26670.6,24015,29834.8,24581.6,29750.1,29890.2,25831,25079.1,27940.4,24168,23978.1,27935.7,24057.9,27230,24186.7,29533.7,24648.7,26293.1,25521.4,28993,23848.9,28382,25384.9,27695.8,28759.8,25061.6,26566.9,23429.5,25799.9,24502.6,27972.1,25812.8,23421.8,26946.7,26420.9,26113.1,28451.7,22188.6,26748,27235.1,27754.7,24708.9,28164.4,22460.2,25233.1,28399.4,22127.8,24885,23587.7,21870.7,24064.2,27981,23856.4,26833.8,22830.8,27743.7,26158.1,26136.4,22927.8,26475.1,24080.2,27890.4,24401.3,23564.8,27068.1,25817.7,24062.9,28027.1,28147.5,24968.3,22728.3,26000.1,27422.1,24360.8,24219.2,26795.4,25135.4,24873.7,21962,27735.8,25739.7,26705.8,24768.3,25459,23313.2,25517.5,22626.8,25199.2,22093,24046.3,26411.9,26459.2,25639.5,24679.1,25889.6,21834.2,21373.5,25924.3,23399.4,25978.4,22467.5,23016.1,26965.7,26746.9,25083,25480.1,20841.9,20270.1,20848.1,22156.9,25155.1,24727.1,18791.3,18277.6,20122.9,21533.5,18502.4,21666.8,21474.3,22095.8,22224,22810.4,20832.6,24173,22799.7,23533.7,25006.1,24583.8,24380.8,23742.4,28802.5,29770.7,34668.3
37725.5,29292.5,31212.6,24820.9,28211.7,24758.3,27146.1,24186.4,24125.3,27374.4,24927.5,27302.8,23944.3,27581,28378.6,25770.1,29378.6,28415.6,29156,23442.7,26520.8,29283.8,25509.3,26256.2,28068,24327.1,27215.3,29687.1,28285.5,26004.1,29674.2,27136.9,26603.7,29621.1,23550.2,26917.2,27805.7,26372.4,26272.7,28869.8,26176.1,26665,26476.4,25685.8,27501.7,29657.7,25197.8,25084.5,28453.1,27060.7,29196.9,29122.4,24766.6,25893.5,27761,25431,23736.4,29742.9,29568.7,25929.3,25462.7,24072.7,25963.6,27552.5,26923.3,28232.6,24316.8,25839.6,29513.3,27902.1,25496.2,25625.3,25682.7,28755,26536.6,27592.9,25113.7,29503.6,30075.6,26238.6,26193,27189,29809.1,26985.3,29779.7,29914.7,25404.5,29606.8,28134.7,25184.3,27145.7,24244.7,29657.6,26035.1,30124.9,25623.2,30271.8,27498.6,26245.6,27045.3,28215.5,30232.1,26598.7,28736.1,25147.6,27409.1,26074,29382.5,30110.2,27000.5,28127.3,25690.9,25367.4,26943.9,28345.7,25098.1,26140.4,25836,30073.4,27955.9,24135.3,24070,30263,27347.4,30222.8,27562.4,27366.1,27307,27909.7,25324.7,28357.7,26283.1,25172.3,27484.2,26691.8,28656.6,24543.3,24448.5,24129.5,27481,28759.3,26569.7,25678.1,24364.6,24890.2,25377.7,25772.8,27501.8,27835.5,24381.2,29581.8,29316,27361.6,28428.6,24612.4,24899.9,27685.3,24446.1,25435.1,26932.2,28510.1,30453.1,28319.4,25725.7,29216.9,26256,27920.1,26665.5,25652.7,30956.7,30353.9,29868.4,26233.4,24985.6,28980.2,27547.6,26956.9,28288.5,28977,29416.5,25785.1,31331.8,25803.2,25715.9,26367.2,27072.1,28365.4,28337.4,26187,25700.3,29243.6,30680.1,28699.2,30663.3,30722.7,29816.9,31399.4,29577.8,27621.1,27042.5,26249.2,26580,30667.2,25702.8,30951.9,26656.1,31679.7,28700.3,31072.2,25885.7,25790.7,28051.2,26439.9,28783.1,31233.6,27098.5,26110.5,27134,29188.2,27022.8,24575.5,30958.2,27970.8,30863.2,28167.2,27723.7,25642.2,27317.8,31033.5,26911.5,25593.3,28356.5,24845.1,30223.5,27761.4,30333.9,25198,26268.7,26517,27791.6,30714.2,30339.5,29254.1,28852.1,26984.7,30507.2,26283.9,29889.2,26363,29537,29527.1,24996.5,28676.5,28928.2,28674.5,26388.6,27935.2,29793.8,26915.3,30526.7,26587.9,30654.8,24865.1,30577,27755.4,28594.3,27824,29426.4,28340.2,25883.6,30789.8,27883.4,30755.4,25142.4,26965.6,26074.6,26280.1,30014.7,26487.8,29658.8,27283.5,29326.5,25779.6,24204.9,25210.2,29710.1,29564.3,28778.3,23835.6,27296.6,27781.1,24739.3,28297.2,23715.6,25782.8,27014.9,29681.6,26180,24734.1,25300.1,28757,26823.1,25535.2,25469.5,26933,24546.1,28345.6,24125,27387.4,23816.6,25820,23830.9,26421.5,29901.3,27481.4,24880.4,25851.6,27625.5,25603.9,26968.2,29801.2,29073.4,27151.9,28161.8,26920,27217.6,27131.3,26004.5,27625.5,28331.7,24955.7,24406.4,29599.2,24448.7,27665.6,27767.3,24051.8,23869.6,25641.4,23391.2,25218.4,27704.8,28133.9,26935.8,27222.9,27232.7,23394.3,26885.5,23839.5,27223.7,24609.4,25399.1,26417.1,28566.7,27000.7,25055.1,23304.5,23780.8,23221.2,25343.7,26230.7,24049.9,25906.7,22272.7,25722.1,22144.3,22961.6,22553,24310.2,25655.1,24229.9,21778.3,20929.8,24870.1,26972.4,27614.3,21664.2,25992.4,26737.8,21298.9,27003.1,27385.6,33383.6,32672.3
37730.6,31967.3,29119,30736.2,27050.5,30235,29365.6,27831,26698.5,30931.6,28235.4,25530.6,26553.2,31868.8,30550.7,27451.5,31268.4,25709.3,31199.3,29187.7,27207,30281,31909.2,26212.9,25518.9,30913,26137,27056.2,32045.1,32071,31130.9,29668.9,26142.4,30126.4,29119.1,26785.8,30922.7,31688.1,30726.8,28108.1,27182.7,30677.6,27365.8,26729.2,31794.4,31917.3,30698.3,28135.7,28164.4,30049,31082.9,31601.9,26811.7,31470.1,28302.7,30842.8,28877.6,26947.4,27930.7,29853.7,29269.3,29514.5,30366.7,29226.8,28626.8,31499.4,31500.9,28544.4,30300.6,25808.7,27551,26693,28671.6,28310.1,27452.8,30709,30878.4,28946.4,32116.3,32599.9,27133.4,29278.3,29794,32957.4,28722.1,29647.2,28026.8,31469.4,31649.3,29191.1,33229.5,26868.7,31437.3,30593.1,28848.6,32456.3,29388.1,29595.5,27111.4,30463.3,28014,30056,28354.3,30499.8,28969.9,28442.3,32881.6,29180,27808.6,31631.6,27344,27440.3,28455.8,27103.6,28258.6,31883.7,29551.7,28907.6,28143.9,29273.2,27528.4,30576.2,26082.9,27644.4,32090.9,31817.1,31363,28316.9,31562.5,31945,27648,29224.5,30793.1,32338.9,30808.8,32483.5,30900.8,31934.6,28145.7,29568.6,28025,26629.5,30461.2,28304.3,31202.7,28707,30801.7,31034.4,28918.8,28734.3,31543.3,26697.5,32125.8,30060.8,26036.6,29106.6,28208.2,27406.2,27438.3,26317.8,30554.9,32027.1,31354.5,26602.1,30677.8,32098.6,32022.6,28060.2,28832,29978.5,28264.2,28978.9,31004.9,28363.5,27033.2,32244.5,32731.6,30200.9,31929.8,27927.4,28708.5,31204,30105.9,32020,28128.5,30936.7,32380.9,32388.6,28650.2,30056.2,28288.5,31427.3,31192.1,28999.6,29302.6,28995,30772.7,29079.3,30533.8,29567.7,28290.4,29796.8,32576.8,33985.8,32658.7,30533.9,32257.9,28946.6,28286.9,33606.9,31487.9,28051.8,32683,32107.3,31888.7,30127.9,29471.5,30333,30898.9,31451.4,27100.2,29775,29137.8,31448.6,32925.5,28028.9,27298.2,27051.4,32356.5,31049.9,30766.3,27870.7,29200.7,32137.1,27938.5,32372.4,33305.8,28098.8,27127,27527,32718.2,28646.8,30786.1,29941.6,29437.7,29435.6,26708,27467.7,27426.8,29278.7,30745.1,33271.6,32358.7,27932.5,33053,30672,29499.6,31223.3,27341,32113.1,30723.4,29541.9,30432.9,32583.1,30893.1,32591.7,30906.3,32747.4,33694.2,27449.1,28008.7,28645.3,33290.9,33763.3,27019.2,32893.1,28364.2,27561.4,30368.5,31451.8,28874,28749,26454.3,26264,28435.5,28525.1,28116,27403.9,29989.2,27526.5,26412.2,30471,30198.8,29374.9,32244.9,29007.1,28011.4,26430.4,26800.4,28202.1,28276.6,30113.2,31150.9,29123.1,29658.9,28575.7,29894.6,31809.6,31108.4,30474.8,30059.6,26748.9,25484,29875.1,30859.6,31090.5,29726.9,30374.6,27457.3,31146.1,28813.2,31538.1,26514.7,32326.7,28597.3,29531.5,30957.5,26049.2,26204.7,26155.8,31849.1,31953,31862,32383.1,31806.9,26021.5,29819.4,30907.7,29459.8,31848.8,26485.1,29723.9,30529.8,27225.8,30981,27570.2,30943.6,29031.3,31180.6,27795.6,29608.2,26229.6,30191.5,30668.8,25012.6,30482.2,30064,30000.3,26467.4,26397.2,25378.8,24775.8,24849.9,22853.5,28019.1,23796.5,23241.7,24102.4,23970.6,26918.5,26551.6,28338.8,28648.5,27744.3,26830.9,28789.4,28044.8,27881,24765.8,28499.1,29087.1,29617.8,28775.3,37269.9
37854.2,34989.3,36281.1,30837.4,29337.5,28994.3,33223,34272,32344.8,31735.2,30770.3,31726.3,35024.7,31939.1,30831.1,29589.4,30190.2,35398,34912,29810.3,33762,32569.4,33691.9,34773.1,32833,31775.4,33363.3,28769.1,32618.7,31872.2,34952.4,34330.4,33948,33647.2,35082.9,30194.9,33911.2,30446.6,31536.4,32808.6,32502.4,34853.2,29547,31666.2,30064.6,30742.7,29352.2,30773.8,31489.4,29699.7,28864.9,34167.2,29240.9,30607,33994.4,29082.8,29396.2,31054.4,34381,28779,33287.2,28920.5,34912.5,31596.3,29409.8,31106.6,31033.4,31694.1,31014.6,30563.1,32188.9,30904.7,35222.8,31228.2,34194,31989.5,33802.6,30128.5,35038.7,31428.5,34880.5,32988.7,32705.1,30678,33586.4,30671.2,36264.9,31179.5,35460.9,30672.6,34071.5,32934.8,34626.2,36552.7,33235.5,32523.2,36078.4,32316.5,36348.5,30306.9,35590.5,30536.3,34496.5,34262,35306.8,29860.5,31486.8,35826.6,31662.1,31526.1,34838.9,35290.3,33741.4,34128.5,36295.6,35404.6,33209.7,31620.7,33005,31122.1,34605.1,33285.9,31777.5,34663.9,32467.5,31861.1,31216.3,29887.1,32798.2,34710.4,34048.6,34861.2,30014.9,31565.7,33674.8,30398.1,35179.3,31172.7,35193.1,32551.1,30438.4,30157.7,33041,33671.2,29700,34501.7,29924.6,30324.8,31977.8,35823.1,33150.7,31357.8,33356.6,34444,27423.8,32409.1,34223.6,30150.2,35861.9,31047,33550.8,34263.5,30305.7,31297.4,34542.1,32784.1,31190,32509,30013.1,35836.2,32967.8,31749.3,33803.1,32601.2,31082.3,36413.2,31989.8,35730.5,31659.9,35804.6,31222.6,33456.3,33686.6,31172.7,34016.8,36487.2,36978.3,31893.2,32040,35478.9,35123.1,34647.8,35836.2,37101.4,33548,33204.5,37641.4,31933.4,36597,36028.5,33350.1,33318.8,31515.1,35025.6,34588.2,31637.7,31204.8,32330,32668.7,35193.9,36365.5,34455.2,36272.4,32761.6,31285.4,35779.4,35130.5,35075.3,35058.6,33128.9,31621.8,31399.4,31454.6,33503,36385,34812.8,34668.1,35811.5,31335.4,32972.5,32697.6,30190,32554.5,35539,32005.2,30746.1,34688.4,34433.2,31056,34517.2,35520.5,31530.4,35435.7,30203.2,30668,30338.2,31503.7,35808.9,34080.1,34445,35499.4,31543.5,35808.4,34355,32592.2,32870.1,32870.6,35890.6,36783.5,36411.8,31189.9,36324.1,35972.9,35912.6,33712,36081.3,32842.7,35288.4,30394.3,32150,32110.7,33895.9,31870.1,32379.1,32165.9,36391.9,31405.4,36599.5,34682.4,33755.4,30293.4,34324.5,30531.9,32422.5,31081.4,34838.5,30739,35097.2,32514.9,32598,35098,35038.4,29317.4,31197.1,34282.5,30027.9,33711.2,34921.5,32922.2,30065.9,32388,32744.8,30457.1,31961.5,33368,31226.8,31380.1,29904.6,28947.4,33015.3,29031.6,29443.7,29424,32196.6,31102.4,32662,33649.7,29927.2,34411.2,31654,35668.4,34464.5,34693,35978.9,36281.6,35528.3,30668.7,36112.5,33928.6,29731.6,35302.5,29487.1,29263,35770.2,30904.2,29888.3,29250.5,31206.7,33920.8,30049.2,32971.8,32089.6,34997.5,29528.2,32594.2,35624.1,34458.9,29078.2,32486.6,35177.5,29597.2,32744.6,34028.3,29561.9,32877.1,35410.6,30557.4,33994.3,30290.5,33685.8,32971.8,32195.9,26667.6,27400.5,28001.3,32750.9,29348.6,28426.3,30006,33102.1,28417.2,28788.4,30807.9,31871.2,33925.7,31704.4,32628.5,29916.9,27656.9,27531.5,29555,30141.7,37119.4,34511.4
